Log file open, 12/16/25 21:34:25
LogWindows: Failed to load 'aqProf.dll' (GetLastError=126)
LogWindows: File 'aqProf.dll' does not exist
LogWindows: Failed to load 'VtuneApi.dll' (GetLastError=126)
LogWindows: File 'VtuneApi.dll' does not exist
LogWindows: Failed to load 'VtuneApi32e.dll' (GetLastError=126)
LogWindows: File 'VtuneApi32e.dll' does not exist
LogConsoleResponse: Display: Failed to find resolution value strings in scalability ini. Falling back to default.
LogConsoleResponse: Display: Failed to find resolution value strings in scalability ini. Falling back to default.
LogInit: Display: Running engine for game: Mini_laboratory
LogPlatformFile: Not using cached read wrapper
LogTaskGraph: Started task graph with 5 named threads and 23 total threads with 3 sets of task threads.
LogStats: Stats thread started at 1.174263
LogICUInternationalization: ICU TimeZone Detection - Raw Offset: +3:00, Platform Override: ''
LogInit: Display: Loading text-based GConfig....
LogPluginManager: Mounting plugin MeshPainting
LogPluginManager: Mounting plugin XGEController
LogPluginManager: Mounting plugin LightPropagationVolume
LogPluginManager: Mounting plugin LiveLink
LogPluginManager: Mounting plugin OodleData
LogPluginManager: Mounting plugin CameraShakePreviewer
LogPluginManager: Mounting plugin Paper2D
LogPluginManager: Mounting plugin GameplayCameras
LogPluginManager: Mounting plugin OodleNetwork
LogPluginManager: Mounting plugin AnimationSharing
LogPluginManager: Mounting plugin AssetManagerEditor
LogPluginManager: Mounting plugin CodeLiteSourceCodeAccess
LogPluginManager: Mounting plugin CLionSourceCodeAccess
LogPluginManager: Mounting plugin GitSourceControl
LogPluginManager: Mounting plugin Niagara
LogPluginManager: Mounting plugin KDevelopSourceCodeAccess
LogPluginManager: Mounting plugin NullSourceCodeAccess
LogPluginManager: Mounting plugin PerforceSourceControl
LogPluginManager: Mounting plugin PixWinPlugin
LogPluginManager: Mounting plugin PlasticSourceControl
LogPluginManager: Mounting plugin CryptoKeys
LogPluginManager: Mounting plugin PluginUtils
LogPluginManager: Mounting plugin PropertyAccessNode
LogPluginManager: Mounting plugin CurveEditorTools
LogPluginManager: Mounting plugin TextureFormatOodle
LogPluginManager: Mounting plugin RiderSourceCodeAccess
LogPluginManager: Mounting plugin DataValidation
LogPluginManager: Mounting plugin UObjectPlugin
LogPluginManager: Mounting plugin SubversionSourceControl
LogPluginManager: Mounting plugin VisualStudioSourceCodeAccess
LogPluginManager: Mounting plugin VisualStudioCodeSourceCodeAccess
LogPluginManager: Mounting plugin XCodeSourceCodeAccess
LogPluginManager: Mounting plugin FacialAnimation
LogPluginManager: Mounting plugin GameplayTagsEditor
LogPluginManager: Mounting plugin GeometryMode
LogPluginManager: Mounting plugin MacGraphicsSwitching
LogPluginManager: Mounting plugin MaterialAnalyzer
LogPluginManager: Mounting plugin MobileLauncherProfileWizard
LogPluginManager: Mounting plugin SpeedTreeImporter
LogPluginManager: Mounting plugin PluginBrowser
LogPluginManager: Mounting plugin DatasmithContent
LogPluginManager: Mounting plugin VariantManagerContent
LogPluginManager: Mounting plugin AlembicImporter
LogPluginManager: Mounting plugin TcpMessaging
LogPluginManager: Mounting plugin UdpMessaging
LogPluginManager: Mounting plugin AutomationUtils
LogPluginManager: Mounting plugin BackChannel
LogPluginManager: Mounting plugin ChaosCloth
LogPluginManager: Mounting plugin ChaosClothEditor
LogPluginManager: Mounting plugin ChaosSolverPlugin
LogPluginManager: Mounting plugin ChaosEditor
LogPluginManager: Mounting plugin AndroidMedia
LogPluginManager: Mounting plugin ChaosNiagara
LogPluginManager: Mounting plugin CharacterAI
LogPluginManager: Mounting plugin AvfMedia
LogPluginManager: Mounting plugin ImgMedia
LogPluginManager: Mounting plugin MediaCompositing
LogPluginManager: Mounting plugin MediaPlayerEditor
LogPluginManager: Mounting plugin WebMMedia
LogPluginManager: Mounting plugin WmfMedia
LogPluginManager: Mounting plugin LuminPlatformFeatures
LogPluginManager: Mounting plugin GeometryCache
LogPluginManager: Mounting plugin MagicLeap
LogPluginManager: Mounting plugin MagicLeapMedia
LogPluginManager: Mounting plugin MagicLeapLightEstimation
LogPluginManager: Mounting plugin LauncherChunkInstaller
LogPluginManager: Mounting plugin MagicLeapPassableWorld
LogPluginManager: Mounting plugin MLSDK
LogPluginManager: Mounting plugin GeometryCollectionPlugin
LogPluginManager: Mounting plugin GeometryProcessing
LogPluginManager: Mounting plugin OpenImageDenoise
LogPluginManager: Mounting plugin MotoSynth
LogPluginManager: Mounting plugin PlanarCut
LogPluginManager: Mounting plugin PlatformCrypto
LogPluginManager: Mounting plugin ProxyLODPlugin
LogPluginManager: Mounting plugin PythonScriptPlugin
LogPluginManager: Mounting plugin SkeletalReduction
LogPluginManager: Mounting plugin ActorSequence
LogPluginManager: Mounting plugin LevelSequenceEditor
LogPluginManager: Mounting plugin MatineeToLevelSequence
LogPluginManager: Mounting plugin TemplateSequence
LogPluginManager: Mounting plugin OnlineSubsystem
LogPluginManager: Mounting plugin OnlineSubsystemNull
LogPluginManager: Mounting plugin OnlineSubsystemUtils
LogPluginManager: Mounting plugin ActorLayerUtilities
LogPluginManager: Mounting plugin AndroidMoviePlayer
LogPluginManager: Mounting plugin AndroidDeviceProfileSelector
LogPluginManager: Mounting plugin AndroidPermission
LogPluginManager: Mounting plugin AppleImageUtils
LogPluginManager: Mounting plugin AssetTags
LogPluginManager: Mounting plugin AppleMoviePlayer
LogPluginManager: Mounting plugin ArchVisCharacter
LogPluginManager: Mounting plugin AudioCapture
LogPluginManager: Mounting plugin AudioSynesthesia
LogPluginManager: Mounting plugin CableComponent
LogPluginManager: Mounting plugin ChunkDownloader
LogPluginManager: Mounting plugin CustomMeshComponent
LogPluginManager: Mounting plugin EditableMesh
LogPluginManager: Mounting plugin ExampleDeviceProfileSelector
LogPluginManager: Mounting plugin GoogleCloudMessaging
LogPluginManager: Mounting plugin GooglePAD
LogPluginManager: Mounting plugin ScreenshotTools
LogPluginManager: Mounting plugin Takes
LogPluginManager: Mounting plugin LinuxDeviceProfileSelector
LogPluginManager: Mounting plugin IOSDeviceProfileSelector
LogPluginManager: Mounting plugin LocationServicesBPLibrary
LogPluginManager: Mounting plugin MobilePatchingUtils
LogPluginManager: Mounting plugin OpenXR
LogPluginManager: Mounting plugin OpenXREyeTracker
LogPluginManager: Mounting plugin OpenXRHandTracking
LogPluginManager: Mounting plugin PhysXVehicles
LogPluginManager: Mounting plugin PostSplashScreen
LogPluginManager: Mounting plugin PropertyAccessEditor
LogPluginManager: Mounting plugin ProceduralMeshComponent
LogPluginManager: Mounting plugin RuntimePhysXCooking
LogPluginManager: Mounting plugin SoundFields
LogPluginManager: Mounting plugin SignificanceManager
LogPluginManager: Mounting plugin Synthesis
LogPluginManager: Mounting plugin WebMMoviePlayer
LogPluginManager: Mounting plugin AISupport
LogPluginManager: Mounting plugin WindowsMoviePlayer
LogPluginManager: Mounting plugin EnvironmentQueryEditor
LogPluginManager: Mounting plugin ContentBrowserAssetDataSource
LogPluginManager: Mounting plugin ContentBrowserClassDataSource
LogPluginManager: Mounting plugin ContentBrowserFileDataSource
LogPluginManager: Mounting plugin OnlineSubsystemGooglePlay
LogPluginManager: Mounting plugin OnlineSubsystemIOS
LogPluginManager: Mounting plugin OculusVR
LogPluginManager: Mounting plugin SteamVR
PixWinPlugin: PIX capture plugin failed to initialize! Check that the process is launched from PIX.
LogInit: Using libcurl 7.55.1-DEV
LogInit:  - built for x86_64-pc-win32
LogInit:  - supports SSL with OpenSSL/1.1.1
LogInit:  - supports HTTP deflate (compression) using libz 1.2.8
LogInit:  - other features:
LogInit:      CURL_VERSION_SSL
LogInit:      CURL_VERSION_LIBZ
LogInit:      CURL_VERSION_IPV6
LogInit:      CURL_VERSION_ASYNCHDNS
LogInit:      CURL_VERSION_LARGEFILE
LogInit:      CURL_VERSION_IDN
LogInit:  CurlRequestOptions (configurable via config and command line):
LogInit:  - bVerifyPeer = true  - Libcurl will verify peer certificate
LogInit:  - bUseHttpProxy = false  - Libcurl will NOT use HTTP proxy
LogInit:  - bDontReuseConnections = false  - Libcurl will reuse connections
LogInit:  - MaxHostConnections = 16  - Libcurl will limit the number of connections to a host
LogInit:  - LocalHostAddr = Default
LogInit:  - BufferSize = 65536
LogOnline: OSS: Creating online subsystem instance for: NULL
LogInit: WinSock: version 1.1 (2.2), MaxSocks=32767, MaxUdp=65467
LogOnline: OSS: TryLoadSubsystemAndSetDefault: Loaded subsystem for module [NULL]
LogOculusPluginWrapper: OculusPlugin initialized successfully
LogHMD: Failed initializing OVRPlugin 1.59.0
LogInit: Build: ++UE4+Release-4.27-CL-18319896
LogInit: Engine Version: 4.27.2-18319896+++UE4+Release-4.27
LogInit: Compatible Engine Version: 4.27.0-17155196+++UE4+Release-4.27
LogInit: Net CL: 17155196
LogInit: OS: Windows 10 (Release 2009) (), CPU: Intel(R) Core(TM) i5-10300H CPU @ 2.50GHz, GPU: Intel(R) UHD Graphics
LogInit: Compiled (64-bit): Nov 30 2021 07:12:08
LogInit: Compiled with Visual C++: 19.24.28315.00
LogInit: Build Configuration: Development
LogInit: Branch Name: ++UE4+Release-4.27
LogInit: Command Line: 
LogInit: Base Directory: D:/Progams on PC/Unreal/UE_4.27/Engine/Binaries/Win64/
LogInit: Allocator: TBB
LogInit: Installed Engine Build: 1
LogDevObjectVersion: Number of dev versions registered: 29
LogDevObjectVersion:   Dev-Blueprints (B0D832E4-1F89-4F0D-ACCF-7EB736FD4AA2): 10
LogDevObjectVersion:   Dev-Build (E1C64328-A22C-4D53-A36C-8E866417BD8C): 0
LogDevObjectVersion:   Dev-Core (375EC13C-06E4-48FB-B500-84F0262A717E): 4
LogDevObjectVersion:   Dev-Editor (E4B068ED-F494-42E9-A231-DA0B2E46BB41): 40
LogDevObjectVersion:   Dev-Framework (CFFC743F-43B0-4480-9391-14DF171D2073): 37
LogDevObjectVersion:   Dev-Mobile (B02B49B5-BB20-44E9-A304-32B752E40360): 3
LogDevObjectVersion:   Dev-Networking (A4E4105C-59A1-49B5-A7C5-40C4547EDFEE): 0
LogDevObjectVersion:   Dev-Online (39C831C9-5AE6-47DC-9A44-9C173E1C8E7C): 0
LogDevObjectVersion:   Dev-Physics (78F01B33-EBEA-4F98-B9B4-84EACCB95AA2): 14
LogDevObjectVersion:   Dev-Platform (6631380F-2D4D-43E0-8009-CF276956A95A): 0
LogDevObjectVersion:   Dev-Rendering (12F88B9F-8875-4AFC-A67C-D90C383ABD29): 45
LogDevObjectVersion:   Dev-Sequencer (7B5AE74C-D270-4C10-A958-57980B212A5A): 13
LogDevObjectVersion:   Dev-VR (D7296918-1DD6-4BDD-9DE2-64A83CC13884): 3
LogDevObjectVersion:   Dev-LoadTimes (C2A15278-BFE7-4AFE-6C17-90FF531DF755): 1
LogDevObjectVersion:   Private-Geometry (6EACA3D4-40EC-4CC1-B786-8BED09428FC5): 3
LogDevObjectVersion:   Dev-AnimPhys (29E575DD-E0A3-4627-9D10-D276232CDCEA): 17
LogDevObjectVersion:   Dev-Anim (AF43A65D-7FD3-4947-9873-3E8ED9C1BB05): 15
LogDevObjectVersion:   Dev-ReflectionCapture (6B266CEC-1EC7-4B8F-A30B-E4D90942FC07): 1
LogDevObjectVersion:   Dev-Automation (0DF73D61-A23F-47EA-B727-89E90C41499A): 1
LogDevObjectVersion:   FortniteMain (601D1886-AC64-4F84-AA16-D3DE0DEAC7D6): 47
LogDevObjectVersion:   FortniteRelease (E7086368-6B23-4C58-8439-1B7016265E91): 1
LogDevObjectVersion:   Dev-Enterprise (9DFFBCD6-494F-0158-E221-12823C92A888): 10
LogDevObjectVersion:   Dev-Niagara (F2AED0AC-9AFE-416F-8664-AA7FFA26D6FC): 1
LogDevObjectVersion:   Dev-Destruction (174F1F0B-B4C6-45A5-B13F-2EE8D0FB917D): 10
LogDevObjectVersion:   Dev-Physics-Ext (35F94A83-E258-406C-A318-09F59610247C): 41
LogDevObjectVersion:   Dev-PhysicsMaterial-Chaos (B68FC16E-8B1B-42E2-B453-215C058844FE): 1
LogDevObjectVersion:   Dev-CineCamera (B2E18506-4273-CFC2-A54E-F4BB758BBA07): 1
LogDevObjectVersion:   Dev-VirtualProduction (64F58936-FD1B-42BA-BA96-7289D5D0FA4E): 1
LogDevObjectVersion:   Dev-MediaFramework (6F0ED827-A609-4895-9C91-998D90180EA4): 2
LogInit: Presizing for max 25165824 objects, including 0 objects not considered by GC, pre-allocating 0 bytes for permanent pool.
LogConfig: Applying CVar settings from Section [/Script/Engine.StreamingSettings] File [D:/WORKPLACE/Mini_laboratory/MEPhI_VR_term_1/Mini_laboratory/Saved/Config/Windows/Engine.ini]
LogConfig: Setting CVar [[s.MinBulkDataSizeForAsyncLoading:131072]]
LogConfig: Setting CVar [[s.AsyncLoadingThreadEnabled:0]]
LogConfig: Setting CVar [[s.EventDrivenLoaderEnabled:1]]
LogConfig: Setting CVar [[s.WarnIfTimeLimitExceeded:0]]
LogConfig: Setting CVar [[s.TimeLimitExceededMultiplier:1.5]]
LogConfig: Setting CVar [[s.TimeLimitExceededMinTime:0.005]]
LogConfig: Setting CVar [[s.UseBackgroundLevelStreaming:1]]
LogConfig: Setting CVar [[s.PriorityAsyncLoadingExtraTime:15.0]]
LogConfig: Setting CVar [[s.LevelStreamingActorsUpdateTimeLimit:5.0]]
LogConfig: Setting CVar [[s.PriorityLevelStreamingActorsUpdateExtraTime:5.0]]
LogConfig: Setting CVar [[s.LevelStreamingComponentsRegistrationGranularity:10]]
LogConfig: Setting CVar [[s.UnregisterComponentsTimeLimit:1.0]]
LogConfig: Setting CVar [[s.LevelStreamingComponentsUnregistrationGranularity:5]]
LogConfig: Setting CVar [[s.FlushStreamingOnExit:1]]
LogInit: Object subsystem initialized
LogConfig: Setting CVar [[con.DebugEarlyDefault:1]]
LogConfig: Setting CVar [[r.setres:1280x720]]
[2025.12.16-18.34.30:049][  0]LogConfig: Setting CVar [[r.VSync:0]]
[2025.12.16-18.34.30:049][  0]LogConfig: Setting CVar [[r.RHICmdBypass:0]]
[2025.12.16-18.34.30:050][  0]LogConfig: Applying CVar settings from Section [/Script/Engine.RendererSettings] File [D:/WORKPLACE/Mini_laboratory/MEPhI_VR_term_1/Mini_laboratory/Saved/Config/Windows/Engine.ini]
[2025.12.16-18.34.30:050][  0]LogConfig: Setting CVar [[r.GPUCrashDebugging:0]]
[2025.12.16-18.34.30:050][  0]LogConfig: Applying CVar settings from Section [/Script/Engine.RendererOverrideSettings] File [D:/WORKPLACE/Mini_laboratory/MEPhI_VR_term_1/Mini_laboratory/Saved/Config/Windows/Engine.ini]
[2025.12.16-18.34.30:050][  0]LogConfig: Applying CVar settings from Section [/Script/Engine.StreamingSettings] File [D:/WORKPLACE/Mini_laboratory/MEPhI_VR_term_1/Mini_laboratory/Saved/Config/Windows/Engine.ini]
[2025.12.16-18.34.30:050][  0]LogConfig: Setting CVar [[s.MinBulkDataSizeForAsyncLoading:131072]]
[2025.12.16-18.34.30:050][  0]LogConfig: Setting CVar [[s.AsyncLoadingThreadEnabled:0]]
[2025.12.16-18.34.30:050][  0]LogConfig: Setting CVar [[s.EventDrivenLoaderEnabled:1]]
[2025.12.16-18.34.30:050][  0]LogConfig: Setting CVar [[s.WarnIfTimeLimitExceeded:0]]
[2025.12.16-18.34.30:050][  0]LogConfig: Setting CVar [[s.TimeLimitExceededMultiplier:1.5]]
[2025.12.16-18.34.30:050][  0]LogConfig: Setting CVar [[s.TimeLimitExceededMinTime:0.005]]
[2025.12.16-18.34.30:050][  0]LogConfig: Setting CVar [[s.UseBackgroundLevelStreaming:1]]
[2025.12.16-18.34.30:050][  0]LogConfig: Setting CVar [[s.PriorityAsyncLoadingExtraTime:15.0]]
[2025.12.16-18.34.30:050][  0]LogConfig: Setting CVar [[s.LevelStreamingActorsUpdateTimeLimit:5.0]]
[2025.12.16-18.34.30:050][  0]LogConfig: Setting CVar [[s.PriorityLevelStreamingActorsUpdateExtraTime:5.0]]
[2025.12.16-18.34.30:050][  0]LogConfig: Setting CVar [[s.LevelStreamingComponentsRegistrationGranularity:10]]
[2025.12.16-18.34.30:050][  0]LogConfig: Setting CVar [[s.UnregisterComponentsTimeLimit:1.0]]
[2025.12.16-18.34.30:050][  0]LogConfig: Setting CVar [[s.LevelStreamingComponentsUnregistrationGranularity:5]]
[2025.12.16-18.34.30:050][  0]LogConfig: Setting CVar [[s.FlushStreamingOnExit:1]]
[2025.12.16-18.34.30:050][  0]LogConfig: Applying CVar settings from Section [/Script/Engine.GarbageCollectionSettings] File [D:/WORKPLACE/Mini_laboratory/MEPhI_VR_term_1/Mini_laboratory/Saved/Config/Windows/Engine.ini]
[2025.12.16-18.34.30:050][  0]LogConfig: Setting CVar [[gc.MaxObjectsNotConsideredByGC:1]]
[2025.12.16-18.34.30:050][  0]LogConfig: Setting CVar [[gc.SizeOfPermanentObjectPool:0]]
[2025.12.16-18.34.30:050][  0]LogConfig: Setting CVar [[gc.FlushStreamingOnGC:0]]
[2025.12.16-18.34.30:050][  0]LogConfig: Setting CVar [[gc.NumRetriesBeforeForcingGC:10]]
[2025.12.16-18.34.30:050][  0]LogConfig: Setting CVar [[gc.AllowParallelGC:1]]
[2025.12.16-18.34.30:050][  0]LogConfig: Setting CVar [[gc.TimeBetweenPurgingPendingKillObjects:61.1]]
[2025.12.16-18.34.30:050][  0]LogConfig: Setting CVar [[gc.MaxObjectsInEditor:25165824]]
[2025.12.16-18.34.30:050][  0]LogConfig: Setting CVar [[gc.IncrementalBeginDestroyEnabled:1]]
[2025.12.16-18.34.30:050][  0]LogConfig: Setting CVar [[gc.CreateGCClusters:1]]
[2025.12.16-18.34.30:050][  0]LogConfig: Setting CVar [[gc.MinGCClusterSize:5]]
[2025.12.16-18.34.30:050][  0]LogConfig: Setting CVar [[gc.ActorClusteringEnabled:0]]
[2025.12.16-18.34.30:050][  0]LogConfig: Setting CVar [[gc.BlueprintClusteringEnabled:0]]
[2025.12.16-18.34.30:050][  0]LogConfig: Setting CVar [[gc.UseDisregardForGCOnDedicatedServers:0]]
[2025.12.16-18.34.30:050][  0]LogConfig: Setting CVar [[gc.MultithreadedDestructionEnabled:1]]
[2025.12.16-18.34.30:050][  0]LogConfig: Applying CVar settings from Section [/Script/Engine.NetworkSettings] File [D:/WORKPLACE/Mini_laboratory/MEPhI_VR_term_1/Mini_laboratory/Saved/Config/Windows/Engine.ini]
[2025.12.16-18.34.30:050][  0]LogConfig: Applying CVar settings from Section [/Script/UnrealEd.CookerSettings] File [D:/WORKPLACE/Mini_laboratory/MEPhI_VR_term_1/Mini_laboratory/Saved/Config/Windows/Engine.ini]
[2025.12.16-18.34.30:062][  0]LogConfig: Applying CVar settings from Section [ViewDistanceQuality@3] File [D:/WORKPLACE/Mini_laboratory/MEPhI_VR_term_1/Mini_laboratory/Saved/Config/Windows/Scalability.ini]
[2025.12.16-18.34.30:062][  0]LogConfig: Setting CVar [[r.SkeletalMeshLODBias:0]]
[2025.12.16-18.34.30:062][  0]LogConfig: Setting CVar [[r.ViewDistanceScale:1.0]]
[2025.12.16-18.34.30:062][  0]LogConfig: Applying CVar settings from Section [AntiAliasingQuality@3] File [D:/WORKPLACE/Mini_laboratory/MEPhI_VR_term_1/Mini_laboratory/Saved/Config/Windows/Scalability.ini]
[2025.12.16-18.34.30:062][  0]LogConfig: Setting CVar [[r.PostProcessAAQuality:4]]
[2025.12.16-18.34.30:062][  0]LogConfig: Applying CVar settings from Section [ShadowQuality@3] File [D:/WORKPLACE/Mini_laboratory/MEPhI_VR_term_1/Mini_laboratory/Saved/Config/Windows/Scalability.ini]
[2025.12.16-18.34.30:062][  0]LogConfig: Setting CVar [[r.LightFunctionQuality:1]]
[2025.12.16-18.34.30:062][  0]LogConfig: Setting CVar [[r.ShadowQuality:5]]
[2025.12.16-18.34.30:062][  0]LogConfig: Setting CVar [[r.Shadow.CSM.MaxCascades:10]]
[2025.12.16-18.34.30:062][  0]LogConfig: Setting CVar [[r.Shadow.MaxResolution:2048]]
[2025.12.16-18.34.30:062][  0]LogConfig: Setting CVar [[r.Shadow.MaxCSMResolution:2048]]
[2025.12.16-18.34.30:062][  0]LogConfig: Setting CVar [[r.Shadow.RadiusThreshold:0.01]]
[2025.12.16-18.34.30:062][  0]LogConfig: Setting CVar [[r.Shadow.DistanceScale:1.0]]
[2025.12.16-18.34.30:062][  0]LogConfig: Setting CVar [[r.Shadow.CSM.TransitionScale:1.0]]
[2025.12.16-18.34.30:062][  0]LogConfig: Setting CVar [[r.Shadow.PreShadowResolutionFactor:1.0]]
[2025.12.16-18.34.30:062][  0]LogConfig: Setting CVar [[r.DistanceFieldShadowing:1]]
[2025.12.16-18.34.30:062][  0]LogConfig: Setting CVar [[r.DistanceFieldAO:1]]
[2025.12.16-18.34.30:062][  0]LogConfig: Setting CVar [[r.AOQuality:2]]
[2025.12.16-18.34.30:062][  0]LogConfig: Setting CVar [[r.VolumetricFog:1]]
[2025.12.16-18.34.30:062][  0]LogConfig: Setting CVar [[r.VolumetricFog.GridPixelSize:8]]
[2025.12.16-18.34.30:062][  0]LogConfig: Setting CVar [[r.VolumetricFog.GridSizeZ:128]]
[2025.12.16-18.34.30:062][  0]LogConfig: Setting CVar [[r.VolumetricFog.HistoryMissSupersampleCount:4]]
[2025.12.16-18.34.30:062][  0]LogConfig: Setting CVar [[r.LightMaxDrawDistanceScale:1]]
[2025.12.16-18.34.30:062][  0]LogConfig: Setting CVar [[r.CapsuleShadows:1]]
[2025.12.16-18.34.30:062][  0]LogConfig: Applying CVar settings from Section [PostProcessQuality@3] File [D:/WORKPLACE/Mini_laboratory/MEPhI_VR_term_1/Mini_laboratory/Saved/Config/Windows/Scalability.ini]
[2025.12.16-18.34.30:062][  0]LogConfig: Setting CVar [[r.MotionBlurQuality:4]]
[2025.12.16-18.34.30:062][  0]LogConfig: Setting CVar [[r.AmbientOcclusionMipLevelFactor:0.4]]
[2025.12.16-18.34.30:062][  0]LogConfig: Setting CVar [[r.AmbientOcclusionMaxQuality:100]]
[2025.12.16-18.34.30:062][  0]LogConfig: Setting CVar [[r.AmbientOcclusionLevels:-1]]
[2025.12.16-18.34.30:062][  0]LogConfig: Setting CVar [[r.AmbientOcclusionRadiusScale:1.0]]
[2025.12.16-18.34.30:062][  0]LogConfig: Setting CVar [[r.DepthOfFieldQuality:2]]
[2025.12.16-18.34.30:062][  0]LogConfig: Setting CVar [[r.RenderTargetPoolMin:400]]
[2025.12.16-18.34.30:062][  0]LogConfig: Setting CVar [[r.LensFlareQuality:2]]
[2025.12.16-18.34.30:062][  0]LogConfig: Setting CVar [[r.SceneColorFringeQuality:1]]
[2025.12.16-18.34.30:062][  0]LogConfig: Setting CVar [[r.EyeAdaptationQuality:2]]
[2025.12.16-18.34.30:062][  0]LogConfig: Setting CVar [[r.BloomQuality:5]]
[2025.12.16-18.34.30:062][  0]LogConfig: Setting CVar [[r.FastBlurThreshold:100]]
[2025.12.16-18.34.30:062][  0]LogConfig: Setting CVar [[r.Upscale.Quality:3]]
[2025.12.16-18.34.30:062][  0]LogConfig: Setting CVar [[r.Tonemapper.GrainQuantization:1]]
[2025.12.16-18.34.30:062][  0]LogConfig: Setting CVar [[r.LightShaftQuality:1]]
[2025.12.16-18.34.30:062][  0]LogConfig: Setting CVar [[r.Filter.SizeScale:1]]
[2025.12.16-18.34.30:062][  0]LogConfig: Setting CVar [[r.Tonemapper.Quality:5]]
[2025.12.16-18.34.30:062][  0]LogConfig: Setting CVar [[r.DOF.Gather.AccumulatorQuality:1        ; higher gathering accumulator quality]]
[2025.12.16-18.34.30:062][  0]LogConfig: Setting CVar [[r.DOF.Gather.PostfilterMethod:1          ; Median3x3 postfilering method]]
[2025.12.16-18.34.30:062][  0]LogConfig: Setting CVar [[r.DOF.Gather.EnableBokehSettings:0       ; no bokeh simulation when gathering]]
[2025.12.16-18.34.30:062][  0]LogConfig: Setting CVar [[r.DOF.Gather.RingCount:4                 ; medium number of samples when gathering]]
[2025.12.16-18.34.30:062][  0]LogConfig: Setting CVar [[r.DOF.Scatter.ForegroundCompositing:1    ; additive foreground scattering]]
[2025.12.16-18.34.30:062][  0]LogConfig: Setting CVar [[r.DOF.Scatter.BackgroundCompositing:2    ; additive background scattering]]
[2025.12.16-18.34.30:062][  0]LogConfig: Setting CVar [[r.DOF.Scatter.EnableBokehSettings:1      ; bokeh simulation when scattering]]
[2025.12.16-18.34.30:062][  0]LogConfig: Setting CVar [[r.DOF.Scatter.MaxSpriteRatio:0.1         ; only a maximum of 10% of scattered bokeh]]
[2025.12.16-18.34.30:062][  0]LogConfig: Setting CVar [[r.DOF.Recombine.Quality:1                ; cheap slight out of focus]]
[2025.12.16-18.34.30:062][  0]LogConfig: Setting CVar [[r.DOF.Recombine.EnableBokehSettings:0    ; no bokeh simulation on slight out of focus]]
[2025.12.16-18.34.30:062][  0]LogConfig: Setting CVar [[r.DOF.TemporalAAQuality:1                ; more stable temporal accumulation]]
[2025.12.16-18.34.30:062][  0]LogConfig: Setting CVar [[r.DOF.Kernel.MaxForegroundRadius:0.025]]
[2025.12.16-18.34.30:062][  0]LogConfig: Setting CVar [[r.DOF.Kernel.MaxBackgroundRadius:0.025]]
[2025.12.16-18.34.30:062][  0]LogConfig: Applying CVar settings from Section [TextureQuality@3] File [D:/WORKPLACE/Mini_laboratory/MEPhI_VR_term_1/Mini_laboratory/Saved/Config/Windows/Scalability.ini]
[2025.12.16-18.34.30:062][  0]LogConfig: Setting CVar [[r.Streaming.MipBias:0]]
[2025.12.16-18.34.30:062][  0]LogConfig: Setting CVar [[r.Streaming.AmortizeCPUToGPUCopy:0]]
[2025.12.16-18.34.30:062][  0]LogConfig: Setting CVar [[r.Streaming.MaxNumTexturesToStreamPerFrame:0]]
[2025.12.16-18.34.30:062][  0]LogConfig: Setting CVar [[r.Streaming.Boost:1]]
[2025.12.16-18.34.30:063][  0]LogConfig: Setting CVar [[r.MaxAnisotropy:8]]
[2025.12.16-18.34.30:063][  0]LogConfig: Setting CVar [[r.VT.MaxAnisotropy:8]]
[2025.12.16-18.34.30:063][  0]LogConfig: Setting CVar [[r.Streaming.LimitPoolSizeToVRAM:0]]
[2025.12.16-18.34.30:063][  0]LogConfig: Setting CVar [[r.Streaming.PoolSize:1000]]
[2025.12.16-18.34.30:063][  0]LogConfig: Setting CVar [[r.Streaming.MaxEffectiveScreenSize:0]]
[2025.12.16-18.34.30:063][  0]LogConfig: Applying CVar settings from Section [EffectsQuality@3] File [D:/WORKPLACE/Mini_laboratory/MEPhI_VR_term_1/Mini_laboratory/Saved/Config/Windows/Scalability.ini]
[2025.12.16-18.34.30:063][  0]LogConfig: Setting CVar [[r.TranslucencyLightingVolumeDim:64]]
[2025.12.16-18.34.30:063][  0]LogConfig: Setting CVar [[r.RefractionQuality:2]]
[2025.12.16-18.34.30:063][  0]LogConfig: Setting CVar [[r.SSR.Quality:3]]
[2025.12.16-18.34.30:063][  0]LogConfig: Setting CVar [[r.SSR.HalfResSceneColor:0]]
[2025.12.16-18.34.30:063][  0]LogConfig: Setting CVar [[r.SceneColorFormat:4]]
[2025.12.16-18.34.30:063][  0]LogConfig: Setting CVar [[r.DetailMode:2]]
[2025.12.16-18.34.30:063][  0]LogConfig: Setting CVar [[r.TranslucencyVolumeBlur:1]]
[2025.12.16-18.34.30:063][  0]LogConfig: Setting CVar [[r.MaterialQualityLevel:1 ; High quality]]
[2025.12.16-18.34.30:063][  0]LogConfig: Setting CVar [[r.AnisotropicMaterials:1]]
[2025.12.16-18.34.30:063][  0]LogConfig: Setting CVar [[r.SSS.Scale:1]]
[2025.12.16-18.34.30:063][  0]LogConfig: Setting CVar [[r.SSS.SampleSet:2]]
[2025.12.16-18.34.30:063][  0]LogConfig: Setting CVar [[r.SSS.Quality:1]]
[2025.12.16-18.34.30:063][  0]LogConfig: Setting CVar [[r.SSS.HalfRes:0]]
[2025.12.16-18.34.30:063][  0]LogConfig: Setting CVar [[r.SSGI.Quality:3]]
[2025.12.16-18.34.30:063][  0]LogConfig: Setting CVar [[r.EmitterSpawnRateScale:1.0]]
[2025.12.16-18.34.30:063][  0]LogConfig: Setting CVar [[r.ParticleLightQuality:2]]
[2025.12.16-18.34.30:063][  0]LogConfig: Setting CVar [[r.SkyAtmosphere.AerialPerspectiveLUT.FastApplyOnOpaque:1 ; Always have FastSkyLUT 1 in this case to avoid wrong sky]]
[2025.12.16-18.34.30:063][  0]LogConfig: Setting CVar [[r.SkyAtmosphere.AerialPerspectiveLUT.SampleCountMaxPerSlice:4]]
[2025.12.16-18.34.30:063][  0]LogConfig: Setting CVar [[r.SkyAtmosphere.AerialPerspectiveLUT.DepthResolution:16.0]]
[2025.12.16-18.34.30:063][  0]LogConfig: Setting CVar [[r.SkyAtmosphere.FastSkyLUT:1]]
[2025.12.16-18.34.30:063][  0]LogConfig: Setting CVar [[r.SkyAtmosphere.FastSkyLUT.SampleCountMin:4.0]]
[2025.12.16-18.34.30:063][  0]LogConfig: Setting CVar [[r.SkyAtmosphere.FastSkyLUT.SampleCountMax:128.0]]
[2025.12.16-18.34.30:063][  0]LogConfig: Setting CVar [[r.SkyAtmosphere.SampleCountMin:4.0]]
[2025.12.16-18.34.30:063][  0]LogConfig: Setting CVar [[r.SkyAtmosphere.SampleCountMax:128.0]]
[2025.12.16-18.34.30:063][  0]LogConfig: Setting CVar [[r.SkyAtmosphere.TransmittanceLUT.UseSmallFormat:0]]
[2025.12.16-18.34.30:063][  0]LogConfig: Setting CVar [[r.SkyAtmosphere.TransmittanceLUT.SampleCount:10.0]]
[2025.12.16-18.34.30:063][  0]LogConfig: Setting CVar [[r.SkyAtmosphere.MultiScatteringLUT.SampleCount:15.0]]
[2025.12.16-18.34.30:063][  0]LogConfig: Setting CVar [[r.SkyLight.RealTimeReflectionCapture:1]]
[2025.12.16-18.34.30:063][  0]LogConfig: Applying CVar settings from Section [FoliageQuality@3] File [D:/WORKPLACE/Mini_laboratory/MEPhI_VR_term_1/Mini_laboratory/Saved/Config/Windows/Scalability.ini]
[2025.12.16-18.34.30:063][  0]LogConfig: Setting CVar [[foliage.DensityScale:1.0]]
[2025.12.16-18.34.30:063][  0]LogConfig: Setting CVar [[grass.DensityScale:1.0]]
[2025.12.16-18.34.30:063][  0]LogConfig: Applying CVar settings from Section [ShadingQuality@3] File [D:/WORKPLACE/Mini_laboratory/MEPhI_VR_term_1/Mini_laboratory/Saved/Config/Windows/Scalability.ini]
[2025.12.16-18.34.30:063][  0]LogConfig: Setting CVar [[r.HairStrands.SkyLighting.IntegrationType:2]]
[2025.12.16-18.34.30:063][  0]LogConfig: Setting CVar [[r.HairStrands.SkyAO.SampleCount:4]]
[2025.12.16-18.34.30:063][  0]LogConfig: Setting CVar [[r.HairStrands.Visibility.MSAA.SamplePerPixel:4]]
[2025.12.16-18.34.30:064][  0]LogInit: Selected Device Profile: [Windows]
[2025.12.16-18.34.30:065][  0]LogInit: Applying CVar settings loaded from the selected device profile: [Windows]
[2025.12.16-18.34.30:066][  0]LogHAL: Display: Platform has ~ 8 GB [8451309568 / 8589934592 / 8], which maps to Default [LargestMinGB=32, LargerMinGB=12, DefaultMinGB=8, SmallerMinGB=6, SmallestMinGB=0)
[2025.12.16-18.34.30:066][  0]LogInit: Going up to parent DeviceProfile []
[2025.12.16-18.34.30:066][  0]LogConfig: Applying CVar settings from Section [ViewDistanceQuality@3] File [D:/WORKPLACE/Mini_laboratory/MEPhI_VR_term_1/Mini_laboratory/Saved/Config/Windows/Scalability.ini]
[2025.12.16-18.34.30:066][  0]LogConfig: Setting CVar [[r.SkeletalMeshLODBias:0]]
[2025.12.16-18.34.30:067][  0]LogConfig: Setting CVar [[r.ViewDistanceScale:1.0]]
[2025.12.16-18.34.30:067][  0]LogConfig: Applying CVar settings from Section [AntiAliasingQuality@3] File [D:/WORKPLACE/Mini_laboratory/MEPhI_VR_term_1/Mini_laboratory/Saved/Config/Windows/Scalability.ini]
[2025.12.16-18.34.30:067][  0]LogConfig: Setting CVar [[r.PostProcessAAQuality:4]]
[2025.12.16-18.34.30:067][  0]LogConfig: Applying CVar settings from Section [ShadowQuality@3] File [D:/WORKPLACE/Mini_laboratory/MEPhI_VR_term_1/Mini_laboratory/Saved/Config/Windows/Scalability.ini]
[2025.12.16-18.34.30:067][  0]LogConfig: Setting CVar [[r.LightFunctionQuality:1]]
[2025.12.16-18.34.30:067][  0]LogConfig: Setting CVar [[r.ShadowQuality:5]]
[2025.12.16-18.34.30:067][  0]LogConfig: Setting CVar [[r.Shadow.CSM.MaxCascades:10]]
[2025.12.16-18.34.30:067][  0]LogConfig: Setting CVar [[r.Shadow.MaxResolution:2048]]
[2025.12.16-18.34.30:067][  0]LogConfig: Setting CVar [[r.Shadow.MaxCSMResolution:2048]]
[2025.12.16-18.34.30:067][  0]LogConfig: Setting CVar [[r.Shadow.RadiusThreshold:0.01]]
[2025.12.16-18.34.30:067][  0]LogConfig: Setting CVar [[r.Shadow.DistanceScale:1.0]]
[2025.12.16-18.34.30:067][  0]LogConfig: Setting CVar [[r.Shadow.CSM.TransitionScale:1.0]]
[2025.12.16-18.34.30:067][  0]LogConfig: Setting CVar [[r.Shadow.PreShadowResolutionFactor:1.0]]
[2025.12.16-18.34.30:067][  0]LogConfig: Setting CVar [[r.DistanceFieldShadowing:1]]
[2025.12.16-18.34.30:067][  0]LogConfig: Setting CVar [[r.DistanceFieldAO:1]]
[2025.12.16-18.34.30:067][  0]LogConfig: Setting CVar [[r.AOQuality:2]]
[2025.12.16-18.34.30:067][  0]LogConfig: Setting CVar [[r.VolumetricFog:1]]
[2025.12.16-18.34.30:067][  0]LogConfig: Setting CVar [[r.VolumetricFog.GridPixelSize:8]]
[2025.12.16-18.34.30:067][  0]LogConfig: Setting CVar [[r.VolumetricFog.GridSizeZ:128]]
[2025.12.16-18.34.30:067][  0]LogConfig: Setting CVar [[r.VolumetricFog.HistoryMissSupersampleCount:4]]
[2025.12.16-18.34.30:067][  0]LogConfig: Setting CVar [[r.LightMaxDrawDistanceScale:1]]
[2025.12.16-18.34.30:067][  0]LogConfig: Setting CVar [[r.CapsuleShadows:1]]
[2025.12.16-18.34.30:067][  0]LogConfig: Applying CVar settings from Section [PostProcessQuality@3] File [D:/WORKPLACE/Mini_laboratory/MEPhI_VR_term_1/Mini_laboratory/Saved/Config/Windows/Scalability.ini]
[2025.12.16-18.34.30:067][  0]LogConfig: Setting CVar [[r.MotionBlurQuality:4]]
[2025.12.16-18.34.30:067][  0]LogConfig: Setting CVar [[r.AmbientOcclusionMipLevelFactor:0.4]]
[2025.12.16-18.34.30:067][  0]LogConfig: Setting CVar [[r.AmbientOcclusionMaxQuality:100]]
[2025.12.16-18.34.30:067][  0]LogConfig: Setting CVar [[r.AmbientOcclusionLevels:-1]]
[2025.12.16-18.34.30:067][  0]LogConfig: Setting CVar [[r.AmbientOcclusionRadiusScale:1.0]]
[2025.12.16-18.34.30:067][  0]LogConfig: Setting CVar [[r.DepthOfFieldQuality:2]]
[2025.12.16-18.34.30:067][  0]LogConfig: Setting CVar [[r.RenderTargetPoolMin:400]]
[2025.12.16-18.34.30:067][  0]LogConfig: Setting CVar [[r.LensFlareQuality:2]]
[2025.12.16-18.34.30:067][  0]LogConfig: Setting CVar [[r.SceneColorFringeQuality:1]]
[2025.12.16-18.34.30:067][  0]LogConfig: Setting CVar [[r.EyeAdaptationQuality:2]]
[2025.12.16-18.34.30:067][  0]LogConfig: Setting CVar [[r.BloomQuality:5]]
[2025.12.16-18.34.30:067][  0]LogConfig: Setting CVar [[r.FastBlurThreshold:100]]
[2025.12.16-18.34.30:067][  0]LogConfig: Setting CVar [[r.Upscale.Quality:3]]
[2025.12.16-18.34.30:067][  0]LogConfig: Setting CVar [[r.Tonemapper.GrainQuantization:1]]
[2025.12.16-18.34.30:067][  0]LogConfig: Setting CVar [[r.LightShaftQuality:1]]
[2025.12.16-18.34.30:067][  0]LogConfig: Setting CVar [[r.Filter.SizeScale:1]]
[2025.12.16-18.34.30:067][  0]LogConfig: Setting CVar [[r.Tonemapper.Quality:5]]
[2025.12.16-18.34.30:067][  0]LogConfig: Setting CVar [[r.DOF.Gather.AccumulatorQuality:1        ; higher gathering accumulator quality]]
[2025.12.16-18.34.30:067][  0]LogConfig: Setting CVar [[r.DOF.Gather.PostfilterMethod:1          ; Median3x3 postfilering method]]
[2025.12.16-18.34.30:067][  0]LogConfig: Setting CVar [[r.DOF.Gather.EnableBokehSettings:0       ; no bokeh simulation when gathering]]
[2025.12.16-18.34.30:067][  0]LogConfig: Setting CVar [[r.DOF.Gather.RingCount:4                 ; medium number of samples when gathering]]
[2025.12.16-18.34.30:067][  0]LogConfig: Setting CVar [[r.DOF.Scatter.ForegroundCompositing:1    ; additive foreground scattering]]
[2025.12.16-18.34.30:067][  0]LogConfig: Setting CVar [[r.DOF.Scatter.BackgroundCompositing:2    ; additive background scattering]]
[2025.12.16-18.34.30:067][  0]LogConfig: Setting CVar [[r.DOF.Scatter.EnableBokehSettings:1      ; bokeh simulation when scattering]]
[2025.12.16-18.34.30:067][  0]LogConfig: Setting CVar [[r.DOF.Scatter.MaxSpriteRatio:0.1         ; only a maximum of 10% of scattered bokeh]]
[2025.12.16-18.34.30:067][  0]LogConfig: Setting CVar [[r.DOF.Recombine.Quality:1                ; cheap slight out of focus]]
[2025.12.16-18.34.30:067][  0]LogConfig: Setting CVar [[r.DOF.Recombine.EnableBokehSettings:0    ; no bokeh simulation on slight out of focus]]
[2025.12.16-18.34.30:067][  0]LogConfig: Setting CVar [[r.DOF.TemporalAAQuality:1                ; more stable temporal accumulation]]
[2025.12.16-18.34.30:067][  0]LogConfig: Setting CVar [[r.DOF.Kernel.MaxForegroundRadius:0.025]]
[2025.12.16-18.34.30:067][  0]LogConfig: Setting CVar [[r.DOF.Kernel.MaxBackgroundRadius:0.025]]
[2025.12.16-18.34.30:067][  0]LogConfig: Applying CVar settings from Section [TextureQuality@3] File [D:/WORKPLACE/Mini_laboratory/MEPhI_VR_term_1/Mini_laboratory/Saved/Config/Windows/Scalability.ini]
[2025.12.16-18.34.30:067][  0]LogConfig: Setting CVar [[r.Streaming.MipBias:0]]
[2025.12.16-18.34.30:067][  0]LogConfig: Setting CVar [[r.Streaming.AmortizeCPUToGPUCopy:0]]
[2025.12.16-18.34.30:067][  0]LogConfig: Setting CVar [[r.Streaming.MaxNumTexturesToStreamPerFrame:0]]
[2025.12.16-18.34.30:067][  0]LogConfig: Setting CVar [[r.Streaming.Boost:1]]
[2025.12.16-18.34.30:067][  0]LogConfig: Setting CVar [[r.MaxAnisotropy:8]]
[2025.12.16-18.34.30:067][  0]LogConfig: Setting CVar [[r.VT.MaxAnisotropy:8]]
[2025.12.16-18.34.30:067][  0]LogConfig: Setting CVar [[r.Streaming.LimitPoolSizeToVRAM:0]]
[2025.12.16-18.34.30:067][  0]LogConfig: Setting CVar [[r.Streaming.PoolSize:1000]]
[2025.12.16-18.34.30:067][  0]LogConfig: Setting CVar [[r.Streaming.MaxEffectiveScreenSize:0]]
[2025.12.16-18.34.30:067][  0]LogConfig: Applying CVar settings from Section [EffectsQuality@3] File [D:/WORKPLACE/Mini_laboratory/MEPhI_VR_term_1/Mini_laboratory/Saved/Config/Windows/Scalability.ini]
[2025.12.16-18.34.30:067][  0]LogConfig: Setting CVar [[r.TranslucencyLightingVolumeDim:64]]
[2025.12.16-18.34.30:067][  0]LogConfig: Setting CVar [[r.RefractionQuality:2]]
[2025.12.16-18.34.30:067][  0]LogConfig: Setting CVar [[r.SSR.Quality:3]]
[2025.12.16-18.34.30:067][  0]LogConfig: Setting CVar [[r.SSR.HalfResSceneColor:0]]
[2025.12.16-18.34.30:067][  0]LogConfig: Setting CVar [[r.SceneColorFormat:4]]
[2025.12.16-18.34.30:067][  0]LogConfig: Setting CVar [[r.DetailMode:2]]
[2025.12.16-18.34.30:067][  0]LogConfig: Setting CVar [[r.TranslucencyVolumeBlur:1]]
[2025.12.16-18.34.30:068][  0]LogConfig: Setting CVar [[r.MaterialQualityLevel:1 ; High quality]]
[2025.12.16-18.34.30:068][  0]LogConfig: Setting CVar [[r.AnisotropicMaterials:1]]
[2025.12.16-18.34.30:068][  0]LogConfig: Setting CVar [[r.SSS.Scale:1]]
[2025.12.16-18.34.30:068][  0]LogConfig: Setting CVar [[r.SSS.SampleSet:2]]
[2025.12.16-18.34.30:068][  0]LogConfig: Setting CVar [[r.SSS.Quality:1]]
[2025.12.16-18.34.30:068][  0]LogConfig: Setting CVar [[r.SSS.HalfRes:0]]
[2025.12.16-18.34.30:068][  0]LogConfig: Setting CVar [[r.SSGI.Quality:3]]
[2025.12.16-18.34.30:068][  0]LogConfig: Setting CVar [[r.EmitterSpawnRateScale:1.0]]
[2025.12.16-18.34.30:068][  0]LogConfig: Setting CVar [[r.ParticleLightQuality:2]]
[2025.12.16-18.34.30:068][  0]LogConfig: Setting CVar [[r.SkyAtmosphere.AerialPerspectiveLUT.FastApplyOnOpaque:1 ; Always have FastSkyLUT 1 in this case to avoid wrong sky]]
[2025.12.16-18.34.30:068][  0]LogConfig: Setting CVar [[r.SkyAtmosphere.AerialPerspectiveLUT.SampleCountMaxPerSlice:4]]
[2025.12.16-18.34.30:068][  0]LogConfig: Setting CVar [[r.SkyAtmosphere.AerialPerspectiveLUT.DepthResolution:16.0]]
[2025.12.16-18.34.30:068][  0]LogConfig: Setting CVar [[r.SkyAtmosphere.FastSkyLUT:1]]
[2025.12.16-18.34.30:068][  0]LogConfig: Setting CVar [[r.SkyAtmosphere.FastSkyLUT.SampleCountMin:4.0]]
[2025.12.16-18.34.30:068][  0]LogConfig: Setting CVar [[r.SkyAtmosphere.FastSkyLUT.SampleCountMax:128.0]]
[2025.12.16-18.34.30:068][  0]LogConfig: Setting CVar [[r.SkyAtmosphere.SampleCountMin:4.0]]
[2025.12.16-18.34.30:068][  0]LogConfig: Setting CVar [[r.SkyAtmosphere.SampleCountMax:128.0]]
[2025.12.16-18.34.30:068][  0]LogConfig: Setting CVar [[r.SkyAtmosphere.TransmittanceLUT.UseSmallFormat:0]]
[2025.12.16-18.34.30:068][  0]LogConfig: Setting CVar [[r.SkyAtmosphere.TransmittanceLUT.SampleCount:10.0]]
[2025.12.16-18.34.30:068][  0]LogConfig: Setting CVar [[r.SkyAtmosphere.MultiScatteringLUT.SampleCount:15.0]]
[2025.12.16-18.34.30:068][  0]LogConfig: Setting CVar [[r.SkyLight.RealTimeReflectionCapture:1]]
[2025.12.16-18.34.30:068][  0]LogConfig: Applying CVar settings from Section [FoliageQuality@3] File [D:/WORKPLACE/Mini_laboratory/MEPhI_VR_term_1/Mini_laboratory/Saved/Config/Windows/Scalability.ini]
[2025.12.16-18.34.30:068][  0]LogConfig: Setting CVar [[foliage.DensityScale:1.0]]
[2025.12.16-18.34.30:068][  0]LogConfig: Setting CVar [[grass.DensityScale:1.0]]
[2025.12.16-18.34.30:068][  0]LogConfig: Applying CVar settings from Section [ShadingQuality@3] File [D:/WORKPLACE/Mini_laboratory/MEPhI_VR_term_1/Mini_laboratory/Saved/Config/Windows/Scalability.ini]
[2025.12.16-18.34.30:068][  0]LogConfig: Setting CVar [[r.HairStrands.SkyLighting.IntegrationType:2]]
[2025.12.16-18.34.30:068][  0]LogConfig: Setting CVar [[r.HairStrands.SkyAO.SampleCount:4]]
[2025.12.16-18.34.30:068][  0]LogConfig: Setting CVar [[r.HairStrands.Visibility.MSAA.SamplePerPixel:4]]
[2025.12.16-18.34.30:068][  0]LogConfig: Applying CVar settings from Section [Startup] File [../../../Engine/Config/ConsoleVariables.ini]
[2025.12.16-18.34.30:082][  0]LogConfig: Setting CVar [[net.UseAdaptiveNetUpdateFrequency:0]]
[2025.12.16-18.34.30:082][  0]LogConfig: Setting CVar [[p.chaos.AllowCreatePhysxBodies:1]]
[2025.12.16-18.34.30:082][  0]LogConfig: Setting CVar [[fx.SkipVectorVMBackendOptimizations:1]]
[2025.12.16-18.34.30:082][  0]LogConfig: Applying CVar settings from Section [ConsoleVariables] File [D:/WORKPLACE/Mini_laboratory/MEPhI_VR_term_1/Mini_laboratory/Saved/Config/Windows/Engine.ini]
[2025.12.16-18.34.30:082][  0]LogConfig: Applying CVar settings from Section [ConsoleVariables] File [D:/WORKPLACE/Mini_laboratory/MEPhI_VR_term_1/Mini_laboratory/Saved/Config/Windows/Editor.ini]
[2025.12.16-18.34.30:084][  0]LogInit: Computer: LAPTOP-RE3L13LG
[2025.12.16-18.34.30:084][  0]LogInit: User: Vladislav
[2025.12.16-18.34.30:084][  0]LogInit: CPU Page size=4096, Cores=4
[2025.12.16-18.34.30:084][  0]LogInit: High frequency timer resolution =10.000000 MHz
[2025.12.16-18.34.30:084][  0]LogMemory: Memory total: Physical=7.9GB (8GB approx)
[2025.12.16-18.34.30:085][  0]LogMemory: Platform Memory Stats for Windows
[2025.12.16-18.34.30:085][  0]LogMemory: Process Physical Memory: 142.54 MB used, 142.55 MB peak
[2025.12.16-18.34.30:085][  0]LogMemory: Process Virtual Memory: 126.36 MB used, 126.36 MB peak
[2025.12.16-18.34.30:085][  0]LogMemory: Physical Memory: 7554.35 MB used,  505.45 MB free, 8059.80 MB total
[2025.12.16-18.34.30:085][  0]LogMemory: Virtual Memory: 134212768.00 MB used,  4960.57 MB free, 134217728.00 MB total
[2025.12.16-18.34.30:094][  0]LogWindows: WindowsPlatformFeatures enabled
[2025.12.16-18.34.30:629][  0]LogInit: Physics initialised using underlying interface: PhysX
[2025.12.16-18.34.30:633][  0]LogInit: Using OS detected language (ru-RU).
[2025.12.16-18.34.30:633][  0]LogInit: Using OS detected locale (ru-RU).
[2025.12.16-18.34.30:663][  0]LogTextLocalizationManager: No specific localization for 'ru-RU' exists, so the 'ru' localization will be used.
[2025.12.16-18.34.30:665][  0]LogTextLocalizationResource: LocRes '../../../Engine/Content/Localization/Editor/ru/Editor.locres' could not be opened for reading!
[2025.12.16-18.34.30:665][  0]LogTextLocalizationResource: LocRes '../../../Engine/Content/Localization/EditorTutorials/ru/EditorTutorials.locres' could not be opened for reading!
[2025.12.16-18.34.30:665][  0]LogTextLocalizationResource: LocRes '../../../Engine/Content/Localization/Keywords/ru/Keywords.locres' could not be opened for reading!
[2025.12.16-18.34.30:665][  0]LogTextLocalizationResource: LocRes '../../../Engine/Content/Localization/Category/ru/Category.locres' could not be opened for reading!
[2025.12.16-18.34.30:666][  0]LogTextLocalizationResource: LocRes '../../../Engine/Content/Localization/ToolTips/ru/ToolTips.locres' could not be opened for reading!
[2025.12.16-18.34.30:666][  0]LogTextLocalizationResource: LocRes '../../../Engine/Content/Localization/PropertyNames/ru/PropertyNames.locres' could not be opened for reading!
[2025.12.16-18.34.30:666][  0]LogTextLocalizationResource: LocRes '../../../Engine/Content/Localization/Engine/ru/Engine.locres' could not be opened for reading!
[2025.12.16-18.34.30:707][  0]LogInit: Setting process to per monitor DPI aware
[2025.12.16-18.34.30:776][  0]LogWindowsTextInputMethodSystem: Display: IME system deactivated.
[2025.12.16-18.34.30:911][  0]LogSlate: New Slate User Created.  User Index 0, Is Virtual User: 0
[2025.12.16-18.34.30:911][  0]LogSlate: Slate User Registered.  User Index 0, Is Virtual User: 0
[2025.12.16-18.34.35:459][  0]LogD3D11RHI: Loaded GFSDK_Aftermath_Lib.x64.dll
[2025.12.16-18.34.35:480][  0]LogHMD: Failed to initialize OpenVR with code 110
[2025.12.16-18.34.35:480][  0]LogD3D11RHI: D3D11 min allowed feature level: 11_0
[2025.12.16-18.34.35:480][  0]LogD3D11RHI: D3D11 max allowed feature level: 11_0
[2025.12.16-18.34.35:480][  0]LogD3D11RHI: D3D11 adapters:
[2025.12.16-18.34.36:346][  0]LogD3D11RHI:    0. 'NVIDIA GeForce GTX 1650 Ti' (Feature Level 11_0)
[2025.12.16-18.34.36:346][  0]LogD3D11RHI:       3935/0/4029 MB DedicatedVideo/DedicatedSystem/SharedSystem, Outputs:1, VendorId:0x10de
[2025.12.16-18.34.36:429][  0]LogD3D11RHI:    1. 'Intel(R) UHD Graphics' (Feature Level 11_0)
[2025.12.16-18.34.36:429][  0]LogD3D11RHI:       128/0/4029 MB DedicatedVideo/DedicatedSystem/SharedSystem, Outputs:0, VendorId:0x8086
[2025.12.16-18.34.36:437][  0]LogD3D11RHI:    2. 'Microsoft Basic Render Driver' (Feature Level 11_0)
[2025.12.16-18.34.36:437][  0]LogD3D11RHI:       0/0/4029 MB DedicatedVideo/DedicatedSystem/SharedSystem, Outputs:0, VendorId:0x1414
[2025.12.16-18.34.36:437][  0]LogD3D11RHI: Chosen D3D11 Adapter:
[2025.12.16-18.34.36:437][  0]LogD3D11RHI:     Description : NVIDIA GeForce GTX 1650 Ti
[2025.12.16-18.34.36:437][  0]LogD3D11RHI:     VendorId    : 10de
[2025.12.16-18.34.36:437][  0]LogD3D11RHI:     DeviceId    : 1f95
[2025.12.16-18.34.36:437][  0]LogD3D11RHI:     SubSysId    : 3fa317aa
[2025.12.16-18.34.36:437][  0]LogD3D11RHI:     Revision    : 00a1
[2025.12.16-18.34.36:437][  0]LogD3D11RHI:     DedicatedVideoMemory : 4126146560 bytes
[2025.12.16-18.34.36:437][  0]LogD3D11RHI:     DedicatedSystemMemory : 0 bytes
[2025.12.16-18.34.36:437][  0]LogD3D11RHI:     SharedSystemMemory : 4225654784 bytes
[2025.12.16-18.34.36:437][  0]LogD3D11RHI:     AdapterLuid : 0 74633
[2025.12.16-18.34.36:446][  0]LogD3D11RHI: Creating new Direct3DDevice
[2025.12.16-18.34.36:446][  0]LogD3D11RHI:     GPU DeviceId: 0x1f95 (for the marketing name, search the web for "GPU Device Id")
[2025.12.16-18.34.36:446][  0]LogWindows: EnumDisplayDevices:
[2025.12.16-18.34.36:446][  0]LogWindows:    0. 'Intel(R) UHD Graphics' (P:1 D:1)
[2025.12.16-18.34.36:447][  0]LogWindows:    1. 'Intel(R) UHD Graphics' (P:0 D:0)
[2025.12.16-18.34.36:447][  0]LogWindows:    2. 'Intel(R) UHD Graphics' (P:0 D:0)
[2025.12.16-18.34.36:447][  0]LogWindows:    3. 'NVIDIA GeForce GTX 1650 Ti' (P:0 D:0)
[2025.12.16-18.34.36:448][  0]LogWindows: DebugString: PrimaryIsNotTheChoosenAdapter PrimaryIsNotTheChoosenAdapter PrimaryIsNotTheChoosenAdapter 
[2025.12.16-18.34.36:448][  0]LogD3D11RHI:     Adapter Name: NVIDIA GeForce GTX 1650 Ti
[2025.12.16-18.34.36:449][  0]LogD3D11RHI:   Driver Version: 560.76 (internal:32.0.15.6076, unified:560.76)
[2025.12.16-18.34.36:449][  0]LogD3D11RHI:      Driver Date: 7-23-2024
[2025.12.16-18.34.36:450][  0]LogRHI: Texture pool is 2754 MB (70% of 3935 MB)
[2025.12.16-18.34.36:450][  0]LogD3D11RHI: Creating D3DDevice using adapter:
[2025.12.16-18.34.36:450][  0]LogD3D11RHI:     Description : NVIDIA GeForce GTX 1650 Ti
[2025.12.16-18.34.36:450][  0]LogD3D11RHI:     VendorId    : 10de
[2025.12.16-18.34.36:450][  0]LogD3D11RHI:     DeviceId    : 1f95
[2025.12.16-18.34.36:450][  0]LogD3D11RHI:     SubSysId    : 3fa317aa
[2025.12.16-18.34.36:450][  0]LogD3D11RHI:     Revision    : 00a1
[2025.12.16-18.34.36:450][  0]LogD3D11RHI:     DedicatedVideoMemory : 4126146560 bytes
[2025.12.16-18.34.36:450][  0]LogD3D11RHI:     DedicatedSystemMemory : 0 bytes
[2025.12.16-18.34.36:450][  0]LogD3D11RHI:     SharedSystemMemory : 4225654784 bytes
[2025.12.16-18.34.36:450][  0]LogD3D11RHI:     AdapterLuid : 0 74633
[2025.12.16-18.34.36:602][  0]LogD3D11RHI: RHI has support for 64 bit atomics
[2025.12.16-18.34.36:604][  0]LogD3D11RHI: Async texture creation enabled
[2025.12.16-18.34.36:605][  0]LogD3D11RHI: Array index from any shader is supported
[2025.12.16-18.34.36:694][  0]LogD3D11RHI: GPU Timing Frequency: 1000.000000 (Debug: 2 1)
[2025.12.16-18.34.36:870][  0]LogRHI: GeForceNow SDK initialized: 1
[2025.12.16-18.34.40:299][  0]LogTargetPlatformManager: Display: Loaded TargetPlatform 'AllDesktop'
[2025.12.16-18.34.40:359][  0]LogTargetPlatformManager: Display: Loaded TargetPlatform 'Android'
[2025.12.16-18.34.40:359][  0]LogTargetPlatformManager: Display: Loaded TargetPlatform 'Android_ASTC'
[2025.12.16-18.34.40:359][  0]LogTargetPlatformManager: Display: Loaded TargetPlatform 'Android_DXT'
[2025.12.16-18.34.40:359][  0]LogTargetPlatformManager: Display: Loaded TargetPlatform 'Android_ETC2'
[2025.12.16-18.34.40:359][  0]LogTargetPlatformManager: Display: Loaded TargetPlatform 'AndroidClient'
[2025.12.16-18.34.40:359][  0]LogTargetPlatformManager: Display: Loaded TargetPlatform 'Android_ASTCClient'
[2025.12.16-18.34.40:359][  0]LogTargetPlatformManager: Display: Loaded TargetPlatform 'Android_DXTClient'
[2025.12.16-18.34.40:359][  0]LogTargetPlatformManager: Display: Loaded TargetPlatform 'Android_ETC2Client'
[2025.12.16-18.34.40:359][  0]LogTargetPlatformManager: Display: Loaded TargetPlatform 'Android_Multi'
[2025.12.16-18.34.40:359][  0]LogTargetPlatformManager: Display: Loaded TargetPlatform 'Android_MultiClient'
[2025.12.16-18.34.40:478][  0]LogTargetPlatformManager: Display: Loaded TargetPlatform 'IOSClient'
[2025.12.16-18.34.40:478][  0]LogTargetPlatformManager: Display: Loaded TargetPlatform 'IOS'
[2025.12.16-18.34.40:543][  0]LogTargetPlatformManager: Display: Loaded TargetPlatform 'Linux'
[2025.12.16-18.34.40:578][  0]LogTargetPlatformManager: Display: Loaded TargetPlatform 'LinuxNoEditor'
[2025.12.16-18.34.40:618][  0]LogTargetPlatformManager: Display: Loaded TargetPlatform 'LinuxClient'
[2025.12.16-18.34.40:654][  0]LogTargetPlatformManager: Display: Loaded TargetPlatform 'LinuxServer'
[2025.12.16-18.34.40:708][  0]LogTargetPlatformManager: Display: Loaded TargetPlatform 'LinuxAArch64NoEditor'
[2025.12.16-18.34.40:746][  0]LogTargetPlatformManager: Display: Loaded TargetPlatform 'LinuxAArch64Client'
[2025.12.16-18.34.40:787][  0]LogTargetPlatformManager: Display: Loaded TargetPlatform 'LinuxAArch64Server'
[2025.12.16-18.34.40:860][  0]LogTargetPlatformManager: Display: Loaded TargetPlatform 'Lumin'
[2025.12.16-18.34.40:860][  0]LogTargetPlatformManager: Display: Loaded TargetPlatform 'LuminClient'
[2025.12.16-18.34.40:922][  0]LogTargetPlatformManager: Display: Loaded TargetPlatform 'MacNoEditor'
[2025.12.16-18.34.40:962][  0]LogTargetPlatformManager: Display: Loaded TargetPlatform 'Mac'
[2025.12.16-18.34.40:998][  0]LogTargetPlatformManager: Display: Loaded TargetPlatform 'MacClient'
[2025.12.16-18.34.41:032][  0]LogTargetPlatformManager: Display: Loaded TargetPlatform 'MacServer'
[2025.12.16-18.34.41:076][  0]LogTargetPlatformManager: Display: Loaded TargetPlatform 'TVOSClient'
[2025.12.16-18.34.41:076][  0]LogTargetPlatformManager: Display: Loaded TargetPlatform 'TVOS'
[2025.12.16-18.34.41:117][  0]LogTargetPlatformManager: Display: Loaded TargetPlatform 'WindowsNoEditor'
[2025.12.16-18.34.41:157][  0]LogTargetPlatformManager: Display: Loaded TargetPlatform 'Windows'
[2025.12.16-18.34.41:195][  0]LogTargetPlatformManager: Display: Loaded TargetPlatform 'WindowsClient'
[2025.12.16-18.34.41:239][  0]LogTargetPlatformManager: Display: Loaded TargetPlatform 'WindowsServer'
[2025.12.16-18.34.41:239][  0]LogTargetPlatformManager: Display: Building Assets For Windows
[2025.12.16-18.34.41:377][  0]LogAudioDebug: Display: Lib vorbis DLL was dynamically loaded.
[2025.12.16-18.34.41:927][  0]LogTextureFormatOodle: Display: Oodle Texture 2.9.0 init RDO Off
[2025.12.16-18.34.42:483][  0]LogRendererCore: Ray tracing is disabled. Reason: r.RayTracing=0.
[2025.12.16-18.34.42:485][  0]LogShaderCompilers: Guid format shader working directory is -26 characters bigger than the processId version (../../../../../../WORKPLACE/Mini_laboratory/MEPhI_VR_term_1/Mini_laboratory/Intermediate/Shaders/WorkingDirectory/17968/).
[2025.12.16-18.34.42:485][  0]LogShaderCompilers: Cleaned the shader compiler working directory 'C:/Users/Владислав/AppData/Local/Temp/UnrealShaderWorkingDir/3F67EDF74864BFE24369F7A849038720/'.
[2025.12.16-18.34.42:487][  0]LogXGEController: Cannot use XGE Controller as Incredibuild is not installed on this machine.
[2025.12.16-18.34.42:487][  0]LogShaderCompilers: Cannot use XGE Shader Compiler as Incredibuild is not installed on this machine.
[2025.12.16-18.34.42:487][  0]LogShaderCompilers: Display: Using Local Shader Compiler.
[2025.12.16-18.34.48:846][  0]LogDerivedDataCache: Display: Max Cache Size: 512 MB
[2025.12.16-18.34.48:987][  0]LogDerivedDataCache: Loaded boot cache 0.14s 94MB C:/Users/Владислав/AppData/Local/UnrealEngine/4.27/DerivedDataCache/Boot.ddc.
[2025.12.16-18.34.48:987][  0]LogDerivedDataCache: Display: Loaded Boot cache: C:/Users/Владислав/AppData/Local/UnrealEngine/4.27/DerivedDataCache/Boot.ddc
[2025.12.16-18.34.48:987][  0]LogDerivedDataCache: FDerivedDataBackendGraph:  Pak pak cache file ../../../../../../WORKPLACE/Mini_laboratory/MEPhI_VR_term_1/Mini_laboratory/DerivedDataCache/DDC.ddp not found, will not use a pak cache.
[2025.12.16-18.34.48:987][  0]LogDerivedDataCache: Unable to find inner node Pak for hierarchical cache Hierarchy.
[2025.12.16-18.34.48:987][  0]LogDerivedDataCache: FDerivedDataBackendGraph:  CompressedPak pak cache file ../../../../../../WORKPLACE/Mini_laboratory/MEPhI_VR_term_1/Mini_laboratory/DerivedDataCache/Compressed.ddp not found, will not use a pak cache.
[2025.12.16-18.34.48:987][  0]LogDerivedDataCache: Unable to find inner node CompressedPak for hierarchical cache Hierarchy.
[2025.12.16-18.34.49:028][  0]LogDerivedDataCache: Display: Pak cache opened for reading ../../../Engine/DerivedDataCache/Compressed.ddp.
[2025.12.16-18.34.49:028][  0]LogDerivedDataCache: FDerivedDataBackendGraph:  EnterprisePak pak cache file ../../../Enterprise/DerivedDataCache/Compressed.ddp not found, will not use a pak cache.
[2025.12.16-18.34.49:028][  0]LogDerivedDataCache: Unable to find inner node EnterprisePak for hierarchical cache Hierarchy.
[2025.12.16-18.34.49:134][  0]LogDerivedDataCache: Speed tests for C:/Users/Владислав/AppData/Local/UnrealEngine/Common/DerivedDataCache took 0.11 seconds
[2025.12.16-18.34.49:134][  0]LogDerivedDataCache: Display: Performance to C:/Users/Владислав/AppData/Local/UnrealEngine/Common/DerivedDataCache: Latency=0.45ms. RandomReadSpeed=10.14MBs, RandomWriteSpeed=98.16MBs. Assigned SpeedClass 'Local'
[2025.12.16-18.34.49:135][  0]LogDerivedDataCache: Using Local data cache path C:/Users/Владислав/AppData/Local/UnrealEngine/Common/DerivedDataCache: Writable
[2025.12.16-18.34.49:135][  0]LogDerivedDataCache: Shared data cache path not found in *engine.ini, will not use an Shared cache.
[2025.12.16-18.34.49:135][  0]LogDerivedDataCache: Unable to find inner node Shared for hierarchical cache Hierarchy.
[2025.12.16-18.34.49:208][  0]LogSlate: Using FreeType 2.10.0
[2025.12.16-18.34.49:235][  0]LogSlate: SlateFontServices - WITH_FREETYPE: 1, WITH_HARFBUZZ: 1
[2025.12.16-18.34.50:411][  0]LogAssetRegistry: FAssetRegistry took 0.0084 seconds to start up
[2025.12.16-18.34.51:206][  0]LogInit: Selected Device Profile: [Windows]
[2025.12.16-18.34.51:207][  0]LogInit: Active device profile: [000001B86C089100][000001B8680D7B40 49] Windows
[2025.12.16-18.34.51:207][  0]LogInit: Profiles: [000001B86C089100][000001B8680D7B40 49] Windows, [000001B86C042C00][000001B867FF8140 49] WindowsNoEditor, [000001B86C08A200][000001B867FFC2C0 49] WindowsServer, [000001B86C041E00][000001B86AFDE440 49] WindowsClient, [000001B86C089700][000001B86998E5C0 49] IOS, [000001B86C042E00][000001B86AF28740 49] iPadAir, [000001B86C08BC00][000001B86AF2C8C0 49] iPadAir2, [000001B86BFF5400][000001B86AF30B00 49] IPadPro, [000001B86BFF5500][000001B86ACEEB40 49] iPadAir3, [000001B86C043F00][000001B86AF34C80 49] iPadAir4, [000001B86BFF6300][000001B86AF38DC0 49] iPadMini2, [000001B86C043600][000001B86C64EF40 49] iPadMini3, [000001B86BFF6F00][000001B86C6530C0 49] iPadMini4, [000001B86C042300][000001B86C657240 49] iPadMini5, [000001B86C019000][000001B86C65F500 49] iPhone6, [000001B86C019100][000001B86C65B540 49] iPodTouch6, [000001B86C08B900][000001B86C667800 49] iPhone7, [000001B86C08A900][000001B86C663840 49] iPodTouch7, [000001B86BFF5000][000001B86AC899C0 49] iPhone5S, [000001B86C08AF00][000001B86AC8DB40 49] iPhone6Plus, [000001B86BFF7600][000001B86AC90140 49] iPhone6S, [000001B86C088C00][000001B86AC942C0 49] iPhone6SPlus, [000001B86C089D00][000001B86AC98440 49] iPhone7Plus, [000001B86C018800][000001B86AC9C5C0 49] iPhoneSE, [000001B86C088400][000001B86ACA0740 49] iPhone8, [000001B86C018900][000001B86ACA48C0 49] iPhone8Plus, [000001B86C01AE00][000001B86C66AA40 49] iPhoneX, [000001B86BFF5D00][000001B86AF3CB80 49] iPhoneXS, [000001B86C01A700][000001B86C66ECC0 49] iPhoneXSMax, [000001B86BFF5C00][000001B86C672E00 49] iPhoneXR, [000001B86C01A800][000001B86C676F40 49] iPhone11, [000001B86BFF4F00][000001B86C67F0C0 49] iPhone11Pro, [000001B86C018B00][000001B86C683240 49] iPhone11ProMax, [000001B86BFF4D00][000001B86C6873C0 49] iPhoneSE2, [000001B86C018E00][000001B86C613540 49] iPhone12Mini, [000001B86C08B800][000001B86C6176C0 49] iPhone12, [000001B86C01B000][000001B86C61B840 49] iPhone12Pro, [000001B86C08B700][000001B86C61F9C0 49] iPhone12ProMax, [000001B86C019E00][000001B86C623B40 49] iPadPro105, [000001B86C089300][000001B86C626140 49] iPadPro129, [000001B86C01BE00][000001B86C62A2C0 49] iPadPro97, [000001B86C089C00][000001B86C62E440 49] iPadPro2_129, [000001B86C01A000][000001B86C6325C0 49] iPad5, [000001B86C08A300][000001B86C636740 49] iPad6, [000001B86C01BB00][000001B86C63A8C0 49] iPad7, [000001B86C089E00][000001B86C63EA40 49] iPad8, [000001B86C018A00][000001B86C642BC0 49] iPadPro11, [000001B86C08A600][000001B86C646D40 49] iPadPro2_11, [000001B86C018F00][000001B86C67AE80 49] iPadPro3_129, [000001B86C08A800][000001B86C64AFC0 49] iPadPro4_129, [000001B86C01BC00][000001B86C525100 49] AppleTV, [000001B86C089A00][000001B86C52D280 49] AppleTV4K, [000001B86C01A600][000001B86C531400 49] TVOS, [000001B86C08A100][000001B86C535580 49] Mac, [000001B86C01AF00][000001B86C539700 49] MacClient, [000001B86C08AA00][000001B86C53D880 49] MacNoEditor, [000001B86C01AC00][000001B86C541A00 49] MacServer, [000001B86C08B000][000001B86C545B80 49] Linux, [000001B86C018400][000001B86C548180 49] LinuxAArch64, [000001B86C088700][000001B86C54C300 49] LinuxNoEditor, [000001B86C01B700][000001B86C550480 49] LinuxAArch64NoEditor, [000001B86C08BB00][000001B86C554600 49] LinuxClient, [000001B86C01B400][000001B86C558780 49] LinuxAArch64Client, [000001B86C08BE00][000001B86C55C900 49] LinuxServer, [000001B86C018700][000001B86C560A80 49] LinuxAArch64Server, [000001B86C089F00][000001B86C564C00 49] Android, [000001B86C01AA00][000001B86C568D80 49] Android_Low, [000001B86C08AD00][000001B86C56CF00 49] Android_Mid, [000001B86C019F00][000001B86C529040 49] Android_High, [000001B86C08AB00][000001B86C571180 49] Android_Default, [000001B86C018100][000001B86C5752C0 49] Android_Adreno4xx, [000001B86C088500][000001B86C57D440 49] Android_Adreno5xx_Low, [000001B86C019400][000001B86C5815C0 49] Android_Adreno5xx, [000001B86C08B400][000001B86C585740 49] Android_Adreno6xx, [000001B86C01A300][000001B86C5898C0 49] Android_Adreno6xx_Vulkan, [000001B86C08BD00][000001B86C58DA40 49] Android_Mali_T6xx, [000001B86C018200][000001B86C591BC0 49] Android_Mali_T7xx, [000001B86C08B600][000001B867E661C0 49] Android_Mali_T8xx, [000001B86C01B200][000001B867E6A340 49] Android_Mali_G71, [000001B86BFF7100][000001B867E6E4C0 49] Android_Mali_G72, [000001B86C043400][000001B867E72640 49] Android_Mali_G72_Vulkan, [000001B86BFF6B00][000001B867E767C0 49] Android_Mali_G76, [000001B86C040500][000001B867E7A940 49] Android_Mali_G76_Vulkan, [000001B86BFF4C00][000001B867E7EAC0 49] Android_Mali_G77, [000001B86C040600][000001B867E82C40 49] Android_Mali_G77_Vulkan, [000001B86BFF6400][000001B867E86DC0 49] Android_Mali_G78, [000001B86C040D00][000001B867E8AF40 49] Android_Mali_G78_Vulkan, [000001B86BFF7D00][000001B867E8F0C0 49] Android_Mali_G710, [000001B86C043000][000001B86C579200 49] Android_Mali_G710_Vulkan, [000001B86BFF6A00][000001B867E93340 49] Android_Vulkan_SM5, [000001B86C041F00][000001B867E97480 49] Android_PowerVR_G6xxx, [000001B86BFF4500][000001B867E9B5C0 49] Android_PowerVR_GT7xxx, [000001B86C040200][000001B867EA3740 49] Android_PowerVR_GE8xxx, [000001B86BFF7B00][000001B867EA78C0 49] Android_PowerVR_GM9xxx, [000001B86C042600][000001B867EABA40 49] Android_PowerVR_GM9xxx_Vulkan, [000001B86BFF5F00][000001B867EAFBC0 49] Android_TegraK1, [000001B86C040A00][000001B867EB21C0 49] Android_Unknown_Vulkan, [000001B86BFF7900][000001B867EB6340 49] Lumin, [000001B86C041100][000001B867EBA4C0 49] Lumin_Desktop, [000001B86BFF6000][000001B867EBE640 49] HoloLens, 
[2025.12.16-18.34.52:862][  0]LogMeshReduction: Using QuadricMeshReduction for automatic static mesh reduction
[2025.12.16-18.34.52:862][  0]LogMeshReduction: Using SimplygonMeshReduction for automatic skeletal mesh reduction
[2025.12.16-18.34.52:862][  0]LogMeshReduction: Using ProxyLODMeshReduction for automatic mesh merging
[2025.12.16-18.34.52:862][  0]LogMeshReduction: No distributed automatic mesh merging module available
[2025.12.16-18.34.52:864][  0]LogMeshMerging: No distributed automatic mesh merging module available
[2025.12.16-18.34.53:055][  0]LogNetVersion: Mini_laboratory 1.0.0, NetCL: 17155196, EngineNetVer: 17, GameNetVer: 0 (Checksum: 65826005)
[2025.12.16-18.34.59:393][  0]LogTexture: Default maximum texture size for cubemaps generated from long-lat sources has been changed from 512 to unlimited. In order to preserve old behaiour for '/Engine/MapTemplates/Sky/DaylightAmbientCubemap.DaylightAmbientCubemap', its maximum texture size has been explicitly set to 512.
[2025.12.16-18.34.59:727][  0]LogHMD: PokeAHoleMaterial loaded successfully
[2025.12.16-18.34.59:762][  0]LogUObjectArray: 17178 objects as part of root set at end of initial load.
[2025.12.16-18.34.59:762][  0]LogUObjectAllocator: 4302048 out of 0 bytes used by permanent object pool.
[2025.12.16-18.34.59:762][  0]LogUObjectArray: CloseDisregardForGC: 0/0 objects in disregard for GC pool
[2025.12.16-18.35.04:173][  0]LogNiagaraDebuggerClient: Niagara Debugger Client Initialized | Session: 8BF765A147698F0D9E77CD9E40842554 | Instance: CD2790EF443CFEED512317826FA1DAEE (LAPTOP-RE3L13LG-17968).
[2025.12.16-18.35.05:105][  0]LogTcpMessaging: Initializing TcpMessaging bridge
[2025.12.16-18.35.05:176][  0]LogUdpMessaging: Initializing bridge on interface 0.0.0.0:0 to multicast group 230.0.0.1:6666.
[2025.12.16-18.35.06:077][  0]LogPython: Using Python 3.7.7
[2025.12.16-18.35.09:517][  0]SourceControl: Source control is disabled
[2025.12.16-18.35.09:518][  0]SourceControl: Source control is disabled
[2025.12.16-18.35.09:701][  0]SourceControl: Source control is disabled
[2025.12.16-18.35.09:739][  0]SourceControl: Source control is disabled
[2025.12.16-18.35.10:114][  0]SourceControl: Source control is disabled
[2025.12.16-18.35.10:153][  0]LogUProjectInfo: Found projects:
[2025.12.16-18.35.12:522][  0]LogOpenImageDenoise: OIDN starting up
[2025.12.16-18.35.12:789][  0]LogAndroidPermission: UAndroidPermissionCallbackProxy::GetInstance
[2025.12.16-18.35.13:023][  0]LogAudioCaptureCore: Display: No Audio Capture implementations found. Audio input will be silent.
[2025.12.16-18.35.13:023][  0]LogAudioCaptureCore: Display: No Audio Capture implementations found. Audio input will be silent.
[2025.12.16-18.35.14:295][  0]LogCollectionManager: Loaded 0 collections in 0.000901 seconds
[2025.12.16-18.35.14:304][  0]LogFileCache: Scanning file cache for directory 'D:/WORKPLACE/Mini_laboratory/MEPhI_VR_term_1/Mini_laboratory/Saved/Collections/' took 0.00s
[2025.12.16-18.35.14:304][  0]LogFileCache: Scanning file cache for directory 'D:/WORKPLACE/Mini_laboratory/MEPhI_VR_term_1/Mini_laboratory/Content/Developers/Vladislav/Collections/' took 0.00s
[2025.12.16-18.35.14:304][  0]LogFileCache: Scanning file cache for directory 'D:/WORKPLACE/Mini_laboratory/MEPhI_VR_term_1/Mini_laboratory/Content/Collections/' took 0.00s
[2025.12.16-18.35.14:490][  0]LogOcInput: OculusInput pre-init called
[2025.12.16-18.35.15:640][  0]LogEngine: Initializing Engine...
[2025.12.16-18.35.15:751][  0]LogHMD: Failed to enumerate extensions. Please check that you have a valid OpenXR runtime installed.
[2025.12.16-18.35.15:752][  0]LogHMD: Failed to initialize OpenVR with code 110
[2025.12.16-18.35.15:754][  0]LogMagicLeap: Warning: VR disabled because ZI is not enabled.  To enable, in the editor, Edit -> Project Settings -> Plugins -> Magic Leap Plugin -> Enable Zero Iteration
[2025.12.16-18.35.15:761][  0]LogStats: UGameplayTagsManager::InitializeManager -  0.002 s
[2025.12.16-18.35.16:483][  0]LogInit: Initializing FReadOnlyCVARCache
[2025.12.16-18.35.16:624][  0]LogAIModule: Creating AISystem for world Untitled
[2025.12.16-18.35.16:649][  0]LogAudio: Display: Initializing Audio Device Manager...
[2025.12.16-18.35.16:690][  0]LogAudio: Display: Loading Default Audio Settings Objects...
[2025.12.16-18.35.16:700][  0]LogAudio: Display: No default SoundConcurrencyObject specified (or failed to load).
[2025.12.16-18.35.16:705][  0]LogAudio: Display: Audio Device Manager Initialized
[2025.12.16-18.35.16:705][  0]LogAudio: Display: Creating Audio Device:                 Id: 1, Scope: Shared, Realtime: True
[2025.12.16-18.35.16:707][  0]LogAudioMixer: Display: Audio Mixer Platform Settings:
[2025.12.16-18.35.16:707][  0]LogAudioMixer: Display: 	Sample Rate:						  48000
[2025.12.16-18.35.16:707][  0]LogAudioMixer: Display: 	Callback Buffer Frame Size Requested: 1024
[2025.12.16-18.35.16:707][  0]LogAudioMixer: Display: 	Callback Buffer Frame Size To Use:	  1024
[2025.12.16-18.35.16:707][  0]LogAudioMixer: Display: 	Number of buffers to queue:			  2
[2025.12.16-18.35.16:707][  0]LogAudioMixer: Display: 	Max Channels (voices):				  32
[2025.12.16-18.35.16:707][  0]LogAudioMixer: Display: 	Number of Async Source Workers:		  0
[2025.12.16-18.35.16:707][  0]LogAudio: Display: AudioDevice MaxSources: 32
[2025.12.16-18.35.16:710][  0]LogAudio: Display: Audio Spatialization Plugin: None (built-in).
[2025.12.16-18.35.16:710][  0]LogAudio: Display: Audio Reverb Plugin: None (built-in).
[2025.12.16-18.35.16:710][  0]LogAudio: Display: Audio Occlusion Plugin: None (built-in).
[2025.12.16-18.35.16:710][  0]LogAudioMixer: Display: Initializing audio mixer.
[2025.12.16-18.35.16:825][  0]LogAudioMixer: Display: 0: FrontLeft
[2025.12.16-18.35.16:825][  0]LogAudioMixer: Display: 1: FrontRight
[2025.12.16-18.35.17:137][  0]LogAudioMixer: Display: Using Audio Device Динамики (Realtek(R) Audio)
[2025.12.16-18.35.17:145][  0]LogAudioMixer: Display: Initializing Sound Submixes...
[2025.12.16-18.35.17:217][  0]LogAudioMixer: Display: Creating Master Submix 'MasterSubmixDefault'
[2025.12.16-18.35.17:217][  0]LogAudioMixer: Display: Creating Master Submix 'MasterReverbSubmixDefault'
[2025.12.16-18.35.17:221][  0]LogAudioMixer: Display: Creating Master Submix 'MasterEQSubmixDefault'
[2025.12.16-18.35.17:221][  0]LogAudioMixer: FMixerPlatformXAudio2::StartAudioStream() called
[2025.12.16-18.35.17:221][  0]LogAudioMixer: Display: Output buffers initialized: Frames=1024, Channels=2, Samples=2048
[2025.12.16-18.35.17:223][  0]LogAudioMixer: Display: Starting AudioMixerPlatformInterface::RunInternal()
[2025.12.16-18.35.17:223][  0]LogAudioMixer: Display: FMixerPlatformXAudio2::SubmitBuffer() called for the first time
[2025.12.16-18.35.17:223][  0]LogInit: FAudioDevice initialized.
[2025.12.16-18.35.17:226][  0]LogAudio: Display: Audio Device (ID: 1) registered with world 'Untitled'.
[2025.12.16-18.35.17:228][  0]LogNetVersion: Set ProjectVersion to 1.0.0.0. Version Checksum will be recalculated on next use.
[2025.12.16-18.35.17:754][  0]LogDerivedDataCache: Saved boot cache 0.50s 94MB C:/Users/Владислав/AppData/Local/UnrealEngine/4.27/DerivedDataCache/Boot.ddc.
[2025.12.16-18.35.17:993][  0]LogInit: Texture streaming: Enabled
[2025.12.16-18.35.18:308][  0]LogAnalytics: Display: [UEEditor.Rocket.Release] APIServer = https://datarouter.ol.epicgames.com/. AppVersion = 4.27.2-18319896+++UE4+Release-4.27
[2025.12.16-18.35.18:369][  0]LogEngineSessionManager: EngineSessionManager initialized
[2025.12.16-18.35.18:370][  0]LogEngineSessionManager: EngineSessionManager sent abnormal shutdown report. Type=AbnormalShutdown, SessionId={624E6190-4419-EF97-A5E1-6491F084586B}
[2025.12.16-18.35.18:371][  0]LogEditorSessionSummary: Verbose: Initializing EditorSessionSummaryWriter for editor session tracking
[2025.12.16-18.35.18:380][  0]LogEditorSessionSummary: EditorSessionSummaryWriter initialized
[2025.12.16-18.35.18:552][  0]LogInit: Transaction tracking system initialized
[2025.12.16-18.35.18:834][  0]BlueprintLog: New page: Editor Load
[2025.12.16-18.35.19:882][  0]LocalizationService: Localization service is disabled
[2025.12.16-18.35.20:195][  0]TimingProfiler: Initialize
[2025.12.16-18.35.20:197][  0]TimingProfiler: OnSessionChanged
[2025.12.16-18.35.20:197][  0]LoadingProfiler: Initialize
[2025.12.16-18.35.20:198][  0]LoadingProfiler: OnSessionChanged
[2025.12.16-18.35.20:198][  0]NetworkingProfiler: Initialize
[2025.12.16-18.35.20:198][  0]NetworkingProfiler: OnSessionChanged
[2025.12.16-18.35.20:198][  0]MemoryProfiler: Initialize
[2025.12.16-18.35.20:198][  0]MemoryProfiler: OnSessionChanged
[2025.12.16-18.35.21:648][  0]LogCook: Display: CookSettings for Memory: MemoryMaxUsedVirtual 0MiB, MemoryMaxUsedPhysical 16384MiB, MemoryMinFreeVirtual 0MiB, MemoryMinFreePhysical 1024MiB
[2025.12.16-18.35.21:648][  0]LogCook: Display: Mobile HDR setting 1
[2025.12.16-18.35.21:936][  0]LogFileCache: Scanning file cache for directory 'D:/WORKPLACE/Mini_laboratory/MEPhI_VR_term_1/Mini_laboratory/Content/' took 0.02s
[2025.12.16-18.35.24:571][  0]LogInit: Display: Engine is initialized. Leaving FEngineLoop::Init()
[2025.12.16-18.35.24:593][  0]SourceControl: Source control is disabled
[2025.12.16-18.35.24:594][  0]LogUnrealEdMisc: Loading editor; pre map load, took 62.496
[2025.12.16-18.35.24:598][  0]Cmd: MAP LOAD FILE="../../../../../../WORKPLACE/Mini_laboratory/MEPhI_VR_term_1/Mini_laboratory/Content/Workplace/Maps/StartMenu.umap" TEMPLATE=0 SHOWPROGRESS=1 FEATURELEVEL=3
[2025.12.16-18.35.24:612][  0]LightingResults: New page: Lighting Build
[2025.12.16-18.35.24:630][  0]LogWorld: UWorld::CleanupWorld for Untitled, bSessionEnded=true, bCleanupResources=true
[2025.12.16-18.35.24:637][  0]LogSlate: InvalidateAllWidgets triggered.  All widgets were invalidated
[2025.12.16-18.35.24:645][  0]MapCheck: New page: Map Check
[2025.12.16-18.35.24:645][  0]LightingResults: New page: Lighting Build
[2025.12.16-18.35.24:682][  0]LogAudio: Display: Audio Device unregistered from world 'None'.
[2025.12.16-18.35.24:729][  0]LogUObjectHash: Compacting FUObjectHashTables data took   2.73ms
[2025.12.16-18.35.25:071][  0]LogAudio: Display: Audio Device (ID: 1) registered with world 'StartMenu'.
[2025.12.16-18.35.25:073][  0]LogAIModule: Creating AISystem for world StartMenu
[2025.12.16-18.35.25:083][  0]LogEditorServer: Finished looking for orphan Actors (0.000 secs)
[2025.12.16-18.35.25:112][  0]LogUObjectHash: Compacting FUObjectHashTables data took   2.00ms
[2025.12.16-18.35.25:118][  0]Cmd: MAP CHECKDEP NOCLEARLOG
[2025.12.16-18.35.25:119][  0]MapCheck: Map check complete: 0 Error(s), 0 Warning(s), took 0,648ms to complete.
[2025.12.16-18.35.25:119][  0]LogFileHelpers: Loading map 'StartMenu' took 0.524
[2025.12.16-18.35.25:239][  0]LogUnrealEdMisc: Total Editor Startup Time, took 63.141
[2025.12.16-18.35.25:566][  0]LogSlate: Updating window title bar state: overlay mode, drag disabled, window buttons hidden, title bar hidden
[2025.12.16-18.35.25:578][  0]LogSlate: Updating window title bar state: overlay mode, drag disabled, window buttons hidden, title bar hidden
[2025.12.16-18.35.25:585][  0]LogSlate: Updating window title bar state: overlay mode, drag disabled, window buttons hidden, title bar hidden
[2025.12.16-18.35.25:593][  0]LogSlate: Updating window title bar state: overlay mode, drag disabled, window buttons hidden, title bar hidden
[2025.12.16-18.35.25:685][  0]LogNativeClassHierarchy: Verbose: Native class hierarchy populated in 0.0140 seconds. Added 3822 classes and 928 folders.
[2025.12.16-18.35.25:706][  0]LogNativeClassHierarchy: Verbose: Native class hierarchy updated for 'WidgetCarousel' in 0.0004 seconds. Added 0 classes and 0 folders.
[2025.12.16-18.35.25:750][  0]LogPakFile: PakFile PrimaryIndexSize=187
[2025.12.16-18.35.25:751][  0]LogPakFile: PakFile PathHashIndexSize=101
[2025.12.16-18.35.25:751][  0]LogPakFile: PakFile FullDirectoryIndexSize=148
[2025.12.16-18.35.25:752][  0]LogShaderLibrary: Display: ShaderCodeLibraryPakFileMountedCallback: PakFile 'D:/Progams on PC/Unreal/UE_4.27/FeaturePacks/FP_FirstPerson.upack' (chunk index -1, root 'root:/') mounted
[2025.12.16-18.35.25:753][  0]LogShaderLibrary: Display: ShaderCodeLibraryPakFileMountedCallback: pending pak file info (ChunkID:-1 Root:root:/ File:D:/Progams on PC/Unreal/UE_4.27/FeaturePacks/FP_FirstPerson.upack)
[2025.12.16-18.35.25:754][  0]LogPakFile: OnPakFileMounted2Time == 0.002928
[2025.12.16-18.35.25:776][  0]LogPakFile: PakFile PrimaryIndexSize=189
[2025.12.16-18.35.25:776][  0]LogPakFile: PakFile PathHashIndexSize=101
[2025.12.16-18.35.25:776][  0]LogPakFile: PakFile FullDirectoryIndexSize=152
[2025.12.16-18.35.25:776][  0]LogShaderLibrary: Display: ShaderCodeLibraryPakFileMountedCallback: PakFile 'D:/Progams on PC/Unreal/UE_4.27/FeaturePacks/FP_FirstPersonBP.upack' (chunk index -1, root 'root:/') mounted
[2025.12.16-18.35.25:776][  0]LogShaderLibrary: Display: ShaderCodeLibraryPakFileMountedCallback: pending pak file info (ChunkID:-1 Root:root:/ File:D:/Progams on PC/Unreal/UE_4.27/FeaturePacks/FP_FirstPersonBP.upack)
[2025.12.16-18.35.25:776][  0]LogPakFile: OnPakFileMounted2Time == 0.000060
[2025.12.16-18.35.25:789][  0]LogPakFile: PakFile PrimaryIndexSize=191
[2025.12.16-18.35.25:789][  0]LogPakFile: PakFile PathHashIndexSize=101
[2025.12.16-18.35.25:789][  0]LogPakFile: PakFile FullDirectoryIndexSize=160
[2025.12.16-18.35.25:789][  0]LogShaderLibrary: Display: ShaderCodeLibraryPakFileMountedCallback: PakFile 'D:/Progams on PC/Unreal/UE_4.27/FeaturePacks/MobileStarterContent.upack' (chunk index -1, root 'root:/') mounted
[2025.12.16-18.35.25:789][  0]LogShaderLibrary: Display: ShaderCodeLibraryPakFileMountedCallback: pending pak file info (ChunkID:-1 Root:root:/ File:D:/Progams on PC/Unreal/UE_4.27/FeaturePacks/MobileStarterContent.upack)
[2025.12.16-18.35.25:790][  0]LogPakFile: OnPakFileMounted2Time == 0.000051
[2025.12.16-18.35.25:802][  0]LogPakFile: PakFile PrimaryIndexSize=185
[2025.12.16-18.35.25:802][  0]LogPakFile: PakFile PathHashIndexSize=101
[2025.12.16-18.35.25:802][  0]LogPakFile: PakFile FullDirectoryIndexSize=148
[2025.12.16-18.35.25:802][  0]LogShaderLibrary: Display: ShaderCodeLibraryPakFileMountedCallback: PakFile 'D:/Progams on PC/Unreal/UE_4.27/FeaturePacks/StarterContent.upack' (chunk index -1, root 'root:/') mounted
[2025.12.16-18.35.25:802][  0]LogShaderLibrary: Display: ShaderCodeLibraryPakFileMountedCallback: pending pak file info (ChunkID:-1 Root:root:/ File:D:/Progams on PC/Unreal/UE_4.27/FeaturePacks/StarterContent.upack)
[2025.12.16-18.35.25:802][  0]LogPakFile: OnPakFileMounted2Time == 0.000088
[2025.12.16-18.35.25:814][  0]LogPakFile: PakFile PrimaryIndexSize=190
[2025.12.16-18.35.25:814][  0]LogPakFile: PakFile PathHashIndexSize=101
[2025.12.16-18.35.25:814][  0]LogPakFile: PakFile FullDirectoryIndexSize=154
[2025.12.16-18.35.25:814][  0]LogShaderLibrary: Display: ShaderCodeLibraryPakFileMountedCallback: PakFile 'D:/Progams on PC/Unreal/UE_4.27/FeaturePacks/TP_2DSideScroller.upack' (chunk index -1, root 'root:/') mounted
[2025.12.16-18.35.25:814][  0]LogShaderLibrary: Display: ShaderCodeLibraryPakFileMountedCallback: pending pak file info (ChunkID:-1 Root:root:/ File:D:/Progams on PC/Unreal/UE_4.27/FeaturePacks/TP_2DSideScroller.upack)
[2025.12.16-18.35.25:814][  0]LogPakFile: OnPakFileMounted2Time == 0.000039
[2025.12.16-18.35.25:824][  0]LogPakFile: PakFile PrimaryIndexSize=192
[2025.12.16-18.35.25:824][  0]LogPakFile: PakFile PathHashIndexSize=101
[2025.12.16-18.35.25:824][  0]LogPakFile: PakFile FullDirectoryIndexSize=158
[2025.12.16-18.35.25:824][  0]LogShaderLibrary: Display: ShaderCodeLibraryPakFileMountedCallback: PakFile 'D:/Progams on PC/Unreal/UE_4.27/FeaturePacks/TP_2DSideScrollerBP.upack' (chunk index -1, root 'root:/') mounted
[2025.12.16-18.35.25:824][  0]LogShaderLibrary: Display: ShaderCodeLibraryPakFileMountedCallback: pending pak file info (ChunkID:-1 Root:root:/ File:D:/Progams on PC/Unreal/UE_4.27/FeaturePacks/TP_2DSideScrollerBP.upack)
[2025.12.16-18.35.25:824][  0]LogPakFile: OnPakFileMounted2Time == 0.000039
[2025.12.16-18.35.25:833][  0]LogPakFile: PakFile PrimaryIndexSize=182
[2025.12.16-18.35.25:833][  0]LogPakFile: PakFile PathHashIndexSize=101
[2025.12.16-18.35.25:833][  0]LogPakFile: PakFile FullDirectoryIndexSize=138
[2025.12.16-18.35.25:833][  0]LogShaderLibrary: Display: ShaderCodeLibraryPakFileMountedCallback: PakFile 'D:/Progams on PC/Unreal/UE_4.27/FeaturePacks/TP_Flying.upack' (chunk index -1, root 'root:/') mounted
[2025.12.16-18.35.25:833][  0]LogShaderLibrary: Display: ShaderCodeLibraryPakFileMountedCallback: pending pak file info (ChunkID:-1 Root:root:/ File:D:/Progams on PC/Unreal/UE_4.27/FeaturePacks/TP_Flying.upack)
[2025.12.16-18.35.25:833][  0]LogPakFile: OnPakFileMounted2Time == 0.000037
[2025.12.16-18.35.25:848][  0]LogPakFile: PakFile PrimaryIndexSize=184
[2025.12.16-18.35.25:848][  0]LogPakFile: PakFile PathHashIndexSize=101
[2025.12.16-18.35.25:848][  0]LogPakFile: PakFile FullDirectoryIndexSize=142
[2025.12.16-18.35.25:848][  0]LogShaderLibrary: Display: ShaderCodeLibraryPakFileMountedCallback: PakFile 'D:/Progams on PC/Unreal/UE_4.27/FeaturePacks/TP_FlyingBP.upack' (chunk index -1, root 'root:/') mounted
[2025.12.16-18.35.25:848][  0]LogShaderLibrary: Display: ShaderCodeLibraryPakFileMountedCallback: pending pak file info (ChunkID:-1 Root:root:/ File:D:/Progams on PC/Unreal/UE_4.27/FeaturePacks/TP_FlyingBP.upack)
[2025.12.16-18.35.25:848][  0]LogPakFile: OnPakFileMounted2Time == 0.000040
[2025.12.16-18.35.25:867][  0]LogPakFile: PakFile PrimaryIndexSize=188
[2025.12.16-18.35.25:867][  0]LogPakFile: PakFile PathHashIndexSize=101
[2025.12.16-18.35.25:867][  0]LogPakFile: PakFile FullDirectoryIndexSize=150
[2025.12.16-18.35.25:867][  0]LogShaderLibrary: Display: ShaderCodeLibraryPakFileMountedCallback: PakFile 'D:/Progams on PC/Unreal/UE_4.27/FeaturePacks/TP_HandheldARBP.upack' (chunk index -1, root 'root:/') mounted
[2025.12.16-18.35.25:867][  0]LogShaderLibrary: Display: ShaderCodeLibraryPakFileMountedCallback: pending pak file info (ChunkID:-1 Root:root:/ File:D:/Progams on PC/Unreal/UE_4.27/FeaturePacks/TP_HandheldARBP.upack)
[2025.12.16-18.35.25:867][  0]LogPakFile: OnPakFileMounted2Time == 0.000039
[2025.12.16-18.35.25:879][  0]LogPakFile: PakFile PrimaryIndexSize=182
[2025.12.16-18.35.25:879][  0]LogPakFile: PakFile PathHashIndexSize=101
[2025.12.16-18.35.25:879][  0]LogPakFile: PakFile FullDirectoryIndexSize=138
[2025.12.16-18.35.25:879][  0]LogShaderLibrary: Display: ShaderCodeLibraryPakFileMountedCallback: PakFile 'D:/Progams on PC/Unreal/UE_4.27/FeaturePacks/TP_Puzzle.upack' (chunk index -1, root 'root:/') mounted
[2025.12.16-18.35.25:879][  0]LogShaderLibrary: Display: ShaderCodeLibraryPakFileMountedCallback: pending pak file info (ChunkID:-1 Root:root:/ File:D:/Progams on PC/Unreal/UE_4.27/FeaturePacks/TP_Puzzle.upack)
[2025.12.16-18.35.25:879][  0]LogPakFile: OnPakFileMounted2Time == 0.000045
[2025.12.16-18.35.25:889][  0]LogPakFile: PakFile PrimaryIndexSize=184
[2025.12.16-18.35.25:889][  0]LogPakFile: PakFile PathHashIndexSize=101
[2025.12.16-18.35.25:889][  0]LogPakFile: PakFile FullDirectoryIndexSize=142
[2025.12.16-18.35.25:889][  0]LogShaderLibrary: Display: ShaderCodeLibraryPakFileMountedCallback: PakFile 'D:/Progams on PC/Unreal/UE_4.27/FeaturePacks/TP_PuzzleBP.upack' (chunk index -1, root 'root:/') mounted
[2025.12.16-18.35.25:889][  0]LogShaderLibrary: Display: ShaderCodeLibraryPakFileMountedCallback: pending pak file info (ChunkID:-1 Root:root:/ File:D:/Progams on PC/Unreal/UE_4.27/FeaturePacks/TP_PuzzleBP.upack)
[2025.12.16-18.35.25:890][  0]LogPakFile: OnPakFileMounted2Time == 0.000061
[2025.12.16-18.35.25:901][  0]LogPakFile: PakFile PrimaryIndexSize=183
[2025.12.16-18.35.25:901][  0]LogPakFile: PakFile PathHashIndexSize=101
[2025.12.16-18.35.25:901][  0]LogPakFile: PakFile FullDirectoryIndexSize=140
[2025.12.16-18.35.25:901][  0]LogShaderLibrary: Display: ShaderCodeLibraryPakFileMountedCallback: PakFile 'D:/Progams on PC/Unreal/UE_4.27/FeaturePacks/TP_Rolling.upack' (chunk index -1, root 'root:/') mounted
[2025.12.16-18.35.25:901][  0]LogShaderLibrary: Display: ShaderCodeLibraryPakFileMountedCallback: pending pak file info (ChunkID:-1 Root:root:/ File:D:/Progams on PC/Unreal/UE_4.27/FeaturePacks/TP_Rolling.upack)
[2025.12.16-18.35.25:901][  0]LogPakFile: OnPakFileMounted2Time == 0.000042
[2025.12.16-18.35.25:911][  0]LogPakFile: PakFile PrimaryIndexSize=185
[2025.12.16-18.35.25:911][  0]LogPakFile: PakFile PathHashIndexSize=101
[2025.12.16-18.35.25:911][  0]LogPakFile: PakFile FullDirectoryIndexSize=144
[2025.12.16-18.35.25:911][  0]LogShaderLibrary: Display: ShaderCodeLibraryPakFileMountedCallback: PakFile 'D:/Progams on PC/Unreal/UE_4.27/FeaturePacks/TP_RollingBP.upack' (chunk index -1, root 'root:/') mounted
[2025.12.16-18.35.25:911][  0]LogShaderLibrary: Display: ShaderCodeLibraryPakFileMountedCallback: pending pak file info (ChunkID:-1 Root:root:/ File:D:/Progams on PC/Unreal/UE_4.27/FeaturePacks/TP_RollingBP.upack)
[2025.12.16-18.35.25:911][  0]LogPakFile: OnPakFileMounted2Time == 0.000047
[2025.12.16-18.35.25:920][  0]LogPakFile: PakFile PrimaryIndexSize=188
[2025.12.16-18.35.25:920][  0]LogPakFile: PakFile PathHashIndexSize=101
[2025.12.16-18.35.25:920][  0]LogPakFile: PakFile FullDirectoryIndexSize=150
[2025.12.16-18.35.25:920][  0]LogShaderLibrary: Display: ShaderCodeLibraryPakFileMountedCallback: PakFile 'D:/Progams on PC/Unreal/UE_4.27/FeaturePacks/TP_SideScroller.upack' (chunk index -1, root 'root:/') mounted
[2025.12.16-18.35.25:920][  0]LogShaderLibrary: Display: ShaderCodeLibraryPakFileMountedCallback: pending pak file info (ChunkID:-1 Root:root:/ File:D:/Progams on PC/Unreal/UE_4.27/FeaturePacks/TP_SideScroller.upack)
[2025.12.16-18.35.25:920][  0]LogPakFile: OnPakFileMounted2Time == 0.000060
[2025.12.16-18.35.25:930][  0]LogPakFile: PakFile PrimaryIndexSize=190
[2025.12.16-18.35.25:930][  0]LogPakFile: PakFile PathHashIndexSize=101
[2025.12.16-18.35.25:930][  0]LogPakFile: PakFile FullDirectoryIndexSize=154
[2025.12.16-18.35.25:930][  0]LogShaderLibrary: Display: ShaderCodeLibraryPakFileMountedCallback: PakFile 'D:/Progams on PC/Unreal/UE_4.27/FeaturePacks/TP_SideScrollerBP.upack' (chunk index -1, root 'root:/') mounted
[2025.12.16-18.35.25:930][  0]LogShaderLibrary: Display: ShaderCodeLibraryPakFileMountedCallback: pending pak file info (ChunkID:-1 Root:root:/ File:D:/Progams on PC/Unreal/UE_4.27/FeaturePacks/TP_SideScrollerBP.upack)
[2025.12.16-18.35.25:930][  0]LogPakFile: OnPakFileMounted2Time == 0.000045
[2025.12.16-18.35.25:940][  0]LogPakFile: PakFile PrimaryIndexSize=187
[2025.12.16-18.35.25:940][  0]LogPakFile: PakFile PathHashIndexSize=101
[2025.12.16-18.35.25:940][  0]LogPakFile: PakFile FullDirectoryIndexSize=148
[2025.12.16-18.35.25:940][  0]LogShaderLibrary: Display: ShaderCodeLibraryPakFileMountedCallback: PakFile 'D:/Progams on PC/Unreal/UE_4.27/FeaturePacks/TP_ThirdPerson.upack' (chunk index -1, root 'root:/') mounted
[2025.12.16-18.35.25:940][  0]LogShaderLibrary: Display: ShaderCodeLibraryPakFileMountedCallback: pending pak file info (ChunkID:-1 Root:root:/ File:D:/Progams on PC/Unreal/UE_4.27/FeaturePacks/TP_ThirdPerson.upack)
[2025.12.16-18.35.25:940][  0]LogPakFile: OnPakFileMounted2Time == 0.000050
[2025.12.16-18.35.25:950][  0]LogPakFile: PakFile PrimaryIndexSize=189
[2025.12.16-18.35.25:950][  0]LogPakFile: PakFile PathHashIndexSize=101
[2025.12.16-18.35.25:950][  0]LogPakFile: PakFile FullDirectoryIndexSize=152
[2025.12.16-18.35.25:950][  0]LogShaderLibrary: Display: ShaderCodeLibraryPakFileMountedCallback: PakFile 'D:/Progams on PC/Unreal/UE_4.27/FeaturePacks/TP_ThirdPersonBP.upack' (chunk index -1, root 'root:/') mounted
[2025.12.16-18.35.25:950][  0]LogShaderLibrary: Display: ShaderCodeLibraryPakFileMountedCallback: pending pak file info (ChunkID:-1 Root:root:/ File:D:/Progams on PC/Unreal/UE_4.27/FeaturePacks/TP_ThirdPersonBP.upack)
[2025.12.16-18.35.25:950][  0]LogPakFile: OnPakFileMounted2Time == 0.000044
[2025.12.16-18.35.25:961][  0]LogPakFile: PakFile PrimaryIndexSize=183
[2025.12.16-18.35.25:961][  0]LogPakFile: PakFile PathHashIndexSize=101
[2025.12.16-18.35.25:961][  0]LogPakFile: PakFile FullDirectoryIndexSize=140
[2025.12.16-18.35.25:961][  0]LogShaderLibrary: Display: ShaderCodeLibraryPakFileMountedCallback: PakFile 'D:/Progams on PC/Unreal/UE_4.27/FeaturePacks/TP_TopDown.upack' (chunk index -1, root 'root:/') mounted
[2025.12.16-18.35.25:961][  0]LogShaderLibrary: Display: ShaderCodeLibraryPakFileMountedCallback: pending pak file info (ChunkID:-1 Root:root:/ File:D:/Progams on PC/Unreal/UE_4.27/FeaturePacks/TP_TopDown.upack)
[2025.12.16-18.35.25:961][  0]LogPakFile: OnPakFileMounted2Time == 0.000052
[2025.12.16-18.35.25:970][  0]LogPakFile: PakFile PrimaryIndexSize=185
[2025.12.16-18.35.25:970][  0]LogPakFile: PakFile PathHashIndexSize=101
[2025.12.16-18.35.25:970][  0]LogPakFile: PakFile FullDirectoryIndexSize=144
[2025.12.16-18.35.25:970][  0]LogShaderLibrary: Display: ShaderCodeLibraryPakFileMountedCallback: PakFile 'D:/Progams on PC/Unreal/UE_4.27/FeaturePacks/TP_TopDownBP.upack' (chunk index -1, root 'root:/') mounted
[2025.12.16-18.35.25:970][  0]LogShaderLibrary: Display: ShaderCodeLibraryPakFileMountedCallback: pending pak file info (ChunkID:-1 Root:root:/ File:D:/Progams on PC/Unreal/UE_4.27/FeaturePacks/TP_TopDownBP.upack)
[2025.12.16-18.35.25:970][  0]LogPakFile: OnPakFileMounted2Time == 0.000049
[2025.12.16-18.35.25:985][  0]LogPakFile: PakFile PrimaryIndexSize=185
[2025.12.16-18.35.25:985][  0]LogPakFile: PakFile PathHashIndexSize=101
[2025.12.16-18.35.25:985][  0]LogPakFile: PakFile FullDirectoryIndexSize=144
[2025.12.16-18.35.25:985][  0]LogShaderLibrary: Display: ShaderCodeLibraryPakFileMountedCallback: PakFile 'D:/Progams on PC/Unreal/UE_4.27/FeaturePacks/TP_TwinStick.upack' (chunk index -1, root 'root:/') mounted
[2025.12.16-18.35.25:985][  0]LogShaderLibrary: Display: ShaderCodeLibraryPakFileMountedCallback: pending pak file info (ChunkID:-1 Root:root:/ File:D:/Progams on PC/Unreal/UE_4.27/FeaturePacks/TP_TwinStick.upack)
[2025.12.16-18.35.25:985][  0]LogPakFile: OnPakFileMounted2Time == 0.000048
[2025.12.16-18.35.25:995][  0]LogPakFile: PakFile PrimaryIndexSize=187
[2025.12.16-18.35.25:995][  0]LogPakFile: PakFile PathHashIndexSize=101
[2025.12.16-18.35.25:995][  0]LogPakFile: PakFile FullDirectoryIndexSize=148
[2025.12.16-18.35.25:995][  0]LogShaderLibrary: Display: ShaderCodeLibraryPakFileMountedCallback: PakFile 'D:/Progams on PC/Unreal/UE_4.27/FeaturePacks/TP_TwinStickBP.upack' (chunk index -1, root 'root:/') mounted
[2025.12.16-18.35.25:995][  0]LogShaderLibrary: Display: ShaderCodeLibraryPakFileMountedCallback: pending pak file info (ChunkID:-1 Root:root:/ File:D:/Progams on PC/Unreal/UE_4.27/FeaturePacks/TP_TwinStickBP.upack)
[2025.12.16-18.35.25:995][  0]LogPakFile: OnPakFileMounted2Time == 0.000046
[2025.12.16-18.35.26:004][  0]LogPakFile: PakFile PrimaryIndexSize=183
[2025.12.16-18.35.26:004][  0]LogPakFile: PakFile PathHashIndexSize=101
[2025.12.16-18.35.26:004][  0]LogPakFile: PakFile FullDirectoryIndexSize=140
[2025.12.16-18.35.26:004][  0]LogShaderLibrary: Display: ShaderCodeLibraryPakFileMountedCallback: PakFile 'D:/Progams on PC/Unreal/UE_4.27/FeaturePacks/TP_Vehicle.upack' (chunk index -1, root 'root:/') mounted
[2025.12.16-18.35.26:004][  0]LogShaderLibrary: Display: ShaderCodeLibraryPakFileMountedCallback: pending pak file info (ChunkID:-1 Root:root:/ File:D:/Progams on PC/Unreal/UE_4.27/FeaturePacks/TP_Vehicle.upack)
[2025.12.16-18.35.26:004][  0]LogPakFile: OnPakFileMounted2Time == 0.000046
[2025.12.16-18.35.26:014][  0]LogPakFile: PakFile PrimaryIndexSize=186
[2025.12.16-18.35.26:014][  0]LogPakFile: PakFile PathHashIndexSize=101
[2025.12.16-18.35.26:014][  0]LogPakFile: PakFile FullDirectoryIndexSize=146
[2025.12.16-18.35.26:014][  0]LogShaderLibrary: Display: ShaderCodeLibraryPakFileMountedCallback: PakFile 'D:/Progams on PC/Unreal/UE_4.27/FeaturePacks/TP_VehicleAdv.upack' (chunk index -1, root 'root:/') mounted
[2025.12.16-18.35.26:014][  0]LogShaderLibrary: Display: ShaderCodeLibraryPakFileMountedCallback: pending pak file info (ChunkID:-1 Root:root:/ File:D:/Progams on PC/Unreal/UE_4.27/FeaturePacks/TP_VehicleAdv.upack)
[2025.12.16-18.35.26:014][  0]LogPakFile: OnPakFileMounted2Time == 0.000043
[2025.12.16-18.35.26:024][  0]LogPakFile: PakFile PrimaryIndexSize=188
[2025.12.16-18.35.26:024][  0]LogPakFile: PakFile PathHashIndexSize=101
[2025.12.16-18.35.26:024][  0]LogPakFile: PakFile FullDirectoryIndexSize=150
[2025.12.16-18.35.26:024][  0]LogShaderLibrary: Display: ShaderCodeLibraryPakFileMountedCallback: PakFile 'D:/Progams on PC/Unreal/UE_4.27/FeaturePacks/TP_VehicleAdvBP.upack' (chunk index -1, root 'root:/') mounted
[2025.12.16-18.35.26:024][  0]LogShaderLibrary: Display: ShaderCodeLibraryPakFileMountedCallback: pending pak file info (ChunkID:-1 Root:root:/ File:D:/Progams on PC/Unreal/UE_4.27/FeaturePacks/TP_VehicleAdvBP.upack)
[2025.12.16-18.35.26:024][  0]LogPakFile: OnPakFileMounted2Time == 0.000047
[2025.12.16-18.35.26:033][  0]LogPakFile: PakFile PrimaryIndexSize=185
[2025.12.16-18.35.26:033][  0]LogPakFile: PakFile PathHashIndexSize=101
[2025.12.16-18.35.26:033][  0]LogPakFile: PakFile FullDirectoryIndexSize=144
[2025.12.16-18.35.26:033][  0]LogShaderLibrary: Display: ShaderCodeLibraryPakFileMountedCallback: PakFile 'D:/Progams on PC/Unreal/UE_4.27/FeaturePacks/TP_VehicleBP.upack' (chunk index -1, root 'root:/') mounted
[2025.12.16-18.35.26:033][  0]LogShaderLibrary: Display: ShaderCodeLibraryPakFileMountedCallback: pending pak file info (ChunkID:-1 Root:root:/ File:D:/Progams on PC/Unreal/UE_4.27/FeaturePacks/TP_VehicleBP.upack)
[2025.12.16-18.35.26:033][  0]LogPakFile: OnPakFileMounted2Time == 0.000053
[2025.12.16-18.35.26:045][  0]LogPakFile: PakFile PrimaryIndexSize=192
[2025.12.16-18.35.26:045][  0]LogPakFile: PakFile PathHashIndexSize=101
[2025.12.16-18.35.26:045][  0]LogPakFile: PakFile FullDirectoryIndexSize=158
[2025.12.16-18.35.26:045][  0]LogShaderLibrary: Display: ShaderCodeLibraryPakFileMountedCallback: PakFile 'D:/Progams on PC/Unreal/UE_4.27/FeaturePacks/TP_VirtualRealityBP.upack' (chunk index -1, root 'root:/') mounted
[2025.12.16-18.35.26:045][  0]LogShaderLibrary: Display: ShaderCodeLibraryPakFileMountedCallback: pending pak file info (ChunkID:-1 Root:root:/ File:D:/Progams on PC/Unreal/UE_4.27/FeaturePacks/TP_VirtualRealityBP.upack)
[2025.12.16-18.35.26:045][  0]LogPakFile: OnPakFileMounted2Time == 0.000044
[2025.12.16-18.35.26:862][  0]LogNativeClassHierarchy: Verbose: Native class hierarchy updated for 'AddContentDialog' in 0.0003 seconds. Added 0 classes and 0 folders.
[2025.12.16-18.35.26:872][  0]LogNativeClassHierarchy: Verbose: Native class hierarchy updated for 'SceneOutliner' in 0.0005 seconds. Added 2 classes and 0 folders.
[2025.12.16-18.35.27:215][  0]LogSlate: Took 0.025539 seconds to synchronously load lazily loaded font '../../../Engine/Content/Slate/Fonts/Roboto-Regular.ttf' (155K)
[2025.12.16-18.35.27:233][  0]LogSlate: Took 0.011096 seconds to synchronously load lazily loaded font '../../../Engine/Content/Editor/Slate/Fonts/FontAwesome.ttf' (139K)
[2025.12.16-18.35.27:253][  0]LogSlate: Took 0.016801 seconds to synchronously load lazily loaded font '../../../Engine/Content/Slate/Fonts/Roboto-Bold.ttf' (160K)
[2025.12.16-18.35.27:534][  0]LogRenderer: Reallocating scene render targets to support 816x364 Format 10 NumSamples 1 (Frame:1).
[2025.12.16-18.35.28:458][  0]LogNativeClassHierarchy: Verbose: Native class hierarchy updated for 'HierarchicalLODOutliner' in 0.0023 seconds. Added 0 classes and 0 folders.
[2025.12.16-18.35.28:469][  0]LogLoad: (Engine Initialization) Total time: 66.37 seconds
[2025.12.16-18.35.28:469][  0]LogLoad: (Engine Initialization) Total Blueprint compile time: 0.00 seconds
[2025.12.16-18.35.28:762][  0]LogContentStreaming: Texture pool size now 1000 MB
[2025.12.16-18.35.29:668][  2]LogSlate: Took 0.012322 seconds to synchronously load lazily loaded font '../../../Engine/Content/Slate/Fonts/Roboto-Light.ttf' (167K)
[2025.12.16-18.35.29:848][  3]LogAssetRegistry: Asset discovery search completed in 39.4388 seconds
[2025.12.16-18.35.29:949][  3]LogCollectionManager: Fixed up redirectors for 0 collections in 0.000036 seconds (updated 0 objects)
[2025.12.16-18.35.30:011][  4]LogSlate: Took 0.000149 seconds to synchronously load lazily loaded font '../../../Engine/Content/Slate/Fonts/Roboto-Light.ttf' (167K)
[2025.12.16-18.35.41:961][977]LogLinker: Warning: Failed to load '/Game/Workplace/Maps/FirstLevel.FirstLevel:PersistentLevel.FirstLevel': Can't resolve asset name
[2025.12.16-18.35.43:256][117]LogSlate: Took 0.010129 seconds to synchronously load lazily loaded font '../../../Engine/Content/Slate/Fonts/Roboto-Italic.ttf' (157K)
[2025.12.16-18.35.52:750][859]LogTemp: Repeating last play command: New Editor Window (PIE)
[2025.12.16-18.35.52:785][859]LogPlayLevel: PlayLevel: No blueprints needed recompiling
[2025.12.16-18.35.52:799][859]PIE: New page: PIE session: StartMenu (17 дек. 2025 г., 00:35:52)
[2025.12.16-18.35.52:931][859]LogOnline: OSS: Creating online subsystem instance for: NULL
[2025.12.16-18.35.52:947][859]LogOnline: OSS: TryLoadSubsystemAndSetDefault: Loaded subsystem for module [NULL]
[2025.12.16-18.35.52:954][859]LogPlayLevel: Creating play world package: /Game/Workplace/Maps/UEDPIE_0_StartMenu
[2025.12.16-18.35.53:023][859]LogPlayLevel: PIE: StaticDuplicateObject took: (0.069136s)
[2025.12.16-18.35.53:102][859]LogAIModule: Creating AISystem for world StartMenu
[2025.12.16-18.35.53:118][859]LogPlayLevel: PIE: World Init took: (0.094022s)
[2025.12.16-18.35.53:119][859]LogPlayLevel: PIE: Created PIE world by copying editor world from /Game/Workplace/Maps/StartMenu.StartMenu to /Game/Workplace/Maps/UEDPIE_0_StartMenu.StartMenu (0.165215s)
[2025.12.16-18.35.53:153][859]LogUObjectHash: Compacting FUObjectHashTables data took   1.21ms
[2025.12.16-18.35.53:196][859]LogAudio: Display: Creating Audio Device:                 Id: 2, Scope: Unique, Realtime: True
[2025.12.16-18.35.53:198][859]LogAudioMixer: Display: Audio Mixer Platform Settings:
[2025.12.16-18.35.53:198][859]LogAudioMixer: Display: 	Sample Rate:						  48000
[2025.12.16-18.35.53:199][859]LogAudioMixer: Display: 	Callback Buffer Frame Size Requested: 1024
[2025.12.16-18.35.53:199][859]LogAudioMixer: Display: 	Callback Buffer Frame Size To Use:	  1024
[2025.12.16-18.35.53:199][859]LogAudioMixer: Display: 	Number of buffers to queue:			  2
[2025.12.16-18.35.53:199][859]LogAudioMixer: Display: 	Max Channels (voices):				  32
[2025.12.16-18.35.53:199][859]LogAudioMixer: Display: 	Number of Async Source Workers:		  0
[2025.12.16-18.35.53:199][859]LogAudio: Display: AudioDevice MaxSources: 32
[2025.12.16-18.35.53:203][859]LogAudio: Display: Audio Spatialization Plugin: None (built-in).
[2025.12.16-18.35.53:203][859]LogAudio: Display: Audio Reverb Plugin: None (built-in).
[2025.12.16-18.35.53:203][859]LogAudio: Display: Audio Occlusion Plugin: None (built-in).
[2025.12.16-18.35.53:203][859]LogAudioMixer: Display: Initializing audio mixer.
[2025.12.16-18.35.53:216][859]LogAudioMixer: Display: 0: FrontLeft
[2025.12.16-18.35.53:216][859]LogAudioMixer: Display: 1: FrontRight
[2025.12.16-18.35.53:236][859]LogAudioMixer: Display: Using Audio Device Динамики (Realtek(R) Audio)
[2025.12.16-18.35.53:240][859]LogAudioMixer: Display: Initializing Sound Submixes...
[2025.12.16-18.35.53:240][859]LogAudioMixer: Display: Creating Master Submix 'MasterSubmixDefault'
[2025.12.16-18.35.53:241][859]LogAudioMixer: Display: Creating Master Submix 'MasterReverbSubmixDefault'
[2025.12.16-18.35.53:244][859]LogAudioMixer: Display: Creating Master Submix 'MasterEQSubmixDefault'
[2025.12.16-18.35.53:244][859]LogAudioMixer: FMixerPlatformXAudio2::StartAudioStream() called
[2025.12.16-18.35.53:245][859]LogAudioMixer: Display: Output buffers initialized: Frames=1024, Channels=2, Samples=2048
[2025.12.16-18.35.53:247][859]LogAudioMixer: Display: Starting AudioMixerPlatformInterface::RunInternal()
[2025.12.16-18.35.53:247][859]LogAudioMixer: Display: FMixerPlatformXAudio2::SubmitBuffer() called for the first time
[2025.12.16-18.35.53:247][859]LogInit: FAudioDevice initialized.
[2025.12.16-18.35.53:248][859]LogAudio: Display: Audio Device (ID: 2) registered with world 'StartMenu'.
[2025.12.16-18.35.53:319][859]LogSlate: Updating window title bar state: overlay mode, drag disabled, window buttons hidden, title bar hidden
[2025.12.16-18.35.53:871][859]LogLoad: Game class is 'BP_GameMode_C'
[2025.12.16-18.35.53:887][859]LogWorld: Bringing World /Game/Workplace/Maps/UEDPIE_0_StartMenu.StartMenu up for play (max tick rate 0) at 2025.12.16-21.35.53
[2025.12.16-18.35.53:891][859]LogWorld: Bringing up level for play took: 0.009013
[2025.12.16-18.35.53:900][859]LogOnline: OSS: Creating online subsystem instance for: :Context_1
[2025.12.16-18.35.53:923][859]LogSpawn: Warning: SpawnActor failed because no class was specified
[2025.12.16-18.35.53:949][859]LogNativeClassHierarchy: Verbose: Native class hierarchy updated for 'MovieSceneCapture' in 0.0004 seconds. Added 20 classes and 0 folders.
[2025.12.16-18.35.54:010][859]LogPlayerController: Error: InputMode:UIOnly - Attempting to focus Non-Focusable widget SObjectWidget [Widget.cpp(799)]!
[2025.12.16-18.35.54:010][859]LogViewport: Display: Viewport MouseLockMode Changed, LockOnCapture -> DoNotLock
[2025.12.16-18.35.54:010][859]LogViewport: Display: Viewport MouseCaptureMode Changed, CapturePermanently_IncludingInitialMouseDown -> NoCapture
[2025.12.16-18.35.54:030][859]PIE: Server logged in
[2025.12.16-18.35.54:033][859]PIE: Play in editor total start time 1,258 seconds.
[2025.12.16-18.35.54:203][860]LogRenderer: Reallocating scene render targets to support 1272x688 Format 10 NumSamples 1 (Frame:1).
[2025.12.16-18.35.55:203][888]LogViewport: Display: Viewport MouseLockMode Changed, DoNotLock -> LockOnCapture
[2025.12.16-18.35.55:205][888]LogViewport: Display: Viewport MouseCaptureMode Changed, NoCapture -> CapturePermanently
[2025.12.16-18.35.55:220][888]LogNet: Browse: /Game/Workplace/Maps/FirstLevel
[2025.12.16-18.35.55:222][888]LogLoad: LoadMap: /Game/Workplace/Maps/FirstLevel
[2025.12.16-18.35.55:223][888]LogWorld: BeginTearingDown for /Game/Workplace/Maps/UEDPIE_0_StartMenu
[2025.12.16-18.35.55:272][888]LogWorld: UWorld::CleanupWorld for StartMenu, bSessionEnded=true, bCleanupResources=true
[2025.12.16-18.35.55:277][888]LogSlate: InvalidateAllWidgets triggered.  All widgets were invalidated
[2025.12.16-18.35.55:370][888]LogAudio: Display: Audio Device unregistered from world 'None'.
[2025.12.16-18.35.55:443][888]LogUObjectHash: Compacting FUObjectHashTables data took   3.01ms
[2025.12.16-18.35.56:479][888]LogAudio: Display: Audio Device (ID: 2) registered with world 'FirstLevel'.
[2025.12.16-18.35.56:520][888]LogAIModule: Creating AISystem for world FirstLevel
[2025.12.16-18.35.56:535][888]LogLoad: Game class is 'BP_GameMode_C'
[2025.12.16-18.35.56:567][888]LogWorld: Bringing World /Game/Workplace/Maps/UEDPIE_0_FirstLevel.FirstLevel up for play (max tick rate 0) at 2025.12.16-21.35.56
[2025.12.16-18.35.56:570][888]LogWorld: Bringing up level for play took: 0.030684
[2025.12.16-18.35.56:609][888]LogSpawn: Warning: SpawnActor failed because no class was specified
[2025.12.16-18.35.56:649][888]LogLoad: Took 1.425872 seconds to LoadMap(/Game/Workplace/Maps/FirstLevel)
[2025.12.16-18.36.16:193][935]LogSlate: Updating window title bar state: overlay mode, drag disabled, window buttons hidden, title bar hidden
[2025.12.16-18.36.16:214][935]LogWorld: BeginTearingDown for /Game/Workplace/Maps/UEDPIE_0_FirstLevel
[2025.12.16-18.36.16:225][935]LogSlate: Window 'Mini_laboratory Preview [NetMode: Standalone]  (64-bit/Windows) ' being destroyed
[2025.12.16-18.36.16:248][935]LogWorld: UWorld::CleanupWorld for FirstLevel, bSessionEnded=true, bCleanupResources=true
[2025.12.16-18.36.16:255][935]LogSlate: InvalidateAllWidgets triggered.  All widgets were invalidated
[2025.12.16-18.36.16:645][935]LogPlayLevel: Display: Shutting down PIE online subsystems
[2025.12.16-18.36.16:667][935]LogSlate: InvalidateAllWidgets triggered.  All widgets were invalidated
[2025.12.16-18.36.16:725][935]LogAudioMixer: FMixerPlatformXAudio2::StopAudioStream() called
[2025.12.16-18.36.16:730][935]LogAudioMixer: FMixerPlatformXAudio2::StopAudioStream() called
[2025.12.16-18.36.16:789][935]LogUObjectHash: Compacting FUObjectHashTables data took   1.59ms
[2025.12.16-18.36.16:827][936]LogPlayLevel: Display: Destroying online subsystem :Context_1
[2025.12.16-18.37.00:511][904]LogAssetEditorSubsystem: Opening Asset editor for Blueprint /Game/Workplace/FirstPerson/FirstPersonBP/Blueprints/BP_HUD.BP_HUD
[2025.12.16-18.37.01:960][904]LogNativeClassHierarchy: Verbose: Native class hierarchy updated for 'BlueprintGraph' in 0.0027 seconds. Added 126 classes and 0 folders.
[2025.12.16-18.37.04:166][904]LogSlate: Took 0.013914 seconds to synchronously load lazily loaded font '../../../Engine/Content/Slate/Fonts/Roboto-BoldCondensed.ttf' (158K)
[2025.12.16-18.37.27:314][155]LogAssetEditorSubsystem: Opening Asset editor for EditorUtilityWidgetBlueprint /Game/Workplace/FirstPerson/FirstPersonBP/Blueprints/BPW_Crosshair.BPW_Crosshair
[2025.12.16-18.37.30:659][355]LogWorld: UWorld::CleanupWorld for World_7, bSessionEnded=true, bCleanupResources=true
[2025.12.16-18.37.30:662][355]LogSlate: InvalidateAllWidgets triggered.  All widgets were invalidated
[2025.12.16-18.37.58:621][134]LogAssetEditorSubsystem: Opening Asset editor for Blueprint /Game/Workplace/Blueprints/GlobalVariables.GlobalVariables
[2025.12.16-18.38.07:432][ 40]LogSlate: Took 0.010694 seconds to synchronously load lazily loaded font '../../../Engine/Content/Slate/Fonts/Roboto-BoldCondensedItalic.ttf' (160K)
[2025.12.16-18.38.12:352][526]BlueprintLog: New page: Compile GlobalVariables
[2025.12.16-18.38.12:527][526]LogUObjectHash: Compacting FUObjectHashTables data took   5.08ms
[2025.12.16-18.38.12:582][526]LogSlate: Took 0.009420 seconds to synchronously load lazily loaded font '../../../Engine/Content/Slate/Fonts/DroidSansMono.ttf' (77K)
[2025.12.16-18.38.13:061][567]LogSavePackage: Moving '../../../../../../WORKPLACE/Mini_laboratory/MEPhI_VR_term_1/Mini_laboratory/Saved/GlobalVariables65FA7711403A8F7798C65CBA53A56FBD.tmp' to '../../../../../../WORKPLACE/Mini_laboratory/MEPhI_VR_term_1/Mini_laboratory/Content/Workplace/Blueprints/GlobalVariables.uasset'
[2025.12.16-18.38.13:098][567]AssetCheck: New page: Asset Save: GlobalVariables
[2025.12.16-18.38.13:098][567]LogContentValidation: Display: Validating Blueprint /Game/Workplace/Blueprints/GlobalVariables.GlobalVariables
[2025.12.16-18.38.13:355][594]BlueprintLog: New page: Compile GlobalVariables
[2025.12.16-18.38.13:417][594]LogUObjectHash: Compacting FUObjectHashTables data took   4.60ms
[2025.12.16-18.38.13:768][625]LogSavePackage: Moving '../../../../../../WORKPLACE/Mini_laboratory/MEPhI_VR_term_1/Mini_laboratory/Saved/GlobalVariables9434AAAE424FE396A80CBD81D632CED2.tmp' to '../../../../../../WORKPLACE/Mini_laboratory/MEPhI_VR_term_1/Mini_laboratory/Content/Workplace/Blueprints/GlobalVariables.uasset'
[2025.12.16-18.38.13:791][625]AssetCheck: New page: Asset Save: GlobalVariables
[2025.12.16-18.38.13:791][625]LogContentValidation: Display: Validating Blueprint /Game/Workplace/Blueprints/GlobalVariables.GlobalVariables
[2025.12.16-18.38.14:080][658]BlueprintLog: New page: Compile GlobalVariables
[2025.12.16-18.38.14:133][658]LogUObjectHash: Compacting FUObjectHashTables data took   4.70ms
[2025.12.16-18.38.14:492][687]LogSavePackage: Moving '../../../../../../WORKPLACE/Mini_laboratory/MEPhI_VR_term_1/Mini_laboratory/Saved/GlobalVariablesD71E159D4B022FF194547E81D142176B.tmp' to '../../../../../../WORKPLACE/Mini_laboratory/MEPhI_VR_term_1/Mini_laboratory/Content/Workplace/Blueprints/GlobalVariables.uasset'
[2025.12.16-18.38.14:517][687]AssetCheck: New page: Asset Save: GlobalVariables
[2025.12.16-18.38.14:517][687]LogContentValidation: Display: Validating Blueprint /Game/Workplace/Blueprints/GlobalVariables.GlobalVariables
[2025.12.16-18.38.14:747][714]BlueprintLog: New page: Compile GlobalVariables
[2025.12.16-18.38.14:801][714]LogUObjectHash: Compacting FUObjectHashTables data took   3.83ms
[2025.12.16-18.38.15:159][748]LogSavePackage: Moving '../../../../../../WORKPLACE/Mini_laboratory/MEPhI_VR_term_1/Mini_laboratory/Saved/GlobalVariables8C0DDC4245536B80C377C194A3807ACF.tmp' to '../../../../../../WORKPLACE/Mini_laboratory/MEPhI_VR_term_1/Mini_laboratory/Content/Workplace/Blueprints/GlobalVariables.uasset'
[2025.12.16-18.38.15:186][748]AssetCheck: New page: Asset Save: GlobalVariables
[2025.12.16-18.38.15:186][748]LogContentValidation: Display: Validating Blueprint /Game/Workplace/Blueprints/GlobalVariables.GlobalVariables
[2025.12.16-18.38.15:516][784]BlueprintLog: New page: Compile GlobalVariables
[2025.12.16-18.38.15:582][784]LogUObjectHash: Compacting FUObjectHashTables data took   5.22ms
[2025.12.16-18.38.16:294][860]LogSavePackage: Moving '../../../../../../WORKPLACE/Mini_laboratory/MEPhI_VR_term_1/Mini_laboratory/Saved/GlobalVariables9BD9C2BD4533A5712C7DD0BFE7040FBA.tmp' to '../../../../../../WORKPLACE/Mini_laboratory/MEPhI_VR_term_1/Mini_laboratory/Content/Workplace/Blueprints/GlobalVariables.uasset'
[2025.12.16-18.38.16:319][860]AssetCheck: New page: Asset Save: GlobalVariables
[2025.12.16-18.38.16:319][860]LogContentValidation: Display: Validating Blueprint /Game/Workplace/Blueprints/GlobalVariables.GlobalVariables
[2025.12.16-18.38.16:666][900]BlueprintLog: New page: Compile GlobalVariables
[2025.12.16-18.38.16:718][900]LogUObjectHash: Compacting FUObjectHashTables data took   4.70ms
[2025.12.16-18.38.17:010][925]LogSavePackage: Moving '../../../../../../WORKPLACE/Mini_laboratory/MEPhI_VR_term_1/Mini_laboratory/Saved/GlobalVariablesA0758FD44DD952662D66BAB179BB0406.tmp' to '../../../../../../WORKPLACE/Mini_laboratory/MEPhI_VR_term_1/Mini_laboratory/Content/Workplace/Blueprints/GlobalVariables.uasset'
[2025.12.16-18.38.17:036][925]AssetCheck: New page: Asset Save: GlobalVariables
[2025.12.16-18.38.17:037][925]LogContentValidation: Display: Validating Blueprint /Game/Workplace/Blueprints/GlobalVariables.GlobalVariables
[2025.12.16-18.38.30:788][299]BlueprintLog: New page: Compile BPW_Crosshair
[2025.12.16-18.38.30:887][299]LogUObjectHash: Compacting FUObjectHashTables data took   4.59ms
[2025.12.16-18.38.31:435][342]LogSavePackage: Moving '../../../../../../WORKPLACE/Mini_laboratory/MEPhI_VR_term_1/Mini_laboratory/Saved/BPW_Crosshair9EE3E4AC45E51A33663F6A8B8E44387A.tmp' to '../../../../../../WORKPLACE/Mini_laboratory/MEPhI_VR_term_1/Mini_laboratory/Content/Workplace/FirstPerson/FirstPersonBP/Blueprints/BPW_Crosshair.uasset'
[2025.12.16-18.38.31:473][342]AssetCheck: New page: Asset Save: BPW_Crosshair
[2025.12.16-18.38.31:473][342]LogContentValidation: Display: Validating EditorUtilityWidgetBlueprint /Game/Workplace/FirstPerson/FirstPersonBP/Blueprints/BPW_Crosshair.BPW_Crosshair
[2025.12.16-18.38.31:762][374]BlueprintLog: New page: Compile BPW_Crosshair
[2025.12.16-18.38.31:838][374]LogUObjectHash: Compacting FUObjectHashTables data took   4.16ms
[2025.12.16-18.38.32:218][403]LogSavePackage: Moving '../../../../../../WORKPLACE/Mini_laboratory/MEPhI_VR_term_1/Mini_laboratory/Saved/BPW_Crosshair2C46D05F49E918A7EA5EEBBF9ED5A4DB.tmp' to '../../../../../../WORKPLACE/Mini_laboratory/MEPhI_VR_term_1/Mini_laboratory/Content/Workplace/FirstPerson/FirstPersonBP/Blueprints/BPW_Crosshair.uasset'
[2025.12.16-18.38.32:246][403]AssetCheck: New page: Asset Save: BPW_Crosshair
[2025.12.16-18.38.32:246][403]LogContentValidation: Display: Validating EditorUtilityWidgetBlueprint /Game/Workplace/FirstPerson/FirstPersonBP/Blueprints/BPW_Crosshair.BPW_Crosshair
[2025.12.16-18.38.32:507][429]BlueprintLog: New page: Compile BPW_Crosshair
[2025.12.16-18.38.32:576][429]LogUObjectHash: Compacting FUObjectHashTables data took   5.51ms
[2025.12.16-18.38.37:748][931]LogSavePackage: Moving '../../../../../../WORKPLACE/Mini_laboratory/MEPhI_VR_term_1/Mini_laboratory/Saved/BPW_Crosshair9DF18CC94874816CAEFC3683B630CAD0.tmp' to '../../../../../../WORKPLACE/Mini_laboratory/MEPhI_VR_term_1/Mini_laboratory/Content/Workplace/FirstPerson/FirstPersonBP/Blueprints/BPW_Crosshair.uasset'
[2025.12.16-18.38.37:777][931]AssetCheck: New page: Asset Save: BPW_Crosshair
[2025.12.16-18.38.37:777][931]LogContentValidation: Display: Validating EditorUtilityWidgetBlueprint /Game/Workplace/FirstPerson/FirstPersonBP/Blueprints/BPW_Crosshair.BPW_Crosshair
[2025.12.16-18.39.23:008][ 80]BlueprintLog: New page: Compile GlobalVariables
[2025.12.16-18.39.23:077][ 80]LogUObjectHash: Compacting FUObjectHashTables data took   5.41ms
[2025.12.16-18.39.23:744][146]LogSavePackage: Moving '../../../../../../WORKPLACE/Mini_laboratory/MEPhI_VR_term_1/Mini_laboratory/Saved/GlobalVariables68697E2645AC0B2B2F47B699D17A0DBD.tmp' to '../../../../../../WORKPLACE/Mini_laboratory/MEPhI_VR_term_1/Mini_laboratory/Content/Workplace/Blueprints/GlobalVariables.uasset'
[2025.12.16-18.39.23:791][146]AssetCheck: New page: Asset Save: GlobalVariables
[2025.12.16-18.39.23:791][146]LogContentValidation: Display: Validating Blueprint /Game/Workplace/Blueprints/GlobalVariables.GlobalVariables
[2025.12.16-18.39.24:338][210]BlueprintLog: New page: Compile GlobalVariables
[2025.12.16-18.39.24:391][210]LogUObjectHash: Compacting FUObjectHashTables data took   4.46ms
[2025.12.16-18.39.24:842][254]LogSavePackage: Moving '../../../../../../WORKPLACE/Mini_laboratory/MEPhI_VR_term_1/Mini_laboratory/Saved/GlobalVariables7AC16FD54BC7F9D7A138F0BA39AFC18D.tmp' to '../../../../../../WORKPLACE/Mini_laboratory/MEPhI_VR_term_1/Mini_laboratory/Content/Workplace/Blueprints/GlobalVariables.uasset'
[2025.12.16-18.39.24:866][254]AssetCheck: New page: Asset Save: GlobalVariables
[2025.12.16-18.39.24:866][254]LogContentValidation: Display: Validating Blueprint /Game/Workplace/Blueprints/GlobalVariables.GlobalVariables
[2025.12.16-18.39.26:360][427]BlueprintLog: New page: Compile GlobalVariables
[2025.12.16-18.39.26:412][427]LogUObjectHash: Compacting FUObjectHashTables data took   4.04ms
[2025.12.16-18.39.26:804][463]LogSavePackage: Moving '../../../../../../WORKPLACE/Mini_laboratory/MEPhI_VR_term_1/Mini_laboratory/Saved/GlobalVariablesF381561D4E8CC622EF651CB842E10A6A.tmp' to '../../../../../../WORKPLACE/Mini_laboratory/MEPhI_VR_term_1/Mini_laboratory/Content/Workplace/Blueprints/GlobalVariables.uasset'
[2025.12.16-18.39.26:830][463]AssetCheck: New page: Asset Save: GlobalVariables
[2025.12.16-18.39.26:830][463]LogContentValidation: Display: Validating Blueprint /Game/Workplace/Blueprints/GlobalVariables.GlobalVariables
[2025.12.16-18.39.27:191][502]BlueprintLog: New page: Compile GlobalVariables
[2025.12.16-18.39.27:245][502]LogUObjectHash: Compacting FUObjectHashTables data took   5.05ms
[2025.12.16-18.39.27:700][546]LogSavePackage: Moving '../../../../../../WORKPLACE/Mini_laboratory/MEPhI_VR_term_1/Mini_laboratory/Saved/GlobalVariables91905A6B42697DC72DFE189FF5F43309.tmp' to '../../../../../../WORKPLACE/Mini_laboratory/MEPhI_VR_term_1/Mini_laboratory/Content/Workplace/Blueprints/GlobalVariables.uasset'
[2025.12.16-18.39.27:725][546]AssetCheck: New page: Asset Save: GlobalVariables
[2025.12.16-18.39.27:725][546]LogContentValidation: Display: Validating Blueprint /Game/Workplace/Blueprints/GlobalVariables.GlobalVariables
[2025.12.16-18.39.28:509][636]BlueprintLog: New page: Compile GlobalVariables
[2025.12.16-18.39.28:563][636]LogUObjectHash: Compacting FUObjectHashTables data took   4.57ms
[2025.12.16-18.39.29:129][686]LogSavePackage: Moving '../../../../../../WORKPLACE/Mini_laboratory/MEPhI_VR_term_1/Mini_laboratory/Saved/GlobalVariables2BA327F941C74D3197418D929577498E.tmp' to '../../../../../../WORKPLACE/Mini_laboratory/MEPhI_VR_term_1/Mini_laboratory/Content/Workplace/Blueprints/GlobalVariables.uasset'
[2025.12.16-18.39.29:152][686]AssetCheck: New page: Asset Save: GlobalVariables
[2025.12.16-18.39.29:152][686]LogContentValidation: Display: Validating Blueprint /Game/Workplace/Blueprints/GlobalVariables.GlobalVariables
[2025.12.16-18.39.29:630][741]BlueprintLog: New page: Compile GlobalVariables
[2025.12.16-18.39.29:684][741]LogUObjectHash: Compacting FUObjectHashTables data took   4.27ms
[2025.12.16-18.39.30:459][815]LogSavePackage: Moving '../../../../../../WORKPLACE/Mini_laboratory/MEPhI_VR_term_1/Mini_laboratory/Saved/GlobalVariables430CCD4C46C932065967C0B5DAD7EA71.tmp' to '../../../../../../WORKPLACE/Mini_laboratory/MEPhI_VR_term_1/Mini_laboratory/Content/Workplace/Blueprints/GlobalVariables.uasset'
[2025.12.16-18.39.30:485][815]AssetCheck: New page: Asset Save: GlobalVariables
[2025.12.16-18.39.30:485][815]LogContentValidation: Display: Validating Blueprint /Game/Workplace/Blueprints/GlobalVariables.GlobalVariables
[2025.12.16-18.39.31:092][881]BlueprintLog: New page: Compile GlobalVariables
[2025.12.16-18.39.31:145][881]LogUObjectHash: Compacting FUObjectHashTables data took   4.00ms
[2025.12.16-18.39.31:590][924]LogSavePackage: Moving '../../../../../../WORKPLACE/Mini_laboratory/MEPhI_VR_term_1/Mini_laboratory/Saved/GlobalVariables33DC639C4914F81487D9B5A66699A11B.tmp' to '../../../../../../WORKPLACE/Mini_laboratory/MEPhI_VR_term_1/Mini_laboratory/Content/Workplace/Blueprints/GlobalVariables.uasset'
[2025.12.16-18.39.31:614][924]AssetCheck: New page: Asset Save: GlobalVariables
[2025.12.16-18.39.31:614][924]LogContentValidation: Display: Validating Blueprint /Game/Workplace/Blueprints/GlobalVariables.GlobalVariables
[2025.12.16-18.39.31:939][961]BlueprintLog: New page: Compile GlobalVariables
[2025.12.16-18.39.31:996][961]LogUObjectHash: Compacting FUObjectHashTables data took   4.38ms
[2025.12.16-18.39.32:420][999]LogSavePackage: Moving '../../../../../../WORKPLACE/Mini_laboratory/MEPhI_VR_term_1/Mini_laboratory/Saved/GlobalVariables9BBDAD314F17B3C770B842908978422A.tmp' to '../../../../../../WORKPLACE/Mini_laboratory/MEPhI_VR_term_1/Mini_laboratory/Content/Workplace/Blueprints/GlobalVariables.uasset'
[2025.12.16-18.39.32:446][999]AssetCheck: New page: Asset Save: GlobalVariables
[2025.12.16-18.39.32:446][999]LogContentValidation: Display: Validating Blueprint /Game/Workplace/Blueprints/GlobalVariables.GlobalVariables
[2025.12.16-18.39.32:763][ 33]BlueprintLog: New page: Compile GlobalVariables
[2025.12.16-18.39.32:820][ 33]LogUObjectHash: Compacting FUObjectHashTables data took   5.45ms
[2025.12.16-18.39.33:432][ 85]LogSavePackage: Moving '../../../../../../WORKPLACE/Mini_laboratory/MEPhI_VR_term_1/Mini_laboratory/Saved/GlobalVariablesCB2BC3F144E3D878B9801F8EDFD5EC4E.tmp' to '../../../../../../WORKPLACE/Mini_laboratory/MEPhI_VR_term_1/Mini_laboratory/Content/Workplace/Blueprints/GlobalVariables.uasset'
[2025.12.16-18.39.33:464][ 85]AssetCheck: New page: Asset Save: GlobalVariables
[2025.12.16-18.39.33:464][ 85]LogContentValidation: Display: Validating Blueprint /Game/Workplace/Blueprints/GlobalVariables.GlobalVariables
[2025.12.16-18.39.34:182][157]LogSavePackage: Moving '../../../../../../WORKPLACE/Mini_laboratory/MEPhI_VR_term_1/Mini_laboratory/Saved/GlobalVariables088FD0D64CBA53C5E25C5BA3FD919E11.tmp' to '../../../../../../WORKPLACE/Mini_laboratory/MEPhI_VR_term_1/Mini_laboratory/Content/Workplace/Blueprints/GlobalVariables.uasset'
[2025.12.16-18.39.34:208][157]AssetCheck: New page: Asset Save: GlobalVariables
[2025.12.16-18.39.34:208][157]LogContentValidation: Display: Validating Blueprint /Game/Workplace/Blueprints/GlobalVariables.GlobalVariables
[2025.12.16-18.39.34:700][213]BlueprintLog: New page: Compile GlobalVariables
[2025.12.16-18.39.34:753][213]LogUObjectHash: Compacting FUObjectHashTables data took   3.97ms
[2025.12.16-18.39.35:458][283]LogSavePackage: Moving '../../../../../../WORKPLACE/Mini_laboratory/MEPhI_VR_term_1/Mini_laboratory/Saved/GlobalVariables7D3C6CBC4FDF12AE42298FB0CC5558CA.tmp' to '../../../../../../WORKPLACE/Mini_laboratory/MEPhI_VR_term_1/Mini_laboratory/Content/Workplace/Blueprints/GlobalVariables.uasset'
[2025.12.16-18.39.35:487][283]AssetCheck: New page: Asset Save: GlobalVariables
[2025.12.16-18.39.35:487][283]LogContentValidation: Display: Validating Blueprint /Game/Workplace/Blueprints/GlobalVariables.GlobalVariables
[2025.12.16-18.39.35:923][333]BlueprintLog: New page: Compile GlobalVariables
[2025.12.16-18.39.35:977][333]LogUObjectHash: Compacting FUObjectHashTables data took   5.10ms
[2025.12.16-18.39.36:376][371]LogSavePackage: Moving '../../../../../../WORKPLACE/Mini_laboratory/MEPhI_VR_term_1/Mini_laboratory/Saved/GlobalVariablesD6E9B7494778EDC83A24EC8A2B70CDF7.tmp' to '../../../../../../WORKPLACE/Mini_laboratory/MEPhI_VR_term_1/Mini_laboratory/Content/Workplace/Blueprints/GlobalVariables.uasset'
[2025.12.16-18.39.36:401][371]AssetCheck: New page: Asset Save: GlobalVariables
[2025.12.16-18.39.36:401][371]LogContentValidation: Display: Validating Blueprint /Game/Workplace/Blueprints/GlobalVariables.GlobalVariables
[2025.12.16-18.39.36:892][425]BlueprintLog: New page: Compile GlobalVariables
[2025.12.16-18.39.36:951][425]LogUObjectHash: Compacting FUObjectHashTables data took   4.20ms
[2025.12.16-18.39.37:359][462]LogSavePackage: Moving '../../../../../../WORKPLACE/Mini_laboratory/MEPhI_VR_term_1/Mini_laboratory/Saved/GlobalVariables7D6D5C0947215139FD293C9ABE05CED1.tmp' to '../../../../../../WORKPLACE/Mini_laboratory/MEPhI_VR_term_1/Mini_laboratory/Content/Workplace/Blueprints/GlobalVariables.uasset'
[2025.12.16-18.39.37:384][462]AssetCheck: New page: Asset Save: GlobalVariables
[2025.12.16-18.39.37:384][462]LogContentValidation: Display: Validating Blueprint /Game/Workplace/Blueprints/GlobalVariables.GlobalVariables
[2025.12.16-18.39.37:824][510]BlueprintLog: New page: Compile GlobalVariables
[2025.12.16-18.39.37:881][510]LogUObjectHash: Compacting FUObjectHashTables data took   5.29ms
[2025.12.16-18.39.38:552][569]LogSavePackage: Moving '../../../../../../WORKPLACE/Mini_laboratory/MEPhI_VR_term_1/Mini_laboratory/Saved/GlobalVariables8631273C468FCFEA6831D4B6EB898F2F.tmp' to '../../../../../../WORKPLACE/Mini_laboratory/MEPhI_VR_term_1/Mini_laboratory/Content/Workplace/Blueprints/GlobalVariables.uasset'
[2025.12.16-18.39.38:577][569]AssetCheck: New page: Asset Save: GlobalVariables
[2025.12.16-18.39.38:577][569]LogContentValidation: Display: Validating Blueprint /Game/Workplace/Blueprints/GlobalVariables.GlobalVariables
[2025.12.16-18.39.39:251][648]BlueprintLog: New page: Compile GlobalVariables
[2025.12.16-18.39.39:305][648]LogUObjectHash: Compacting FUObjectHashTables data took   4.55ms
[2025.12.16-18.39.46:486][433]BlueprintLog: New page: Compile GlobalVariables
[2025.12.16-18.39.46:539][433]LogUObjectHash: Compacting FUObjectHashTables data took   4.23ms
[2025.12.16-18.39.47:017][476]LogSavePackage: Moving '../../../../../../WORKPLACE/Mini_laboratory/MEPhI_VR_term_1/Mini_laboratory/Saved/GlobalVariablesDC47DCB34AF475DA7BDBFDA0C1BB077F.tmp' to '../../../../../../WORKPLACE/Mini_laboratory/MEPhI_VR_term_1/Mini_laboratory/Content/Workplace/Blueprints/GlobalVariables.uasset'
[2025.12.16-18.39.47:043][476]AssetCheck: New page: Asset Save: GlobalVariables
[2025.12.16-18.39.47:043][476]LogContentValidation: Display: Validating Blueprint /Game/Workplace/Blueprints/GlobalVariables.GlobalVariables
[2025.12.16-18.39.47:443][521]BlueprintLog: New page: Compile GlobalVariables
[2025.12.16-18.39.47:500][521]LogUObjectHash: Compacting FUObjectHashTables data took   4.53ms
[2025.12.16-18.39.47:945][564]LogSavePackage: Moving '../../../../../../WORKPLACE/Mini_laboratory/MEPhI_VR_term_1/Mini_laboratory/Saved/GlobalVariablesA50C46584FB09A2D695CD2AD3BFAB4A0.tmp' to '../../../../../../WORKPLACE/Mini_laboratory/MEPhI_VR_term_1/Mini_laboratory/Content/Workplace/Blueprints/GlobalVariables.uasset'
[2025.12.16-18.39.47:975][564]AssetCheck: New page: Asset Save: GlobalVariables
[2025.12.16-18.39.47:975][564]LogContentValidation: Display: Validating Blueprint /Game/Workplace/Blueprints/GlobalVariables.GlobalVariables
[2025.12.16-18.39.48:401][609]BlueprintLog: New page: Compile GlobalVariables
[2025.12.16-18.39.48:470][609]LogUObjectHash: Compacting FUObjectHashTables data took   9.32ms
[2025.12.16-18.39.48:895][648]LogSavePackage: Moving '../../../../../../WORKPLACE/Mini_laboratory/MEPhI_VR_term_1/Mini_laboratory/Saved/GlobalVariablesEC8BEE9844E30E5BFE73C793FFA4DA72.tmp' to '../../../../../../WORKPLACE/Mini_laboratory/MEPhI_VR_term_1/Mini_laboratory/Content/Workplace/Blueprints/GlobalVariables.uasset'
[2025.12.16-18.39.48:921][648]AssetCheck: New page: Asset Save: GlobalVariables
[2025.12.16-18.39.48:921][648]LogContentValidation: Display: Validating Blueprint /Game/Workplace/Blueprints/GlobalVariables.GlobalVariables
[2025.12.16-18.39.49:267][687]BlueprintLog: New page: Compile GlobalVariables
[2025.12.16-18.39.49:318][687]LogUObjectHash: Compacting FUObjectHashTables data took   4.38ms
[2025.12.16-18.39.49:722][724]LogSavePackage: Moving '../../../../../../WORKPLACE/Mini_laboratory/MEPhI_VR_term_1/Mini_laboratory/Saved/GlobalVariablesB58D2D2B48C10F33FCDE0CAE9A22B345.tmp' to '../../../../../../WORKPLACE/Mini_laboratory/MEPhI_VR_term_1/Mini_laboratory/Content/Workplace/Blueprints/GlobalVariables.uasset'
[2025.12.16-18.39.49:749][724]AssetCheck: New page: Asset Save: GlobalVariables
[2025.12.16-18.39.49:749][724]LogContentValidation: Display: Validating Blueprint /Game/Workplace/Blueprints/GlobalVariables.GlobalVariables
[2025.12.16-18.39.50:190][775]BlueprintLog: New page: Compile GlobalVariables
[2025.12.16-18.39.50:243][775]LogUObjectHash: Compacting FUObjectHashTables data took   4.56ms
[2025.12.16-18.39.50:671][811]LogSavePackage: Moving '../../../../../../WORKPLACE/Mini_laboratory/MEPhI_VR_term_1/Mini_laboratory/Saved/GlobalVariablesAA1933D64F87E2DB57F79595DBCD7682.tmp' to '../../../../../../WORKPLACE/Mini_laboratory/MEPhI_VR_term_1/Mini_laboratory/Content/Workplace/Blueprints/GlobalVariables.uasset'
[2025.12.16-18.39.50:697][811]AssetCheck: New page: Asset Save: GlobalVariables
[2025.12.16-18.39.50:697][811]LogContentValidation: Display: Validating Blueprint /Game/Workplace/Blueprints/GlobalVariables.GlobalVariables
[2025.12.16-18.39.51:105][858]BlueprintLog: New page: Compile GlobalVariables
[2025.12.16-18.39.51:154][858]LogUObjectHash: Compacting FUObjectHashTables data took   4.21ms
[2025.12.16-18.39.51:751][918]LogSavePackage: Moving '../../../../../../WORKPLACE/Mini_laboratory/MEPhI_VR_term_1/Mini_laboratory/Saved/GlobalVariablesC5DB05794CAB7B8E44442095CA942E18.tmp' to '../../../../../../WORKPLACE/Mini_laboratory/MEPhI_VR_term_1/Mini_laboratory/Content/Workplace/Blueprints/GlobalVariables.uasset'
[2025.12.16-18.39.51:780][918]AssetCheck: New page: Asset Save: GlobalVariables
[2025.12.16-18.39.51:780][918]LogContentValidation: Display: Validating Blueprint /Game/Workplace/Blueprints/GlobalVariables.GlobalVariables
[2025.12.16-18.39.52:294][976]BlueprintLog: New page: Compile GlobalVariables
[2025.12.16-18.39.52:350][976]LogUObjectHash: Compacting FUObjectHashTables data took   5.75ms
[2025.12.16-18.40.46:246][789]LogWindowsTextInputMethodSystem: Display: IME system deactivated.
[2025.12.16-18.40.46:247][789]LogWindowsTextInputMethodSystem: Display: IME system deactivated.
[2025.12.16-18.40.52:430][484]LogWindowsTextInputMethodSystem: Display: IME system deactivated.
[2025.12.16-18.40.52:430][484]LogWindowsTextInputMethodSystem: Display: IME system deactivated.
[2025.12.16-18.41.25:490][208]BlueprintLog: New page: Compile GlobalVariables
[2025.12.16-18.41.25:552][208]LogUObjectHash: Compacting FUObjectHashTables data took   5.10ms
[2025.12.16-18.41.25:927][240]LogSavePackage: Moving '../../../../../../WORKPLACE/Mini_laboratory/MEPhI_VR_term_1/Mini_laboratory/Saved/GlobalVariables3458025B4AEE78FA07EA41A6CB6A8B48.tmp' to '../../../../../../WORKPLACE/Mini_laboratory/MEPhI_VR_term_1/Mini_laboratory/Content/Workplace/Blueprints/GlobalVariables.uasset'
[2025.12.16-18.41.25:956][240]AssetCheck: New page: Asset Save: GlobalVariables
[2025.12.16-18.41.25:956][240]LogContentValidation: Display: Validating Blueprint /Game/Workplace/Blueprints/GlobalVariables.GlobalVariables
[2025.12.16-18.41.26:198][267]BlueprintLog: New page: Compile GlobalVariables
[2025.12.16-18.41.26:248][267]LogUObjectHash: Compacting FUObjectHashTables data took   3.95ms
[2025.12.16-18.41.26:628][302]LogSavePackage: Moving '../../../../../../WORKPLACE/Mini_laboratory/MEPhI_VR_term_1/Mini_laboratory/Saved/GlobalVariablesB3121270479FE69E797528AD02391DD3.tmp' to '../../../../../../WORKPLACE/Mini_laboratory/MEPhI_VR_term_1/Mini_laboratory/Content/Workplace/Blueprints/GlobalVariables.uasset'
[2025.12.16-18.41.26:651][302]AssetCheck: New page: Asset Save: GlobalVariables
[2025.12.16-18.41.26:651][302]LogContentValidation: Display: Validating Blueprint /Game/Workplace/Blueprints/GlobalVariables.GlobalVariables
[2025.12.16-18.41.26:953][336]BlueprintLog: New page: Compile GlobalVariables
[2025.12.16-18.41.27:006][336]LogUObjectHash: Compacting FUObjectHashTables data took   4.73ms
[2025.12.16-18.41.27:340][364]LogSavePackage: Moving '../../../../../../WORKPLACE/Mini_laboratory/MEPhI_VR_term_1/Mini_laboratory/Saved/GlobalVariablesA478133D4358D49E19CB5DA226D4F402.tmp' to '../../../../../../WORKPLACE/Mini_laboratory/MEPhI_VR_term_1/Mini_laboratory/Content/Workplace/Blueprints/GlobalVariables.uasset'
[2025.12.16-18.41.27:363][364]AssetCheck: New page: Asset Save: GlobalVariables
[2025.12.16-18.41.27:364][364]LogContentValidation: Display: Validating Blueprint /Game/Workplace/Blueprints/GlobalVariables.GlobalVariables
[2025.12.16-18.41.30:234][659]BlueprintLog: New page: Compile GlobalVariables
[2025.12.16-18.41.30:289][659]LogUObjectHash: Compacting FUObjectHashTables data took   4.88ms
[2025.12.16-18.41.30:946][726]LogSavePackage: Moving '../../../../../../WORKPLACE/Mini_laboratory/MEPhI_VR_term_1/Mini_laboratory/Saved/GlobalVariablesD614A94945C086579A098B93F8F7E924.tmp' to '../../../../../../WORKPLACE/Mini_laboratory/MEPhI_VR_term_1/Mini_laboratory/Content/Workplace/Blueprints/GlobalVariables.uasset'
[2025.12.16-18.41.30:970][726]AssetCheck: New page: Asset Save: GlobalVariables
[2025.12.16-18.41.30:970][726]LogContentValidation: Display: Validating Blueprint /Game/Workplace/Blueprints/GlobalVariables.GlobalVariables
[2025.12.16-18.41.31:323][766]BlueprintLog: New page: Compile GlobalVariables
[2025.12.16-18.41.31:375][766]LogUObjectHash: Compacting FUObjectHashTables data took   4.53ms
[2025.12.16-18.41.31:910][819]LogSavePackage: Moving '../../../../../../WORKPLACE/Mini_laboratory/MEPhI_VR_term_1/Mini_laboratory/Saved/GlobalVariablesA9A645964700DE04ABD3C59F0FCC5412.tmp' to '../../../../../../WORKPLACE/Mini_laboratory/MEPhI_VR_term_1/Mini_laboratory/Content/Workplace/Blueprints/GlobalVariables.uasset'
[2025.12.16-18.41.31:934][819]AssetCheck: New page: Asset Save: GlobalVariables
[2025.12.16-18.41.31:934][819]LogContentValidation: Display: Validating Blueprint /Game/Workplace/Blueprints/GlobalVariables.GlobalVariables
[2025.12.16-18.41.33:593][993]BlueprintLog: New page: Compile BPW_Crosshair
[2025.12.16-18.41.33:638][993]LogUObjectHash: Compacting FUObjectHashTables data took   4.13ms
[2025.12.16-18.41.34:136][ 31]LogSavePackage: Moving '../../../../../../WORKPLACE/Mini_laboratory/MEPhI_VR_term_1/Mini_laboratory/Saved/BPW_CrosshairB0FCDD6D43F2D210CD4EB7B4BC5FCF8B.tmp' to '../../../../../../WORKPLACE/Mini_laboratory/MEPhI_VR_term_1/Mini_laboratory/Content/Workplace/FirstPerson/FirstPersonBP/Blueprints/BPW_Crosshair.uasset'
[2025.12.16-18.41.34:162][ 31]AssetCheck: New page: Asset Save: BPW_Crosshair
[2025.12.16-18.41.34:162][ 31]LogContentValidation: Display: Validating EditorUtilityWidgetBlueprint /Game/Workplace/FirstPerson/FirstPersonBP/Blueprints/BPW_Crosshair.BPW_Crosshair
[2025.12.16-18.41.38:930][359]LogAssetEditorSubsystem: Opening Asset editor for LevelScriptBlueprint /Game/Workplace/Maps/StartMenu.StartMenu:PersistentLevel.StartMenu
[2025.12.16-18.42.07:871][939]LogAssetEditorSubsystem: Opening Asset editor for EditorUtilityWidgetBlueprint /Game/Workplace/Menu/Blueprints/BPW_StartMenu.BPW_StartMenu
[2025.12.16-18.42.10:213][120]LogWorld: UWorld::CleanupWorld for World_15, bSessionEnded=true, bCleanupResources=true
[2025.12.16-18.42.10:214][120]LogSlate: InvalidateAllWidgets triggered.  All widgets were invalidated
[2025.12.16-18.42.51:726][220]BlueprintLog: New page: Compile GlobalVariables
[2025.12.16-18.42.51:845][220]LogUObjectHash: Compacting FUObjectHashTables data took   5.08ms
[2025.12.16-18.42.52:294][260]LogSavePackage: Moving '../../../../../../WORKPLACE/Mini_laboratory/MEPhI_VR_term_1/Mini_laboratory/Saved/GlobalVariables2E3A8C104E1E24CD79B170B4174B4C2A.tmp' to '../../../../../../WORKPLACE/Mini_laboratory/MEPhI_VR_term_1/Mini_laboratory/Content/Workplace/Blueprints/GlobalVariables.uasset'
[2025.12.16-18.42.52:320][260]AssetCheck: New page: Asset Save: GlobalVariables
[2025.12.16-18.42.52:320][260]LogContentValidation: Display: Validating Blueprint /Game/Workplace/Blueprints/GlobalVariables.GlobalVariables
[2025.12.16-18.43.06:231][731]BlueprintLog: New page: Compile BPW_StartMenu
[2025.12.16-18.43.06:339][731]LogUObjectHash: Compacting FUObjectHashTables data took   4.57ms
[2025.12.16-18.43.06:954][781]LogSavePackage: Moving '../../../../../../WORKPLACE/Mini_laboratory/MEPhI_VR_term_1/Mini_laboratory/Saved/BPW_StartMenuC64A5B8A49D6BCE72F1828B7EBC254BA.tmp' to '../../../../../../WORKPLACE/Mini_laboratory/MEPhI_VR_term_1/Mini_laboratory/Content/Workplace/Menu/Blueprints/BPW_StartMenu.uasset'
[2025.12.16-18.43.06:981][781]AssetCheck: New page: Asset Save: BPW_StartMenu
[2025.12.16-18.43.06:981][781]LogContentValidation: Display: Validating EditorUtilityWidgetBlueprint /Game/Workplace/Menu/Blueprints/BPW_StartMenu.BPW_StartMenu
[2025.12.16-18.43.21:890][110]LogEditorTransaction: Undo Move Nodes
[2025.12.16-18.43.32:670][740]LogEditorTransaction: Undo Move Nodes
[2025.12.16-18.45.47:890][699]LogAssetEditorSubsystem: Opening Asset editor for Blueprint /Game/Workplace/FirstPerson/FirstPersonBP/Blueprints/BP_FirstPerson.BP_FirstPerson
[2025.12.16-18.46.19:415][480]BlueprintLog: New page: Compile BPW_StartMenu
[2025.12.16-18.46.19:501][480]LogUObjectHash: Compacting FUObjectHashTables data took   4.43ms
[2025.12.16-18.46.20:107][511]LogSavePackage: Moving '../../../../../../WORKPLACE/Mini_laboratory/MEPhI_VR_term_1/Mini_laboratory/Saved/BPW_StartMenu623B112B44A4BD36B5AF798313B7D5EC.tmp' to '../../../../../../WORKPLACE/Mini_laboratory/MEPhI_VR_term_1/Mini_laboratory/Content/Workplace/Menu/Blueprints/BPW_StartMenu.uasset'
[2025.12.16-18.46.20:140][511]AssetCheck: New page: Asset Save: BPW_StartMenu
[2025.12.16-18.46.20:141][511]LogContentValidation: Display: Validating EditorUtilityWidgetBlueprint /Game/Workplace/Menu/Blueprints/BPW_StartMenu.BPW_StartMenu
[2025.12.16-18.46.43:448][863]LogWorld: UWorld::CleanupWorld for World_19, bSessionEnded=true, bCleanupResources=true
[2025.12.16-18.46.43:448][863]LogSlate: InvalidateAllWidgets triggered.  All widgets were invalidated
[2025.12.16-18.47.23:876][244]BlueprintLog: New page: Compile BPW_StartMenu
[2025.12.16-18.47.23:955][244]LogUObjectHash: Compacting FUObjectHashTables data took   4.98ms
[2025.12.16-18.47.24:798][286]LogSavePackage: Moving '../../../../../../WORKPLACE/Mini_laboratory/MEPhI_VR_term_1/Mini_laboratory/Saved/BPW_StartMenu7FAA8B574ADAE767793564B61D2E2E6E.tmp' to '../../../../../../WORKPLACE/Mini_laboratory/MEPhI_VR_term_1/Mini_laboratory/Content/Workplace/Menu/Blueprints/BPW_StartMenu.uasset'
[2025.12.16-18.47.24:831][286]AssetCheck: New page: Asset Save: BPW_StartMenu
[2025.12.16-18.47.24:831][286]LogContentValidation: Display: Validating EditorUtilityWidgetBlueprint /Game/Workplace/Menu/Blueprints/BPW_StartMenu.BPW_StartMenu
[2025.12.16-18.47.25:167][306]BlueprintLog: New page: Compile BPW_StartMenu
[2025.12.16-18.47.25:235][306]LogUObjectHash: Compacting FUObjectHashTables data took   4.13ms
[2025.12.16-18.47.25:647][326]LogSavePackage: Moving '../../../../../../WORKPLACE/Mini_laboratory/MEPhI_VR_term_1/Mini_laboratory/Saved/BPW_StartMenu9F7A9F8C401057BC750B118ABF2ADE95.tmp' to '../../../../../../WORKPLACE/Mini_laboratory/MEPhI_VR_term_1/Mini_laboratory/Content/Workplace/Menu/Blueprints/BPW_StartMenu.uasset'
[2025.12.16-18.47.25:675][326]AssetCheck: New page: Asset Save: BPW_StartMenu
[2025.12.16-18.47.25:675][326]LogContentValidation: Display: Validating EditorUtilityWidgetBlueprint /Game/Workplace/Menu/Blueprints/BPW_StartMenu.BPW_StartMenu
[2025.12.16-18.48.04:380][613]BlueprintLog: New page: Compile BPW_StartMenu
[2025.12.16-18.48.04:445][613]LogUObjectHash: Compacting FUObjectHashTables data took   4.27ms
[2025.12.16-18.48.05:053][644]LogSavePackage: Moving '../../../../../../WORKPLACE/Mini_laboratory/MEPhI_VR_term_1/Mini_laboratory/Saved/BPW_StartMenuA28D4ECF4768695AA688E08A8E024BA3.tmp' to '../../../../../../WORKPLACE/Mini_laboratory/MEPhI_VR_term_1/Mini_laboratory/Content/Workplace/Menu/Blueprints/BPW_StartMenu.uasset'
[2025.12.16-18.48.05:091][644]AssetCheck: New page: Asset Save: BPW_StartMenu
[2025.12.16-18.48.05:091][644]LogContentValidation: Display: Validating EditorUtilityWidgetBlueprint /Game/Workplace/Menu/Blueprints/BPW_StartMenu.BPW_StartMenu
[2025.12.16-18.48.05:524][670]BlueprintLog: New page: Compile BPW_StartMenu
[2025.12.16-18.48.05:591][670]LogUObjectHash: Compacting FUObjectHashTables data took   4.06ms
[2025.12.16-18.48.05:970][688]LogSavePackage: Moving '../../../../../../WORKPLACE/Mini_laboratory/MEPhI_VR_term_1/Mini_laboratory/Saved/BPW_StartMenu74E7275F4C5D9E55DF451A83D052AE36.tmp' to '../../../../../../WORKPLACE/Mini_laboratory/MEPhI_VR_term_1/Mini_laboratory/Content/Workplace/Menu/Blueprints/BPW_StartMenu.uasset'
[2025.12.16-18.48.06:004][688]AssetCheck: New page: Asset Save: BPW_StartMenu
[2025.12.16-18.48.06:004][688]LogContentValidation: Display: Validating EditorUtilityWidgetBlueprint /Game/Workplace/Menu/Blueprints/BPW_StartMenu.BPW_StartMenu
[2025.12.16-18.48.06:406][712]BlueprintLog: New page: Compile BPW_StartMenu
[2025.12.16-18.48.06:471][712]LogUObjectHash: Compacting FUObjectHashTables data took   3.97ms
[2025.12.16-18.48.07:124][744]LogSavePackage: Moving '../../../../../../WORKPLACE/Mini_laboratory/MEPhI_VR_term_1/Mini_laboratory/Saved/BPW_StartMenu93EE958B425332FBF4459884C0116D5E.tmp' to '../../../../../../WORKPLACE/Mini_laboratory/MEPhI_VR_term_1/Mini_laboratory/Content/Workplace/Menu/Blueprints/BPW_StartMenu.uasset'
[2025.12.16-18.48.07:153][744]AssetCheck: New page: Asset Save: BPW_StartMenu
[2025.12.16-18.48.07:153][744]LogContentValidation: Display: Validating EditorUtilityWidgetBlueprint /Game/Workplace/Menu/Blueprints/BPW_StartMenu.BPW_StartMenu
[2025.12.16-18.48.10:328][914]LogTemp: Repeating last play command: New Editor Window (PIE)
[2025.12.16-18.48.10:347][914]LogPlayLevel: PlayLevel: No blueprints needed recompiling
[2025.12.16-18.48.10:358][914]PIE: New page: PIE session: StartMenu (17 дек. 2025 г., 00:48:10)
[2025.12.16-18.48.10:362][914]LogPlayLevel: Creating play world package: /Game/Workplace/Maps/UEDPIE_0_StartMenu
[2025.12.16-18.48.10:371][914]LogPlayLevel: PIE: StaticDuplicateObject took: (0.008670s)
[2025.12.16-18.48.10:380][914]LogAIModule: Creating AISystem for world StartMenu
[2025.12.16-18.48.10:395][914]LogPlayLevel: PIE: World Init took: (0.024303s)
[2025.12.16-18.48.10:395][914]LogPlayLevel: PIE: Created PIE world by copying editor world from /Game/Workplace/Maps/StartMenu.StartMenu to /Game/Workplace/Maps/UEDPIE_0_StartMenu.StartMenu (0.033854s)
[2025.12.16-18.48.10:439][914]LogUObjectHash: Compacting FUObjectHashTables data took   3.98ms
[2025.12.16-18.48.10:442][914]LogAudio: Display: Creating Audio Device:                 Id: 3, Scope: Unique, Realtime: True
[2025.12.16-18.48.10:446][914]LogAudioMixer: Display: Audio Mixer Platform Settings:
[2025.12.16-18.48.10:446][914]LogAudioMixer: Display: 	Sample Rate:						  48000
[2025.12.16-18.48.10:448][914]LogAudioMixer: Display: 	Callback Buffer Frame Size Requested: 1024
[2025.12.16-18.48.10:448][914]LogAudioMixer: Display: 	Callback Buffer Frame Size To Use:	  1024
[2025.12.16-18.48.10:448][914]LogAudioMixer: Display: 	Number of buffers to queue:			  2
[2025.12.16-18.48.10:448][914]LogAudioMixer: Display: 	Max Channels (voices):				  32
[2025.12.16-18.48.10:448][914]LogAudioMixer: Display: 	Number of Async Source Workers:		  0
[2025.12.16-18.48.10:448][914]LogAudio: Display: AudioDevice MaxSources: 32
[2025.12.16-18.48.10:453][914]LogAudio: Display: Audio Spatialization Plugin: None (built-in).
[2025.12.16-18.48.10:453][914]LogAudio: Display: Audio Reverb Plugin: None (built-in).
[2025.12.16-18.48.10:453][914]LogAudio: Display: Audio Occlusion Plugin: None (built-in).
[2025.12.16-18.48.10:453][914]LogAudioMixer: Display: Initializing audio mixer.
[2025.12.16-18.48.10:470][914]LogAudioMixer: Display: 0: FrontLeft
[2025.12.16-18.48.10:470][914]LogAudioMixer: Display: 1: FrontRight
[2025.12.16-18.48.10:491][914]LogAudioMixer: Display: Using Audio Device Динамики (Realtek(R) Audio)
[2025.12.16-18.48.10:494][914]LogAudioMixer: Display: Initializing Sound Submixes...
[2025.12.16-18.48.10:495][914]LogAudioMixer: Display: Creating Master Submix 'MasterSubmixDefault'
[2025.12.16-18.48.10:495][914]LogAudioMixer: Display: Creating Master Submix 'MasterReverbSubmixDefault'
[2025.12.16-18.48.10:496][914]LogAudioMixer: Display: Creating Master Submix 'MasterEQSubmixDefault'
[2025.12.16-18.48.10:497][914]LogAudioMixer: FMixerPlatformXAudio2::StartAudioStream() called
[2025.12.16-18.48.10:497][914]LogAudioMixer: Display: Output buffers initialized: Frames=1024, Channels=2, Samples=2048
[2025.12.16-18.48.10:500][914]LogAudioMixer: Display: Starting AudioMixerPlatformInterface::RunInternal()
[2025.12.16-18.48.10:500][914]LogAudioMixer: Display: FMixerPlatformXAudio2::SubmitBuffer() called for the first time
[2025.12.16-18.48.10:500][914]LogInit: FAudioDevice initialized.
[2025.12.16-18.48.10:500][914]LogAudio: Display: Audio Device (ID: 3) registered with world 'StartMenu'.
[2025.12.16-18.48.10:567][914]LogSlate: Updating window title bar state: overlay mode, drag disabled, window buttons hidden, title bar hidden
[2025.12.16-18.48.10:571][914]LogLoad: Game class is 'BP_GameMode_C'
[2025.12.16-18.48.10:575][914]LogWorld: Bringing World /Game/Workplace/Maps/UEDPIE_0_StartMenu.StartMenu up for play (max tick rate 60) at 2025.12.16-21.48.10
[2025.12.16-18.48.10:578][914]LogWorld: Bringing up level for play took: 0.004057
[2025.12.16-18.48.10:585][914]LogOnline: OSS: Creating online subsystem instance for: :Context_17
[2025.12.16-18.48.10:606][914]LogSpawn: Warning: SpawnActor failed because no class was specified
[2025.12.16-18.48.10:636][914]LogPlayerController: Error: InputMode:UIOnly - Attempting to focus Non-Focusable widget SObjectWidget [Widget.cpp(799)]!
[2025.12.16-18.48.10:636][914]LogViewport: Display: Viewport MouseLockMode Changed, LockOnCapture -> DoNotLock
[2025.12.16-18.48.10:636][914]LogViewport: Display: Viewport MouseCaptureMode Changed, CapturePermanently_IncludingInitialMouseDown -> NoCapture
[2025.12.16-18.48.10:679][914]PIE: Server logged in
[2025.12.16-18.48.10:681][914]PIE: Play in editor total start time 0,34 seconds.
[2025.12.16-18.48.11:432][951]LogViewport: Display: Viewport MouseLockMode Changed, DoNotLock -> LockOnCapture
[2025.12.16-18.48.11:432][951]LogViewport: Display: Viewport MouseCaptureMode Changed, NoCapture -> CapturePermanently
[2025.12.16-18.48.11:437][951]LogNet: Browse: /Game/Workplace/Maps/FirstLevel
[2025.12.16-18.48.11:439][951]LogLoad: LoadMap: /Game/Workplace/Maps/FirstLevel
[2025.12.16-18.48.11:439][951]LogWorld: BeginTearingDown for /Game/Workplace/Maps/UEDPIE_0_StartMenu
[2025.12.16-18.48.11:443][951]LogWorld: UWorld::CleanupWorld for StartMenu, bSessionEnded=true, bCleanupResources=true
[2025.12.16-18.48.11:444][951]LogSlate: InvalidateAllWidgets triggered.  All widgets were invalidated
[2025.12.16-18.48.11:483][951]LogAudio: Display: Audio Device unregistered from world 'None'.
[2025.12.16-18.48.11:496][951]LogUObjectHash: Compacting FUObjectHashTables data took   3.30ms
[2025.12.16-18.48.11:529][951]LogAudio: Display: Audio Device (ID: 3) registered with world 'FirstLevel'.
[2025.12.16-18.48.11:530][951]LogAIModule: Creating AISystem for world FirstLevel
[2025.12.16-18.48.11:531][951]LogLoad: Game class is 'BP_GameMode_C'
[2025.12.16-18.48.11:554][951]LogWorld: Bringing World /Game/Workplace/Maps/UEDPIE_0_FirstLevel.FirstLevel up for play (max tick rate 60) at 2025.12.16-21.48.11
[2025.12.16-18.48.11:554][951]LogWorld: Bringing up level for play took: 0.020955
[2025.12.16-18.48.11:558][951]LogSpawn: Warning: SpawnActor failed because no class was specified
[2025.12.16-18.48.11:566][951]LogLoad: Took 0.125414 seconds to LoadMap(/Game/Workplace/Maps/FirstLevel)
[2025.12.16-18.48.20:634][471]LogBlueprintUserMessages: [BP_TestClickActor2_2] BP_TestClickActor2
[2025.12.16-18.48.20:650][472]LogBlueprintUserMessages: [BP_TestClickActor2_2] BP_TestClickActor2
[2025.12.16-18.48.20:669][473]LogBlueprintUserMessages: [BP_TestClickActor2_2] BP_TestClickActor2
[2025.12.16-18.48.20:687][474]LogBlueprintUserMessages: [BP_TestClickActor2_2] BP_TestClickActor2
[2025.12.16-18.48.20:707][475]LogBlueprintUserMessages: [BP_TestClickActor2_2] BP_TestClickActor2
[2025.12.16-18.48.20:722][476]LogBlueprintUserMessages: [BP_TestClickActor2_2] BP_TestClickActor2
[2025.12.16-18.48.20:744][477]LogBlueprintUserMessages: [BP_TestClickActor2_2] BP_TestClickActor2
[2025.12.16-18.48.20:765][478]LogBlueprintUserMessages: [BP_TestClickActor2_2] BP_TestClickActor2
[2025.12.16-18.48.20:781][479]LogBlueprintUserMessages: [BP_TestClickActor2_2] BP_TestClickActor2
[2025.12.16-18.48.20:799][480]LogBlueprintUserMessages: [BP_TestClickActor2_2] BP_TestClickActor2
[2025.12.16-18.48.20:821][481]LogBlueprintUserMessages: [BP_TestClickActor2_2] BP_TestClickActor2
[2025.12.16-18.48.21:857][542]LogBlueprintUserMessages: [BP_TestClickActor2_2] BP_TestClickActor2
[2025.12.16-18.48.21:872][543]LogBlueprintUserMessages: [BP_TestClickActor2_2] BP_TestClickActor2
[2025.12.16-18.48.21:889][544]LogBlueprintUserMessages: [BP_TestClickActor2_2] BP_TestClickActor2
[2025.12.16-18.48.21:906][545]LogBlueprintUserMessages: [BP_TestClickActor2_2] BP_TestClickActor2
[2025.12.16-18.48.22:025][552]LogBlueprintUserMessages: [BP_TestClickActor2_2] BP_TestClickActor2
[2025.12.16-18.48.22:039][553]LogBlueprintUserMessages: [BP_TestClickActor2_2] BP_TestClickActor2
[2025.12.16-18.48.26:701][829]LogSlate: Updating window title bar state: overlay mode, drag disabled, window buttons hidden, title bar hidden
[2025.12.16-18.48.26:706][829]LogWorld: BeginTearingDown for /Game/Workplace/Maps/UEDPIE_0_FirstLevel
[2025.12.16-18.48.26:706][829]LogSlate: Window 'Mini_laboratory Preview [NetMode: Standalone]  (64-bit/Windows) ' being destroyed
[2025.12.16-18.48.26:717][829]LogWorld: UWorld::CleanupWorld for FirstLevel, bSessionEnded=true, bCleanupResources=true
[2025.12.16-18.48.26:719][829]LogSlate: InvalidateAllWidgets triggered.  All widgets were invalidated
[2025.12.16-18.48.26:735][829]LogPlayLevel: Display: Shutting down PIE online subsystems
[2025.12.16-18.48.26:743][829]LogSlate: InvalidateAllWidgets triggered.  All widgets were invalidated
[2025.12.16-18.48.26:786][829]LogAudio: Display: Audio Device unregistered from world 'None'.
[2025.12.16-18.48.26:788][829]LogAudioMixer: FMixerPlatformXAudio2::StopAudioStream() called
[2025.12.16-18.48.26:790][829]LogAudioMixer: FMixerPlatformXAudio2::StopAudioStream() called
[2025.12.16-18.48.26:802][829]LogUObjectHash: Compacting FUObjectHashTables data took   5.33ms
[2025.12.16-18.48.26:823][830]LogPlayLevel: Display: Destroying online subsystem :Context_17
[2025.12.16-18.48.32:386][138]LogUObjectHash: Compacting FUObjectHashTables data took   3.11ms
[2025.12.16-18.48.36:607][390]BlueprintLog: New page: Compile GlobalVariables
[2025.12.16-18.48.36:663][390]LogUObjectHash: Compacting FUObjectHashTables data took   3.49ms
[2025.12.16-18.48.37:184][415]LogSavePackage: Moving '../../../../../../WORKPLACE/Mini_laboratory/MEPhI_VR_term_1/Mini_laboratory/Saved/GlobalVariablesEB17AE584EB12DB76CCF15AE18E40CEE.tmp' to '../../../../../../WORKPLACE/Mini_laboratory/MEPhI_VR_term_1/Mini_laboratory/Content/Workplace/Blueprints/GlobalVariables.uasset'
[2025.12.16-18.48.37:211][415]AssetCheck: New page: Asset Save: GlobalVariables
[2025.12.16-18.48.37:211][415]LogContentValidation: Display: Validating Blueprint /Game/Workplace/Blueprints/GlobalVariables.GlobalVariables
[2025.12.16-18.48.37:554][436]BlueprintLog: New page: Compile GlobalVariables
[2025.12.16-18.48.37:609][436]LogUObjectHash: Compacting FUObjectHashTables data took   3.80ms
[2025.12.16-18.48.37:963][454]LogSavePackage: Moving '../../../../../../WORKPLACE/Mini_laboratory/MEPhI_VR_term_1/Mini_laboratory/Saved/GlobalVariables763C5D15411E7A113863919B7A719EA3.tmp' to '../../../../../../WORKPLACE/Mini_laboratory/MEPhI_VR_term_1/Mini_laboratory/Content/Workplace/Blueprints/GlobalVariables.uasset'
[2025.12.16-18.48.37:989][454]AssetCheck: New page: Asset Save: GlobalVariables
[2025.12.16-18.48.37:989][454]LogContentValidation: Display: Validating Blueprint /Game/Workplace/Blueprints/GlobalVariables.GlobalVariables
[2025.12.16-18.48.43:440][780]BlueprintLog: New page: Compile BPW_Crosshair
[2025.12.16-18.48.43:488][780]LogUObjectHash: Compacting FUObjectHashTables data took   4.24ms
[2025.12.16-18.48.43:913][800]LogSavePackage: Moving '../../../../../../WORKPLACE/Mini_laboratory/MEPhI_VR_term_1/Mini_laboratory/Saved/BPW_Crosshair28F77B4E4419E0FB7A3A7EBC9DCF7A30.tmp' to '../../../../../../WORKPLACE/Mini_laboratory/MEPhI_VR_term_1/Mini_laboratory/Content/Workplace/FirstPerson/FirstPersonBP/Blueprints/BPW_Crosshair.uasset'
[2025.12.16-18.48.43:939][800]AssetCheck: New page: Asset Save: BPW_Crosshair
[2025.12.16-18.48.43:939][800]LogContentValidation: Display: Validating EditorUtilityWidgetBlueprint /Game/Workplace/FirstPerson/FirstPersonBP/Blueprints/BPW_Crosshair.BPW_Crosshair
[2025.12.16-18.48.44:368][826]BlueprintLog: New page: Compile BPW_Crosshair
[2025.12.16-18.48.44:434][826]LogUObjectHash: Compacting FUObjectHashTables data took   4.41ms
[2025.12.16-18.48.44:910][849]LogSavePackage: Moving '../../../../../../WORKPLACE/Mini_laboratory/MEPhI_VR_term_1/Mini_laboratory/Saved/BPW_Crosshair3882FB8844E732FBB39C45BE0E89FA70.tmp' to '../../../../../../WORKPLACE/Mini_laboratory/MEPhI_VR_term_1/Mini_laboratory/Content/Workplace/FirstPerson/FirstPersonBP/Blueprints/BPW_Crosshair.uasset'
[2025.12.16-18.48.44:938][849]AssetCheck: New page: Asset Save: BPW_Crosshair
[2025.12.16-18.48.44:938][849]LogContentValidation: Display: Validating EditorUtilityWidgetBlueprint /Game/Workplace/FirstPerson/FirstPersonBP/Blueprints/BPW_Crosshair.BPW_Crosshair
[2025.12.16-18.48.45:299][871]BlueprintLog: New page: Compile BPW_Crosshair
[2025.12.16-18.48.45:368][871]LogUObjectHash: Compacting FUObjectHashTables data took   4.12ms
[2025.12.16-18.48.45:759][888]LogSavePackage: Moving '../../../../../../WORKPLACE/Mini_laboratory/MEPhI_VR_term_1/Mini_laboratory/Saved/BPW_CrosshairC2217C9246BA1544F0920EBC0976057A.tmp' to '../../../../../../WORKPLACE/Mini_laboratory/MEPhI_VR_term_1/Mini_laboratory/Content/Workplace/FirstPerson/FirstPersonBP/Blueprints/BPW_Crosshair.uasset'
[2025.12.16-18.48.45:787][888]AssetCheck: New page: Asset Save: BPW_Crosshair
[2025.12.16-18.48.45:787][888]LogContentValidation: Display: Validating EditorUtilityWidgetBlueprint /Game/Workplace/FirstPerson/FirstPersonBP/Blueprints/BPW_Crosshair.BPW_Crosshair
[2025.12.16-18.49.18:625][823]BlueprintLog: New page: Compile BPW_Crosshair
[2025.12.16-18.49.18:694][823]LogUObjectHash: Compacting FUObjectHashTables data took   4.43ms
[2025.12.16-18.49.19:185][846]LogSavePackage: Moving '../../../../../../WORKPLACE/Mini_laboratory/MEPhI_VR_term_1/Mini_laboratory/Saved/BPW_Crosshair3C13D7C44486E305249EBFAA6FDA7CF1.tmp' to '../../../../../../WORKPLACE/Mini_laboratory/MEPhI_VR_term_1/Mini_laboratory/Content/Workplace/FirstPerson/FirstPersonBP/Blueprints/BPW_Crosshair.uasset'
[2025.12.16-18.49.19:229][846]AssetCheck: New page: Asset Save: BPW_Crosshair
[2025.12.16-18.49.19:229][846]LogContentValidation: Display: Validating EditorUtilityWidgetBlueprint /Game/Workplace/FirstPerson/FirstPersonBP/Blueprints/BPW_Crosshair.BPW_Crosshair
[2025.12.16-18.49.22:864][ 46]LogTemp: Repeating last play command: New Editor Window (PIE)
[2025.12.16-18.49.22:873][ 46]LogPlayLevel: PlayLevel: No blueprints needed recompiling
[2025.12.16-18.49.22:873][ 46]PIE: New page: PIE session: StartMenu (17 дек. 2025 г., 00:49:22)
[2025.12.16-18.49.22:873][ 46]LogPlayLevel: Creating play world package: /Game/Workplace/Maps/UEDPIE_0_StartMenu
[2025.12.16-18.49.22:875][ 46]LogPlayLevel: PIE: StaticDuplicateObject took: (0.002010s)
[2025.12.16-18.49.22:877][ 46]LogAIModule: Creating AISystem for world StartMenu
[2025.12.16-18.49.22:877][ 46]LogPlayLevel: PIE: World Init took: (0.001506s)
[2025.12.16-18.49.22:877][ 46]LogPlayLevel: PIE: Created PIE world by copying editor world from /Game/Workplace/Maps/StartMenu.StartMenu to /Game/Workplace/Maps/UEDPIE_0_StartMenu.StartMenu (0.003695s)
[2025.12.16-18.49.22:920][ 46]LogUObjectHash: Compacting FUObjectHashTables data took   3.64ms
[2025.12.16-18.49.22:920][ 46]LogAudio: Display: Creating Audio Device:                 Id: 4, Scope: Unique, Realtime: True
[2025.12.16-18.49.22:920][ 46]LogAudioMixer: Display: Audio Mixer Platform Settings:
[2025.12.16-18.49.22:920][ 46]LogAudioMixer: Display: 	Sample Rate:						  48000
[2025.12.16-18.49.22:920][ 46]LogAudioMixer: Display: 	Callback Buffer Frame Size Requested: 1024
[2025.12.16-18.49.22:920][ 46]LogAudioMixer: Display: 	Callback Buffer Frame Size To Use:	  1024
[2025.12.16-18.49.22:920][ 46]LogAudioMixer: Display: 	Number of buffers to queue:			  2
[2025.12.16-18.49.22:920][ 46]LogAudioMixer: Display: 	Max Channels (voices):				  32
[2025.12.16-18.49.22:920][ 46]LogAudioMixer: Display: 	Number of Async Source Workers:		  0
[2025.12.16-18.49.22:920][ 46]LogAudio: Display: AudioDevice MaxSources: 32
[2025.12.16-18.49.22:921][ 46]LogAudio: Display: Audio Spatialization Plugin: None (built-in).
[2025.12.16-18.49.22:921][ 46]LogAudio: Display: Audio Reverb Plugin: None (built-in).
[2025.12.16-18.49.22:921][ 46]LogAudio: Display: Audio Occlusion Plugin: None (built-in).
[2025.12.16-18.49.22:921][ 46]LogAudioMixer: Display: Initializing audio mixer.
[2025.12.16-18.49.22:924][ 46]LogAudioMixer: Display: 0: FrontLeft
[2025.12.16-18.49.22:924][ 46]LogAudioMixer: Display: 1: FrontRight
[2025.12.16-18.49.22:940][ 46]LogAudioMixer: Display: Using Audio Device Динамики (Realtek(R) Audio)
[2025.12.16-18.49.22:941][ 46]LogAudioMixer: Display: Initializing Sound Submixes...
[2025.12.16-18.49.22:941][ 46]LogAudioMixer: Display: Creating Master Submix 'MasterSubmixDefault'
[2025.12.16-18.49.22:941][ 46]LogAudioMixer: Display: Creating Master Submix 'MasterReverbSubmixDefault'
[2025.12.16-18.49.22:941][ 46]LogAudioMixer: Display: Creating Master Submix 'MasterEQSubmixDefault'
[2025.12.16-18.49.22:941][ 46]LogAudioMixer: FMixerPlatformXAudio2::StartAudioStream() called
[2025.12.16-18.49.22:941][ 46]LogAudioMixer: Display: Output buffers initialized: Frames=1024, Channels=2, Samples=2048
[2025.12.16-18.49.22:978][ 46]LogAudioMixer: Display: Starting AudioMixerPlatformInterface::RunInternal()
[2025.12.16-18.49.22:978][ 46]LogInit: FAudioDevice initialized.
[2025.12.16-18.49.22:978][ 46]LogAudioMixer: Display: FMixerPlatformXAudio2::SubmitBuffer() called for the first time
[2025.12.16-18.49.22:978][ 46]LogAudioMixer: Display: Audio Buffer Underrun (starvation) detected.
[2025.12.16-18.49.22:978][ 46]LogAudio: Display: Audio Device (ID: 4) registered with world 'StartMenu'.
[2025.12.16-18.49.23:034][ 46]LogSlate: Updating window title bar state: overlay mode, drag disabled, window buttons hidden, title bar hidden
[2025.12.16-18.49.23:035][ 46]LogLoad: Game class is 'BP_GameMode_C'
[2025.12.16-18.49.23:037][ 46]LogWorld: Bringing World /Game/Workplace/Maps/UEDPIE_0_StartMenu.StartMenu up for play (max tick rate 60) at 2025.12.16-21.49.23
[2025.12.16-18.49.23:037][ 46]LogWorld: Bringing up level for play took: 0.000485
[2025.12.16-18.49.23:037][ 46]LogOnline: OSS: Creating online subsystem instance for: :Context_18
[2025.12.16-18.49.23:041][ 46]LogSpawn: Warning: SpawnActor failed because no class was specified
[2025.12.16-18.49.23:044][ 46]LogPlayerController: Error: InputMode:UIOnly - Attempting to focus Non-Focusable widget SObjectWidget [Widget.cpp(799)]!
[2025.12.16-18.49.23:044][ 46]LogViewport: Display: Viewport MouseLockMode Changed, LockOnCapture -> DoNotLock
[2025.12.16-18.49.23:044][ 46]LogViewport: Display: Viewport MouseCaptureMode Changed, CapturePermanently_IncludingInitialMouseDown -> NoCapture
[2025.12.16-18.49.23:048][ 46]PIE: Server logged in
[2025.12.16-18.49.23:049][ 46]PIE: Play in editor total start time 0,177 seconds.
[2025.12.16-18.49.24:055][102]LogViewport: Display: Viewport MouseLockMode Changed, DoNotLock -> LockOnCapture
[2025.12.16-18.49.24:055][102]LogViewport: Display: Viewport MouseCaptureMode Changed, NoCapture -> CapturePermanently
[2025.12.16-18.49.24:057][102]LogNet: Browse: /Game/Workplace/Maps/FirstLevel
[2025.12.16-18.49.24:057][102]LogLoad: LoadMap: /Game/Workplace/Maps/FirstLevel
[2025.12.16-18.49.24:057][102]LogWorld: BeginTearingDown for /Game/Workplace/Maps/UEDPIE_0_StartMenu
[2025.12.16-18.49.24:057][102]LogWorld: UWorld::CleanupWorld for StartMenu, bSessionEnded=true, bCleanupResources=true
[2025.12.16-18.49.24:058][102]LogSlate: InvalidateAllWidgets triggered.  All widgets were invalidated
[2025.12.16-18.49.24:131][102]LogAudio: Display: Audio Device unregistered from world 'None'.
[2025.12.16-18.49.24:135][102]LogUObjectHash: Compacting FUObjectHashTables data took   3.70ms
[2025.12.16-18.49.24:150][102]LogAudio: Display: Audio Device (ID: 4) registered with world 'FirstLevel'.
[2025.12.16-18.49.24:151][102]LogAIModule: Creating AISystem for world FirstLevel
[2025.12.16-18.49.24:151][102]LogLoad: Game class is 'BP_GameMode_C'
[2025.12.16-18.49.24:163][102]LogWorld: Bringing World /Game/Workplace/Maps/UEDPIE_0_FirstLevel.FirstLevel up for play (max tick rate 60) at 2025.12.16-21.49.24
[2025.12.16-18.49.24:163][102]LogWorld: Bringing up level for play took: 0.009964
[2025.12.16-18.49.24:164][102]LogSpawn: Warning: SpawnActor failed because no class was specified
[2025.12.16-18.49.24:165][102]LogLoad: Took 0.107491 seconds to LoadMap(/Game/Workplace/Maps/FirstLevel)
[2025.12.16-18.49.32:285][569]LogSlate: Updating window title bar state: overlay mode, drag disabled, window buttons hidden, title bar hidden
[2025.12.16-18.49.32:285][569]LogWorld: BeginTearingDown for /Game/Workplace/Maps/UEDPIE_0_FirstLevel
[2025.12.16-18.49.32:286][569]LogSlate: Window 'Mini_laboratory Preview [NetMode: Standalone]  (64-bit/Windows) ' being destroyed
[2025.12.16-18.49.32:293][569]LogWorld: UWorld::CleanupWorld for FirstLevel, bSessionEnded=true, bCleanupResources=true
[2025.12.16-18.49.32:294][569]LogSlate: InvalidateAllWidgets triggered.  All widgets were invalidated
[2025.12.16-18.49.32:316][569]LogPlayLevel: Display: Shutting down PIE online subsystems
[2025.12.16-18.49.32:323][569]LogSlate: InvalidateAllWidgets triggered.  All widgets were invalidated
[2025.12.16-18.49.32:364][569]LogAudio: Display: Audio Device unregistered from world 'None'.
[2025.12.16-18.49.32:365][569]LogAudioMixer: FMixerPlatformXAudio2::StopAudioStream() called
[2025.12.16-18.49.32:369][569]LogAudioMixer: FMixerPlatformXAudio2::StopAudioStream() called
[2025.12.16-18.49.32:377][569]LogUObjectHash: Compacting FUObjectHashTables data took   3.28ms
[2025.12.16-18.49.32:396][570]LogPlayLevel: Display: Destroying online subsystem :Context_18
[2025.12.16-18.49.39:102][958]BlueprintLog: New page: Compile BPW_Crosshair
[2025.12.16-18.49.39:147][958]LogUObjectHash: Compacting FUObjectHashTables data took   3.29ms
[2025.12.16-18.49.39:645][982]LogSavePackage: Moving '../../../../../../WORKPLACE/Mini_laboratory/MEPhI_VR_term_1/Mini_laboratory/Saved/BPW_Crosshair72C70960466773ABC89F07AB0B13B29A.tmp' to '../../../../../../WORKPLACE/Mini_laboratory/MEPhI_VR_term_1/Mini_laboratory/Content/Workplace/FirstPerson/FirstPersonBP/Blueprints/BPW_Crosshair.uasset'
[2025.12.16-18.49.39:673][982]AssetCheck: New page: Asset Save: BPW_Crosshair
[2025.12.16-18.49.39:673][982]LogContentValidation: Display: Validating EditorUtilityWidgetBlueprint /Game/Workplace/FirstPerson/FirstPersonBP/Blueprints/BPW_Crosshair.BPW_Crosshair
[2025.12.16-18.49.40:016][  3]BlueprintLog: New page: Compile BPW_Crosshair
[2025.12.16-18.49.40:082][  3]LogUObjectHash: Compacting FUObjectHashTables data took   3.96ms
[2025.12.16-18.49.40:656][ 32]LogSavePackage: Moving '../../../../../../WORKPLACE/Mini_laboratory/MEPhI_VR_term_1/Mini_laboratory/Saved/BPW_Crosshair8DE0B435498DBFBACD51B495E8868994.tmp' to '../../../../../../WORKPLACE/Mini_laboratory/MEPhI_VR_term_1/Mini_laboratory/Content/Workplace/FirstPerson/FirstPersonBP/Blueprints/BPW_Crosshair.uasset'
[2025.12.16-18.49.40:681][ 32]AssetCheck: New page: Asset Save: BPW_Crosshair
[2025.12.16-18.49.40:681][ 32]LogContentValidation: Display: Validating EditorUtilityWidgetBlueprint /Game/Workplace/FirstPerson/FirstPersonBP/Blueprints/BPW_Crosshair.BPW_Crosshair
[2025.12.16-18.50.19:929][187]LogSlate: Window 'Color Picker' being destroyed
[2025.12.16-18.50.21:191][256]BlueprintLog: New page: Compile BPW_Crosshair
[2025.12.16-18.50.21:255][256]LogUObjectHash: Compacting FUObjectHashTables data took   4.69ms
[2025.12.16-18.50.21:731][278]LogSavePackage: Moving '../../../../../../WORKPLACE/Mini_laboratory/MEPhI_VR_term_1/Mini_laboratory/Saved/BPW_CrosshairFFEB7C1047852CF96DE9B38D6E31C822.tmp' to '../../../../../../WORKPLACE/Mini_laboratory/MEPhI_VR_term_1/Mini_laboratory/Content/Workplace/FirstPerson/FirstPersonBP/Blueprints/BPW_Crosshair.uasset'
[2025.12.16-18.50.21:761][278]AssetCheck: New page: Asset Save: BPW_Crosshair
[2025.12.16-18.50.21:761][278]LogContentValidation: Display: Validating EditorUtilityWidgetBlueprint /Game/Workplace/FirstPerson/FirstPersonBP/Blueprints/BPW_Crosshair.BPW_Crosshair
[2025.12.16-18.50.24:113][409]LogTemp: Repeating last play command: New Editor Window (PIE)
[2025.12.16-18.50.24:125][409]LogPlayLevel: PlayLevel: No blueprints needed recompiling
[2025.12.16-18.50.24:125][409]PIE: New page: PIE session: StartMenu (17 дек. 2025 г., 00:50:24)
[2025.12.16-18.50.24:125][409]LogPlayLevel: Creating play world package: /Game/Workplace/Maps/UEDPIE_0_StartMenu
[2025.12.16-18.50.24:127][409]LogPlayLevel: PIE: StaticDuplicateObject took: (0.001934s)
[2025.12.16-18.50.24:128][409]LogAIModule: Creating AISystem for world StartMenu
[2025.12.16-18.50.24:128][409]LogPlayLevel: PIE: World Init took: (0.001579s)
[2025.12.16-18.50.24:129][409]LogPlayLevel: PIE: Created PIE world by copying editor world from /Game/Workplace/Maps/StartMenu.StartMenu to /Game/Workplace/Maps/UEDPIE_0_StartMenu.StartMenu (0.003673s)
[2025.12.16-18.50.24:172][409]LogUObjectHash: Compacting FUObjectHashTables data took   3.75ms
[2025.12.16-18.50.24:173][409]LogAudio: Display: Creating Audio Device:                 Id: 5, Scope: Unique, Realtime: True
[2025.12.16-18.50.24:173][409]LogAudioMixer: Display: Audio Mixer Platform Settings:
[2025.12.16-18.50.24:173][409]LogAudioMixer: Display: 	Sample Rate:						  48000
[2025.12.16-18.50.24:173][409]LogAudioMixer: Display: 	Callback Buffer Frame Size Requested: 1024
[2025.12.16-18.50.24:173][409]LogAudioMixer: Display: 	Callback Buffer Frame Size To Use:	  1024
[2025.12.16-18.50.24:173][409]LogAudioMixer: Display: 	Number of buffers to queue:			  2
[2025.12.16-18.50.24:173][409]LogAudioMixer: Display: 	Max Channels (voices):				  32
[2025.12.16-18.50.24:174][409]LogAudioMixer: Display: 	Number of Async Source Workers:		  0
[2025.12.16-18.50.24:174][409]LogAudio: Display: AudioDevice MaxSources: 32
[2025.12.16-18.50.24:174][409]LogAudio: Display: Audio Spatialization Plugin: None (built-in).
[2025.12.16-18.50.24:174][409]LogAudio: Display: Audio Reverb Plugin: None (built-in).
[2025.12.16-18.50.24:174][409]LogAudio: Display: Audio Occlusion Plugin: None (built-in).
[2025.12.16-18.50.24:174][409]LogAudioMixer: Display: Initializing audio mixer.
[2025.12.16-18.50.24:176][409]LogAudioMixer: Display: 0: FrontLeft
[2025.12.16-18.50.24:176][409]LogAudioMixer: Display: 1: FrontRight
[2025.12.16-18.50.24:194][409]LogAudioMixer: Display: Using Audio Device Динамики (Realtek(R) Audio)
[2025.12.16-18.50.24:195][409]LogAudioMixer: Display: Initializing Sound Submixes...
[2025.12.16-18.50.24:195][409]LogAudioMixer: Display: Creating Master Submix 'MasterSubmixDefault'
[2025.12.16-18.50.24:195][409]LogAudioMixer: Display: Creating Master Submix 'MasterReverbSubmixDefault'
[2025.12.16-18.50.24:195][409]LogAudioMixer: Display: Creating Master Submix 'MasterEQSubmixDefault'
[2025.12.16-18.50.24:195][409]LogAudioMixer: FMixerPlatformXAudio2::StartAudioStream() called
[2025.12.16-18.50.24:195][409]LogAudioMixer: Display: Output buffers initialized: Frames=1024, Channels=2, Samples=2048
[2025.12.16-18.50.24:196][409]LogAudioMixer: Display: Starting AudioMixerPlatformInterface::RunInternal()
[2025.12.16-18.50.24:197][409]LogAudioMixer: Display: FMixerPlatformXAudio2::SubmitBuffer() called for the first time
[2025.12.16-18.50.24:197][409]LogInit: FAudioDevice initialized.
[2025.12.16-18.50.24:197][409]LogAudio: Display: Audio Device (ID: 5) registered with world 'StartMenu'.
[2025.12.16-18.50.24:248][409]LogSlate: Updating window title bar state: overlay mode, drag disabled, window buttons hidden, title bar hidden
[2025.12.16-18.50.24:248][409]LogLoad: Game class is 'BP_GameMode_C'
[2025.12.16-18.50.24:249][409]LogWorld: Bringing World /Game/Workplace/Maps/UEDPIE_0_StartMenu.StartMenu up for play (max tick rate 60) at 2025.12.16-21.50.24
[2025.12.16-18.50.24:249][409]LogWorld: Bringing up level for play took: 0.000485
[2025.12.16-18.50.24:250][409]LogOnline: OSS: Creating online subsystem instance for: :Context_20
[2025.12.16-18.50.24:253][409]LogSpawn: Warning: SpawnActor failed because no class was specified
[2025.12.16-18.50.24:254][409]LogPlayerController: Error: InputMode:UIOnly - Attempting to focus Non-Focusable widget SObjectWidget [Widget.cpp(799)]!
[2025.12.16-18.50.24:255][409]LogViewport: Display: Viewport MouseLockMode Changed, LockOnCapture -> DoNotLock
[2025.12.16-18.50.24:255][409]LogViewport: Display: Viewport MouseCaptureMode Changed, CapturePermanently_IncludingInitialMouseDown -> NoCapture
[2025.12.16-18.50.24:256][409]PIE: Server logged in
[2025.12.16-18.50.24:258][409]PIE: Play in editor total start time 0,135 seconds.
[2025.12.16-18.50.25:216][461]LogViewport: Display: Viewport MouseLockMode Changed, DoNotLock -> LockOnCapture
[2025.12.16-18.50.25:216][461]LogViewport: Display: Viewport MouseCaptureMode Changed, NoCapture -> CapturePermanently
[2025.12.16-18.50.25:218][461]LogNet: Browse: /Game/Workplace/Maps/FirstLevel
[2025.12.16-18.50.25:218][461]LogLoad: LoadMap: /Game/Workplace/Maps/FirstLevel
[2025.12.16-18.50.25:218][461]LogWorld: BeginTearingDown for /Game/Workplace/Maps/UEDPIE_0_StartMenu
[2025.12.16-18.50.25:219][461]LogWorld: UWorld::CleanupWorld for StartMenu, bSessionEnded=true, bCleanupResources=true
[2025.12.16-18.50.25:219][461]LogSlate: InvalidateAllWidgets triggered.  All widgets were invalidated
[2025.12.16-18.50.25:266][461]LogAudio: Display: Audio Device unregistered from world 'None'.
[2025.12.16-18.50.25:271][461]LogUObjectHash: Compacting FUObjectHashTables data took   4.13ms
[2025.12.16-18.50.25:284][461]LogAudio: Display: Audio Device (ID: 5) registered with world 'FirstLevel'.
[2025.12.16-18.50.25:285][461]LogAIModule: Creating AISystem for world FirstLevel
[2025.12.16-18.50.25:286][461]LogLoad: Game class is 'BP_GameMode_C'
[2025.12.16-18.50.25:343][461]LogWorld: Bringing World /Game/Workplace/Maps/UEDPIE_0_FirstLevel.FirstLevel up for play (max tick rate 60) at 2025.12.16-21.50.25
[2025.12.16-18.50.25:343][461]LogWorld: Bringing up level for play took: 0.056004
[2025.12.16-18.50.25:344][461]LogSpawn: Warning: SpawnActor failed because no class was specified
[2025.12.16-18.50.25:347][461]LogLoad: Took 0.128670 seconds to LoadMap(/Game/Workplace/Maps/FirstLevel)
[2025.12.16-18.50.39:558][946]LogSlate: Updating window title bar state: overlay mode, drag disabled, window buttons hidden, title bar hidden
[2025.12.16-18.50.39:558][946]LogWorld: BeginTearingDown for /Game/Workplace/Maps/UEDPIE_0_FirstLevel
[2025.12.16-18.50.39:560][946]LogSlate: Window 'Mini_laboratory Preview [NetMode: Standalone]  (64-bit/Windows) ' being destroyed
[2025.12.16-18.50.39:606][946]LogWorld: UWorld::CleanupWorld for FirstLevel, bSessionEnded=true, bCleanupResources=true
[2025.12.16-18.50.39:607][946]LogSlate: InvalidateAllWidgets triggered.  All widgets were invalidated
[2025.12.16-18.50.39:619][946]LogPlayLevel: Display: Shutting down PIE online subsystems
[2025.12.16-18.50.39:631][946]LogSlate: InvalidateAllWidgets triggered.  All widgets were invalidated
[2025.12.16-18.50.39:670][946]LogAudio: Display: Audio Device unregistered from world 'None'.
[2025.12.16-18.50.39:670][946]LogAudioMixer: FMixerPlatformXAudio2::StopAudioStream() called
[2025.12.16-18.50.39:671][946]LogAudioMixer: FMixerPlatformXAudio2::StopAudioStream() called
[2025.12.16-18.50.39:678][946]LogUObjectHash: Compacting FUObjectHashTables data took   3.03ms
[2025.12.16-18.50.39:695][947]LogPlayLevel: Display: Destroying online subsystem :Context_20
[2025.12.16-18.50.41:384][ 38]LogUObjectHash: Compacting FUObjectHashTables data took   2.71ms
[2025.12.16-18.50.41:392][ 38]LogSavePackage: Moving '../../../../../../WORKPLACE/Mini_laboratory/MEPhI_VR_term_1/Mini_laboratory/Saved/StartMenu006529B9477EED8FFFBF8B986F79BC7B.tmp' to '../../../../../../WORKPLACE/Mini_laboratory/MEPhI_VR_term_1/Mini_laboratory/Content/Workplace/Maps/StartMenu.umap'
[2025.12.16-18.50.41:431][ 38]AssetCheck: New page: Asset Save: StartMenu
[2025.12.16-18.50.41:431][ 38]LogContentValidation: Display: Validating World /Game/Workplace/Maps/StartMenu.StartMenu
[2025.12.16-18.50.41:896][ 61]LogUObjectHash: Compacting FUObjectHashTables data took   2.77ms
[2025.12.16-18.50.41:904][ 61]LogSavePackage: Moving '../../../../../../WORKPLACE/Mini_laboratory/MEPhI_VR_term_1/Mini_laboratory/Saved/StartMenu2F124F9545EC8001FC1A55BE661EDD4A.tmp' to '../../../../../../WORKPLACE/Mini_laboratory/MEPhI_VR_term_1/Mini_laboratory/Content/Workplace/Maps/StartMenu.umap'
[2025.12.16-18.50.41:939][ 61]AssetCheck: New page: Asset Save: StartMenu
[2025.12.16-18.50.41:939][ 61]LogContentValidation: Display: Validating World /Game/Workplace/Maps/StartMenu.StartMenu
[2025.12.16-18.50.42:278][ 69]LogUObjectHash: Compacting FUObjectHashTables data took   0.70ms
[2025.12.16-18.50.42:284][ 69]LogSavePackage: Moving '../../../../../../WORKPLACE/Mini_laboratory/MEPhI_VR_term_1/Mini_laboratory/Saved/StartMenu63829BCA4CD42A59A5E4C8A2225900B9.tmp' to '../../../../../../WORKPLACE/Mini_laboratory/MEPhI_VR_term_1/Mini_laboratory/Content/Workplace/Maps/StartMenu.umap'
[2025.12.16-18.50.42:312][ 69]AssetCheck: New page: Asset Save: StartMenu
[2025.12.16-18.50.42:312][ 69]LogContentValidation: Display: Validating World /Game/Workplace/Maps/StartMenu.StartMenu
[2025.12.16-18.50.42:541][ 77]LogUObjectHash: Compacting FUObjectHashTables data took   0.80ms
[2025.12.16-18.50.42:547][ 77]LogSavePackage: Moving '../../../../../../WORKPLACE/Mini_laboratory/MEPhI_VR_term_1/Mini_laboratory/Saved/StartMenu1FE3E9EC414DDBAAC8CEF2A7691DDCB4.tmp' to '../../../../../../WORKPLACE/Mini_laboratory/MEPhI_VR_term_1/Mini_laboratory/Content/Workplace/Maps/StartMenu.umap'
[2025.12.16-18.50.42:575][ 77]AssetCheck: New page: Asset Save: StartMenu
[2025.12.16-18.50.42:575][ 77]LogContentValidation: Display: Validating World /Game/Workplace/Maps/StartMenu.StartMenu
[2025.12.16-18.50.42:905][ 94]LogUObjectHash: Compacting FUObjectHashTables data took   0.86ms
[2025.12.16-18.50.42:910][ 94]LogSavePackage: Moving '../../../../../../WORKPLACE/Mini_laboratory/MEPhI_VR_term_1/Mini_laboratory/Saved/StartMenu832BDC6A4C2B71C0C4B68585BF80C964.tmp' to '../../../../../../WORKPLACE/Mini_laboratory/MEPhI_VR_term_1/Mini_laboratory/Content/Workplace/Maps/StartMenu.umap'
[2025.12.16-18.50.42:971][ 94]AssetCheck: New page: Asset Save: StartMenu
[2025.12.16-18.50.42:971][ 94]LogContentValidation: Display: Validating World /Game/Workplace/Maps/StartMenu.StartMenu
[2025.12.16-18.50.43:176][101]LogUObjectHash: Compacting FUObjectHashTables data took   0.75ms
[2025.12.16-18.50.43:182][101]LogSavePackage: Moving '../../../../../../WORKPLACE/Mini_laboratory/MEPhI_VR_term_1/Mini_laboratory/Saved/StartMenu2D7288974BA31088703961BFCB72BC60.tmp' to '../../../../../../WORKPLACE/Mini_laboratory/MEPhI_VR_term_1/Mini_laboratory/Content/Workplace/Maps/StartMenu.umap'
[2025.12.16-18.50.43:214][101]AssetCheck: New page: Asset Save: StartMenu
[2025.12.16-18.50.43:214][101]LogContentValidation: Display: Validating World /Game/Workplace/Maps/StartMenu.StartMenu
[2025.12.16-18.50.45:896][250]LogUObjectHash: Compacting FUObjectHashTables data took   0.76ms
[2025.12.16-18.50.45:902][250]LogSavePackage: Moving '../../../../../../WORKPLACE/Mini_laboratory/MEPhI_VR_term_1/Mini_laboratory/Saved/StartMenu0D44A2424B05063135161388F1FAAFD5.tmp' to '../../../../../../WORKPLACE/Mini_laboratory/MEPhI_VR_term_1/Mini_laboratory/Content/Workplace/Maps/StartMenu.umap'
[2025.12.16-18.50.45:933][250]AssetCheck: New page: Asset Save: StartMenu
[2025.12.16-18.50.45:933][250]LogContentValidation: Display: Validating World /Game/Workplace/Maps/StartMenu.StartMenu
[2025.12.16-18.50.46:230][265]LogUObjectHash: Compacting FUObjectHashTables data took   0.71ms
[2025.12.16-18.50.46:235][265]LogSavePackage: Moving '../../../../../../WORKPLACE/Mini_laboratory/MEPhI_VR_term_1/Mini_laboratory/Saved/StartMenuDCCC240547DB0EBF05AD83A059983D18.tmp' to '../../../../../../WORKPLACE/Mini_laboratory/MEPhI_VR_term_1/Mini_laboratory/Content/Workplace/Maps/StartMenu.umap'
[2025.12.16-18.50.46:266][265]AssetCheck: New page: Asset Save: StartMenu
[2025.12.16-18.50.46:266][265]LogContentValidation: Display: Validating World /Game/Workplace/Maps/StartMenu.StartMenu
[2025.12.16-18.50.46:834][296]LogUObjectHash: Compacting FUObjectHashTables data took   1.21ms
[2025.12.16-18.50.46:843][296]LogSavePackage: Moving '../../../../../../WORKPLACE/Mini_laboratory/MEPhI_VR_term_1/Mini_laboratory/Saved/StartMenu060F54AA44F6C5DD19ECDD980CE6D3A8.tmp' to '../../../../../../WORKPLACE/Mini_laboratory/MEPhI_VR_term_1/Mini_laboratory/Content/Workplace/Maps/StartMenu.umap'
[2025.12.16-18.50.46:872][296]AssetCheck: New page: Asset Save: StartMenu
[2025.12.16-18.50.46:872][296]LogContentValidation: Display: Validating World /Game/Workplace/Maps/StartMenu.StartMenu
[2025.12.16-18.50.47:012][301]LogUObjectHash: Compacting FUObjectHashTables data took   0.94ms
[2025.12.16-18.50.47:019][301]LogSavePackage: Moving '../../../../../../WORKPLACE/Mini_laboratory/MEPhI_VR_term_1/Mini_laboratory/Saved/StartMenu0210564F4A9C2DA6FFE7628536CA51EF.tmp' to '../../../../../../WORKPLACE/Mini_laboratory/MEPhI_VR_term_1/Mini_laboratory/Content/Workplace/Maps/StartMenu.umap'
[2025.12.16-18.50.47:054][301]AssetCheck: New page: Asset Save: StartMenu
[2025.12.16-18.50.47:054][301]LogContentValidation: Display: Validating World /Game/Workplace/Maps/StartMenu.StartMenu
[2025.12.16-18.50.47:175][305]LogUObjectHash: Compacting FUObjectHashTables data took   0.82ms
[2025.12.16-18.50.47:182][305]LogSavePackage: Moving '../../../../../../WORKPLACE/Mini_laboratory/MEPhI_VR_term_1/Mini_laboratory/Saved/StartMenuE96E09CF4D90B0D57315B792495EBA79.tmp' to '../../../../../../WORKPLACE/Mini_laboratory/MEPhI_VR_term_1/Mini_laboratory/Content/Workplace/Maps/StartMenu.umap'
[2025.12.16-18.50.47:214][305]AssetCheck: New page: Asset Save: StartMenu
[2025.12.16-18.50.47:214][305]LogContentValidation: Display: Validating World /Game/Workplace/Maps/StartMenu.StartMenu
[2025.12.16-18.50.56:269][828]LogUObjectHash: Compacting FUObjectHashTables data took   0.92ms
[2025.12.16-18.50.57:065][870]LogUObjectHash: Compacting FUObjectHashTables data took   0.74ms
[2025.12.16-18.50.57:071][870]LogSavePackage: Moving '../../../../../../WORKPLACE/Mini_laboratory/MEPhI_VR_term_1/Mini_laboratory/Saved/StartMenuD65C1B3048DEC68A1F2BA4B32C8A30CB.tmp' to '../../../../../../WORKPLACE/Mini_laboratory/MEPhI_VR_term_1/Mini_laboratory/Content/Workplace/Maps/StartMenu.umap'
[2025.12.16-18.50.57:107][870]AssetCheck: New page: Asset Save: StartMenu
[2025.12.16-18.50.57:107][870]LogContentValidation: Display: Validating World /Game/Workplace/Maps/StartMenu.StartMenu
[2025.12.16-18.51.03:805][256]BlueprintLog: New page: Compile BPW_StartMenu
[2025.12.16-18.51.03:853][256]LogUObjectHash: Compacting FUObjectHashTables data took   4.18ms
[2025.12.16-18.51.04:266][276]LogSavePackage: Moving '../../../../../../WORKPLACE/Mini_laboratory/MEPhI_VR_term_1/Mini_laboratory/Saved/BPW_StartMenu65B7617E4A91A59D83B851AF76719CF7.tmp' to '../../../../../../WORKPLACE/Mini_laboratory/MEPhI_VR_term_1/Mini_laboratory/Content/Workplace/Menu/Blueprints/BPW_StartMenu.uasset'
[2025.12.16-18.51.04:295][276]AssetCheck: New page: Asset Save: BPW_StartMenu
[2025.12.16-18.51.04:295][276]LogContentValidation: Display: Validating EditorUtilityWidgetBlueprint /Game/Workplace/Menu/Blueprints/BPW_StartMenu.BPW_StartMenu
[2025.12.16-18.51.04:652][298]BlueprintLog: New page: Compile BPW_StartMenu
[2025.12.16-18.51.04:723][298]LogUObjectHash: Compacting FUObjectHashTables data took   4.03ms
[2025.12.16-18.51.05:078][315]LogSavePackage: Moving '../../../../../../WORKPLACE/Mini_laboratory/MEPhI_VR_term_1/Mini_laboratory/Saved/BPW_StartMenu1E1435DE4DFAF0844CFBC083F9203EC0.tmp' to '../../../../../../WORKPLACE/Mini_laboratory/MEPhI_VR_term_1/Mini_laboratory/Content/Workplace/Menu/Blueprints/BPW_StartMenu.uasset'
[2025.12.16-18.51.05:104][315]AssetCheck: New page: Asset Save: BPW_StartMenu
[2025.12.16-18.51.05:104][315]LogContentValidation: Display: Validating EditorUtilityWidgetBlueprint /Game/Workplace/Menu/Blueprints/BPW_StartMenu.BPW_StartMenu
[2025.12.16-18.51.05:465][337]BlueprintLog: New page: Compile BPW_StartMenu
[2025.12.16-18.51.05:531][337]LogUObjectHash: Compacting FUObjectHashTables data took   4.34ms
[2025.12.16-18.51.05:931][354]LogSavePackage: Moving '../../../../../../WORKPLACE/Mini_laboratory/MEPhI_VR_term_1/Mini_laboratory/Saved/BPW_StartMenu166184C446A0D6E5B1E3F89D64FFD0DD.tmp' to '../../../../../../WORKPLACE/Mini_laboratory/MEPhI_VR_term_1/Mini_laboratory/Content/Workplace/Menu/Blueprints/BPW_StartMenu.uasset'
[2025.12.16-18.51.05:959][354]AssetCheck: New page: Asset Save: BPW_StartMenu
[2025.12.16-18.51.05:959][354]LogContentValidation: Display: Validating EditorUtilityWidgetBlueprint /Game/Workplace/Menu/Blueprints/BPW_StartMenu.BPW_StartMenu
[2025.12.16-18.51.06:316][376]BlueprintLog: New page: Compile BPW_StartMenu
[2025.12.16-18.51.06:382][376]LogUObjectHash: Compacting FUObjectHashTables data took   3.96ms
[2025.12.16-18.51.06:728][391]LogSavePackage: Moving '../../../../../../WORKPLACE/Mini_laboratory/MEPhI_VR_term_1/Mini_laboratory/Saved/BPW_StartMenu12E621044AA6E10A6BBDD480C2FF53BD.tmp' to '../../../../../../WORKPLACE/Mini_laboratory/MEPhI_VR_term_1/Mini_laboratory/Content/Workplace/Menu/Blueprints/BPW_StartMenu.uasset'
[2025.12.16-18.51.06:755][391]AssetCheck: New page: Asset Save: BPW_StartMenu
[2025.12.16-18.51.06:755][391]LogContentValidation: Display: Validating EditorUtilityWidgetBlueprint /Game/Workplace/Menu/Blueprints/BPW_StartMenu.BPW_StartMenu
[2025.12.16-18.51.07:014][407]BlueprintLog: New page: Compile BPW_StartMenu
[2025.12.16-18.51.07:079][407]LogUObjectHash: Compacting FUObjectHashTables data took   3.94ms
[2025.12.16-18.51.07:440][423]LogSavePackage: Moving '../../../../../../WORKPLACE/Mini_laboratory/MEPhI_VR_term_1/Mini_laboratory/Saved/BPW_StartMenuC1D3300549268F3B89E5E1B7FD2F3CC7.tmp' to '../../../../../../WORKPLACE/Mini_laboratory/MEPhI_VR_term_1/Mini_laboratory/Content/Workplace/Menu/Blueprints/BPW_StartMenu.uasset'
[2025.12.16-18.51.07:468][423]AssetCheck: New page: Asset Save: BPW_StartMenu
[2025.12.16-18.51.07:468][423]LogContentValidation: Display: Validating EditorUtilityWidgetBlueprint /Game/Workplace/Menu/Blueprints/BPW_StartMenu.BPW_StartMenu
[2025.12.16-18.51.07:760][441]BlueprintLog: New page: Compile BPW_StartMenu
[2025.12.16-18.51.07:829][441]LogUObjectHash: Compacting FUObjectHashTables data took   3.80ms
[2025.12.16-18.51.08:157][456]LogSavePackage: Moving '../../../../../../WORKPLACE/Mini_laboratory/MEPhI_VR_term_1/Mini_laboratory/Saved/BPW_StartMenu61B38F804C46CE111BB3BB9C786C8A0D.tmp' to '../../../../../../WORKPLACE/Mini_laboratory/MEPhI_VR_term_1/Mini_laboratory/Content/Workplace/Menu/Blueprints/BPW_StartMenu.uasset'
[2025.12.16-18.51.08:184][456]AssetCheck: New page: Asset Save: BPW_StartMenu
[2025.12.16-18.51.08:184][456]LogContentValidation: Display: Validating EditorUtilityWidgetBlueprint /Game/Workplace/Menu/Blueprints/BPW_StartMenu.BPW_StartMenu
[2025.12.16-18.51.08:492][475]BlueprintLog: New page: Compile BPW_StartMenu
[2025.12.16-18.51.08:561][475]LogUObjectHash: Compacting FUObjectHashTables data took   3.75ms
[2025.12.16-18.51.08:873][489]LogSavePackage: Moving '../../../../../../WORKPLACE/Mini_laboratory/MEPhI_VR_term_1/Mini_laboratory/Saved/BPW_StartMenuF506335D4709A76622CDFF9C022285FE.tmp' to '../../../../../../WORKPLACE/Mini_laboratory/MEPhI_VR_term_1/Mini_laboratory/Content/Workplace/Menu/Blueprints/BPW_StartMenu.uasset'
[2025.12.16-18.51.08:902][489]AssetCheck: New page: Asset Save: BPW_StartMenu
[2025.12.16-18.51.08:902][489]LogContentValidation: Display: Validating EditorUtilityWidgetBlueprint /Game/Workplace/Menu/Blueprints/BPW_StartMenu.BPW_StartMenu
[2025.12.16-18.51.09:191][507]BlueprintLog: New page: Compile BPW_StartMenu
[2025.12.16-18.51.09:260][507]LogUObjectHash: Compacting FUObjectHashTables data took   4.00ms
[2025.12.16-18.51.09:568][521]LogSavePackage: Moving '../../../../../../WORKPLACE/Mini_laboratory/MEPhI_VR_term_1/Mini_laboratory/Saved/BPW_StartMenu9F44C96747FEBBC65F2C56ADDF7B9A79.tmp' to '../../../../../../WORKPLACE/Mini_laboratory/MEPhI_VR_term_1/Mini_laboratory/Content/Workplace/Menu/Blueprints/BPW_StartMenu.uasset'
[2025.12.16-18.51.09:594][521]AssetCheck: New page: Asset Save: BPW_StartMenu
[2025.12.16-18.51.09:594][521]LogContentValidation: Display: Validating EditorUtilityWidgetBlueprint /Game/Workplace/Menu/Blueprints/BPW_StartMenu.BPW_StartMenu
[2025.12.16-18.51.09:938][542]BlueprintLog: New page: Compile BPW_StartMenu
[2025.12.16-18.51.10:006][542]LogUObjectHash: Compacting FUObjectHashTables data took   4.18ms
[2025.12.16-18.51.10:332][557]LogSavePackage: Moving '../../../../../../WORKPLACE/Mini_laboratory/MEPhI_VR_term_1/Mini_laboratory/Saved/BPW_StartMenu02D5B1E54F20108F92260E9DC374FE32.tmp' to '../../../../../../WORKPLACE/Mini_laboratory/MEPhI_VR_term_1/Mini_laboratory/Content/Workplace/Menu/Blueprints/BPW_StartMenu.uasset'
[2025.12.16-18.51.10:360][557]AssetCheck: New page: Asset Save: BPW_StartMenu
[2025.12.16-18.51.10:360][557]LogContentValidation: Display: Validating EditorUtilityWidgetBlueprint /Game/Workplace/Menu/Blueprints/BPW_StartMenu.BPW_StartMenu
[2025.12.16-18.51.10:626][572]BlueprintLog: New page: Compile BPW_StartMenu
[2025.12.16-18.51.10:692][572]LogUObjectHash: Compacting FUObjectHashTables data took   3.86ms
[2025.12.16-18.51.11:001][584]LogSavePackage: Moving '../../../../../../WORKPLACE/Mini_laboratory/MEPhI_VR_term_1/Mini_laboratory/Saved/BPW_StartMenu9810F1BF49C0CE82EAF104A6E2D7CD89.tmp' to '../../../../../../WORKPLACE/Mini_laboratory/MEPhI_VR_term_1/Mini_laboratory/Content/Workplace/Menu/Blueprints/BPW_StartMenu.uasset'
[2025.12.16-18.51.11:029][584]AssetCheck: New page: Asset Save: BPW_StartMenu
[2025.12.16-18.51.11:029][584]LogContentValidation: Display: Validating EditorUtilityWidgetBlueprint /Game/Workplace/Menu/Blueprints/BPW_StartMenu.BPW_StartMenu
[2025.12.16-18.51.11:353][600]BlueprintLog: New page: Compile BPW_StartMenu
[2025.12.16-18.51.11:419][600]LogUObjectHash: Compacting FUObjectHashTables data took   4.05ms
[2025.12.16-18.51.11:742][614]LogSavePackage: Moving '../../../../../../WORKPLACE/Mini_laboratory/MEPhI_VR_term_1/Mini_laboratory/Saved/BPW_StartMenuF338B2A14714058F79116F9E281DDA9B.tmp' to '../../../../../../WORKPLACE/Mini_laboratory/MEPhI_VR_term_1/Mini_laboratory/Content/Workplace/Menu/Blueprints/BPW_StartMenu.uasset'
[2025.12.16-18.51.11:771][614]AssetCheck: New page: Asset Save: BPW_StartMenu
[2025.12.16-18.51.11:771][614]LogContentValidation: Display: Validating EditorUtilityWidgetBlueprint /Game/Workplace/Menu/Blueprints/BPW_StartMenu.BPW_StartMenu
[2025.12.16-18.51.12:066][632]BlueprintLog: New page: Compile BPW_StartMenu
[2025.12.16-18.51.12:132][632]LogUObjectHash: Compacting FUObjectHashTables data took   4.01ms
[2025.12.16-18.51.12:609][651]LogSavePackage: Moving '../../../../../../WORKPLACE/Mini_laboratory/MEPhI_VR_term_1/Mini_laboratory/Saved/BPW_StartMenu52C34BDB4B9266092C45EE91EF3201D0.tmp' to '../../../../../../WORKPLACE/Mini_laboratory/MEPhI_VR_term_1/Mini_laboratory/Content/Workplace/Menu/Blueprints/BPW_StartMenu.uasset'
[2025.12.16-18.51.12:640][651]AssetCheck: New page: Asset Save: BPW_StartMenu
[2025.12.16-18.51.12:640][651]LogContentValidation: Display: Validating EditorUtilityWidgetBlueprint /Game/Workplace/Menu/Blueprints/BPW_StartMenu.BPW_StartMenu
[2025.12.16-18.51.12:883][666]BlueprintLog: New page: Compile BPW_StartMenu
[2025.12.16-18.51.12:961][666]LogUObjectHash: Compacting FUObjectHashTables data took   3.51ms
[2025.12.16-18.51.44:551][536]BlueprintLog: New page: Compile BPW_Crosshair
[2025.12.16-18.51.44:600][536]LogUObjectHash: Compacting FUObjectHashTables data took   3.92ms
[2025.12.16-18.51.45:106][560]LogSavePackage: Moving '../../../../../../WORKPLACE/Mini_laboratory/MEPhI_VR_term_1/Mini_laboratory/Saved/BPW_Crosshair178FF3D24A7210ADF3685BBCC29D4B3A.tmp' to '../../../../../../WORKPLACE/Mini_laboratory/MEPhI_VR_term_1/Mini_laboratory/Content/Workplace/FirstPerson/FirstPersonBP/Blueprints/BPW_Crosshair.uasset'
[2025.12.16-18.51.45:134][560]AssetCheck: New page: Asset Save: BPW_Crosshair
[2025.12.16-18.51.45:134][560]LogContentValidation: Display: Validating EditorUtilityWidgetBlueprint /Game/Workplace/FirstPerson/FirstPersonBP/Blueprints/BPW_Crosshair.BPW_Crosshair
[2025.12.16-18.51.45:457][580]BlueprintLog: New page: Compile BPW_Crosshair
[2025.12.16-18.51.45:525][580]LogUObjectHash: Compacting FUObjectHashTables data took   4.55ms
[2025.12.16-18.51.45:983][601]LogSavePackage: Moving '../../../../../../WORKPLACE/Mini_laboratory/MEPhI_VR_term_1/Mini_laboratory/Saved/BPW_CrosshairA1DD902B4B79DB93E5D6E78D1E25FD85.tmp' to '../../../../../../WORKPLACE/Mini_laboratory/MEPhI_VR_term_1/Mini_laboratory/Content/Workplace/FirstPerson/FirstPersonBP/Blueprints/BPW_Crosshair.uasset'
[2025.12.16-18.51.46:010][601]AssetCheck: New page: Asset Save: BPW_Crosshair
[2025.12.16-18.51.46:010][601]LogContentValidation: Display: Validating EditorUtilityWidgetBlueprint /Game/Workplace/FirstPerson/FirstPersonBP/Blueprints/BPW_Crosshair.BPW_Crosshair
[2025.12.16-18.51.49:282][796]BlueprintLog: New page: Compile BPW_Crosshair
[2025.12.16-18.51.49:348][796]LogUObjectHash: Compacting FUObjectHashTables data took   4.04ms
[2025.12.16-18.51.49:974][828]LogSavePackage: Moving '../../../../../../WORKPLACE/Mini_laboratory/MEPhI_VR_term_1/Mini_laboratory/Saved/BPW_Crosshair5755AE0B4FAAFC52AEAAA3B0F7A6E932.tmp' to '../../../../../../WORKPLACE/Mini_laboratory/MEPhI_VR_term_1/Mini_laboratory/Content/Workplace/FirstPerson/FirstPersonBP/Blueprints/BPW_Crosshair.uasset'
[2025.12.16-18.51.50:000][828]AssetCheck: New page: Asset Save: BPW_Crosshair
[2025.12.16-18.51.50:000][828]LogContentValidation: Display: Validating EditorUtilityWidgetBlueprint /Game/Workplace/FirstPerson/FirstPersonBP/Blueprints/BPW_Crosshair.BPW_Crosshair
[2025.12.16-18.51.50:527][860]BlueprintLog: New page: Compile BPW_Crosshair
[2025.12.16-18.51.50:596][860]LogUObjectHash: Compacting FUObjectHashTables data took   4.39ms
[2025.12.16-18.51.51:213][886]LogSavePackage: Moving '../../../../../../WORKPLACE/Mini_laboratory/MEPhI_VR_term_1/Mini_laboratory/Saved/BPW_CrosshairAB1DDE22404D2D134D2BF8B10C59633B.tmp' to '../../../../../../WORKPLACE/Mini_laboratory/MEPhI_VR_term_1/Mini_laboratory/Content/Workplace/FirstPerson/FirstPersonBP/Blueprints/BPW_Crosshair.uasset'
[2025.12.16-18.51.51:246][886]AssetCheck: New page: Asset Save: BPW_Crosshair
[2025.12.16-18.51.51:246][886]LogContentValidation: Display: Validating EditorUtilityWidgetBlueprint /Game/Workplace/FirstPerson/FirstPersonBP/Blueprints/BPW_Crosshair.BPW_Crosshair
[2025.12.16-18.51.52:580][965]LogSavePackage: Moving '../../../../../../WORKPLACE/Mini_laboratory/MEPhI_VR_term_1/Mini_laboratory/Saved/BPW_Crosshair50285DE043E455991137EC8C6ACF969F.tmp' to '../../../../../../WORKPLACE/Mini_laboratory/MEPhI_VR_term_1/Mini_laboratory/Content/Workplace/FirstPerson/FirstPersonBP/Blueprints/BPW_Crosshair.uasset'
[2025.12.16-18.51.52:609][965]AssetCheck: New page: Asset Save: BPW_Crosshair
[2025.12.16-18.51.52:609][965]LogContentValidation: Display: Validating EditorUtilityWidgetBlueprint /Game/Workplace/FirstPerson/FirstPersonBP/Blueprints/BPW_Crosshair.BPW_Crosshair
[2025.12.16-18.51.52:954][986]BlueprintLog: New page: Compile BPW_Crosshair
[2025.12.16-18.51.53:024][986]LogUObjectHash: Compacting FUObjectHashTables data took   4.01ms
[2025.12.16-18.51.53:454][  8]BlueprintLog: New page: Compile BPW_Crosshair
[2025.12.16-18.51.53:502][  8]LogUObjectHash: Compacting FUObjectHashTables data took   4.47ms
[2025.12.16-18.51.54:093][ 38]LogSavePackage: Moving '../../../../../../WORKPLACE/Mini_laboratory/MEPhI_VR_term_1/Mini_laboratory/Saved/BPW_Crosshair10C3C7C94240CC38619F7A8D57EED079.tmp' to '../../../../../../WORKPLACE/Mini_laboratory/MEPhI_VR_term_1/Mini_laboratory/Content/Workplace/FirstPerson/FirstPersonBP/Blueprints/BPW_Crosshair.uasset'
[2025.12.16-18.51.54:119][ 38]AssetCheck: New page: Asset Save: BPW_Crosshair
[2025.12.16-18.51.54:119][ 38]LogContentValidation: Display: Validating EditorUtilityWidgetBlueprint /Game/Workplace/FirstPerson/FirstPersonBP/Blueprints/BPW_Crosshair.BPW_Crosshair
[2025.12.16-18.51.54:583][ 66]BlueprintLog: New page: Compile BPW_Crosshair
[2025.12.16-18.51.54:652][ 66]LogUObjectHash: Compacting FUObjectHashTables data took   4.72ms
[2025.12.16-18.52.17:788][390]BlueprintLog: New page: Compile BPW_Crosshair
[2025.12.16-18.52.17:839][390]LogUObjectHash: Compacting FUObjectHashTables data took   4.03ms
[2025.12.16-18.52.18:447][423]LogSavePackage: Moving '../../../../../../WORKPLACE/Mini_laboratory/MEPhI_VR_term_1/Mini_laboratory/Saved/BPW_Crosshair92F5E29A4C76194739AD21BCB818A9FD.tmp' to '../../../../../../WORKPLACE/Mini_laboratory/MEPhI_VR_term_1/Mini_laboratory/Content/Workplace/FirstPerson/FirstPersonBP/Blueprints/BPW_Crosshair.uasset'
[2025.12.16-18.52.18:476][423]AssetCheck: New page: Asset Save: BPW_Crosshair
[2025.12.16-18.52.18:476][423]LogContentValidation: Display: Validating EditorUtilityWidgetBlueprint /Game/Workplace/FirstPerson/FirstPersonBP/Blueprints/BPW_Crosshair.BPW_Crosshair
[2025.12.16-18.53.07:239][264]BlueprintLog: New page: Compile GlobalVariables
[2025.12.16-18.53.07:304][264]LogUObjectHash: Compacting FUObjectHashTables data took   4.53ms
[2025.12.16-18.53.07:730][285]LogSavePackage: Moving '../../../../../../WORKPLACE/Mini_laboratory/MEPhI_VR_term_1/Mini_laboratory/Saved/GlobalVariables168FB15F41FB58CCF8332799273EBCEA.tmp' to '../../../../../../WORKPLACE/Mini_laboratory/MEPhI_VR_term_1/Mini_laboratory/Content/Workplace/Blueprints/GlobalVariables.uasset'
[2025.12.16-18.53.07:757][285]AssetCheck: New page: Asset Save: GlobalVariables
[2025.12.16-18.53.07:757][285]LogContentValidation: Display: Validating Blueprint /Game/Workplace/Blueprints/GlobalVariables.GlobalVariables
[2025.12.16-18.53.12:685][573]BlueprintLog: New page: Compile BPW_StartMenu
[2025.12.16-18.53.12:741][573]LogUObjectHash: Compacting FUObjectHashTables data took   4.62ms
[2025.12.16-18.53.13:181][594]LogSavePackage: Moving '../../../../../../WORKPLACE/Mini_laboratory/MEPhI_VR_term_1/Mini_laboratory/Saved/BPW_StartMenu749E0ED0494D82E394A2068276ADA296.tmp' to '../../../../../../WORKPLACE/Mini_laboratory/MEPhI_VR_term_1/Mini_laboratory/Content/Workplace/Menu/Blueprints/BPW_StartMenu.uasset'
[2025.12.16-18.53.13:234][594]AssetCheck: New page: Asset Save: BPW_StartMenu
[2025.12.16-18.53.13:234][594]LogContentValidation: Display: Validating EditorUtilityWidgetBlueprint /Game/Workplace/Menu/Blueprints/BPW_StartMenu.BPW_StartMenu
[2025.12.16-18.53.15:654][735]LogWorld: UWorld::CleanupWorld for World_17, bSessionEnded=true, bCleanupResources=true
[2025.12.16-18.53.15:655][735]LogSlate: InvalidateAllWidgets triggered.  All widgets were invalidated
[2025.12.16-18.53.15:675][735]LogWorld: UWorld::CleanupWorld for World_16, bSessionEnded=true, bCleanupResources=true
[2025.12.16-18.53.15:676][735]LogSlate: InvalidateAllWidgets triggered.  All widgets were invalidated
[2025.12.16-18.54.07:764][797]LogSavePackage: Moving '../../../../../../WORKPLACE/Mini_laboratory/MEPhI_VR_term_1/Mini_laboratory/Saved/BPW_CrosshairB94BAB7E45A7388C5DC8FEA77FD785BE.tmp' to '../../../../../../WORKPLACE/Mini_laboratory/MEPhI_VR_term_1/Mini_laboratory/Content/Workplace/FirstPerson/FirstPersonBP/Blueprints/BPW_Crosshair.uasset'
[2025.12.16-18.54.07:800][797]AssetCheck: New page: Asset Save: BPW_Crosshair
[2025.12.16-18.54.07:800][797]LogContentValidation: Display: Validating EditorUtilityWidgetBlueprint /Game/Workplace/FirstPerson/FirstPersonBP/Blueprints/BPW_Crosshair.BPW_Crosshair
[2025.12.16-18.54.08:205][821]BlueprintLog: New page: Compile BPW_Crosshair
[2025.12.16-18.54.08:311][821]LogUObjectHash: Compacting FUObjectHashTables data took   5.28ms
[2025.12.16-18.54.09:127][863]LogSavePackage: Moving '../../../../../../WORKPLACE/Mini_laboratory/MEPhI_VR_term_1/Mini_laboratory/Saved/BPW_CrosshairF80B4C424985FE199F80908384376355.tmp' to '../../../../../../WORKPLACE/Mini_laboratory/MEPhI_VR_term_1/Mini_laboratory/Content/Workplace/FirstPerson/FirstPersonBP/Blueprints/BPW_Crosshair.uasset'
[2025.12.16-18.54.09:155][863]AssetCheck: New page: Asset Save: BPW_Crosshair
[2025.12.16-18.54.09:155][863]LogContentValidation: Display: Validating EditorUtilityWidgetBlueprint /Game/Workplace/FirstPerson/FirstPersonBP/Blueprints/BPW_Crosshair.BPW_Crosshair
[2025.12.16-18.54.11:343][991]BlueprintLog: New page: Compile BPW_Crosshair
[2025.12.16-18.54.11:406][991]LogUObjectHash: Compacting FUObjectHashTables data took   4.71ms
[2025.12.16-18.54.12:003][ 19]LogSavePackage: Moving '../../../../../../WORKPLACE/Mini_laboratory/MEPhI_VR_term_1/Mini_laboratory/Saved/BPW_Crosshair8C59905648B21B92BB061F94E043AF7A.tmp' to '../../../../../../WORKPLACE/Mini_laboratory/MEPhI_VR_term_1/Mini_laboratory/Content/Workplace/FirstPerson/FirstPersonBP/Blueprints/BPW_Crosshair.uasset'
[2025.12.16-18.54.12:029][ 19]AssetCheck: New page: Asset Save: BPW_Crosshair
[2025.12.16-18.54.12:029][ 19]LogContentValidation: Display: Validating EditorUtilityWidgetBlueprint /Game/Workplace/FirstPerson/FirstPersonBP/Blueprints/BPW_Crosshair.BPW_Crosshair
[2025.12.16-18.54.25:332][776]BlueprintLog: New page: Compile BPW_Crosshair
[2025.12.16-18.54.25:398][776]LogUObjectHash: Compacting FUObjectHashTables data took   4.27ms
[2025.12.16-18.54.25:946][802]LogSavePackage: Moving '../../../../../../WORKPLACE/Mini_laboratory/MEPhI_VR_term_1/Mini_laboratory/Saved/BPW_Crosshair0D0E8ACD4653868B593032838414B09D.tmp' to '../../../../../../WORKPLACE/Mini_laboratory/MEPhI_VR_term_1/Mini_laboratory/Content/Workplace/FirstPerson/FirstPersonBP/Blueprints/BPW_Crosshair.uasset'
[2025.12.16-18.54.25:980][802]AssetCheck: New page: Asset Save: BPW_Crosshair
[2025.12.16-18.54.25:980][802]LogContentValidation: Display: Validating EditorUtilityWidgetBlueprint /Game/Workplace/FirstPerson/FirstPersonBP/Blueprints/BPW_Crosshair.BPW_Crosshair
[2025.12.16-18.54.49:113][ 89]LogAssetEditorSubsystem: Opening Asset editor for Blueprint /Game/Workplace/Blueprints/BP_Button.BP_Button
[2025.12.16-18.55.13:445][417]BlueprintLog: New page: Compile BPW_Crosshair
[2025.12.16-18.55.13:515][417]LogUObjectHash: Compacting FUObjectHashTables data took   5.40ms
[2025.12.16-18.55.13:919][438]LogSavePackage: Moving '../../../../../../WORKPLACE/Mini_laboratory/MEPhI_VR_term_1/Mini_laboratory/Saved/BPW_CrosshairF9FFF7744ED2D634681A6CB9F98F238C.tmp' to '../../../../../../WORKPLACE/Mini_laboratory/MEPhI_VR_term_1/Mini_laboratory/Content/Workplace/FirstPerson/FirstPersonBP/Blueprints/BPW_Crosshair.uasset'
[2025.12.16-18.55.13:950][438]AssetCheck: New page: Asset Save: BPW_Crosshair
[2025.12.16-18.55.13:950][438]LogContentValidation: Display: Validating EditorUtilityWidgetBlueprint /Game/Workplace/FirstPerson/FirstPersonBP/Blueprints/BPW_Crosshair.BPW_Crosshair
[2025.12.16-18.55.14:242][456]BlueprintLog: New page: Compile BPW_Crosshair
[2025.12.16-18.55.14:313][456]LogUObjectHash: Compacting FUObjectHashTables data took   4.71ms
[2025.12.16-18.55.14:670][475]LogSavePackage: Moving '../../../../../../WORKPLACE/Mini_laboratory/MEPhI_VR_term_1/Mini_laboratory/Saved/BPW_Crosshair4A90FEF24E82D5498F9BED81A7595ABC.tmp' to '../../../../../../WORKPLACE/Mini_laboratory/MEPhI_VR_term_1/Mini_laboratory/Content/Workplace/FirstPerson/FirstPersonBP/Blueprints/BPW_Crosshair.uasset'
[2025.12.16-18.55.14:700][475]AssetCheck: New page: Asset Save: BPW_Crosshair
[2025.12.16-18.55.14:700][475]LogContentValidation: Display: Validating EditorUtilityWidgetBlueprint /Game/Workplace/FirstPerson/FirstPersonBP/Blueprints/BPW_Crosshair.BPW_Crosshair
[2025.12.16-18.55.15:076][498]BlueprintLog: New page: Compile BPW_Crosshair
[2025.12.16-18.55.15:175][498]LogUObjectHash: Compacting FUObjectHashTables data took   4.81ms
[2025.12.16-18.55.15:482][514]LogSavePackage: Moving '../../../../../../WORKPLACE/Mini_laboratory/MEPhI_VR_term_1/Mini_laboratory/Saved/BPW_Crosshair228E6A4E4B9A577BEF8B7DAC14FF7277.tmp' to '../../../../../../WORKPLACE/Mini_laboratory/MEPhI_VR_term_1/Mini_laboratory/Content/Workplace/FirstPerson/FirstPersonBP/Blueprints/BPW_Crosshair.uasset'
[2025.12.16-18.55.15:509][514]AssetCheck: New page: Asset Save: BPW_Crosshair
[2025.12.16-18.55.15:509][514]LogContentValidation: Display: Validating EditorUtilityWidgetBlueprint /Game/Workplace/FirstPerson/FirstPersonBP/Blueprints/BPW_Crosshair.BPW_Crosshair
[2025.12.16-18.55.15:835][534]BlueprintLog: New page: Compile BPW_Crosshair
[2025.12.16-18.55.15:902][534]LogUObjectHash: Compacting FUObjectHashTables data took   4.48ms
[2025.12.16-18.55.16:346][558]LogSavePackage: Moving '../../../../../../WORKPLACE/Mini_laboratory/MEPhI_VR_term_1/Mini_laboratory/Saved/BPW_Crosshair52F06A1745EC5C8977C56CB2DBA21D13.tmp' to '../../../../../../WORKPLACE/Mini_laboratory/MEPhI_VR_term_1/Mini_laboratory/Content/Workplace/FirstPerson/FirstPersonBP/Blueprints/BPW_Crosshair.uasset'
[2025.12.16-18.55.16:377][558]AssetCheck: New page: Asset Save: BPW_Crosshair
[2025.12.16-18.55.16:377][558]LogContentValidation: Display: Validating EditorUtilityWidgetBlueprint /Game/Workplace/FirstPerson/FirstPersonBP/Blueprints/BPW_Crosshair.BPW_Crosshair
[2025.12.16-18.56.09:458][636]BlueprintLog: New page: Compile BPW_Crosshair
[2025.12.16-18.56.09:526][636]LogUObjectHash: Compacting FUObjectHashTables data took   4.84ms
[2025.12.16-18.56.10:201][668]LogSavePackage: Moving '../../../../../../WORKPLACE/Mini_laboratory/MEPhI_VR_term_1/Mini_laboratory/Saved/BPW_Crosshair82C2BEF04CF815149060C2AA8AF71BBC.tmp' to '../../../../../../WORKPLACE/Mini_laboratory/MEPhI_VR_term_1/Mini_laboratory/Content/Workplace/FirstPerson/FirstPersonBP/Blueprints/BPW_Crosshair.uasset'
[2025.12.16-18.56.10:226][668]AssetCheck: New page: Asset Save: BPW_Crosshair
[2025.12.16-18.56.10:226][668]LogContentValidation: Display: Validating EditorUtilityWidgetBlueprint /Game/Workplace/FirstPerson/FirstPersonBP/Blueprints/BPW_Crosshair.BPW_Crosshair
[2025.12.16-18.56.48:584][821]BlueprintLog: New page: Compile BPW_Crosshair
[2025.12.16-18.56.48:702][821]LogUObjectHash: Compacting FUObjectHashTables data took   8.46ms
[2025.12.16-18.56.49:044][835]LogSavePackage: Moving '../../../../../../WORKPLACE/Mini_laboratory/MEPhI_VR_term_1/Mini_laboratory/Saved/BPW_Crosshair1D2510EE47E88610D4CA2F87300C2655.tmp' to '../../../../../../WORKPLACE/Mini_laboratory/MEPhI_VR_term_1/Mini_laboratory/Content/Workplace/FirstPerson/FirstPersonBP/Blueprints/BPW_Crosshair.uasset'
[2025.12.16-18.56.49:075][835]AssetCheck: New page: Asset Save: BPW_Crosshair
[2025.12.16-18.56.49:075][835]LogContentValidation: Display: Validating EditorUtilityWidgetBlueprint /Game/Workplace/FirstPerson/FirstPersonBP/Blueprints/BPW_Crosshair.BPW_Crosshair
[2025.12.16-18.56.49:444][857]BlueprintLog: New page: Compile BPW_Crosshair
[2025.12.16-18.56.49:516][857]LogUObjectHash: Compacting FUObjectHashTables data took   5.65ms
[2025.12.16-18.56.49:844][873]LogSavePackage: Moving '../../../../../../WORKPLACE/Mini_laboratory/MEPhI_VR_term_1/Mini_laboratory/Saved/BPW_Crosshair9124A77D41B09330846220A393F07B9A.tmp' to '../../../../../../WORKPLACE/Mini_laboratory/MEPhI_VR_term_1/Mini_laboratory/Content/Workplace/FirstPerson/FirstPersonBP/Blueprints/BPW_Crosshair.uasset'
[2025.12.16-18.56.49:875][873]AssetCheck: New page: Asset Save: BPW_Crosshair
[2025.12.16-18.56.49:875][873]LogContentValidation: Display: Validating EditorUtilityWidgetBlueprint /Game/Workplace/FirstPerson/FirstPersonBP/Blueprints/BPW_Crosshair.BPW_Crosshair
[2025.12.16-18.56.50:210][893]BlueprintLog: New page: Compile BPW_Crosshair
[2025.12.16-18.56.50:282][893]LogUObjectHash: Compacting FUObjectHashTables data took   5.36ms
[2025.12.16-18.56.51:057][936]LogSavePackage: Moving '../../../../../../WORKPLACE/Mini_laboratory/MEPhI_VR_term_1/Mini_laboratory/Saved/BPW_CrosshairD5EB1B254C5E37CB653502B9FD0E2256.tmp' to '../../../../../../WORKPLACE/Mini_laboratory/MEPhI_VR_term_1/Mini_laboratory/Content/Workplace/FirstPerson/FirstPersonBP/Blueprints/BPW_Crosshair.uasset'
[2025.12.16-18.56.51:088][936]AssetCheck: New page: Asset Save: BPW_Crosshair
[2025.12.16-18.56.51:088][936]LogContentValidation: Display: Validating EditorUtilityWidgetBlueprint /Game/Workplace/FirstPerson/FirstPersonBP/Blueprints/BPW_Crosshair.BPW_Crosshair
[2025.12.16-18.56.52:539][ 20]BlueprintLog: New page: Compile BPW_Crosshair
[2025.12.16-18.56.52:609][ 20]LogUObjectHash: Compacting FUObjectHashTables data took   5.32ms
[2025.12.16-18.56.53:351][ 60]LogSavePackage: Moving '../../../../../../WORKPLACE/Mini_laboratory/MEPhI_VR_term_1/Mini_laboratory/Saved/BPW_Crosshair2EF2816E41E47DFFB07BA08DB197A4EF.tmp' to '../../../../../../WORKPLACE/Mini_laboratory/MEPhI_VR_term_1/Mini_laboratory/Content/Workplace/FirstPerson/FirstPersonBP/Blueprints/BPW_Crosshair.uasset'
[2025.12.16-18.56.53:386][ 60]AssetCheck: New page: Asset Save: BPW_Crosshair
[2025.12.16-18.56.53:386][ 60]LogContentValidation: Display: Validating EditorUtilityWidgetBlueprint /Game/Workplace/FirstPerson/FirstPersonBP/Blueprints/BPW_Crosshair.BPW_Crosshair
[2025.12.16-18.56.53:645][ 74]BlueprintLog: New page: Compile BPW_Crosshair
[2025.12.16-18.56.53:718][ 74]LogUObjectHash: Compacting FUObjectHashTables data took   5.40ms
[2025.12.16-18.56.54:147][ 89]LogSavePackage: Moving '../../../../../../WORKPLACE/Mini_laboratory/MEPhI_VR_term_1/Mini_laboratory/Saved/BPW_Crosshair9CAB96274B6D5A7E608B2997C1A89080.tmp' to '../../../../../../WORKPLACE/Mini_laboratory/MEPhI_VR_term_1/Mini_laboratory/Content/Workplace/FirstPerson/FirstPersonBP/Blueprints/BPW_Crosshair.uasset'
[2025.12.16-18.56.54:175][ 89]AssetCheck: New page: Asset Save: BPW_Crosshair
[2025.12.16-18.56.54:175][ 89]LogContentValidation: Display: Validating EditorUtilityWidgetBlueprint /Game/Workplace/FirstPerson/FirstPersonBP/Blueprints/BPW_Crosshair.BPW_Crosshair
[2025.12.16-18.56.58:040][310]BlueprintLog: New page: Compile BPW_Crosshair
[2025.12.16-18.56.58:115][310]LogUObjectHash: Compacting FUObjectHashTables data took   5.36ms
[2025.12.16-18.56.58:477][325]LogSavePackage: Moving '../../../../../../WORKPLACE/Mini_laboratory/MEPhI_VR_term_1/Mini_laboratory/Saved/BPW_CrosshairD84953BB463BE4002A7C4DA9AB3F22FC.tmp' to '../../../../../../WORKPLACE/Mini_laboratory/MEPhI_VR_term_1/Mini_laboratory/Content/Workplace/FirstPerson/FirstPersonBP/Blueprints/BPW_Crosshair.uasset'
[2025.12.16-18.56.58:508][325]AssetCheck: New page: Asset Save: BPW_Crosshair
[2025.12.16-18.56.58:508][325]LogContentValidation: Display: Validating EditorUtilityWidgetBlueprint /Game/Workplace/FirstPerson/FirstPersonBP/Blueprints/BPW_Crosshair.BPW_Crosshair
[2025.12.16-18.56.58:855][345]BlueprintLog: New page: Compile BPW_Crosshair
[2025.12.16-18.56.58:929][345]LogUObjectHash: Compacting FUObjectHashTables data took   5.59ms
[2025.12.16-18.56.59:302][364]LogSavePackage: Moving '../../../../../../WORKPLACE/Mini_laboratory/MEPhI_VR_term_1/Mini_laboratory/Saved/BPW_CrosshairB45F49204F877C048744A69CF94352E8.tmp' to '../../../../../../WORKPLACE/Mini_laboratory/MEPhI_VR_term_1/Mini_laboratory/Content/Workplace/FirstPerson/FirstPersonBP/Blueprints/BPW_Crosshair.uasset'
[2025.12.16-18.56.59:329][364]AssetCheck: New page: Asset Save: BPW_Crosshair
[2025.12.16-18.56.59:329][364]LogContentValidation: Display: Validating EditorUtilityWidgetBlueprint /Game/Workplace/FirstPerson/FirstPersonBP/Blueprints/BPW_Crosshair.BPW_Crosshair
[2025.12.16-18.56.59:621][382]BlueprintLog: New page: Compile BPW_Crosshair
[2025.12.16-18.56.59:695][382]LogUObjectHash: Compacting FUObjectHashTables data took   5.60ms
[2025.12.16-18.57.00:082][401]LogSavePackage: Moving '../../../../../../WORKPLACE/Mini_laboratory/MEPhI_VR_term_1/Mini_laboratory/Saved/BPW_Crosshair1F1C065A4F88FE93945200B56923FE83.tmp' to '../../../../../../WORKPLACE/Mini_laboratory/MEPhI_VR_term_1/Mini_laboratory/Content/Workplace/FirstPerson/FirstPersonBP/Blueprints/BPW_Crosshair.uasset'
[2025.12.16-18.57.00:112][401]AssetCheck: New page: Asset Save: BPW_Crosshair
[2025.12.16-18.57.00:112][401]LogContentValidation: Display: Validating EditorUtilityWidgetBlueprint /Game/Workplace/FirstPerson/FirstPersonBP/Blueprints/BPW_Crosshair.BPW_Crosshair
[2025.12.16-18.57.00:415][419]BlueprintLog: New page: Compile BPW_Crosshair
[2025.12.16-18.57.00:488][419]LogUObjectHash: Compacting FUObjectHashTables data took   5.51ms
[2025.12.16-18.57.00:829][435]LogSavePackage: Moving '../../../../../../WORKPLACE/Mini_laboratory/MEPhI_VR_term_1/Mini_laboratory/Saved/BPW_Crosshair2A084AAC4AC7102D006527B52B1C6046.tmp' to '../../../../../../WORKPLACE/Mini_laboratory/MEPhI_VR_term_1/Mini_laboratory/Content/Workplace/FirstPerson/FirstPersonBP/Blueprints/BPW_Crosshair.uasset'
[2025.12.16-18.57.00:859][435]AssetCheck: New page: Asset Save: BPW_Crosshair
[2025.12.16-18.57.00:859][435]LogContentValidation: Display: Validating EditorUtilityWidgetBlueprint /Game/Workplace/FirstPerson/FirstPersonBP/Blueprints/BPW_Crosshair.BPW_Crosshair
[2025.12.16-18.57.01:185][455]BlueprintLog: New page: Compile BPW_Crosshair
[2025.12.16-18.57.01:260][455]LogUObjectHash: Compacting FUObjectHashTables data took   5.59ms
[2025.12.16-18.57.01:612][472]LogSavePackage: Moving '../../../../../../WORKPLACE/Mini_laboratory/MEPhI_VR_term_1/Mini_laboratory/Saved/BPW_Crosshair4D48DFF5496C3611812F1ABC723BAB03.tmp' to '../../../../../../WORKPLACE/Mini_laboratory/MEPhI_VR_term_1/Mini_laboratory/Content/Workplace/FirstPerson/FirstPersonBP/Blueprints/BPW_Crosshair.uasset'
[2025.12.16-18.57.01:642][472]AssetCheck: New page: Asset Save: BPW_Crosshair
[2025.12.16-18.57.01:642][472]LogContentValidation: Display: Validating EditorUtilityWidgetBlueprint /Game/Workplace/FirstPerson/FirstPersonBP/Blueprints/BPW_Crosshair.BPW_Crosshair
[2025.12.16-18.57.01:926][489]BlueprintLog: New page: Compile BPW_Crosshair
[2025.12.16-18.57.02:002][489]LogUObjectHash: Compacting FUObjectHashTables data took   5.33ms
[2025.12.16-18.57.02:340][506]LogSavePackage: Moving '../../../../../../WORKPLACE/Mini_laboratory/MEPhI_VR_term_1/Mini_laboratory/Saved/BPW_Crosshair1912BEBB463685C38F3BEF8AF5E04CF9.tmp' to '../../../../../../WORKPLACE/Mini_laboratory/MEPhI_VR_term_1/Mini_laboratory/Content/Workplace/FirstPerson/FirstPersonBP/Blueprints/BPW_Crosshair.uasset'
[2025.12.16-18.57.02:368][506]AssetCheck: New page: Asset Save: BPW_Crosshair
[2025.12.16-18.57.02:368][506]LogContentValidation: Display: Validating EditorUtilityWidgetBlueprint /Game/Workplace/FirstPerson/FirstPersonBP/Blueprints/BPW_Crosshair.BPW_Crosshair
[2025.12.16-18.57.02:661][524]BlueprintLog: New page: Compile BPW_Crosshair
[2025.12.16-18.57.02:735][524]LogUObjectHash: Compacting FUObjectHashTables data took   5.40ms
[2025.12.16-18.57.03:108][539]LogSavePackage: Moving '../../../../../../WORKPLACE/Mini_laboratory/MEPhI_VR_term_1/Mini_laboratory/Saved/BPW_Crosshair10B9318D403A25A957F39EBD596C9BF3.tmp' to '../../../../../../WORKPLACE/Mini_laboratory/MEPhI_VR_term_1/Mini_laboratory/Content/Workplace/FirstPerson/FirstPersonBP/Blueprints/BPW_Crosshair.uasset'
[2025.12.16-18.57.03:142][539]AssetCheck: New page: Asset Save: BPW_Crosshair
[2025.12.16-18.57.03:142][539]LogContentValidation: Display: Validating EditorUtilityWidgetBlueprint /Game/Workplace/FirstPerson/FirstPersonBP/Blueprints/BPW_Crosshair.BPW_Crosshair
[2025.12.16-18.57.03:423][556]BlueprintLog: New page: Compile BPW_Crosshair
[2025.12.16-18.57.03:497][556]LogUObjectHash: Compacting FUObjectHashTables data took   5.37ms
[2025.12.16-18.57.03:803][572]LogSavePackage: Moving '../../../../../../WORKPLACE/Mini_laboratory/MEPhI_VR_term_1/Mini_laboratory/Saved/BPW_Crosshair9E4D337D409C4959C7E4E4A3C67A067C.tmp' to '../../../../../../WORKPLACE/Mini_laboratory/MEPhI_VR_term_1/Mini_laboratory/Content/Workplace/FirstPerson/FirstPersonBP/Blueprints/BPW_Crosshair.uasset'
[2025.12.16-18.57.03:830][572]AssetCheck: New page: Asset Save: BPW_Crosshair
[2025.12.16-18.57.03:830][572]LogContentValidation: Display: Validating EditorUtilityWidgetBlueprint /Game/Workplace/FirstPerson/FirstPersonBP/Blueprints/BPW_Crosshair.BPW_Crosshair
[2025.12.16-18.57.04:140][591]BlueprintLog: New page: Compile BPW_Crosshair
[2025.12.16-18.57.04:212][591]LogUObjectHash: Compacting FUObjectHashTables data took   5.57ms
[2025.12.16-18.57.04:601][611]LogSavePackage: Moving '../../../../../../WORKPLACE/Mini_laboratory/MEPhI_VR_term_1/Mini_laboratory/Saved/BPW_CrosshairA89A5ED8406507DA22E07D8F0CB55787.tmp' to '../../../../../../WORKPLACE/Mini_laboratory/MEPhI_VR_term_1/Mini_laboratory/Content/Workplace/FirstPerson/FirstPersonBP/Blueprints/BPW_Crosshair.uasset'
[2025.12.16-18.57.04:629][611]AssetCheck: New page: Asset Save: BPW_Crosshair
[2025.12.16-18.57.04:629][611]LogContentValidation: Display: Validating EditorUtilityWidgetBlueprint /Game/Workplace/FirstPerson/FirstPersonBP/Blueprints/BPW_Crosshair.BPW_Crosshair
[2025.12.16-18.57.04:955][631]BlueprintLog: New page: Compile BPW_Crosshair
[2025.12.16-18.57.05:029][631]LogUObjectHash: Compacting FUObjectHashTables data took   5.36ms
[2025.12.16-18.57.05:422][649]LogSavePackage: Moving '../../../../../../WORKPLACE/Mini_laboratory/MEPhI_VR_term_1/Mini_laboratory/Saved/BPW_Crosshair9BE3F0294D9492A385B7F7BCACDD8E9F.tmp' to '../../../../../../WORKPLACE/Mini_laboratory/MEPhI_VR_term_1/Mini_laboratory/Content/Workplace/FirstPerson/FirstPersonBP/Blueprints/BPW_Crosshair.uasset'
[2025.12.16-18.57.05:453][649]AssetCheck: New page: Asset Save: BPW_Crosshair
[2025.12.16-18.57.05:453][649]LogContentValidation: Display: Validating EditorUtilityWidgetBlueprint /Game/Workplace/FirstPerson/FirstPersonBP/Blueprints/BPW_Crosshair.BPW_Crosshair
[2025.12.16-18.57.05:720][665]BlueprintLog: New page: Compile BPW_Crosshair
[2025.12.16-18.57.05:795][665]LogUObjectHash: Compacting FUObjectHashTables data took   5.37ms
[2025.12.16-18.57.06:147][683]LogSavePackage: Moving '../../../../../../WORKPLACE/Mini_laboratory/MEPhI_VR_term_1/Mini_laboratory/Saved/BPW_CrosshairD659852F439EE333556501B7FC55D784.tmp' to '../../../../../../WORKPLACE/Mini_laboratory/MEPhI_VR_term_1/Mini_laboratory/Content/Workplace/FirstPerson/FirstPersonBP/Blueprints/BPW_Crosshair.uasset'
[2025.12.16-18.57.06:176][683]AssetCheck: New page: Asset Save: BPW_Crosshair
[2025.12.16-18.57.06:176][683]LogContentValidation: Display: Validating EditorUtilityWidgetBlueprint /Game/Workplace/FirstPerson/FirstPersonBP/Blueprints/BPW_Crosshair.BPW_Crosshair
[2025.12.16-18.57.06:452][700]BlueprintLog: New page: Compile BPW_Crosshair
[2025.12.16-18.57.06:526][700]LogUObjectHash: Compacting FUObjectHashTables data took   5.48ms
[2025.12.16-18.57.06:832][715]LogSavePackage: Moving '../../../../../../WORKPLACE/Mini_laboratory/MEPhI_VR_term_1/Mini_laboratory/Saved/BPW_Crosshair96A4EF594B4CC14F2EA4879E10F6CF09.tmp' to '../../../../../../WORKPLACE/Mini_laboratory/MEPhI_VR_term_1/Mini_laboratory/Content/Workplace/FirstPerson/FirstPersonBP/Blueprints/BPW_Crosshair.uasset'
[2025.12.16-18.57.06:860][715]AssetCheck: New page: Asset Save: BPW_Crosshair
[2025.12.16-18.57.06:860][715]LogContentValidation: Display: Validating EditorUtilityWidgetBlueprint /Game/Workplace/FirstPerson/FirstPersonBP/Blueprints/BPW_Crosshair.BPW_Crosshair
[2025.12.16-18.57.07:135][732]BlueprintLog: New page: Compile BPW_Crosshair
[2025.12.16-18.57.07:206][732]LogUObjectHash: Compacting FUObjectHashTables data took   5.32ms
[2025.12.16-18.57.23:223][674]BlueprintLog: New page: Compile BPW_Crosshair
[2025.12.16-18.57.23:276][674]LogUObjectHash: Compacting FUObjectHashTables data took   5.62ms
[2025.12.16-18.57.23:702][697]LogSavePackage: Moving '../../../../../../WORKPLACE/Mini_laboratory/MEPhI_VR_term_1/Mini_laboratory/Saved/BPW_Crosshair49F663764947756BD8B6A6AE19AC3D59.tmp' to '../../../../../../WORKPLACE/Mini_laboratory/MEPhI_VR_term_1/Mini_laboratory/Content/Workplace/FirstPerson/FirstPersonBP/Blueprints/BPW_Crosshair.uasset'
[2025.12.16-18.57.23:733][697]AssetCheck: New page: Asset Save: BPW_Crosshair
[2025.12.16-18.57.23:733][697]LogContentValidation: Display: Validating EditorUtilityWidgetBlueprint /Game/Workplace/FirstPerson/FirstPersonBP/Blueprints/BPW_Crosshair.BPW_Crosshair
[2025.12.16-18.57.25:662][799]LogTemp: Repeating last play command: New Editor Window (PIE)
[2025.12.16-18.57.25:671][799]LogPlayLevel: PlayLevel: No blueprints needed recompiling
[2025.12.16-18.57.25:671][799]PIE: New page: PIE session: StartMenu (17 дек. 2025 г., 00:57:25)
[2025.12.16-18.57.25:671][799]LogPlayLevel: Creating play world package: /Game/Workplace/Maps/UEDPIE_0_StartMenu
[2025.12.16-18.57.25:672][799]LogPlayLevel: PIE: StaticDuplicateObject took: (0.001087s)
[2025.12.16-18.57.25:673][799]LogAIModule: Creating AISystem for world StartMenu
[2025.12.16-18.57.25:673][799]LogPlayLevel: PIE: World Init took: (0.001217s)
[2025.12.16-18.57.25:673][799]LogPlayLevel: PIE: Created PIE world by copying editor world from /Game/Workplace/Maps/StartMenu.StartMenu to /Game/Workplace/Maps/UEDPIE_0_StartMenu.StartMenu (0.002451s)
[2025.12.16-18.57.25:717][799]LogUObjectHash: Compacting FUObjectHashTables data took   4.76ms
[2025.12.16-18.57.25:718][799]LogAudio: Display: Creating Audio Device:                 Id: 6, Scope: Unique, Realtime: True
[2025.12.16-18.57.25:718][799]LogAudioMixer: Display: Audio Mixer Platform Settings:
[2025.12.16-18.57.25:718][799]LogAudioMixer: Display: 	Sample Rate:						  48000
[2025.12.16-18.57.25:718][799]LogAudioMixer: Display: 	Callback Buffer Frame Size Requested: 1024
[2025.12.16-18.57.25:718][799]LogAudioMixer: Display: 	Callback Buffer Frame Size To Use:	  1024
[2025.12.16-18.57.25:718][799]LogAudioMixer: Display: 	Number of buffers to queue:			  2
[2025.12.16-18.57.25:718][799]LogAudioMixer: Display: 	Max Channels (voices):				  32
[2025.12.16-18.57.25:718][799]LogAudioMixer: Display: 	Number of Async Source Workers:		  0
[2025.12.16-18.57.25:718][799]LogAudio: Display: AudioDevice MaxSources: 32
[2025.12.16-18.57.25:718][799]LogAudio: Display: Audio Spatialization Plugin: None (built-in).
[2025.12.16-18.57.25:718][799]LogAudio: Display: Audio Reverb Plugin: None (built-in).
[2025.12.16-18.57.25:718][799]LogAudio: Display: Audio Occlusion Plugin: None (built-in).
[2025.12.16-18.57.25:719][799]LogAudioMixer: Display: Initializing audio mixer.
[2025.12.16-18.57.25:721][799]LogAudioMixer: Display: 0: FrontLeft
[2025.12.16-18.57.25:721][799]LogAudioMixer: Display: 1: FrontRight
[2025.12.16-18.57.25:737][799]LogAudioMixer: Display: Using Audio Device Динамики (Realtek(R) Audio)
[2025.12.16-18.57.25:737][799]LogAudioMixer: Display: Initializing Sound Submixes...
[2025.12.16-18.57.25:737][799]LogAudioMixer: Display: Creating Master Submix 'MasterSubmixDefault'
[2025.12.16-18.57.25:737][799]LogAudioMixer: Display: Creating Master Submix 'MasterReverbSubmixDefault'
[2025.12.16-18.57.25:738][799]LogAudioMixer: Display: Creating Master Submix 'MasterEQSubmixDefault'
[2025.12.16-18.57.25:738][799]LogAudioMixer: FMixerPlatformXAudio2::StartAudioStream() called
[2025.12.16-18.57.25:738][799]LogAudioMixer: Display: Output buffers initialized: Frames=1024, Channels=2, Samples=2048
[2025.12.16-18.57.25:739][799]LogAudioMixer: Display: Starting AudioMixerPlatformInterface::RunInternal()
[2025.12.16-18.57.25:739][799]LogAudioMixer: Display: FMixerPlatformXAudio2::SubmitBuffer() called for the first time
[2025.12.16-18.57.25:739][799]LogInit: FAudioDevice initialized.
[2025.12.16-18.57.25:739][799]LogAudio: Display: Audio Device (ID: 6) registered with world 'StartMenu'.
[2025.12.16-18.57.25:798][799]LogSlate: Updating window title bar state: overlay mode, drag disabled, window buttons hidden, title bar hidden
[2025.12.16-18.57.25:798][799]LogLoad: Game class is 'BP_GameMode_C'
[2025.12.16-18.57.25:845][799]LogWorld: Bringing World /Game/Workplace/Maps/UEDPIE_0_StartMenu.StartMenu up for play (max tick rate 60) at 2025.12.16-21.57.25
[2025.12.16-18.57.25:846][799]LogWorld: Bringing up level for play took: 0.001171
[2025.12.16-18.57.25:847][799]LogOnline: OSS: Creating online subsystem instance for: :Context_22
[2025.12.16-18.57.25:852][799]LogSpawn: Warning: SpawnActor failed because no class was specified
[2025.12.16-18.57.25:856][799]LogPlayerController: Error: InputMode:UIOnly - Attempting to focus Non-Focusable widget SObjectWidget [Widget.cpp(799)]!
[2025.12.16-18.57.25:856][799]LogViewport: Display: Viewport MouseLockMode Changed, LockOnCapture -> DoNotLock
[2025.12.16-18.57.25:856][799]LogViewport: Display: Viewport MouseCaptureMode Changed, CapturePermanently_IncludingInitialMouseDown -> NoCapture
[2025.12.16-18.57.25:861][799]PIE: Server logged in
[2025.12.16-18.57.25:864][799]PIE: Play in editor total start time 0,194 seconds.
[2025.12.16-18.57.26:680][832]LogViewport: Display: Viewport MouseLockMode Changed, DoNotLock -> LockOnCapture
[2025.12.16-18.57.26:680][832]LogViewport: Display: Viewport MouseCaptureMode Changed, NoCapture -> CapturePermanently
[2025.12.16-18.57.26:682][832]LogNet: Browse: /Game/Workplace/Maps/FirstLevel
[2025.12.16-18.57.26:682][832]LogLoad: LoadMap: /Game/Workplace/Maps/FirstLevel
[2025.12.16-18.57.26:682][832]LogWorld: BeginTearingDown for /Game/Workplace/Maps/UEDPIE_0_StartMenu
[2025.12.16-18.57.26:682][832]LogWorld: UWorld::CleanupWorld for StartMenu, bSessionEnded=true, bCleanupResources=true
[2025.12.16-18.57.26:682][832]LogSlate: InvalidateAllWidgets triggered.  All widgets were invalidated
[2025.12.16-18.57.26:734][832]LogAudio: Display: Audio Device unregistered from world 'None'.
[2025.12.16-18.57.26:738][832]LogUObjectHash: Compacting FUObjectHashTables data took   3.78ms
[2025.12.16-18.57.26:754][832]LogAudio: Display: Audio Device (ID: 6) registered with world 'FirstLevel'.
[2025.12.16-18.57.26:755][832]LogAIModule: Creating AISystem for world FirstLevel
[2025.12.16-18.57.26:756][832]LogLoad: Game class is 'BP_GameMode_C'
[2025.12.16-18.57.26:766][832]LogWorld: Bringing World /Game/Workplace/Maps/UEDPIE_0_FirstLevel.FirstLevel up for play (max tick rate 60) at 2025.12.16-21.57.26
[2025.12.16-18.57.26:766][832]LogWorld: Bringing up level for play took: 0.009383
[2025.12.16-18.57.26:767][832]LogSpawn: Warning: SpawnActor failed because no class was specified
[2025.12.16-18.57.26:768][832]LogLoad: Took 0.086157 seconds to LoadMap(/Game/Workplace/Maps/FirstLevel)
[2025.12.16-18.57.29:196][913]LogSlate: Updating window title bar state: overlay mode, drag disabled, window buttons hidden, title bar hidden
[2025.12.16-18.57.29:197][913]LogWorld: BeginTearingDown for /Game/Workplace/Maps/UEDPIE_0_FirstLevel
[2025.12.16-18.57.29:197][913]LogSlate: Window 'Mini_laboratory Preview [NetMode: Standalone]  (64-bit/Windows) ' being destroyed
[2025.12.16-18.57.29:243][913]LogWorld: UWorld::CleanupWorld for FirstLevel, bSessionEnded=true, bCleanupResources=true
[2025.12.16-18.57.29:244][913]LogSlate: InvalidateAllWidgets triggered.  All widgets were invalidated
[2025.12.16-18.57.29:259][913]LogPlayLevel: Display: Shutting down PIE online subsystems
[2025.12.16-18.57.29:266][913]LogSlate: InvalidateAllWidgets triggered.  All widgets were invalidated
[2025.12.16-18.57.29:310][913]LogAudio: Display: Audio Device unregistered from world 'None'.
[2025.12.16-18.57.29:310][913]LogAudioMixer: FMixerPlatformXAudio2::StopAudioStream() called
[2025.12.16-18.57.29:311][913]LogAudioMixer: FMixerPlatformXAudio2::StopAudioStream() called
[2025.12.16-18.57.29:322][913]LogUObjectHash: Compacting FUObjectHashTables data took   5.36ms
[2025.12.16-18.57.29:340][914]LogPlayLevel: Display: Destroying online subsystem :Context_22
[2025.12.16-18.57.43:332][729]BlueprintLog: New page: Compile BPW_Crosshair
[2025.12.16-18.57.43:382][729]LogUObjectHash: Compacting FUObjectHashTables data took   4.16ms
[2025.12.16-18.57.43:895][757]LogSavePackage: Moving '../../../../../../WORKPLACE/Mini_laboratory/MEPhI_VR_term_1/Mini_laboratory/Saved/BPW_Crosshair8F22F19C4974E7F748D7FE92557DB3AE.tmp' to '../../../../../../WORKPLACE/Mini_laboratory/MEPhI_VR_term_1/Mini_laboratory/Content/Workplace/FirstPerson/FirstPersonBP/Blueprints/BPW_Crosshair.uasset'
[2025.12.16-18.57.43:927][757]AssetCheck: New page: Asset Save: BPW_Crosshair
[2025.12.16-18.57.43:927][757]LogContentValidation: Display: Validating EditorUtilityWidgetBlueprint /Game/Workplace/FirstPerson/FirstPersonBP/Blueprints/BPW_Crosshair.BPW_Crosshair
[2025.12.16-18.57.50:035][110]LogWorld: UWorld::CleanupWorld for World_58, bSessionEnded=true, bCleanupResources=true
[2025.12.16-18.57.50:036][110]LogSlate: InvalidateAllWidgets triggered.  All widgets were invalidated
[2025.12.16-18.57.51:810][201]LogUObjectHash: Compacting FUObjectHashTables data took   5.37ms
[2025.12.16-18.57.51:818][201]LogSavePackage: Moving '../../../../../../WORKPLACE/Mini_laboratory/MEPhI_VR_term_1/Mini_laboratory/Saved/StartMenu34DE8C764F1FECD54E9732830B9B8B9B.tmp' to '../../../../../../WORKPLACE/Mini_laboratory/MEPhI_VR_term_1/Mini_laboratory/Content/Workplace/Maps/StartMenu.umap'
[2025.12.16-18.57.51:852][201]AssetCheck: New page: Asset Save: StartMenu
[2025.12.16-18.57.51:852][201]LogContentValidation: Display: Validating World /Game/Workplace/Maps/StartMenu.StartMenu
[2025.12.16-18.57.52:277][222]LogUObjectHash: Compacting FUObjectHashTables data took   5.23ms
[2025.12.16-18.57.52:287][222]LogSavePackage: Moving '../../../../../../WORKPLACE/Mini_laboratory/MEPhI_VR_term_1/Mini_laboratory/Saved/StartMenu91E2ADFC449AE66B8E979EA53CC7DD74.tmp' to '../../../../../../WORKPLACE/Mini_laboratory/MEPhI_VR_term_1/Mini_laboratory/Content/Workplace/Maps/StartMenu.umap'
[2025.12.16-18.57.52:320][222]AssetCheck: New page: Asset Save: StartMenu
[2025.12.16-18.57.52:320][222]LogContentValidation: Display: Validating World /Game/Workplace/Maps/StartMenu.StartMenu
[2025.12.16-18.58.06:758][ 21]LogUObjectHash: Compacting FUObjectHashTables data took   1.43ms
[2025.12.16-18.58.06:846][ 21]LogAssetEditorSubsystem: Opening Asset editor for World /Game/Workplace/Maps/FirstLevel.FirstLevel
[2025.12.16-18.58.06:847][ 21]Cmd: MAP LOAD FILE="../../../../../../WORKPLACE/Mini_laboratory/MEPhI_VR_term_1/Mini_laboratory/Content/Workplace/Maps/FirstLevel.umap" TEMPLATE=0 SHOWPROGRESS=1 FEATURELEVEL=3
[2025.12.16-18.58.06:848][ 21]LightingResults: New page: Lighting Build
[2025.12.16-18.58.06:849][ 21]LoadErrors: New page: Loading map: FirstLevel.umap
[2025.12.16-18.58.06:856][ 21]LogWorld: UWorld::CleanupWorld for StartMenu, bSessionEnded=true, bCleanupResources=true
[2025.12.16-18.58.06:856][ 21]LogSlate: InvalidateAllWidgets triggered.  All widgets were invalidated
[2025.12.16-18.58.06:856][ 21]MapCheck: New page: Map Check
[2025.12.16-18.58.06:857][ 21]LightingResults: New page: Lighting Build
[2025.12.16-18.58.06:895][ 21]LogAudio: Display: Audio Device unregistered from world 'None'.
[2025.12.16-18.58.06:905][ 21]LogUObjectHash: Compacting FUObjectHashTables data took   4.67ms
[2025.12.16-18.58.06:907][ 21]LogAudio: Display: Audio Device (ID: 1) registered with world 'FirstLevel'.
[2025.12.16-18.58.07:160][ 21]LogEditorServer: Finished looking for orphan Actors (0.000 secs)
[2025.12.16-18.58.07:160][ 21]LogAIModule: Creating AISystem for world FirstLevel
[2025.12.16-18.58.07:203][ 21]LogUObjectHash: Compacting FUObjectHashTables data took   3.84ms
[2025.12.16-18.58.07:211][ 21]Cmd: MAP CHECKDEP NOCLEARLOG
[2025.12.16-18.58.07:212][ 21]MapCheck: Map check complete: 0 Error(s), 0 Warning(s), took 0,701ms to complete.
[2025.12.16-18.58.07:212][ 21]LogFileHelpers: Loading map 'FirstLevel' took 0.365
[2025.12.16-18.58.21:036][781]LogAssetEditorSubsystem: Opening Asset editor for EditorUtilityWidgetBlueprint /Game/Workplace/Menu/Blueprints/BPW_StartMenu.BPW_StartMenu
[2025.12.16-18.58.39:711][796]LogAssetEditorSubsystem: Opening Asset editor for LevelScriptBlueprint /Game/Workplace/Maps/FirstLevel.FirstLevel:PersistentLevel.FirstLevel
[2025.12.16-18.58.59:011][882]BlueprintLog: New page: Compile FirstLevel
[2025.12.16-18.58.59:164][882]LogUObjectHash: Compacting FUObjectHashTables data took   6.63ms
[2025.12.16-18.59.00:190][933]LogUObjectHash: Compacting FUObjectHashTables data took   1.02ms
[2025.12.16-18.59.00:275][933]LogSavePackage: Moving '../../../../../../WORKPLACE/Mini_laboratory/MEPhI_VR_term_1/Mini_laboratory/Saved/FirstLevelCE55F48441E8913538AAD78691810F98.tmp' to '../../../../../../WORKPLACE/Mini_laboratory/MEPhI_VR_term_1/Mini_laboratory/Content/Workplace/Maps/FirstLevel.umap'
[2025.12.16-18.59.00:291][933]LogFileHelpers: Saving map 'FirstLevel' took 0.147
[2025.12.16-18.59.00:323][933]AssetCheck: New page: Asset Save: FirstLevel
[2025.12.16-18.59.00:323][933]LogContentValidation: Display: Validating World /Game/Workplace/Maps/FirstLevel.FirstLevel
[2025.12.16-18.59.00:713][955]BlueprintLog: New page: Compile FirstLevel
[2025.12.16-18.59.00:792][955]LogUObjectHash: Compacting FUObjectHashTables data took   4.39ms
[2025.12.16-18.59.01:231][975]LogUObjectHash: Compacting FUObjectHashTables data took   0.85ms
[2025.12.16-18.59.01:283][975]LogSavePackage: Moving '../../../../../../WORKPLACE/Mini_laboratory/MEPhI_VR_term_1/Mini_laboratory/Saved/FirstLevel5CFF890647997B3978645BACDA62C3EF.tmp' to '../../../../../../WORKPLACE/Mini_laboratory/MEPhI_VR_term_1/Mini_laboratory/Content/Workplace/Maps/FirstLevel.umap'
[2025.12.16-18.59.01:291][975]LogFileHelpers: Saving map 'FirstLevel' took 0.101
[2025.12.16-18.59.01:317][975]AssetCheck: New page: Asset Save: FirstLevel
[2025.12.16-18.59.01:317][975]LogContentValidation: Display: Validating World /Game/Workplace/Maps/FirstLevel.FirstLevel
[2025.12.16-18.59.33:048][800]BlueprintLog: New page: Compile BPW_Crosshair
[2025.12.16-18.59.33:101][800]LogUObjectHash: Compacting FUObjectHashTables data took   4.45ms
[2025.12.16-18.59.33:514][821]LogSavePackage: Moving '../../../../../../WORKPLACE/Mini_laboratory/MEPhI_VR_term_1/Mini_laboratory/Saved/BPW_CrosshairFE4C96F24B718080BAF0BEB62C2719A9.tmp' to '../../../../../../WORKPLACE/Mini_laboratory/MEPhI_VR_term_1/Mini_laboratory/Content/Workplace/FirstPerson/FirstPersonBP/Blueprints/BPW_Crosshair.uasset'
[2025.12.16-18.59.33:547][821]AssetCheck: New page: Asset Save: BPW_Crosshair
[2025.12.16-18.59.33:547][821]LogContentValidation: Display: Validating EditorUtilityWidgetBlueprint /Game/Workplace/FirstPerson/FirstPersonBP/Blueprints/BPW_Crosshair.BPW_Crosshair
[2025.12.16-18.59.33:880][841]BlueprintLog: New page: Compile BPW_Crosshair
[2025.12.16-18.59.33:956][841]LogUObjectHash: Compacting FUObjectHashTables data took   4.62ms
[2025.12.16-18.59.34:293][859]LogSavePackage: Moving '../../../../../../WORKPLACE/Mini_laboratory/MEPhI_VR_term_1/Mini_laboratory/Saved/BPW_Crosshair016130664E036BF56D73C997A62B1BEC.tmp' to '../../../../../../WORKPLACE/Mini_laboratory/MEPhI_VR_term_1/Mini_laboratory/Content/Workplace/FirstPerson/FirstPersonBP/Blueprints/BPW_Crosshair.uasset'
[2025.12.16-18.59.34:321][859]AssetCheck: New page: Asset Save: BPW_Crosshair
[2025.12.16-18.59.34:321][859]LogContentValidation: Display: Validating EditorUtilityWidgetBlueprint /Game/Workplace/FirstPerson/FirstPersonBP/Blueprints/BPW_Crosshair.BPW_Crosshair
[2025.12.16-18.59.43:156][362]BlueprintLog: New page: Compile BPW_Crosshair
[2025.12.16-18.59.43:236][362]LogUObjectHash: Compacting FUObjectHashTables data took   5.54ms
[2025.12.16-18.59.43:620][382]LogSavePackage: Moving '../../../../../../WORKPLACE/Mini_laboratory/MEPhI_VR_term_1/Mini_laboratory/Saved/BPW_CrosshairFCE3E2924370351DA02F2AA171100910.tmp' to '../../../../../../WORKPLACE/Mini_laboratory/MEPhI_VR_term_1/Mini_laboratory/Content/Workplace/FirstPerson/FirstPersonBP/Blueprints/BPW_Crosshair.uasset'
[2025.12.16-18.59.43:647][382]AssetCheck: New page: Asset Save: BPW_Crosshair
[2025.12.16-18.59.43:647][382]LogContentValidation: Display: Validating EditorUtilityWidgetBlueprint /Game/Workplace/FirstPerson/FirstPersonBP/Blueprints/BPW_Crosshair.BPW_Crosshair
[2025.12.16-18.59.43:937][399]BlueprintLog: New page: Compile BPW_Crosshair
[2025.12.16-18.59.44:016][399]LogUObjectHash: Compacting FUObjectHashTables data took   5.37ms
[2025.12.16-18.59.46:683][547]LogWorld: UWorld::CleanupWorld for World_9, bSessionEnded=true, bCleanupResources=true
[2025.12.16-18.59.46:683][547]LogSlate: InvalidateAllWidgets triggered.  All widgets were invalidated
[2025.12.16-18.59.46:695][547]LogWorld: UWorld::CleanupWorld for World_8, bSessionEnded=true, bCleanupResources=true
[2025.12.16-18.59.46:695][547]LogSlate: InvalidateAllWidgets triggered.  All widgets were invalidated
[2025.12.16-19.00.03:524][486]LogWindowsTextInputMethodSystem: Display: IME system deactivated.
[2025.12.16-19.00.03:525][486]LogWindowsTextInputMethodSystem: Display: IME system deactivated.
[2025.12.16-19.00.25:820][780]LogWindowsTextInputMethodSystem: Display: IME system deactivated.
[2025.12.16-19.00.25:820][780]LogWindowsTextInputMethodSystem: Display: IME system deactivated.
[2025.12.16-19.00.47:863][ 37]BlueprintLog: New page: Compile FirstLevel
[2025.12.16-19.00.47:962][ 37]LogUObjectHash: Compacting FUObjectHashTables data took   4.17ms
[2025.12.16-19.00.48:635][ 68]LogUObjectHash: Compacting FUObjectHashTables data took   4.66ms
[2025.12.16-19.00.48:660][ 68]LogSavePackage: Moving '../../../../../../WORKPLACE/Mini_laboratory/MEPhI_VR_term_1/Mini_laboratory/Saved/FirstLevelAA664A8C4EBAB455A1DEEFA357868FDD.tmp' to '../../../../../../WORKPLACE/Mini_laboratory/MEPhI_VR_term_1/Mini_laboratory/Content/Workplace/Maps/FirstLevel.umap'
[2025.12.16-19.00.48:667][ 68]LogFileHelpers: Saving map 'FirstLevel' took 0.137
[2025.12.16-19.00.48:697][ 68]AssetCheck: New page: Asset Save: FirstLevel
[2025.12.16-19.00.48:697][ 68]LogContentValidation: Display: Validating World /Game/Workplace/Maps/FirstLevel.FirstLevel
[2025.12.16-19.00.48:910][ 80]BlueprintLog: New page: Compile FirstLevel
[2025.12.16-19.00.48:966][ 80]LogUObjectHash: Compacting FUObjectHashTables data took   3.13ms
[2025.12.16-19.00.49:465][105]LogUObjectHash: Compacting FUObjectHashTables data took   0.71ms
[2025.12.16-19.00.49:488][105]LogSavePackage: Moving '../../../../../../WORKPLACE/Mini_laboratory/MEPhI_VR_term_1/Mini_laboratory/Saved/FirstLevelA9EE479445EB74F5B5CEFC8F64BDC475.tmp' to '../../../../../../WORKPLACE/Mini_laboratory/MEPhI_VR_term_1/Mini_laboratory/Content/Workplace/Maps/FirstLevel.umap'
[2025.12.16-19.00.49:495][105]LogFileHelpers: Saving map 'FirstLevel' took 0.063
[2025.12.16-19.00.49:524][105]AssetCheck: New page: Asset Save: FirstLevel
[2025.12.16-19.00.49:524][105]LogContentValidation: Display: Validating World /Game/Workplace/Maps/FirstLevel.FirstLevel
[2025.12.16-19.01.03:188][913]BlueprintLog: New page: Compile FirstLevel
[2025.12.16-19.01.03:246][913]LogUObjectHash: Compacting FUObjectHashTables data took   3.15ms
[2025.12.16-19.01.03:924][948]LogUObjectHash: Compacting FUObjectHashTables data took   0.64ms
[2025.12.16-19.01.03:945][948]LogSavePackage: Moving '../../../../../../WORKPLACE/Mini_laboratory/MEPhI_VR_term_1/Mini_laboratory/Saved/FirstLevelA0CE416F4DBE51EE023376A69ADB32EA.tmp' to '../../../../../../WORKPLACE/Mini_laboratory/MEPhI_VR_term_1/Mini_laboratory/Content/Workplace/Maps/FirstLevel.umap'
[2025.12.16-19.01.03:951][948]LogFileHelpers: Saving map 'FirstLevel' took 0.059
[2025.12.16-19.01.03:982][948]AssetCheck: New page: Asset Save: FirstLevel
[2025.12.16-19.01.03:982][948]LogContentValidation: Display: Validating World /Game/Workplace/Maps/FirstLevel.FirstLevel
[2025.12.16-19.01.04:389][972]BlueprintLog: New page: Compile FirstLevel
[2025.12.16-19.01.04:447][972]LogUObjectHash: Compacting FUObjectHashTables data took   2.99ms
[2025.12.16-19.01.04:966][997]LogUObjectHash: Compacting FUObjectHashTables data took   0.58ms
[2025.12.16-19.01.04:986][997]LogSavePackage: Moving '../../../../../../WORKPLACE/Mini_laboratory/MEPhI_VR_term_1/Mini_laboratory/Saved/FirstLevel5D2AF28C45923DF556801596290CD4C8.tmp' to '../../../../../../WORKPLACE/Mini_laboratory/MEPhI_VR_term_1/Mini_laboratory/Content/Workplace/Maps/FirstLevel.umap'
[2025.12.16-19.01.04:992][997]LogFileHelpers: Saving map 'FirstLevel' took 0.057
[2025.12.16-19.01.05:020][997]AssetCheck: New page: Asset Save: FirstLevel
[2025.12.16-19.01.05:020][997]LogContentValidation: Display: Validating World /Game/Workplace/Maps/FirstLevel.FirstLevel
[2025.12.16-19.01.23:117][ 65]BlueprintLog: New page: Compile FirstLevel
[2025.12.16-19.01.23:176][ 65]LogUObjectHash: Compacting FUObjectHashTables data took   3.37ms
[2025.12.16-19.01.23:667][ 88]LogUObjectHash: Compacting FUObjectHashTables data took   0.75ms
[2025.12.16-19.01.23:737][ 88]LogSavePackage: Moving '../../../../../../WORKPLACE/Mini_laboratory/MEPhI_VR_term_1/Mini_laboratory/Saved/FirstLevel0AF504024A6E5CF938B86CA2FA249C5D.tmp' to '../../../../../../WORKPLACE/Mini_laboratory/MEPhI_VR_term_1/Mini_laboratory/Content/Workplace/Maps/FirstLevel.umap'
[2025.12.16-19.01.23:749][ 88]LogFileHelpers: Saving map 'FirstLevel' took 0.113
[2025.12.16-19.01.23:785][ 88]AssetCheck: New page: Asset Save: FirstLevel
[2025.12.16-19.01.23:785][ 88]LogContentValidation: Display: Validating World /Game/Workplace/Maps/FirstLevel.FirstLevel
[2025.12.16-19.01.23:998][101]BlueprintLog: New page: Compile FirstLevel
[2025.12.16-19.01.24:059][101]LogUObjectHash: Compacting FUObjectHashTables data took   3.18ms
[2025.12.16-19.01.25:029][157]BlueprintLog: New page: Compile FirstLevel
[2025.12.16-19.01.25:089][157]LogUObjectHash: Compacting FUObjectHashTables data took   3.01ms
[2025.12.16-19.01.25:529][178]LogUObjectHash: Compacting FUObjectHashTables data took   0.69ms
[2025.12.16-19.01.25:558][178]LogSavePackage: Moving '../../../../../../WORKPLACE/Mini_laboratory/MEPhI_VR_term_1/Mini_laboratory/Saved/FirstLevelAB3C293846E09A1BFA4AF89633B5B24A.tmp' to '../../../../../../WORKPLACE/Mini_laboratory/MEPhI_VR_term_1/Mini_laboratory/Content/Workplace/Maps/FirstLevel.umap'
[2025.12.16-19.01.25:564][178]LogFileHelpers: Saving map 'FirstLevel' took 0.066
[2025.12.16-19.01.25:591][178]AssetCheck: New page: Asset Save: FirstLevel
[2025.12.16-19.01.25:591][178]LogContentValidation: Display: Validating World /Game/Workplace/Maps/FirstLevel.FirstLevel
[2025.12.16-19.01.25:891][196]BlueprintLog: New page: Compile FirstLevel
[2025.12.16-19.01.25:947][196]LogUObjectHash: Compacting FUObjectHashTables data took   3.05ms
[2025.12.16-19.01.26:394][217]LogUObjectHash: Compacting FUObjectHashTables data took   0.70ms
[2025.12.16-19.01.26:419][217]LogSavePackage: Moving '../../../../../../WORKPLACE/Mini_laboratory/MEPhI_VR_term_1/Mini_laboratory/Saved/FirstLevelC437AF1F42EBE5344BBCF1871D3637D9.tmp' to '../../../../../../WORKPLACE/Mini_laboratory/MEPhI_VR_term_1/Mini_laboratory/Content/Workplace/Maps/FirstLevel.umap'
[2025.12.16-19.01.26:425][217]LogFileHelpers: Saving map 'FirstLevel' took 0.062
[2025.12.16-19.01.26:460][217]AssetCheck: New page: Asset Save: FirstLevel
[2025.12.16-19.01.26:460][217]LogContentValidation: Display: Validating World /Game/Workplace/Maps/FirstLevel.FirstLevel
[2025.12.16-19.01.26:650][224]LogUObjectHash: Compacting FUObjectHashTables data took   0.56ms
[2025.12.16-19.01.26:674][224]LogSavePackage: Moving '../../../../../../WORKPLACE/Mini_laboratory/MEPhI_VR_term_1/Mini_laboratory/Saved/FirstLevelED195DD44DDCC70783A8618727C10957.tmp' to '../../../../../../WORKPLACE/Mini_laboratory/MEPhI_VR_term_1/Mini_laboratory/Content/Workplace/Maps/FirstLevel.umap'
[2025.12.16-19.01.26:680][224]LogFileHelpers: Saving map 'FirstLevel' took 0.062
[2025.12.16-19.01.26:710][224]AssetCheck: New page: Asset Save: FirstLevel
[2025.12.16-19.01.26:710][224]LogContentValidation: Display: Validating World /Game/Workplace/Maps/FirstLevel.FirstLevel
[2025.12.16-19.01.26:955][239]BlueprintLog: New page: Compile FirstLevel
[2025.12.16-19.01.27:017][239]LogUObjectHash: Compacting FUObjectHashTables data took   3.24ms
[2025.12.16-19.01.27:437][256]LogUObjectHash: Compacting FUObjectHashTables data took   0.57ms
[2025.12.16-19.01.27:461][256]LogSavePackage: Moving '../../../../../../WORKPLACE/Mini_laboratory/MEPhI_VR_term_1/Mini_laboratory/Saved/FirstLevelA0094FF24B69741DBE1CB19219993564.tmp' to '../../../../../../WORKPLACE/Mini_laboratory/MEPhI_VR_term_1/Mini_laboratory/Content/Workplace/Maps/FirstLevel.umap'
[2025.12.16-19.01.27:468][256]LogFileHelpers: Saving map 'FirstLevel' took 0.060
[2025.12.16-19.01.27:495][256]AssetCheck: New page: Asset Save: FirstLevel
[2025.12.16-19.01.27:495][256]LogContentValidation: Display: Validating World /Game/Workplace/Maps/FirstLevel.FirstLevel
[2025.12.16-19.01.27:719][270]BlueprintLog: New page: Compile FirstLevel
[2025.12.16-19.01.27:779][270]LogUObjectHash: Compacting FUObjectHashTables data took   3.00ms
[2025.12.16-19.01.28:139][287]LogUObjectHash: Compacting FUObjectHashTables data took   0.68ms
[2025.12.16-19.01.28:166][287]LogSavePackage: Moving '../../../../../../WORKPLACE/Mini_laboratory/MEPhI_VR_term_1/Mini_laboratory/Saved/FirstLevel9EC176AF406F9EB0A54B79B099507703.tmp' to '../../../../../../WORKPLACE/Mini_laboratory/MEPhI_VR_term_1/Mini_laboratory/Content/Workplace/Maps/FirstLevel.umap'
[2025.12.16-19.01.28:175][287]LogFileHelpers: Saving map 'FirstLevel' took 0.068
[2025.12.16-19.01.28:205][287]AssetCheck: New page: Asset Save: FirstLevel
[2025.12.16-19.01.28:205][287]LogContentValidation: Display: Validating World /Game/Workplace/Maps/FirstLevel.FirstLevel
[2025.12.16-19.01.28:449][302]BlueprintLog: New page: Compile FirstLevel
[2025.12.16-19.01.28:507][302]LogUObjectHash: Compacting FUObjectHashTables data took   3.13ms
[2025.12.16-19.01.28:903][321]LogUObjectHash: Compacting FUObjectHashTables data took   0.63ms
[2025.12.16-19.01.28:928][321]LogSavePackage: Moving '../../../../../../WORKPLACE/Mini_laboratory/MEPhI_VR_term_1/Mini_laboratory/Saved/FirstLevel91FC70D142BE04A888DE20A6082954A5.tmp' to '../../../../../../WORKPLACE/Mini_laboratory/MEPhI_VR_term_1/Mini_laboratory/Content/Workplace/Maps/FirstLevel.umap'
[2025.12.16-19.01.28:934][321]LogFileHelpers: Saving map 'FirstLevel' took 0.064
[2025.12.16-19.01.28:962][321]AssetCheck: New page: Asset Save: FirstLevel
[2025.12.16-19.01.28:962][321]LogContentValidation: Display: Validating World /Game/Workplace/Maps/FirstLevel.FirstLevel
[2025.12.16-19.01.46:154][317]BlueprintLog: New page: Compile GlobalVariables
[2025.12.16-19.01.46:215][317]LogUObjectHash: Compacting FUObjectHashTables data took   2.98ms
[2025.12.16-19.01.46:665][340]LogSavePackage: Moving '../../../../../../WORKPLACE/Mini_laboratory/MEPhI_VR_term_1/Mini_laboratory/Saved/GlobalVariables7565B81441479638E90AD08C533BE1DE.tmp' to '../../../../../../WORKPLACE/Mini_laboratory/MEPhI_VR_term_1/Mini_laboratory/Content/Workplace/Blueprints/GlobalVariables.uasset'
[2025.12.16-19.01.46:691][340]AssetCheck: New page: Asset Save: GlobalVariables
[2025.12.16-19.01.46:691][340]LogContentValidation: Display: Validating Blueprint /Game/Workplace/Blueprints/GlobalVariables.GlobalVariables
[2025.12.16-19.02.14:244][918]BlueprintLog: New page: Compile FirstLevel
[2025.12.16-19.02.14:308][918]LogUObjectHash: Compacting FUObjectHashTables data took   3.91ms
[2025.12.16-19.02.14:863][941]LogUObjectHash: Compacting FUObjectHashTables data took   0.68ms
[2025.12.16-19.02.14:891][941]LogSavePackage: Moving '../../../../../../WORKPLACE/Mini_laboratory/MEPhI_VR_term_1/Mini_laboratory/Saved/FirstLevel1A79E21B4F2A839EF3366BA9C40F393A.tmp' to '../../../../../../WORKPLACE/Mini_laboratory/MEPhI_VR_term_1/Mini_laboratory/Content/Workplace/Maps/FirstLevel.umap'
[2025.12.16-19.02.14:897][941]LogFileHelpers: Saving map 'FirstLevel' took 0.066
[2025.12.16-19.02.14:926][941]AssetCheck: New page: Asset Save: FirstLevel
[2025.12.16-19.02.14:926][941]LogContentValidation: Display: Validating World /Game/Workplace/Maps/FirstLevel.FirstLevel
[2025.12.16-19.02.15:258][961]BlueprintLog: New page: Compile FirstLevel
[2025.12.16-19.02.15:317][961]LogUObjectHash: Compacting FUObjectHashTables data took   3.19ms
[2025.12.16-19.02.15:656][975]LogUObjectHash: Compacting FUObjectHashTables data took   0.50ms
[2025.12.16-19.02.15:680][975]LogSavePackage: Moving '../../../../../../WORKPLACE/Mini_laboratory/MEPhI_VR_term_1/Mini_laboratory/Saved/FirstLevel76C9D07F45AF24351AA280834ED9E266.tmp' to '../../../../../../WORKPLACE/Mini_laboratory/MEPhI_VR_term_1/Mini_laboratory/Content/Workplace/Maps/FirstLevel.umap'
[2025.12.16-19.02.15:687][975]LogFileHelpers: Saving map 'FirstLevel' took 0.062
[2025.12.16-19.02.15:715][975]AssetCheck: New page: Asset Save: FirstLevel
[2025.12.16-19.02.15:715][975]LogContentValidation: Display: Validating World /Game/Workplace/Maps/FirstLevel.FirstLevel
[2025.12.16-19.02.17:987][ 97]BlueprintLog: New page: Compile FirstLevel
[2025.12.16-19.02.18:047][ 97]LogUObjectHash: Compacting FUObjectHashTables data took   3.14ms
[2025.12.16-19.02.18:673][127]LogUObjectHash: Compacting FUObjectHashTables data took   1.00ms
[2025.12.16-19.02.18:715][127]LogSavePackage: Moving '../../../../../../WORKPLACE/Mini_laboratory/MEPhI_VR_term_1/Mini_laboratory/Saved/FirstLevel4B0A56394FC0B5B98482CA987EAC62D2.tmp' to '../../../../../../WORKPLACE/Mini_laboratory/MEPhI_VR_term_1/Mini_laboratory/Content/Workplace/Maps/FirstLevel.umap'
[2025.12.16-19.02.18:726][127]LogFileHelpers: Saving map 'FirstLevel' took 0.095
[2025.12.16-19.02.18:755][127]AssetCheck: New page: Asset Save: FirstLevel
[2025.12.16-19.02.18:755][127]LogContentValidation: Display: Validating World /Game/Workplace/Maps/FirstLevel.FirstLevel
[2025.12.16-19.02.19:105][147]BlueprintLog: New page: Compile FirstLevel
[2025.12.16-19.02.19:173][147]LogUObjectHash: Compacting FUObjectHashTables data took   3.00ms
[2025.12.16-19.02.19:610][167]LogUObjectHash: Compacting FUObjectHashTables data took   0.59ms
[2025.12.16-19.02.19:632][167]LogSavePackage: Moving '../../../../../../WORKPLACE/Mini_laboratory/MEPhI_VR_term_1/Mini_laboratory/Saved/FirstLevel30CDC1224C010BB4D69798A6694FAC4E.tmp' to '../../../../../../WORKPLACE/Mini_laboratory/MEPhI_VR_term_1/Mini_laboratory/Content/Workplace/Maps/FirstLevel.umap'
[2025.12.16-19.02.19:638][167]LogFileHelpers: Saving map 'FirstLevel' took 0.059
[2025.12.16-19.02.19:665][167]AssetCheck: New page: Asset Save: FirstLevel
[2025.12.16-19.02.19:665][167]LogContentValidation: Display: Validating World /Game/Workplace/Maps/FirstLevel.FirstLevel
[2025.12.16-19.02.19:979][186]BlueprintLog: New page: Compile FirstLevel
[2025.12.16-19.02.20:034][186]LogUObjectHash: Compacting FUObjectHashTables data took   2.89ms
[2025.12.16-19.02.20:546][212]LogUObjectHash: Compacting FUObjectHashTables data took   0.71ms
[2025.12.16-19.02.20:590][212]LogSavePackage: Moving '../../../../../../WORKPLACE/Mini_laboratory/MEPhI_VR_term_1/Mini_laboratory/Saved/FirstLevel6870F0A141136BF2428AEC82A407D10C.tmp' to '../../../../../../WORKPLACE/Mini_laboratory/MEPhI_VR_term_1/Mini_laboratory/Content/Workplace/Maps/FirstLevel.umap'
[2025.12.16-19.02.20:597][212]LogFileHelpers: Saving map 'FirstLevel' took 0.085
[2025.12.16-19.02.20:626][212]AssetCheck: New page: Asset Save: FirstLevel
[2025.12.16-19.02.20:626][212]LogContentValidation: Display: Validating World /Game/Workplace/Maps/FirstLevel.FirstLevel
[2025.12.16-19.02.20:875][227]BlueprintLog: New page: Compile FirstLevel
[2025.12.16-19.02.20:933][227]LogUObjectHash: Compacting FUObjectHashTables data took   3.13ms
[2025.12.16-19.02.21:840][277]LogUObjectHash: Compacting FUObjectHashTables data took   0.67ms
[2025.12.16-19.02.21:912][277]LogSavePackage: Moving '../../../../../../WORKPLACE/Mini_laboratory/MEPhI_VR_term_1/Mini_laboratory/Saved/FirstLevel7FB604D04D5B7802C7A25CA8E1360DFB.tmp' to '../../../../../../WORKPLACE/Mini_laboratory/MEPhI_VR_term_1/Mini_laboratory/Content/Workplace/Maps/FirstLevel.umap'
[2025.12.16-19.02.21:924][277]LogFileHelpers: Saving map 'FirstLevel' took 0.114
[2025.12.16-19.02.21:961][277]AssetCheck: New page: Asset Save: FirstLevel
[2025.12.16-19.02.21:961][277]LogContentValidation: Display: Validating World /Game/Workplace/Maps/FirstLevel.FirstLevel
[2025.12.16-19.02.22:271][296]BlueprintLog: New page: Compile FirstLevel
[2025.12.16-19.02.22:332][296]LogUObjectHash: Compacting FUObjectHashTables data took   3.18ms
[2025.12.16-19.02.22:722][315]LogUObjectHash: Compacting FUObjectHashTables data took   0.64ms
[2025.12.16-19.02.22:748][315]LogSavePackage: Moving '../../../../../../WORKPLACE/Mini_laboratory/MEPhI_VR_term_1/Mini_laboratory/Saved/FirstLevel41BD80E542F1D215515A04822ECA102C.tmp' to '../../../../../../WORKPLACE/Mini_laboratory/MEPhI_VR_term_1/Mini_laboratory/Content/Workplace/Maps/FirstLevel.umap'
[2025.12.16-19.02.22:754][315]LogFileHelpers: Saving map 'FirstLevel' took 0.063
[2025.12.16-19.02.22:781][315]AssetCheck: New page: Asset Save: FirstLevel
[2025.12.16-19.02.22:782][315]LogContentValidation: Display: Validating World /Game/Workplace/Maps/FirstLevel.FirstLevel
[2025.12.16-19.02.23:120][335]BlueprintLog: New page: Compile FirstLevel
[2025.12.16-19.02.23:182][335]LogUObjectHash: Compacting FUObjectHashTables data took   3.00ms
[2025.12.16-19.02.23:801][365]LogUObjectHash: Compacting FUObjectHashTables data took   0.66ms
[2025.12.16-19.02.23:868][365]LogSavePackage: Moving '../../../../../../WORKPLACE/Mini_laboratory/MEPhI_VR_term_1/Mini_laboratory/Saved/FirstLevel4DD394C5465E07964B0D599A4BB315AB.tmp' to '../../../../../../WORKPLACE/Mini_laboratory/MEPhI_VR_term_1/Mini_laboratory/Content/Workplace/Maps/FirstLevel.umap'
[2025.12.16-19.02.23:876][365]LogFileHelpers: Saving map 'FirstLevel' took 0.106
[2025.12.16-19.02.23:902][365]AssetCheck: New page: Asset Save: FirstLevel
[2025.12.16-19.02.23:902][365]LogContentValidation: Display: Validating World /Game/Workplace/Maps/FirstLevel.FirstLevel
[2025.12.16-19.02.29:636][698]BlueprintLog: New page: Compile FirstLevel
[2025.12.16-19.02.29:698][698]LogUObjectHash: Compacting FUObjectHashTables data took   3.07ms
[2025.12.16-19.02.30:169][721]LogUObjectHash: Compacting FUObjectHashTables data took   0.50ms
[2025.12.16-19.02.30:189][721]LogSavePackage: Moving '../../../../../../WORKPLACE/Mini_laboratory/MEPhI_VR_term_1/Mini_laboratory/Saved/FirstLevel5D7DE4D64847EA96C96F17A3F93F85D9.tmp' to '../../../../../../WORKPLACE/Mini_laboratory/MEPhI_VR_term_1/Mini_laboratory/Content/Workplace/Maps/FirstLevel.umap'
[2025.12.16-19.02.30:196][721]LogFileHelpers: Saving map 'FirstLevel' took 0.057
[2025.12.16-19.02.30:222][721]AssetCheck: New page: Asset Save: FirstLevel
[2025.12.16-19.02.30:222][721]LogContentValidation: Display: Validating World /Game/Workplace/Maps/FirstLevel.FirstLevel
[2025.12.16-19.02.30:616][745]BlueprintLog: New page: Compile FirstLevel
[2025.12.16-19.02.30:677][745]LogUObjectHash: Compacting FUObjectHashTables data took   3.20ms
[2025.12.16-19.02.31:066][763]LogUObjectHash: Compacting FUObjectHashTables data took   0.60ms
[2025.12.16-19.02.31:091][763]LogSavePackage: Moving '../../../../../../WORKPLACE/Mini_laboratory/MEPhI_VR_term_1/Mini_laboratory/Saved/FirstLevel62C6E1D946902450B59B3E96F58F1CDA.tmp' to '../../../../../../WORKPLACE/Mini_laboratory/MEPhI_VR_term_1/Mini_laboratory/Content/Workplace/Maps/FirstLevel.umap'
[2025.12.16-19.02.31:097][763]LogFileHelpers: Saving map 'FirstLevel' took 0.062
[2025.12.16-19.02.31:126][763]AssetCheck: New page: Asset Save: FirstLevel
[2025.12.16-19.02.31:126][763]LogContentValidation: Display: Validating World /Game/Workplace/Maps/FirstLevel.FirstLevel
[2025.12.16-19.02.31:564][789]BlueprintLog: New page: Compile FirstLevel
[2025.12.16-19.02.31:626][789]LogUObjectHash: Compacting FUObjectHashTables data took   3.15ms
[2025.12.16-19.02.32:013][807]LogUObjectHash: Compacting FUObjectHashTables data took   0.62ms
[2025.12.16-19.02.32:039][807]LogSavePackage: Moving '../../../../../../WORKPLACE/Mini_laboratory/MEPhI_VR_term_1/Mini_laboratory/Saved/FirstLevel4DD793BC4E8E940A9AD2B7AF8A58F5D4.tmp' to '../../../../../../WORKPLACE/Mini_laboratory/MEPhI_VR_term_1/Mini_laboratory/Content/Workplace/Maps/FirstLevel.umap'
[2025.12.16-19.02.32:045][807]LogFileHelpers: Saving map 'FirstLevel' took 0.062
[2025.12.16-19.02.32:073][807]AssetCheck: New page: Asset Save: FirstLevel
[2025.12.16-19.02.32:073][807]LogContentValidation: Display: Validating World /Game/Workplace/Maps/FirstLevel.FirstLevel
[2025.12.16-19.02.32:381][826]BlueprintLog: New page: Compile FirstLevel
[2025.12.16-19.02.32:439][826]LogUObjectHash: Compacting FUObjectHashTables data took   2.96ms
[2025.12.16-19.02.32:864][846]LogUObjectHash: Compacting FUObjectHashTables data took   0.68ms
[2025.12.16-19.02.32:890][846]LogSavePackage: Moving '../../../../../../WORKPLACE/Mini_laboratory/MEPhI_VR_term_1/Mini_laboratory/Saved/FirstLevel30055E5D4A1FCBE7889606854450A25E.tmp' to '../../../../../../WORKPLACE/Mini_laboratory/MEPhI_VR_term_1/Mini_laboratory/Content/Workplace/Maps/FirstLevel.umap'
[2025.12.16-19.02.32:897][846]LogFileHelpers: Saving map 'FirstLevel' took 0.065
[2025.12.16-19.02.32:923][846]AssetCheck: New page: Asset Save: FirstLevel
[2025.12.16-19.02.32:923][846]LogContentValidation: Display: Validating World /Game/Workplace/Maps/FirstLevel.FirstLevel
[2025.12.16-19.02.33:274][867]BlueprintLog: New page: Compile FirstLevel
[2025.12.16-19.02.33:334][867]LogUObjectHash: Compacting FUObjectHashTables data took   3.11ms
[2025.12.16-19.02.33:726][885]LogUObjectHash: Compacting FUObjectHashTables data took   0.68ms
[2025.12.16-19.02.33:752][885]LogSavePackage: Moving '../../../../../../WORKPLACE/Mini_laboratory/MEPhI_VR_term_1/Mini_laboratory/Saved/FirstLevel31C3539946AE3A720014BC97D97175F7.tmp' to '../../../../../../WORKPLACE/Mini_laboratory/MEPhI_VR_term_1/Mini_laboratory/Content/Workplace/Maps/FirstLevel.umap'
[2025.12.16-19.02.33:759][885]LogFileHelpers: Saving map 'FirstLevel' took 0.066
[2025.12.16-19.02.33:785][885]AssetCheck: New page: Asset Save: FirstLevel
[2025.12.16-19.02.33:785][885]LogContentValidation: Display: Validating World /Game/Workplace/Maps/FirstLevel.FirstLevel
[2025.12.16-19.02.34:172][908]BlueprintLog: New page: Compile FirstLevel
[2025.12.16-19.02.34:231][908]LogUObjectHash: Compacting FUObjectHashTables data took   3.16ms
[2025.12.16-19.02.34:657][928]LogUObjectHash: Compacting FUObjectHashTables data took   0.58ms
[2025.12.16-19.02.34:682][928]LogSavePackage: Moving '../../../../../../WORKPLACE/Mini_laboratory/MEPhI_VR_term_1/Mini_laboratory/Saved/FirstLevel00A35C264752D688078F0EB05264CCA7.tmp' to '../../../../../../WORKPLACE/Mini_laboratory/MEPhI_VR_term_1/Mini_laboratory/Content/Workplace/Maps/FirstLevel.umap'
[2025.12.16-19.02.34:688][928]LogFileHelpers: Saving map 'FirstLevel' took 0.062
[2025.12.16-19.02.34:727][928]AssetCheck: New page: Asset Save: FirstLevel
[2025.12.16-19.02.34:727][928]LogContentValidation: Display: Validating World /Game/Workplace/Maps/FirstLevel.FirstLevel
[2025.12.16-19.02.40:671][263]BlueprintLog: New page: Compile FirstLevel
[2025.12.16-19.02.40:732][263]LogUObjectHash: Compacting FUObjectHashTables data took   3.00ms
[2025.12.16-19.02.41:138][282]LogUObjectHash: Compacting FUObjectHashTables data took   0.68ms
[2025.12.16-19.02.41:165][282]LogSavePackage: Moving '../../../../../../WORKPLACE/Mini_laboratory/MEPhI_VR_term_1/Mini_laboratory/Saved/FirstLevel8543AC3545622C12F17697AF567F0DF5.tmp' to '../../../../../../WORKPLACE/Mini_laboratory/MEPhI_VR_term_1/Mini_laboratory/Content/Workplace/Maps/FirstLevel.umap'
[2025.12.16-19.02.41:173][282]LogFileHelpers: Saving map 'FirstLevel' took 0.065
[2025.12.16-19.02.41:200][282]AssetCheck: New page: Asset Save: FirstLevel
[2025.12.16-19.02.41:200][282]LogContentValidation: Display: Validating World /Game/Workplace/Maps/FirstLevel.FirstLevel
[2025.12.16-19.02.41:554][302]BlueprintLog: New page: Compile FirstLevel
[2025.12.16-19.02.41:618][302]LogUObjectHash: Compacting FUObjectHashTables data took   3.22ms
[2025.12.16-19.02.41:988][319]LogUObjectHash: Compacting FUObjectHashTables data took   0.62ms
[2025.12.16-19.02.42:014][319]LogSavePackage: Moving '../../../../../../WORKPLACE/Mini_laboratory/MEPhI_VR_term_1/Mini_laboratory/Saved/FirstLevelFEA590D142819E2F99123E91EDC1F14D.tmp' to '../../../../../../WORKPLACE/Mini_laboratory/MEPhI_VR_term_1/Mini_laboratory/Content/Workplace/Maps/FirstLevel.umap'
[2025.12.16-19.02.42:020][319]LogFileHelpers: Saving map 'FirstLevel' took 0.065
[2025.12.16-19.02.42:047][319]AssetCheck: New page: Asset Save: FirstLevel
[2025.12.16-19.02.42:047][319]LogContentValidation: Display: Validating World /Game/Workplace/Maps/FirstLevel.FirstLevel
[2025.12.16-19.03.10:093][559]LogWindowsTextInputMethodSystem: Display: IME system deactivated.
[2025.12.16-19.03.10:093][559]LogWindowsTextInputMethodSystem: Display: IME system deactivated.
[2025.12.16-19.03.16:495][935]LogWindowsTextInputMethodSystem: Display: IME system deactivated.
[2025.12.16-19.03.16:495][935]LogWindowsTextInputMethodSystem: Display: IME system deactivated.
[2025.12.16-19.03.38:836][920]BlueprintLog: New page: Compile FirstLevel
[2025.12.16-19.03.38:898][920]LogUObjectHash: Compacting FUObjectHashTables data took   3.08ms
[2025.12.16-19.03.39:448][947]LogUObjectHash: Compacting FUObjectHashTables data took   0.53ms
[2025.12.16-19.03.39:473][947]LogSavePackage: Moving '../../../../../../WORKPLACE/Mini_laboratory/MEPhI_VR_term_1/Mini_laboratory/Saved/FirstLevelF230BEF3408B3AD01CBE71B0443B38BB.tmp' to '../../../../../../WORKPLACE/Mini_laboratory/MEPhI_VR_term_1/Mini_laboratory/Content/Workplace/Maps/FirstLevel.umap'
[2025.12.16-19.03.39:480][947]LogFileHelpers: Saving map 'FirstLevel' took 0.063
[2025.12.16-19.03.39:509][947]AssetCheck: New page: Asset Save: FirstLevel
[2025.12.16-19.03.39:509][947]LogContentValidation: Display: Validating World /Game/Workplace/Maps/FirstLevel.FirstLevel
[2025.12.16-19.03.39:809][965]BlueprintLog: New page: Compile FirstLevel
[2025.12.16-19.03.39:872][965]LogUObjectHash: Compacting FUObjectHashTables data took   3.18ms
[2025.12.16-19.03.40:326][987]LogUObjectHash: Compacting FUObjectHashTables data took   0.51ms
[2025.12.16-19.03.40:349][987]LogSavePackage: Moving '../../../../../../WORKPLACE/Mini_laboratory/MEPhI_VR_term_1/Mini_laboratory/Saved/FirstLevel7E51513E4259C60D2C228DA8BEFE36B9.tmp' to '../../../../../../WORKPLACE/Mini_laboratory/MEPhI_VR_term_1/Mini_laboratory/Content/Workplace/Maps/FirstLevel.umap'
[2025.12.16-19.03.40:356][987]LogFileHelpers: Saving map 'FirstLevel' took 0.060
[2025.12.16-19.03.40:379][987]AssetCheck: New page: Asset Save: FirstLevel
[2025.12.16-19.03.40:379][987]LogContentValidation: Display: Validating World /Game/Workplace/Maps/FirstLevel.FirstLevel
[2025.12.16-19.03.40:637][  3]BlueprintLog: New page: Compile FirstLevel
[2025.12.16-19.03.40:695][  3]LogUObjectHash: Compacting FUObjectHashTables data took   3.16ms
[2025.12.16-19.03.41:374][ 38]LogUObjectHash: Compacting FUObjectHashTables data took   0.76ms
[2025.12.16-19.03.41:396][ 38]LogSavePackage: Moving '../../../../../../WORKPLACE/Mini_laboratory/MEPhI_VR_term_1/Mini_laboratory/Saved/FirstLevelEA930DD242624F1FF9C4709E5D362CA6.tmp' to '../../../../../../WORKPLACE/Mini_laboratory/MEPhI_VR_term_1/Mini_laboratory/Content/Workplace/Maps/FirstLevel.umap'
[2025.12.16-19.03.41:402][ 38]LogFileHelpers: Saving map 'FirstLevel' took 0.058
[2025.12.16-19.03.41:429][ 38]AssetCheck: New page: Asset Save: FirstLevel
[2025.12.16-19.03.41:429][ 38]LogContentValidation: Display: Validating World /Game/Workplace/Maps/FirstLevel.FirstLevel
[2025.12.16-19.04.47:744][844]BlueprintLog: New page: Compile FirstLevel
[2025.12.16-19.04.47:808][844]LogUObjectHash: Compacting FUObjectHashTables data took   3.14ms
[2025.12.16-19.04.48:525][881]LogUObjectHash: Compacting FUObjectHashTables data took   0.73ms
[2025.12.16-19.04.48:564][881]LogSavePackage: Moving '../../../../../../WORKPLACE/Mini_laboratory/MEPhI_VR_term_1/Mini_laboratory/Saved/FirstLevelBB0547F34799824EE77EAF9887718AC3.tmp' to '../../../../../../WORKPLACE/Mini_laboratory/MEPhI_VR_term_1/Mini_laboratory/Content/Workplace/Maps/FirstLevel.umap'
[2025.12.16-19.04.48:576][881]LogFileHelpers: Saving map 'FirstLevel' took 0.082
[2025.12.16-19.04.48:612][881]AssetCheck: New page: Asset Save: FirstLevel
[2025.12.16-19.04.48:612][881]LogContentValidation: Display: Validating World /Game/Workplace/Maps/FirstLevel.FirstLevel
[2025.12.16-19.06.28:406][912]BlueprintLog: New page: Compile BPW_StartMenu
[2025.12.16-19.06.28:436][912]LogUObjectHash: Compacting FUObjectHashTables data took   1.85ms
[2025.12.16-19.06.29:230][987]LogSavePackage: Moving '../../../../../../WORKPLACE/Mini_laboratory/MEPhI_VR_term_1/Mini_laboratory/Saved/BPW_StartMenu2ACF0FF240D9E52D20C0E1AC7E67F6EB.tmp' to '../../../../../../WORKPLACE/Mini_laboratory/MEPhI_VR_term_1/Mini_laboratory/Content/Workplace/Menu/Blueprints/BPW_StartMenu.uasset'
[2025.12.16-19.06.29:300][987]AssetCheck: New page: Asset Save: BPW_StartMenu
[2025.12.16-19.06.29:301][987]LogContentValidation: Display: Validating EditorUtilityWidgetBlueprint /Game/Workplace/Menu/Blueprints/BPW_StartMenu.BPW_StartMenu
[2025.12.16-19.06.29:749][ 39]BlueprintLog: New page: Compile BPW_StartMenu
[2025.12.16-19.06.29:793][ 39]LogUObjectHash: Compacting FUObjectHashTables data took   3.39ms
[2025.12.16-19.06.30:295][ 82]LogSavePackage: Moving '../../../../../../WORKPLACE/Mini_laboratory/MEPhI_VR_term_1/Mini_laboratory/Saved/BPW_StartMenuE5246531409FC917D1085FADB1D78F7F.tmp' to '../../../../../../WORKPLACE/Mini_laboratory/MEPhI_VR_term_1/Mini_laboratory/Content/Workplace/Menu/Blueprints/BPW_StartMenu.uasset'
[2025.12.16-19.06.30:312][ 82]AssetCheck: New page: Asset Save: BPW_StartMenu
[2025.12.16-19.06.30:312][ 82]LogContentValidation: Display: Validating EditorUtilityWidgetBlueprint /Game/Workplace/Menu/Blueprints/BPW_StartMenu.BPW_StartMenu
[2025.12.16-19.06.39:195][ 75]LogWorld: UWorld::CleanupWorld for World_84, bSessionEnded=true, bCleanupResources=true
[2025.12.16-19.06.39:195][ 75]LogSlate: InvalidateAllWidgets triggered.  All widgets were invalidated
[2025.12.16-19.06.39:203][ 75]LogWorld: UWorld::CleanupWorld for World_83, bSessionEnded=true, bCleanupResources=true
[2025.12.16-19.06.39:203][ 75]LogSlate: InvalidateAllWidgets triggered.  All widgets were invalidated
[2025.12.16-19.07.09:187][716]BlueprintLog: New page: Compile FirstLevel
[2025.12.16-19.07.09:232][716]LogUObjectHash: Compacting FUObjectHashTables data took   2.35ms
[2025.12.16-19.07.09:709][761]LogUObjectHash: Compacting FUObjectHashTables data took   1.64ms
[2025.12.16-19.07.09:730][761]LogSavePackage: Moving '../../../../../../WORKPLACE/Mini_laboratory/MEPhI_VR_term_1/Mini_laboratory/Saved/FirstLevel4F3596FA47C9351729602C93BE32CF77.tmp' to '../../../../../../WORKPLACE/Mini_laboratory/MEPhI_VR_term_1/Mini_laboratory/Content/Workplace/Maps/FirstLevel.umap'
[2025.12.16-19.07.09:735][761]LogFileHelpers: Saving map 'FirstLevel' took 0.048
[2025.12.16-19.07.09:751][761]AssetCheck: New page: Asset Save: FirstLevel
[2025.12.16-19.07.09:752][761]LogContentValidation: Display: Validating World /Game/Workplace/Maps/FirstLevel.FirstLevel
[2025.12.16-19.07.10:111][802]BlueprintLog: New page: Compile FirstLevel
[2025.12.16-19.07.10:154][802]LogUObjectHash: Compacting FUObjectHashTables data took   1.92ms
[2025.12.16-19.07.10:522][837]LogUObjectHash: Compacting FUObjectHashTables data took   0.44ms
[2025.12.16-19.07.10:544][837]LogSavePackage: Moving '../../../../../../WORKPLACE/Mini_laboratory/MEPhI_VR_term_1/Mini_laboratory/Saved/FirstLevel68EB47794003F2DE62145D97BCB4C286.tmp' to '../../../../../../WORKPLACE/Mini_laboratory/MEPhI_VR_term_1/Mini_laboratory/Content/Workplace/Maps/FirstLevel.umap'
[2025.12.16-19.07.10:548][837]LogFileHelpers: Saving map 'FirstLevel' took 0.047
[2025.12.16-19.07.10:566][837]AssetCheck: New page: Asset Save: FirstLevel
[2025.12.16-19.07.10:566][837]LogContentValidation: Display: Validating World /Game/Workplace/Maps/FirstLevel.FirstLevel
[2025.12.16-19.07.10:882][873]BlueprintLog: New page: Compile FirstLevel
[2025.12.16-19.07.10:920][873]LogUObjectHash: Compacting FUObjectHashTables data took   1.81ms
[2025.12.16-19.07.11:304][910]LogUObjectHash: Compacting FUObjectHashTables data took   0.45ms
[2025.12.16-19.07.11:326][910]LogSavePackage: Moving '../../../../../../WORKPLACE/Mini_laboratory/MEPhI_VR_term_1/Mini_laboratory/Saved/FirstLevel49B5B6E441BF36FA62E3A5918061CEAB.tmp' to '../../../../../../WORKPLACE/Mini_laboratory/MEPhI_VR_term_1/Mini_laboratory/Content/Workplace/Maps/FirstLevel.umap'
[2025.12.16-19.07.11:330][910]LogFileHelpers: Saving map 'FirstLevel' took 0.047
[2025.12.16-19.07.11:348][910]AssetCheck: New page: Asset Save: FirstLevel
[2025.12.16-19.07.11:348][910]LogContentValidation: Display: Validating World /Game/Workplace/Maps/FirstLevel.FirstLevel
[2025.12.16-19.07.11:654][945]BlueprintLog: New page: Compile FirstLevel
[2025.12.16-19.07.11:692][945]LogUObjectHash: Compacting FUObjectHashTables data took   1.98ms
[2025.12.16-19.07.12:052][976]LogUObjectHash: Compacting FUObjectHashTables data took   0.45ms
[2025.12.16-19.07.12:073][976]LogSavePackage: Moving '../../../../../../WORKPLACE/Mini_laboratory/MEPhI_VR_term_1/Mini_laboratory/Saved/FirstLevel0A6FA21F429618FFA64FA08674DFD891.tmp' to '../../../../../../WORKPLACE/Mini_laboratory/MEPhI_VR_term_1/Mini_laboratory/Content/Workplace/Maps/FirstLevel.umap'
[2025.12.16-19.07.12:077][976]LogFileHelpers: Saving map 'FirstLevel' took 0.047
[2025.12.16-19.07.12:094][976]AssetCheck: New page: Asset Save: FirstLevel
[2025.12.16-19.07.12:094][976]LogContentValidation: Display: Validating World /Game/Workplace/Maps/FirstLevel.FirstLevel
[2025.12.16-19.07.12:579][ 21]BlueprintLog: New page: Compile FirstLevel
[2025.12.16-19.07.12:620][ 21]LogUObjectHash: Compacting FUObjectHashTables data took   1.96ms
[2025.12.16-19.07.13:049][ 53]LogUObjectHash: Compacting FUObjectHashTables data took   0.45ms
[2025.12.16-19.07.13:071][ 53]LogSavePackage: Moving '../../../../../../WORKPLACE/Mini_laboratory/MEPhI_VR_term_1/Mini_laboratory/Saved/FirstLevelB2E9AA4E4AA409D4BB6A77B5430E69E4.tmp' to '../../../../../../WORKPLACE/Mini_laboratory/MEPhI_VR_term_1/Mini_laboratory/Content/Workplace/Maps/FirstLevel.umap'
[2025.12.16-19.07.13:076][ 53]LogFileHelpers: Saving map 'FirstLevel' took 0.047
[2025.12.16-19.07.13:092][ 53]AssetCheck: New page: Asset Save: FirstLevel
[2025.12.16-19.07.13:092][ 53]LogContentValidation: Display: Validating World /Game/Workplace/Maps/FirstLevel.FirstLevel
[2025.12.16-19.07.13:375][ 85]BlueprintLog: New page: Compile FirstLevel
[2025.12.16-19.07.13:417][ 85]LogUObjectHash: Compacting FUObjectHashTables data took   1.90ms
[2025.12.16-19.07.13:848][125]LogUObjectHash: Compacting FUObjectHashTables data took   0.45ms
[2025.12.16-19.07.13:870][125]LogSavePackage: Moving '../../../../../../WORKPLACE/Mini_laboratory/MEPhI_VR_term_1/Mini_laboratory/Saved/FirstLevel0D8227D74BB44CAE7E026C9404F56168.tmp' to '../../../../../../WORKPLACE/Mini_laboratory/MEPhI_VR_term_1/Mini_laboratory/Content/Workplace/Maps/FirstLevel.umap'
[2025.12.16-19.07.13:874][125]LogFileHelpers: Saving map 'FirstLevel' took 0.048
[2025.12.16-19.07.13:891][125]AssetCheck: New page: Asset Save: FirstLevel
[2025.12.16-19.07.13:891][125]LogContentValidation: Display: Validating World /Game/Workplace/Maps/FirstLevel.FirstLevel
[2025.12.16-19.07.14:206][160]BlueprintLog: New page: Compile FirstLevel
[2025.12.16-19.07.14:243][160]LogUObjectHash: Compacting FUObjectHashTables data took   1.91ms
[2025.12.16-19.07.14:661][198]LogUObjectHash: Compacting FUObjectHashTables data took   0.44ms
[2025.12.16-19.07.14:683][198]LogSavePackage: Moving '../../../../../../WORKPLACE/Mini_laboratory/MEPhI_VR_term_1/Mini_laboratory/Saved/FirstLevel34BD8C7D4A3536BDD1378B9AF70F35EB.tmp' to '../../../../../../WORKPLACE/Mini_laboratory/MEPhI_VR_term_1/Mini_laboratory/Content/Workplace/Maps/FirstLevel.umap'
[2025.12.16-19.07.14:688][198]LogFileHelpers: Saving map 'FirstLevel' took 0.047
[2025.12.16-19.07.14:705][198]AssetCheck: New page: Asset Save: FirstLevel
[2025.12.16-19.07.14:705][198]LogContentValidation: Display: Validating World /Game/Workplace/Maps/FirstLevel.FirstLevel
[2025.12.16-19.07.14:963][227]BlueprintLog: New page: Compile FirstLevel
[2025.12.16-19.07.15:002][227]LogUObjectHash: Compacting FUObjectHashTables data took   1.81ms
[2025.12.16-19.07.15:392][263]LogUObjectHash: Compacting FUObjectHashTables data took   0.45ms
[2025.12.16-19.07.15:414][263]LogSavePackage: Moving '../../../../../../WORKPLACE/Mini_laboratory/MEPhI_VR_term_1/Mini_laboratory/Saved/FirstLevel3AD3811F4BD52FF99C5A449F785E5E7A.tmp' to '../../../../../../WORKPLACE/Mini_laboratory/MEPhI_VR_term_1/Mini_laboratory/Content/Workplace/Maps/FirstLevel.umap'
[2025.12.16-19.07.15:418][263]LogFileHelpers: Saving map 'FirstLevel' took 0.047
[2025.12.16-19.07.15:435][263]AssetCheck: New page: Asset Save: FirstLevel
[2025.12.16-19.07.15:435][263]LogContentValidation: Display: Validating World /Game/Workplace/Maps/FirstLevel.FirstLevel
[2025.12.16-19.07.15:703][293]BlueprintLog: New page: Compile FirstLevel
[2025.12.16-19.07.15:742][293]LogUObjectHash: Compacting FUObjectHashTables data took   1.90ms
[2025.12.16-19.07.16:140][328]LogUObjectHash: Compacting FUObjectHashTables data took   0.45ms
[2025.12.16-19.07.16:162][328]LogSavePackage: Moving '../../../../../../WORKPLACE/Mini_laboratory/MEPhI_VR_term_1/Mini_laboratory/Saved/FirstLevel2721C44A47CDC81D71AD6A9D4D1DAB0E.tmp' to '../../../../../../WORKPLACE/Mini_laboratory/MEPhI_VR_term_1/Mini_laboratory/Content/Workplace/Maps/FirstLevel.umap'
[2025.12.16-19.07.16:193][328]LogFileHelpers: Saving map 'FirstLevel' took 0.073
[2025.12.16-19.07.16:209][328]AssetCheck: New page: Asset Save: FirstLevel
[2025.12.16-19.07.16:210][328]LogContentValidation: Display: Validating World /Game/Workplace/Maps/FirstLevel.FirstLevel
[2025.12.16-19.07.16:599][369]BlueprintLog: New page: Compile FirstLevel
[2025.12.16-19.07.16:639][369]LogUObjectHash: Compacting FUObjectHashTables data took   1.93ms
[2025.12.16-19.07.17:021][403]LogUObjectHash: Compacting FUObjectHashTables data took   0.45ms
[2025.12.16-19.07.17:043][403]LogSavePackage: Moving '../../../../../../WORKPLACE/Mini_laboratory/MEPhI_VR_term_1/Mini_laboratory/Saved/FirstLevelD1E0E4924B3E99D33AE7458C4DB3FE9D.tmp' to '../../../../../../WORKPLACE/Mini_laboratory/MEPhI_VR_term_1/Mini_laboratory/Content/Workplace/Maps/FirstLevel.umap'
[2025.12.16-19.07.17:048][403]LogFileHelpers: Saving map 'FirstLevel' took 0.047
[2025.12.16-19.07.17:065][403]AssetCheck: New page: Asset Save: FirstLevel
[2025.12.16-19.07.17:065][403]LogContentValidation: Display: Validating World /Game/Workplace/Maps/FirstLevel.FirstLevel
[2025.12.16-19.07.17:341][436]BlueprintLog: New page: Compile FirstLevel
[2025.12.16-19.07.17:383][436]LogUObjectHash: Compacting FUObjectHashTables data took   1.93ms
[2025.12.16-19.07.17:852][481]LogUObjectHash: Compacting FUObjectHashTables data took   0.44ms
[2025.12.16-19.07.17:874][481]LogSavePackage: Moving '../../../../../../WORKPLACE/Mini_laboratory/MEPhI_VR_term_1/Mini_laboratory/Saved/FirstLevelD2BF7C794A69392547E707AD5957E7DF.tmp' to '../../../../../../WORKPLACE/Mini_laboratory/MEPhI_VR_term_1/Mini_laboratory/Content/Workplace/Maps/FirstLevel.umap'
[2025.12.16-19.07.17:878][481]LogFileHelpers: Saving map 'FirstLevel' took 0.047
[2025.12.16-19.07.17:895][481]AssetCheck: New page: Asset Save: FirstLevel
[2025.12.16-19.07.17:895][481]LogContentValidation: Display: Validating World /Game/Workplace/Maps/FirstLevel.FirstLevel
[2025.12.16-19.07.18:180][512]BlueprintLog: New page: Compile FirstLevel
[2025.12.16-19.07.18:217][512]LogUObjectHash: Compacting FUObjectHashTables data took   1.90ms
[2025.12.16-19.07.18:949][585]LogUObjectHash: Compacting FUObjectHashTables data took   0.44ms
[2025.12.16-19.07.18:971][585]LogSavePackage: Moving '../../../../../../WORKPLACE/Mini_laboratory/MEPhI_VR_term_1/Mini_laboratory/Saved/FirstLevelD094C4EF4C1FA2207A9603AEE681D67B.tmp' to '../../../../../../WORKPLACE/Mini_laboratory/MEPhI_VR_term_1/Mini_laboratory/Content/Workplace/Maps/FirstLevel.umap'
[2025.12.16-19.07.18:975][585]LogFileHelpers: Saving map 'FirstLevel' took 0.047
[2025.12.16-19.07.18:993][585]AssetCheck: New page: Asset Save: FirstLevel
[2025.12.16-19.07.18:993][585]LogContentValidation: Display: Validating World /Game/Workplace/Maps/FirstLevel.FirstLevel
[2025.12.16-19.07.19:593][654]BlueprintLog: New page: Compile FirstLevel
[2025.12.16-19.07.19:633][654]LogUObjectHash: Compacting FUObjectHashTables data took   1.81ms
[2025.12.16-19.07.20:031][690]LogUObjectHash: Compacting FUObjectHashTables data took   0.45ms
[2025.12.16-19.07.20:053][690]LogSavePackage: Moving '../../../../../../WORKPLACE/Mini_laboratory/MEPhI_VR_term_1/Mini_laboratory/Saved/FirstLevel6B10D97B4F2EC7E76739CABB3F8B421A.tmp' to '../../../../../../WORKPLACE/Mini_laboratory/MEPhI_VR_term_1/Mini_laboratory/Content/Workplace/Maps/FirstLevel.umap'
[2025.12.16-19.07.20:058][690]LogFileHelpers: Saving map 'FirstLevel' took 0.048
[2025.12.16-19.07.20:075][690]AssetCheck: New page: Asset Save: FirstLevel
[2025.12.16-19.07.20:075][690]LogContentValidation: Display: Validating World /Game/Workplace/Maps/FirstLevel.FirstLevel
[2025.12.16-19.07.20:341][719]BlueprintLog: New page: Compile FirstLevel
[2025.12.16-19.07.20:381][719]LogUObjectHash: Compacting FUObjectHashTables data took   1.92ms
[2025.12.16-19.07.20:776][754]LogUObjectHash: Compacting FUObjectHashTables data took   0.44ms
[2025.12.16-19.07.20:798][754]LogSavePackage: Moving '../../../../../../WORKPLACE/Mini_laboratory/MEPhI_VR_term_1/Mini_laboratory/Saved/FirstLevel2663824B4AD4BBCDF72C988619429055.tmp' to '../../../../../../WORKPLACE/Mini_laboratory/MEPhI_VR_term_1/Mini_laboratory/Content/Workplace/Maps/FirstLevel.umap'
[2025.12.16-19.07.20:802][754]LogFileHelpers: Saving map 'FirstLevel' took 0.046
[2025.12.16-19.07.20:820][754]AssetCheck: New page: Asset Save: FirstLevel
[2025.12.16-19.07.20:820][754]LogContentValidation: Display: Validating World /Game/Workplace/Maps/FirstLevel.FirstLevel
[2025.12.16-19.07.32:199][ 92]BlueprintLog: New page: Compile FirstLevel
[2025.12.16-19.07.32:241][ 92]LogUObjectHash: Compacting FUObjectHashTables data took   1.92ms
[2025.12.16-19.07.32:728][138]LogUObjectHash: Compacting FUObjectHashTables data took   0.45ms
[2025.12.16-19.07.32:750][138]LogSavePackage: Moving '../../../../../../WORKPLACE/Mini_laboratory/MEPhI_VR_term_1/Mini_laboratory/Saved/FirstLevelF552B34D4319DD948611E7B45AFDB6DC.tmp' to '../../../../../../WORKPLACE/Mini_laboratory/MEPhI_VR_term_1/Mini_laboratory/Content/Workplace/Maps/FirstLevel.umap'
[2025.12.16-19.07.32:754][138]LogFileHelpers: Saving map 'FirstLevel' took 0.047
[2025.12.16-19.07.32:773][138]AssetCheck: New page: Asset Save: FirstLevel
[2025.12.16-19.07.32:773][138]LogContentValidation: Display: Validating World /Game/Workplace/Maps/FirstLevel.FirstLevel
[2025.12.16-19.07.33:064][172]BlueprintLog: New page: Compile FirstLevel
[2025.12.16-19.07.33:102][172]LogUObjectHash: Compacting FUObjectHashTables data took   2.09ms
[2025.12.16-19.07.33:491][208]LogUObjectHash: Compacting FUObjectHashTables data took   0.44ms
[2025.12.16-19.07.33:513][208]LogSavePackage: Moving '../../../../../../WORKPLACE/Mini_laboratory/MEPhI_VR_term_1/Mini_laboratory/Saved/FirstLevelD950D28A49966A3B36F02889EE0238F7.tmp' to '../../../../../../WORKPLACE/Mini_laboratory/MEPhI_VR_term_1/Mini_laboratory/Content/Workplace/Maps/FirstLevel.umap'
[2025.12.16-19.07.33:517][208]LogFileHelpers: Saving map 'FirstLevel' took 0.046
[2025.12.16-19.07.33:535][208]AssetCheck: New page: Asset Save: FirstLevel
[2025.12.16-19.07.33:535][208]LogContentValidation: Display: Validating World /Game/Workplace/Maps/FirstLevel.FirstLevel
[2025.12.16-19.07.33:803][240]BlueprintLog: New page: Compile FirstLevel
[2025.12.16-19.07.33:842][240]LogUObjectHash: Compacting FUObjectHashTables data took   2.05ms
[2025.12.16-19.07.34:207][273]LogUObjectHash: Compacting FUObjectHashTables data took   0.45ms
[2025.12.16-19.07.34:229][273]LogSavePackage: Moving '../../../../../../WORKPLACE/Mini_laboratory/MEPhI_VR_term_1/Mini_laboratory/Saved/FirstLevel174F24184FC469585CB8D1B1B5000C9F.tmp' to '../../../../../../WORKPLACE/Mini_laboratory/MEPhI_VR_term_1/Mini_laboratory/Content/Workplace/Maps/FirstLevel.umap'
[2025.12.16-19.07.34:233][273]LogFileHelpers: Saving map 'FirstLevel' took 0.046
[2025.12.16-19.07.34:251][273]AssetCheck: New page: Asset Save: FirstLevel
[2025.12.16-19.07.34:251][273]LogContentValidation: Display: Validating World /Game/Workplace/Maps/FirstLevel.FirstLevel
[2025.12.16-19.08.05:125][496]LogUObjectHash: Compacting FUObjectHashTables data took   1.47ms
[2025.12.16-19.08.05:150][496]LogSavePackage: Moving '../../../../../../WORKPLACE/Mini_laboratory/MEPhI_VR_term_1/Mini_laboratory/Saved/FirstLevel4B50C1FB4C515E3BE38AEF974C8F4895.tmp' to '../../../../../../WORKPLACE/Mini_laboratory/MEPhI_VR_term_1/Mini_laboratory/Content/Workplace/Maps/FirstLevel.umap'
[2025.12.16-19.08.05:211][496]LogSavePackage: Moving '../../../../../../WORKPLACE/Mini_laboratory/MEPhI_VR_term_1/Mini_laboratory/Saved/FirstLevel_BuiltData6534488044456C798A1131BB39BBE9C4.tmp' to '../../../../../../WORKPLACE/Mini_laboratory/MEPhI_VR_term_1/Mini_laboratory/Content/Workplace/Maps/FirstLevel_BuiltData.uasset'
[2025.12.16-19.08.05:226][496]AssetCheck: New page: Asset Save: multiple assets
[2025.12.16-19.08.05:226][496]LogContentValidation: Display: Validating MapBuildDataRegistry /Game/Workplace/Maps/FirstLevel_BuiltData.FirstLevel_BuiltData
[2025.12.16-19.08.05:226][496]LogContentValidation: Display: Validating World /Game/Workplace/Maps/FirstLevel.FirstLevel
[2025.12.16-19.08.08:165][834]LogEditorViewport: Clicking on Actor (LMB): BP_Button_C (BP_Button2)
[2025.12.16-19.08.20:112][128]LogUObjectHash: Compacting FUObjectHashTables data took   1.73ms
[2025.12.16-19.08.20:144][128]LogSavePackage: Moving '../../../../../../WORKPLACE/Mini_laboratory/MEPhI_VR_term_1/Mini_laboratory/Saved/FirstLevel46D49BDD4303FDC1A88EC792F8E4E282.tmp' to '../../../../../../WORKPLACE/Mini_laboratory/MEPhI_VR_term_1/Mini_laboratory/Content/Workplace/Maps/FirstLevel.umap'
[2025.12.16-19.08.20:163][128]LogSavePackage: Moving '../../../../../../WORKPLACE/Mini_laboratory/MEPhI_VR_term_1/Mini_laboratory/Saved/FirstLevel_BuiltData0054EEC048E6879C885DBAB75D8BDE5E.tmp' to '../../../../../../WORKPLACE/Mini_laboratory/MEPhI_VR_term_1/Mini_laboratory/Content/Workplace/Maps/FirstLevel_BuiltData.uasset'
[2025.12.16-19.08.20:181][128]AssetCheck: New page: Asset Save: multiple assets
[2025.12.16-19.08.20:181][128]LogContentValidation: Display: Validating MapBuildDataRegistry /Game/Workplace/Maps/FirstLevel_BuiltData.FirstLevel_BuiltData
[2025.12.16-19.08.20:181][128]LogContentValidation: Display: Validating World /Game/Workplace/Maps/FirstLevel.FirstLevel
[2025.12.16-19.08.24:454][565]LogEditorViewport: Clicking on Actor (LMB): BP_Button_C (Exit_Button)
[2025.12.16-19.08.25:818][718]LogEditorViewport: Clicking on Actor (LMB): BP_Button_C (BP_Button2)
[2025.12.16-19.08.31:928][248]LogAssetEditorSubsystem: Opening Asset editor for Blueprint /Game/Workplace/Blueprints/BP_Button.BP_Button
[2025.12.16-19.08.33:717][399]LogWorld: UWorld::CleanupWorld for World_92, bSessionEnded=true, bCleanupResources=true
[2025.12.16-19.08.33:717][399]LogSlate: InvalidateAllWidgets triggered.  All widgets were invalidated
[2025.12.16-19.09.28:402][299]LogUObjectHash: Compacting FUObjectHashTables data took   1.96ms
[2025.12.16-19.09.28:447][299]LogUObjectHash: Compacting FUObjectHashTables data took   1.39ms
[2025.12.16-19.09.28:469][299]LogSavePackage: Moving '../../../../../../WORKPLACE/Mini_laboratory/MEPhI_VR_term_1/Mini_laboratory/Saved/FirstLevel6B6048194BC1FE3719C85FA870437E04.tmp' to '../../../../../../WORKPLACE/Mini_laboratory/MEPhI_VR_term_1/Mini_laboratory/Content/Workplace/Maps/FirstLevel.umap'
[2025.12.16-19.09.28:474][299]LogFileHelpers: Saving map 'FirstLevel' took 0.048
[2025.12.16-19.09.28:494][299]AssetCheck: New page: Asset Save: FirstLevel
[2025.12.16-19.09.28:494][299]LogContentValidation: Display: Validating World /Game/Workplace/Maps/FirstLevel.FirstLevel
[2025.12.16-19.09.30:969][532]LogTemp: Repeating last play command: New Editor Window (PIE)
[2025.12.16-19.09.30:974][532]LogPlayLevel: PlayLevel: No blueprints needed recompiling
[2025.12.16-19.09.30:975][532]PIE: New page: PIE session: FirstLevel (17 дек. 2025 г., 01:09:30)
[2025.12.16-19.09.30:975][532]LogPlayLevel: Creating play world package: /Game/Workplace/Maps/UEDPIE_0_FirstLevel
[2025.12.16-19.09.31:023][532]LogPlayLevel: PIE: StaticDuplicateObject took: (0.048795s)
[2025.12.16-19.09.31:024][532]LogAIModule: Creating AISystem for world FirstLevel
[2025.12.16-19.09.31:024][532]LogPlayLevel: PIE: World Init took: (0.001105s)
[2025.12.16-19.09.31:024][532]LogPlayLevel: PIE: Created PIE world by copying editor world from /Game/Workplace/Maps/FirstLevel.FirstLevel to /Game/Workplace/Maps/UEDPIE_0_FirstLevel.FirstLevel (0.050035s)
[2025.12.16-19.09.31:046][532]LogUObjectHash: Compacting FUObjectHashTables data took   1.68ms
[2025.12.16-19.09.31:048][532]LogAudio: Display: Creating Audio Device:                 Id: 7, Scope: Unique, Realtime: True
[2025.12.16-19.09.31:048][532]LogAudioMixer: Display: Audio Mixer Platform Settings:
[2025.12.16-19.09.31:048][532]LogAudioMixer: Display: 	Sample Rate:						  48000
[2025.12.16-19.09.31:048][532]LogAudioMixer: Display: 	Callback Buffer Frame Size Requested: 1024
[2025.12.16-19.09.31:048][532]LogAudioMixer: Display: 	Callback Buffer Frame Size To Use:	  1024
[2025.12.16-19.09.31:048][532]LogAudioMixer: Display: 	Number of buffers to queue:			  2
[2025.12.16-19.09.31:048][532]LogAudioMixer: Display: 	Max Channels (voices):				  32
[2025.12.16-19.09.31:048][532]LogAudioMixer: Display: 	Number of Async Source Workers:		  0
[2025.12.16-19.09.31:048][532]LogAudio: Display: AudioDevice MaxSources: 32
[2025.12.16-19.09.31:048][532]LogAudio: Display: Audio Spatialization Plugin: None (built-in).
[2025.12.16-19.09.31:048][532]LogAudio: Display: Audio Reverb Plugin: None (built-in).
[2025.12.16-19.09.31:048][532]LogAudio: Display: Audio Occlusion Plugin: None (built-in).
[2025.12.16-19.09.31:048][532]LogAudioMixer: Display: Initializing audio mixer.
[2025.12.16-19.09.31:153][532]LogAudioMixer: Display: 0: FrontLeft
[2025.12.16-19.09.31:153][532]LogAudioMixer: Display: 1: FrontRight
[2025.12.16-19.09.31:164][532]LogAudioMixer: Display: Using Audio Device Динамики (Realtek(R) Audio)
[2025.12.16-19.09.31:164][532]LogAudioMixer: Display: Initializing Sound Submixes...
[2025.12.16-19.09.31:164][532]LogAudioMixer: Display: Creating Master Submix 'MasterSubmixDefault'
[2025.12.16-19.09.31:164][532]LogAudioMixer: Display: Creating Master Submix 'MasterReverbSubmixDefault'
[2025.12.16-19.09.31:165][532]LogAudioMixer: Display: Creating Master Submix 'MasterEQSubmixDefault'
[2025.12.16-19.09.31:165][532]LogAudioMixer: FMixerPlatformXAudio2::StartAudioStream() called
[2025.12.16-19.09.31:165][532]LogAudioMixer: Display: Output buffers initialized: Frames=1024, Channels=2, Samples=2048
[2025.12.16-19.09.31:166][532]LogAudioMixer: Display: Starting AudioMixerPlatformInterface::RunInternal()
[2025.12.16-19.09.31:166][532]LogAudioMixer: Display: FMixerPlatformXAudio2::SubmitBuffer() called for the first time
[2025.12.16-19.09.31:166][532]LogInit: FAudioDevice initialized.
[2025.12.16-19.09.31:166][532]LogAudio: Display: Audio Device (ID: 7) registered with world 'FirstLevel'.
[2025.12.16-19.09.31:200][532]LogSlate: Updating window title bar state: overlay mode, drag disabled, window buttons hidden, title bar hidden
[2025.12.16-19.09.31:200][532]LogLoad: Game class is 'BP_GameMode_C'
[2025.12.16-19.09.31:202][532]LogWorld: Bringing World /Game/Workplace/Maps/UEDPIE_0_FirstLevel.FirstLevel up for play (max tick rate 0) at 2025.12.16-22.09.31
[2025.12.16-19.09.31:202][532]LogWorld: Bringing up level for play took: 0.001347
[2025.12.16-19.09.31:202][532]LogOnline: OSS: Creating online subsystem instance for: :Context_28
[2025.12.16-19.09.31:204][532]LogSpawn: Warning: SpawnActor failed because no class was specified
[2025.12.16-19.09.31:207][532]PIE: Server logged in
[2025.12.16-19.09.31:208][532]PIE: Play in editor total start time 0,234 seconds.
[2025.12.16-19.09.34:003][782]LogSlate: Updating window title bar state: overlay mode, drag disabled, window buttons hidden, title bar hidden
[2025.12.16-19.09.34:003][782]LogWorld: BeginTearingDown for /Game/Workplace/Maps/UEDPIE_0_FirstLevel
[2025.12.16-19.09.34:004][782]LogSlate: Window 'Mini_laboratory Preview [NetMode: Standalone]  (64-bit/Windows) ' being destroyed
[2025.12.16-19.09.34:008][782]LogWorld: UWorld::CleanupWorld for FirstLevel, bSessionEnded=true, bCleanupResources=true
[2025.12.16-19.09.34:009][782]LogSlate: InvalidateAllWidgets triggered.  All widgets were invalidated
[2025.12.16-19.09.34:014][782]LogPlayLevel: Display: Shutting down PIE online subsystems
[2025.12.16-19.09.34:023][782]LogSlate: InvalidateAllWidgets triggered.  All widgets were invalidated
[2025.12.16-19.09.34:047][782]LogAudioMixer: FMixerPlatformXAudio2::StopAudioStream() called
[2025.12.16-19.09.34:048][782]LogAudioMixer: FMixerPlatformXAudio2::StopAudioStream() called
[2025.12.16-19.09.34:052][782]LogUObjectHash: Compacting FUObjectHashTables data took   1.67ms
[2025.12.16-19.09.34:078][783]LogPlayLevel: Display: Destroying online subsystem :Context_28
[2025.12.16-19.09.37:603][116]LogUObjectHash: Compacting FUObjectHashTables data took   1.39ms
[2025.12.16-19.09.37:648][116]LogAssetEditorSubsystem: Opening Asset editor for World /Game/Workplace/Maps/StartMenu.StartMenu
[2025.12.16-19.09.37:648][116]Cmd: MAP LOAD FILE="../../../../../../WORKPLACE/Mini_laboratory/MEPhI_VR_term_1/Mini_laboratory/Content/Workplace/Maps/StartMenu.umap" TEMPLATE=0 SHOWPROGRESS=1 FEATURELEVEL=3
[2025.12.16-19.09.37:648][116]LightingResults: New page: Lighting Build
[2025.12.16-19.09.37:648][116]LoadErrors: New page: Loading map: StartMenu.umap
[2025.12.16-19.09.37:663][116]LogWorld: UWorld::CleanupWorld for World_85, bSessionEnded=true, bCleanupResources=true
[2025.12.16-19.09.37:663][116]LogSlate: InvalidateAllWidgets triggered.  All widgets were invalidated
[2025.12.16-19.09.37:695][116]LogWorld: UWorld::CleanupWorld for FirstLevel, bSessionEnded=true, bCleanupResources=true
[2025.12.16-19.09.37:695][116]LogSlate: InvalidateAllWidgets triggered.  All widgets were invalidated
[2025.12.16-19.09.37:695][116]MapCheck: New page: Map Check
[2025.12.16-19.09.37:695][116]LightingResults: New page: Lighting Build
[2025.12.16-19.09.37:712][116]LogAudio: Display: Audio Device unregistered from world 'None'.
[2025.12.16-19.09.37:730][116]LogUObjectHash: Compacting FUObjectHashTables data took   2.15ms
[2025.12.16-19.09.37:730][116]LogAudio: Display: Audio Device (ID: 1) registered with world 'StartMenu'.
[2025.12.16-19.09.37:752][116]LogEditorServer: Finished looking for orphan Actors (0.000 secs)
[2025.12.16-19.09.37:753][116]LogAIModule: Creating AISystem for world StartMenu
[2025.12.16-19.09.37:774][116]LogUObjectHash: Compacting FUObjectHashTables data took   1.61ms
[2025.12.16-19.09.37:778][116]Cmd: MAP CHECKDEP NOCLEARLOG
[2025.12.16-19.09.37:778][116]MapCheck: Map check complete: 0 Error(s), 0 Warning(s), took 0,058ms to complete.
[2025.12.16-19.09.37:778][116]LogFileHelpers: Loading map 'StartMenu' took 0.129
[2025.12.16-19.09.39:782][312]LogTemp: Repeating last play command: New Editor Window (PIE)
[2025.12.16-19.09.39:787][312]LogPlayLevel: PlayLevel: No blueprints needed recompiling
[2025.12.16-19.09.39:787][312]PIE: New page: PIE session: StartMenu (17 дек. 2025 г., 01:09:39)
[2025.12.16-19.09.39:787][312]LogPlayLevel: Creating play world package: /Game/Workplace/Maps/UEDPIE_0_StartMenu
[2025.12.16-19.09.39:787][312]LogPlayLevel: PIE: StaticDuplicateObject took: (0.000901s)
[2025.12.16-19.09.39:788][312]LogAIModule: Creating AISystem for world StartMenu
[2025.12.16-19.09.39:788][312]LogPlayLevel: PIE: World Init took: (0.000962s)
[2025.12.16-19.09.39:788][312]LogPlayLevel: PIE: Created PIE world by copying editor world from /Game/Workplace/Maps/StartMenu.StartMenu to /Game/Workplace/Maps/UEDPIE_0_StartMenu.StartMenu (0.001955s)
[2025.12.16-19.09.39:809][312]LogUObjectHash: Compacting FUObjectHashTables data took   1.69ms
[2025.12.16-19.09.39:810][312]LogAudio: Display: Creating Audio Device:                 Id: 8, Scope: Unique, Realtime: True
[2025.12.16-19.09.39:810][312]LogAudioMixer: Display: Audio Mixer Platform Settings:
[2025.12.16-19.09.39:810][312]LogAudioMixer: Display: 	Sample Rate:						  48000
[2025.12.16-19.09.39:810][312]LogAudioMixer: Display: 	Callback Buffer Frame Size Requested: 1024
[2025.12.16-19.09.39:810][312]LogAudioMixer: Display: 	Callback Buffer Frame Size To Use:	  1024
[2025.12.16-19.09.39:810][312]LogAudioMixer: Display: 	Number of buffers to queue:			  2
[2025.12.16-19.09.39:810][312]LogAudioMixer: Display: 	Max Channels (voices):				  32
[2025.12.16-19.09.39:810][312]LogAudioMixer: Display: 	Number of Async Source Workers:		  0
[2025.12.16-19.09.39:810][312]LogAudio: Display: AudioDevice MaxSources: 32
[2025.12.16-19.09.39:810][312]LogAudio: Display: Audio Spatialization Plugin: None (built-in).
[2025.12.16-19.09.39:810][312]LogAudio: Display: Audio Reverb Plugin: None (built-in).
[2025.12.16-19.09.39:810][312]LogAudio: Display: Audio Occlusion Plugin: None (built-in).
[2025.12.16-19.09.39:810][312]LogAudioMixer: Display: Initializing audio mixer.
[2025.12.16-19.09.39:812][312]LogAudioMixer: Display: 0: FrontLeft
[2025.12.16-19.09.39:812][312]LogAudioMixer: Display: 1: FrontRight
[2025.12.16-19.09.39:821][312]LogAudioMixer: Display: Using Audio Device Динамики (Realtek(R) Audio)
[2025.12.16-19.09.39:822][312]LogAudioMixer: Display: Initializing Sound Submixes...
[2025.12.16-19.09.39:822][312]LogAudioMixer: Display: Creating Master Submix 'MasterSubmixDefault'
[2025.12.16-19.09.39:822][312]LogAudioMixer: Display: Creating Master Submix 'MasterReverbSubmixDefault'
[2025.12.16-19.09.39:823][312]LogAudioMixer: Display: Creating Master Submix 'MasterEQSubmixDefault'
[2025.12.16-19.09.39:823][312]LogAudioMixer: FMixerPlatformXAudio2::StartAudioStream() called
[2025.12.16-19.09.39:823][312]LogAudioMixer: Display: Output buffers initialized: Frames=1024, Channels=2, Samples=2048
[2025.12.16-19.09.39:825][312]LogAudioMixer: Display: Starting AudioMixerPlatformInterface::RunInternal()
[2025.12.16-19.09.39:825][312]LogAudioMixer: Display: FMixerPlatformXAudio2::SubmitBuffer() called for the first time
[2025.12.16-19.09.39:825][312]LogInit: FAudioDevice initialized.
[2025.12.16-19.09.39:826][312]LogAudio: Display: Audio Device (ID: 8) registered with world 'StartMenu'.
[2025.12.16-19.09.39:859][312]LogSlate: Updating window title bar state: overlay mode, drag disabled, window buttons hidden, title bar hidden
[2025.12.16-19.09.39:859][312]LogLoad: Game class is 'BP_GameMode_C'
[2025.12.16-19.09.39:860][312]LogWorld: Bringing World /Game/Workplace/Maps/UEDPIE_0_StartMenu.StartMenu up for play (max tick rate 0) at 2025.12.16-22.09.39
[2025.12.16-19.09.39:860][312]LogWorld: Bringing up level for play took: 0.000315
[2025.12.16-19.09.39:860][312]LogOnline: OSS: Creating online subsystem instance for: :Context_29
[2025.12.16-19.09.39:862][312]LogSpawn: Warning: SpawnActor failed because no class was specified
[2025.12.16-19.09.39:863][312]LogPlayerController: Error: InputMode:UIOnly - Attempting to focus Non-Focusable widget SObjectWidget [Widget.cpp(799)]!
[2025.12.16-19.09.39:863][312]LogViewport: Display: Viewport MouseLockMode Changed, LockOnCapture -> DoNotLock
[2025.12.16-19.09.39:863][312]LogViewport: Display: Viewport MouseCaptureMode Changed, CapturePermanently_IncludingInitialMouseDown -> NoCapture
[2025.12.16-19.09.39:864][312]PIE: Server logged in
[2025.12.16-19.09.39:865][312]PIE: Play in editor total start time 0,079 seconds.
[2025.12.16-19.09.40:698][396]LogViewport: Display: Viewport MouseLockMode Changed, DoNotLock -> LockOnCapture
[2025.12.16-19.09.40:699][396]LogViewport: Display: Viewport MouseCaptureMode Changed, NoCapture -> CapturePermanently
[2025.12.16-19.09.40:700][396]LogNet: Browse: /Game/Workplace/Maps/FirstLevel
[2025.12.16-19.09.40:700][396]LogLoad: LoadMap: /Game/Workplace/Maps/FirstLevel
[2025.12.16-19.09.40:700][396]LogWorld: BeginTearingDown for /Game/Workplace/Maps/UEDPIE_0_StartMenu
[2025.12.16-19.09.40:701][396]LogWorld: UWorld::CleanupWorld for StartMenu, bSessionEnded=true, bCleanupResources=true
[2025.12.16-19.09.40:701][396]LogSlate: InvalidateAllWidgets triggered.  All widgets were invalidated
[2025.12.16-19.09.40:741][396]LogAudio: Display: Audio Device unregistered from world 'None'.
[2025.12.16-19.09.40:743][396]LogUObjectHash: Compacting FUObjectHashTables data took   1.68ms
[2025.12.16-19.09.40:770][396]LogAudio: Display: Audio Device (ID: 8) registered with world 'FirstLevel'.
[2025.12.16-19.09.40:771][396]LogAIModule: Creating AISystem for world FirstLevel
[2025.12.16-19.09.40:771][396]LogLoad: Game class is 'BP_GameMode_C'
[2025.12.16-19.09.40:777][396]LogWorld: Bringing World /Game/Workplace/Maps/UEDPIE_0_FirstLevel.FirstLevel up for play (max tick rate 0) at 2025.12.16-22.09.40
[2025.12.16-19.09.40:777][396]LogWorld: Bringing up level for play took: 0.005280
[2025.12.16-19.09.40:777][396]LogSpawn: Warning: SpawnActor failed because no class was specified
[2025.12.16-19.09.40:778][396]LogLoad: Took 0.078170 seconds to LoadMap(/Game/Workplace/Maps/FirstLevel)
[2025.12.16-19.09.53:017][619]LogSlate: Updating window title bar state: overlay mode, drag disabled, window buttons hidden, title bar hidden
[2025.12.16-19.09.53:017][619]LogWorld: BeginTearingDown for /Game/Workplace/Maps/UEDPIE_0_FirstLevel
[2025.12.16-19.09.53:018][619]LogSlate: Window 'Mini_laboratory Preview [NetMode: Standalone]  (64-bit/Windows) ' being destroyed
[2025.12.16-19.09.53:074][619]LogWorld: UWorld::CleanupWorld for FirstLevel, bSessionEnded=true, bCleanupResources=true
[2025.12.16-19.09.53:076][619]LogSlate: InvalidateAllWidgets triggered.  All widgets were invalidated
[2025.12.16-19.09.53:087][619]LogPlayLevel: Display: Shutting down PIE online subsystems
[2025.12.16-19.09.53:090][619]LogSlate: InvalidateAllWidgets triggered.  All widgets were invalidated
[2025.12.16-19.09.53:111][619]LogAudioMixer: FMixerPlatformXAudio2::StopAudioStream() called
[2025.12.16-19.09.53:112][619]LogAudioMixer: FMixerPlatformXAudio2::StopAudioStream() called
[2025.12.16-19.09.53:117][619]LogUObjectHash: Compacting FUObjectHashTables data took   1.62ms
[2025.12.16-19.09.53:130][620]LogPlayLevel: Display: Destroying online subsystem :Context_29
[2025.12.16-19.10.02:046][607]LogTemp: Repeating last play command: New Editor Window (PIE)
[2025.12.16-19.10.02:052][607]LogPlayLevel: PlayLevel: No blueprints needed recompiling
[2025.12.16-19.10.02:052][607]PIE: New page: PIE session: StartMenu (17 дек. 2025 г., 01:10:02)
[2025.12.16-19.10.02:052][607]LogPlayLevel: Creating play world package: /Game/Workplace/Maps/UEDPIE_0_StartMenu
[2025.12.16-19.10.02:053][607]LogPlayLevel: PIE: StaticDuplicateObject took: (0.000862s)
[2025.12.16-19.10.02:054][607]LogAIModule: Creating AISystem for world StartMenu
[2025.12.16-19.10.02:054][607]LogPlayLevel: PIE: World Init took: (0.000777s)
[2025.12.16-19.10.02:054][607]LogPlayLevel: PIE: Created PIE world by copying editor world from /Game/Workplace/Maps/StartMenu.StartMenu to /Game/Workplace/Maps/UEDPIE_0_StartMenu.StartMenu (0.001714s)
[2025.12.16-19.10.02:073][607]LogUObjectHash: Compacting FUObjectHashTables data took   1.70ms
[2025.12.16-19.10.02:074][607]LogAudio: Display: Creating Audio Device:                 Id: 9, Scope: Unique, Realtime: True
[2025.12.16-19.10.02:074][607]LogAudioMixer: Display: Audio Mixer Platform Settings:
[2025.12.16-19.10.02:074][607]LogAudioMixer: Display: 	Sample Rate:						  48000
[2025.12.16-19.10.02:074][607]LogAudioMixer: Display: 	Callback Buffer Frame Size Requested: 1024
[2025.12.16-19.10.02:075][607]LogAudioMixer: Display: 	Callback Buffer Frame Size To Use:	  1024
[2025.12.16-19.10.02:075][607]LogAudioMixer: Display: 	Number of buffers to queue:			  2
[2025.12.16-19.10.02:075][607]LogAudioMixer: Display: 	Max Channels (voices):				  32
[2025.12.16-19.10.02:075][607]LogAudioMixer: Display: 	Number of Async Source Workers:		  0
[2025.12.16-19.10.02:075][607]LogAudio: Display: AudioDevice MaxSources: 32
[2025.12.16-19.10.02:075][607]LogAudio: Display: Audio Spatialization Plugin: None (built-in).
[2025.12.16-19.10.02:075][607]LogAudio: Display: Audio Reverb Plugin: None (built-in).
[2025.12.16-19.10.02:075][607]LogAudio: Display: Audio Occlusion Plugin: None (built-in).
[2025.12.16-19.10.02:075][607]LogAudioMixer: Display: Initializing audio mixer.
[2025.12.16-19.10.02:077][607]LogAudioMixer: Display: 0: FrontLeft
[2025.12.16-19.10.02:077][607]LogAudioMixer: Display: 1: FrontRight
[2025.12.16-19.10.02:087][607]LogAudioMixer: Display: Using Audio Device Динамики (Realtek(R) Audio)
[2025.12.16-19.10.02:087][607]LogAudioMixer: Display: Initializing Sound Submixes...
[2025.12.16-19.10.02:087][607]LogAudioMixer: Display: Creating Master Submix 'MasterSubmixDefault'
[2025.12.16-19.10.02:087][607]LogAudioMixer: Display: Creating Master Submix 'MasterReverbSubmixDefault'
[2025.12.16-19.10.02:087][607]LogAudioMixer: Display: Creating Master Submix 'MasterEQSubmixDefault'
[2025.12.16-19.10.02:087][607]LogAudioMixer: FMixerPlatformXAudio2::StartAudioStream() called
[2025.12.16-19.10.02:087][607]LogAudioMixer: Display: Output buffers initialized: Frames=1024, Channels=2, Samples=2048
[2025.12.16-19.10.02:088][607]LogAudioMixer: Display: Starting AudioMixerPlatformInterface::RunInternal()
[2025.12.16-19.10.02:088][607]LogAudioMixer: Display: FMixerPlatformXAudio2::SubmitBuffer() called for the first time
[2025.12.16-19.10.02:088][607]LogInit: FAudioDevice initialized.
[2025.12.16-19.10.02:088][607]LogAudio: Display: Audio Device (ID: 9) registered with world 'StartMenu'.
[2025.12.16-19.10.02:140][607]LogSlate: Updating window title bar state: overlay mode, drag disabled, window buttons hidden, title bar hidden
[2025.12.16-19.10.02:141][607]LogLoad: Game class is 'BP_GameMode_C'
[2025.12.16-19.10.02:142][607]LogWorld: Bringing World /Game/Workplace/Maps/UEDPIE_0_StartMenu.StartMenu up for play (max tick rate 0) at 2025.12.16-22.10.02
[2025.12.16-19.10.02:142][607]LogWorld: Bringing up level for play took: 0.000298
[2025.12.16-19.10.02:142][607]LogOnline: OSS: Creating online subsystem instance for: :Context_30
[2025.12.16-19.10.02:144][607]LogSpawn: Warning: SpawnActor failed because no class was specified
[2025.12.16-19.10.02:146][607]LogPlayerController: Error: InputMode:UIOnly - Attempting to focus Non-Focusable widget SObjectWidget [Widget.cpp(799)]!
[2025.12.16-19.10.02:146][607]LogViewport: Display: Viewport MouseLockMode Changed, LockOnCapture -> DoNotLock
[2025.12.16-19.10.02:146][607]LogViewport: Display: Viewport MouseCaptureMode Changed, CapturePermanently_IncludingInitialMouseDown -> NoCapture
[2025.12.16-19.10.02:150][607]PIE: Server logged in
[2025.12.16-19.10.02:151][607]PIE: Play in editor total start time 0,1 seconds.
[2025.12.16-19.10.02:969][686]LogViewport: Display: Viewport MouseLockMode Changed, DoNotLock -> LockOnCapture
[2025.12.16-19.10.02:969][686]LogViewport: Display: Viewport MouseCaptureMode Changed, NoCapture -> CapturePermanently
[2025.12.16-19.10.02:970][686]LogNet: Browse: /Game/Workplace/Maps/FirstLevel
[2025.12.16-19.10.02:970][686]LogLoad: LoadMap: /Game/Workplace/Maps/FirstLevel
[2025.12.16-19.10.02:970][686]LogWorld: BeginTearingDown for /Game/Workplace/Maps/UEDPIE_0_StartMenu
[2025.12.16-19.10.02:971][686]LogWorld: UWorld::CleanupWorld for StartMenu, bSessionEnded=true, bCleanupResources=true
[2025.12.16-19.10.02:971][686]LogSlate: InvalidateAllWidgets triggered.  All widgets were invalidated
[2025.12.16-19.10.03:020][686]LogAudio: Display: Audio Device unregistered from world 'None'.
[2025.12.16-19.10.03:022][686]LogUObjectHash: Compacting FUObjectHashTables data took   1.67ms
[2025.12.16-19.10.03:036][686]LogAudio: Display: Audio Device (ID: 9) registered with world 'FirstLevel'.
[2025.12.16-19.10.03:037][686]LogAIModule: Creating AISystem for world FirstLevel
[2025.12.16-19.10.03:037][686]LogLoad: Game class is 'BP_GameMode_C'
[2025.12.16-19.10.03:095][686]LogWorld: Bringing World /Game/Workplace/Maps/UEDPIE_0_FirstLevel.FirstLevel up for play (max tick rate 0) at 2025.12.16-22.10.03
[2025.12.16-19.10.03:096][686]LogWorld: Bringing up level for play took: 0.057784
[2025.12.16-19.10.03:096][686]LogSpawn: Warning: SpawnActor failed because no class was specified
[2025.12.16-19.10.03:098][686]LogLoad: Took 0.128094 seconds to LoadMap(/Game/Workplace/Maps/FirstLevel)
[2025.12.16-19.10.19:882][334]LogNet: Browse: /Game/Workplace/Maps/FirstLevel
[2025.12.16-19.10.19:882][334]LogLoad: LoadMap: /Game/Workplace/Maps/FirstLevel
[2025.12.16-19.10.19:882][334]LogWorld: BeginTearingDown for /Game/Workplace/Maps/UEDPIE_0_FirstLevel
[2025.12.16-19.10.19:883][334]LogWorld: UWorld::CleanupWorld for FirstLevel, bSessionEnded=true, bCleanupResources=true
[2025.12.16-19.10.19:883][334]LogSlate: InvalidateAllWidgets triggered.  All widgets were invalidated
[2025.12.16-19.10.19:921][334]LogAudio: Display: Audio Device unregistered from world 'None'.
[2025.12.16-19.10.19:924][334]LogUObjectHash: Compacting FUObjectHashTables data took   1.71ms
[2025.12.16-19.10.19:939][334]LogAudio: Display: Audio Device (ID: 9) registered with world 'FirstLevel'.
[2025.12.16-19.10.19:939][334]LogAIModule: Creating AISystem for world FirstLevel
[2025.12.16-19.10.19:940][334]LogLoad: Game class is 'BP_GameMode_C'
[2025.12.16-19.10.19:946][334]LogWorld: Bringing World /Game/Workplace/Maps/UEDPIE_0_FirstLevel.FirstLevel up for play (max tick rate 0) at 2025.12.16-22.10.19
[2025.12.16-19.10.19:946][334]LogWorld: Bringing up level for play took: 0.005529
[2025.12.16-19.10.19:946][334]LogSpawn: Warning: SpawnActor failed because no class was specified
[2025.12.16-19.10.19:947][334]LogLoad: Took 0.065182 seconds to LoadMap(/Game/Workplace/Maps/FirstLevel)
[2025.12.16-19.10.35:117][819]LogNet: Browse: /Game/Workplace/Maps/FirstLevel
[2025.12.16-19.10.35:117][819]LogLoad: LoadMap: /Game/Workplace/Maps/FirstLevel
[2025.12.16-19.10.35:117][819]LogWorld: BeginTearingDown for /Game/Workplace/Maps/UEDPIE_0_FirstLevel
[2025.12.16-19.10.35:117][819]LogWorld: UWorld::CleanupWorld for FirstLevel, bSessionEnded=true, bCleanupResources=true
[2025.12.16-19.10.35:117][819]LogSlate: InvalidateAllWidgets triggered.  All widgets were invalidated
[2025.12.16-19.10.35:171][819]LogAudio: Display: Audio Device unregistered from world 'None'.
[2025.12.16-19.10.35:174][819]LogUObjectHash: Compacting FUObjectHashTables data took   1.69ms
[2025.12.16-19.10.35:188][819]LogAudio: Display: Audio Device (ID: 9) registered with world 'FirstLevel'.
[2025.12.16-19.10.35:189][819]LogAIModule: Creating AISystem for world FirstLevel
[2025.12.16-19.10.35:189][819]LogLoad: Game class is 'BP_GameMode_C'
[2025.12.16-19.10.35:195][819]LogWorld: Bringing World /Game/Workplace/Maps/UEDPIE_0_FirstLevel.FirstLevel up for play (max tick rate 0) at 2025.12.16-22.10.35
[2025.12.16-19.10.35:195][819]LogWorld: Bringing up level for play took: 0.005417
[2025.12.16-19.10.35:195][819]LogSpawn: Warning: SpawnActor failed because no class was specified
[2025.12.16-19.10.35:196][819]LogLoad: Took 0.080005 seconds to LoadMap(/Game/Workplace/Maps/FirstLevel)
[2025.12.16-19.10.37:193][ 13]LogSlate: Updating window title bar state: overlay mode, drag disabled, window buttons hidden, title bar hidden
[2025.12.16-19.10.37:194][ 13]LogWorld: BeginTearingDown for /Game/Workplace/Maps/UEDPIE_0_FirstLevel
[2025.12.16-19.10.37:196][ 13]LogSlate: Window 'Mini_laboratory Preview [NetMode: Standalone]  (64-bit/Windows) ' being destroyed
[2025.12.16-19.10.37:224][ 13]LogWorld: UWorld::CleanupWorld for FirstLevel, bSessionEnded=true, bCleanupResources=true
[2025.12.16-19.10.37:225][ 13]LogSlate: InvalidateAllWidgets triggered.  All widgets were invalidated
[2025.12.16-19.10.37:244][ 13]LogPlayLevel: Display: Shutting down PIE online subsystems
[2025.12.16-19.10.37:249][ 13]LogSlate: InvalidateAllWidgets triggered.  All widgets were invalidated
[2025.12.16-19.10.37:278][ 13]LogAudio: Display: Audio Device unregistered from world 'None'.
[2025.12.16-19.10.37:278][ 13]LogAudioMixer: FMixerPlatformXAudio2::StopAudioStream() called
[2025.12.16-19.10.37:279][ 13]LogAudioMixer: FMixerPlatformXAudio2::StopAudioStream() called
[2025.12.16-19.10.37:288][ 13]LogUObjectHash: Compacting FUObjectHashTables data took   1.90ms
[2025.12.16-19.10.37:304][ 14]LogPlayLevel: Display: Destroying online subsystem :Context_30
[2025.12.16-19.10.51:020][193]LogUObjectHash: Compacting FUObjectHashTables data took   1.38ms
[2025.12.16-19.10.51:026][193]LogSavePackage: Moving '../../../../../../WORKPLACE/Mini_laboratory/MEPhI_VR_term_1/Mini_laboratory/Saved/StartMenu840FDEFE4586F310C142949A76B31F48.tmp' to '../../../../../../WORKPLACE/Mini_laboratory/MEPhI_VR_term_1/Mini_laboratory/Content/Workplace/Maps/StartMenu.umap'
[2025.12.16-19.10.51:048][193]AssetCheck: New page: Asset Save: StartMenu
[2025.12.16-19.10.51:048][193]LogContentValidation: Display: Validating World /Game/Workplace/Maps/StartMenu.StartMenu
[2025.12.16-19.10.51:553][249]LogUObjectHash: Compacting FUObjectHashTables data took   0.44ms
[2025.12.16-19.10.51:557][249]LogSavePackage: Moving '../../../../../../WORKPLACE/Mini_laboratory/MEPhI_VR_term_1/Mini_laboratory/Saved/StartMenuA7A646034469D9CBD300D78EF8CE1FA7.tmp' to '../../../../../../WORKPLACE/Mini_laboratory/MEPhI_VR_term_1/Mini_laboratory/Content/Workplace/Maps/StartMenu.umap'
[2025.12.16-19.10.51:575][249]AssetCheck: New page: Asset Save: StartMenu
[2025.12.16-19.10.51:575][249]LogContentValidation: Display: Validating World /Game/Workplace/Maps/StartMenu.StartMenu
[2025.12.16-19.10.51:934][287]LogUObjectHash: Compacting FUObjectHashTables data took   0.46ms
[2025.12.16-19.10.51:938][287]LogSavePackage: Moving '../../../../../../WORKPLACE/Mini_laboratory/MEPhI_VR_term_1/Mini_laboratory/Saved/StartMenu64BCD6514A90516BBCB1609C3489D6EF.tmp' to '../../../../../../WORKPLACE/Mini_laboratory/MEPhI_VR_term_1/Mini_laboratory/Content/Workplace/Maps/StartMenu.umap'
[2025.12.16-19.10.51:956][287]AssetCheck: New page: Asset Save: StartMenu
[2025.12.16-19.10.51:956][287]LogContentValidation: Display: Validating World /Game/Workplace/Maps/StartMenu.StartMenu
[2025.12.16-19.10.52:083][298]LogUObjectHash: Compacting FUObjectHashTables data took   0.44ms
[2025.12.16-19.10.52:088][298]LogSavePackage: Moving '../../../../../../WORKPLACE/Mini_laboratory/MEPhI_VR_term_1/Mini_laboratory/Saved/StartMenu032A241948EC8EEE2DEE63A97F6EF74B.tmp' to '../../../../../../WORKPLACE/Mini_laboratory/MEPhI_VR_term_1/Mini_laboratory/Content/Workplace/Maps/StartMenu.umap'
[2025.12.16-19.10.52:105][298]AssetCheck: New page: Asset Save: StartMenu
[2025.12.16-19.10.52:105][298]LogContentValidation: Display: Validating World /Game/Workplace/Maps/StartMenu.StartMenu
[2025.12.16-19.10.52:282][314]LogUObjectHash: Compacting FUObjectHashTables data took   0.42ms
[2025.12.16-19.10.52:286][314]LogSavePackage: Moving '../../../../../../WORKPLACE/Mini_laboratory/MEPhI_VR_term_1/Mini_laboratory/Saved/StartMenuF42D61254719F19B640547896B0E6DC2.tmp' to '../../../../../../WORKPLACE/Mini_laboratory/MEPhI_VR_term_1/Mini_laboratory/Content/Workplace/Maps/StartMenu.umap'
[2025.12.16-19.10.52:305][314]AssetCheck: New page: Asset Save: StartMenu
[2025.12.16-19.10.52:305][314]LogContentValidation: Display: Validating World /Game/Workplace/Maps/StartMenu.StartMenu
[2025.12.16-19.10.52:465][329]LogUObjectHash: Compacting FUObjectHashTables data took   0.44ms
[2025.12.16-19.10.52:469][329]LogSavePackage: Moving '../../../../../../WORKPLACE/Mini_laboratory/MEPhI_VR_term_1/Mini_laboratory/Saved/StartMenuDE76B1A743D1186E26D55E86040F3424.tmp' to '../../../../../../WORKPLACE/Mini_laboratory/MEPhI_VR_term_1/Mini_laboratory/Content/Workplace/Maps/StartMenu.umap'
[2025.12.16-19.10.52:487][329]AssetCheck: New page: Asset Save: StartMenu
[2025.12.16-19.10.52:487][329]LogContentValidation: Display: Validating World /Game/Workplace/Maps/StartMenu.StartMenu
[2025.12.16-19.10.52:781][360]LogUObjectHash: Compacting FUObjectHashTables data took   0.42ms
[2025.12.16-19.10.52:786][360]LogSavePackage: Moving '../../../../../../WORKPLACE/Mini_laboratory/MEPhI_VR_term_1/Mini_laboratory/Saved/StartMenu95B243D1496928A011FF029AFCC25A6B.tmp' to '../../../../../../WORKPLACE/Mini_laboratory/MEPhI_VR_term_1/Mini_laboratory/Content/Workplace/Maps/StartMenu.umap'
[2025.12.16-19.10.52:804][360]AssetCheck: New page: Asset Save: StartMenu
[2025.12.16-19.10.52:804][360]LogContentValidation: Display: Validating World /Game/Workplace/Maps/StartMenu.StartMenu
[2025.12.16-19.10.52:964][375]LogUObjectHash: Compacting FUObjectHashTables data took   0.44ms
[2025.12.16-19.10.52:968][375]LogSavePackage: Moving '../../../../../../WORKPLACE/Mini_laboratory/MEPhI_VR_term_1/Mini_laboratory/Saved/StartMenu2B2C933B413768EECDFAB3B0644A747E.tmp' to '../../../../../../WORKPLACE/Mini_laboratory/MEPhI_VR_term_1/Mini_laboratory/Content/Workplace/Maps/StartMenu.umap'
[2025.12.16-19.10.52:986][375]AssetCheck: New page: Asset Save: StartMenu
[2025.12.16-19.10.52:986][375]LogContentValidation: Display: Validating World /Game/Workplace/Maps/StartMenu.StartMenu
[2025.12.16-19.11.16:017][954]LogUObjectHash: Compacting FUObjectHashTables data took   0.44ms
[2025.12.16-19.11.16:050][954]LogAssetEditorSubsystem: Opening Asset editor for World /Game/Workplace/Maps/FirstLevel.FirstLevel
[2025.12.16-19.11.16:050][954]Cmd: MAP LOAD FILE="../../../../../../WORKPLACE/Mini_laboratory/MEPhI_VR_term_1/Mini_laboratory/Content/Workplace/Maps/FirstLevel.umap" TEMPLATE=0 SHOWPROGRESS=1 FEATURELEVEL=3
[2025.12.16-19.11.16:050][954]LightingResults: New page: Lighting Build
[2025.12.16-19.11.16:050][954]LoadErrors: New page: Loading map: FirstLevel.umap
[2025.12.16-19.11.16:076][954]LogWorld: UWorld::CleanupWorld for StartMenu, bSessionEnded=true, bCleanupResources=true
[2025.12.16-19.11.16:076][954]LogSlate: InvalidateAllWidgets triggered.  All widgets were invalidated
[2025.12.16-19.11.16:076][954]MapCheck: New page: Map Check
[2025.12.16-19.11.16:076][954]LightingResults: New page: Lighting Build
[2025.12.16-19.11.16:092][954]LogAudio: Display: Audio Device unregistered from world 'None'.
[2025.12.16-19.11.16:094][954]LogUObjectHash: Compacting FUObjectHashTables data took   1.95ms
[2025.12.16-19.11.16:094][954]LogAudio: Display: Audio Device (ID: 1) registered with world 'FirstLevel'.
[2025.12.16-19.11.16:231][954]LogEditorServer: Finished looking for orphan Actors (0.000 secs)
[2025.12.16-19.11.16:231][954]LogAIModule: Creating AISystem for world FirstLevel
[2025.12.16-19.11.16:253][954]LogUObjectHash: Compacting FUObjectHashTables data took   1.65ms
[2025.12.16-19.11.16:256][954]Cmd: MAP CHECKDEP NOCLEARLOG
[2025.12.16-19.11.16:257][954]MapCheck: Map check complete: 0 Error(s), 0 Warning(s), took 0,062ms to complete.
[2025.12.16-19.11.16:257][954]LogFileHelpers: Loading map 'FirstLevel' took 0.207
[2025.12.16-19.11.30:205][578]LogEditorViewport: Clicking on Actor (LMB): StaticMeshActor (Floor)
[2025.12.16-19.11.31:810][733]LogEditorViewport: Clicking on Actor (LMB): StaticMeshActor (Floor)
[2025.12.16-19.11.34:400][ 31]LogEditorViewport: Clicking on Actor (LMB): BP_Sky_Sphere_C (Sky Sphere)
[2025.12.16-19.11.35:138][113]LogEditorViewport: Clicking on Actor (context menu): StaticMeshActor (Floor)
[2025.12.16-19.11.36:280][230]LogEditorViewport: Clicking on Actor (LMB): BP_Sky_Sphere_C (Sky Sphere)
[2025.12.16-19.11.48:350][423]LogUObjectHash: Compacting FUObjectHashTables data took   1.43ms
[2025.12.16-19.11.48:378][423]LogSavePackage: Moving '../../../../../../WORKPLACE/Mini_laboratory/MEPhI_VR_term_1/Mini_laboratory/Saved/FirstLevel129CB49B4FAA909F9B7AD0B619C3206B.tmp' to '../../../../../../WORKPLACE/Mini_laboratory/MEPhI_VR_term_1/Mini_laboratory/Content/Workplace/Maps/FirstLevel.umap'
[2025.12.16-19.11.48:398][423]LogSavePackage: Moving '../../../../../../WORKPLACE/Mini_laboratory/MEPhI_VR_term_1/Mini_laboratory/Saved/FirstLevel_BuiltData1E556C7140C4312624163EB85B7A2429.tmp' to '../../../../../../WORKPLACE/Mini_laboratory/MEPhI_VR_term_1/Mini_laboratory/Content/Workplace/Maps/FirstLevel_BuiltData.uasset'
[2025.12.16-19.11.48:416][423]AssetCheck: New page: Asset Save: multiple assets
[2025.12.16-19.11.48:416][423]LogContentValidation: Display: Validating MapBuildDataRegistry /Game/Workplace/Maps/FirstLevel_BuiltData.FirstLevel_BuiltData
[2025.12.16-19.11.48:416][423]LogContentValidation: Display: Validating World /Game/Workplace/Maps/FirstLevel.FirstLevel
[2025.12.16-19.11.51:691][654]LogUObjectHash: Compacting FUObjectHashTables data took   1.38ms
[2025.12.16-19.12.07:277][989]LogAssetEditorSubsystem: Opening Asset editor for Blueprint /Game/Workplace/Blueprints/BP_Button.BP_Button
[2025.12.16-19.12.31:188][275]BlueprintLog: New page: Compile BP_Button
[2025.12.16-19.12.31:247][275]LogUObjectHash: Compacting FUObjectHashTables data took   2.25ms
[2025.12.16-19.12.31:799][318]LogSavePackage: Moving '../../../../../../WORKPLACE/Mini_laboratory/MEPhI_VR_term_1/Mini_laboratory/Saved/BP_ButtonECFF99C0442DE92813E5F19AFC86BA0C.tmp' to '../../../../../../WORKPLACE/Mini_laboratory/MEPhI_VR_term_1/Mini_laboratory/Content/Workplace/Blueprints/BP_Button.uasset'
[2025.12.16-19.12.31:815][318]AssetCheck: New page: Asset Save: BP_Button
[2025.12.16-19.12.31:815][318]LogContentValidation: Display: Validating Blueprint /Game/Workplace/Blueprints/BP_Button.BP_Button
[2025.12.16-19.12.32:174][358]BlueprintLog: New page: Compile BP_Button
[2025.12.16-19.12.32:228][358]LogUObjectHash: Compacting FUObjectHashTables data took   2.29ms
[2025.12.16-19.12.37:258][787]BlueprintLog: New page: Compile BP_Button
[2025.12.16-19.12.37:315][787]LogUObjectHash: Compacting FUObjectHashTables data took   2.21ms
[2025.12.16-19.12.37:921][843]LogSavePackage: Moving '../../../../../../WORKPLACE/Mini_laboratory/MEPhI_VR_term_1/Mini_laboratory/Saved/BP_ButtonA2B754BC4F8AF0F55EFCEDBCEB07D377.tmp' to '../../../../../../WORKPLACE/Mini_laboratory/MEPhI_VR_term_1/Mini_laboratory/Content/Workplace/Blueprints/BP_Button.uasset'
[2025.12.16-19.12.37:936][843]AssetCheck: New page: Asset Save: BP_Button
[2025.12.16-19.12.37:936][843]LogContentValidation: Display: Validating Blueprint /Game/Workplace/Blueprints/BP_Button.BP_Button
[2025.12.16-19.12.59:255][ 27]BlueprintLog: New page: Compile BP_Button
[2025.12.16-19.12.59:310][ 27]LogUObjectHash: Compacting FUObjectHashTables data took   2.34ms
[2025.12.16-19.13.00:077][ 93]LogSavePackage: Moving '../../../../../../WORKPLACE/Mini_laboratory/MEPhI_VR_term_1/Mini_laboratory/Saved/BP_Button3782A58D4D48D9152ACE75B75C9461EA.tmp' to '../../../../../../WORKPLACE/Mini_laboratory/MEPhI_VR_term_1/Mini_laboratory/Content/Workplace/Blueprints/BP_Button.uasset'
[2025.12.16-19.13.00:094][ 93]AssetCheck: New page: Asset Save: BP_Button
[2025.12.16-19.13.00:094][ 93]LogContentValidation: Display: Validating Blueprint /Game/Workplace/Blueprints/BP_Button.BP_Button
[2025.12.16-19.13.06:102][639]LogContentBrowser: Deferred new asset file creation: NewMaterial
[2025.12.16-19.13.06:154][639]LogContentBrowser: Creating deferred item: NewMaterial
[2025.12.16-19.13.11:727][ 87]LogContentBrowser: Attempting asset rename: NewMaterial -> BlackMaterial
[2025.12.16-19.13.11:769][ 87]LogContentBrowser: End creating deferred item NewMaterial
[2025.12.16-19.13.13:345][203]LogAssetEditorSubsystem: Opening Asset editor for Material /Game/Workplace/Materials/BlueMaterial.BlueMaterial
[2025.12.16-19.13.13:410][203]LogMaterial: Display: Missing cached shadermap for BlueMaterial in PCD3D_SM5, Default, SM5 (DDC key hash: 8BCCE942CC0E199403712D9A585DC83CEEDE4153), compiling. 
[2025.12.16-19.13.13:498][203]LogShaderCompilers: Display: Submitted 25 shader compile jobs with 'Normal' priority
[2025.12.16-19.13.13:535][203]LogTexture: Default maximum texture size for cubemaps generated from long-lat sources has been changed from 512 to unlimited. In order to preserve old behaiour for '/Engine/EditorMaterials/AssetViewer/EpicQuadPanorama_CC+EV1.EpicQuadPanorama_CC+EV1', its maximum texture size has been explicitly set to 512.
[2025.12.16-19.13.13:659][203]LogTexture: Default maximum texture size for cubemaps generated from long-lat sources has been changed from 512 to unlimited. In order to preserve old behaiour for '/Engine/MapTemplates/Sky/SunsetAmbientCubemap.SunsetAmbientCubemap', its maximum texture size has been explicitly set to 512.
[2025.12.16-19.13.13:805][203]LogMaterial: Display: Missing cached shadermap for BlueMaterial in PCD3D_SM5, Default, SM5 (DDC key hash: C5564889B7E71AE0BB27B5A7510164387F69A918), compiling. 
[2025.12.16-19.13.13:812][203]LogMaterial: Display: Missing cached shadermap for BlueMaterial in PCD3D_SM5, Default, SM5 (DDC key hash: E36DAD1E2EE695D6015CF6B2012433C8AAE83BEF), compiling. 
[2025.12.16-19.13.13:822][203]LogMaterial: Display: Missing cached shadermap for FMatExpressionPreview MaterialExpressionConstant3Vector_0 in PCD3D_SM5, Default, SM5 (DDC key hash: 6682E2E79DDD06767E06E4BA40F9114AD745B962), compiling. 
[2025.12.16-19.13.13:847][203]MaterialEditorStats: Texture samplers: 0/16
[2025.12.16-19.13.13:912][204]LogShaderCompilers: Display: Submitted 25 shader compile jobs with 'Normal' priority
[2025.12.16-19.13.13:912][204]LogShaderCompilers: Display: Worker (1/5): shaders left to compile 2
[2025.12.16-19.13.13:912][204]LogShaderCompilers: Display: Worker (2/5): shaders left to compile 1
[2025.12.16-19.13.13:912][204]LogShaderCompilers: Display: Worker (3/5): shaders left to compile 23
[2025.12.16-19.13.13:912][204]LogShaderCompilers: Display: Worker (4/5): shaders left to compile 17
[2025.12.16-19.13.13:912][204]LogShaderCompilers: Display: Started 12 'Local' shader compile jobs with 'Normal' priority
[2025.12.16-19.13.13:912][204]LogShaderCompilers: Display: Started 2 'Local' shader compile jobs with 'ForceLocal' priority
[2025.12.16-19.13.13:993][209]LogShaderCompilers: Display: Submitted 2 shader compile jobs with 'ForceLocal' priority
[2025.12.16-19.13.17:926][570]LogShaderCompilers: Display: Worker (1/5): shaders left to compile 2
[2025.12.16-19.13.17:926][570]LogShaderCompilers: Display: Started 1 'Local' shader compile jobs with 'ForceLocal' priority
[2025.12.16-19.13.17:952][570]LogShaderCompilers: Display: Worker (2/5): shaders left to compile 1
[2025.12.16-19.13.17:952][570]LogShaderCompilers: Display: Started 1 'Local' shader compile jobs with 'ForceLocal' priority
[2025.12.16-19.13.17:952][570]LogShaderCompilers: Display: === FShaderJobCache stats ===
[2025.12.16-19.13.17:952][570]LogShaderCompilers: Display: Total job queries 52, among them cache hits 0 (0.00%)
[2025.12.16-19.13.17:952][570]LogShaderCompilers: Display: Tracking 2 distinct input hashes that result in 2 distinct outputs (100.00%)
[2025.12.16-19.13.17:952][570]LogShaderCompilers: Display: RAM used: 0.01 MB (0.00 GB) of 409.60 MB (0.40 GB) budget. Usage: 0.00%
[2025.12.16-19.13.17:952][570]LogShaderCompilers: Display: ================================================
[2025.12.16-19.13.17:981][571]MaterialEditorStats: Texture samplers: 1/16
[2025.12.16-19.13.17:998][572]MaterialEditorStats: Texture samplers: 2/16
[2025.12.16-19.13.18:699][622]LogShaderCompilers: Display: Worker (2/5): shaders left to compile 11
[2025.12.16-19.13.18:699][622]LogShaderCompilers: Display: Started 3 'Local' shader compile jobs with 'Normal' priority
[2025.12.16-19.13.18:769][628]LogShaderCompilers: Display: Worker (1/5): shaders left to compile 8
[2025.12.16-19.13.18:769][628]LogShaderCompilers: Display: Started 3 'Local' shader compile jobs with 'Normal' priority
[2025.12.16-19.13.20:932][780]LogShaderCompilers: Display: Worker (2/5): shaders left to compile 5
[2025.12.16-19.13.20:932][780]LogShaderCompilers: Display: Started 2 'Local' shader compile jobs with 'Normal' priority
[2025.12.16-19.13.21:580][818]LogShaderCompilers: Display: Worker (1/5): shaders left to compile 3
[2025.12.16-19.13.21:580][818]LogShaderCompilers: Display: Started 1 'Local' shader compile jobs with 'Normal' priority
[2025.12.16-19.13.22:270][860]LogShaderCompilers: Display: Worker (2/5): shaders left to compile 2
[2025.12.16-19.13.22:270][860]LogShaderCompilers: Display: Started 1 'Local' shader compile jobs with 'Normal' priority
[2025.12.16-19.13.22:526][877]LogShaderCompilers: Display: Worker (4/5): shaders left to compile 1
[2025.12.16-19.13.22:526][877]LogShaderCompilers: Display: Started 1 'Local' shader compile jobs with 'Normal' priority
[2025.12.16-19.13.22:546][878]MaterialEditorStats: Texture samplers: 4/16
[2025.12.16-19.13.23:319][941]MaterialEditorStats: Base pass shader: 78 instructions
[2025.12.16-19.13.23:319][941]MaterialEditorStats: Base pass shader with Surface Lightmap: 116 instructions
[2025.12.16-19.13.23:319][941]MaterialEditorStats: Base pass shader with Volumetric Lightmap: 99 instructions
[2025.12.16-19.13.23:320][941]MaterialEditorStats: Base pass vertex shader: 193 instructions
[2025.12.16-19.13.23:320][941]MaterialEditorStats: Texture samplers: 4/16
[2025.12.16-19.13.26:077][158]LogAssetEditorSubsystem: Opening Asset editor for Material /Game/Workplace/Materials/BlackMaterial.BlackMaterial
[2025.12.16-19.13.26:078][158]LogMaterial: Display: Missing cached shadermap for BlackMaterial in PCD3D_SM5, Default, SM5 (DDC key hash: DCB62FA5CEA891D4558571C1BCE7884546B7807E), compiling. 
[2025.12.16-19.13.26:086][158]LogShaderCompilers: Display: Submitted 10 shader compile jobs with 'Normal' priority
[2025.12.16-19.13.26:243][158]LogMaterial: Display: Missing cached shadermap for BlackMaterial in PCD3D_SM5, Default, SM5 (DDC key hash: 433137479E5BB10762D7B586975C824861F16F23), compiling. 
[2025.12.16-19.13.26:246][158]LogMaterial: Display: Missing cached shadermap for BlackMaterial in PCD3D_SM5, Default, SM5 (DDC key hash: 78E5D84C15ADE351DF081C2734663BAC7E53B93C), compiling. 
[2025.12.16-19.13.26:256][158]MaterialEditorStats: Texture samplers: 0/16
[2025.12.16-19.13.26:306][158]LogShaderCompilers: Display: Submitted 2 shader compile jobs with 'ForceLocal' priority
[2025.12.16-19.13.26:306][158]LogShaderCompilers: Display: Worker (1/5): shaders left to compile 2
[2025.12.16-19.13.26:306][158]LogShaderCompilers: Display: Worker (2/5): shaders left to compile 1
[2025.12.16-19.13.26:306][158]LogShaderCompilers: Display: Started 2 'Local' shader compile jobs with 'ForceLocal' priority
[2025.12.16-19.13.26:306][158]LogShaderCompilers: Display: Submitted 8 shader compile jobs with 'Normal' priority
[2025.12.16-19.13.26:306][158]LogShaderCompilers: Display: Worker (3/5): shaders left to compile 8
[2025.12.16-19.13.26:306][158]LogShaderCompilers: Display: Worker (4/5): shaders left to compile 5
[2025.12.16-19.13.26:306][158]LogShaderCompilers: Display: Started 6 'Local' shader compile jobs with 'Normal' priority
[2025.12.16-19.13.27:075][180]LogShaderCompilers: Display: Worker (2/5): shaders left to compile 2
[2025.12.16-19.13.27:075][180]LogShaderCompilers: Display: Started 1 'Local' shader compile jobs with 'Normal' priority
[2025.12.16-19.13.27:262][188]LogShaderCompilers: Display: Worker (1/5): shaders left to compile 1
[2025.12.16-19.13.27:262][188]LogShaderCompilers: Display: Started 1 'Local' shader compile jobs with 'Normal' priority
[2025.12.16-19.13.27:394][192]MaterialEditorStats: Texture samplers: 2/16
[2025.12.16-19.13.28:157][220]LogMaterial: Display: Missing cached shadermap for BlackMaterial in PCD3D_SM5, Default, SM5 (DDC key hash: 23D9083EF421865839801027018E989656938339), compiling. 
[2025.12.16-19.13.28:160][220]LogMaterial: Display: Missing cached shadermap for FMatExpressionPreview MaterialExpressionConstant3Vector_0 in PCD3D_SM5, Default, SM5 (DDC key hash: CA24B59899A7BD5BBFC2447C12927B650384990E), compiling. 
[2025.12.16-19.13.28:162][220]MaterialEditorStats: Texture samplers: 0/16
[2025.12.16-19.13.28:208][222]MaterialEditorStats: Texture samplers: 2/16
[2025.12.16-19.13.28:991][259]MaterialEditorStats: Base pass shader: 117 instructions
[2025.12.16-19.13.28:992][259]MaterialEditorStats: Base pass shader with Volumetric Lightmap: 191 instructions
[2025.12.16-19.13.28:992][259]MaterialEditorStats: Base pass vertex shader: 42 instructions
[2025.12.16-19.13.28:992][259]MaterialEditorStats: Texture samplers: 2/16
[2025.12.16-19.13.30:105][327]LogMaterial: Display: Missing cached shadermap for BlackMaterial in PCD3D_SM5, Default, SM5 (DDC key hash: 6DF7C24503E0FDD41E24430AE48FDBBE3914487D), compiling. 
[2025.12.16-19.13.30:107][327]LogMaterial: Display: Missing cached shadermap for FMatExpressionPreview MaterialExpressionConstant3Vector_0 in PCD3D_SM5, Default, SM5 (DDC key hash: E4CDC866DD765873FD791BA45DC2D5B25FCA82BC), compiling. 
[2025.12.16-19.13.30:109][327]MaterialEditorStats: Texture samplers: 0/16
[2025.12.16-19.13.30:128][329]LogShaderCompilers: Display: Submitted 2 shader compile jobs with 'ForceLocal' priority
[2025.12.16-19.13.30:128][329]LogShaderCompilers: Display: Worker (1/5): shaders left to compile 2
[2025.12.16-19.13.30:128][329]LogShaderCompilers: Display: Worker (2/5): shaders left to compile 1
[2025.12.16-19.13.30:128][329]LogShaderCompilers: Display: Started 2 'Local' shader compile jobs with 'ForceLocal' priority
[2025.12.16-19.13.30:128][329]LogShaderCompilers: Display: Submitted 8 shader compile jobs with 'Normal' priority
[2025.12.16-19.13.30:128][329]LogShaderCompilers: Display: Worker (3/5): shaders left to compile 8
[2025.12.16-19.13.30:128][329]LogShaderCompilers: Display: Worker (4/5): shaders left to compile 5
[2025.12.16-19.13.30:128][329]LogShaderCompilers: Display: Started 6 'Local' shader compile jobs with 'Normal' priority
[2025.12.16-19.13.30:881][359]LogShaderCompilers: Display: Worker (2/5): shaders left to compile 2
[2025.12.16-19.13.30:881][359]LogShaderCompilers: Display: Started 1 'Local' shader compile jobs with 'Normal' priority
[2025.12.16-19.13.31:075][368]LogShaderCompilers: Display: Worker (1/5): shaders left to compile 1
[2025.12.16-19.13.31:076][368]LogShaderCompilers: Display: Started 1 'Local' shader compile jobs with 'Normal' priority
[2025.12.16-19.13.31:661][392]MaterialEditorStats: Texture samplers: 2/16
[2025.12.16-19.13.32:674][429]MaterialEditorStats: Base pass shader: 118 instructions
[2025.12.16-19.13.32:674][429]MaterialEditorStats: Base pass shader with Volumetric Lightmap: 192 instructions
[2025.12.16-19.13.32:674][429]MaterialEditorStats: Base pass vertex shader: 42 instructions
[2025.12.16-19.13.32:674][429]MaterialEditorStats: Texture samplers: 2/16
[2025.12.16-19.13.36:369][652]LogMaterial: Display: Missing cached shadermap for BlackMaterial in PCD3D_SM5, Default, SM5 (DDC key hash: 5149AEB4882D12561958ECAF183E282A236CD765), compiling. 
[2025.12.16-19.13.36:425][652]LogMaterial: Display: Missing cached shadermap for FMatExpressionPreview MaterialExpressionConstant3Vector_0 in PCD3D_SM5, Default, SM5 (DDC key hash: 12F5DB24A428A8C9D05BE979B8AA2614BE2C52E6), compiling. 
[2025.12.16-19.13.36:428][652]MaterialEditorStats: Texture samplers: 0/16
[2025.12.16-19.13.36:454][654]LogShaderCompilers: Display: Submitted 2 shader compile jobs with 'ForceLocal' priority
[2025.12.16-19.13.36:455][654]MaterialEditorStats: Texture samplers: 2/16
[2025.12.16-19.13.36:474][655]LogShaderCompilers: Display: Worker (1/5): shaders left to compile 2
[2025.12.16-19.13.36:474][655]LogShaderCompilers: Display: Worker (2/5): shaders left to compile 1
[2025.12.16-19.13.36:474][655]LogShaderCompilers: Display: Started 2 'Local' shader compile jobs with 'ForceLocal' priority
[2025.12.16-19.13.36:488][655]MaterialEditorStats: Base pass shader: 117 instructions
[2025.12.16-19.13.36:488][655]MaterialEditorStats: Base pass shader with Volumetric Lightmap: 191 instructions
[2025.12.16-19.13.36:488][655]MaterialEditorStats: Base pass vertex shader: 42 instructions
[2025.12.16-19.13.36:488][655]MaterialEditorStats: Texture samplers: 2/16
[2025.12.16-19.13.38:226][749]LogMaterial: Display: Missing cached shadermap for BlackMaterial in PCD3D_SM5, Default, SM5 (DDC key hash: 3B8EA696BA205D3C42C80BAD61D2B638805B85F5), compiling. 
[2025.12.16-19.13.38:229][749]LogMaterial: Display: Missing cached shadermap for FMatExpressionPreview MaterialExpressionConstant3Vector_0 in PCD3D_SM5, Default, SM5 (DDC key hash: CDC02F0ABD68850691B5DC6CF3815688AB9385A3), compiling. 
[2025.12.16-19.13.38:230][749]LogSlate: Window 'Color Picker' being destroyed
[2025.12.16-19.13.38:235][749]MaterialEditorStats: Texture samplers: 0/16
[2025.12.16-19.13.38:266][751]MaterialEditorStats: Texture samplers: 2/16
[2025.12.16-19.13.38:291][752]MaterialEditorStats: Base pass shader: 117 instructions
[2025.12.16-19.13.38:291][752]MaterialEditorStats: Base pass shader with Volumetric Lightmap: 191 instructions
[2025.12.16-19.13.38:291][752]MaterialEditorStats: Base pass vertex shader: 42 instructions
[2025.12.16-19.13.38:291][752]MaterialEditorStats: Texture samplers: 2/16
[2025.12.16-19.13.40:226][874]LogMaterialEditor: Saving and Compiling material BlackMaterial
[2025.12.16-19.13.43:238][874]LogMaterial: Display: Missing cached shadermap for BlackMaterial in PCD3D_SM5, Default, SM5 (DDC key hash: 9D4507E27ED56037637DCF95337A2F008163001E), compiling. 
[2025.12.16-19.13.43:278][874]LogMaterial: Display: Missing cached shadermap for BlackMaterial in PCD3D_SM5, Default, SM5 (DDC key hash: A163FAD7798B46E970AB75BD7A53F34FF60D1AFD), compiling. 
[2025.12.16-19.13.43:322][874]LogUObjectHash: Compacting FUObjectHashTables data took   2.22ms
[2025.12.16-19.13.43:332][874]LogShaderCompilers: Display: Submitted 1 shader compile jobs with 'ForceLocal' priority
[2025.12.16-19.13.43:569][874]LogShaderCompilers: Display: Worker (1/5): shaders left to compile 1
[2025.12.16-19.13.43:569][874]LogShaderCompilers: Display: Started 1 'Local' shader compile jobs with 'ForceLocal' priority
[2025.12.16-19.13.43:569][874]LogUObjectHash: Compacting FUObjectHashTables data took   0.50ms
[2025.12.16-19.13.43:617][874]LogShaderCompilers: Display: Submitted 5 shader compile jobs with 'Normal' priority
[2025.12.16-19.13.43:619][874]LogShaderCompilers: Display: Worker (1/5): shaders left to compile 5
[2025.12.16-19.13.43:619][874]LogShaderCompilers: Display: Worker (2/5): shaders left to compile 3
[2025.12.16-19.13.43:619][874]LogShaderCompilers: Display: Worker (3/5): shaders left to compile 1
[2025.12.16-19.13.43:619][874]LogShaderCompilers: Display: Started 5 'Local' shader compile jobs with 'Normal' priority
[2025.12.16-19.13.43:660][874]LogSavePackage: Moving '../../../../../../WORKPLACE/Mini_laboratory/MEPhI_VR_term_1/Mini_laboratory/Saved/BlackMaterialF741CCF3484286B89F95C491B6B3F38A.tmp' to '../../../../../../WORKPLACE/Mini_laboratory/MEPhI_VR_term_1/Mini_laboratory/Content/Workplace/Materials/BlackMaterial.uasset'
[2025.12.16-19.13.43:684][874]AssetCheck: New page: Asset Save: BlackMaterial
[2025.12.16-19.13.43:684][874]LogContentValidation: Display: Validating Material /Game/Workplace/Materials/BlackMaterial.BlackMaterial
[2025.12.16-19.13.43:691][874]MaterialEditorStats: Texture samplers: 2/16
[2025.12.16-19.13.45:196][943]MaterialEditorStats: Base pass shader: 117 instructions
[2025.12.16-19.13.45:196][943]MaterialEditorStats: Base pass shader with Volumetric Lightmap: 191 instructions
[2025.12.16-19.13.45:196][943]MaterialEditorStats: Base pass vertex shader: 42 instructions
[2025.12.16-19.13.45:196][943]MaterialEditorStats: Texture samplers: 3/16
[2025.12.16-19.13.46:934][ 93]LogSlate: Window 'BlackMaterial' being destroyed
[2025.12.16-19.13.51:080][529]LogUObjectHash: Compacting FUObjectHashTables data took   1.84ms
[2025.12.16-19.13.51:138][529]LogUObjectHash: Compacting FUObjectHashTables data took   0.60ms
[2025.12.16-19.13.51:179][529]LogSavePackage: Moving '../../../../../../WORKPLACE/Mini_laboratory/MEPhI_VR_term_1/Mini_laboratory/Saved/FirstLevelD6E2D9A744A138A9555348B49A115A1E.tmp' to '../../../../../../WORKPLACE/Mini_laboratory/MEPhI_VR_term_1/Mini_laboratory/Content/Workplace/Maps/FirstLevel.umap'
[2025.12.16-19.13.51:188][529]LogFileHelpers: Saving map 'FirstLevel' took 0.076
[2025.12.16-19.13.51:218][529]AssetCheck: New page: Asset Save: FirstLevel
[2025.12.16-19.13.51:218][529]LogContentValidation: Display: Validating World /Game/Workplace/Maps/FirstLevel.FirstLevel
[2025.12.16-19.14.03:561][637]LogAssetEditorSubsystem: Opening Asset editor for Material /Game/Workplace/Materials/RedMaterial.RedMaterial
[2025.12.16-19.14.03:565][637]LogMaterial: Display: Missing cached shadermap for RedMaterial in PCD3D_SM5, Default, SM5 (DDC key hash: 257144910A72A4DA94E3574BF9928A39394A5BD8), compiling. 
[2025.12.16-19.14.03:596][637]LogShaderCompilers: Display: Submitted 23 shader compile jobs with 'Normal' priority
[2025.12.16-19.14.03:632][637]LogMaterial: Display: Missing cached shadermap for RedMaterial in PCD3D_SM5, Default, SM5 (DDC key hash: EA29AE3618B2B322FD811ED93619C00CA26D2CE2), compiling. 
[2025.12.16-19.14.03:634][637]LogMaterial: Display: Missing cached shadermap for RedMaterial in PCD3D_SM5, Default, SM5 (DDC key hash: 819B9592F52B4F7EB00FE7F5372DC82D2E6C18BD), compiling. 
[2025.12.16-19.14.03:637][637]LogMaterial: Display: Missing cached shadermap for FMatExpressionPreview MaterialExpressionConstant3Vector_0 in PCD3D_SM5, Default, SM5 (DDC key hash: 73D22878CEE52010B05474613A77EF8054695EEB), compiling. 
[2025.12.16-19.14.03:645][637]MaterialEditorStats: Texture samplers: 0/16
[2025.12.16-19.14.03:695][639]LogShaderCompilers: Display: Submitted 23 shader compile jobs with 'Normal' priority
[2025.12.16-19.14.03:695][639]LogShaderCompilers: Display: Worker (1/5): shaders left to compile 2
[2025.12.16-19.14.03:695][639]LogShaderCompilers: Display: Worker (2/5): shaders left to compile 1
[2025.12.16-19.14.03:695][639]LogShaderCompilers: Display: Worker (3/5): shaders left to compile 21
[2025.12.16-19.14.03:695][639]LogShaderCompilers: Display: Worker (4/5): shaders left to compile 15
[2025.12.16-19.14.03:695][639]LogShaderCompilers: Display: Started 12 'Local' shader compile jobs with 'Normal' priority
[2025.12.16-19.14.03:695][639]LogShaderCompilers: Display: Started 2 'Local' shader compile jobs with 'ForceLocal' priority
[2025.12.16-19.14.03:775][643]LogShaderCompilers: Display: Submitted 2 shader compile jobs with 'ForceLocal' priority
[2025.12.16-19.14.04:641][700]LogShaderCompilers: Display: Worker (2/5): shaders left to compile 2
[2025.12.16-19.14.04:641][700]LogShaderCompilers: Display: Started 1 'Local' shader compile jobs with 'ForceLocal' priority
[2025.12.16-19.14.04:658][701]MaterialEditorStats: Texture samplers: 2/16
[2025.12.16-19.14.04:671][702]LogShaderCompilers: Display: Worker (1/5): shaders left to compile 1
[2025.12.16-19.14.04:671][702]LogShaderCompilers: Display: Started 1 'Local' shader compile jobs with 'ForceLocal' priority
[2025.12.16-19.14.05:425][758]LogShaderCompilers: Display: Worker (1/5): shaders left to compile 9
[2025.12.16-19.14.05:425][758]LogShaderCompilers: Display: Started 3 'Local' shader compile jobs with 'Normal' priority
[2025.12.16-19.14.05:471][762]LogShaderCompilers: Display: Worker (2/5): shaders left to compile 6
[2025.12.16-19.14.05:471][762]LogShaderCompilers: Display: Started 2 'Local' shader compile jobs with 'Normal' priority
[2025.12.16-19.14.07:184][832]LogShaderCompilers: Display: Worker (2/5): shaders left to compile 4
[2025.12.16-19.14.07:184][832]LogShaderCompilers: Display: Started 2 'Local' shader compile jobs with 'Normal' priority
[2025.12.16-19.14.07:436][842]LogShaderCompilers: Display: Worker (1/5): shaders left to compile 2
[2025.12.16-19.14.07:436][842]LogShaderCompilers: Display: Started 1 'Local' shader compile jobs with 'Normal' priority
[2025.12.16-19.14.07:568][845]LogAssetEditorSubsystem: Opening Asset editor for Material /Game/Workplace/Materials/PlasticMaterial.PlasticMaterial
[2025.12.16-19.14.07:570][845]LogMaterial: Display: Missing cached shadermap for PlasticMaterial in PCD3D_SM5, Default, SM5 (DDC key hash: B75E0B67948A785B6C2B7FBD4C490F21F3B9339C), compiling. 
[2025.12.16-19.14.07:583][845]LogShaderCompilers: Display: Submitted 10 shader compile jobs with 'Normal' priority
[2025.12.16-19.14.07:644][845]LogMaterial: Display: Missing cached shadermap for PlasticMaterial in PCD3D_SM5, Default, SM5 (DDC key hash: BFF2074D1ADEE0615F9A786063578AFCB83D3237), compiling. 
[2025.12.16-19.14.07:649][845]LogMaterial: Display: Missing cached shadermap for PlasticMaterial in PCD3D_SM5, Default, SM5 (DDC key hash: 92771057DF103957AC8DB54EB446DECA35F8E35F), compiling. 
[2025.12.16-19.14.07:651][845]LogMaterial: Display: Missing cached shadermap for FMatExpressionPreview MaterialExpressionVectorParameter_0 in PCD3D_SM5, Default, SM5 (DDC key hash: 9EAEEAF22E7BE128B9DD44F0196ED6F081AFB9C7), compiling. 
[2025.12.16-19.14.07:670][845]MaterialEditorStats: Texture samplers: 0/16
[2025.12.16-19.14.07:740][846]LogShaderCompilers: Display: Submitted 2 shader compile jobs with 'ForceLocal' priority
[2025.12.16-19.14.07:740][846]LogShaderCompilers: Display: Submitted 8 shader compile jobs with 'Normal' priority
[2025.12.16-19.14.07:840][852]LogShaderCompilers: Display: Submitted 2 shader compile jobs with 'ForceLocal' priority
[2025.12.16-19.14.08:537][898]LogShaderCompilers: Display: Worker (2/5): shaders left to compile 4
[2025.12.16-19.14.08:537][898]LogShaderCompilers: Display: Started 2 'Local' shader compile jobs with 'ForceLocal' priority
[2025.12.16-19.14.09:078][937]LogShaderCompilers: Display: Worker (1/5): shaders left to compile 2
[2025.12.16-19.14.09:078][937]LogShaderCompilers: Display: Started 1 'Local' shader compile jobs with 'ForceLocal' priority
[2025.12.16-19.14.09:081][937]MaterialEditorStats: Texture samplers: 4/16
[2025.12.16-19.14.09:460][962]LogShaderCompilers: Display: Worker (4/5): shaders left to compile 1
[2025.12.16-19.14.09:460][962]LogShaderCompilers: Display: Started 1 'Local' shader compile jobs with 'ForceLocal' priority
[2025.12.16-19.14.09:628][974]LogShaderCompilers: Display: Worker (3/5): shaders left to compile 9
[2025.12.16-19.14.09:628][974]LogShaderCompilers: Display: Started 3 'Local' shader compile jobs with 'Normal' priority
[2025.12.16-19.14.10:035][  2]LogShaderCompilers: Display: Worker (2/5): shaders left to compile 6
[2025.12.16-19.14.10:035][  2]LogShaderCompilers: Display: Started 2 'Local' shader compile jobs with 'Normal' priority
[2025.12.16-19.14.10:043][  2]LogShaderCompilers: Display: Worker (1/5): shaders left to compile 4
[2025.12.16-19.14.10:043][  2]LogShaderCompilers: Display: Started 2 'Local' shader compile jobs with 'Normal' priority
[2025.12.16-19.14.10:065][  3]MaterialEditorStats: Texture samplers: 2/16
[2025.12.16-19.14.10:147][  9]LogShaderCompilers: Display: Worker (4/5): shaders left to compile 2
[2025.12.16-19.14.10:147][  9]LogShaderCompilers: Display: Started 1 'Local' shader compile jobs with 'Normal' priority
[2025.12.16-19.14.11:401][ 91]LogShaderCompilers: Display: Worker (4/5): shaders left to compile 1
[2025.12.16-19.14.11:401][ 91]LogShaderCompilers: Display: Started 1 'Local' shader compile jobs with 'Normal' priority
[2025.12.16-19.14.12:168][152]MaterialEditorStats: Base pass shader: 119 instructions
[2025.12.16-19.14.12:168][152]MaterialEditorStats: Base pass shader with Volumetric Lightmap: 193 instructions
[2025.12.16-19.14.12:168][152]MaterialEditorStats: Base pass vertex shader: 42 instructions
[2025.12.16-19.14.12:168][152]MaterialEditorStats: Texture samplers: 2/16
[2025.12.16-19.14.12:265][162]MaterialEditorStats: Base pass shader: 78 instructions
[2025.12.16-19.14.12:265][162]MaterialEditorStats: Base pass shader with Volumetric Lightmap: 99 instructions
[2025.12.16-19.14.12:265][162]MaterialEditorStats: Base pass vertex shader: 193 instructions
[2025.12.16-19.14.12:265][162]MaterialEditorStats: Texture samplers: 4/16
[2025.12.16-19.14.12:874][219]LogWorld: UWorld::CleanupWorld for World_97, bSessionEnded=true, bCleanupResources=true
[2025.12.16-19.14.12:874][219]LogSlate: InvalidateAllWidgets triggered.  All widgets were invalidated
[2025.12.16-19.14.14:840][409]LogWorld: UWorld::CleanupWorld for World_96, bSessionEnded=true, bCleanupResources=true
[2025.12.16-19.14.14:840][409]LogSlate: InvalidateAllWidgets triggered.  All widgets were invalidated
[2025.12.16-19.14.16:095][544]LogWorld: UWorld::CleanupWorld for World_94, bSessionEnded=true, bCleanupResources=true
[2025.12.16-19.14.16:096][544]LogSlate: InvalidateAllWidgets triggered.  All widgets were invalidated
[2025.12.16-19.14.17:923][741]LogMaterialEditor: Saving and Compiling material BlackMaterial
[2025.12.16-19.14.17:956][741]LogSavePackage: Moving '../../../../../../WORKPLACE/Mini_laboratory/MEPhI_VR_term_1/Mini_laboratory/Saved/BlackMaterial070B7BA5473D92C5D22BF588C5054CBA.tmp' to '../../../../../../WORKPLACE/Mini_laboratory/MEPhI_VR_term_1/Mini_laboratory/Content/Workplace/Materials/BlackMaterial.uasset'
[2025.12.16-19.14.17:971][741]AssetCheck: New page: Asset Save: BlackMaterial
[2025.12.16-19.14.17:971][741]LogContentValidation: Display: Validating Material /Game/Workplace/Materials/BlackMaterial.BlackMaterial
[2025.12.16-19.14.19:364][865]LogMaterialEditor: Saving and Compiling material BlackMaterial
[2025.12.16-19.14.20:794][865]LogSlate: Window 'Save Asset As' being destroyed
[2025.12.16-19.14.23:673][122]LogUObjectHash: Compacting FUObjectHashTables data took   2.52ms
[2025.12.16-19.14.24:913][244]LogWorld: UWorld::CleanupWorld for World_95, bSessionEnded=true, bCleanupResources=true
[2025.12.16-19.14.24:913][244]LogSlate: InvalidateAllWidgets triggered.  All widgets were invalidated
[2025.12.16-19.14.44:535][896]LogEditorTransaction: Undo Edit Text Material
[2025.12.16-19.14.52:515][703]LogEditorTransaction: Undo Replace component used material
[2025.12.16-19.14.54:939][926]BlueprintLog: New page: Compile BP_Button
[2025.12.16-19.14.55:027][926]LogUObjectHash: Compacting FUObjectHashTables data took   1.98ms
[2025.12.16-19.14.55:604][976]LogSavePackage: Moving '../../../../../../WORKPLACE/Mini_laboratory/MEPhI_VR_term_1/Mini_laboratory/Saved/BP_ButtonBE8F28814A0CADD8092D3D836E925BD5.tmp' to '../../../../../../WORKPLACE/Mini_laboratory/MEPhI_VR_term_1/Mini_laboratory/Content/Workplace/Blueprints/BP_Button.uasset'
[2025.12.16-19.14.55:620][976]AssetCheck: New page: Asset Save: BP_Button
[2025.12.16-19.14.55:620][976]LogContentValidation: Display: Validating Blueprint /Game/Workplace/Blueprints/BP_Button.BP_Button
[2025.12.16-19.14.56:045][ 23]BlueprintLog: New page: Compile BP_Button
[2025.12.16-19.14.56:104][ 23]LogUObjectHash: Compacting FUObjectHashTables data took   2.33ms
[2025.12.16-19.14.56:568][ 60]LogSavePackage: Moving '../../../../../../WORKPLACE/Mini_laboratory/MEPhI_VR_term_1/Mini_laboratory/Saved/BP_ButtonA12C49D04D78981B635C43B0B35644C4.tmp' to '../../../../../../WORKPLACE/Mini_laboratory/MEPhI_VR_term_1/Mini_laboratory/Content/Workplace/Blueprints/BP_Button.uasset'
[2025.12.16-19.14.56:583][ 60]AssetCheck: New page: Asset Save: BP_Button
[2025.12.16-19.14.56:584][ 60]LogContentValidation: Display: Validating Blueprint /Game/Workplace/Blueprints/BP_Button.BP_Button
[2025.12.16-19.14.56:915][ 96]BlueprintLog: New page: Compile BP_Button
[2025.12.16-19.14.56:966][ 96]LogUObjectHash: Compacting FUObjectHashTables data took   2.34ms
[2025.12.16-19.14.57:349][126]LogSavePackage: Moving '../../../../../../WORKPLACE/Mini_laboratory/MEPhI_VR_term_1/Mini_laboratory/Saved/BP_Button421A1DF64E36D3C8336C13B5CD1054E5.tmp' to '../../../../../../WORKPLACE/Mini_laboratory/MEPhI_VR_term_1/Mini_laboratory/Content/Workplace/Blueprints/BP_Button.uasset'
[2025.12.16-19.14.57:367][126]AssetCheck: New page: Asset Save: BP_Button
[2025.12.16-19.14.57:367][126]LogContentValidation: Display: Validating Blueprint /Game/Workplace/Blueprints/BP_Button.BP_Button
[2025.12.16-19.15.18:355][204]BlueprintLog: New page: Compile BP_Button
[2025.12.16-19.15.18:408][204]LogUObjectHash: Compacting FUObjectHashTables data took   2.19ms
[2025.12.16-19.15.19:023][258]LogSavePackage: Moving '../../../../../../WORKPLACE/Mini_laboratory/MEPhI_VR_term_1/Mini_laboratory/Saved/BP_ButtonB3C8A51E4A11C4C1C77C63B71D0962C0.tmp' to '../../../../../../WORKPLACE/Mini_laboratory/MEPhI_VR_term_1/Mini_laboratory/Content/Workplace/Blueprints/BP_Button.uasset'
[2025.12.16-19.15.19:041][258]AssetCheck: New page: Asset Save: BP_Button
[2025.12.16-19.15.19:041][258]LogContentValidation: Display: Validating Blueprint /Game/Workplace/Blueprints/BP_Button.BP_Button
[2025.12.16-19.15.23:208][677]LogTemp: Repeating last play command: New Editor Window (PIE)
[2025.12.16-19.15.23:214][677]LogPlayLevel: PlayLevel: No blueprints needed recompiling
[2025.12.16-19.15.23:214][677]PIE: New page: PIE session: FirstLevel (17 дек. 2025 г., 01:15:23)
[2025.12.16-19.15.23:214][677]LogPlayLevel: Creating play world package: /Game/Workplace/Maps/UEDPIE_0_FirstLevel
[2025.12.16-19.15.23:219][677]LogPlayLevel: PIE: StaticDuplicateObject took: (0.004838s)
[2025.12.16-19.15.23:221][677]LogAIModule: Creating AISystem for world FirstLevel
[2025.12.16-19.15.23:221][677]LogPlayLevel: PIE: World Init took: (0.002230s)
[2025.12.16-19.15.23:221][677]LogPlayLevel: PIE: Created PIE world by copying editor world from /Game/Workplace/Maps/FirstLevel.FirstLevel to /Game/Workplace/Maps/UEDPIE_0_FirstLevel.FirstLevel (0.007279s)
[2025.12.16-19.15.23:243][677]LogUObjectHash: Compacting FUObjectHashTables data took   2.16ms
[2025.12.16-19.15.23:244][677]LogAudio: Display: Creating Audio Device:                 Id: 10, Scope: Unique, Realtime: True
[2025.12.16-19.15.23:244][677]LogAudioMixer: Display: Audio Mixer Platform Settings:
[2025.12.16-19.15.23:244][677]LogAudioMixer: Display: 	Sample Rate:						  48000
[2025.12.16-19.15.23:244][677]LogAudioMixer: Display: 	Callback Buffer Frame Size Requested: 1024
[2025.12.16-19.15.23:244][677]LogAudioMixer: Display: 	Callback Buffer Frame Size To Use:	  1024
[2025.12.16-19.15.23:244][677]LogAudioMixer: Display: 	Number of buffers to queue:			  2
[2025.12.16-19.15.23:244][677]LogAudioMixer: Display: 	Max Channels (voices):				  32
[2025.12.16-19.15.23:244][677]LogAudioMixer: Display: 	Number of Async Source Workers:		  0
[2025.12.16-19.15.23:244][677]LogAudio: Display: AudioDevice MaxSources: 32
[2025.12.16-19.15.23:245][677]LogAudio: Display: Audio Spatialization Plugin: None (built-in).
[2025.12.16-19.15.23:245][677]LogAudio: Display: Audio Reverb Plugin: None (built-in).
[2025.12.16-19.15.23:245][677]LogAudio: Display: Audio Occlusion Plugin: None (built-in).
[2025.12.16-19.15.23:245][677]LogAudioMixer: Display: Initializing audio mixer.
[2025.12.16-19.15.23:292][677]LogAudioMixer: Display: 0: FrontLeft
[2025.12.16-19.15.23:292][677]LogAudioMixer: Display: 1: FrontRight
[2025.12.16-19.15.23:302][677]LogAudioMixer: Display: Using Audio Device Динамики (Realtek(R) Audio)
[2025.12.16-19.15.23:303][677]LogAudioMixer: Display: Initializing Sound Submixes...
[2025.12.16-19.15.23:303][677]LogAudioMixer: Display: Creating Master Submix 'MasterSubmixDefault'
[2025.12.16-19.15.23:303][677]LogAudioMixer: Display: Creating Master Submix 'MasterReverbSubmixDefault'
[2025.12.16-19.15.23:303][677]LogAudioMixer: Display: Creating Master Submix 'MasterEQSubmixDefault'
[2025.12.16-19.15.23:303][677]LogAudioMixer: FMixerPlatformXAudio2::StartAudioStream() called
[2025.12.16-19.15.23:303][677]LogAudioMixer: Display: Output buffers initialized: Frames=1024, Channels=2, Samples=2048
[2025.12.16-19.15.23:304][677]LogAudioMixer: Display: Starting AudioMixerPlatformInterface::RunInternal()
[2025.12.16-19.15.23:304][677]LogAudioMixer: Display: FMixerPlatformXAudio2::SubmitBuffer() called for the first time
[2025.12.16-19.15.23:304][677]LogInit: FAudioDevice initialized.
[2025.12.16-19.15.23:304][677]LogAudio: Display: Audio Device (ID: 10) registered with world 'FirstLevel'.
[2025.12.16-19.15.23:359][677]LogSlate: Updating window title bar state: overlay mode, drag disabled, window buttons hidden, title bar hidden
[2025.12.16-19.15.23:359][677]LogLoad: Game class is 'BP_GameMode_C'
[2025.12.16-19.15.23:361][677]LogWorld: Bringing World /Game/Workplace/Maps/UEDPIE_0_FirstLevel.FirstLevel up for play (max tick rate 0) at 2025.12.16-22.15.23
[2025.12.16-19.15.23:361][677]LogWorld: Bringing up level for play took: 0.001370
[2025.12.16-19.15.23:361][677]LogOnline: OSS: Creating online subsystem instance for: :Context_36
[2025.12.16-19.15.23:363][677]LogSpawn: Warning: SpawnActor failed because no class was specified
[2025.12.16-19.15.23:366][677]PIE: Server logged in
[2025.12.16-19.15.23:367][677]PIE: Play in editor total start time 0,154 seconds.
[2025.12.16-19.15.27:375][ 61]LogSlate: Updating window title bar state: overlay mode, drag disabled, window buttons hidden, title bar hidden
[2025.12.16-19.15.27:375][ 61]LogWorld: BeginTearingDown for /Game/Workplace/Maps/UEDPIE_0_FirstLevel
[2025.12.16-19.15.27:375][ 61]LogSlate: Window 'Mini_laboratory Preview [NetMode: Standalone]  (64-bit/Windows) ' being destroyed
[2025.12.16-19.15.27:379][ 61]LogWorld: UWorld::CleanupWorld for FirstLevel, bSessionEnded=true, bCleanupResources=true
[2025.12.16-19.15.27:379][ 61]LogSlate: InvalidateAllWidgets triggered.  All widgets were invalidated
[2025.12.16-19.15.27:430][ 61]LogPlayLevel: Display: Shutting down PIE online subsystems
[2025.12.16-19.15.27:443][ 61]LogSlate: InvalidateAllWidgets triggered.  All widgets were invalidated
[2025.12.16-19.15.27:472][ 61]LogAudio: Display: Audio Device unregistered from world 'None'.
[2025.12.16-19.15.27:472][ 61]LogAudioMixer: FMixerPlatformXAudio2::StopAudioStream() called
[2025.12.16-19.15.27:474][ 61]LogAudioMixer: FMixerPlatformXAudio2::StopAudioStream() called
[2025.12.16-19.15.27:481][ 61]LogUObjectHash: Compacting FUObjectHashTables data took   1.76ms
[2025.12.16-19.15.27:499][ 62]LogPlayLevel: Display: Destroying online subsystem :Context_36
[2025.12.16-19.15.42:466][674]BlueprintLog: New page: Compile BP_Button
[2025.12.16-19.15.42:525][674]LogUObjectHash: Compacting FUObjectHashTables data took   1.86ms
[2025.12.16-19.15.43:093][727]LogSavePackage: Moving '../../../../../../WORKPLACE/Mini_laboratory/MEPhI_VR_term_1/Mini_laboratory/Saved/BP_Button2EBCD2A247A56CBAFED39587650069C1.tmp' to '../../../../../../WORKPLACE/Mini_laboratory/MEPhI_VR_term_1/Mini_laboratory/Content/Workplace/Blueprints/BP_Button.uasset'
[2025.12.16-19.15.43:110][727]AssetCheck: New page: Asset Save: BP_Button
[2025.12.16-19.15.43:110][727]LogContentValidation: Display: Validating Blueprint /Game/Workplace/Blueprints/BP_Button.BP_Button
[2025.12.16-19.16.41:366][295]BlueprintLog: New page: Compile BP_Button
[2025.12.16-19.16.41:482][295]LogUObjectHash: Compacting FUObjectHashTables data took   2.43ms
[2025.12.16-19.16.41:915][334]LogSavePackage: Moving '../../../../../../WORKPLACE/Mini_laboratory/MEPhI_VR_term_1/Mini_laboratory/Saved/BP_Button3FC629B84AB1F4EAACB971A1D26813CC.tmp' to '../../../../../../WORKPLACE/Mini_laboratory/MEPhI_VR_term_1/Mini_laboratory/Content/Workplace/Blueprints/BP_Button.uasset'
[2025.12.16-19.16.41:934][334]AssetCheck: New page: Asset Save: BP_Button
[2025.12.16-19.16.41:934][334]LogContentValidation: Display: Validating Blueprint /Game/Workplace/Blueprints/BP_Button.BP_Button
[2025.12.16-19.16.42:274][375]BlueprintLog: New page: Compile BP_Button
[2025.12.16-19.16.42:324][375]LogUObjectHash: Compacting FUObjectHashTables data took   2.29ms
[2025.12.16-19.16.42:730][413]LogSavePackage: Moving '../../../../../../WORKPLACE/Mini_laboratory/MEPhI_VR_term_1/Mini_laboratory/Saved/BP_Button2E029596461753B0116B2A803538FE3B.tmp' to '../../../../../../WORKPLACE/Mini_laboratory/MEPhI_VR_term_1/Mini_laboratory/Content/Workplace/Blueprints/BP_Button.uasset'
[2025.12.16-19.16.42:746][413]AssetCheck: New page: Asset Save: BP_Button
[2025.12.16-19.16.42:746][413]LogContentValidation: Display: Validating Blueprint /Game/Workplace/Blueprints/BP_Button.BP_Button
[2025.12.16-19.16.43:061][450]BlueprintLog: New page: Compile BP_Button
[2025.12.16-19.16.43:110][450]LogUObjectHash: Compacting FUObjectHashTables data took   2.33ms
[2025.12.16-19.16.43:560][489]LogSavePackage: Moving '../../../../../../WORKPLACE/Mini_laboratory/MEPhI_VR_term_1/Mini_laboratory/Saved/BP_ButtonDB35FF8E41090252194F67B14893EC05.tmp' to '../../../../../../WORKPLACE/Mini_laboratory/MEPhI_VR_term_1/Mini_laboratory/Content/Workplace/Blueprints/BP_Button.uasset'
[2025.12.16-19.16.43:578][489]AssetCheck: New page: Asset Save: BP_Button
[2025.12.16-19.16.43:578][489]LogContentValidation: Display: Validating Blueprint /Game/Workplace/Blueprints/BP_Button.BP_Button
[2025.12.16-19.16.43:877][525]BlueprintLog: New page: Compile BP_Button
[2025.12.16-19.16.43:928][525]LogUObjectHash: Compacting FUObjectHashTables data took   2.32ms
[2025.12.16-19.16.44:358][563]LogSavePackage: Moving '../../../../../../WORKPLACE/Mini_laboratory/MEPhI_VR_term_1/Mini_laboratory/Saved/BP_Button97555E9F4ECDA6481FB27A9EDE58871E.tmp' to '../../../../../../WORKPLACE/Mini_laboratory/MEPhI_VR_term_1/Mini_laboratory/Content/Workplace/Blueprints/BP_Button.uasset'
[2025.12.16-19.16.44:375][563]AssetCheck: New page: Asset Save: BP_Button
[2025.12.16-19.16.44:375][563]LogContentValidation: Display: Validating Blueprint /Game/Workplace/Blueprints/BP_Button.BP_Button
[2025.12.16-19.16.44:635][593]BlueprintLog: New page: Compile BP_Button
[2025.12.16-19.16.44:684][593]LogUObjectHash: Compacting FUObjectHashTables data took   2.31ms
[2025.12.16-19.16.45:057][627]LogSavePackage: Moving '../../../../../../WORKPLACE/Mini_laboratory/MEPhI_VR_term_1/Mini_laboratory/Saved/BP_ButtonA17E00004E99F487605675BB4007B0DF.tmp' to '../../../../../../WORKPLACE/Mini_laboratory/MEPhI_VR_term_1/Mini_laboratory/Content/Workplace/Blueprints/BP_Button.uasset'
[2025.12.16-19.16.45:074][627]AssetCheck: New page: Asset Save: BP_Button
[2025.12.16-19.16.45:074][627]LogContentValidation: Display: Validating Blueprint /Game/Workplace/Blueprints/BP_Button.BP_Button
[2025.12.16-19.16.45:447][671]BlueprintLog: New page: Compile BP_Button
[2025.12.16-19.16.45:544][671]LogUObjectHash: Compacting FUObjectHashTables data took   2.37ms
[2025.12.16-19.16.45:887][704]LogSavePackage: Moving '../../../../../../WORKPLACE/Mini_laboratory/MEPhI_VR_term_1/Mini_laboratory/Saved/BP_ButtonD7A7A06B45E10CE62253EEB80AC9F6E5.tmp' to '../../../../../../WORKPLACE/Mini_laboratory/MEPhI_VR_term_1/Mini_laboratory/Content/Workplace/Blueprints/BP_Button.uasset'
[2025.12.16-19.16.45:903][704]AssetCheck: New page: Asset Save: BP_Button
[2025.12.16-19.16.45:903][704]LogContentValidation: Display: Validating Blueprint /Game/Workplace/Blueprints/BP_Button.BP_Button
[2025.12.16-19.16.46:254][746]BlueprintLog: New page: Compile BP_Button
[2025.12.16-19.16.46:302][746]LogUObjectHash: Compacting FUObjectHashTables data took   2.30ms
[2025.12.16-19.16.46:734][788]LogSavePackage: Moving '../../../../../../WORKPLACE/Mini_laboratory/MEPhI_VR_term_1/Mini_laboratory/Saved/BP_Button6B6A959349B2478F3823B2ACB2C26D7F.tmp' to '../../../../../../WORKPLACE/Mini_laboratory/MEPhI_VR_term_1/Mini_laboratory/Content/Workplace/Blueprints/BP_Button.uasset'
[2025.12.16-19.16.46:750][788]AssetCheck: New page: Asset Save: BP_Button
[2025.12.16-19.16.46:750][788]LogContentValidation: Display: Validating Blueprint /Game/Workplace/Blueprints/BP_Button.BP_Button
[2025.12.16-19.16.47:118][831]BlueprintLog: New page: Compile BP_Button
[2025.12.16-19.16.47:223][831]LogUObjectHash: Compacting FUObjectHashTables data took   2.29ms
[2025.12.16-19.16.48:383][940]LogWorld: UWorld::CleanupWorld for World_93, bSessionEnded=true, bCleanupResources=true
[2025.12.16-19.16.48:383][940]LogSlate: InvalidateAllWidgets triggered.  All widgets were invalidated
[2025.12.16-19.16.51:381][230]BlueprintLog: New page: Compile GlobalVariables
[2025.12.16-19.16.51:416][230]LogUObjectHash: Compacting FUObjectHashTables data took   2.58ms
[2025.12.16-19.16.51:920][281]LogSavePackage: Moving '../../../../../../WORKPLACE/Mini_laboratory/MEPhI_VR_term_1/Mini_laboratory/Saved/GlobalVariables19F58F1447FA5072976E37A444A06B54.tmp' to '../../../../../../WORKPLACE/Mini_laboratory/MEPhI_VR_term_1/Mini_laboratory/Content/Workplace/Blueprints/GlobalVariables.uasset'
[2025.12.16-19.16.51:934][281]AssetCheck: New page: Asset Save: GlobalVariables
[2025.12.16-19.16.51:934][281]LogContentValidation: Display: Validating Blueprint /Game/Workplace/Blueprints/GlobalVariables.GlobalVariables
[2025.12.16-19.16.54:383][547]LogUObjectHash: Compacting FUObjectHashTables data took   4.30ms
[2025.12.16-19.16.54:416][547]LogSavePackage: Moving '../../../../../../WORKPLACE/Mini_laboratory/MEPhI_VR_term_1/Mini_laboratory/Saved/FirstLevelF8F9A1144CF921581D344BA8D2BD991A.tmp' to '../../../../../../WORKPLACE/Mini_laboratory/MEPhI_VR_term_1/Mini_laboratory/Content/Workplace/Maps/FirstLevel.umap'
[2025.12.16-19.16.54:435][547]LogSavePackage: Moving '../../../../../../WORKPLACE/Mini_laboratory/MEPhI_VR_term_1/Mini_laboratory/Saved/FirstLevel_BuiltData03A6BE374FB032E7FE3EA0AFA352E03D.tmp' to '../../../../../../WORKPLACE/Mini_laboratory/MEPhI_VR_term_1/Mini_laboratory/Content/Workplace/Maps/FirstLevel_BuiltData.uasset'
[2025.12.16-19.16.54:450][547]AssetCheck: New page: Asset Save: multiple assets
[2025.12.16-19.16.54:450][547]LogContentValidation: Display: Validating MapBuildDataRegistry /Game/Workplace/Maps/FirstLevel_BuiltData.FirstLevel_BuiltData
[2025.12.16-19.16.54:450][547]LogContentValidation: Display: Validating World /Game/Workplace/Maps/FirstLevel.FirstLevel
[2025.12.16-19.16.57:653][909]LogEditorViewport: Clicking on Actor (LMB): BP_Button_C (Reload_Button)
[2025.12.16-19.16.58:270][978]LogEditorViewport: Clicking on Actor (LMB): BP_Button_C (BP_Button2)
[2025.12.16-19.17.00:187][156]LogEditorViewport: Clicking on Actor (LMB): BP_Button_C (BP_Button2)
[2025.12.16-19.17.05:185][532]LogEditorViewport: Clicking on Actor (LMB): StaticMeshActor (Floor)
[2025.12.16-19.17.05:911][609]LogEditorViewport: Clicking on Actor (LMB): BP_Button_C (BP_Button2)
[2025.12.16-19.17.33:941][430]LogUObjectHash: Compacting FUObjectHashTables data took   1.81ms
[2025.12.16-19.17.33:970][430]LogSavePackage: Moving '../../../../../../WORKPLACE/Mini_laboratory/MEPhI_VR_term_1/Mini_laboratory/Saved/FirstLevelA8ED359145665E6598ECCDAFF2889888.tmp' to '../../../../../../WORKPLACE/Mini_laboratory/MEPhI_VR_term_1/Mini_laboratory/Content/Workplace/Maps/FirstLevel.umap'
[2025.12.16-19.17.33:987][430]LogSavePackage: Moving '../../../../../../WORKPLACE/Mini_laboratory/MEPhI_VR_term_1/Mini_laboratory/Saved/FirstLevel_BuiltData0DAFBCFB4A267284ABC952B16DC1C811.tmp' to '../../../../../../WORKPLACE/Mini_laboratory/MEPhI_VR_term_1/Mini_laboratory/Content/Workplace/Maps/FirstLevel_BuiltData.uasset'
[2025.12.16-19.17.34:007][430]AssetCheck: New page: Asset Save: multiple assets
[2025.12.16-19.17.34:007][430]LogContentValidation: Display: Validating MapBuildDataRegistry /Game/Workplace/Maps/FirstLevel_BuiltData.FirstLevel_BuiltData
[2025.12.16-19.17.34:007][430]LogContentValidation: Display: Validating World /Game/Workplace/Maps/FirstLevel.FirstLevel
[2025.12.16-19.17.35:717][576]LogUObjectHash: Compacting FUObjectHashTables data took   1.55ms
[2025.12.16-19.17.38:144][807]LogUObjectHash: Compacting FUObjectHashTables data took   1.41ms
[2025.12.16-19.17.43:664][412]BlueprintLog: New page: Compile GlobalVariables
[2025.12.16-19.17.43:692][412]LogUObjectHash: Compacting FUObjectHashTables data took   1.82ms
[2025.12.16-19.17.44:193][465]LogSavePackage: Moving '../../../../../../WORKPLACE/Mini_laboratory/MEPhI_VR_term_1/Mini_laboratory/Saved/GlobalVariablesF85CB3A042FC96B43E360F826C8B5B93.tmp' to '../../../../../../WORKPLACE/Mini_laboratory/MEPhI_VR_term_1/Mini_laboratory/Content/Workplace/Blueprints/GlobalVariables.uasset'
[2025.12.16-19.17.44:207][465]AssetCheck: New page: Asset Save: GlobalVariables
[2025.12.16-19.17.44:207][465]LogContentValidation: Display: Validating Blueprint /Game/Workplace/Blueprints/GlobalVariables.GlobalVariables
[2025.12.16-19.17.44:595][511]BlueprintLog: New page: Compile GlobalVariables
[2025.12.16-19.17.44:624][511]LogUObjectHash: Compacting FUObjectHashTables data took   2.25ms
[2025.12.16-19.17.44:976][548]LogSavePackage: Moving '../../../../../../WORKPLACE/Mini_laboratory/MEPhI_VR_term_1/Mini_laboratory/Saved/GlobalVariables0E2663DB4FA7146DF12F33A5CA17C22F.tmp' to '../../../../../../WORKPLACE/Mini_laboratory/MEPhI_VR_term_1/Mini_laboratory/Content/Workplace/Blueprints/GlobalVariables.uasset'
[2025.12.16-19.17.44:989][548]AssetCheck: New page: Asset Save: GlobalVariables
[2025.12.16-19.17.44:989][548]LogContentValidation: Display: Validating Blueprint /Game/Workplace/Blueprints/GlobalVariables.GlobalVariables
[2025.12.16-19.17.48:642][885]LogAssetEditorSubsystem: Opening Asset editor for LevelScriptBlueprint /Game/Workplace/Maps/FirstLevel.FirstLevel:PersistentLevel.FirstLevel
[2025.12.16-19.18.57:110][419]LogEditorClassViewer: Warning: Class /Engine/Tutorial/InWorldBlueprintEditing/TutorialAssets/IWBE_Blutility.IWBE_Blutility_C has parent /Script/Blutility.PlacedEditorUtilityBase, but this parent is not found. The Class will not be shown in ClassViewer.
[2025.12.16-19.18.58:269][419]LogSlate: Window 'Pick Parent Class' being destroyed
[2025.12.16-19.18.58:337][419]LogContentBrowser: Deferred new asset file creation: NewBlueprint
[2025.12.16-19.18.58:419][419]LogContentBrowser: Creating deferred item: NewBlueprint
[2025.12.16-19.19.06:821][392]LogContentBrowser: Attempting asset rename: NewBlueprint -> BP_3DPrinter
[2025.12.16-19.19.06:880][392]LogContentBrowser: End creating deferred item NewBlueprint
[2025.12.16-19.19.10:066][645]LogUObjectHash: Compacting FUObjectHashTables data took   2.53ms
[2025.12.16-19.19.10:091][645]LogSavePackage: Moving '../../../../../../WORKPLACE/Mini_laboratory/MEPhI_VR_term_1/Mini_laboratory/Saved/FirstLevel2BEDE583474FC0991960C4BC454E5CA2.tmp' to '../../../../../../WORKPLACE/Mini_laboratory/MEPhI_VR_term_1/Mini_laboratory/Content/Workplace/Maps/FirstLevel.umap'
[2025.12.16-19.19.10:108][645]LogSavePackage: Moving '../../../../../../WORKPLACE/Mini_laboratory/MEPhI_VR_term_1/Mini_laboratory/Saved/FirstLevel_BuiltData47112EA544FAD0CC38B29EBF7F343CF3.tmp' to '../../../../../../WORKPLACE/Mini_laboratory/MEPhI_VR_term_1/Mini_laboratory/Content/Workplace/Maps/FirstLevel_BuiltData.uasset'
[2025.12.16-19.19.10:125][645]AssetCheck: New page: Asset Save: multiple assets
[2025.12.16-19.19.10:125][645]LogContentValidation: Display: Validating MapBuildDataRegistry /Game/Workplace/Maps/FirstLevel_BuiltData.FirstLevel_BuiltData
[2025.12.16-19.19.10:125][645]LogContentValidation: Display: Validating World /Game/Workplace/Maps/FirstLevel.FirstLevel
[2025.12.16-19.19.12:105][798]LogUObjectHash: Compacting FUObjectHashTables data took   0.45ms
[2025.12.16-19.19.12:166][798]LogSavePackage: Moving '../../../../../../WORKPLACE/Mini_laboratory/MEPhI_VR_term_1/Mini_laboratory/Saved/BP_3DPrinterA1D4A35540839AD12A17479A7A03E092.tmp' to '../../../../../../WORKPLACE/Mini_laboratory/MEPhI_VR_term_1/Mini_laboratory/Content/Workplace/Blueprints/BP_3DPrinter.uasset'
[2025.12.16-19.19.12:188][798]AssetCheck: New page: Asset Save: BP_3DPrinter
[2025.12.16-19.19.12:188][798]LogContentValidation: Display: Validating Blueprint /Game/Workplace/Blueprints/BP_3DPrinter.BP_3DPrinter
[2025.12.16-19.19.13:771][926]LogUObjectHash: Compacting FUObjectHashTables data took   1.96ms
[2025.12.16-19.19.15:648][ 90]LogUObjectHash: Compacting FUObjectHashTables data took   1.38ms
[2025.12.16-19.19.17:159][215]LogUObjectHash: Compacting FUObjectHashTables data took   1.38ms
[2025.12.16-19.19.18:671][360]LogUObjectHash: Compacting FUObjectHashTables data took   1.39ms
[2025.12.16-19.19.20:100][478]LogUObjectHash: Compacting FUObjectHashTables data took   1.39ms
[2025.12.16-19.19.21:429][590]LogUObjectHash: Compacting FUObjectHashTables data took   1.31ms
[2025.12.16-19.19.22:913][735]LogUObjectHash: Compacting FUObjectHashTables data took   1.31ms
[2025.12.16-19.19.24:370][879]LogUObjectHash: Compacting FUObjectHashTables data took   1.35ms
[2025.12.16-19.19.26:085][ 27]LogUObjectHash: Compacting FUObjectHashTables data took   1.45ms
[2025.12.16-19.19.28:162][241]LogUObjectHash: Compacting FUObjectHashTables data took   1.39ms
[2025.12.16-19.19.29:740][370]LogUObjectHash: Compacting FUObjectHashTables data took   1.39ms
[2025.12.16-19.19.33:261][623]LogAssetEditorSubsystem: Opening Asset editor for Blueprint /Game/Workplace/Blueprints/BP_3DPrinter.BP_3DPrinter
[2025.12.16-19.19.43:568][273]BlueprintLog: New page: Compile BP_3DPrinter
[2025.12.16-19.19.43:613][273]LogUObjectHash: Compacting FUObjectHashTables data took   2.12ms
[2025.12.16-19.19.44:184][305]LogSavePackage: Moving '../../../../../../WORKPLACE/Mini_laboratory/MEPhI_VR_term_1/Mini_laboratory/Saved/BP_3DPrinter7BDDBEA14F7CFEE3A88AB5B1697C149C.tmp' to '../../../../../../WORKPLACE/Mini_laboratory/MEPhI_VR_term_1/Mini_laboratory/Content/Workplace/Blueprints/BP_3DPrinter.uasset'
[2025.12.16-19.19.44:203][305]AssetCheck: New page: Asset Save: BP_3DPrinter
[2025.12.16-19.19.44:203][305]LogContentValidation: Display: Validating Blueprint /Game/Workplace/Blueprints/BP_3DPrinter.BP_3DPrinter
[2025.12.16-19.20.30:513][350]LogSlate: Window 'BP_3DPrinter' being destroyed
[2025.12.16-19.21.35:626][700]BlueprintLog: New page: Compile BP_3DPrinter
[2025.12.16-19.21.35:663][700]LogUObjectHash: Compacting FUObjectHashTables data took   2.03ms
[2025.12.16-19.21.36:636][790]LogSavePackage: Moving '../../../../../../WORKPLACE/Mini_laboratory/MEPhI_VR_term_1/Mini_laboratory/Saved/BP_3DPrinter272D32D74359ACE48ADA0A9846FA54B9.tmp' to '../../../../../../WORKPLACE/Mini_laboratory/MEPhI_VR_term_1/Mini_laboratory/Content/Workplace/Blueprints/BP_3DPrinter.uasset'
[2025.12.16-19.21.36:653][790]AssetCheck: New page: Asset Save: BP_3DPrinter
[2025.12.16-19.21.36:653][790]LogContentValidation: Display: Validating Blueprint /Game/Workplace/Blueprints/BP_3DPrinter.BP_3DPrinter
[2025.12.16-19.21.37:122][845]BlueprintLog: New page: Compile BP_3DPrinter
[2025.12.16-19.21.37:161][845]LogUObjectHash: Compacting FUObjectHashTables data took   2.12ms
[2025.12.16-19.21.37:709][900]LogSavePackage: Moving '../../../../../../WORKPLACE/Mini_laboratory/MEPhI_VR_term_1/Mini_laboratory/Saved/BP_3DPrinter426E965C4B7199533ABF42B5ECBF8A77.tmp' to '../../../../../../WORKPLACE/Mini_laboratory/MEPhI_VR_term_1/Mini_laboratory/Content/Workplace/Blueprints/BP_3DPrinter.uasset'
[2025.12.16-19.21.37:722][900]AssetCheck: New page: Asset Save: BP_3DPrinter
[2025.12.16-19.21.37:722][900]LogContentValidation: Display: Validating Blueprint /Game/Workplace/Blueprints/BP_3DPrinter.BP_3DPrinter
[2025.12.16-19.21.38:126][946]BlueprintLog: New page: Compile BP_3DPrinter
[2025.12.16-19.21.38:165][946]LogUObjectHash: Compacting FUObjectHashTables data took   2.15ms
[2025.12.16-19.21.38:588][992]LogSavePackage: Moving '../../../../../../WORKPLACE/Mini_laboratory/MEPhI_VR_term_1/Mini_laboratory/Saved/BP_3DPrinter743B52CE437303BA2D9123A913BF6490.tmp' to '../../../../../../WORKPLACE/Mini_laboratory/MEPhI_VR_term_1/Mini_laboratory/Content/Workplace/Blueprints/BP_3DPrinter.uasset'
[2025.12.16-19.21.38:601][992]AssetCheck: New page: Asset Save: BP_3DPrinter
[2025.12.16-19.21.38:601][992]LogContentValidation: Display: Validating Blueprint /Game/Workplace/Blueprints/BP_3DPrinter.BP_3DPrinter
[2025.12.16-19.21.39:017][ 40]BlueprintLog: New page: Compile BP_3DPrinter
[2025.12.16-19.21.39:055][ 40]LogUObjectHash: Compacting FUObjectHashTables data took   2.10ms
[2025.12.16-19.21.48:778][ 80]LogSlate: Prevented a slow task dialog from being summoned while a context menu was open
[2025.12.16-19.21.48:796][ 80]LogEditorClassViewer: Warning: Class /Engine/Tutorial/InWorldBlueprintEditing/TutorialAssets/IWBE_Blutility.IWBE_Blutility_C has parent /Script/Blutility.PlacedEditorUtilityBase, but this parent is not found. The Class will not be shown in ClassViewer.
[2025.12.16-19.21.57:711][  4]BlueprintLog: New page: Compile BP_3DPrinter
[2025.12.16-19.21.57:756][  4]LogUObjectHash: Compacting FUObjectHashTables data took   2.08ms
[2025.12.16-19.21.58:440][ 69]LogSavePackage: Moving '../../../../../../WORKPLACE/Mini_laboratory/MEPhI_VR_term_1/Mini_laboratory/Saved/BP_3DPrinter85179CFA4B6C3ACB060CB599D174BF40.tmp' to '../../../../../../WORKPLACE/Mini_laboratory/MEPhI_VR_term_1/Mini_laboratory/Content/Workplace/Blueprints/BP_3DPrinter.uasset'
[2025.12.16-19.21.58:455][ 69]AssetCheck: New page: Asset Save: BP_3DPrinter
[2025.12.16-19.21.58:455][ 69]LogContentValidation: Display: Validating Blueprint /Game/Workplace/Blueprints/BP_3DPrinter.BP_3DPrinter
[2025.12.16-19.21.59:233][158]BlueprintLog: New page: Compile BP_3DPrinter
[2025.12.16-19.21.59:272][158]LogUObjectHash: Compacting FUObjectHashTables data took   2.18ms
[2025.12.16-19.21.59:880][221]LogSavePackage: Moving '../../../../../../WORKPLACE/Mini_laboratory/MEPhI_VR_term_1/Mini_laboratory/Saved/BP_3DPrinterE1BB84B44AB4D9BCC43CEB9DF76BC70C.tmp' to '../../../../../../WORKPLACE/Mini_laboratory/MEPhI_VR_term_1/Mini_laboratory/Content/Workplace/Blueprints/BP_3DPrinter.uasset'
[2025.12.16-19.21.59:894][221]AssetCheck: New page: Asset Save: BP_3DPrinter
[2025.12.16-19.21.59:894][221]LogContentValidation: Display: Validating Blueprint /Game/Workplace/Blueprints/BP_3DPrinter.BP_3DPrinter
[2025.12.16-19.22.04:023][631]LogEditorViewport: Clicking on Actor (LMB): StaticMeshActor (Floor)
[2025.12.16-19.22.04:656][697]LogEditorViewport: Clicking on Actor (LMB): BP_Button_C (StartPhase1_Button)
[2025.12.16-19.22.05:865][831]Cmd: DELETE
[2025.12.16-19.22.05:866][831]Cmd: ACTOR DELETE
[2025.12.16-19.22.05:889][831]LogEditorActor: Deleted Actor: BP_Button_C
[2025.12.16-19.22.05:915][831]LogUObjectHash: Compacting FUObjectHashTables data took   3.55ms
[2025.12.16-19.22.05:917][831]LogEditorActor: Deleted 1 Actors (0.031 secs)
[2025.12.16-19.22.10:338][219]LogUObjectHash: Compacting FUObjectHashTables data took   0.44ms
[2025.12.16-19.22.10:422][219]LogUObjectHash: Compacting FUObjectHashTables data took   0.44ms
[2025.12.16-19.22.10:444][219]LogSavePackage: Moving '../../../../../../WORKPLACE/Mini_laboratory/MEPhI_VR_term_1/Mini_laboratory/Saved/FirstLevelFB821F264C1285A379AB31961AC0D660.tmp' to '../../../../../../WORKPLACE/Mini_laboratory/MEPhI_VR_term_1/Mini_laboratory/Content/Workplace/Maps/FirstLevel.umap'
[2025.12.16-19.22.10:449][219]LogFileHelpers: Saving map 'FirstLevel' took 0.050
[2025.12.16-19.22.10:467][219]AssetCheck: New page: Asset Save: FirstLevel
[2025.12.16-19.22.10:467][219]LogContentValidation: Display: Validating World /Game/Workplace/Maps/FirstLevel.FirstLevel
[2025.12.16-19.22.46:572][232]BlueprintLog: New page: Compile FirstLevel
[2025.12.16-19.22.46:616][232]LogUObjectHash: Compacting FUObjectHashTables data took   1.96ms
[2025.12.16-19.22.47:269][289]LogUObjectHash: Compacting FUObjectHashTables data took   0.44ms
[2025.12.16-19.22.47:295][289]LogSavePackage: Moving '../../../../../../WORKPLACE/Mini_laboratory/MEPhI_VR_term_1/Mini_laboratory/Saved/FirstLevelBA5B9F5F44C5C91DFA2576AE64A6FDC3.tmp' to '../../../../../../WORKPLACE/Mini_laboratory/MEPhI_VR_term_1/Mini_laboratory/Content/Workplace/Maps/FirstLevel.umap'
[2025.12.16-19.22.47:300][289]LogFileHelpers: Saving map 'FirstLevel' took 0.053
[2025.12.16-19.22.47:317][289]AssetCheck: New page: Asset Save: FirstLevel
[2025.12.16-19.22.47:317][289]LogContentValidation: Display: Validating World /Game/Workplace/Maps/FirstLevel.FirstLevel
[2025.12.16-19.22.47:662][329]BlueprintLog: New page: Compile FirstLevel
[2025.12.16-19.22.47:706][329]LogUObjectHash: Compacting FUObjectHashTables data took   2.02ms
[2025.12.16-19.22.48:168][369]LogUObjectHash: Compacting FUObjectHashTables data took   0.46ms
[2025.12.16-19.22.48:193][369]LogSavePackage: Moving '../../../../../../WORKPLACE/Mini_laboratory/MEPhI_VR_term_1/Mini_laboratory/Saved/FirstLevelCB997BDE4A55F6658FEC1A92AC82B9AA.tmp' to '../../../../../../WORKPLACE/Mini_laboratory/MEPhI_VR_term_1/Mini_laboratory/Content/Workplace/Maps/FirstLevel.umap'
[2025.12.16-19.22.48:197][369]LogFileHelpers: Saving map 'FirstLevel' took 0.053
[2025.12.16-19.22.48:212][369]AssetCheck: New page: Asset Save: FirstLevel
[2025.12.16-19.22.48:212][369]LogContentValidation: Display: Validating World /Game/Workplace/Maps/FirstLevel.FirstLevel
[2025.12.16-19.22.48:582][409]BlueprintLog: New page: Compile FirstLevel
[2025.12.16-19.22.48:627][409]LogUObjectHash: Compacting FUObjectHashTables data took   1.90ms
[2025.12.16-19.22.49:298][471]LogUObjectHash: Compacting FUObjectHashTables data took   0.45ms
[2025.12.16-19.22.49:360][471]LogSavePackage: Moving '../../../../../../WORKPLACE/Mini_laboratory/MEPhI_VR_term_1/Mini_laboratory/Saved/FirstLevelA0130E9D44AC56CCA75BE998FAAFFB31.tmp' to '../../../../../../WORKPLACE/Mini_laboratory/MEPhI_VR_term_1/Mini_laboratory/Content/Workplace/Maps/FirstLevel.umap'
[2025.12.16-19.22.49:363][471]LogFileHelpers: Saving map 'FirstLevel' took 0.089
[2025.12.16-19.22.49:380][471]AssetCheck: New page: Asset Save: FirstLevel
[2025.12.16-19.22.49:380][471]LogContentValidation: Display: Validating World /Game/Workplace/Maps/FirstLevel.FirstLevel
[2025.12.16-19.22.49:738][509]BlueprintLog: New page: Compile FirstLevel
[2025.12.16-19.22.49:782][509]LogUObjectHash: Compacting FUObjectHashTables data took   1.89ms
[2025.12.16-19.22.50:217][545]LogUObjectHash: Compacting FUObjectHashTables data took   0.43ms
[2025.12.16-19.22.50:242][545]LogSavePackage: Moving '../../../../../../WORKPLACE/Mini_laboratory/MEPhI_VR_term_1/Mini_laboratory/Saved/FirstLevelCFAB0A9C4A37CA17DE557C93C2D18AF5.tmp' to '../../../../../../WORKPLACE/Mini_laboratory/MEPhI_VR_term_1/Mini_laboratory/Content/Workplace/Maps/FirstLevel.umap'
[2025.12.16-19.22.50:246][545]LogFileHelpers: Saving map 'FirstLevel' took 0.055
[2025.12.16-19.22.50:261][545]AssetCheck: New page: Asset Save: FirstLevel
[2025.12.16-19.22.50:261][545]LogContentValidation: Display: Validating World /Game/Workplace/Maps/FirstLevel.FirstLevel
[2025.12.16-19.22.50:768][597]BlueprintLog: New page: Compile FirstLevel
[2025.12.16-19.22.50:845][597]LogUObjectHash: Compacting FUObjectHashTables data took   3.21ms
[2025.12.16-19.22.51:442][635]LogUObjectHash: Compacting FUObjectHashTables data took   0.44ms
[2025.12.16-19.22.51:467][635]LogSavePackage: Moving '../../../../../../WORKPLACE/Mini_laboratory/MEPhI_VR_term_1/Mini_laboratory/Saved/FirstLevel3C472D46445EFBFEE36E738DA896E662.tmp' to '../../../../../../WORKPLACE/Mini_laboratory/MEPhI_VR_term_1/Mini_laboratory/Content/Workplace/Maps/FirstLevel.umap'
[2025.12.16-19.22.51:471][635]LogFileHelpers: Saving map 'FirstLevel' took 0.052
[2025.12.16-19.22.51:487][635]AssetCheck: New page: Asset Save: FirstLevel
[2025.12.16-19.22.51:487][635]LogContentValidation: Display: Validating World /Game/Workplace/Maps/FirstLevel.FirstLevel
[2025.12.16-19.22.52:063][697]BlueprintLog: New page: Compile FirstLevel
[2025.12.16-19.22.52:107][697]LogUObjectHash: Compacting FUObjectHashTables data took   1.90ms
[2025.12.16-19.22.52:555][736]LogUObjectHash: Compacting FUObjectHashTables data took   0.44ms
[2025.12.16-19.22.52:580][736]LogSavePackage: Moving '../../../../../../WORKPLACE/Mini_laboratory/MEPhI_VR_term_1/Mini_laboratory/Saved/FirstLevel9548DE744B014596006A9BA8FF2FDDC9.tmp' to '../../../../../../WORKPLACE/Mini_laboratory/MEPhI_VR_term_1/Mini_laboratory/Content/Workplace/Maps/FirstLevel.umap'
[2025.12.16-19.22.52:584][736]LogFileHelpers: Saving map 'FirstLevel' took 0.052
[2025.12.16-19.22.52:601][736]AssetCheck: New page: Asset Save: FirstLevel
[2025.12.16-19.22.52:601][736]LogContentValidation: Display: Validating World /Game/Workplace/Maps/FirstLevel.FirstLevel
[2025.12.16-19.23.00:015][577]BlueprintLog: New page: Compile FirstLevel
[2025.12.16-19.23.00:059][577]LogUObjectHash: Compacting FUObjectHashTables data took   2.34ms
[2025.12.16-19.23.00:567][621]LogUObjectHash: Compacting FUObjectHashTables data took   0.45ms
[2025.12.16-19.23.00:592][621]LogSavePackage: Moving '../../../../../../WORKPLACE/Mini_laboratory/MEPhI_VR_term_1/Mini_laboratory/Saved/FirstLevel961856454E2638062577E8BABAF035BB.tmp' to '../../../../../../WORKPLACE/Mini_laboratory/MEPhI_VR_term_1/Mini_laboratory/Content/Workplace/Maps/FirstLevel.umap'
[2025.12.16-19.23.00:596][621]LogFileHelpers: Saving map 'FirstLevel' took 0.052
[2025.12.16-19.23.00:611][621]AssetCheck: New page: Asset Save: FirstLevel
[2025.12.16-19.23.00:612][621]LogContentValidation: Display: Validating World /Game/Workplace/Maps/FirstLevel.FirstLevel
[2025.12.16-19.23.00:973][659]BlueprintLog: New page: Compile FirstLevel
[2025.12.16-19.23.01:015][659]LogUObjectHash: Compacting FUObjectHashTables data took   1.94ms
[2025.12.16-19.23.01:824][723]LogUObjectHash: Compacting FUObjectHashTables data took   0.51ms
[2025.12.16-19.23.01:850][723]LogSavePackage: Moving '../../../../../../WORKPLACE/Mini_laboratory/MEPhI_VR_term_1/Mini_laboratory/Saved/FirstLevelEE3D481941A00CC26D494996BFEEAE52.tmp' to '../../../../../../WORKPLACE/Mini_laboratory/MEPhI_VR_term_1/Mini_laboratory/Content/Workplace/Maps/FirstLevel.umap'
[2025.12.16-19.23.01:854][723]LogFileHelpers: Saving map 'FirstLevel' took 0.069
[2025.12.16-19.23.01:869][723]AssetCheck: New page: Asset Save: FirstLevel
[2025.12.16-19.23.01:869][723]LogContentValidation: Display: Validating World /Game/Workplace/Maps/FirstLevel.FirstLevel
[2025.12.16-19.23.02:097][750]BlueprintLog: New page: Compile FirstLevel
[2025.12.16-19.23.02:143][750]LogUObjectHash: Compacting FUObjectHashTables data took   1.91ms
[2025.12.16-19.23.02:777][805]LogUObjectHash: Compacting FUObjectHashTables data took   0.43ms
[2025.12.16-19.23.02:802][805]LogSavePackage: Moving '../../../../../../WORKPLACE/Mini_laboratory/MEPhI_VR_term_1/Mini_laboratory/Saved/FirstLevelE4E448DB44CF73523947FF8C6E7DB412.tmp' to '../../../../../../WORKPLACE/Mini_laboratory/MEPhI_VR_term_1/Mini_laboratory/Content/Workplace/Maps/FirstLevel.umap'
[2025.12.16-19.23.02:806][805]LogFileHelpers: Saving map 'FirstLevel' took 0.052
[2025.12.16-19.23.02:822][805]AssetCheck: New page: Asset Save: FirstLevel
[2025.12.16-19.23.02:822][805]LogContentValidation: Display: Validating World /Game/Workplace/Maps/FirstLevel.FirstLevel
[2025.12.16-19.23.03:146][841]BlueprintLog: New page: Compile FirstLevel
[2025.12.16-19.23.03:189][841]LogUObjectHash: Compacting FUObjectHashTables data took   1.83ms
[2025.12.16-19.23.03:692][887]LogUObjectHash: Compacting FUObjectHashTables data took   0.44ms
[2025.12.16-19.23.03:716][887]LogSavePackage: Moving '../../../../../../WORKPLACE/Mini_laboratory/MEPhI_VR_term_1/Mini_laboratory/Saved/FirstLevelB8C60A9145F31A8091B1EF91971161D3.tmp' to '../../../../../../WORKPLACE/Mini_laboratory/MEPhI_VR_term_1/Mini_laboratory/Content/Workplace/Maps/FirstLevel.umap'
[2025.12.16-19.23.03:721][887]LogFileHelpers: Saving map 'FirstLevel' took 0.051
[2025.12.16-19.23.03:736][887]AssetCheck: New page: Asset Save: FirstLevel
[2025.12.16-19.23.03:736][887]LogContentValidation: Display: Validating World /Game/Workplace/Maps/FirstLevel.FirstLevel
[2025.12.16-19.23.04:033][921]BlueprintLog: New page: Compile FirstLevel
[2025.12.16-19.23.04:074][921]LogUObjectHash: Compacting FUObjectHashTables data took   1.90ms
[2025.12.16-19.23.04:541][962]LogUObjectHash: Compacting FUObjectHashTables data took   0.46ms
[2025.12.16-19.23.04:566][962]LogSavePackage: Moving '../../../../../../WORKPLACE/Mini_laboratory/MEPhI_VR_term_1/Mini_laboratory/Saved/FirstLevel6D290F334EC34F6E6D58609DDE13F0CA.tmp' to '../../../../../../WORKPLACE/Mini_laboratory/MEPhI_VR_term_1/Mini_laboratory/Content/Workplace/Maps/FirstLevel.umap'
[2025.12.16-19.23.04:570][962]LogFileHelpers: Saving map 'FirstLevel' took 0.052
[2025.12.16-19.23.04:586][962]AssetCheck: New page: Asset Save: FirstLevel
[2025.12.16-19.23.04:586][962]LogContentValidation: Display: Validating World /Game/Workplace/Maps/FirstLevel.FirstLevel
[2025.12.16-19.23.18:825][548]BlueprintLog: New page: Compile FirstLevel
[2025.12.16-19.23.18:866][548]LogUObjectHash: Compacting FUObjectHashTables data took   1.84ms
[2025.12.16-19.23.19:348][592]LogUObjectHash: Compacting FUObjectHashTables data took   0.44ms
[2025.12.16-19.23.19:373][592]LogSavePackage: Moving '../../../../../../WORKPLACE/Mini_laboratory/MEPhI_VR_term_1/Mini_laboratory/Saved/FirstLevelB083C43E4848E5E7BC7388819C783C80.tmp' to '../../../../../../WORKPLACE/Mini_laboratory/MEPhI_VR_term_1/Mini_laboratory/Content/Workplace/Maps/FirstLevel.umap'
[2025.12.16-19.23.19:377][592]LogFileHelpers: Saving map 'FirstLevel' took 0.052
[2025.12.16-19.23.19:393][592]AssetCheck: New page: Asset Save: FirstLevel
[2025.12.16-19.23.19:393][592]LogContentValidation: Display: Validating World /Game/Workplace/Maps/FirstLevel.FirstLevel
[2025.12.16-19.23.20:755][745]BlueprintLog: New page: Compile FirstLevel
[2025.12.16-19.23.20:799][745]LogUObjectHash: Compacting FUObjectHashTables data took   1.97ms
[2025.12.16-19.23.21:229][784]LogUObjectHash: Compacting FUObjectHashTables data took   0.42ms
[2025.12.16-19.23.21:254][784]LogSavePackage: Moving '../../../../../../WORKPLACE/Mini_laboratory/MEPhI_VR_term_1/Mini_laboratory/Saved/FirstLevel00B0817946EE2DFFB4B7358D441059BA.tmp' to '../../../../../../WORKPLACE/Mini_laboratory/MEPhI_VR_term_1/Mini_laboratory/Content/Workplace/Maps/FirstLevel.umap'
[2025.12.16-19.23.21:258][784]LogFileHelpers: Saving map 'FirstLevel' took 0.052
[2025.12.16-19.23.21:274][784]AssetCheck: New page: Asset Save: FirstLevel
[2025.12.16-19.23.21:274][784]LogContentValidation: Display: Validating World /Game/Workplace/Maps/FirstLevel.FirstLevel
[2025.12.16-19.23.26:590][329]BlueprintLog: New page: Compile FirstLevel
[2025.12.16-19.23.26:631][329]LogUObjectHash: Compacting FUObjectHashTables data took   1.90ms
[2025.12.16-19.23.27:144][375]LogUObjectHash: Compacting FUObjectHashTables data took   0.45ms
[2025.12.16-19.23.27:169][375]LogSavePackage: Moving '../../../../../../WORKPLACE/Mini_laboratory/MEPhI_VR_term_1/Mini_laboratory/Saved/FirstLevel7EBEE75B4936403FB6A7CBBBEDC34DB6.tmp' to '../../../../../../WORKPLACE/Mini_laboratory/MEPhI_VR_term_1/Mini_laboratory/Content/Workplace/Maps/FirstLevel.umap'
[2025.12.16-19.23.27:173][375]LogFileHelpers: Saving map 'FirstLevel' took 0.052
[2025.12.16-19.23.27:191][375]AssetCheck: New page: Asset Save: FirstLevel
[2025.12.16-19.23.27:191][375]LogContentValidation: Display: Validating World /Game/Workplace/Maps/FirstLevel.FirstLevel
[2025.12.16-19.23.33:453][  9]BlueprintLog: New page: Compile FirstLevel
[2025.12.16-19.23.33:496][  9]LogUObjectHash: Compacting FUObjectHashTables data took   1.80ms
[2025.12.16-19.23.34:106][ 69]LogUObjectHash: Compacting FUObjectHashTables data took   0.44ms
[2025.12.16-19.23.34:131][ 69]LogSavePackage: Moving '../../../../../../WORKPLACE/Mini_laboratory/MEPhI_VR_term_1/Mini_laboratory/Saved/FirstLevel543C4FBB49528FDF04849084FB279062.tmp' to '../../../../../../WORKPLACE/Mini_laboratory/MEPhI_VR_term_1/Mini_laboratory/Content/Workplace/Maps/FirstLevel.umap'
[2025.12.16-19.23.34:135][ 69]LogFileHelpers: Saving map 'FirstLevel' took 0.052
[2025.12.16-19.23.34:151][ 69]AssetCheck: New page: Asset Save: FirstLevel
[2025.12.16-19.23.34:151][ 69]LogContentValidation: Display: Validating World /Game/Workplace/Maps/FirstLevel.FirstLevel
[2025.12.16-19.23.39:165][524]LogUObjectHash: Compacting FUObjectHashTables data took   1.49ms
[2025.12.16-19.23.39:191][524]LogSavePackage: Moving '../../../../../../WORKPLACE/Mini_laboratory/MEPhI_VR_term_1/Mini_laboratory/Saved/FirstLevel643876DF4E1FF7C4E670499967C2F3F2.tmp' to '../../../../../../WORKPLACE/Mini_laboratory/MEPhI_VR_term_1/Mini_laboratory/Content/Workplace/Maps/FirstLevel.umap'
[2025.12.16-19.23.39:209][524]LogSavePackage: Moving '../../../../../../WORKPLACE/Mini_laboratory/MEPhI_VR_term_1/Mini_laboratory/Saved/FirstLevel_BuiltData4D8F41A342883EC22F88CDACF72422EB.tmp' to '../../../../../../WORKPLACE/Mini_laboratory/MEPhI_VR_term_1/Mini_laboratory/Content/Workplace/Maps/FirstLevel_BuiltData.uasset'
[2025.12.16-19.23.39:225][524]AssetCheck: New page: Asset Save: multiple assets
[2025.12.16-19.23.39:225][524]LogContentValidation: Display: Validating MapBuildDataRegistry /Game/Workplace/Maps/FirstLevel_BuiltData.FirstLevel_BuiltData
[2025.12.16-19.23.39:225][524]LogContentValidation: Display: Validating World /Game/Workplace/Maps/FirstLevel.FirstLevel
[2025.12.16-19.23.41:349][721]LogTemp: Repeating last play command: New Editor Window (PIE)
[2025.12.16-19.23.41:355][721]LogPlayLevel: PlayLevel: No blueprints needed recompiling
[2025.12.16-19.23.41:355][721]PIE: New page: PIE session: FirstLevel (17 дек. 2025 г., 01:23:41)
[2025.12.16-19.23.41:355][721]LogPlayLevel: Creating play world package: /Game/Workplace/Maps/UEDPIE_0_FirstLevel
[2025.12.16-19.23.41:361][721]LogPlayLevel: PIE: StaticDuplicateObject took: (0.005385s)
[2025.12.16-19.23.41:362][721]LogAIModule: Creating AISystem for world FirstLevel
[2025.12.16-19.23.41:363][721]LogPlayLevel: PIE: World Init took: (0.001823s)
[2025.12.16-19.23.41:363][721]LogPlayLevel: PIE: Created PIE world by copying editor world from /Game/Workplace/Maps/FirstLevel.FirstLevel to /Game/Workplace/Maps/UEDPIE_0_FirstLevel.FirstLevel (0.007378s)
[2025.12.16-19.23.41:386][721]LogUObjectHash: Compacting FUObjectHashTables data took   1.74ms
[2025.12.16-19.23.41:386][721]LogAudio: Display: Creating Audio Device:                 Id: 11, Scope: Unique, Realtime: True
[2025.12.16-19.23.41:386][721]LogAudioMixer: Display: Audio Mixer Platform Settings:
[2025.12.16-19.23.41:386][721]LogAudioMixer: Display: 	Sample Rate:						  48000
[2025.12.16-19.23.41:386][721]LogAudioMixer: Display: 	Callback Buffer Frame Size Requested: 1024
[2025.12.16-19.23.41:386][721]LogAudioMixer: Display: 	Callback Buffer Frame Size To Use:	  1024
[2025.12.16-19.23.41:386][721]LogAudioMixer: Display: 	Number of buffers to queue:			  2
[2025.12.16-19.23.41:386][721]LogAudioMixer: Display: 	Max Channels (voices):				  32
[2025.12.16-19.23.41:386][721]LogAudioMixer: Display: 	Number of Async Source Workers:		  0
[2025.12.16-19.23.41:386][721]LogAudio: Display: AudioDevice MaxSources: 32
[2025.12.16-19.23.41:387][721]LogAudio: Display: Audio Spatialization Plugin: None (built-in).
[2025.12.16-19.23.41:387][721]LogAudio: Display: Audio Reverb Plugin: None (built-in).
[2025.12.16-19.23.41:387][721]LogAudio: Display: Audio Occlusion Plugin: None (built-in).
[2025.12.16-19.23.41:387][721]LogAudioMixer: Display: Initializing audio mixer.
[2025.12.16-19.23.41:389][721]LogAudioMixer: Display: 0: FrontLeft
[2025.12.16-19.23.41:389][721]LogAudioMixer: Display: 1: FrontRight
[2025.12.16-19.23.41:399][721]LogAudioMixer: Display: Using Audio Device Динамики (Realtek(R) Audio)
[2025.12.16-19.23.41:400][721]LogAudioMixer: Display: Initializing Sound Submixes...
[2025.12.16-19.23.41:400][721]LogAudioMixer: Display: Creating Master Submix 'MasterSubmixDefault'
[2025.12.16-19.23.41:400][721]LogAudioMixer: Display: Creating Master Submix 'MasterReverbSubmixDefault'
[2025.12.16-19.23.41:400][721]LogAudioMixer: Display: Creating Master Submix 'MasterEQSubmixDefault'
[2025.12.16-19.23.41:400][721]LogAudioMixer: FMixerPlatformXAudio2::StartAudioStream() called
[2025.12.16-19.23.41:400][721]LogAudioMixer: Display: Output buffers initialized: Frames=1024, Channels=2, Samples=2048
[2025.12.16-19.23.41:402][721]LogAudioMixer: Display: Starting AudioMixerPlatformInterface::RunInternal()
[2025.12.16-19.23.41:402][721]LogAudioMixer: Display: FMixerPlatformXAudio2::SubmitBuffer() called for the first time
[2025.12.16-19.23.41:402][721]LogInit: FAudioDevice initialized.
[2025.12.16-19.23.41:402][721]LogAudio: Display: Audio Device (ID: 11) registered with world 'FirstLevel'.
[2025.12.16-19.23.41:448][721]LogSlate: Updating window title bar state: overlay mode, drag disabled, window buttons hidden, title bar hidden
[2025.12.16-19.23.41:448][721]LogLoad: Game class is 'BP_GameMode_C'
[2025.12.16-19.23.41:450][721]LogWorld: Bringing World /Game/Workplace/Maps/UEDPIE_0_FirstLevel.FirstLevel up for play (max tick rate 0) at 2025.12.16-22.23.41
[2025.12.16-19.23.41:450][721]LogWorld: Bringing up level for play took: 0.001189
[2025.12.16-19.23.41:450][721]LogOnline: OSS: Creating online subsystem instance for: :Context_39
[2025.12.16-19.23.41:452][721]LogSpawn: Warning: SpawnActor failed because no class was specified
[2025.12.16-19.23.41:455][721]PIE: Server logged in
[2025.12.16-19.23.41:456][721]PIE: Play in editor total start time 0,103 seconds.
[2025.12.16-19.23.43:347][886]LogSlate: Updating window title bar state: overlay mode, drag disabled, window buttons hidden, title bar hidden
[2025.12.16-19.23.43:347][886]LogWorld: BeginTearingDown for /Game/Workplace/Maps/UEDPIE_0_FirstLevel
[2025.12.16-19.23.43:347][886]LogSlate: Window 'Mini_laboratory Preview [NetMode: Standalone]  (64-bit/Windows) ' being destroyed
[2025.12.16-19.23.43:351][886]LogWorld: UWorld::CleanupWorld for FirstLevel, bSessionEnded=true, bCleanupResources=true
[2025.12.16-19.23.43:352][886]LogSlate: InvalidateAllWidgets triggered.  All widgets were invalidated
[2025.12.16-19.23.43:368][886]LogPlayLevel: Display: Shutting down PIE online subsystems
[2025.12.16-19.23.43:376][886]LogSlate: InvalidateAllWidgets triggered.  All widgets were invalidated
[2025.12.16-19.23.43:400][886]LogAudioMixer: FMixerPlatformXAudio2::StopAudioStream() called
[2025.12.16-19.23.43:401][886]LogAudioMixer: FMixerPlatformXAudio2::StopAudioStream() called
[2025.12.16-19.23.43:409][886]LogUObjectHash: Compacting FUObjectHashTables data took   5.12ms
[2025.12.16-19.23.43:433][887]LogPlayLevel: Display: Destroying online subsystem :Context_39
[2025.12.16-19.23.47:243][219]LogUObjectHash: Compacting FUObjectHashTables data took   1.44ms
[2025.12.16-19.23.47:273][219]LogAssetEditorSubsystem: Opening Asset editor for World /Game/Workplace/Maps/StartMenu.StartMenu
[2025.12.16-19.23.47:273][219]Cmd: MAP LOAD FILE="../../../../../../WORKPLACE/Mini_laboratory/MEPhI_VR_term_1/Mini_laboratory/Content/Workplace/Maps/StartMenu.umap" TEMPLATE=0 SHOWPROGRESS=1 FEATURELEVEL=3
[2025.12.16-19.23.47:273][219]LightingResults: New page: Lighting Build
[2025.12.16-19.23.47:273][219]LoadErrors: New page: Loading map: StartMenu.umap
[2025.12.16-19.23.47:288][219]LogWorld: UWorld::CleanupWorld for World_98, bSessionEnded=true, bCleanupResources=true
[2025.12.16-19.23.47:288][219]LogSlate: InvalidateAllWidgets triggered.  All widgets were invalidated
[2025.12.16-19.23.47:320][219]LogWorld: UWorld::CleanupWorld for FirstLevel, bSessionEnded=true, bCleanupResources=true
[2025.12.16-19.23.47:320][219]LogSlate: InvalidateAllWidgets triggered.  All widgets were invalidated
[2025.12.16-19.23.47:320][219]MapCheck: New page: Map Check
[2025.12.16-19.23.47:320][219]LightingResults: New page: Lighting Build
[2025.12.16-19.23.47:339][219]LogAudio: Display: Audio Device unregistered from world 'None'.
[2025.12.16-19.23.47:344][219]LogUObjectHash: Compacting FUObjectHashTables data took   2.06ms
[2025.12.16-19.23.47:345][219]LogAudio: Display: Audio Device (ID: 1) registered with world 'StartMenu'.
[2025.12.16-19.23.47:365][219]LogEditorServer: Finished looking for orphan Actors (0.000 secs)
[2025.12.16-19.23.47:365][219]LogAIModule: Creating AISystem for world StartMenu
[2025.12.16-19.23.47:388][219]LogUObjectHash: Compacting FUObjectHashTables data took   1.71ms
[2025.12.16-19.23.47:392][219]Cmd: MAP CHECKDEP NOCLEARLOG
[2025.12.16-19.23.47:392][219]MapCheck: Map check complete: 0 Error(s), 0 Warning(s), took 0,106ms to complete.
[2025.12.16-19.23.47:392][219]LogFileHelpers: Loading map 'StartMenu' took 0.119
[2025.12.16-19.23.49:076][387]LogTemp: Repeating last play command: New Editor Window (PIE)
[2025.12.16-19.23.49:081][387]LogPlayLevel: PlayLevel: No blueprints needed recompiling
[2025.12.16-19.23.49:081][387]PIE: New page: PIE session: StartMenu (17 дек. 2025 г., 01:23:49)
[2025.12.16-19.23.49:081][387]LogPlayLevel: Creating play world package: /Game/Workplace/Maps/UEDPIE_0_StartMenu
[2025.12.16-19.23.49:082][387]LogPlayLevel: PIE: StaticDuplicateObject took: (0.000863s)
[2025.12.16-19.23.49:083][387]LogAIModule: Creating AISystem for world StartMenu
[2025.12.16-19.23.49:083][387]LogPlayLevel: PIE: World Init took: (0.000793s)
[2025.12.16-19.23.49:083][387]LogPlayLevel: PIE: Created PIE world by copying editor world from /Game/Workplace/Maps/StartMenu.StartMenu to /Game/Workplace/Maps/UEDPIE_0_StartMenu.StartMenu (0.001733s)
[2025.12.16-19.23.49:105][387]LogUObjectHash: Compacting FUObjectHashTables data took   1.74ms
[2025.12.16-19.23.49:106][387]LogAudio: Display: Creating Audio Device:                 Id: 12, Scope: Unique, Realtime: True
[2025.12.16-19.23.49:106][387]LogAudioMixer: Display: Audio Mixer Platform Settings:
[2025.12.16-19.23.49:106][387]LogAudioMixer: Display: 	Sample Rate:						  48000
[2025.12.16-19.23.49:106][387]LogAudioMixer: Display: 	Callback Buffer Frame Size Requested: 1024
[2025.12.16-19.23.49:106][387]LogAudioMixer: Display: 	Callback Buffer Frame Size To Use:	  1024
[2025.12.16-19.23.49:106][387]LogAudioMixer: Display: 	Number of buffers to queue:			  2
[2025.12.16-19.23.49:106][387]LogAudioMixer: Display: 	Max Channels (voices):				  32
[2025.12.16-19.23.49:106][387]LogAudioMixer: Display: 	Number of Async Source Workers:		  0
[2025.12.16-19.23.49:106][387]LogAudio: Display: AudioDevice MaxSources: 32
[2025.12.16-19.23.49:106][387]LogAudio: Display: Audio Spatialization Plugin: None (built-in).
[2025.12.16-19.23.49:106][387]LogAudio: Display: Audio Reverb Plugin: None (built-in).
[2025.12.16-19.23.49:106][387]LogAudio: Display: Audio Occlusion Plugin: None (built-in).
[2025.12.16-19.23.49:106][387]LogAudioMixer: Display: Initializing audio mixer.
[2025.12.16-19.23.49:140][387]LogAudioMixer: Display: 0: FrontLeft
[2025.12.16-19.23.49:140][387]LogAudioMixer: Display: 1: FrontRight
[2025.12.16-19.23.49:152][387]LogAudioMixer: Display: Using Audio Device Динамики (Realtek(R) Audio)
[2025.12.16-19.23.49:152][387]LogAudioMixer: Display: Initializing Sound Submixes...
[2025.12.16-19.23.49:152][387]LogAudioMixer: Display: Creating Master Submix 'MasterSubmixDefault'
[2025.12.16-19.23.49:152][387]LogAudioMixer: Display: Creating Master Submix 'MasterReverbSubmixDefault'
[2025.12.16-19.23.49:152][387]LogAudioMixer: Display: Creating Master Submix 'MasterEQSubmixDefault'
[2025.12.16-19.23.49:152][387]LogAudioMixer: FMixerPlatformXAudio2::StartAudioStream() called
[2025.12.16-19.23.49:152][387]LogAudioMixer: Display: Output buffers initialized: Frames=1024, Channels=2, Samples=2048
[2025.12.16-19.23.49:154][387]LogAudioMixer: Display: Starting AudioMixerPlatformInterface::RunInternal()
[2025.12.16-19.23.49:154][387]LogAudioMixer: Display: FMixerPlatformXAudio2::SubmitBuffer() called for the first time
[2025.12.16-19.23.49:154][387]LogInit: FAudioDevice initialized.
[2025.12.16-19.23.49:154][387]LogAudio: Display: Audio Device (ID: 12) registered with world 'StartMenu'.
[2025.12.16-19.23.49:194][387]LogSlate: Updating window title bar state: overlay mode, drag disabled, window buttons hidden, title bar hidden
[2025.12.16-19.23.49:194][387]LogLoad: Game class is 'BP_GameMode_C'
[2025.12.16-19.23.49:195][387]LogWorld: Bringing World /Game/Workplace/Maps/UEDPIE_0_StartMenu.StartMenu up for play (max tick rate 0) at 2025.12.16-22.23.49
[2025.12.16-19.23.49:195][387]LogWorld: Bringing up level for play took: 0.000318
[2025.12.16-19.23.49:196][387]LogOnline: OSS: Creating online subsystem instance for: :Context_40
[2025.12.16-19.23.49:197][387]LogSpawn: Warning: SpawnActor failed because no class was specified
[2025.12.16-19.23.49:199][387]LogPlayerController: Error: InputMode:UIOnly - Attempting to focus Non-Focusable widget SObjectWidget [Widget.cpp(799)]!
[2025.12.16-19.23.49:199][387]LogViewport: Display: Viewport MouseLockMode Changed, LockOnCapture -> DoNotLock
[2025.12.16-19.23.49:199][387]LogViewport: Display: Viewport MouseCaptureMode Changed, CapturePermanently_IncludingInitialMouseDown -> NoCapture
[2025.12.16-19.23.49:200][387]PIE: Server logged in
[2025.12.16-19.23.49:201][387]PIE: Play in editor total start time 0,12 seconds.
[2025.12.16-19.23.49:897][450]LogViewport: Display: Viewport MouseLockMode Changed, DoNotLock -> LockOnCapture
[2025.12.16-19.23.49:898][450]LogViewport: Display: Viewport MouseCaptureMode Changed, NoCapture -> CapturePermanently
[2025.12.16-19.23.49:898][450]LogNet: Browse: /Game/Workplace/Maps/FirstLevel
[2025.12.16-19.23.49:898][450]LogLoad: LoadMap: /Game/Workplace/Maps/FirstLevel
[2025.12.16-19.23.49:898][450]LogWorld: BeginTearingDown for /Game/Workplace/Maps/UEDPIE_0_StartMenu
[2025.12.16-19.23.49:899][450]LogWorld: UWorld::CleanupWorld for StartMenu, bSessionEnded=true, bCleanupResources=true
[2025.12.16-19.23.49:899][450]LogSlate: InvalidateAllWidgets triggered.  All widgets were invalidated
[2025.12.16-19.23.49:953][450]LogAudio: Display: Audio Device unregistered from world 'None'.
[2025.12.16-19.23.49:956][450]LogUObjectHash: Compacting FUObjectHashTables data took   1.74ms
[2025.12.16-19.23.49:975][450]LogAudio: Display: Audio Device (ID: 12) registered with world 'FirstLevel'.
[2025.12.16-19.23.49:976][450]LogAIModule: Creating AISystem for world FirstLevel
[2025.12.16-19.23.49:976][450]LogLoad: Game class is 'BP_GameMode_C'
[2025.12.16-19.23.49:984][450]LogWorld: Bringing World /Game/Workplace/Maps/UEDPIE_0_FirstLevel.FirstLevel up for play (max tick rate 0) at 2025.12.16-22.23.49
[2025.12.16-19.23.49:984][450]LogWorld: Bringing up level for play took: 0.007515
[2025.12.16-19.23.49:985][450]LogSpawn: Warning: SpawnActor failed because no class was specified
[2025.12.16-19.23.49:986][450]LogLoad: Took 0.087792 seconds to LoadMap(/Game/Workplace/Maps/FirstLevel)
[2025.12.16-19.23.59:028][335]LogSlate: Updating window title bar state: overlay mode, drag disabled, window buttons hidden, title bar hidden
[2025.12.16-19.23.59:029][335]LogWorld: BeginTearingDown for /Game/Workplace/Maps/UEDPIE_0_FirstLevel
[2025.12.16-19.23.59:029][335]LogSlate: Window 'Mini_laboratory Preview [NetMode: Standalone]  (64-bit/Windows) ' being destroyed
[2025.12.16-19.23.59:037][335]LogWorld: UWorld::CleanupWorld for FirstLevel, bSessionEnded=true, bCleanupResources=true
[2025.12.16-19.23.59:038][335]LogSlate: InvalidateAllWidgets triggered.  All widgets were invalidated
[2025.12.16-19.23.59:044][335]LogPlayLevel: Display: Shutting down PIE online subsystems
[2025.12.16-19.23.59:050][335]LogSlate: InvalidateAllWidgets triggered.  All widgets were invalidated
[2025.12.16-19.23.59:072][335]LogAudioMixer: FMixerPlatformXAudio2::StopAudioStream() called
[2025.12.16-19.23.59:074][335]LogAudioMixer: FMixerPlatformXAudio2::StopAudioStream() called
[2025.12.16-19.23.59:078][335]LogUObjectHash: Compacting FUObjectHashTables data took   1.99ms
[2025.12.16-19.23.59:107][338]LogPlayLevel: Display: Destroying online subsystem :Context_40
[2025.12.16-19.24.05:458][961]LogUObjectHash: Compacting FUObjectHashTables data took   1.69ms
[2025.12.16-19.24.05:465][961]LogSavePackage: Moving '../../../../../../WORKPLACE/Mini_laboratory/MEPhI_VR_term_1/Mini_laboratory/Saved/StartMenu870E1E12490CC1E9955F4FACC352BE1A.tmp' to '../../../../../../WORKPLACE/Mini_laboratory/MEPhI_VR_term_1/Mini_laboratory/Content/Workplace/Maps/StartMenu.umap'
[2025.12.16-19.24.05:483][961]AssetCheck: New page: Asset Save: StartMenu
[2025.12.16-19.24.05:483][961]LogContentValidation: Display: Validating World /Game/Workplace/Maps/StartMenu.StartMenu
[2025.12.16-19.24.20:425][533]BlueprintLog: New page: Compile BP_3DPrinter
[2025.12.16-19.24.20:472][533]LogUObjectHash: Compacting FUObjectHashTables data took   2.03ms
[2025.12.16-19.24.20:881][570]LogSavePackage: Moving '../../../../../../WORKPLACE/Mini_laboratory/MEPhI_VR_term_1/Mini_laboratory/Saved/BP_3DPrinterA368EE8D4DF6DD9EBBA49BA8292658B2.tmp' to '../../../../../../WORKPLACE/Mini_laboratory/MEPhI_VR_term_1/Mini_laboratory/Content/Workplace/Blueprints/BP_3DPrinter.uasset'
[2025.12.16-19.24.20:898][570]AssetCheck: New page: Asset Save: BP_3DPrinter
[2025.12.16-19.24.20:898][570]LogContentValidation: Display: Validating Blueprint /Game/Workplace/Blueprints/BP_3DPrinter.BP_3DPrinter
[2025.12.16-19.24.23:281][801]LogTemp: Repeating last play command: New Editor Window (PIE)
[2025.12.16-19.24.23:287][801]LogPlayLevel: PlayLevel: No blueprints needed recompiling
[2025.12.16-19.24.23:287][801]PIE: New page: PIE session: StartMenu (17 дек. 2025 г., 01:24:23)
[2025.12.16-19.24.23:287][801]LogPlayLevel: Creating play world package: /Game/Workplace/Maps/UEDPIE_0_StartMenu
[2025.12.16-19.24.23:288][801]LogPlayLevel: PIE: StaticDuplicateObject took: (0.000875s)
[2025.12.16-19.24.23:288][801]LogAIModule: Creating AISystem for world StartMenu
[2025.12.16-19.24.23:289][801]LogPlayLevel: PIE: World Init took: (0.000761s)
[2025.12.16-19.24.23:289][801]LogPlayLevel: PIE: Created PIE world by copying editor world from /Game/Workplace/Maps/StartMenu.StartMenu to /Game/Workplace/Maps/UEDPIE_0_StartMenu.StartMenu (0.001714s)
[2025.12.16-19.24.23:311][801]LogUObjectHash: Compacting FUObjectHashTables data took   2.06ms
[2025.12.16-19.24.23:312][801]LogAudio: Display: Creating Audio Device:                 Id: 13, Scope: Unique, Realtime: True
[2025.12.16-19.24.23:312][801]LogAudioMixer: Display: Audio Mixer Platform Settings:
[2025.12.16-19.24.23:312][801]LogAudioMixer: Display: 	Sample Rate:						  48000
[2025.12.16-19.24.23:312][801]LogAudioMixer: Display: 	Callback Buffer Frame Size Requested: 1024
[2025.12.16-19.24.23:312][801]LogAudioMixer: Display: 	Callback Buffer Frame Size To Use:	  1024
[2025.12.16-19.24.23:312][801]LogAudioMixer: Display: 	Number of buffers to queue:			  2
[2025.12.16-19.24.23:312][801]LogAudioMixer: Display: 	Max Channels (voices):				  32
[2025.12.16-19.24.23:312][801]LogAudioMixer: Display: 	Number of Async Source Workers:		  0
[2025.12.16-19.24.23:312][801]LogAudio: Display: AudioDevice MaxSources: 32
[2025.12.16-19.24.23:313][801]LogAudio: Display: Audio Spatialization Plugin: None (built-in).
[2025.12.16-19.24.23:313][801]LogAudio: Display: Audio Reverb Plugin: None (built-in).
[2025.12.16-19.24.23:313][801]LogAudio: Display: Audio Occlusion Plugin: None (built-in).
[2025.12.16-19.24.23:313][801]LogAudioMixer: Display: Initializing audio mixer.
[2025.12.16-19.24.23:314][801]LogAudioMixer: Display: 0: FrontLeft
[2025.12.16-19.24.23:314][801]LogAudioMixer: Display: 1: FrontRight
[2025.12.16-19.24.23:325][801]LogAudioMixer: Display: Using Audio Device Динамики (Realtek(R) Audio)
[2025.12.16-19.24.23:325][801]LogAudioMixer: Display: Initializing Sound Submixes...
[2025.12.16-19.24.23:325][801]LogAudioMixer: Display: Creating Master Submix 'MasterSubmixDefault'
[2025.12.16-19.24.23:325][801]LogAudioMixer: Display: Creating Master Submix 'MasterReverbSubmixDefault'
[2025.12.16-19.24.23:326][801]LogAudioMixer: Display: Creating Master Submix 'MasterEQSubmixDefault'
[2025.12.16-19.24.23:326][801]LogAudioMixer: FMixerPlatformXAudio2::StartAudioStream() called
[2025.12.16-19.24.23:326][801]LogAudioMixer: Display: Output buffers initialized: Frames=1024, Channels=2, Samples=2048
[2025.12.16-19.24.23:327][801]LogAudioMixer: Display: Starting AudioMixerPlatformInterface::RunInternal()
[2025.12.16-19.24.23:327][801]LogAudioMixer: Display: FMixerPlatformXAudio2::SubmitBuffer() called for the first time
[2025.12.16-19.24.23:327][801]LogInit: FAudioDevice initialized.
[2025.12.16-19.24.23:327][801]LogAudio: Display: Audio Device (ID: 13) registered with world 'StartMenu'.
[2025.12.16-19.24.23:383][801]LogSlate: Updating window title bar state: overlay mode, drag disabled, window buttons hidden, title bar hidden
[2025.12.16-19.24.23:383][801]LogLoad: Game class is 'BP_GameMode_C'
[2025.12.16-19.24.23:384][801]LogWorld: Bringing World /Game/Workplace/Maps/UEDPIE_0_StartMenu.StartMenu up for play (max tick rate 0) at 2025.12.16-22.24.23
[2025.12.16-19.24.23:384][801]LogWorld: Bringing up level for play took: 0.000292
[2025.12.16-19.24.23:384][801]LogOnline: OSS: Creating online subsystem instance for: :Context_41
[2025.12.16-19.24.23:386][801]LogSpawn: Warning: SpawnActor failed because no class was specified
[2025.12.16-19.24.23:387][801]LogPlayerController: Error: InputMode:UIOnly - Attempting to focus Non-Focusable widget SObjectWidget [Widget.cpp(799)]!
[2025.12.16-19.24.23:388][801]LogViewport: Display: Viewport MouseLockMode Changed, LockOnCapture -> DoNotLock
[2025.12.16-19.24.23:388][801]LogViewport: Display: Viewport MouseCaptureMode Changed, CapturePermanently_IncludingInitialMouseDown -> NoCapture
[2025.12.16-19.24.23:389][801]PIE: Server logged in
[2025.12.16-19.24.23:390][801]PIE: Play in editor total start time 0,103 seconds.
[2025.12.16-19.24.24:241][880]LogViewport: Display: Viewport MouseLockMode Changed, DoNotLock -> LockOnCapture
[2025.12.16-19.24.24:241][880]LogViewport: Display: Viewport MouseCaptureMode Changed, NoCapture -> CapturePermanently
[2025.12.16-19.24.24:242][880]LogNet: Browse: /Game/Workplace/Maps/FirstLevel
[2025.12.16-19.24.24:242][880]LogLoad: LoadMap: /Game/Workplace/Maps/FirstLevel
[2025.12.16-19.24.24:242][880]LogWorld: BeginTearingDown for /Game/Workplace/Maps/UEDPIE_0_StartMenu
[2025.12.16-19.24.24:242][880]LogWorld: UWorld::CleanupWorld for StartMenu, bSessionEnded=true, bCleanupResources=true
[2025.12.16-19.24.24:242][880]LogSlate: InvalidateAllWidgets triggered.  All widgets were invalidated
[2025.12.16-19.24.24:283][880]LogAudio: Display: Audio Device unregistered from world 'None'.
[2025.12.16-19.24.24:285][880]LogUObjectHash: Compacting FUObjectHashTables data took   1.76ms
[2025.12.16-19.24.24:300][880]LogAudio: Display: Audio Device (ID: 13) registered with world 'FirstLevel'.
[2025.12.16-19.24.24:301][880]LogAIModule: Creating AISystem for world FirstLevel
[2025.12.16-19.24.24:301][880]LogLoad: Game class is 'BP_GameMode_C'
[2025.12.16-19.24.24:308][880]LogWorld: Bringing World /Game/Workplace/Maps/UEDPIE_0_FirstLevel.FirstLevel up for play (max tick rate 0) at 2025.12.16-22.24.24
[2025.12.16-19.24.24:308][880]LogWorld: Bringing up level for play took: 0.006447
[2025.12.16-19.24.24:309][880]LogSpawn: Warning: SpawnActor failed because no class was specified
[2025.12.16-19.24.24:310][880]LogLoad: Took 0.067936 seconds to LoadMap(/Game/Workplace/Maps/FirstLevel)
[2025.12.16-19.24.27:087][150]LogSlate: Updating window title bar state: overlay mode, drag disabled, window buttons hidden, title bar hidden
[2025.12.16-19.24.27:088][150]LogWorld: BeginTearingDown for /Game/Workplace/Maps/UEDPIE_0_FirstLevel
[2025.12.16-19.24.27:088][150]LogSlate: Window 'Mini_laboratory Preview [NetMode: Standalone]  (64-bit/Windows) ' being destroyed
[2025.12.16-19.24.27:095][150]LogWorld: UWorld::CleanupWorld for FirstLevel, bSessionEnded=true, bCleanupResources=true
[2025.12.16-19.24.27:096][150]LogSlate: InvalidateAllWidgets triggered.  All widgets were invalidated
[2025.12.16-19.24.27:110][150]LogPlayLevel: Display: Shutting down PIE online subsystems
[2025.12.16-19.24.27:114][150]LogSlate: InvalidateAllWidgets triggered.  All widgets were invalidated
[2025.12.16-19.24.27:134][150]LogAudio: Display: Audio Device unregistered from world 'None'.
[2025.12.16-19.24.27:134][150]LogAudioMixer: FMixerPlatformXAudio2::StopAudioStream() called
[2025.12.16-19.24.27:135][150]LogAudioMixer: FMixerPlatformXAudio2::StopAudioStream() called
[2025.12.16-19.24.27:143][150]LogUObjectHash: Compacting FUObjectHashTables data took   1.75ms
[2025.12.16-19.24.27:164][152]LogPlayLevel: Display: Destroying online subsystem :Context_41
[2025.12.16-19.24.35:154][967]LogUObjectHash: Compacting FUObjectHashTables data took   1.60ms
[2025.12.16-19.24.35:193][967]LogAssetEditorSubsystem: Opening Asset editor for World /Game/Workplace/Maps/FirstLevel.FirstLevel
[2025.12.16-19.24.35:193][967]Cmd: MAP LOAD FILE="../../../../../../WORKPLACE/Mini_laboratory/MEPhI_VR_term_1/Mini_laboratory/Content/Workplace/Maps/FirstLevel.umap" TEMPLATE=0 SHOWPROGRESS=1 FEATURELEVEL=3
[2025.12.16-19.24.35:193][967]LightingResults: New page: Lighting Build
[2025.12.16-19.24.35:193][967]LoadErrors: New page: Loading map: FirstLevel.umap
[2025.12.16-19.24.35:226][967]LogWorld: UWorld::CleanupWorld for StartMenu, bSessionEnded=true, bCleanupResources=true
[2025.12.16-19.24.35:226][967]LogSlate: InvalidateAllWidgets triggered.  All widgets were invalidated
[2025.12.16-19.24.35:226][967]MapCheck: New page: Map Check
[2025.12.16-19.24.35:226][967]LightingResults: New page: Lighting Build
[2025.12.16-19.24.35:245][967]LogAudio: Display: Audio Device unregistered from world 'None'.
[2025.12.16-19.24.35:248][967]LogUObjectHash: Compacting FUObjectHashTables data took   2.00ms
[2025.12.16-19.24.35:248][967]LogAudio: Display: Audio Device (ID: 1) registered with world 'FirstLevel'.
[2025.12.16-19.24.35:340][967]LogEditorServer: Finished looking for orphan Actors (0.000 secs)
[2025.12.16-19.24.35:340][967]LogAIModule: Creating AISystem for world FirstLevel
[2025.12.16-19.24.35:362][967]LogUObjectHash: Compacting FUObjectHashTables data took   1.72ms
[2025.12.16-19.24.35:366][967]Cmd: MAP CHECKDEP NOCLEARLOG
[2025.12.16-19.24.35:366][967]MapCheck: Map check complete: 0 Error(s), 0 Warning(s), took 0,065ms to complete.
[2025.12.16-19.24.35:366][967]LogFileHelpers: Loading map 'FirstLevel' took 0.173
[2025.12.16-19.24.37:925][206]LogAssetEditorSubsystem: Opening Asset editor for LevelScriptBlueprint /Game/Workplace/Maps/FirstLevel.FirstLevel:PersistentLevel.FirstLevel
[2025.12.16-19.24.56:972][ 66]BlueprintLog: New page: Compile FirstLevel
[2025.12.16-19.24.57:019][ 66]LogUObjectHash: Compacting FUObjectHashTables data took   1.91ms
[2025.12.16-19.24.57:501][109]LogUObjectHash: Compacting FUObjectHashTables data took   0.44ms
[2025.12.16-19.24.57:528][109]LogSavePackage: Moving '../../../../../../WORKPLACE/Mini_laboratory/MEPhI_VR_term_1/Mini_laboratory/Saved/FirstLevel180DEA804AC538E09EE48E91F8F53901.tmp' to '../../../../../../WORKPLACE/Mini_laboratory/MEPhI_VR_term_1/Mini_laboratory/Content/Workplace/Maps/FirstLevel.umap'
[2025.12.16-19.24.57:532][109]LogFileHelpers: Saving map 'FirstLevel' took 0.056
[2025.12.16-19.24.57:550][109]AssetCheck: New page: Asset Save: FirstLevel
[2025.12.16-19.24.57:550][109]LogContentValidation: Display: Validating World /Game/Workplace/Maps/FirstLevel.FirstLevel
[2025.12.16-19.25.00:284][383]LogTemp: Repeating last play command: New Editor Window (PIE)
[2025.12.16-19.25.00:290][383]LogPlayLevel: PlayLevel: No blueprints needed recompiling
[2025.12.16-19.25.00:290][383]PIE: New page: PIE session: FirstLevel (17 дек. 2025 г., 01:25:00)
[2025.12.16-19.25.00:290][383]LogPlayLevel: Creating play world package: /Game/Workplace/Maps/UEDPIE_0_FirstLevel
[2025.12.16-19.25.00:295][383]LogPlayLevel: PIE: StaticDuplicateObject took: (0.004795s)
[2025.12.16-19.25.00:296][383]LogAIModule: Creating AISystem for world FirstLevel
[2025.12.16-19.25.00:296][383]LogPlayLevel: PIE: World Init took: (0.001184s)
[2025.12.16-19.25.00:296][383]LogPlayLevel: PIE: Created PIE world by copying editor world from /Game/Workplace/Maps/FirstLevel.FirstLevel to /Game/Workplace/Maps/UEDPIE_0_FirstLevel.FirstLevel (0.006130s)
[2025.12.16-19.25.00:320][383]LogUObjectHash: Compacting FUObjectHashTables data took   1.64ms
[2025.12.16-19.25.00:320][383]LogAudio: Display: Creating Audio Device:                 Id: 14, Scope: Unique, Realtime: True
[2025.12.16-19.25.00:320][383]LogAudioMixer: Display: Audio Mixer Platform Settings:
[2025.12.16-19.25.00:320][383]LogAudioMixer: Display: 	Sample Rate:						  48000
[2025.12.16-19.25.00:320][383]LogAudioMixer: Display: 	Callback Buffer Frame Size Requested: 1024
[2025.12.16-19.25.00:320][383]LogAudioMixer: Display: 	Callback Buffer Frame Size To Use:	  1024
[2025.12.16-19.25.00:320][383]LogAudioMixer: Display: 	Number of buffers to queue:			  2
[2025.12.16-19.25.00:320][383]LogAudioMixer: Display: 	Max Channels (voices):				  32
[2025.12.16-19.25.00:320][383]LogAudioMixer: Display: 	Number of Async Source Workers:		  0
[2025.12.16-19.25.00:320][383]LogAudio: Display: AudioDevice MaxSources: 32
[2025.12.16-19.25.00:320][383]LogAudio: Display: Audio Spatialization Plugin: None (built-in).
[2025.12.16-19.25.00:320][383]LogAudio: Display: Audio Reverb Plugin: None (built-in).
[2025.12.16-19.25.00:320][383]LogAudio: Display: Audio Occlusion Plugin: None (built-in).
[2025.12.16-19.25.00:320][383]LogAudioMixer: Display: Initializing audio mixer.
[2025.12.16-19.25.00:322][383]LogAudioMixer: Display: 0: FrontLeft
[2025.12.16-19.25.00:322][383]LogAudioMixer: Display: 1: FrontRight
[2025.12.16-19.25.00:333][383]LogAudioMixer: Display: Using Audio Device Динамики (Realtek(R) Audio)
[2025.12.16-19.25.00:334][383]LogAudioMixer: Display: Initializing Sound Submixes...
[2025.12.16-19.25.00:334][383]LogAudioMixer: Display: Creating Master Submix 'MasterSubmixDefault'
[2025.12.16-19.25.00:334][383]LogAudioMixer: Display: Creating Master Submix 'MasterReverbSubmixDefault'
[2025.12.16-19.25.00:334][383]LogAudioMixer: Display: Creating Master Submix 'MasterEQSubmixDefault'
[2025.12.16-19.25.00:334][383]LogAudioMixer: FMixerPlatformXAudio2::StartAudioStream() called
[2025.12.16-19.25.00:334][383]LogAudioMixer: Display: Output buffers initialized: Frames=1024, Channels=2, Samples=2048
[2025.12.16-19.25.00:335][383]LogAudioMixer: Display: Starting AudioMixerPlatformInterface::RunInternal()
[2025.12.16-19.25.00:335][383]LogAudioMixer: Display: FMixerPlatformXAudio2::SubmitBuffer() called for the first time
[2025.12.16-19.25.00:335][383]LogInit: FAudioDevice initialized.
[2025.12.16-19.25.00:335][383]LogAudio: Display: Audio Device (ID: 14) registered with world 'FirstLevel'.
[2025.12.16-19.25.00:382][383]LogSlate: Updating window title bar state: overlay mode, drag disabled, window buttons hidden, title bar hidden
[2025.12.16-19.25.00:382][383]LogLoad: Game class is 'BP_GameMode_C'
[2025.12.16-19.25.00:384][383]LogWorld: Bringing World /Game/Workplace/Maps/UEDPIE_0_FirstLevel.FirstLevel up for play (max tick rate 0) at 2025.12.16-22.25.00
[2025.12.16-19.25.00:384][383]LogWorld: Bringing up level for play took: 0.001341
[2025.12.16-19.25.00:384][383]LogOnline: OSS: Creating online subsystem instance for: :Context_43
[2025.12.16-19.25.00:386][383]LogSpawn: Warning: SpawnActor failed because no class was specified
[2025.12.16-19.25.00:388][383]PIE: Server logged in
[2025.12.16-19.25.00:389][383]PIE: Play in editor total start time 0,1 seconds.
[2025.12.16-19.25.01:986][529]LogSlate: Updating window title bar state: overlay mode, drag disabled, window buttons hidden, title bar hidden
[2025.12.16-19.25.01:986][529]LogWorld: BeginTearingDown for /Game/Workplace/Maps/UEDPIE_0_FirstLevel
[2025.12.16-19.25.01:986][529]LogSlate: Window 'Mini_laboratory Preview [NetMode: Standalone]  (64-bit/Windows) ' being destroyed
[2025.12.16-19.25.01:990][529]LogWorld: UWorld::CleanupWorld for FirstLevel, bSessionEnded=true, bCleanupResources=true
[2025.12.16-19.25.01:991][529]LogSlate: InvalidateAllWidgets triggered.  All widgets were invalidated
[2025.12.16-19.25.02:004][529]LogPlayLevel: Display: Shutting down PIE online subsystems
[2025.12.16-19.25.02:008][529]LogSlate: InvalidateAllWidgets triggered.  All widgets were invalidated
[2025.12.16-19.25.02:031][529]LogAudioMixer: FMixerPlatformXAudio2::StopAudioStream() called
[2025.12.16-19.25.02:032][529]LogAudioMixer: FMixerPlatformXAudio2::StopAudioStream() called
[2025.12.16-19.25.02:036][529]LogUObjectHash: Compacting FUObjectHashTables data took   1.58ms
[2025.12.16-19.25.02:053][530]LogPlayLevel: Display: Destroying online subsystem :Context_43
[2025.12.16-19.25.05:576][876]LogUObjectHash: Compacting FUObjectHashTables data took   1.68ms
[2025.12.16-19.25.05:610][876]LogAssetEditorSubsystem: Opening Asset editor for World /Game/Workplace/Maps/StartMenu.StartMenu
[2025.12.16-19.25.05:610][876]Cmd: MAP LOAD FILE="../../../../../../WORKPLACE/Mini_laboratory/MEPhI_VR_term_1/Mini_laboratory/Content/Workplace/Maps/StartMenu.umap" TEMPLATE=0 SHOWPROGRESS=1 FEATURELEVEL=3
[2025.12.16-19.25.05:610][876]LightingResults: New page: Lighting Build
[2025.12.16-19.25.05:610][876]LoadErrors: New page: Loading map: StartMenu.umap
[2025.12.16-19.25.05:624][876]LogWorld: UWorld::CleanupWorld for World_100, bSessionEnded=true, bCleanupResources=true
[2025.12.16-19.25.05:624][876]LogSlate: InvalidateAllWidgets triggered.  All widgets were invalidated
[2025.12.16-19.25.05:658][876]LogWorld: UWorld::CleanupWorld for FirstLevel, bSessionEnded=true, bCleanupResources=true
[2025.12.16-19.25.05:658][876]LogSlate: InvalidateAllWidgets triggered.  All widgets were invalidated
[2025.12.16-19.25.05:658][876]MapCheck: New page: Map Check
[2025.12.16-19.25.05:658][876]LightingResults: New page: Lighting Build
[2025.12.16-19.25.05:677][876]LogAudio: Display: Audio Device unregistered from world 'None'.
[2025.12.16-19.25.05:682][876]LogUObjectHash: Compacting FUObjectHashTables data took   1.94ms
[2025.12.16-19.25.05:682][876]LogAudio: Display: Audio Device (ID: 1) registered with world 'StartMenu'.
[2025.12.16-19.25.05:701][876]LogEditorServer: Finished looking for orphan Actors (0.000 secs)
[2025.12.16-19.25.05:701][876]LogAIModule: Creating AISystem for world StartMenu
[2025.12.16-19.25.05:723][876]LogUObjectHash: Compacting FUObjectHashTables data took   1.68ms
[2025.12.16-19.25.05:727][876]Cmd: MAP CHECKDEP NOCLEARLOG
[2025.12.16-19.25.05:727][876]MapCheck: Map check complete: 0 Error(s), 0 Warning(s), took 0,059ms to complete.
[2025.12.16-19.25.05:727][876]LogFileHelpers: Loading map 'StartMenu' took 0.117
[2025.12.16-19.25.07:514][ 47]LogTemp: Repeating last play command: New Editor Window (PIE)
[2025.12.16-19.25.07:519][ 47]LogPlayLevel: PlayLevel: No blueprints needed recompiling
[2025.12.16-19.25.07:519][ 47]PIE: New page: PIE session: StartMenu (17 дек. 2025 г., 01:25:07)
[2025.12.16-19.25.07:519][ 47]LogPlayLevel: Creating play world package: /Game/Workplace/Maps/UEDPIE_0_StartMenu
[2025.12.16-19.25.07:520][ 47]LogPlayLevel: PIE: StaticDuplicateObject took: (0.000866s)
[2025.12.16-19.25.07:521][ 47]LogAIModule: Creating AISystem for world StartMenu
[2025.12.16-19.25.07:521][ 47]LogPlayLevel: PIE: World Init took: (0.000762s)
[2025.12.16-19.25.07:521][ 47]LogPlayLevel: PIE: Created PIE world by copying editor world from /Game/Workplace/Maps/StartMenu.StartMenu to /Game/Workplace/Maps/UEDPIE_0_StartMenu.StartMenu (0.001703s)
[2025.12.16-19.25.07:545][ 47]LogUObjectHash: Compacting FUObjectHashTables data took   1.68ms
[2025.12.16-19.25.07:545][ 47]LogAudio: Display: Creating Audio Device:                 Id: 15, Scope: Unique, Realtime: True
[2025.12.16-19.25.07:545][ 47]LogAudioMixer: Display: Audio Mixer Platform Settings:
[2025.12.16-19.25.07:545][ 47]LogAudioMixer: Display: 	Sample Rate:						  48000
[2025.12.16-19.25.07:545][ 47]LogAudioMixer: Display: 	Callback Buffer Frame Size Requested: 1024
[2025.12.16-19.25.07:545][ 47]LogAudioMixer: Display: 	Callback Buffer Frame Size To Use:	  1024
[2025.12.16-19.25.07:545][ 47]LogAudioMixer: Display: 	Number of buffers to queue:			  2
[2025.12.16-19.25.07:545][ 47]LogAudioMixer: Display: 	Max Channels (voices):				  32
[2025.12.16-19.25.07:545][ 47]LogAudioMixer: Display: 	Number of Async Source Workers:		  0
[2025.12.16-19.25.07:545][ 47]LogAudio: Display: AudioDevice MaxSources: 32
[2025.12.16-19.25.07:546][ 47]LogAudio: Display: Audio Spatialization Plugin: None (built-in).
[2025.12.16-19.25.07:546][ 47]LogAudio: Display: Audio Reverb Plugin: None (built-in).
[2025.12.16-19.25.07:546][ 47]LogAudio: Display: Audio Occlusion Plugin: None (built-in).
[2025.12.16-19.25.07:546][ 47]LogAudioMixer: Display: Initializing audio mixer.
[2025.12.16-19.25.07:548][ 47]LogAudioMixer: Display: 0: FrontLeft
[2025.12.16-19.25.07:548][ 47]LogAudioMixer: Display: 1: FrontRight
[2025.12.16-19.25.07:558][ 47]LogAudioMixer: Display: Using Audio Device Динамики (Realtek(R) Audio)
[2025.12.16-19.25.07:559][ 47]LogAudioMixer: Display: Initializing Sound Submixes...
[2025.12.16-19.25.07:559][ 47]LogAudioMixer: Display: Creating Master Submix 'MasterSubmixDefault'
[2025.12.16-19.25.07:559][ 47]LogAudioMixer: Display: Creating Master Submix 'MasterReverbSubmixDefault'
[2025.12.16-19.25.07:559][ 47]LogAudioMixer: Display: Creating Master Submix 'MasterEQSubmixDefault'
[2025.12.16-19.25.07:559][ 47]LogAudioMixer: FMixerPlatformXAudio2::StartAudioStream() called
[2025.12.16-19.25.07:559][ 47]LogAudioMixer: Display: Output buffers initialized: Frames=1024, Channels=2, Samples=2048
[2025.12.16-19.25.07:560][ 47]LogAudioMixer: Display: Starting AudioMixerPlatformInterface::RunInternal()
[2025.12.16-19.25.07:560][ 47]LogAudioMixer: Display: FMixerPlatformXAudio2::SubmitBuffer() called for the first time
[2025.12.16-19.25.07:560][ 47]LogInit: FAudioDevice initialized.
[2025.12.16-19.25.07:560][ 47]LogAudio: Display: Audio Device (ID: 15) registered with world 'StartMenu'.
[2025.12.16-19.25.07:613][ 47]LogSlate: Updating window title bar state: overlay mode, drag disabled, window buttons hidden, title bar hidden
[2025.12.16-19.25.07:613][ 47]LogLoad: Game class is 'BP_GameMode_C'
[2025.12.16-19.25.07:614][ 47]LogWorld: Bringing World /Game/Workplace/Maps/UEDPIE_0_StartMenu.StartMenu up for play (max tick rate 0) at 2025.12.16-22.25.07
[2025.12.16-19.25.07:614][ 47]LogWorld: Bringing up level for play took: 0.000301
[2025.12.16-19.25.07:614][ 47]LogOnline: OSS: Creating online subsystem instance for: :Context_44
[2025.12.16-19.25.07:616][ 47]LogSpawn: Warning: SpawnActor failed because no class was specified
[2025.12.16-19.25.07:617][ 47]LogPlayerController: Error: InputMode:UIOnly - Attempting to focus Non-Focusable widget SObjectWidget [Widget.cpp(799)]!
[2025.12.16-19.25.07:617][ 47]LogViewport: Display: Viewport MouseLockMode Changed, LockOnCapture -> DoNotLock
[2025.12.16-19.25.07:617][ 47]LogViewport: Display: Viewport MouseCaptureMode Changed, CapturePermanently_IncludingInitialMouseDown -> NoCapture
[2025.12.16-19.25.07:618][ 47]PIE: Server logged in
[2025.12.16-19.25.07:619][ 47]PIE: Play in editor total start time 0,1 seconds.
[2025.12.16-19.25.08:343][114]LogViewport: Display: Viewport MouseLockMode Changed, DoNotLock -> LockOnCapture
[2025.12.16-19.25.08:343][114]LogViewport: Display: Viewport MouseCaptureMode Changed, NoCapture -> CapturePermanently
[2025.12.16-19.25.08:343][114]LogNet: Browse: /Game/Workplace/Maps/FirstLevel
[2025.12.16-19.25.08:343][114]LogLoad: LoadMap: /Game/Workplace/Maps/FirstLevel
[2025.12.16-19.25.08:343][114]LogWorld: BeginTearingDown for /Game/Workplace/Maps/UEDPIE_0_StartMenu
[2025.12.16-19.25.08:344][114]LogWorld: UWorld::CleanupWorld for StartMenu, bSessionEnded=true, bCleanupResources=true
[2025.12.16-19.25.08:344][114]LogSlate: InvalidateAllWidgets triggered.  All widgets were invalidated
[2025.12.16-19.25.08:400][114]LogAudio: Display: Audio Device unregistered from world 'None'.
[2025.12.16-19.25.08:402][114]LogUObjectHash: Compacting FUObjectHashTables data took   2.04ms
[2025.12.16-19.25.08:469][114]LogAudio: Display: Audio Device (ID: 15) registered with world 'FirstLevel'.
[2025.12.16-19.25.08:470][114]LogAIModule: Creating AISystem for world FirstLevel
[2025.12.16-19.25.08:470][114]LogLoad: Game class is 'BP_GameMode_C'
[2025.12.16-19.25.08:478][114]LogWorld: Bringing World /Game/Workplace/Maps/UEDPIE_0_FirstLevel.FirstLevel up for play (max tick rate 0) at 2025.12.16-22.25.08
[2025.12.16-19.25.08:479][114]LogWorld: Bringing up level for play took: 0.007165
[2025.12.16-19.25.08:479][114]LogSpawn: Warning: SpawnActor failed because no class was specified
[2025.12.16-19.25.08:480][114]LogLoad: Took 0.136146 seconds to LoadMap(/Game/Workplace/Maps/FirstLevel)
[2025.12.16-19.25.09:862][246]LogBlueprintUserMessages: [FirstLevel_C_0] BP_Button139
[2025.12.16-19.25.09:873][247]LogBlueprintUserMessages: [FirstLevel_C_0] BP_Button139
[2025.12.16-19.25.09:882][248]LogBlueprintUserMessages: [FirstLevel_C_0] BP_Button139
[2025.12.16-19.25.09:893][249]LogBlueprintUserMessages: [FirstLevel_C_0] BP_Button139
[2025.12.16-19.25.09:902][250]LogBlueprintUserMessages: [FirstLevel_C_0] BP_Button139
[2025.12.16-19.25.09:913][251]LogBlueprintUserMessages: [FirstLevel_C_0] BP_Button139
[2025.12.16-19.25.09:924][252]LogBlueprintUserMessages: [FirstLevel_C_0] BP_Button139
[2025.12.16-19.25.09:933][253]LogBlueprintUserMessages: [FirstLevel_C_0] BP_Button139
[2025.12.16-19.25.09:944][254]LogBlueprintUserMessages: [FirstLevel_C_0] BP_Button139
[2025.12.16-19.25.09:954][255]LogBlueprintUserMessages: [FirstLevel_C_0] BP_Button139
[2025.12.16-19.25.09:964][256]LogBlueprintUserMessages: [FirstLevel_C_0] BP_Button139
[2025.12.16-19.25.09:975][257]LogBlueprintUserMessages: [FirstLevel_C_0] BP_Button139
[2025.12.16-19.25.09:984][258]LogBlueprintUserMessages: [FirstLevel_C_0] BP_Button139
[2025.12.16-19.25.09:995][259]LogBlueprintUserMessages: [FirstLevel_C_0] BP_Button139
[2025.12.16-19.25.10:006][260]LogBlueprintUserMessages: [FirstLevel_C_0] BP_Button139
[2025.12.16-19.25.10:015][261]LogBlueprintUserMessages: [FirstLevel_C_0] BP_Button139
[2025.12.16-19.25.10:026][262]LogBlueprintUserMessages: [FirstLevel_C_0] BP_Button139
[2025.12.16-19.25.10:036][263]LogBlueprintUserMessages: [FirstLevel_C_0] BP_Button139
[2025.12.16-19.25.10:046][264]LogBlueprintUserMessages: [FirstLevel_C_0] BP_Button139
[2025.12.16-19.25.10:057][265]LogBlueprintUserMessages: [FirstLevel_C_0] BP_Button139
[2025.12.16-19.25.10:066][266]LogBlueprintUserMessages: [FirstLevel_C_0] BP_Button139
[2025.12.16-19.25.10:076][267]LogBlueprintUserMessages: [FirstLevel_C_0] BP_Button139
[2025.12.16-19.25.10:090][268]LogBlueprintUserMessages: [FirstLevel_C_0] BP_Button139
[2025.12.16-19.25.10:098][269]LogBlueprintUserMessages: [FirstLevel_C_0] BP_Button139
[2025.12.16-19.25.10:109][270]LogBlueprintUserMessages: [FirstLevel_C_0] BP_Button139
[2025.12.16-19.25.10:118][271]LogBlueprintUserMessages: [FirstLevel_C_0] BP_Button139
[2025.12.16-19.25.10:129][272]LogBlueprintUserMessages: [FirstLevel_C_0] BP_Button139
[2025.12.16-19.25.10:139][273]LogBlueprintUserMessages: [FirstLevel_C_0] BP_Button139
[2025.12.16-19.25.10:148][274]LogBlueprintUserMessages: [FirstLevel_C_0] BP_Button139
[2025.12.16-19.25.10:159][275]LogBlueprintUserMessages: [FirstLevel_C_0] BP_Button139
[2025.12.16-19.25.10:170][276]LogBlueprintUserMessages: [FirstLevel_C_0] BP_Button139
[2025.12.16-19.25.10:180][277]LogBlueprintUserMessages: [FirstLevel_C_0] BP_Button139
[2025.12.16-19.25.10:191][278]LogBlueprintUserMessages: [FirstLevel_C_0] BP_Button139
[2025.12.16-19.25.10:201][279]LogBlueprintUserMessages: [FirstLevel_C_0] BP_Button139
[2025.12.16-19.25.10:212][280]LogBlueprintUserMessages: [FirstLevel_C_0] BP_Button139
[2025.12.16-19.25.10:223][281]LogBlueprintUserMessages: [FirstLevel_C_0] BP_Button139
[2025.12.16-19.25.10:232][282]LogBlueprintUserMessages: [FirstLevel_C_0] BP_Button139
[2025.12.16-19.25.10:244][283]LogBlueprintUserMessages: [FirstLevel_C_0] BP_Button139
[2025.12.16-19.25.10:254][284]LogBlueprintUserMessages: [FirstLevel_C_0] BP_Button139
[2025.12.16-19.25.10:264][285]LogBlueprintUserMessages: [FirstLevel_C_0] BP_Button139
[2025.12.16-19.25.10:275][286]LogBlueprintUserMessages: [FirstLevel_C_0] BP_Button139
[2025.12.16-19.25.10:284][287]LogBlueprintUserMessages: [FirstLevel_C_0] BP_Button139
[2025.12.16-19.25.10:296][288]LogBlueprintUserMessages: [FirstLevel_C_0] BP_Button139
[2025.12.16-19.25.10:307][289]LogBlueprintUserMessages: [FirstLevel_C_0] BP_Button139
[2025.12.16-19.25.10:316][290]LogBlueprintUserMessages: [FirstLevel_C_0] BP_Button139
[2025.12.16-19.25.10:327][291]LogBlueprintUserMessages: [FirstLevel_C_0] BP_Button139
[2025.12.16-19.25.10:337][292]LogBlueprintUserMessages: [FirstLevel_C_0] BP_Button139
[2025.12.16-19.25.10:346][293]LogBlueprintUserMessages: [FirstLevel_C_0] BP_Button139
[2025.12.16-19.25.10:357][294]LogBlueprintUserMessages: [FirstLevel_C_0] BP_Button139
[2025.12.16-19.25.10:366][295]LogBlueprintUserMessages: [FirstLevel_C_0] BP_Button139
[2025.12.16-19.25.10:378][296]LogBlueprintUserMessages: [FirstLevel_C_0] BP_Button139
[2025.12.16-19.25.10:389][297]LogBlueprintUserMessages: [FirstLevel_C_0] BP_Button139
[2025.12.16-19.25.10:398][298]LogBlueprintUserMessages: [FirstLevel_C_0] BP_Button139
[2025.12.16-19.25.10:410][299]LogBlueprintUserMessages: [FirstLevel_C_0] BP_Button139
[2025.12.16-19.25.10:421][300]LogBlueprintUserMessages: [FirstLevel_C_0] BP_Button139
[2025.12.16-19.25.10:432][301]LogBlueprintUserMessages: [FirstLevel_C_0] BP_Button139
[2025.12.16-19.25.10:442][302]LogBlueprintUserMessages: [FirstLevel_C_0] BP_Button139
[2025.12.16-19.25.10:453][303]LogBlueprintUserMessages: [FirstLevel_C_0] BP_Button139
[2025.12.16-19.25.10:462][304]LogBlueprintUserMessages: [FirstLevel_C_0] BP_Button139
[2025.12.16-19.25.10:474][305]LogBlueprintUserMessages: [FirstLevel_C_0] BP_Button139
[2025.12.16-19.25.13:880][628]LogBlueprintUserMessages: [FirstLevel_C_0] BP_Button139
[2025.12.16-19.25.13:889][629]LogBlueprintUserMessages: [FirstLevel_C_0] BP_Button139
[2025.12.16-19.25.13:900][630]LogBlueprintUserMessages: [FirstLevel_C_0] BP_Button139
[2025.12.16-19.25.13:911][631]LogBlueprintUserMessages: [FirstLevel_C_0] BP_Button139
[2025.12.16-19.25.13:920][632]LogBlueprintUserMessages: [FirstLevel_C_0] BP_Button139
[2025.12.16-19.25.13:930][633]LogBlueprintUserMessages: [FirstLevel_C_0] BP_Button139
[2025.12.16-19.25.13:940][634]LogBlueprintUserMessages: [FirstLevel_C_0] BP_Button139
[2025.12.16-19.25.13:951][635]LogBlueprintUserMessages: [FirstLevel_C_0] BP_Button139
[2025.12.16-19.25.13:962][636]LogBlueprintUserMessages: [FirstLevel_C_0] BP_Button139
[2025.12.16-19.25.13:972][637]LogBlueprintUserMessages: [FirstLevel_C_0] BP_Button139
[2025.12.16-19.25.13:982][638]LogBlueprintUserMessages: [FirstLevel_C_0] BP_Button139
[2025.12.16-19.25.13:994][639]LogBlueprintUserMessages: [FirstLevel_C_0] BP_Button139
[2025.12.16-19.25.14:003][640]LogBlueprintUserMessages: [FirstLevel_C_0] BP_Button139
[2025.12.16-19.25.14:014][641]LogBlueprintUserMessages: [FirstLevel_C_0] BP_Button139
[2025.12.16-19.25.14:023][642]LogBlueprintUserMessages: [FirstLevel_C_0] BP_Button139
[2025.12.16-19.25.14:034][643]LogBlueprintUserMessages: [FirstLevel_C_0] BP_Button139
[2025.12.16-19.25.14:045][644]LogBlueprintUserMessages: [FirstLevel_C_0] BP_Button139
[2025.12.16-19.25.14:054][645]LogBlueprintUserMessages: [FirstLevel_C_0] BP_Button139
[2025.12.16-19.25.14:065][646]LogBlueprintUserMessages: [FirstLevel_C_0] BP_Button139
[2025.12.16-19.25.14:075][647]LogBlueprintUserMessages: [FirstLevel_C_0] BP_Button139
[2025.12.16-19.25.14:085][648]LogBlueprintUserMessages: [FirstLevel_C_0] BP_Button139
[2025.12.16-19.25.14:095][649]LogBlueprintUserMessages: [FirstLevel_C_0] BP_Button139
[2025.12.16-19.25.14:105][650]LogBlueprintUserMessages: [FirstLevel_C_0] BP_Button139
[2025.12.16-19.25.14:115][651]LogBlueprintUserMessages: [FirstLevel_C_0] BP_Button139
[2025.12.16-19.25.14:126][652]LogBlueprintUserMessages: [FirstLevel_C_0] BP_Button139
[2025.12.16-19.25.14:135][653]LogBlueprintUserMessages: [FirstLevel_C_0] BP_Button139
[2025.12.16-19.25.14:145][654]LogBlueprintUserMessages: [FirstLevel_C_0] BP_Button139
[2025.12.16-19.25.14:154][655]LogBlueprintUserMessages: [FirstLevel_C_0] BP_Button139
[2025.12.16-19.25.14:165][656]LogBlueprintUserMessages: [FirstLevel_C_0] BP_Button139
[2025.12.16-19.25.14:176][657]LogBlueprintUserMessages: [FirstLevel_C_0] BP_Button139
[2025.12.16-19.25.14:185][658]LogBlueprintUserMessages: [FirstLevel_C_0] BP_Button139
[2025.12.16-19.25.14:196][659]LogBlueprintUserMessages: [FirstLevel_C_0] BP_Button139
[2025.12.16-19.25.14:205][660]LogBlueprintUserMessages: [FirstLevel_C_0] BP_Button139
[2025.12.16-19.25.14:215][661]LogBlueprintUserMessages: [FirstLevel_C_0] BP_Button139
[2025.12.16-19.25.14:226][662]LogBlueprintUserMessages: [FirstLevel_C_0] BP_Button139
[2025.12.16-19.25.14:235][663]LogBlueprintUserMessages: [FirstLevel_C_0] BP_Button139
[2025.12.16-19.25.14:246][664]LogBlueprintUserMessages: [FirstLevel_C_0] BP_Button139
[2025.12.16-19.25.14:255][665]LogBlueprintUserMessages: [FirstLevel_C_0] BP_Button139
[2025.12.16-19.25.14:266][666]LogBlueprintUserMessages: [FirstLevel_C_0] BP_Button139
[2025.12.16-19.25.14:276][667]LogBlueprintUserMessages: [FirstLevel_C_0] BP_Button139
[2025.12.16-19.25.14:286][668]LogBlueprintUserMessages: [FirstLevel_C_0] BP_Button139
[2025.12.16-19.25.14:297][669]LogBlueprintUserMessages: [FirstLevel_C_0] BP_Button139
[2025.12.16-19.25.14:307][670]LogBlueprintUserMessages: [FirstLevel_C_0] BP_Button139
[2025.12.16-19.25.14:317][671]LogBlueprintUserMessages: [FirstLevel_C_0] BP_Button139
[2025.12.16-19.25.14:328][672]LogBlueprintUserMessages: [FirstLevel_C_0] BP_Button139
[2025.12.16-19.25.14:338][673]LogBlueprintUserMessages: [FirstLevel_C_0] BP_Button139
[2025.12.16-19.25.14:350][674]LogBlueprintUserMessages: [FirstLevel_C_0] BP_Button139
[2025.12.16-19.25.16:893][920]LogBlueprintUserMessages: [FirstLevel_C_0] BP_Button139
[2025.12.16-19.25.16:904][921]LogBlueprintUserMessages: [FirstLevel_C_0] BP_Button139
[2025.12.16-19.25.16:914][922]LogBlueprintUserMessages: [FirstLevel_C_0] BP_Button139
[2025.12.16-19.25.16:924][923]LogBlueprintUserMessages: [FirstLevel_C_0] BP_Button139
[2025.12.16-19.25.16:935][924]LogBlueprintUserMessages: [FirstLevel_C_0] BP_Button139
[2025.12.16-19.25.16:944][925]LogBlueprintUserMessages: [FirstLevel_C_0] BP_Button139
[2025.12.16-19.25.16:955][926]LogBlueprintUserMessages: [FirstLevel_C_0] BP_Button139
[2025.12.16-19.25.16:964][927]LogBlueprintUserMessages: [FirstLevel_C_0] BP_Button139
[2025.12.16-19.25.16:975][928]LogBlueprintUserMessages: [FirstLevel_C_0] BP_Button139
[2025.12.16-19.25.16:986][929]LogBlueprintUserMessages: [FirstLevel_C_0] BP_Button139
[2025.12.16-19.25.16:995][930]LogBlueprintUserMessages: [FirstLevel_C_0] BP_Button139
[2025.12.16-19.25.17:005][931]LogBlueprintUserMessages: [FirstLevel_C_0] BP_Button139
[2025.12.16-19.25.17:014][932]LogBlueprintUserMessages: [FirstLevel_C_0] BP_Button139
[2025.12.16-19.25.17:024][933]LogBlueprintUserMessages: [FirstLevel_C_0] BP_Button139
[2025.12.16-19.25.17:035][934]LogBlueprintUserMessages: [FirstLevel_C_0] BP_Button139
[2025.12.16-19.25.17:044][935]LogBlueprintUserMessages: [FirstLevel_C_0] BP_Button139
[2025.12.16-19.25.17:054][936]LogBlueprintUserMessages: [FirstLevel_C_0] BP_Button139
[2025.12.16-19.25.17:064][937]LogBlueprintUserMessages: [FirstLevel_C_0] BP_Button139
[2025.12.16-19.25.17:074][938]LogBlueprintUserMessages: [FirstLevel_C_0] BP_Button139
[2025.12.16-19.25.17:084][939]LogBlueprintUserMessages: [FirstLevel_C_0] BP_Button139
[2025.12.16-19.25.17:093][940]LogBlueprintUserMessages: [FirstLevel_C_0] BP_Button139
[2025.12.16-19.25.17:104][941]LogBlueprintUserMessages: [FirstLevel_C_0] BP_Button139
[2025.12.16-19.25.17:113][942]LogBlueprintUserMessages: [FirstLevel_C_0] BP_Button139
[2025.12.16-19.25.17:123][943]LogBlueprintUserMessages: [FirstLevel_C_0] BP_Button139
[2025.12.16-19.25.17:133][944]LogBlueprintUserMessages: [FirstLevel_C_0] BP_Button139
[2025.12.16-19.25.17:143][945]LogBlueprintUserMessages: [FirstLevel_C_0] BP_Button139
[2025.12.16-19.25.17:154][946]LogBlueprintUserMessages: [FirstLevel_C_0] BP_Button139
[2025.12.16-19.25.17:163][947]LogBlueprintUserMessages: [FirstLevel_C_0] BP_Button139
[2025.12.16-19.25.17:173][948]LogBlueprintUserMessages: [FirstLevel_C_0] BP_Button139
[2025.12.16-19.25.17:182][949]LogBlueprintUserMessages: [FirstLevel_C_0] BP_Button139
[2025.12.16-19.25.17:194][950]LogBlueprintUserMessages: [FirstLevel_C_0] BP_Button139
[2025.12.16-19.25.17:205][951]LogBlueprintUserMessages: [FirstLevel_C_0] BP_Button139
[2025.12.16-19.25.17:217][952]LogBlueprintUserMessages: [FirstLevel_C_0] BP_Button139
[2025.12.16-19.25.17:226][953]LogBlueprintUserMessages: [FirstLevel_C_0] BP_Button139
[2025.12.16-19.25.17:236][954]LogBlueprintUserMessages: [FirstLevel_C_0] BP_Button139
[2025.12.16-19.25.17:245][955]LogBlueprintUserMessages: [FirstLevel_C_0] BP_Button139
[2025.12.16-19.25.17:256][956]LogBlueprintUserMessages: [FirstLevel_C_0] BP_Button139
[2025.12.16-19.25.17:265][957]LogBlueprintUserMessages: [FirstLevel_C_0] BP_Button139
[2025.12.16-19.25.17:276][958]LogBlueprintUserMessages: [FirstLevel_C_0] BP_Button139
[2025.12.16-19.25.17:287][959]LogBlueprintUserMessages: [FirstLevel_C_0] BP_Button139
[2025.12.16-19.25.17:296][960]LogBlueprintUserMessages: [FirstLevel_C_0] BP_Button139
[2025.12.16-19.25.17:307][961]LogBlueprintUserMessages: [FirstLevel_C_0] BP_Button139
[2025.12.16-19.25.17:318][962]LogBlueprintUserMessages: [FirstLevel_C_0] BP_Button139
[2025.12.16-19.25.17:326][963]LogBlueprintUserMessages: [FirstLevel_C_0] BP_Button139
[2025.12.16-19.25.17:885][ 15]LogSlate: Updating window title bar state: overlay mode, drag disabled, window buttons hidden, title bar hidden
[2025.12.16-19.25.17:885][ 15]LogWorld: BeginTearingDown for /Game/Workplace/Maps/UEDPIE_0_FirstLevel
[2025.12.16-19.25.17:886][ 15]LogSlate: Window 'Mini_laboratory Preview [NetMode: Standalone]  (64-bit/Windows) ' being destroyed
[2025.12.16-19.25.17:890][ 15]LogWorld: UWorld::CleanupWorld for FirstLevel, bSessionEnded=true, bCleanupResources=true
[2025.12.16-19.25.17:890][ 15]LogSlate: InvalidateAllWidgets triggered.  All widgets were invalidated
[2025.12.16-19.25.17:904][ 15]LogPlayLevel: Display: Shutting down PIE online subsystems
[2025.12.16-19.25.17:909][ 15]LogSlate: InvalidateAllWidgets triggered.  All widgets were invalidated
[2025.12.16-19.25.17:928][ 15]LogAudioMixer: FMixerPlatformXAudio2::StopAudioStream() called
[2025.12.16-19.25.17:929][ 15]LogAudioMixer: FMixerPlatformXAudio2::StopAudioStream() called
[2025.12.16-19.25.17:937][ 15]LogUObjectHash: Compacting FUObjectHashTables data took   1.66ms
[2025.12.16-19.25.17:978][ 17]LogPlayLevel: Display: Destroying online subsystem :Context_44
[2025.12.16-19.25.27:231][968]LogUObjectHash: Compacting FUObjectHashTables data took   1.70ms
[2025.12.16-19.25.27:281][968]LogAssetEditorSubsystem: Opening Asset editor for World /Game/Workplace/Maps/FirstLevel.FirstLevel
[2025.12.16-19.25.27:281][968]Cmd: MAP LOAD FILE="../../../../../../WORKPLACE/Mini_laboratory/MEPhI_VR_term_1/Mini_laboratory/Content/Workplace/Maps/FirstLevel.umap" TEMPLATE=0 SHOWPROGRESS=1 FEATURELEVEL=3
[2025.12.16-19.25.27:281][968]LightingResults: New page: Lighting Build
[2025.12.16-19.25.27:281][968]LoadErrors: New page: Loading map: FirstLevel.umap
[2025.12.16-19.25.27:282][968]LogWorld: UWorld::CleanupWorld for StartMenu, bSessionEnded=true, bCleanupResources=true
[2025.12.16-19.25.27:282][968]LogSlate: InvalidateAllWidgets triggered.  All widgets were invalidated
[2025.12.16-19.25.27:282][968]MapCheck: New page: Map Check
[2025.12.16-19.25.27:282][968]LightingResults: New page: Lighting Build
[2025.12.16-19.25.27:301][968]LogAudio: Display: Audio Device unregistered from world 'None'.
[2025.12.16-19.25.27:305][968]LogUObjectHash: Compacting FUObjectHashTables data took   3.04ms
[2025.12.16-19.25.27:306][968]LogAudio: Display: Audio Device (ID: 1) registered with world 'FirstLevel'.
[2025.12.16-19.25.27:376][968]LogEditorServer: Finished looking for orphan Actors (0.000 secs)
[2025.12.16-19.25.27:376][968]LogAIModule: Creating AISystem for world FirstLevel
[2025.12.16-19.25.27:397][968]LogUObjectHash: Compacting FUObjectHashTables data took   1.77ms
[2025.12.16-19.25.27:401][968]Cmd: MAP CHECKDEP NOCLEARLOG
[2025.12.16-19.25.27:401][968]MapCheck: Map check complete: 0 Error(s), 0 Warning(s), took 0,063ms to complete.
[2025.12.16-19.25.27:401][968]LogFileHelpers: Loading map 'FirstLevel' took 0.120
[2025.12.16-19.25.51:685][ 68]LogEditorViewport: Clicking on Actor (LMB): BP_TestClickActor2_C (BP_TestClickActor2)
[2025.12.16-19.25.56:331][470]LogAssetEditorSubsystem: Opening Asset editor for Blueprint /Game/Workplace/Blueprints/BP_Button.BP_Button
[2025.12.16-19.26.00:038][838]LogWorld: UWorld::CleanupWorld for World_101, bSessionEnded=true, bCleanupResources=true
[2025.12.16-19.26.00:038][838]LogSlate: InvalidateAllWidgets triggered.  All widgets were invalidated
[2025.12.16-19.26.38:781][583]LogWindowsTextInputMethodSystem: Display: IME system deactivated.
[2025.12.16-19.26.38:781][583]LogWindowsTextInputMethodSystem: Display: IME system deactivated.
[2025.12.16-19.27.23:958][553]BlueprintLog: New page: Compile BP_3DPrinter
[2025.12.16-19.27.24:007][553]LogUObjectHash: Compacting FUObjectHashTables data took   2.24ms
[2025.12.16-19.27.24:462][596]LogSavePackage: Moving '../../../../../../WORKPLACE/Mini_laboratory/MEPhI_VR_term_1/Mini_laboratory/Saved/BP_3DPrinter73BDB44048944CC01247B0AA6F10BFD5.tmp' to '../../../../../../WORKPLACE/Mini_laboratory/MEPhI_VR_term_1/Mini_laboratory/Content/Workplace/Blueprints/BP_3DPrinter.uasset'
[2025.12.16-19.27.24:485][596]AssetCheck: New page: Asset Save: BP_3DPrinter
[2025.12.16-19.27.24:485][596]LogContentValidation: Display: Validating Blueprint /Game/Workplace/Blueprints/BP_3DPrinter.BP_3DPrinter
[2025.12.16-19.27.24:858][638]BlueprintLog: New page: Compile BP_3DPrinter
[2025.12.16-19.27.24:899][638]LogUObjectHash: Compacting FUObjectHashTables data took   2.15ms
[2025.12.16-19.27.25:377][687]LogSavePackage: Moving '../../../../../../WORKPLACE/Mini_laboratory/MEPhI_VR_term_1/Mini_laboratory/Saved/BP_3DPrinterA2E9139F48701D978654209B2A7C9E02.tmp' to '../../../../../../WORKPLACE/Mini_laboratory/MEPhI_VR_term_1/Mini_laboratory/Content/Workplace/Blueprints/BP_3DPrinter.uasset'
[2025.12.16-19.27.25:398][687]AssetCheck: New page: Asset Save: BP_3DPrinter
[2025.12.16-19.27.25:398][687]LogContentValidation: Display: Validating Blueprint /Game/Workplace/Blueprints/BP_3DPrinter.BP_3DPrinter
[2025.12.16-19.28.08:686][  5]LogWindowsTextInputMethodSystem: Display: IME system deactivated.
[2025.12.16-19.28.08:686][  5]LogWindowsTextInputMethodSystem: Display: IME system deactivated.
[2025.12.16-19.28.19:171][888]BlueprintLog: New page: Compile BP_3DPrinter
[2025.12.16-19.28.19:216][888]LogUObjectHash: Compacting FUObjectHashTables data took   2.21ms
[2025.12.16-19.28.19:827][946]LogSavePackage: Moving '../../../../../../WORKPLACE/Mini_laboratory/MEPhI_VR_term_1/Mini_laboratory/Saved/BP_3DPrinter533C22184B0FC90F8EFB31B0EC119D91.tmp' to '../../../../../../WORKPLACE/Mini_laboratory/MEPhI_VR_term_1/Mini_laboratory/Content/Workplace/Blueprints/BP_3DPrinter.uasset'
[2025.12.16-19.28.19:841][946]AssetCheck: New page: Asset Save: BP_3DPrinter
[2025.12.16-19.28.19:841][946]LogContentValidation: Display: Validating Blueprint /Game/Workplace/Blueprints/BP_3DPrinter.BP_3DPrinter
[2025.12.16-19.28.23:468][249]LogUObjectHash: Compacting FUObjectHashTables data took   2.00ms
[2025.12.16-19.28.23:516][249]LogUObjectHash: Compacting FUObjectHashTables data took   0.45ms
[2025.12.16-19.28.23:546][249]LogSavePackage: Moving '../../../../../../WORKPLACE/Mini_laboratory/MEPhI_VR_term_1/Mini_laboratory/Saved/FirstLevel96655E8D474C18839A46A7B2190CCB22.tmp' to '../../../../../../WORKPLACE/Mini_laboratory/MEPhI_VR_term_1/Mini_laboratory/Content/Workplace/Maps/FirstLevel.umap'
[2025.12.16-19.28.23:550][249]LogFileHelpers: Saving map 'FirstLevel' took 0.070
[2025.12.16-19.28.23:576][249]AssetCheck: New page: Asset Save: FirstLevel
[2025.12.16-19.28.23:576][249]LogContentValidation: Display: Validating World /Game/Workplace/Maps/FirstLevel.FirstLevel
[2025.12.16-19.29.37:203][857]BlueprintLog: New page: Compile BP_3DPrinter
[2025.12.16-19.29.37:247][857]LogUObjectHash: Compacting FUObjectHashTables data took   1.98ms
[2025.12.16-19.29.38:031][937]LogSavePackage: Moving '../../../../../../WORKPLACE/Mini_laboratory/MEPhI_VR_term_1/Mini_laboratory/Saved/BP_3DPrinter1285C1E3407C9FE0193379952888BB56.tmp' to '../../../../../../WORKPLACE/Mini_laboratory/MEPhI_VR_term_1/Mini_laboratory/Content/Workplace/Blueprints/BP_3DPrinter.uasset'
[2025.12.16-19.29.38:057][937]AssetCheck: New page: Asset Save: BP_3DPrinter
[2025.12.16-19.29.38:057][937]LogContentValidation: Display: Validating Blueprint /Game/Workplace/Blueprints/BP_3DPrinter.BP_3DPrinter
[2025.12.16-19.29.44:930][730]BlueprintLog: New page: Compile BP_3DPrinter
[2025.12.16-19.29.44:977][730]LogUObjectHash: Compacting FUObjectHashTables data took   2.24ms
[2025.12.16-19.29.45:559][790]LogSavePackage: Moving '../../../../../../WORKPLACE/Mini_laboratory/MEPhI_VR_term_1/Mini_laboratory/Saved/BP_3DPrinter21AC30ED49B7319CD1DEE29004F03F2D.tmp' to '../../../../../../WORKPLACE/Mini_laboratory/MEPhI_VR_term_1/Mini_laboratory/Content/Workplace/Blueprints/BP_3DPrinter.uasset'
[2025.12.16-19.29.45:572][790]AssetCheck: New page: Asset Save: BP_3DPrinter
[2025.12.16-19.29.45:572][790]LogContentValidation: Display: Validating Blueprint /Game/Workplace/Blueprints/BP_3DPrinter.BP_3DPrinter
[2025.12.16-19.29.49:986][194]LogUObjectHash: Compacting FUObjectHashTables data took   2.18ms
[2025.12.16-19.29.50:033][194]LogUObjectHash: Compacting FUObjectHashTables data took   0.44ms
[2025.12.16-19.29.50:058][194]LogSavePackage: Moving '../../../../../../WORKPLACE/Mini_laboratory/MEPhI_VR_term_1/Mini_laboratory/Saved/FirstLevel39ABBD8C4E1BFA40EE90FF819D734C04.tmp' to '../../../../../../WORKPLACE/Mini_laboratory/MEPhI_VR_term_1/Mini_laboratory/Content/Workplace/Maps/FirstLevel.umap'
[2025.12.16-19.29.50:062][194]LogFileHelpers: Saving map 'FirstLevel' took 0.052
[2025.12.16-19.29.50:077][194]AssetCheck: New page: Asset Save: FirstLevel
[2025.12.16-19.29.50:077][194]LogContentValidation: Display: Validating World /Game/Workplace/Maps/FirstLevel.FirstLevel
[2025.12.16-19.29.51:365][340]LogEditorViewport: Clicking on Actor (LMB): BP_3DPrinter_C (BP_3DPrinter)
[2025.12.16-19.29.52:368][455]Cmd: DELETE
[2025.12.16-19.29.52:368][455]Cmd: ACTOR DELETE
[2025.12.16-19.29.52:410][455]LogEditorActor: Deleted Actor: BP_3DPrinter_C
[2025.12.16-19.29.52:432][455]LogUObjectHash: Compacting FUObjectHashTables data took   1.98ms
[2025.12.16-19.29.52:434][455]LogEditorActor: Deleted 1 Actors (0.026 secs)
[2025.12.16-19.30.19:410][389]BlueprintLog: New page: Compile BP_3DPrinter
[2025.12.16-19.30.19:455][389]LogUObjectHash: Compacting FUObjectHashTables data took   1.80ms
[2025.12.16-19.30.19:986][433]LogSavePackage: Moving '../../../../../../WORKPLACE/Mini_laboratory/MEPhI_VR_term_1/Mini_laboratory/Saved/BP_3DPrinterC763198441A0E97E73B4229D0B1A5C9D.tmp' to '../../../../../../WORKPLACE/Mini_laboratory/MEPhI_VR_term_1/Mini_laboratory/Content/Workplace/Blueprints/BP_3DPrinter.uasset'
[2025.12.16-19.30.20:005][433]AssetCheck: New page: Asset Save: BP_3DPrinter
[2025.12.16-19.30.20:005][433]LogContentValidation: Display: Validating Blueprint /Game/Workplace/Blueprints/BP_3DPrinter.BP_3DPrinter
[2025.12.16-19.31.25:871][330]BlueprintLog: New page: Compile BP_3DPrinter
[2025.12.16-19.31.25:918][330]LogUObjectHash: Compacting FUObjectHashTables data took   2.14ms
[2025.12.16-19.31.27:334][483]LogSavePackage: Moving '../../../../../../WORKPLACE/Mini_laboratory/MEPhI_VR_term_1/Mini_laboratory/Saved/BP_3DPrinter4A25AEB8461E0C99BD0438A6C9862E15.tmp' to '../../../../../../WORKPLACE/Mini_laboratory/MEPhI_VR_term_1/Mini_laboratory/Content/Workplace/Blueprints/BP_3DPrinter.uasset'
[2025.12.16-19.31.27:351][483]AssetCheck: New page: Asset Save: BP_3DPrinter
[2025.12.16-19.31.27:351][483]LogContentValidation: Display: Validating Blueprint /Game/Workplace/Blueprints/BP_3DPrinter.BP_3DPrinter
[2025.12.16-19.31.48:629][773]BlueprintLog: New page: Compile BP_3DPrinter
[2025.12.16-19.31.48:677][773]LogUObjectHash: Compacting FUObjectHashTables data took   2.23ms
[2025.12.16-19.31.49:125][820]LogSavePackage: Moving '../../../../../../WORKPLACE/Mini_laboratory/MEPhI_VR_term_1/Mini_laboratory/Saved/BP_3DPrinter756DAB744C13ED13C6AE0C95F84FF58E.tmp' to '../../../../../../WORKPLACE/Mini_laboratory/MEPhI_VR_term_1/Mini_laboratory/Content/Workplace/Blueprints/BP_3DPrinter.uasset'
[2025.12.16-19.31.49:202][820]AssetCheck: New page: Asset Save: BP_3DPrinter
[2025.12.16-19.31.49:202][820]LogContentValidation: Display: Validating Blueprint /Game/Workplace/Blueprints/BP_3DPrinter.BP_3DPrinter
[2025.12.16-19.31.51:052][991]LogEditorViewport: Clicking on Actor (LMB): BP_3DPrinter_C (BP_3DPrinter)
[2025.12.16-19.31.52:319][127]Cmd: DELETE
[2025.12.16-19.31.52:319][127]Cmd: ACTOR DELETE
[2025.12.16-19.31.52:321][127]LogEditorActor: Deleted Actor: BP_3DPrinter_C
[2025.12.16-19.31.52:349][127]LogUObjectHash: Compacting FUObjectHashTables data took   2.00ms
[2025.12.16-19.31.52:350][127]LogEditorActor: Deleted 1 Actors (0.031 secs)
[2025.12.16-19.32.17:955][692]LogEditorTransaction: Undo Make New Scene Root
[2025.12.16-19.32.40:451][225]BlueprintLog: New page: Compile BP_3DPrinter
[2025.12.16-19.32.40:523][225]LogUObjectHash: Compacting FUObjectHashTables data took   2.03ms
[2025.12.16-19.32.41:114][287]LogSavePackage: Moving '../../../../../../WORKPLACE/Mini_laboratory/MEPhI_VR_term_1/Mini_laboratory/Saved/BP_3DPrinter0E7D2C4E4D40310CB6C5E68AE86536E8.tmp' to '../../../../../../WORKPLACE/Mini_laboratory/MEPhI_VR_term_1/Mini_laboratory/Content/Workplace/Blueprints/BP_3DPrinter.uasset'
[2025.12.16-19.32.41:131][287]AssetCheck: New page: Asset Save: BP_3DPrinter
[2025.12.16-19.32.41:131][287]LogContentValidation: Display: Validating Blueprint /Game/Workplace/Blueprints/BP_3DPrinter.BP_3DPrinter
[2025.12.16-19.32.42:749][448]LogUObjectHash: Compacting FUObjectHashTables data took   2.03ms
[2025.12.16-19.32.42:779][448]LogSavePackage: Moving '../../../../../../WORKPLACE/Mini_laboratory/MEPhI_VR_term_1/Mini_laboratory/Saved/FirstLevelACB9AAA5474C359553A067B2C81D6124.tmp' to '../../../../../../WORKPLACE/Mini_laboratory/MEPhI_VR_term_1/Mini_laboratory/Content/Workplace/Maps/FirstLevel.umap'
[2025.12.16-19.32.42:841][448]LogSavePackage: Moving '../../../../../../WORKPLACE/Mini_laboratory/MEPhI_VR_term_1/Mini_laboratory/Saved/FirstLevel_BuiltDataE1202ED244A269B48951B792ED03049C.tmp' to '../../../../../../WORKPLACE/Mini_laboratory/MEPhI_VR_term_1/Mini_laboratory/Content/Workplace/Maps/FirstLevel_BuiltData.uasset'
[2025.12.16-19.32.42:864][448]AssetCheck: New page: Asset Save: multiple assets
[2025.12.16-19.32.42:864][448]LogContentValidation: Display: Validating MapBuildDataRegistry /Game/Workplace/Maps/FirstLevel_BuiltData.FirstLevel_BuiltData
[2025.12.16-19.32.42:864][448]LogContentValidation: Display: Validating World /Game/Workplace/Maps/FirstLevel.FirstLevel
[2025.12.16-19.32.44:890][651]LogUObjectHash: Compacting FUObjectHashTables data took   1.82ms
[2025.12.16-19.32.50:858][230]LogUObjectHash: Compacting FUObjectHashTables data took   1.45ms
[2025.12.16-19.32.50:885][230]LogSavePackage: Moving '../../../../../../WORKPLACE/Mini_laboratory/MEPhI_VR_term_1/Mini_laboratory/Saved/FirstLevelE7486BC046E372CACFCA10A612745588.tmp' to '../../../../../../WORKPLACE/Mini_laboratory/MEPhI_VR_term_1/Mini_laboratory/Content/Workplace/Maps/FirstLevel.umap'
[2025.12.16-19.32.50:902][230]LogSavePackage: Moving '../../../../../../WORKPLACE/Mini_laboratory/MEPhI_VR_term_1/Mini_laboratory/Saved/FirstLevel_BuiltData5745E6F1464471CA7D18C299EDDE5FE8.tmp' to '../../../../../../WORKPLACE/Mini_laboratory/MEPhI_VR_term_1/Mini_laboratory/Content/Workplace/Maps/FirstLevel_BuiltData.uasset'
[2025.12.16-19.32.50:921][230]AssetCheck: New page: Asset Save: multiple assets
[2025.12.16-19.32.50:921][230]LogContentValidation: Display: Validating MapBuildDataRegistry /Game/Workplace/Maps/FirstLevel_BuiltData.FirstLevel_BuiltData
[2025.12.16-19.32.50:921][230]LogContentValidation: Display: Validating World /Game/Workplace/Maps/FirstLevel.FirstLevel
[2025.12.16-19.33.00:732][ 84]LogUObjectHash: Compacting FUObjectHashTables data took   1.82ms
[2025.12.16-19.33.01:831][ 84]LogSlate: Window 'Save Content' being destroyed
[2025.12.16-19.33.01:858][ 84]LogSavePackage: Moving '../../../../../../WORKPLACE/Mini_laboratory/MEPhI_VR_term_1/Mini_laboratory/Saved/BP_3DPrinter1AC730144F44478DC474CDA7F94768F8.tmp' to '../../../../../../WORKPLACE/Mini_laboratory/MEPhI_VR_term_1/Mini_laboratory/Content/Workplace/Blueprints/BP_3DPrinter.uasset'
[2025.12.16-19.33.01:926][ 84]LogAssetEditorSubsystem: Opening Asset editor for World /Game/Workplace/Maps/StartMenu.StartMenu
[2025.12.16-19.33.01:926][ 84]Cmd: MAP LOAD FILE="../../../../../../WORKPLACE/Mini_laboratory/MEPhI_VR_term_1/Mini_laboratory/Content/Workplace/Maps/StartMenu.umap" TEMPLATE=0 SHOWPROGRESS=1 FEATURELEVEL=3
[2025.12.16-19.33.01:926][ 84]LightingResults: New page: Lighting Build
[2025.12.16-19.33.01:926][ 84]LoadErrors: New page: Loading map: StartMenu.umap
[2025.12.16-19.33.01:928][ 84]LogWorld: UWorld::CleanupWorld for FirstLevel, bSessionEnded=true, bCleanupResources=true
[2025.12.16-19.33.01:928][ 84]LogSlate: InvalidateAllWidgets triggered.  All widgets were invalidated
[2025.12.16-19.33.01:929][ 84]MapCheck: New page: Map Check
[2025.12.16-19.33.01:929][ 84]LightingResults: New page: Lighting Build
[2025.12.16-19.33.01:953][ 84]LogAudio: Display: Audio Device unregistered from world 'None'.
[2025.12.16-19.33.01:956][ 84]LogUObjectHash: Compacting FUObjectHashTables data took   2.15ms
[2025.12.16-19.33.01:957][ 84]LogAudio: Display: Audio Device (ID: 1) registered with world 'StartMenu'.
[2025.12.16-19.33.01:978][ 84]LogEditorServer: Finished looking for orphan Actors (0.000 secs)
[2025.12.16-19.33.01:978][ 84]LogAIModule: Creating AISystem for world StartMenu
[2025.12.16-19.33.02:004][ 84]LogUObjectHash: Compacting FUObjectHashTables data took   1.64ms
[2025.12.16-19.33.02:008][ 84]Cmd: MAP CHECKDEP NOCLEARLOG
[2025.12.16-19.33.02:008][ 84]MapCheck: Map check complete: 0 Error(s), 0 Warning(s), took 0,059ms to complete.
[2025.12.16-19.33.02:008][ 84]LogFileHelpers: Loading map 'StartMenu' took 0.082
[2025.12.16-19.33.02:029][ 84]AssetCheck: New page: Asset Save: BP_3DPrinter
[2025.12.16-19.33.02:029][ 84]LogContentValidation: Display: Validating Blueprint /Game/Workplace/Blueprints/BP_3DPrinter.BP_3DPrinter
[2025.12.16-19.33.04:379][313]LogTemp: Repeating last play command: New Editor Window (PIE)
[2025.12.16-19.33.04:384][313]LogPlayLevel: PlayLevel: No blueprints needed recompiling
[2025.12.16-19.33.04:384][313]PIE: New page: PIE session: StartMenu (17 дек. 2025 г., 01:33:04)
[2025.12.16-19.33.04:384][313]LogPlayLevel: Creating play world package: /Game/Workplace/Maps/UEDPIE_0_StartMenu
[2025.12.16-19.33.04:385][313]LogPlayLevel: PIE: StaticDuplicateObject took: (0.000899s)
[2025.12.16-19.33.04:385][313]LogAIModule: Creating AISystem for world StartMenu
[2025.12.16-19.33.04:385][313]LogPlayLevel: PIE: World Init took: (0.000781s)
[2025.12.16-19.33.04:386][313]LogPlayLevel: PIE: Created PIE world by copying editor world from /Game/Workplace/Maps/StartMenu.StartMenu to /Game/Workplace/Maps/UEDPIE_0_StartMenu.StartMenu (0.001761s)
[2025.12.16-19.33.04:408][313]LogUObjectHash: Compacting FUObjectHashTables data took   1.85ms
[2025.12.16-19.33.04:408][313]LogAudio: Display: Creating Audio Device:                 Id: 16, Scope: Unique, Realtime: True
[2025.12.16-19.33.04:408][313]LogAudioMixer: Display: Audio Mixer Platform Settings:
[2025.12.16-19.33.04:408][313]LogAudioMixer: Display: 	Sample Rate:						  48000
[2025.12.16-19.33.04:408][313]LogAudioMixer: Display: 	Callback Buffer Frame Size Requested: 1024
[2025.12.16-19.33.04:408][313]LogAudioMixer: Display: 	Callback Buffer Frame Size To Use:	  1024
[2025.12.16-19.33.04:409][313]LogAudioMixer: Display: 	Number of buffers to queue:			  2
[2025.12.16-19.33.04:409][313]LogAudioMixer: Display: 	Max Channels (voices):				  32
[2025.12.16-19.33.04:409][313]LogAudioMixer: Display: 	Number of Async Source Workers:		  0
[2025.12.16-19.33.04:409][313]LogAudio: Display: AudioDevice MaxSources: 32
[2025.12.16-19.33.04:409][313]LogAudio: Display: Audio Spatialization Plugin: None (built-in).
[2025.12.16-19.33.04:409][313]LogAudio: Display: Audio Reverb Plugin: None (built-in).
[2025.12.16-19.33.04:409][313]LogAudio: Display: Audio Occlusion Plugin: None (built-in).
[2025.12.16-19.33.04:409][313]LogAudioMixer: Display: Initializing audio mixer.
[2025.12.16-19.33.04:415][313]LogAudioMixer: Display: 0: FrontLeft
[2025.12.16-19.33.04:415][313]LogAudioMixer: Display: 1: FrontRight
[2025.12.16-19.33.04:428][313]LogAudioMixer: Display: Using Audio Device Динамики (Realtek(R) Audio)
[2025.12.16-19.33.04:428][313]LogAudioMixer: Display: Initializing Sound Submixes...
[2025.12.16-19.33.04:428][313]LogAudioMixer: Display: Creating Master Submix 'MasterSubmixDefault'
[2025.12.16-19.33.04:428][313]LogAudioMixer: Display: Creating Master Submix 'MasterReverbSubmixDefault'
[2025.12.16-19.33.04:429][313]LogAudioMixer: Display: Creating Master Submix 'MasterEQSubmixDefault'
[2025.12.16-19.33.04:429][313]LogAudioMixer: FMixerPlatformXAudio2::StartAudioStream() called
[2025.12.16-19.33.04:429][313]LogAudioMixer: Display: Output buffers initialized: Frames=1024, Channels=2, Samples=2048
[2025.12.16-19.33.04:430][313]LogAudioMixer: Display: Starting AudioMixerPlatformInterface::RunInternal()
[2025.12.16-19.33.04:430][313]LogAudioMixer: Display: FMixerPlatformXAudio2::SubmitBuffer() called for the first time
[2025.12.16-19.33.04:430][313]LogInit: FAudioDevice initialized.
[2025.12.16-19.33.04:430][313]LogAudio: Display: Audio Device (ID: 16) registered with world 'StartMenu'.
[2025.12.16-19.33.04:479][313]LogSlate: Updating window title bar state: overlay mode, drag disabled, window buttons hidden, title bar hidden
[2025.12.16-19.33.04:479][313]LogLoad: Game class is 'BP_GameMode_C'
[2025.12.16-19.33.04:480][313]LogWorld: Bringing World /Game/Workplace/Maps/UEDPIE_0_StartMenu.StartMenu up for play (max tick rate 0) at 2025.12.16-22.33.04
[2025.12.16-19.33.04:480][313]LogWorld: Bringing up level for play took: 0.000388
[2025.12.16-19.33.04:480][313]LogOnline: OSS: Creating online subsystem instance for: :Context_46
[2025.12.16-19.33.04:482][313]LogSpawn: Warning: SpawnActor failed because no class was specified
[2025.12.16-19.33.04:484][313]LogPlayerController: Error: InputMode:UIOnly - Attempting to focus Non-Focusable widget SObjectWidget [Widget.cpp(799)]!
[2025.12.16-19.33.04:484][313]LogViewport: Display: Viewport MouseLockMode Changed, LockOnCapture -> DoNotLock
[2025.12.16-19.33.04:484][313]LogViewport: Display: Viewport MouseCaptureMode Changed, CapturePermanently_IncludingInitialMouseDown -> NoCapture
[2025.12.16-19.33.04:485][313]PIE: Server logged in
[2025.12.16-19.33.04:486][313]PIE: Play in editor total start time 0,102 seconds.
[2025.12.16-19.33.05:180][379]LogViewport: Display: Viewport MouseLockMode Changed, DoNotLock -> LockOnCapture
[2025.12.16-19.33.05:180][379]LogViewport: Display: Viewport MouseCaptureMode Changed, NoCapture -> CapturePermanently
[2025.12.16-19.33.05:181][379]LogNet: Browse: /Game/Workplace/Maps/FirstLevel
[2025.12.16-19.33.05:181][379]LogLoad: LoadMap: /Game/Workplace/Maps/FirstLevel
[2025.12.16-19.33.05:181][379]LogWorld: BeginTearingDown for /Game/Workplace/Maps/UEDPIE_0_StartMenu
[2025.12.16-19.33.05:181][379]LogWorld: UWorld::CleanupWorld for StartMenu, bSessionEnded=true, bCleanupResources=true
[2025.12.16-19.33.05:181][379]LogSlate: InvalidateAllWidgets triggered.  All widgets were invalidated
[2025.12.16-19.33.05:234][379]LogAudio: Display: Audio Device unregistered from world 'None'.
[2025.12.16-19.33.05:236][379]LogUObjectHash: Compacting FUObjectHashTables data took   1.63ms
[2025.12.16-19.33.05:255][379]LogAudio: Display: Audio Device (ID: 16) registered with world 'FirstLevel'.
[2025.12.16-19.33.05:256][379]LogAIModule: Creating AISystem for world FirstLevel
[2025.12.16-19.33.05:256][379]LogLoad: Game class is 'BP_GameMode_C'
[2025.12.16-19.33.05:263][379]LogWorld: Bringing World /Game/Workplace/Maps/UEDPIE_0_FirstLevel.FirstLevel up for play (max tick rate 0) at 2025.12.16-22.33.05
[2025.12.16-19.33.05:264][379]LogWorld: Bringing up level for play took: 0.006626
[2025.12.16-19.33.05:264][379]LogSpawn: Warning: SpawnActor failed because no class was specified
[2025.12.16-19.33.05:265][379]LogLoad: Took 0.083742 seconds to LoadMap(/Game/Workplace/Maps/FirstLevel)
[2025.12.16-19.33.06:840][530]LogBlueprintUserMessages: [FirstLevel_C_0] BP_Button408
[2025.12.16-19.33.06:850][531]LogBlueprintUserMessages: [FirstLevel_C_0] BP_Button408
[2025.12.16-19.33.06:861][532]LogBlueprintUserMessages: [FirstLevel_C_0] BP_Button408
[2025.12.16-19.33.06:871][533]LogBlueprintUserMessages: [FirstLevel_C_0] BP_Button408
[2025.12.16-19.33.06:881][534]LogBlueprintUserMessages: [FirstLevel_C_0] BP_Button408
[2025.12.16-19.33.06:892][535]LogBlueprintUserMessages: [FirstLevel_C_0] BP_Button408
[2025.12.16-19.33.06:902][536]LogBlueprintUserMessages: [FirstLevel_C_0] BP_Button408
[2025.12.16-19.33.06:912][537]LogBlueprintUserMessages: [FirstLevel_C_0] BP_Button408
[2025.12.16-19.33.06:924][538]LogBlueprintUserMessages: [FirstLevel_C_0] BP_Button408
[2025.12.16-19.33.06:933][539]LogBlueprintUserMessages: [FirstLevel_C_0] BP_Button408
[2025.12.16-19.33.06:945][540]LogBlueprintUserMessages: [FirstLevel_C_0] BP_Button408
[2025.12.16-19.33.06:956][541]LogBlueprintUserMessages: [FirstLevel_C_0] BP_Button408
[2025.12.16-19.33.06:966][542]LogBlueprintUserMessages: [FirstLevel_C_0] BP_Button408
[2025.12.16-19.33.06:977][543]LogBlueprintUserMessages: [FirstLevel_C_0] BP_Button408
[2025.12.16-19.33.06:988][544]LogBlueprintUserMessages: [FirstLevel_C_0] BP_Button408
[2025.12.16-19.33.06:998][545]LogBlueprintUserMessages: [FirstLevel_C_0] BP_Button408
[2025.12.16-19.33.07:009][546]LogBlueprintUserMessages: [FirstLevel_C_0] BP_Button408
[2025.12.16-19.33.07:020][547]LogBlueprintUserMessages: [FirstLevel_C_0] BP_Button408
[2025.12.16-19.33.07:030][548]LogBlueprintUserMessages: [FirstLevel_C_0] BP_Button408
[2025.12.16-19.33.07:042][549]LogBlueprintUserMessages: [FirstLevel_C_0] BP_Button408
[2025.12.16-19.33.07:054][550]LogBlueprintUserMessages: [FirstLevel_C_0] BP_Button408
[2025.12.16-19.33.07:064][551]LogBlueprintUserMessages: [FirstLevel_C_0] BP_Button408
[2025.12.16-19.33.07:076][552]LogBlueprintUserMessages: [FirstLevel_C_0] BP_Button408
[2025.12.16-19.33.07:087][553]LogBlueprintUserMessages: [FirstLevel_C_0] BP_Button408
[2025.12.16-19.33.07:095][554]LogBlueprintUserMessages: [FirstLevel_C_0] BP_Button408
[2025.12.16-19.33.07:107][555]LogBlueprintUserMessages: [FirstLevel_C_0] BP_Button408
[2025.12.16-19.33.07:118][556]LogBlueprintUserMessages: [FirstLevel_C_0] BP_Button408
[2025.12.16-19.33.07:128][557]LogBlueprintUserMessages: [FirstLevel_C_0] BP_Button408
[2025.12.16-19.33.07:139][558]LogBlueprintUserMessages: [FirstLevel_C_0] BP_Button408
[2025.12.16-19.33.07:149][559]LogBlueprintUserMessages: [FirstLevel_C_0] BP_Button408
[2025.12.16-19.33.07:161][560]LogBlueprintUserMessages: [FirstLevel_C_0] BP_Button408
[2025.12.16-19.33.07:173][561]LogBlueprintUserMessages: [FirstLevel_C_0] BP_Button408
[2025.12.16-19.33.07:182][562]LogBlueprintUserMessages: [FirstLevel_C_0] BP_Button408
[2025.12.16-19.33.07:194][563]LogBlueprintUserMessages: [FirstLevel_C_0] BP_Button408
[2025.12.16-19.33.07:206][564]LogBlueprintUserMessages: [FirstLevel_C_0] BP_Button408
[2025.12.16-19.33.07:215][565]LogBlueprintUserMessages: [FirstLevel_C_0] BP_Button408
[2025.12.16-19.33.07:227][566]LogBlueprintUserMessages: [FirstLevel_C_0] BP_Button408
[2025.12.16-19.33.07:238][567]LogBlueprintUserMessages: [FirstLevel_C_0] BP_Button408
[2025.12.16-19.33.07:248][568]LogBlueprintUserMessages: [FirstLevel_C_0] BP_Button408
[2025.12.16-19.33.07:259][569]LogBlueprintUserMessages: [FirstLevel_C_0] BP_Button408
[2025.12.16-19.33.07:270][570]LogBlueprintUserMessages: [FirstLevel_C_0] BP_Button408
[2025.12.16-19.33.07:280][571]LogBlueprintUserMessages: [FirstLevel_C_0] BP_Button408
[2025.12.16-19.33.07:292][572]LogBlueprintUserMessages: [FirstLevel_C_0] BP_Button408
[2025.12.16-19.33.07:304][573]LogBlueprintUserMessages: [FirstLevel_C_0] BP_Button408
[2025.12.16-19.33.07:313][574]LogBlueprintUserMessages: [FirstLevel_C_0] BP_Button408
[2025.12.16-19.33.07:324][575]LogBlueprintUserMessages: [FirstLevel_C_0] BP_Button408
[2025.12.16-19.33.07:334][576]LogBlueprintUserMessages: [FirstLevel_C_0] BP_Button408
[2025.12.16-19.33.07:345][577]LogBlueprintUserMessages: [FirstLevel_C_0] BP_Button408
[2025.12.16-19.33.07:357][578]LogBlueprintUserMessages: [FirstLevel_C_0] BP_Button408
[2025.12.16-19.33.07:366][579]LogBlueprintUserMessages: [FirstLevel_C_0] BP_Button408
[2025.12.16-19.33.07:377][580]LogBlueprintUserMessages: [FirstLevel_C_0] BP_Button408
[2025.12.16-19.33.07:389][581]LogBlueprintUserMessages: [FirstLevel_C_0] BP_Button408
[2025.12.16-19.33.07:398][582]LogBlueprintUserMessages: [FirstLevel_C_0] BP_Button408
[2025.12.16-19.33.07:410][583]LogBlueprintUserMessages: [FirstLevel_C_0] BP_Button408
[2025.12.16-19.33.07:422][584]LogBlueprintUserMessages: [FirstLevel_C_0] BP_Button408
[2025.12.16-19.33.07:431][585]LogBlueprintUserMessages: [FirstLevel_C_0] BP_Button408
[2025.12.16-19.33.07:444][586]LogBlueprintUserMessages: [FirstLevel_C_0] BP_Button408
[2025.12.16-19.33.07:456][587]LogBlueprintUserMessages: [FirstLevel_C_0] BP_Button408
[2025.12.16-19.33.07:465][588]LogBlueprintUserMessages: [FirstLevel_C_0] BP_Button408
[2025.12.16-19.33.07:477][589]LogBlueprintUserMessages: [FirstLevel_C_0] BP_Button408
[2025.12.16-19.33.09:871][813]LogBlueprintUserMessages: [FirstLevel_C_0] BP_Button408
[2025.12.16-19.33.09:882][814]LogBlueprintUserMessages: [FirstLevel_C_0] BP_Button408
[2025.12.16-19.33.09:892][815]LogBlueprintUserMessages: [FirstLevel_C_0] BP_Button408
[2025.12.16-19.33.09:903][816]LogBlueprintUserMessages: [FirstLevel_C_0] BP_Button408
[2025.12.16-19.33.09:913][817]LogBlueprintUserMessages: [FirstLevel_C_0] BP_Button408
[2025.12.16-19.33.09:923][818]LogBlueprintUserMessages: [FirstLevel_C_0] BP_Button408
[2025.12.16-19.33.09:934][819]LogBlueprintUserMessages: [FirstLevel_C_0] BP_Button408
[2025.12.16-19.33.09:945][820]LogBlueprintUserMessages: [FirstLevel_C_0] BP_Button408
[2025.12.16-19.33.09:955][821]LogBlueprintUserMessages: [FirstLevel_C_0] BP_Button408
[2025.12.16-19.33.09:966][822]LogBlueprintUserMessages: [FirstLevel_C_0] BP_Button408
[2025.12.16-19.33.09:976][823]LogBlueprintUserMessages: [FirstLevel_C_0] BP_Button408
[2025.12.16-19.33.09:987][824]LogBlueprintUserMessages: [FirstLevel_C_0] BP_Button408
[2025.12.16-19.33.09:999][825]LogBlueprintUserMessages: [FirstLevel_C_0] BP_Button408
[2025.12.16-19.33.10:008][826]LogBlueprintUserMessages: [FirstLevel_C_0] BP_Button408
[2025.12.16-19.33.10:020][827]LogBlueprintUserMessages: [FirstLevel_C_0] BP_Button408
[2025.12.16-19.33.10:031][828]LogBlueprintUserMessages: [FirstLevel_C_0] BP_Button408
[2025.12.16-19.33.10:040][829]LogBlueprintUserMessages: [FirstLevel_C_0] BP_Button408
[2025.12.16-19.33.10:052][830]LogBlueprintUserMessages: [FirstLevel_C_0] BP_Button408
[2025.12.16-19.33.10:063][831]LogBlueprintUserMessages: [FirstLevel_C_0] BP_Button408
[2025.12.16-19.33.10:073][832]LogBlueprintUserMessages: [FirstLevel_C_0] BP_Button408
[2025.12.16-19.33.10:084][833]LogBlueprintUserMessages: [FirstLevel_C_0] BP_Button408
[2025.12.16-19.33.10:095][834]LogBlueprintUserMessages: [FirstLevel_C_0] BP_Button408
[2025.12.16-19.33.10:104][835]LogBlueprintUserMessages: [FirstLevel_C_0] BP_Button408
[2025.12.16-19.33.10:116][836]LogBlueprintUserMessages: [FirstLevel_C_0] BP_Button408
[2025.12.16-19.33.10:126][837]LogBlueprintUserMessages: [FirstLevel_C_0] BP_Button408
[2025.12.16-19.33.10:137][838]LogBlueprintUserMessages: [FirstLevel_C_0] BP_Button408
[2025.12.16-19.33.10:149][839]LogBlueprintUserMessages: [FirstLevel_C_0] BP_Button408
[2025.12.16-19.33.10:158][840]LogBlueprintUserMessages: [FirstLevel_C_0] BP_Button408
[2025.12.16-19.33.10:171][841]LogBlueprintUserMessages: [FirstLevel_C_0] BP_Button408
[2025.12.16-19.33.10:182][842]LogBlueprintUserMessages: [FirstLevel_C_0] BP_Button408
[2025.12.16-19.33.10:193][843]LogBlueprintUserMessages: [FirstLevel_C_0] BP_Button408
[2025.12.16-19.33.10:204][844]LogBlueprintUserMessages: [FirstLevel_C_0] BP_Button408
[2025.12.16-19.33.10:896][904]LogSlate: Updating window title bar state: overlay mode, drag disabled, window buttons hidden, title bar hidden
[2025.12.16-19.33.10:896][904]LogWorld: BeginTearingDown for /Game/Workplace/Maps/UEDPIE_0_FirstLevel
[2025.12.16-19.33.10:896][904]LogSlate: Window 'Mini_laboratory Preview [NetMode: Standalone]  (64-bit/Windows) ' being destroyed
[2025.12.16-19.33.10:900][904]LogWorld: UWorld::CleanupWorld for FirstLevel, bSessionEnded=true, bCleanupResources=true
[2025.12.16-19.33.10:901][904]LogSlate: InvalidateAllWidgets triggered.  All widgets were invalidated
[2025.12.16-19.33.10:913][904]LogPlayLevel: Display: Shutting down PIE online subsystems
[2025.12.16-19.33.10:918][904]LogSlate: InvalidateAllWidgets triggered.  All widgets were invalidated
[2025.12.16-19.33.10:938][904]LogAudioMixer: FMixerPlatformXAudio2::StopAudioStream() called
[2025.12.16-19.33.10:939][904]LogAudioMixer: FMixerPlatformXAudio2::StopAudioStream() called
[2025.12.16-19.33.10:947][904]LogUObjectHash: Compacting FUObjectHashTables data took   1.82ms
[2025.12.16-19.33.10:963][905]LogPlayLevel: Display: Destroying online subsystem :Context_46
[2025.12.16-19.33.18:406][631]BlueprintLog: New page: Compile BP_3DPrinter
[2025.12.16-19.33.18:466][631]LogUObjectHash: Compacting FUObjectHashTables data took   2.12ms
[2025.12.16-19.33.18:896][673]LogSavePackage: Moving '../../../../../../WORKPLACE/Mini_laboratory/MEPhI_VR_term_1/Mini_laboratory/Saved/BP_3DPrinter4714FF19405CE2456CC427ABB428C862.tmp' to '../../../../../../WORKPLACE/Mini_laboratory/MEPhI_VR_term_1/Mini_laboratory/Content/Workplace/Blueprints/BP_3DPrinter.uasset'
[2025.12.16-19.33.18:922][673]AssetCheck: New page: Asset Save: BP_3DPrinter
[2025.12.16-19.33.18:922][673]LogContentValidation: Display: Validating Blueprint /Game/Workplace/Blueprints/BP_3DPrinter.BP_3DPrinter
[2025.12.16-19.33.34:766][187]BlueprintLog: New page: Compile BP_3DPrinter
[2025.12.16-19.33.34:803][187]LogUObjectHash: Compacting FUObjectHashTables data took   2.05ms
[2025.12.16-19.33.35:269][231]LogSavePackage: Moving '../../../../../../WORKPLACE/Mini_laboratory/MEPhI_VR_term_1/Mini_laboratory/Saved/BP_3DPrinter92C8A5084805AF29AE7ADBBD417683B9.tmp' to '../../../../../../WORKPLACE/Mini_laboratory/MEPhI_VR_term_1/Mini_laboratory/Content/Workplace/Blueprints/BP_3DPrinter.uasset'
[2025.12.16-19.33.35:292][231]AssetCheck: New page: Asset Save: BP_3DPrinter
[2025.12.16-19.33.35:292][231]LogContentValidation: Display: Validating Blueprint /Game/Workplace/Blueprints/BP_3DPrinter.BP_3DPrinter
[2025.12.16-19.33.41:445][734]BlueprintLog: New page: Compile BP_3DPrinter
[2025.12.16-19.33.41:571][734]LogUObjectHash: Compacting FUObjectHashTables data took   3.26ms
[2025.12.16-19.33.41:992][767]LogSavePackage: Moving '../../../../../../WORKPLACE/Mini_laboratory/MEPhI_VR_term_1/Mini_laboratory/Saved/BP_3DPrinterCC822B2B4B193BFC8DD1A983DD810607.tmp' to '../../../../../../WORKPLACE/Mini_laboratory/MEPhI_VR_term_1/Mini_laboratory/Content/Workplace/Blueprints/BP_3DPrinter.uasset'
[2025.12.16-19.33.42:013][767]AssetCheck: New page: Asset Save: BP_3DPrinter
[2025.12.16-19.33.42:013][767]LogContentValidation: Display: Validating Blueprint /Game/Workplace/Blueprints/BP_3DPrinter.BP_3DPrinter
[2025.12.16-19.33.43:263][894]LogActorComponent: UnregisterComponent: (/Engine/Transient.EditorFloorComp) Not registered. Aborting.
[2025.12.16-19.33.43:263][894]LogWorld: UWorld::CleanupWorld for World_99, bSessionEnded=true, bCleanupResources=true
[2025.12.16-19.33.43:263][894]LogSlate: InvalidateAllWidgets triggered.  All widgets were invalidated
[2025.12.16-19.33.49:174][477]LogUObjectHash: Compacting FUObjectHashTables data took   3.16ms
[2025.12.16-19.33.49:221][477]LogAssetEditorSubsystem: Opening Asset editor for World /Game/Workplace/Maps/FirstLevel.FirstLevel
[2025.12.16-19.33.49:222][477]Cmd: MAP LOAD FILE="../../../../../../WORKPLACE/Mini_laboratory/MEPhI_VR_term_1/Mini_laboratory/Content/Workplace/Maps/FirstLevel.umap" TEMPLATE=0 SHOWPROGRESS=1 FEATURELEVEL=3
[2025.12.16-19.33.49:222][477]LightingResults: New page: Lighting Build
[2025.12.16-19.33.49:222][477]LoadErrors: New page: Loading map: FirstLevel.umap
[2025.12.16-19.33.49:256][477]LogWorld: UWorld::CleanupWorld for StartMenu, bSessionEnded=true, bCleanupResources=true
[2025.12.16-19.33.49:256][477]LogSlate: InvalidateAllWidgets triggered.  All widgets were invalidated
[2025.12.16-19.33.49:256][477]MapCheck: New page: Map Check
[2025.12.16-19.33.49:256][477]LightingResults: New page: Lighting Build
[2025.12.16-19.33.49:276][477]LogAudio: Display: Audio Device unregistered from world 'None'.
[2025.12.16-19.33.49:282][477]LogUObjectHash: Compacting FUObjectHashTables data took   2.62ms
[2025.12.16-19.33.49:283][477]LogAudio: Display: Audio Device (ID: 1) registered with world 'FirstLevel'.
[2025.12.16-19.33.49:360][477]LogEditorServer: Finished looking for orphan Actors (0.000 secs)
[2025.12.16-19.33.49:360][477]LogAIModule: Creating AISystem for world FirstLevel
[2025.12.16-19.33.49:383][477]LogUObjectHash: Compacting FUObjectHashTables data took   2.10ms
[2025.12.16-19.33.49:387][477]Cmd: MAP CHECKDEP NOCLEARLOG
[2025.12.16-19.33.49:387][477]MapCheck: Map check complete: 0 Error(s), 0 Warning(s), took 0,065ms to complete.
[2025.12.16-19.33.49:387][477]LogFileHelpers: Loading map 'FirstLevel' took 0.166
[2025.12.16-19.33.51:235][665]LogEditorViewport: Clicking on Actor (double click): BP_3DPrinter_C (BP_3DPrinter)
[2025.12.16-19.33.58:607][463]LogUObjectHash: Compacting FUObjectHashTables data took   2.06ms
[2025.12.16-19.33.58:636][463]LogSavePackage: Moving '../../../../../../WORKPLACE/Mini_laboratory/MEPhI_VR_term_1/Mini_laboratory/Saved/FirstLevel7D2F43E64A7FD33B79CC6EBEA7DBC58A.tmp' to '../../../../../../WORKPLACE/Mini_laboratory/MEPhI_VR_term_1/Mini_laboratory/Content/Workplace/Maps/FirstLevel.umap'
[2025.12.16-19.33.58:656][463]LogSavePackage: Moving '../../../../../../WORKPLACE/Mini_laboratory/MEPhI_VR_term_1/Mini_laboratory/Saved/FirstLevel_BuiltData9BF9B16D449CBA3E7EFE9F831ABD8195.tmp' to '../../../../../../WORKPLACE/Mini_laboratory/MEPhI_VR_term_1/Mini_laboratory/Content/Workplace/Maps/FirstLevel_BuiltData.uasset'
[2025.12.16-19.33.58:673][463]AssetCheck: New page: Asset Save: multiple assets
[2025.12.16-19.33.58:673][463]LogContentValidation: Display: Validating MapBuildDataRegistry /Game/Workplace/Maps/FirstLevel_BuiltData.FirstLevel_BuiltData
[2025.12.16-19.33.58:673][463]LogContentValidation: Display: Validating World /Game/Workplace/Maps/FirstLevel.FirstLevel
[2025.12.16-19.34.13:229][929]LogEditorViewport: Clicking on Actor (context menu): BP_3DPrinter_C (BP_3DPrinter)
[2025.12.16-19.34.14:518][ 27]LogEditorViewport: Clicking on Actor (LMB): BP_Sky_Sphere_C (Sky Sphere)
[2025.12.16-19.34.15:545][118]LogUObjectHash: Compacting FUObjectHashTables data took   1.90ms
[2025.12.16-19.34.15:574][118]LogSavePackage: Moving '../../../../../../WORKPLACE/Mini_laboratory/MEPhI_VR_term_1/Mini_laboratory/Saved/FirstLevel8312D5FE4D229F6B3FEB189D6EFF3D70.tmp' to '../../../../../../WORKPLACE/Mini_laboratory/MEPhI_VR_term_1/Mini_laboratory/Content/Workplace/Maps/FirstLevel.umap'
[2025.12.16-19.34.15:591][118]LogSavePackage: Moving '../../../../../../WORKPLACE/Mini_laboratory/MEPhI_VR_term_1/Mini_laboratory/Saved/FirstLevel_BuiltData0F8747DD46C821EAA967B2B1BCE889F5.tmp' to '../../../../../../WORKPLACE/Mini_laboratory/MEPhI_VR_term_1/Mini_laboratory/Content/Workplace/Maps/FirstLevel_BuiltData.uasset'
[2025.12.16-19.34.15:611][118]AssetCheck: New page: Asset Save: multiple assets
[2025.12.16-19.34.15:611][118]LogContentValidation: Display: Validating MapBuildDataRegistry /Game/Workplace/Maps/FirstLevel_BuiltData.FirstLevel_BuiltData
[2025.12.16-19.34.15:611][118]LogContentValidation: Display: Validating World /Game/Workplace/Maps/FirstLevel.FirstLevel
[2025.12.16-19.34.16:959][245]LogUObjectHash: Compacting FUObjectHashTables data took   1.92ms
[2025.12.16-19.34.18:340][362]LogUObjectHash: Compacting FUObjectHashTables data took   2.07ms
[2025.12.16-19.34.19:793][479]LogUObjectHash: Compacting FUObjectHashTables data took   1.79ms
[2025.12.16-19.34.21:428][631]LogUObjectHash: Compacting FUObjectHashTables data took   1.79ms
[2025.12.16-19.34.22:901][763]LogUObjectHash: Compacting FUObjectHashTables data took   1.79ms
[2025.12.16-19.34.27:883][302]LogUObjectHash: Compacting FUObjectHashTables data took   1.80ms
[2025.12.16-19.34.29:327][434]LogUObjectHash: Compacting FUObjectHashTables data took   2.57ms
[2025.12.16-19.34.30:670][543]LogUObjectHash: Compacting FUObjectHashTables data took   1.79ms
[2025.12.16-19.34.33:205][822]LogEditorViewport: Clicking on Actor (LMB): BP_Button_C (BP_Button2)
[2025.12.16-19.34.59:926][ 49]LogUObjectHash: Compacting FUObjectHashTables data took   3.82ms
[2025.12.16-19.34.59:971][ 49]LogUObjectHash: Compacting FUObjectHashTables data took   0.54ms
[2025.12.16-19.34.59:998][ 49]LogSavePackage: Moving '../../../../../../WORKPLACE/Mini_laboratory/MEPhI_VR_term_1/Mini_laboratory/Saved/FirstLevel8C4E02D342408E84222821B626C8D41D.tmp' to '../../../../../../WORKPLACE/Mini_laboratory/MEPhI_VR_term_1/Mini_laboratory/Content/Workplace/Maps/FirstLevel.umap'
[2025.12.16-19.35.00:002][ 49]LogFileHelpers: Saving map 'FirstLevel' took 0.054
[2025.12.16-19.35.00:029][ 49]AssetCheck: New page: Asset Save: FirstLevel
[2025.12.16-19.35.00:029][ 49]LogContentValidation: Display: Validating World /Game/Workplace/Maps/FirstLevel.FirstLevel
[2025.12.16-19.35.05:033][493]LogAssetEditorSubsystem: Opening Asset editor for LevelScriptBlueprint /Game/Workplace/Maps/FirstLevel.FirstLevel:PersistentLevel.FirstLevel
[2025.12.16-19.35.17:632][798]BlueprintLog: New page: Compile FirstLevel
[2025.12.16-19.35.17:683][798]LogUObjectHash: Compacting FUObjectHashTables data took   2.64ms
[2025.12.16-19.35.18:190][839]LogUObjectHash: Compacting FUObjectHashTables data took   0.58ms
[2025.12.16-19.35.18:216][839]LogSavePackage: Moving '../../../../../../WORKPLACE/Mini_laboratory/MEPhI_VR_term_1/Mini_laboratory/Saved/FirstLevel4079036546B15C0EF02380BE7A8DBB86.tmp' to '../../../../../../WORKPLACE/Mini_laboratory/MEPhI_VR_term_1/Mini_laboratory/Content/Workplace/Maps/FirstLevel.umap'
[2025.12.16-19.35.18:221][839]LogFileHelpers: Saving map 'FirstLevel' took 0.059
[2025.12.16-19.35.18:238][839]AssetCheck: New page: Asset Save: FirstLevel
[2025.12.16-19.35.18:238][839]LogContentValidation: Display: Validating World /Game/Workplace/Maps/FirstLevel.FirstLevel
[2025.12.16-19.35.18:530][873]BlueprintLog: New page: Compile FirstLevel
[2025.12.16-19.35.18:582][873]LogUObjectHash: Compacting FUObjectHashTables data took   2.67ms
[2025.12.16-19.35.18:993][911]LogUObjectHash: Compacting FUObjectHashTables data took   0.58ms
[2025.12.16-19.35.19:019][911]LogSavePackage: Moving '../../../../../../WORKPLACE/Mini_laboratory/MEPhI_VR_term_1/Mini_laboratory/Saved/FirstLevelBB7B3CF84B412C71831DBA8032C96E07.tmp' to '../../../../../../WORKPLACE/Mini_laboratory/MEPhI_VR_term_1/Mini_laboratory/Content/Workplace/Maps/FirstLevel.umap'
[2025.12.16-19.35.19:024][911]LogFileHelpers: Saving map 'FirstLevel' took 0.058
[2025.12.16-19.35.19:039][911]AssetCheck: New page: Asset Save: FirstLevel
[2025.12.16-19.35.19:039][911]LogContentValidation: Display: Validating World /Game/Workplace/Maps/FirstLevel.FirstLevel
[2025.12.16-19.35.19:285][940]BlueprintLog: New page: Compile FirstLevel
[2025.12.16-19.35.19:332][940]LogUObjectHash: Compacting FUObjectHashTables data took   2.56ms
[2025.12.16-19.35.19:672][969]LogUObjectHash: Compacting FUObjectHashTables data took   0.59ms
[2025.12.16-19.35.19:697][969]LogSavePackage: Moving '../../../../../../WORKPLACE/Mini_laboratory/MEPhI_VR_term_1/Mini_laboratory/Saved/FirstLevel156DCFF142A02971D1CE778592B320A0.tmp' to '../../../../../../WORKPLACE/Mini_laboratory/MEPhI_VR_term_1/Mini_laboratory/Content/Workplace/Maps/FirstLevel.umap'
[2025.12.16-19.35.19:702][969]LogFileHelpers: Saving map 'FirstLevel' took 0.056
[2025.12.16-19.35.19:719][969]AssetCheck: New page: Asset Save: FirstLevel
[2025.12.16-19.35.19:719][969]LogContentValidation: Display: Validating World /Game/Workplace/Maps/FirstLevel.FirstLevel
[2025.12.16-19.35.19:967][998]BlueprintLog: New page: Compile FirstLevel
[2025.12.16-19.35.20:016][998]LogUObjectHash: Compacting FUObjectHashTables data took   2.70ms
[2025.12.16-19.35.20:525][ 43]LogUObjectHash: Compacting FUObjectHashTables data took   0.61ms
[2025.12.16-19.35.20:550][ 43]LogSavePackage: Moving '../../../../../../WORKPLACE/Mini_laboratory/MEPhI_VR_term_1/Mini_laboratory/Saved/FirstLevel4D66C138456ED1F999538D975016004C.tmp' to '../../../../../../WORKPLACE/Mini_laboratory/MEPhI_VR_term_1/Mini_laboratory/Content/Workplace/Maps/FirstLevel.umap'
[2025.12.16-19.35.20:555][ 43]LogFileHelpers: Saving map 'FirstLevel' took 0.060
[2025.12.16-19.35.20:571][ 43]AssetCheck: New page: Asset Save: FirstLevel
[2025.12.16-19.35.20:571][ 43]LogContentValidation: Display: Validating World /Game/Workplace/Maps/FirstLevel.FirstLevel
[2025.12.16-19.35.20:831][ 74]BlueprintLog: New page: Compile FirstLevel
[2025.12.16-19.35.20:877][ 74]LogUObjectHash: Compacting FUObjectHashTables data took   2.54ms
[2025.12.16-19.35.21:235][105]LogUObjectHash: Compacting FUObjectHashTables data took   0.63ms
[2025.12.16-19.35.21:261][105]LogSavePackage: Moving '../../../../../../WORKPLACE/Mini_laboratory/MEPhI_VR_term_1/Mini_laboratory/Saved/FirstLevel23D0B9DA4B5CFA3F96AFD88D82CA8088.tmp' to '../../../../../../WORKPLACE/Mini_laboratory/MEPhI_VR_term_1/Mini_laboratory/Content/Workplace/Maps/FirstLevel.umap'
[2025.12.16-19.35.21:265][105]LogFileHelpers: Saving map 'FirstLevel' took 0.060
[2025.12.16-19.35.21:283][105]AssetCheck: New page: Asset Save: FirstLevel
[2025.12.16-19.35.21:283][105]LogContentValidation: Display: Validating World /Game/Workplace/Maps/FirstLevel.FirstLevel
[2025.12.16-19.35.21:497][131]BlueprintLog: New page: Compile FirstLevel
[2025.12.16-19.35.21:548][131]LogUObjectHash: Compacting FUObjectHashTables data took   2.67ms
[2025.12.16-19.35.21:852][157]LogUObjectHash: Compacting FUObjectHashTables data took   0.57ms
[2025.12.16-19.35.21:878][157]LogSavePackage: Moving '../../../../../../WORKPLACE/Mini_laboratory/MEPhI_VR_term_1/Mini_laboratory/Saved/FirstLevel475014284A81F4D71B892E98AA55B0A1.tmp' to '../../../../../../WORKPLACE/Mini_laboratory/MEPhI_VR_term_1/Mini_laboratory/Content/Workplace/Maps/FirstLevel.umap'
[2025.12.16-19.35.21:882][157]LogFileHelpers: Saving map 'FirstLevel' took 0.059
[2025.12.16-19.35.21:898][157]AssetCheck: New page: Asset Save: FirstLevel
[2025.12.16-19.35.21:898][157]LogContentValidation: Display: Validating World /Game/Workplace/Maps/FirstLevel.FirstLevel
[2025.12.16-19.35.22:126][184]BlueprintLog: New page: Compile FirstLevel
[2025.12.16-19.35.22:175][184]LogUObjectHash: Compacting FUObjectHashTables data took   2.66ms
[2025.12.16-19.35.22:465][207]LogUObjectHash: Compacting FUObjectHashTables data took   0.68ms
[2025.12.16-19.35.22:496][207]LogSavePackage: Moving '../../../../../../WORKPLACE/Mini_laboratory/MEPhI_VR_term_1/Mini_laboratory/Saved/FirstLevelF73AF05B45281D9A4CA27294882ACFA2.tmp' to '../../../../../../WORKPLACE/Mini_laboratory/MEPhI_VR_term_1/Mini_laboratory/Content/Workplace/Maps/FirstLevel.umap'
[2025.12.16-19.35.22:502][207]LogFileHelpers: Saving map 'FirstLevel' took 0.064
[2025.12.16-19.35.22:520][207]AssetCheck: New page: Asset Save: FirstLevel
[2025.12.16-19.35.22:521][207]LogContentValidation: Display: Validating World /Game/Workplace/Maps/FirstLevel.FirstLevel
[2025.12.16-19.36.00:001][ 94]BlueprintLog: New page: Compile FirstLevel
[2025.12.16-19.36.00:051][ 94]LogUObjectHash: Compacting FUObjectHashTables data took   2.59ms
[2025.12.16-19.36.00:513][133]LogUObjectHash: Compacting FUObjectHashTables data took   0.59ms
[2025.12.16-19.36.00:540][133]LogSavePackage: Moving '../../../../../../WORKPLACE/Mini_laboratory/MEPhI_VR_term_1/Mini_laboratory/Saved/FirstLevelA82A5FEB4D15E69BE3327D9CDA615D45.tmp' to '../../../../../../WORKPLACE/Mini_laboratory/MEPhI_VR_term_1/Mini_laboratory/Content/Workplace/Maps/FirstLevel.umap'
[2025.12.16-19.36.00:544][133]LogFileHelpers: Saving map 'FirstLevel' took 0.059
[2025.12.16-19.36.00:564][133]AssetCheck: New page: Asset Save: FirstLevel
[2025.12.16-19.36.00:564][133]LogContentValidation: Display: Validating World /Game/Workplace/Maps/FirstLevel.FirstLevel
[2025.12.16-19.36.19:067][124]BlueprintLog: New page: Compile FirstLevel
[2025.12.16-19.36.19:150][124]LogUObjectHash: Compacting FUObjectHashTables data took   2.62ms
[2025.12.16-19.36.19:698][178]LogUObjectHash: Compacting FUObjectHashTables data took   0.59ms
[2025.12.16-19.36.19:726][178]LogSavePackage: Moving '../../../../../../WORKPLACE/Mini_laboratory/MEPhI_VR_term_1/Mini_laboratory/Saved/FirstLevel36C17D0A45DD35D9D181D7B9865C3550.tmp' to '../../../../../../WORKPLACE/Mini_laboratory/MEPhI_VR_term_1/Mini_laboratory/Content/Workplace/Maps/FirstLevel.umap'
[2025.12.16-19.36.19:730][178]LogFileHelpers: Saving map 'FirstLevel' took 0.063
[2025.12.16-19.36.19:749][178]AssetCheck: New page: Asset Save: FirstLevel
[2025.12.16-19.36.19:749][178]LogContentValidation: Display: Validating World /Game/Workplace/Maps/FirstLevel.FirstLevel
[2025.12.16-19.36.20:043][213]BlueprintLog: New page: Compile FirstLevel
[2025.12.16-19.36.20:106][213]LogUObjectHash: Compacting FUObjectHashTables data took   2.89ms
[2025.12.16-19.37.35:777][  7]BlueprintLog: New page: Compile FirstLevel
[2025.12.16-19.37.35:825][  7]LogUObjectHash: Compacting FUObjectHashTables data took   2.63ms
[2025.12.16-19.37.36:483][ 38]LogUObjectHash: Compacting FUObjectHashTables data took   0.59ms
[2025.12.16-19.37.36:510][ 38]LogSavePackage: Moving '../../../../../../WORKPLACE/Mini_laboratory/MEPhI_VR_term_1/Mini_laboratory/Saved/FirstLevelCC4591054E64A911A91F87AA955F92F3.tmp' to '../../../../../../WORKPLACE/Mini_laboratory/MEPhI_VR_term_1/Mini_laboratory/Content/Workplace/Maps/FirstLevel.umap'
[2025.12.16-19.37.36:514][ 38]LogFileHelpers: Saving map 'FirstLevel' took 0.058
[2025.12.16-19.37.36:537][ 38]AssetCheck: New page: Asset Save: FirstLevel
[2025.12.16-19.37.36:537][ 38]LogContentValidation: Display: Validating World /Game/Workplace/Maps/FirstLevel.FirstLevel
[2025.12.16-19.37.36:810][ 55]BlueprintLog: New page: Compile FirstLevel
[2025.12.16-19.37.36:857][ 55]LogUObjectHash: Compacting FUObjectHashTables data took   2.62ms
[2025.12.16-19.37.37:364][ 81]LogUObjectHash: Compacting FUObjectHashTables data took   0.63ms
[2025.12.16-19.37.37:391][ 81]LogSavePackage: Moving '../../../../../../WORKPLACE/Mini_laboratory/MEPhI_VR_term_1/Mini_laboratory/Saved/FirstLevelF87608A94B315BE95EEE9C9235B651B5.tmp' to '../../../../../../WORKPLACE/Mini_laboratory/MEPhI_VR_term_1/Mini_laboratory/Content/Workplace/Maps/FirstLevel.umap'
[2025.12.16-19.37.37:395][ 81]LogFileHelpers: Saving map 'FirstLevel' took 0.059
[2025.12.16-19.37.37:452][ 81]AssetCheck: New page: Asset Save: FirstLevel
[2025.12.16-19.37.37:452][ 81]LogContentValidation: Display: Validating World /Game/Workplace/Maps/FirstLevel.FirstLevel
[2025.12.16-19.37.37:742][ 99]BlueprintLog: New page: Compile FirstLevel
[2025.12.16-19.37.37:791][ 99]LogUObjectHash: Compacting FUObjectHashTables data took   2.63ms
[2025.12.16-19.37.38:213][119]LogUObjectHash: Compacting FUObjectHashTables data took   0.59ms
[2025.12.16-19.37.38:241][119]LogSavePackage: Moving '../../../../../../WORKPLACE/Mini_laboratory/MEPhI_VR_term_1/Mini_laboratory/Saved/FirstLevelAB82D03040D424CFD7DAE6A65581AF85.tmp' to '../../../../../../WORKPLACE/Mini_laboratory/MEPhI_VR_term_1/Mini_laboratory/Content/Workplace/Maps/FirstLevel.umap'
[2025.12.16-19.37.38:245][119]LogFileHelpers: Saving map 'FirstLevel' took 0.060
[2025.12.16-19.37.38:265][119]AssetCheck: New page: Asset Save: FirstLevel
[2025.12.16-19.37.38:265][119]LogContentValidation: Display: Validating World /Game/Workplace/Maps/FirstLevel.FirstLevel
[2025.12.16-19.37.38:636][142]BlueprintLog: New page: Compile FirstLevel
[2025.12.16-19.37.38:684][142]LogUObjectHash: Compacting FUObjectHashTables data took   2.63ms
[2025.12.16-19.37.39:058][159]LogUObjectHash: Compacting FUObjectHashTables data took   0.59ms
[2025.12.16-19.37.39:085][159]LogSavePackage: Moving '../../../../../../WORKPLACE/Mini_laboratory/MEPhI_VR_term_1/Mini_laboratory/Saved/FirstLevelDB516FCB4AA160257760D38330E6356B.tmp' to '../../../../../../WORKPLACE/Mini_laboratory/MEPhI_VR_term_1/Mini_laboratory/Content/Workplace/Maps/FirstLevel.umap'
[2025.12.16-19.37.39:089][159]LogFileHelpers: Saving map 'FirstLevel' took 0.058
[2025.12.16-19.37.39:174][159]AssetCheck: New page: Asset Save: FirstLevel
[2025.12.16-19.37.39:174][159]LogContentValidation: Display: Validating World /Game/Workplace/Maps/FirstLevel.FirstLevel
[2025.12.16-19.37.39:415][174]BlueprintLog: New page: Compile FirstLevel
[2025.12.16-19.37.39:463][174]LogUObjectHash: Compacting FUObjectHashTables data took   2.66ms
[2025.12.16-19.37.39:861][192]LogUObjectHash: Compacting FUObjectHashTables data took   0.57ms
[2025.12.16-19.37.39:887][192]LogSavePackage: Moving '../../../../../../WORKPLACE/Mini_laboratory/MEPhI_VR_term_1/Mini_laboratory/Saved/FirstLevelA91DFA15407F9477D43BA5B38FE3E3CF.tmp' to '../../../../../../WORKPLACE/Mini_laboratory/MEPhI_VR_term_1/Mini_laboratory/Content/Workplace/Maps/FirstLevel.umap'
[2025.12.16-19.37.39:892][192]LogFileHelpers: Saving map 'FirstLevel' took 0.059
[2025.12.16-19.37.39:911][192]AssetCheck: New page: Asset Save: FirstLevel
[2025.12.16-19.37.39:911][192]LogContentValidation: Display: Validating World /Game/Workplace/Maps/FirstLevel.FirstLevel
[2025.12.16-19.37.40:249][213]BlueprintLog: New page: Compile FirstLevel
[2025.12.16-19.37.40:296][213]LogUObjectHash: Compacting FUObjectHashTables data took   2.65ms
[2025.12.16-19.37.40:676][231]LogUObjectHash: Compacting FUObjectHashTables data took   1.05ms
[2025.12.16-19.37.40:704][231]LogSavePackage: Moving '../../../../../../WORKPLACE/Mini_laboratory/MEPhI_VR_term_1/Mini_laboratory/Saved/FirstLevel46E2DE624BFACBC074003E955B70B5FA.tmp' to '../../../../../../WORKPLACE/Mini_laboratory/MEPhI_VR_term_1/Mini_laboratory/Content/Workplace/Maps/FirstLevel.umap'
[2025.12.16-19.37.40:709][231]LogFileHelpers: Saving map 'FirstLevel' took 0.064
[2025.12.16-19.37.40:728][231]AssetCheck: New page: Asset Save: FirstLevel
[2025.12.16-19.37.40:728][231]LogContentValidation: Display: Validating World /Game/Workplace/Maps/FirstLevel.FirstLevel
[2025.12.16-19.37.41:058][251]BlueprintLog: New page: Compile FirstLevel
[2025.12.16-19.37.41:112][251]LogUObjectHash: Compacting FUObjectHashTables data took   2.63ms
[2025.12.16-19.37.41:505][269]LogUObjectHash: Compacting FUObjectHashTables data took   0.76ms
[2025.12.16-19.37.41:535][269]LogSavePackage: Moving '../../../../../../WORKPLACE/Mini_laboratory/MEPhI_VR_term_1/Mini_laboratory/Saved/FirstLevel3E104EC247D072093A4954ACF5928B41.tmp' to '../../../../../../WORKPLACE/Mini_laboratory/MEPhI_VR_term_1/Mini_laboratory/Content/Workplace/Maps/FirstLevel.umap'
[2025.12.16-19.37.41:540][269]LogFileHelpers: Saving map 'FirstLevel' took 0.066
[2025.12.16-19.37.41:563][269]AssetCheck: New page: Asset Save: FirstLevel
[2025.12.16-19.37.41:563][269]LogContentValidation: Display: Validating World /Game/Workplace/Maps/FirstLevel.FirstLevel
[2025.12.16-19.37.41:839][286]BlueprintLog: New page: Compile FirstLevel
[2025.12.16-19.37.41:887][286]LogUObjectHash: Compacting FUObjectHashTables data took   2.78ms
[2025.12.16-19.37.42:301][304]LogUObjectHash: Compacting FUObjectHashTables data took   0.63ms
[2025.12.16-19.37.42:328][304]LogSavePackage: Moving '../../../../../../WORKPLACE/Mini_laboratory/MEPhI_VR_term_1/Mini_laboratory/Saved/FirstLevel029A5F4A4A2DAF7D0AA261BDB5D5B923.tmp' to '../../../../../../WORKPLACE/Mini_laboratory/MEPhI_VR_term_1/Mini_laboratory/Content/Workplace/Maps/FirstLevel.umap'
[2025.12.16-19.37.42:333][304]LogFileHelpers: Saving map 'FirstLevel' took 0.094
[2025.12.16-19.37.42:353][304]AssetCheck: New page: Asset Save: FirstLevel
[2025.12.16-19.37.42:353][304]LogContentValidation: Display: Validating World /Game/Workplace/Maps/FirstLevel.FirstLevel
[2025.12.16-19.37.42:620][320]BlueprintLog: New page: Compile FirstLevel
[2025.12.16-19.37.42:667][320]LogUObjectHash: Compacting FUObjectHashTables data took   2.95ms
[2025.12.16-19.37.43:049][338]LogUObjectHash: Compacting FUObjectHashTables data took   0.62ms
[2025.12.16-19.37.43:076][338]LogSavePackage: Moving '../../../../../../WORKPLACE/Mini_laboratory/MEPhI_VR_term_1/Mini_laboratory/Saved/FirstLevel4956069F49E229EE6D36568227EA38CC.tmp' to '../../../../../../WORKPLACE/Mini_laboratory/MEPhI_VR_term_1/Mini_laboratory/Content/Workplace/Maps/FirstLevel.umap'
[2025.12.16-19.37.43:080][338]LogFileHelpers: Saving map 'FirstLevel' took 0.059
[2025.12.16-19.37.43:100][338]AssetCheck: New page: Asset Save: FirstLevel
[2025.12.16-19.37.43:100][338]LogContentValidation: Display: Validating World /Game/Workplace/Maps/FirstLevel.FirstLevel
[2025.12.16-19.37.43:401][356]BlueprintLog: New page: Compile FirstLevel
[2025.12.16-19.37.43:450][356]LogUObjectHash: Compacting FUObjectHashTables data took   2.55ms
[2025.12.16-19.37.43:795][371]LogUObjectHash: Compacting FUObjectHashTables data took   0.72ms
[2025.12.16-19.37.43:822][371]LogSavePackage: Moving '../../../../../../WORKPLACE/Mini_laboratory/MEPhI_VR_term_1/Mini_laboratory/Saved/FirstLevelF9D4F81E402609F6710549A398D6DDEE.tmp' to '../../../../../../WORKPLACE/Mini_laboratory/MEPhI_VR_term_1/Mini_laboratory/Content/Workplace/Maps/FirstLevel.umap'
[2025.12.16-19.37.43:826][371]LogFileHelpers: Saving map 'FirstLevel' took 0.058
[2025.12.16-19.37.43:846][371]AssetCheck: New page: Asset Save: FirstLevel
[2025.12.16-19.37.43:846][371]LogContentValidation: Display: Validating World /Game/Workplace/Maps/FirstLevel.FirstLevel
[2025.12.16-19.37.44:186][392]BlueprintLog: New page: Compile FirstLevel
[2025.12.16-19.37.44:233][392]LogUObjectHash: Compacting FUObjectHashTables data took   2.53ms
[2025.12.16-19.37.44:612][410]LogUObjectHash: Compacting FUObjectHashTables data took   0.59ms
[2025.12.16-19.37.44:639][410]LogSavePackage: Moving '../../../../../../WORKPLACE/Mini_laboratory/MEPhI_VR_term_1/Mini_laboratory/Saved/FirstLevel63244B0C4A8A5750F0F7B6A8579452F9.tmp' to '../../../../../../WORKPLACE/Mini_laboratory/MEPhI_VR_term_1/Mini_laboratory/Content/Workplace/Maps/FirstLevel.umap'
[2025.12.16-19.37.44:643][410]LogFileHelpers: Saving map 'FirstLevel' took 0.058
[2025.12.16-19.37.44:661][410]AssetCheck: New page: Asset Save: FirstLevel
[2025.12.16-19.37.44:661][410]LogContentValidation: Display: Validating World /Game/Workplace/Maps/FirstLevel.FirstLevel
[2025.12.16-19.37.45:000][431]BlueprintLog: New page: Compile FirstLevel
[2025.12.16-19.37.45:048][431]LogUObjectHash: Compacting FUObjectHashTables data took   2.58ms
[2025.12.16-19.37.45:409][447]LogUObjectHash: Compacting FUObjectHashTables data took   0.56ms
[2025.12.16-19.37.45:436][447]LogSavePackage: Moving '../../../../../../WORKPLACE/Mini_laboratory/MEPhI_VR_term_1/Mini_laboratory/Saved/FirstLevel9C6429CD4ED02F97725BD7B02B2FF03D.tmp' to '../../../../../../WORKPLACE/Mini_laboratory/MEPhI_VR_term_1/Mini_laboratory/Content/Workplace/Maps/FirstLevel.umap'
[2025.12.16-19.37.45:440][447]LogFileHelpers: Saving map 'FirstLevel' took 0.059
[2025.12.16-19.37.45:458][447]AssetCheck: New page: Asset Save: FirstLevel
[2025.12.16-19.37.45:458][447]LogContentValidation: Display: Validating World /Game/Workplace/Maps/FirstLevel.FirstLevel
[2025.12.16-19.37.45:797][468]BlueprintLog: New page: Compile FirstLevel
[2025.12.16-19.37.45:843][468]LogUObjectHash: Compacting FUObjectHashTables data took   2.67ms
[2025.12.16-19.37.46:255][488]LogUObjectHash: Compacting FUObjectHashTables data took   0.71ms
[2025.12.16-19.37.46:282][488]LogSavePackage: Moving '../../../../../../WORKPLACE/Mini_laboratory/MEPhI_VR_term_1/Mini_laboratory/Saved/FirstLevel1AF5A65547B93575CAF5A6A68FC88A57.tmp' to '../../../../../../WORKPLACE/Mini_laboratory/MEPhI_VR_term_1/Mini_laboratory/Content/Workplace/Maps/FirstLevel.umap'
[2025.12.16-19.37.46:286][488]LogFileHelpers: Saving map 'FirstLevel' took 0.057
[2025.12.16-19.37.46:304][488]AssetCheck: New page: Asset Save: FirstLevel
[2025.12.16-19.37.46:304][488]LogContentValidation: Display: Validating World /Game/Workplace/Maps/FirstLevel.FirstLevel
[2025.12.16-19.37.46:578][505]BlueprintLog: New page: Compile FirstLevel
[2025.12.16-19.37.46:627][505]LogUObjectHash: Compacting FUObjectHashTables data took   2.69ms
[2025.12.16-19.37.47:138][528]LogUObjectHash: Compacting FUObjectHashTables data took   0.81ms
[2025.12.16-19.37.47:165][528]LogSavePackage: Moving '../../../../../../WORKPLACE/Mini_laboratory/MEPhI_VR_term_1/Mini_laboratory/Saved/FirstLevelC90794A04A1D9D7481C0649239B37F65.tmp' to '../../../../../../WORKPLACE/Mini_laboratory/MEPhI_VR_term_1/Mini_laboratory/Content/Workplace/Maps/FirstLevel.umap'
[2025.12.16-19.37.47:169][528]LogFileHelpers: Saving map 'FirstLevel' took 0.061
[2025.12.16-19.37.47:189][528]AssetCheck: New page: Asset Save: FirstLevel
[2025.12.16-19.37.47:189][528]LogContentValidation: Display: Validating World /Game/Workplace/Maps/FirstLevel.FirstLevel
[2025.12.16-19.37.47:424][542]BlueprintLog: New page: Compile FirstLevel
[2025.12.16-19.37.47:472][542]LogUObjectHash: Compacting FUObjectHashTables data took   2.56ms
[2025.12.16-19.37.47:871][560]LogUObjectHash: Compacting FUObjectHashTables data took   0.61ms
[2025.12.16-19.37.47:898][560]LogSavePackage: Moving '../../../../../../WORKPLACE/Mini_laboratory/MEPhI_VR_term_1/Mini_laboratory/Saved/FirstLevelD4649CA04EB0F5F6025F7C932CD4455D.tmp' to '../../../../../../WORKPLACE/Mini_laboratory/MEPhI_VR_term_1/Mini_laboratory/Content/Workplace/Maps/FirstLevel.umap'
[2025.12.16-19.37.47:902][560]LogFileHelpers: Saving map 'FirstLevel' took 0.060
[2025.12.16-19.37.47:921][560]AssetCheck: New page: Asset Save: FirstLevel
[2025.12.16-19.37.47:921][560]LogContentValidation: Display: Validating World /Game/Workplace/Maps/FirstLevel.FirstLevel
[2025.12.16-19.37.48:192][577]BlueprintLog: New page: Compile FirstLevel
[2025.12.16-19.37.48:241][577]LogUObjectHash: Compacting FUObjectHashTables data took   2.67ms
[2025.12.16-19.37.48:717][601]LogUObjectHash: Compacting FUObjectHashTables data took   0.59ms
[2025.12.16-19.37.48:744][601]LogSavePackage: Moving '../../../../../../WORKPLACE/Mini_laboratory/MEPhI_VR_term_1/Mini_laboratory/Saved/FirstLevel2000778C45CD1ABE1F002AA31A6118A2.tmp' to '../../../../../../WORKPLACE/Mini_laboratory/MEPhI_VR_term_1/Mini_laboratory/Content/Workplace/Maps/FirstLevel.umap'
[2025.12.16-19.37.48:748][601]LogFileHelpers: Saving map 'FirstLevel' took 0.059
[2025.12.16-19.37.48:766][601]AssetCheck: New page: Asset Save: FirstLevel
[2025.12.16-19.37.48:766][601]LogContentValidation: Display: Validating World /Game/Workplace/Maps/FirstLevel.FirstLevel
[2025.12.16-19.37.49:021][617]BlueprintLog: New page: Compile FirstLevel
[2025.12.16-19.37.49:072][617]LogUObjectHash: Compacting FUObjectHashTables data took   2.84ms
[2025.12.16-19.37.49:486][636]LogUObjectHash: Compacting FUObjectHashTables data took   0.59ms
[2025.12.16-19.37.49:513][636]LogSavePackage: Moving '../../../../../../WORKPLACE/Mini_laboratory/MEPhI_VR_term_1/Mini_laboratory/Saved/FirstLevelAB123FF94F544FD3F64D4DB1B884EFAD.tmp' to '../../../../../../WORKPLACE/Mini_laboratory/MEPhI_VR_term_1/Mini_laboratory/Content/Workplace/Maps/FirstLevel.umap'
[2025.12.16-19.37.49:517][636]LogFileHelpers: Saving map 'FirstLevel' took 0.057
[2025.12.16-19.37.49:537][636]AssetCheck: New page: Asset Save: FirstLevel
[2025.12.16-19.37.49:537][636]LogContentValidation: Display: Validating World /Game/Workplace/Maps/FirstLevel.FirstLevel
[2025.12.16-19.37.49:792][652]BlueprintLog: New page: Compile FirstLevel
[2025.12.16-19.37.49:841][652]LogUObjectHash: Compacting FUObjectHashTables data took   2.69ms
[2025.12.16-19.37.50:344][674]LogUObjectHash: Compacting FUObjectHashTables data took   1.05ms
[2025.12.16-19.37.50:389][674]LogSavePackage: Moving '../../../../../../WORKPLACE/Mini_laboratory/MEPhI_VR_term_1/Mini_laboratory/Saved/FirstLevel939414244208A8D56889F9B255A7FD68.tmp' to '../../../../../../WORKPLACE/Mini_laboratory/MEPhI_VR_term_1/Mini_laboratory/Content/Workplace/Maps/FirstLevel.umap'
[2025.12.16-19.37.50:397][674]LogFileHelpers: Saving map 'FirstLevel' took 0.127
[2025.12.16-19.37.50:423][674]AssetCheck: New page: Asset Save: FirstLevel
[2025.12.16-19.37.50:423][674]LogContentValidation: Display: Validating World /Game/Workplace/Maps/FirstLevel.FirstLevel
[2025.12.16-19.37.50:643][687]BlueprintLog: New page: Compile FirstLevel
[2025.12.16-19.37.50:736][687]LogUObjectHash: Compacting FUObjectHashTables data took   2.90ms
[2025.12.16-19.37.51:078][703]LogUObjectHash: Compacting FUObjectHashTables data took   0.60ms
[2025.12.16-19.37.51:106][703]LogSavePackage: Moving '../../../../../../WORKPLACE/Mini_laboratory/MEPhI_VR_term_1/Mini_laboratory/Saved/FirstLevelC83A18844E9B51BC2FBEEDB350B13AEF.tmp' to '../../../../../../WORKPLACE/Mini_laboratory/MEPhI_VR_term_1/Mini_laboratory/Content/Workplace/Maps/FirstLevel.umap'
[2025.12.16-19.37.51:113][703]LogFileHelpers: Saving map 'FirstLevel' took 0.062
[2025.12.16-19.37.51:135][703]AssetCheck: New page: Asset Save: FirstLevel
[2025.12.16-19.37.51:135][703]LogContentValidation: Display: Validating World /Game/Workplace/Maps/FirstLevel.FirstLevel
[2025.12.16-19.37.51:428][721]BlueprintLog: New page: Compile FirstLevel
[2025.12.16-19.37.51:475][721]LogUObjectHash: Compacting FUObjectHashTables data took   2.66ms
[2025.12.16-19.37.51:858][739]LogUObjectHash: Compacting FUObjectHashTables data took   0.56ms
[2025.12.16-19.37.51:885][739]LogSavePackage: Moving '../../../../../../WORKPLACE/Mini_laboratory/MEPhI_VR_term_1/Mini_laboratory/Saved/FirstLevel67E7D2B04EE44D055BA8EA8B4F7C8969.tmp' to '../../../../../../WORKPLACE/Mini_laboratory/MEPhI_VR_term_1/Mini_laboratory/Content/Workplace/Maps/FirstLevel.umap'
[2025.12.16-19.37.51:889][739]LogFileHelpers: Saving map 'FirstLevel' took 0.058
[2025.12.16-19.37.51:909][739]AssetCheck: New page: Asset Save: FirstLevel
[2025.12.16-19.37.51:909][739]LogContentValidation: Display: Validating World /Game/Workplace/Maps/FirstLevel.FirstLevel
[2025.12.16-19.37.52:230][759]BlueprintLog: New page: Compile FirstLevel
[2025.12.16-19.37.52:279][759]LogUObjectHash: Compacting FUObjectHashTables data took   2.65ms
[2025.12.16-19.37.52:674][778]LogUObjectHash: Compacting FUObjectHashTables data took   0.60ms
[2025.12.16-19.37.52:701][778]LogSavePackage: Moving '../../../../../../WORKPLACE/Mini_laboratory/MEPhI_VR_term_1/Mini_laboratory/Saved/FirstLevelE38751034E4E5970F4C915B6C881EC2C.tmp' to '../../../../../../WORKPLACE/Mini_laboratory/MEPhI_VR_term_1/Mini_laboratory/Content/Workplace/Maps/FirstLevel.umap'
[2025.12.16-19.37.52:706][778]LogFileHelpers: Saving map 'FirstLevel' took 0.060
[2025.12.16-19.37.52:727][778]AssetCheck: New page: Asset Save: FirstLevel
[2025.12.16-19.37.52:727][778]LogContentValidation: Display: Validating World /Game/Workplace/Maps/FirstLevel.FirstLevel
[2025.12.16-19.37.53:017][796]BlueprintLog: New page: Compile FirstLevel
[2025.12.16-19.37.53:066][796]LogUObjectHash: Compacting FUObjectHashTables data took   2.64ms
[2025.12.16-19.37.56:458][996]BlueprintLog: New page: Compile FirstLevel
[2025.12.16-19.37.56:504][996]LogUObjectHash: Compacting FUObjectHashTables data took   2.62ms
[2025.12.16-19.37.56:928][ 17]LogUObjectHash: Compacting FUObjectHashTables data took   0.59ms
[2025.12.16-19.37.56:954][ 17]LogSavePackage: Moving '../../../../../../WORKPLACE/Mini_laboratory/MEPhI_VR_term_1/Mini_laboratory/Saved/FirstLevel53D5893A41209DA8AF23B19C7D18BB20.tmp' to '../../../../../../WORKPLACE/Mini_laboratory/MEPhI_VR_term_1/Mini_laboratory/Content/Workplace/Maps/FirstLevel.umap'
[2025.12.16-19.37.56:959][ 17]LogFileHelpers: Saving map 'FirstLevel' took 0.058
[2025.12.16-19.37.56:977][ 17]AssetCheck: New page: Asset Save: FirstLevel
[2025.12.16-19.37.56:977][ 17]LogContentValidation: Display: Validating World /Game/Workplace/Maps/FirstLevel.FirstLevel
[2025.12.16-19.37.57:250][ 34]BlueprintLog: New page: Compile FirstLevel
[2025.12.16-19.37.57:299][ 34]LogUObjectHash: Compacting FUObjectHashTables data took   2.66ms
[2025.12.16-19.37.57:660][ 50]LogUObjectHash: Compacting FUObjectHashTables data took   0.60ms
[2025.12.16-19.37.57:687][ 50]LogSavePackage: Moving '../../../../../../WORKPLACE/Mini_laboratory/MEPhI_VR_term_1/Mini_laboratory/Saved/FirstLevelA12142784E488D7B12A85AA965985076.tmp' to '../../../../../../WORKPLACE/Mini_laboratory/MEPhI_VR_term_1/Mini_laboratory/Content/Workplace/Maps/FirstLevel.umap'
[2025.12.16-19.37.57:692][ 50]LogFileHelpers: Saving map 'FirstLevel' took 0.059
[2025.12.16-19.37.57:711][ 50]AssetCheck: New page: Asset Save: FirstLevel
[2025.12.16-19.37.57:711][ 50]LogContentValidation: Display: Validating World /Game/Workplace/Maps/FirstLevel.FirstLevel
[2025.12.16-19.37.58:000][ 68]BlueprintLog: New page: Compile FirstLevel
[2025.12.16-19.37.58:051][ 68]LogUObjectHash: Compacting FUObjectHashTables data took   2.68ms
[2025.12.16-19.37.58:381][ 82]LogUObjectHash: Compacting FUObjectHashTables data took   0.59ms
[2025.12.16-19.37.58:408][ 82]LogSavePackage: Moving '../../../../../../WORKPLACE/Mini_laboratory/MEPhI_VR_term_1/Mini_laboratory/Saved/FirstLevel2DEB372A4CF4D25FAEAE17A66AD106C0.tmp' to '../../../../../../WORKPLACE/Mini_laboratory/MEPhI_VR_term_1/Mini_laboratory/Content/Workplace/Maps/FirstLevel.umap'
[2025.12.16-19.37.58:412][ 82]LogFileHelpers: Saving map 'FirstLevel' took 0.063
[2025.12.16-19.37.58:431][ 82]AssetCheck: New page: Asset Save: FirstLevel
[2025.12.16-19.37.58:431][ 82]LogContentValidation: Display: Validating World /Game/Workplace/Maps/FirstLevel.FirstLevel
[2025.12.16-19.37.58:727][100]BlueprintLog: New page: Compile FirstLevel
[2025.12.16-19.37.58:775][100]LogUObjectHash: Compacting FUObjectHashTables data took   2.60ms
[2025.12.16-19.37.59:122][116]LogUObjectHash: Compacting FUObjectHashTables data took   0.59ms
[2025.12.16-19.37.59:148][116]LogSavePackage: Moving '../../../../../../WORKPLACE/Mini_laboratory/MEPhI_VR_term_1/Mini_laboratory/Saved/FirstLevel3DD740724D7C84921E3F9EB8139F4ADB.tmp' to '../../../../../../WORKPLACE/Mini_laboratory/MEPhI_VR_term_1/Mini_laboratory/Content/Workplace/Maps/FirstLevel.umap'
[2025.12.16-19.37.59:152][116]LogFileHelpers: Saving map 'FirstLevel' took 0.058
[2025.12.16-19.37.59:169][116]AssetCheck: New page: Asset Save: FirstLevel
[2025.12.16-19.37.59:169][116]LogContentValidation: Display: Validating World /Game/Workplace/Maps/FirstLevel.FirstLevel
[2025.12.16-19.37.59:444][133]BlueprintLog: New page: Compile FirstLevel
[2025.12.16-19.37.59:492][133]LogUObjectHash: Compacting FUObjectHashTables data took   2.62ms
[2025.12.16-19.38.00:102][164]LogUObjectHash: Compacting FUObjectHashTables data took   0.59ms
[2025.12.16-19.38.00:129][164]LogSavePackage: Moving '../../../../../../WORKPLACE/Mini_laboratory/MEPhI_VR_term_1/Mini_laboratory/Saved/FirstLevel3D9D6B8C41B7BB43ECF77EA3FA136CDE.tmp' to '../../../../../../WORKPLACE/Mini_laboratory/MEPhI_VR_term_1/Mini_laboratory/Content/Workplace/Maps/FirstLevel.umap'
[2025.12.16-19.38.00:133][164]LogFileHelpers: Saving map 'FirstLevel' took 0.058
[2025.12.16-19.38.00:151][164]AssetCheck: New page: Asset Save: FirstLevel
[2025.12.16-19.38.00:151][164]LogContentValidation: Display: Validating World /Game/Workplace/Maps/FirstLevel.FirstLevel
[2025.12.16-19.38.26:357][725]LogEditorViewport: Clicking on Actor (LMB): BP_Button_C (StartPhase1_Button)
[2025.12.16-19.38.31:307][  1]LogEditorViewport: Clicking on Actor (LMB): BP_Sky_Sphere_C (Sky Sphere)
[2025.12.16-19.38.31:929][ 35]LogEditorViewport: Clicking on Actor (LMB): BP_Button_C (StartPhase1_Button)
[2025.12.16-19.38.40:950][570]LogUObjectHash: Compacting FUObjectHashTables data took   0.69ms
[2025.12.16-19.38.40:977][570]LogSavePackage: Moving '../../../../../../WORKPLACE/Mini_laboratory/MEPhI_VR_term_1/Mini_laboratory/Saved/FirstLevelB7AD9F0D41EFC92719F22B9F5114949B.tmp' to '../../../../../../WORKPLACE/Mini_laboratory/MEPhI_VR_term_1/Mini_laboratory/Content/Workplace/Maps/FirstLevel.umap'
[2025.12.16-19.38.40:995][570]LogSavePackage: Moving '../../../../../../WORKPLACE/Mini_laboratory/MEPhI_VR_term_1/Mini_laboratory/Saved/FirstLevel_BuiltDataEB87274345CFAEE9AE1153B5F299339B.tmp' to '../../../../../../WORKPLACE/Mini_laboratory/MEPhI_VR_term_1/Mini_laboratory/Content/Workplace/Maps/FirstLevel_BuiltData.uasset'
[2025.12.16-19.38.41:015][570]AssetCheck: New page: Asset Save: multiple assets
[2025.12.16-19.38.41:015][570]LogContentValidation: Display: Validating MapBuildDataRegistry /Game/Workplace/Maps/FirstLevel_BuiltData.FirstLevel_BuiltData
[2025.12.16-19.38.41:015][570]LogContentValidation: Display: Validating World /Game/Workplace/Maps/FirstLevel.FirstLevel
[2025.12.16-19.39.32:861][662]LogUObjectHash: Compacting FUObjectHashTables data took   2.00ms
[2025.12.16-19.39.32:915][662]LogUObjectHash: Compacting FUObjectHashTables data took   0.71ms
[2025.12.16-19.39.32:942][662]LogSavePackage: Moving '../../../../../../WORKPLACE/Mini_laboratory/MEPhI_VR_term_1/Mini_laboratory/Saved/FirstLevel53824E3A44855608D710798F5E082B0D.tmp' to '../../../../../../WORKPLACE/Mini_laboratory/MEPhI_VR_term_1/Mini_laboratory/Content/Workplace/Maps/FirstLevel.umap'
[2025.12.16-19.39.32:946][662]LogFileHelpers: Saving map 'FirstLevel' took 0.058
[2025.12.16-19.39.32:967][662]AssetCheck: New page: Asset Save: FirstLevel
[2025.12.16-19.39.32:967][662]LogContentValidation: Display: Validating World /Game/Workplace/Maps/FirstLevel.FirstLevel
[2025.12.16-19.39.43:032][252]BlueprintLog: New page: Compile FirstLevel
[2025.12.16-19.39.43:081][252]LogUObjectHash: Compacting FUObjectHashTables data took   2.56ms
[2025.12.16-19.39.43:610][276]LogUObjectHash: Compacting FUObjectHashTables data took   0.56ms
[2025.12.16-19.39.43:637][276]LogSavePackage: Moving '../../../../../../WORKPLACE/Mini_laboratory/MEPhI_VR_term_1/Mini_laboratory/Saved/FirstLevel4629788445C5D84AB7F3128A6EB89364.tmp' to '../../../../../../WORKPLACE/Mini_laboratory/MEPhI_VR_term_1/Mini_laboratory/Content/Workplace/Maps/FirstLevel.umap'
[2025.12.16-19.39.43:642][276]LogFileHelpers: Saving map 'FirstLevel' took 0.059
[2025.12.16-19.39.43:661][276]AssetCheck: New page: Asset Save: FirstLevel
[2025.12.16-19.39.43:661][276]LogContentValidation: Display: Validating World /Game/Workplace/Maps/FirstLevel.FirstLevel
[2025.12.16-19.39.43:997][297]BlueprintLog: New page: Compile FirstLevel
[2025.12.16-19.39.44:046][297]LogUObjectHash: Compacting FUObjectHashTables data took   2.65ms
[2025.12.16-19.39.44:832][340]LogUObjectHash: Compacting FUObjectHashTables data took   0.56ms
[2025.12.16-19.39.44:859][340]LogSavePackage: Moving '../../../../../../WORKPLACE/Mini_laboratory/MEPhI_VR_term_1/Mini_laboratory/Saved/FirstLevel3E47B69245B720A931C3A2A4BE73E12E.tmp' to '../../../../../../WORKPLACE/Mini_laboratory/MEPhI_VR_term_1/Mini_laboratory/Content/Workplace/Maps/FirstLevel.umap'
[2025.12.16-19.39.44:863][340]LogFileHelpers: Saving map 'FirstLevel' took 0.057
[2025.12.16-19.39.44:934][340]AssetCheck: New page: Asset Save: FirstLevel
[2025.12.16-19.39.44:934][340]LogContentValidation: Display: Validating World /Game/Workplace/Maps/FirstLevel.FirstLevel
[2025.12.16-19.39.45:488][374]BlueprintLog: New page: Compile FirstLevel
[2025.12.16-19.39.45:539][374]LogUObjectHash: Compacting FUObjectHashTables data took   2.65ms
[2025.12.16-19.39.45:963][394]LogUObjectHash: Compacting FUObjectHashTables data took   0.61ms
[2025.12.16-19.39.45:990][394]LogSavePackage: Moving '../../../../../../WORKPLACE/Mini_laboratory/MEPhI_VR_term_1/Mini_laboratory/Saved/FirstLevel57145DA1461ADC7DF8B8C98C39C36038.tmp' to '../../../../../../WORKPLACE/Mini_laboratory/MEPhI_VR_term_1/Mini_laboratory/Content/Workplace/Maps/FirstLevel.umap'
[2025.12.16-19.39.45:994][394]LogFileHelpers: Saving map 'FirstLevel' took 0.058
[2025.12.16-19.39.46:011][394]AssetCheck: New page: Asset Save: FirstLevel
[2025.12.16-19.39.46:011][394]LogContentValidation: Display: Validating World /Game/Workplace/Maps/FirstLevel.FirstLevel
[2025.12.16-19.39.46:330][413]BlueprintLog: New page: Compile FirstLevel
[2025.12.16-19.39.46:377][413]LogUObjectHash: Compacting FUObjectHashTables data took   2.82ms
[2025.12.16-19.39.46:811][434]LogUObjectHash: Compacting FUObjectHashTables data took   0.61ms
[2025.12.16-19.39.46:838][434]LogSavePackage: Moving '../../../../../../WORKPLACE/Mini_laboratory/MEPhI_VR_term_1/Mini_laboratory/Saved/FirstLevel115C8D6945275C58B0B9E483B2C134F9.tmp' to '../../../../../../WORKPLACE/Mini_laboratory/MEPhI_VR_term_1/Mini_laboratory/Content/Workplace/Maps/FirstLevel.umap'
[2025.12.16-19.39.46:842][434]LogFileHelpers: Saving map 'FirstLevel' took 0.058
[2025.12.16-19.39.46:860][434]AssetCheck: New page: Asset Save: FirstLevel
[2025.12.16-19.39.46:860][434]LogContentValidation: Display: Validating World /Game/Workplace/Maps/FirstLevel.FirstLevel
[2025.12.16-19.39.47:197][455]BlueprintLog: New page: Compile FirstLevel
[2025.12.16-19.39.47:246][455]LogUObjectHash: Compacting FUObjectHashTables data took   2.57ms
[2025.12.16-19.39.47:659][474]LogUObjectHash: Compacting FUObjectHashTables data took   0.68ms
[2025.12.16-19.39.47:685][474]LogSavePackage: Moving '../../../../../../WORKPLACE/Mini_laboratory/MEPhI_VR_term_1/Mini_laboratory/Saved/FirstLevel5DF0A43C4541A6E88DD379B44FCC7E09.tmp' to '../../../../../../WORKPLACE/Mini_laboratory/MEPhI_VR_term_1/Mini_laboratory/Content/Workplace/Maps/FirstLevel.umap'
[2025.12.16-19.39.47:690][474]LogFileHelpers: Saving map 'FirstLevel' took 0.059
[2025.12.16-19.39.47:710][474]AssetCheck: New page: Asset Save: FirstLevel
[2025.12.16-19.39.47:710][474]LogContentValidation: Display: Validating World /Game/Workplace/Maps/FirstLevel.FirstLevel
[2025.12.16-19.39.48:047][495]BlueprintLog: New page: Compile FirstLevel
[2025.12.16-19.39.48:098][495]LogUObjectHash: Compacting FUObjectHashTables data took   2.64ms
[2025.12.16-19.39.48:493][514]LogUObjectHash: Compacting FUObjectHashTables data took   0.59ms
[2025.12.16-19.39.48:520][514]LogSavePackage: Moving '../../../../../../WORKPLACE/Mini_laboratory/MEPhI_VR_term_1/Mini_laboratory/Saved/FirstLevel3EB203AD401EEE33F294AF92FBBD4DEC.tmp' to '../../../../../../WORKPLACE/Mini_laboratory/MEPhI_VR_term_1/Mini_laboratory/Content/Workplace/Maps/FirstLevel.umap'
[2025.12.16-19.39.48:524][514]LogFileHelpers: Saving map 'FirstLevel' took 0.060
[2025.12.16-19.39.48:541][514]AssetCheck: New page: Asset Save: FirstLevel
[2025.12.16-19.39.48:541][514]LogContentValidation: Display: Validating World /Game/Workplace/Maps/FirstLevel.FirstLevel
[2025.12.16-19.39.48:828][532]BlueprintLog: New page: Compile FirstLevel
[2025.12.16-19.39.48:878][532]LogUObjectHash: Compacting FUObjectHashTables data took   2.62ms
[2025.12.16-19.39.49:252][550]LogUObjectHash: Compacting FUObjectHashTables data took   0.63ms
[2025.12.16-19.39.49:279][550]LogSavePackage: Moving '../../../../../../WORKPLACE/Mini_laboratory/MEPhI_VR_term_1/Mini_laboratory/Saved/FirstLevel2DBBE5714CFA04FC16C0D8B09DAEADAB.tmp' to '../../../../../../WORKPLACE/Mini_laboratory/MEPhI_VR_term_1/Mini_laboratory/Content/Workplace/Maps/FirstLevel.umap'
[2025.12.16-19.39.49:284][550]LogFileHelpers: Saving map 'FirstLevel' took 0.057
[2025.12.16-19.39.49:300][550]AssetCheck: New page: Asset Save: FirstLevel
[2025.12.16-19.39.49:300][550]LogContentValidation: Display: Validating World /Game/Workplace/Maps/FirstLevel.FirstLevel
[2025.12.16-19.39.49:788][580]BlueprintLog: New page: Compile FirstLevel
[2025.12.16-19.39.49:835][580]LogUObjectHash: Compacting FUObjectHashTables data took   2.76ms
[2025.12.16-19.39.50:305][600]LogUObjectHash: Compacting FUObjectHashTables data took   0.59ms
[2025.12.16-19.39.50:332][600]LogSavePackage: Moving '../../../../../../WORKPLACE/Mini_laboratory/MEPhI_VR_term_1/Mini_laboratory/Saved/FirstLevel994A13C3491BEC2744ACFEB49D0AC706.tmp' to '../../../../../../WORKPLACE/Mini_laboratory/MEPhI_VR_term_1/Mini_laboratory/Content/Workplace/Maps/FirstLevel.umap'
[2025.12.16-19.39.50:337][600]LogFileHelpers: Saving map 'FirstLevel' took 0.059
[2025.12.16-19.39.50:356][600]AssetCheck: New page: Asset Save: FirstLevel
[2025.12.16-19.39.50:356][600]LogContentValidation: Display: Validating World /Game/Workplace/Maps/FirstLevel.FirstLevel
[2025.12.16-19.39.50:602][615]BlueprintLog: New page: Compile FirstLevel
[2025.12.16-19.39.50:650][615]LogUObjectHash: Compacting FUObjectHashTables data took   2.66ms
[2025.12.16-19.39.51:032][633]LogUObjectHash: Compacting FUObjectHashTables data took   0.59ms
[2025.12.16-19.39.51:059][633]LogSavePackage: Moving '../../../../../../WORKPLACE/Mini_laboratory/MEPhI_VR_term_1/Mini_laboratory/Saved/FirstLevelF6898BB94B96F99516B8968E2AE75548.tmp' to '../../../../../../WORKPLACE/Mini_laboratory/MEPhI_VR_term_1/Mini_laboratory/Content/Workplace/Maps/FirstLevel.umap'
[2025.12.16-19.39.51:063][633]LogFileHelpers: Saving map 'FirstLevel' took 0.058
[2025.12.16-19.39.51:080][633]AssetCheck: New page: Asset Save: FirstLevel
[2025.12.16-19.39.51:080][633]LogContentValidation: Display: Validating World /Game/Workplace/Maps/FirstLevel.FirstLevel
[2025.12.16-19.39.51:468][657]BlueprintLog: New page: Compile FirstLevel
[2025.12.16-19.39.51:513][657]LogUObjectHash: Compacting FUObjectHashTables data took   2.66ms
[2025.12.16-19.39.51:964][680]LogUObjectHash: Compacting FUObjectHashTables data took   0.57ms
[2025.12.16-19.39.51:991][680]LogSavePackage: Moving '../../../../../../WORKPLACE/Mini_laboratory/MEPhI_VR_term_1/Mini_laboratory/Saved/FirstLevel11694CDC42C0CE336A4A158B59BEA4E7.tmp' to '../../../../../../WORKPLACE/Mini_laboratory/MEPhI_VR_term_1/Mini_laboratory/Content/Workplace/Maps/FirstLevel.umap'
[2025.12.16-19.39.51:995][680]LogFileHelpers: Saving map 'FirstLevel' took 0.059
[2025.12.16-19.39.52:012][680]AssetCheck: New page: Asset Save: FirstLevel
[2025.12.16-19.39.52:012][680]LogContentValidation: Display: Validating World /Game/Workplace/Maps/FirstLevel.FirstLevel
[2025.12.16-19.39.52:383][703]BlueprintLog: New page: Compile FirstLevel
[2025.12.16-19.39.52:431][703]LogUObjectHash: Compacting FUObjectHashTables data took   2.50ms
[2025.12.16-19.39.52:880][725]LogUObjectHash: Compacting FUObjectHashTables data took   0.59ms
[2025.12.16-19.39.52:907][725]LogSavePackage: Moving '../../../../../../WORKPLACE/Mini_laboratory/MEPhI_VR_term_1/Mini_laboratory/Saved/FirstLevelE48ED33445252AC200C04089BB0435FB.tmp' to '../../../../../../WORKPLACE/Mini_laboratory/MEPhI_VR_term_1/Mini_laboratory/Content/Workplace/Maps/FirstLevel.umap'
[2025.12.16-19.39.52:911][725]LogFileHelpers: Saving map 'FirstLevel' took 0.058
[2025.12.16-19.39.52:929][725]AssetCheck: New page: Asset Save: FirstLevel
[2025.12.16-19.39.52:929][725]LogContentValidation: Display: Validating World /Game/Workplace/Maps/FirstLevel.FirstLevel
[2025.12.16-19.39.53:266][746]BlueprintLog: New page: Compile FirstLevel
[2025.12.16-19.39.53:316][746]LogUObjectHash: Compacting FUObjectHashTables data took   2.65ms
[2025.12.16-19.39.53:742][767]LogUObjectHash: Compacting FUObjectHashTables data took   0.59ms
[2025.12.16-19.39.53:770][767]LogSavePackage: Moving '../../../../../../WORKPLACE/Mini_laboratory/MEPhI_VR_term_1/Mini_laboratory/Saved/FirstLevelE94C94FD4F9F09437FCA0EB11A768A8B.tmp' to '../../../../../../WORKPLACE/Mini_laboratory/MEPhI_VR_term_1/Mini_laboratory/Content/Workplace/Maps/FirstLevel.umap'
[2025.12.16-19.39.53:774][767]LogFileHelpers: Saving map 'FirstLevel' took 0.059
[2025.12.16-19.39.53:796][767]AssetCheck: New page: Asset Save: FirstLevel
[2025.12.16-19.39.53:796][767]LogContentValidation: Display: Validating World /Game/Workplace/Maps/FirstLevel.FirstLevel
[2025.12.16-19.39.54:060][783]BlueprintLog: New page: Compile FirstLevel
[2025.12.16-19.39.54:107][783]LogUObjectHash: Compacting FUObjectHashTables data took   2.71ms
[2025.12.16-19.39.54:591][804]LogUObjectHash: Compacting FUObjectHashTables data took   0.59ms
[2025.12.16-19.39.54:618][804]LogSavePackage: Moving '../../../../../../WORKPLACE/Mini_laboratory/MEPhI_VR_term_1/Mini_laboratory/Saved/FirstLevel1DCCF2FE45064B2D08A25AB41B4F1AB6.tmp' to '../../../../../../WORKPLACE/Mini_laboratory/MEPhI_VR_term_1/Mini_laboratory/Content/Workplace/Maps/FirstLevel.umap'
[2025.12.16-19.39.54:622][804]LogFileHelpers: Saving map 'FirstLevel' took 0.058
[2025.12.16-19.39.54:640][804]AssetCheck: New page: Asset Save: FirstLevel
[2025.12.16-19.39.54:640][804]LogContentValidation: Display: Validating World /Game/Workplace/Maps/FirstLevel.FirstLevel
[2025.12.16-19.39.57:921][  1]BlueprintLog: New page: Compile FirstLevel
[2025.12.16-19.39.57:972][  1]LogUObjectHash: Compacting FUObjectHashTables data took   2.67ms
[2025.12.16-19.39.58:349][ 19]LogUObjectHash: Compacting FUObjectHashTables data took   0.56ms
[2025.12.16-19.39.58:376][ 19]LogSavePackage: Moving '../../../../../../WORKPLACE/Mini_laboratory/MEPhI_VR_term_1/Mini_laboratory/Saved/FirstLevelCF6F2F774602BA5FD76A9F8FBA2CFDDA.tmp' to '../../../../../../WORKPLACE/Mini_laboratory/MEPhI_VR_term_1/Mini_laboratory/Content/Workplace/Maps/FirstLevel.umap'
[2025.12.16-19.39.58:381][ 19]LogFileHelpers: Saving map 'FirstLevel' took 0.059
[2025.12.16-19.39.58:399][ 19]AssetCheck: New page: Asset Save: FirstLevel
[2025.12.16-19.39.58:399][ 19]LogContentValidation: Display: Validating World /Game/Workplace/Maps/FirstLevel.FirstLevel
[2025.12.16-19.39.58:753][ 41]BlueprintLog: New page: Compile FirstLevel
[2025.12.16-19.39.58:801][ 41]LogUObjectHash: Compacting FUObjectHashTables data took   2.57ms
[2025.12.16-19.39.59:194][ 59]LogUObjectHash: Compacting FUObjectHashTables data took   0.59ms
[2025.12.16-19.39.59:221][ 59]LogSavePackage: Moving '../../../../../../WORKPLACE/Mini_laboratory/MEPhI_VR_term_1/Mini_laboratory/Saved/FirstLevelC31BFC7442702E5BC59E8DBDFFF319C5.tmp' to '../../../../../../WORKPLACE/Mini_laboratory/MEPhI_VR_term_1/Mini_laboratory/Content/Workplace/Maps/FirstLevel.umap'
[2025.12.16-19.39.59:225][ 59]LogFileHelpers: Saving map 'FirstLevel' took 0.058
[2025.12.16-19.39.59:242][ 59]AssetCheck: New page: Asset Save: FirstLevel
[2025.12.16-19.39.59:242][ 59]LogContentValidation: Display: Validating World /Game/Workplace/Maps/FirstLevel.FirstLevel
[2025.12.16-19.39.59:561][ 78]BlueprintLog: New page: Compile FirstLevel
[2025.12.16-19.39.59:609][ 78]LogUObjectHash: Compacting FUObjectHashTables data took   2.70ms
[2025.12.16-19.39.59:942][ 94]LogUObjectHash: Compacting FUObjectHashTables data took   0.59ms
[2025.12.16-19.39.59:969][ 94]LogSavePackage: Moving '../../../../../../WORKPLACE/Mini_laboratory/MEPhI_VR_term_1/Mini_laboratory/Saved/FirstLevel885A395249731E338938F3BCA7835943.tmp' to '../../../../../../WORKPLACE/Mini_laboratory/MEPhI_VR_term_1/Mini_laboratory/Content/Workplace/Maps/FirstLevel.umap'
[2025.12.16-19.39.59:973][ 94]LogFileHelpers: Saving map 'FirstLevel' took 0.058
[2025.12.16-19.39.59:990][ 94]AssetCheck: New page: Asset Save: FirstLevel
[2025.12.16-19.39.59:990][ 94]LogContentValidation: Display: Validating World /Game/Workplace/Maps/FirstLevel.FirstLevel
[2025.12.16-19.40.04:026][337]BlueprintLog: New page: Compile FirstLevel
[2025.12.16-19.40.04:075][337]LogUObjectHash: Compacting FUObjectHashTables data took   2.67ms
[2025.12.16-19.40.04:464][355]LogUObjectHash: Compacting FUObjectHashTables data took   0.57ms
[2025.12.16-19.40.04:491][355]LogSavePackage: Moving '../../../../../../WORKPLACE/Mini_laboratory/MEPhI_VR_term_1/Mini_laboratory/Saved/FirstLevelD5BBEDCB4D6AF5C60EFD8EB032E43350.tmp' to '../../../../../../WORKPLACE/Mini_laboratory/MEPhI_VR_term_1/Mini_laboratory/Content/Workplace/Maps/FirstLevel.umap'
[2025.12.16-19.40.04:495][355]LogFileHelpers: Saving map 'FirstLevel' took 0.059
[2025.12.16-19.40.04:513][355]AssetCheck: New page: Asset Save: FirstLevel
[2025.12.16-19.40.04:513][355]LogContentValidation: Display: Validating World /Game/Workplace/Maps/FirstLevel.FirstLevel
[2025.12.16-19.40.11:606][781]BlueprintLog: New page: Compile FirstLevel
[2025.12.16-19.40.11:654][781]LogUObjectHash: Compacting FUObjectHashTables data took   2.66ms
[2025.12.16-19.40.12:176][808]LogUObjectHash: Compacting FUObjectHashTables data took   0.59ms
[2025.12.16-19.40.12:203][808]LogSavePackage: Moving '../../../../../../WORKPLACE/Mini_laboratory/MEPhI_VR_term_1/Mini_laboratory/Saved/FirstLevel1D7A60DF44FF783A3605A2823D4DCD13.tmp' to '../../../../../../WORKPLACE/Mini_laboratory/MEPhI_VR_term_1/Mini_laboratory/Content/Workplace/Maps/FirstLevel.umap'
[2025.12.16-19.40.12:207][808]LogFileHelpers: Saving map 'FirstLevel' took 0.059
[2025.12.16-19.40.12:227][808]AssetCheck: New page: Asset Save: FirstLevel
[2025.12.16-19.40.12:227][808]LogContentValidation: Display: Validating World /Game/Workplace/Maps/FirstLevel.FirstLevel
[2025.12.16-19.40.21:794][380]BlueprintLog: New page: Compile FirstLevel
[2025.12.16-19.40.21:840][380]LogUObjectHash: Compacting FUObjectHashTables data took   2.65ms
[2025.12.16-19.40.22:931][441]LogUObjectHash: Compacting FUObjectHashTables data took   0.59ms
[2025.12.16-19.40.22:958][441]LogSavePackage: Moving '../../../../../../WORKPLACE/Mini_laboratory/MEPhI_VR_term_1/Mini_laboratory/Saved/FirstLevelBAD5740549FD1F03C8552691A875AE0D.tmp' to '../../../../../../WORKPLACE/Mini_laboratory/MEPhI_VR_term_1/Mini_laboratory/Content/Workplace/Maps/FirstLevel.umap'
[2025.12.16-19.40.22:963][441]LogFileHelpers: Saving map 'FirstLevel' took 0.059
[2025.12.16-19.40.22:981][441]AssetCheck: New page: Asset Save: FirstLevel
[2025.12.16-19.40.22:981][441]LogContentValidation: Display: Validating World /Game/Workplace/Maps/FirstLevel.FirstLevel
[2025.12.16-19.40.23:335][463]BlueprintLog: New page: Compile FirstLevel
[2025.12.16-19.40.23:387][463]LogUObjectHash: Compacting FUObjectHashTables data took   2.60ms
[2025.12.16-19.40.23:860][487]LogUObjectHash: Compacting FUObjectHashTables data took   0.58ms
[2025.12.16-19.40.23:886][487]LogSavePackage: Moving '../../../../../../WORKPLACE/Mini_laboratory/MEPhI_VR_term_1/Mini_laboratory/Saved/FirstLevel2A0D630A4DF34B92BDCD43BF14B6EAD2.tmp' to '../../../../../../WORKPLACE/Mini_laboratory/MEPhI_VR_term_1/Mini_laboratory/Content/Workplace/Maps/FirstLevel.umap'
[2025.12.16-19.40.23:890][487]LogFileHelpers: Saving map 'FirstLevel' took 0.057
[2025.12.16-19.40.23:907][487]AssetCheck: New page: Asset Save: FirstLevel
[2025.12.16-19.40.23:907][487]LogContentValidation: Display: Validating World /Game/Workplace/Maps/FirstLevel.FirstLevel
[2025.12.16-19.40.24:246][508]BlueprintLog: New page: Compile FirstLevel
[2025.12.16-19.40.24:293][508]LogUObjectHash: Compacting FUObjectHashTables data took   2.75ms
[2025.12.16-19.40.24:707][528]LogUObjectHash: Compacting FUObjectHashTables data took   0.65ms
[2025.12.16-19.40.24:734][528]LogSavePackage: Moving '../../../../../../WORKPLACE/Mini_laboratory/MEPhI_VR_term_1/Mini_laboratory/Saved/FirstLevel2ECD35B14814F6AF6C6846B66FCB023E.tmp' to '../../../../../../WORKPLACE/Mini_laboratory/MEPhI_VR_term_1/Mini_laboratory/Content/Workplace/Maps/FirstLevel.umap'
[2025.12.16-19.40.24:738][528]LogFileHelpers: Saving map 'FirstLevel' took 0.058
[2025.12.16-19.40.24:755][528]AssetCheck: New page: Asset Save: FirstLevel
[2025.12.16-19.40.24:755][528]LogContentValidation: Display: Validating World /Game/Workplace/Maps/FirstLevel.FirstLevel
[2025.12.16-19.40.25:193][555]BlueprintLog: New page: Compile FirstLevel
[2025.12.16-19.40.25:240][555]LogUObjectHash: Compacting FUObjectHashTables data took   2.63ms
[2025.12.16-19.40.25:722][579]LogUObjectHash: Compacting FUObjectHashTables data took   0.59ms
[2025.12.16-19.40.25:750][579]LogSavePackage: Moving '../../../../../../WORKPLACE/Mini_laboratory/MEPhI_VR_term_1/Mini_laboratory/Saved/FirstLevel5E8AB4BB4CF725EAB595C08259985E9D.tmp' to '../../../../../../WORKPLACE/Mini_laboratory/MEPhI_VR_term_1/Mini_laboratory/Content/Workplace/Maps/FirstLevel.umap'
[2025.12.16-19.40.25:754][579]LogFileHelpers: Saving map 'FirstLevel' took 0.059
[2025.12.16-19.40.25:772][579]AssetCheck: New page: Asset Save: FirstLevel
[2025.12.16-19.40.25:772][579]LogContentValidation: Display: Validating World /Game/Workplace/Maps/FirstLevel.FirstLevel
[2025.12.16-19.40.26:093][599]BlueprintLog: New page: Compile FirstLevel
[2025.12.16-19.40.26:141][599]LogUObjectHash: Compacting FUObjectHashTables data took   2.48ms
[2025.12.16-19.40.26:840][633]LogUObjectHash: Compacting FUObjectHashTables data took   0.59ms
[2025.12.16-19.40.26:866][633]LogSavePackage: Moving '../../../../../../WORKPLACE/Mini_laboratory/MEPhI_VR_term_1/Mini_laboratory/Saved/FirstLevelDB085AD745A10B5B53D11C9541B6D72F.tmp' to '../../../../../../WORKPLACE/Mini_laboratory/MEPhI_VR_term_1/Mini_laboratory/Content/Workplace/Maps/FirstLevel.umap'
[2025.12.16-19.40.26:871][633]LogFileHelpers: Saving map 'FirstLevel' took 0.059
[2025.12.16-19.40.26:890][633]AssetCheck: New page: Asset Save: FirstLevel
[2025.12.16-19.40.26:890][633]LogContentValidation: Display: Validating World /Game/Workplace/Maps/FirstLevel.FirstLevel
[2025.12.16-19.40.27:177][651]BlueprintLog: New page: Compile FirstLevel
[2025.12.16-19.40.27:227][651]LogUObjectHash: Compacting FUObjectHashTables data took   2.68ms
[2025.12.16-19.40.27:618][669]LogUObjectHash: Compacting FUObjectHashTables data took   0.59ms
[2025.12.16-19.40.27:645][669]LogSavePackage: Moving '../../../../../../WORKPLACE/Mini_laboratory/MEPhI_VR_term_1/Mini_laboratory/Saved/FirstLevel78F4255A4AA4E264A99F429D83B39382.tmp' to '../../../../../../WORKPLACE/Mini_laboratory/MEPhI_VR_term_1/Mini_laboratory/Content/Workplace/Maps/FirstLevel.umap'
[2025.12.16-19.40.27:650][669]LogFileHelpers: Saving map 'FirstLevel' took 0.060
[2025.12.16-19.40.27:668][669]AssetCheck: New page: Asset Save: FirstLevel
[2025.12.16-19.40.27:668][669]LogContentValidation: Display: Validating World /Game/Workplace/Maps/FirstLevel.FirstLevel
[2025.12.16-19.40.32:094][935]BlueprintLog: New page: Compile FirstLevel
[2025.12.16-19.40.32:144][935]LogUObjectHash: Compacting FUObjectHashTables data took   2.62ms
[2025.12.16-19.40.32:604][958]LogUObjectHash: Compacting FUObjectHashTables data took   0.56ms
[2025.12.16-19.40.32:632][958]LogSavePackage: Moving '../../../../../../WORKPLACE/Mini_laboratory/MEPhI_VR_term_1/Mini_laboratory/Saved/FirstLevelF964F7F148D9111688C823BF39E4DF17.tmp' to '../../../../../../WORKPLACE/Mini_laboratory/MEPhI_VR_term_1/Mini_laboratory/Content/Workplace/Maps/FirstLevel.umap'
[2025.12.16-19.40.32:637][958]LogFileHelpers: Saving map 'FirstLevel' took 0.060
[2025.12.16-19.40.32:655][958]AssetCheck: New page: Asset Save: FirstLevel
[2025.12.16-19.40.32:655][958]LogContentValidation: Display: Validating World /Game/Workplace/Maps/FirstLevel.FirstLevel
[2025.12.16-19.40.33:091][985]BlueprintLog: New page: Compile FirstLevel
[2025.12.16-19.40.33:140][985]LogUObjectHash: Compacting FUObjectHashTables data took   2.67ms
[2025.12.16-19.40.33:563][  2]LogUObjectHash: Compacting FUObjectHashTables data took   0.59ms
[2025.12.16-19.40.33:590][  2]LogSavePackage: Moving '../../../../../../WORKPLACE/Mini_laboratory/MEPhI_VR_term_1/Mini_laboratory/Saved/FirstLevel43B0FF9C4DAE7AAAA53DDD9A1031147B.tmp' to '../../../../../../WORKPLACE/Mini_laboratory/MEPhI_VR_term_1/Mini_laboratory/Content/Workplace/Maps/FirstLevel.umap'
[2025.12.16-19.40.33:594][  2]LogFileHelpers: Saving map 'FirstLevel' took 0.058
[2025.12.16-19.40.33:613][  2]AssetCheck: New page: Asset Save: FirstLevel
[2025.12.16-19.40.33:613][  2]LogContentValidation: Display: Validating World /Game/Workplace/Maps/FirstLevel.FirstLevel
[2025.12.16-19.40.33:968][ 24]BlueprintLog: New page: Compile FirstLevel
[2025.12.16-19.40.34:013][ 24]LogUObjectHash: Compacting FUObjectHashTables data took   2.63ms
[2025.12.16-19.40.34:414][ 43]LogUObjectHash: Compacting FUObjectHashTables data took   0.60ms
[2025.12.16-19.40.34:440][ 43]LogSavePackage: Moving '../../../../../../WORKPLACE/Mini_laboratory/MEPhI_VR_term_1/Mini_laboratory/Saved/FirstLevel943854D047C1086E71465882B59F3AE2.tmp' to '../../../../../../WORKPLACE/Mini_laboratory/MEPhI_VR_term_1/Mini_laboratory/Content/Workplace/Maps/FirstLevel.umap'
[2025.12.16-19.40.34:445][ 43]LogFileHelpers: Saving map 'FirstLevel' took 0.058
[2025.12.16-19.40.34:464][ 43]AssetCheck: New page: Asset Save: FirstLevel
[2025.12.16-19.40.34:464][ 43]LogContentValidation: Display: Validating World /Game/Workplace/Maps/FirstLevel.FirstLevel
[2025.12.16-19.40.34:768][ 62]BlueprintLog: New page: Compile FirstLevel
[2025.12.16-19.40.34:815][ 62]LogUObjectHash: Compacting FUObjectHashTables data took   2.65ms
[2025.12.16-19.40.35:281][ 85]LogUObjectHash: Compacting FUObjectHashTables data took   0.95ms
[2025.12.16-19.40.35:327][ 85]LogSavePackage: Moving '../../../../../../WORKPLACE/Mini_laboratory/MEPhI_VR_term_1/Mini_laboratory/Saved/FirstLevel4ACF40204B6971AD64328EAA580BFB85.tmp' to '../../../../../../WORKPLACE/Mini_laboratory/MEPhI_VR_term_1/Mini_laboratory/Content/Workplace/Maps/FirstLevel.umap'
[2025.12.16-19.40.35:331][ 85]LogFileHelpers: Saving map 'FirstLevel' took 0.081
[2025.12.16-19.40.35:351][ 85]AssetCheck: New page: Asset Save: FirstLevel
[2025.12.16-19.40.35:351][ 85]LogContentValidation: Display: Validating World /Game/Workplace/Maps/FirstLevel.FirstLevel
[2025.12.16-19.40.59:801][535]BlueprintLog: New page: Compile FirstLevel
[2025.12.16-19.40.59:849][535]LogUObjectHash: Compacting FUObjectHashTables data took   2.61ms
[2025.12.16-19.41.00:545][571]LogUObjectHash: Compacting FUObjectHashTables data took   0.58ms
[2025.12.16-19.41.00:573][571]LogSavePackage: Moving '../../../../../../WORKPLACE/Mini_laboratory/MEPhI_VR_term_1/Mini_laboratory/Saved/FirstLevelD2538EB64FCA22A8AEC7119D4A6BA7BD.tmp' to '../../../../../../WORKPLACE/Mini_laboratory/MEPhI_VR_term_1/Mini_laboratory/Content/Workplace/Maps/FirstLevel.umap'
[2025.12.16-19.41.00:577][571]LogFileHelpers: Saving map 'FirstLevel' took 0.060
[2025.12.16-19.41.00:596][571]AssetCheck: New page: Asset Save: FirstLevel
[2025.12.16-19.41.00:596][571]LogContentValidation: Display: Validating World /Game/Workplace/Maps/FirstLevel.FirstLevel
[2025.12.16-19.41.01:000][596]BlueprintLog: New page: Compile FirstLevel
[2025.12.16-19.41.01:051][596]LogUObjectHash: Compacting FUObjectHashTables data took   2.64ms
[2025.12.16-19.41.01:358][609]LogUObjectHash: Compacting FUObjectHashTables data took   0.59ms
[2025.12.16-19.41.01:385][609]LogSavePackage: Moving '../../../../../../WORKPLACE/Mini_laboratory/MEPhI_VR_term_1/Mini_laboratory/Saved/FirstLevel2FCD9E8341C6BE08538C4CA3143B459C.tmp' to '../../../../../../WORKPLACE/Mini_laboratory/MEPhI_VR_term_1/Mini_laboratory/Content/Workplace/Maps/FirstLevel.umap'
[2025.12.16-19.41.01:389][609]LogFileHelpers: Saving map 'FirstLevel' took 0.059
[2025.12.16-19.41.01:408][609]AssetCheck: New page: Asset Save: FirstLevel
[2025.12.16-19.41.01:408][609]LogContentValidation: Display: Validating World /Game/Workplace/Maps/FirstLevel.FirstLevel
[2025.12.16-19.41.35:573][617]BlueprintLog: New page: Compile FirstLevel
[2025.12.16-19.41.35:624][617]LogUObjectHash: Compacting FUObjectHashTables data took   2.63ms
[2025.12.16-19.41.35:995][634]LogUObjectHash: Compacting FUObjectHashTables data took   0.71ms
[2025.12.16-19.41.36:023][634]LogSavePackage: Moving '../../../../../../WORKPLACE/Mini_laboratory/MEPhI_VR_term_1/Mini_laboratory/Saved/FirstLevel4DC71C194C757CCD234DB0A8E7BF5959.tmp' to '../../../../../../WORKPLACE/Mini_laboratory/MEPhI_VR_term_1/Mini_laboratory/Content/Workplace/Maps/FirstLevel.umap'
[2025.12.16-19.41.36:027][634]LogFileHelpers: Saving map 'FirstLevel' took 0.059
[2025.12.16-19.41.36:049][634]AssetCheck: New page: Asset Save: FirstLevel
[2025.12.16-19.41.36:049][634]LogContentValidation: Display: Validating World /Game/Workplace/Maps/FirstLevel.FirstLevel
[2025.12.16-19.41.52:042][578]BlueprintLog: New page: Compile FirstLevel
[2025.12.16-19.41.52:090][578]LogUObjectHash: Compacting FUObjectHashTables data took   2.70ms
[2025.12.16-19.41.52:722][607]LogUObjectHash: Compacting FUObjectHashTables data took   0.63ms
[2025.12.16-19.41.52:750][607]LogSavePackage: Moving '../../../../../../WORKPLACE/Mini_laboratory/MEPhI_VR_term_1/Mini_laboratory/Saved/FirstLevel81CB691245BA742E343A7F9DD689A953.tmp' to '../../../../../../WORKPLACE/Mini_laboratory/MEPhI_VR_term_1/Mini_laboratory/Content/Workplace/Maps/FirstLevel.umap'
[2025.12.16-19.41.52:755][607]LogFileHelpers: Saving map 'FirstLevel' took 0.072
[2025.12.16-19.41.52:776][607]AssetCheck: New page: Asset Save: FirstLevel
[2025.12.16-19.41.52:776][607]LogContentValidation: Display: Validating World /Game/Workplace/Maps/FirstLevel.FirstLevel
[2025.12.16-19.41.59:536][ 10]BlueprintLog: New page: Compile FirstLevel
[2025.12.16-19.41.59:583][ 10]LogUObjectHash: Compacting FUObjectHashTables data took   2.75ms
[2025.12.16-19.42.00:017][ 31]LogUObjectHash: Compacting FUObjectHashTables data took   0.68ms
[2025.12.16-19.42.00:044][ 31]LogSavePackage: Moving '../../../../../../WORKPLACE/Mini_laboratory/MEPhI_VR_term_1/Mini_laboratory/Saved/FirstLevel79C648034497A8939A8ABFAF61C9D5D7.tmp' to '../../../../../../WORKPLACE/Mini_laboratory/MEPhI_VR_term_1/Mini_laboratory/Content/Workplace/Maps/FirstLevel.umap'
[2025.12.16-19.42.00:049][ 31]LogFileHelpers: Saving map 'FirstLevel' took 0.061
[2025.12.16-19.42.00:067][ 31]AssetCheck: New page: Asset Save: FirstLevel
[2025.12.16-19.42.00:067][ 31]LogContentValidation: Display: Validating World /Game/Workplace/Maps/FirstLevel.FirstLevel
[2025.12.16-19.42.00:421][ 53]BlueprintLog: New page: Compile FirstLevel
[2025.12.16-19.42.00:472][ 53]LogUObjectHash: Compacting FUObjectHashTables data took   2.64ms
[2025.12.16-19.42.00:829][ 69]LogUObjectHash: Compacting FUObjectHashTables data took   0.59ms
[2025.12.16-19.42.00:857][ 69]LogSavePackage: Moving '../../../../../../WORKPLACE/Mini_laboratory/MEPhI_VR_term_1/Mini_laboratory/Saved/FirstLevelAB369C554265950AFCF99E9EB547BD12.tmp' to '../../../../../../WORKPLACE/Mini_laboratory/MEPhI_VR_term_1/Mini_laboratory/Content/Workplace/Maps/FirstLevel.umap'
[2025.12.16-19.42.00:862][ 69]LogFileHelpers: Saving map 'FirstLevel' took 0.059
[2025.12.16-19.42.00:880][ 69]AssetCheck: New page: Asset Save: FirstLevel
[2025.12.16-19.42.00:880][ 69]LogContentValidation: Display: Validating World /Game/Workplace/Maps/FirstLevel.FirstLevel
[2025.12.16-19.42.01:535][109]BlueprintLog: New page: Compile FirstLevel
[2025.12.16-19.42.01:584][109]LogUObjectHash: Compacting FUObjectHashTables data took   2.75ms
[2025.12.16-19.42.01:980][126]LogUObjectHash: Compacting FUObjectHashTables data took   0.58ms
[2025.12.16-19.42.02:008][126]LogSavePackage: Moving '../../../../../../WORKPLACE/Mini_laboratory/MEPhI_VR_term_1/Mini_laboratory/Saved/FirstLevelF6AF7BE64235F28F37D2C197100B3304.tmp' to '../../../../../../WORKPLACE/Mini_laboratory/MEPhI_VR_term_1/Mini_laboratory/Content/Workplace/Maps/FirstLevel.umap'
[2025.12.16-19.42.02:012][126]LogFileHelpers: Saving map 'FirstLevel' took 0.062
[2025.12.16-19.42.02:030][126]AssetCheck: New page: Asset Save: FirstLevel
[2025.12.16-19.42.02:030][126]LogContentValidation: Display: Validating World /Game/Workplace/Maps/FirstLevel.FirstLevel
[2025.12.16-19.42.34:188][967]LogSlate: Took 0.023283 seconds to synchronously load lazily loaded font '../../../Engine/Content/Slate/Fonts/DroidSansFallback.ttf' (3848K)
[2025.12.16-19.43.03:747][641]BlueprintLog: New page: Compile FirstLevel
[2025.12.16-19.43.03:804][641]LogUObjectHash: Compacting FUObjectHashTables data took   2.79ms
[2025.12.16-19.43.04:492][677]LogUObjectHash: Compacting FUObjectHashTables data took   2.39ms
[2025.12.16-19.43.04:519][677]LogSavePackage: Moving '../../../../../../WORKPLACE/Mini_laboratory/MEPhI_VR_term_1/Mini_laboratory/Saved/FirstLevel968F26014884184C3470AA916D88CE9D.tmp' to '../../../../../../WORKPLACE/Mini_laboratory/MEPhI_VR_term_1/Mini_laboratory/Content/Workplace/Maps/FirstLevel.umap'
[2025.12.16-19.43.04:524][677]LogFileHelpers: Saving map 'FirstLevel' took 0.062
[2025.12.16-19.43.04:544][677]AssetCheck: New page: Asset Save: FirstLevel
[2025.12.16-19.43.04:544][677]LogContentValidation: Display: Validating World /Game/Workplace/Maps/FirstLevel.FirstLevel
[2025.12.16-19.43.39:715][739]BlueprintLog: New page: Compile FirstLevel
[2025.12.16-19.43.39:763][739]LogUObjectHash: Compacting FUObjectHashTables data took   2.68ms
[2025.12.16-19.43.40:177][758]LogUObjectHash: Compacting FUObjectHashTables data took   2.42ms
[2025.12.16-19.43.40:205][758]LogSavePackage: Moving '../../../../../../WORKPLACE/Mini_laboratory/MEPhI_VR_term_1/Mini_laboratory/Saved/FirstLevel5AE1A83945AA709170C430BADEA02046.tmp' to '../../../../../../WORKPLACE/Mini_laboratory/MEPhI_VR_term_1/Mini_laboratory/Content/Workplace/Maps/FirstLevel.umap'
[2025.12.16-19.43.40:209][758]LogFileHelpers: Saving map 'FirstLevel' took 0.062
[2025.12.16-19.43.40:226][758]AssetCheck: New page: Asset Save: FirstLevel
[2025.12.16-19.43.40:226][758]LogContentValidation: Display: Validating World /Game/Workplace/Maps/FirstLevel.FirstLevel
[2025.12.16-19.44.04:114][ 27]LogWindowsTextInputMethodSystem: Display: IME system deactivated.
[2025.12.16-19.44.04:114][ 27]LogWindowsTextInputMethodSystem: Display: IME system deactivated.
[2025.12.16-19.44.08:458][277]LogWindowsTextInputMethodSystem: Display: IME system deactivated.
[2025.12.16-19.44.08:458][277]LogWindowsTextInputMethodSystem: Display: IME system deactivated.
[2025.12.16-19.44.55:096][336]LogSelectionDetails: Warning: NavigateToFunctionSource:  Unable to find symbols for 'UKismetSystemLibrary::MakeLiteralText' [Не найден указанный модуль.]
[2025.12.16-19.46.07:776][618]LogWindowsTextInputMethodSystem: Display: IME system deactivated.
[2025.12.16-19.46.07:776][618]LogWindowsTextInputMethodSystem: Display: IME system deactivated.
[2025.12.16-19.46.27:815][549]LogWindowsTextInputMethodSystem: Display: IME system deactivated.
[2025.12.16-19.46.27:815][549]LogWindowsTextInputMethodSystem: Display: IME system deactivated.
[2025.12.16-19.50.15:847][797]LogWindowsTextInputMethodSystem: Display: IME system deactivated.
[2025.12.16-19.50.15:847][797]LogWindowsTextInputMethodSystem: Display: IME system deactivated.
[2025.12.16-19.50.21:050][109]BlueprintLog: New page: Compile FirstLevel
[2025.12.16-19.50.21:099][109]LogUObjectHash: Compacting FUObjectHashTables data took   3.01ms
[2025.12.16-19.50.21:763][143]LogUObjectHash: Compacting FUObjectHashTables data took   2.40ms
[2025.12.16-19.50.21:792][143]LogSavePackage: Moving '../../../../../../WORKPLACE/Mini_laboratory/MEPhI_VR_term_1/Mini_laboratory/Saved/FirstLevelDB1922C742144697BB86A58FB1CFDA08.tmp' to '../../../../../../WORKPLACE/Mini_laboratory/MEPhI_VR_term_1/Mini_laboratory/Content/Workplace/Maps/FirstLevel.umap'
[2025.12.16-19.50.21:796][143]LogFileHelpers: Saving map 'FirstLevel' took 0.061
[2025.12.16-19.50.21:909][143]AssetCheck: New page: Asset Save: FirstLevel
[2025.12.16-19.50.21:909][143]LogContentValidation: Display: Validating World /Game/Workplace/Maps/FirstLevel.FirstLevel
[2025.12.16-19.50.42:648][384]BlueprintLog: New page: Compile FirstLevel
[2025.12.16-19.50.42:696][384]LogUObjectHash: Compacting FUObjectHashTables data took   2.66ms
[2025.12.16-19.50.43:223][410]LogUObjectHash: Compacting FUObjectHashTables data took   2.38ms
[2025.12.16-19.50.43:304][410]LogSavePackage: Moving '../../../../../../WORKPLACE/Mini_laboratory/MEPhI_VR_term_1/Mini_laboratory/Saved/FirstLevelC75AB6FD479FF0F039826E8263DC0E7F.tmp' to '../../../../../../WORKPLACE/Mini_laboratory/MEPhI_VR_term_1/Mini_laboratory/Content/Workplace/Maps/FirstLevel.umap'
[2025.12.16-19.50.43:310][410]LogFileHelpers: Saving map 'FirstLevel' took 0.116
[2025.12.16-19.50.43:330][410]AssetCheck: New page: Asset Save: FirstLevel
[2025.12.16-19.50.43:330][410]LogContentValidation: Display: Validating World /Game/Workplace/Maps/FirstLevel.FirstLevel
[2025.12.16-19.50.43:591][426]BlueprintLog: New page: Compile FirstLevel
[2025.12.16-19.50.43:639][426]LogUObjectHash: Compacting FUObjectHashTables data took   2.71ms
[2025.12.16-19.50.44:788][492]BlueprintLog: New page: Compile FirstLevel
[2025.12.16-19.50.44:840][492]LogUObjectHash: Compacting FUObjectHashTables data took   2.62ms
[2025.12.16-19.50.45:650][535]LogUObjectHash: Compacting FUObjectHashTables data took   2.38ms
[2025.12.16-19.50.45:679][535]LogSavePackage: Moving '../../../../../../WORKPLACE/Mini_laboratory/MEPhI_VR_term_1/Mini_laboratory/Saved/FirstLevel6D0699934E02D83237F352AA46125082.tmp' to '../../../../../../WORKPLACE/Mini_laboratory/MEPhI_VR_term_1/Mini_laboratory/Content/Workplace/Maps/FirstLevel.umap'
[2025.12.16-19.50.45:683][535]LogFileHelpers: Saving map 'FirstLevel' took 0.062
[2025.12.16-19.50.45:701][535]AssetCheck: New page: Asset Save: FirstLevel
[2025.12.16-19.50.45:701][535]LogContentValidation: Display: Validating World /Game/Workplace/Maps/FirstLevel.FirstLevel
[2025.12.16-19.50.49:507][760]LogTemp: Repeating last play command: New Editor Window (PIE)
[2025.12.16-19.50.49:512][760]LogPlayLevel: PlayLevel: No blueprints needed recompiling
[2025.12.16-19.50.49:512][760]PIE: New page: PIE session: FirstLevel (17 дек. 2025 г., 01:50:49)
[2025.12.16-19.50.49:513][760]LogPlayLevel: Creating play world package: /Game/Workplace/Maps/UEDPIE_0_FirstLevel
[2025.12.16-19.50.49:519][760]LogPlayLevel: PIE: StaticDuplicateObject took: (0.006351s)
[2025.12.16-19.50.49:521][760]LogAIModule: Creating AISystem for world FirstLevel
[2025.12.16-19.50.49:521][760]LogPlayLevel: PIE: World Init took: (0.002161s)
[2025.12.16-19.50.49:521][760]LogPlayLevel: PIE: Created PIE world by copying editor world from /Game/Workplace/Maps/FirstLevel.FirstLevel to /Game/Workplace/Maps/UEDPIE_0_FirstLevel.FirstLevel (0.008628s)
[2025.12.16-19.50.49:548][760]LogUObjectHash: Compacting FUObjectHashTables data took   2.20ms
[2025.12.16-19.50.49:549][760]LogAudio: Display: Creating Audio Device:                 Id: 17, Scope: Unique, Realtime: True
[2025.12.16-19.50.49:549][760]LogAudioMixer: Display: Audio Mixer Platform Settings:
[2025.12.16-19.50.49:549][760]LogAudioMixer: Display: 	Sample Rate:						  48000
[2025.12.16-19.50.49:549][760]LogAudioMixer: Display: 	Callback Buffer Frame Size Requested: 1024
[2025.12.16-19.50.49:549][760]LogAudioMixer: Display: 	Callback Buffer Frame Size To Use:	  1024
[2025.12.16-19.50.49:549][760]LogAudioMixer: Display: 	Number of buffers to queue:			  2
[2025.12.16-19.50.49:549][760]LogAudioMixer: Display: 	Max Channels (voices):				  32
[2025.12.16-19.50.49:549][760]LogAudioMixer: Display: 	Number of Async Source Workers:		  0
[2025.12.16-19.50.49:549][760]LogAudio: Display: AudioDevice MaxSources: 32
[2025.12.16-19.50.49:550][760]LogAudio: Display: Audio Spatialization Plugin: None (built-in).
[2025.12.16-19.50.49:550][760]LogAudio: Display: Audio Reverb Plugin: None (built-in).
[2025.12.16-19.50.49:550][760]LogAudio: Display: Audio Occlusion Plugin: None (built-in).
[2025.12.16-19.50.49:550][760]LogAudioMixer: Display: Initializing audio mixer.
[2025.12.16-19.50.49:556][760]LogAudioMixer: Display: 0: FrontLeft
[2025.12.16-19.50.49:556][760]LogAudioMixer: Display: 1: FrontRight
[2025.12.16-19.50.49:570][760]LogAudioMixer: Display: Using Audio Device Динамики (Realtek(R) Audio)
[2025.12.16-19.50.49:571][760]LogAudioMixer: Display: Initializing Sound Submixes...
[2025.12.16-19.50.49:571][760]LogAudioMixer: Display: Creating Master Submix 'MasterSubmixDefault'
[2025.12.16-19.50.49:571][760]LogAudioMixer: Display: Creating Master Submix 'MasterReverbSubmixDefault'
[2025.12.16-19.50.49:572][760]LogAudioMixer: Display: Creating Master Submix 'MasterEQSubmixDefault'
[2025.12.16-19.50.49:572][760]LogAudioMixer: FMixerPlatformXAudio2::StartAudioStream() called
[2025.12.16-19.50.49:572][760]LogAudioMixer: Display: Output buffers initialized: Frames=1024, Channels=2, Samples=2048
[2025.12.16-19.50.49:574][760]LogAudioMixer: Display: Starting AudioMixerPlatformInterface::RunInternal()
[2025.12.16-19.50.49:574][760]LogAudioMixer: Display: FMixerPlatformXAudio2::SubmitBuffer() called for the first time
[2025.12.16-19.50.49:574][760]LogInit: FAudioDevice initialized.
[2025.12.16-19.50.49:574][760]LogAudio: Display: Audio Device (ID: 17) registered with world 'FirstLevel'.
[2025.12.16-19.50.49:608][760]LogSlate: Updating window title bar state: overlay mode, drag disabled, window buttons hidden, title bar hidden
[2025.12.16-19.50.49:608][760]LogLoad: Game class is 'BP_GameMode_C'
[2025.12.16-19.50.49:611][760]LogWorld: Bringing World /Game/Workplace/Maps/UEDPIE_0_FirstLevel.FirstLevel up for play (max tick rate 60) at 2025.12.16-22.50.49
[2025.12.16-19.50.49:611][760]LogWorld: Bringing up level for play took: 0.001524
[2025.12.16-19.50.49:611][760]LogOnline: OSS: Creating online subsystem instance for: :Context_49
[2025.12.16-19.50.49:614][760]LogSpawn: Warning: SpawnActor failed because no class was specified
[2025.12.16-19.50.49:617][760]PIE: Server logged in
[2025.12.16-19.50.49:618][760]PIE: Play in editor total start time 0,106 seconds.
[2025.12.16-19.50.51:257][854]LogSlate: Updating window title bar state: overlay mode, drag disabled, window buttons hidden, title bar hidden
[2025.12.16-19.50.51:257][854]LogWorld: BeginTearingDown for /Game/Workplace/Maps/UEDPIE_0_FirstLevel
[2025.12.16-19.50.51:257][854]LogSlate: Window 'Mini_laboratory Preview [NetMode: Standalone]  (64-bit/Windows) ' being destroyed
[2025.12.16-19.50.51:261][854]LogWorld: UWorld::CleanupWorld for FirstLevel, bSessionEnded=true, bCleanupResources=true
[2025.12.16-19.50.51:261][854]LogSlate: InvalidateAllWidgets triggered.  All widgets were invalidated
[2025.12.16-19.50.51:296][854]LogPlayLevel: Display: Shutting down PIE online subsystems
[2025.12.16-19.50.51:310][854]LogSlate: InvalidateAllWidgets triggered.  All widgets were invalidated
[2025.12.16-19.50.51:343][854]LogAudioMixer: FMixerPlatformXAudio2::StopAudioStream() called
[2025.12.16-19.50.51:344][854]LogAudioMixer: FMixerPlatformXAudio2::StopAudioStream() called
[2025.12.16-19.50.51:352][854]LogUObjectHash: Compacting FUObjectHashTables data took   5.54ms
[2025.12.16-19.50.51:383][855]LogPlayLevel: Display: Destroying online subsystem :Context_49
[2025.12.16-19.50.57:364][205]LogUObjectHash: Compacting FUObjectHashTables data took   2.26ms
[2025.12.16-19.50.57:396][205]LogAssetEditorSubsystem: Opening Asset editor for World /Game/Workplace/Maps/StartMenu.StartMenu
[2025.12.16-19.50.57:396][205]Cmd: MAP LOAD FILE="../../../../../../WORKPLACE/Mini_laboratory/MEPhI_VR_term_1/Mini_laboratory/Content/Workplace/Maps/StartMenu.umap" TEMPLATE=0 SHOWPROGRESS=1 FEATURELEVEL=3
[2025.12.16-19.50.57:396][205]LightingResults: New page: Lighting Build
[2025.12.16-19.50.57:396][205]LoadErrors: New page: Loading map: StartMenu.umap
[2025.12.16-19.50.57:458][205]LogWorld: UWorld::CleanupWorld for World_103, bSessionEnded=true, bCleanupResources=true
[2025.12.16-19.50.57:458][205]LogSlate: InvalidateAllWidgets triggered.  All widgets were invalidated
[2025.12.16-19.50.57:492][205]LogWorld: UWorld::CleanupWorld for FirstLevel, bSessionEnded=true, bCleanupResources=true
[2025.12.16-19.50.57:492][205]LogSlate: InvalidateAllWidgets triggered.  All widgets were invalidated
[2025.12.16-19.50.57:492][205]MapCheck: New page: Map Check
[2025.12.16-19.50.57:492][205]LightingResults: New page: Lighting Build
[2025.12.16-19.50.57:514][205]LogAudio: Display: Audio Device unregistered from world 'None'.
[2025.12.16-19.50.57:523][205]LogUObjectHash: Compacting FUObjectHashTables data took   2.61ms
[2025.12.16-19.50.57:524][205]LogAudio: Display: Audio Device (ID: 1) registered with world 'StartMenu'.
[2025.12.16-19.50.57:546][205]LogEditorServer: Finished looking for orphan Actors (0.000 secs)
[2025.12.16-19.50.57:546][205]LogAIModule: Creating AISystem for world StartMenu
[2025.12.16-19.50.57:573][205]LogUObjectHash: Compacting FUObjectHashTables data took   2.16ms
[2025.12.16-19.50.57:577][205]Cmd: MAP CHECKDEP NOCLEARLOG
[2025.12.16-19.50.57:577][205]MapCheck: Map check complete: 0 Error(s), 0 Warning(s), took 0,06ms to complete.
[2025.12.16-19.50.57:577][205]LogFileHelpers: Loading map 'StartMenu' took 0.180
[2025.12.16-19.50.59:501][318]LogTemp: Repeating last play command: New Editor Window (PIE)
[2025.12.16-19.50.59:506][318]LogPlayLevel: PlayLevel: No blueprints needed recompiling
[2025.12.16-19.50.59:507][318]PIE: New page: PIE session: StartMenu (17 дек. 2025 г., 01:50:59)
[2025.12.16-19.50.59:507][318]LogPlayLevel: Creating play world package: /Game/Workplace/Maps/UEDPIE_0_StartMenu
[2025.12.16-19.50.59:508][318]LogPlayLevel: PIE: StaticDuplicateObject took: (0.000870s)
[2025.12.16-19.50.59:508][318]LogAIModule: Creating AISystem for world StartMenu
[2025.12.16-19.50.59:508][318]LogPlayLevel: PIE: World Init took: (0.000858s)
[2025.12.16-19.50.59:508][318]LogPlayLevel: PIE: Created PIE world by copying editor world from /Game/Workplace/Maps/StartMenu.StartMenu to /Game/Workplace/Maps/UEDPIE_0_StartMenu.StartMenu (0.001818s)
[2025.12.16-19.50.59:536][318]LogUObjectHash: Compacting FUObjectHashTables data took   2.29ms
[2025.12.16-19.50.59:536][318]LogAudio: Display: Creating Audio Device:                 Id: 18, Scope: Unique, Realtime: True
[2025.12.16-19.50.59:536][318]LogAudioMixer: Display: Audio Mixer Platform Settings:
[2025.12.16-19.50.59:536][318]LogAudioMixer: Display: 	Sample Rate:						  48000
[2025.12.16-19.50.59:536][318]LogAudioMixer: Display: 	Callback Buffer Frame Size Requested: 1024
[2025.12.16-19.50.59:536][318]LogAudioMixer: Display: 	Callback Buffer Frame Size To Use:	  1024
[2025.12.16-19.50.59:536][318]LogAudioMixer: Display: 	Number of buffers to queue:			  2
[2025.12.16-19.50.59:536][318]LogAudioMixer: Display: 	Max Channels (voices):				  32
[2025.12.16-19.50.59:536][318]LogAudioMixer: Display: 	Number of Async Source Workers:		  0
[2025.12.16-19.50.59:536][318]LogAudio: Display: AudioDevice MaxSources: 32
[2025.12.16-19.50.59:537][318]LogAudio: Display: Audio Spatialization Plugin: None (built-in).
[2025.12.16-19.50.59:537][318]LogAudio: Display: Audio Reverb Plugin: None (built-in).
[2025.12.16-19.50.59:537][318]LogAudio: Display: Audio Occlusion Plugin: None (built-in).
[2025.12.16-19.50.59:537][318]LogAudioMixer: Display: Initializing audio mixer.
[2025.12.16-19.50.59:538][318]LogAudioMixer: Display: 0: FrontLeft
[2025.12.16-19.50.59:538][318]LogAudioMixer: Display: 1: FrontRight
[2025.12.16-19.50.59:548][318]LogAudioMixer: Display: Using Audio Device Динамики (Realtek(R) Audio)
[2025.12.16-19.50.59:548][318]LogAudioMixer: Display: Initializing Sound Submixes...
[2025.12.16-19.50.59:549][318]LogAudioMixer: Display: Creating Master Submix 'MasterSubmixDefault'
[2025.12.16-19.50.59:549][318]LogAudioMixer: Display: Creating Master Submix 'MasterReverbSubmixDefault'
[2025.12.16-19.50.59:549][318]LogAudioMixer: Display: Creating Master Submix 'MasterEQSubmixDefault'
[2025.12.16-19.50.59:549][318]LogAudioMixer: FMixerPlatformXAudio2::StartAudioStream() called
[2025.12.16-19.50.59:549][318]LogAudioMixer: Display: Output buffers initialized: Frames=1024, Channels=2, Samples=2048
[2025.12.16-19.50.59:550][318]LogAudioMixer: Display: Starting AudioMixerPlatformInterface::RunInternal()
[2025.12.16-19.50.59:550][318]LogAudioMixer: Display: FMixerPlatformXAudio2::SubmitBuffer() called for the first time
[2025.12.16-19.50.59:550][318]LogInit: FAudioDevice initialized.
[2025.12.16-19.50.59:550][318]LogAudio: Display: Audio Device (ID: 18) registered with world 'StartMenu'.
[2025.12.16-19.50.59:598][318]LogSlate: Updating window title bar state: overlay mode, drag disabled, window buttons hidden, title bar hidden
[2025.12.16-19.50.59:598][318]LogLoad: Game class is 'BP_GameMode_C'
[2025.12.16-19.50.59:598][318]LogWorld: Bringing World /Game/Workplace/Maps/UEDPIE_0_StartMenu.StartMenu up for play (max tick rate 60) at 2025.12.16-22.50.59
[2025.12.16-19.50.59:599][318]LogWorld: Bringing up level for play took: 0.000285
[2025.12.16-19.50.59:599][318]LogOnline: OSS: Creating online subsystem instance for: :Context_50
[2025.12.16-19.50.59:601][318]LogSpawn: Warning: SpawnActor failed because no class was specified
[2025.12.16-19.50.59:602][318]LogPlayerController: Error: InputMode:UIOnly - Attempting to focus Non-Focusable widget SObjectWidget [Widget.cpp(799)]!
[2025.12.16-19.50.59:602][318]LogViewport: Display: Viewport MouseLockMode Changed, LockOnCapture -> DoNotLock
[2025.12.16-19.50.59:602][318]LogViewport: Display: Viewport MouseCaptureMode Changed, CapturePermanently_IncludingInitialMouseDown -> NoCapture
[2025.12.16-19.50.59:604][318]PIE: Server logged in
[2025.12.16-19.50.59:605][318]PIE: Play in editor total start time 0,099 seconds.
[2025.12.16-19.51.00:306][358]LogViewport: Display: Viewport MouseLockMode Changed, DoNotLock -> LockOnCapture
[2025.12.16-19.51.00:306][358]LogViewport: Display: Viewport MouseCaptureMode Changed, NoCapture -> CapturePermanently
[2025.12.16-19.51.00:308][358]LogNet: Browse: /Game/Workplace/Maps/FirstLevel
[2025.12.16-19.51.00:308][358]LogLoad: LoadMap: /Game/Workplace/Maps/FirstLevel
[2025.12.16-19.51.00:308][358]LogWorld: BeginTearingDown for /Game/Workplace/Maps/UEDPIE_0_StartMenu
[2025.12.16-19.51.00:308][358]LogWorld: UWorld::CleanupWorld for StartMenu, bSessionEnded=true, bCleanupResources=true
[2025.12.16-19.51.00:308][358]LogSlate: InvalidateAllWidgets triggered.  All widgets were invalidated
[2025.12.16-19.51.00:331][358]LogAudio: Display: Audio Device unregistered from world 'None'.
[2025.12.16-19.51.00:334][358]LogUObjectHash: Compacting FUObjectHashTables data took   2.35ms
[2025.12.16-19.51.00:414][358]LogAudio: Display: Audio Device (ID: 18) registered with world 'FirstLevel'.
[2025.12.16-19.51.00:415][358]LogAIModule: Creating AISystem for world FirstLevel
[2025.12.16-19.51.00:415][358]LogLoad: Game class is 'BP_GameMode_C'
[2025.12.16-19.51.00:424][358]LogWorld: Bringing World /Game/Workplace/Maps/UEDPIE_0_FirstLevel.FirstLevel up for play (max tick rate 60) at 2025.12.16-22.51.00
[2025.12.16-19.51.00:424][358]LogWorld: Bringing up level for play took: 0.008455
[2025.12.16-19.51.00:424][358]LogSpawn: Warning: SpawnActor failed because no class was specified
[2025.12.16-19.51.00:425][358]LogLoad: Took 0.116570 seconds to LoadMap(/Game/Workplace/Maps/FirstLevel)
[2025.12.16-19.51.11:927][ 41]LogSlate: Updating window title bar state: overlay mode, drag disabled, window buttons hidden, title bar hidden
[2025.12.16-19.51.11:927][ 41]LogWorld: BeginTearingDown for /Game/Workplace/Maps/UEDPIE_0_FirstLevel
[2025.12.16-19.51.11:927][ 41]LogSlate: Window 'Mini_laboratory Preview [NetMode: Standalone]  (64-bit/Windows) ' being destroyed
[2025.12.16-19.51.11:972][ 41]LogWorld: UWorld::CleanupWorld for FirstLevel, bSessionEnded=true, bCleanupResources=true
[2025.12.16-19.51.11:972][ 41]LogSlate: InvalidateAllWidgets triggered.  All widgets were invalidated
[2025.12.16-19.51.11:987][ 41]LogPlayLevel: Display: Shutting down PIE online subsystems
[2025.12.16-19.51.11:992][ 41]LogSlate: InvalidateAllWidgets triggered.  All widgets were invalidated
[2025.12.16-19.51.12:021][ 41]LogAudioMixer: FMixerPlatformXAudio2::StopAudioStream() called
[2025.12.16-19.51.12:022][ 41]LogAudioMixer: FMixerPlatformXAudio2::StopAudioStream() called
[2025.12.16-19.51.12:031][ 41]LogUObjectHash: Compacting FUObjectHashTables data took   5.79ms
[2025.12.16-19.51.12:047][ 42]LogPlayLevel: Display: Destroying online subsystem :Context_50
[2025.12.16-19.51.13:555][129]LogUObjectHash: Compacting FUObjectHashTables data took   2.42ms
[2025.12.16-19.51.13:560][129]LogSavePackage: Moving '../../../../../../WORKPLACE/Mini_laboratory/MEPhI_VR_term_1/Mini_laboratory/Saved/StartMenu7B6FD5F8487E9ACBDCA2D0BBD1EB1F81.tmp' to '../../../../../../WORKPLACE/Mini_laboratory/MEPhI_VR_term_1/Mini_laboratory/Content/Workplace/Maps/StartMenu.umap'
[2025.12.16-19.51.13:594][129]AssetCheck: New page: Asset Save: StartMenu
[2025.12.16-19.51.13:594][129]LogContentValidation: Display: Validating World /Game/Workplace/Maps/StartMenu.StartMenu
[2025.12.16-19.51.26:383][879]LogUObjectHash: Compacting FUObjectHashTables data took   0.55ms
[2025.12.16-19.51.26:436][879]LogAssetEditorSubsystem: Opening Asset editor for World /Game/Workplace/Maps/FirstLevel.FirstLevel
[2025.12.16-19.51.26:436][879]Cmd: MAP LOAD FILE="../../../../../../WORKPLACE/Mini_laboratory/MEPhI_VR_term_1/Mini_laboratory/Content/Workplace/Maps/FirstLevel.umap" TEMPLATE=0 SHOWPROGRESS=1 FEATURELEVEL=3
[2025.12.16-19.51.26:436][879]LightingResults: New page: Lighting Build
[2025.12.16-19.51.26:436][879]LoadErrors: New page: Loading map: FirstLevel.umap
[2025.12.16-19.51.26:437][879]LogWorld: UWorld::CleanupWorld for StartMenu, bSessionEnded=true, bCleanupResources=true
[2025.12.16-19.51.26:437][879]LogSlate: InvalidateAllWidgets triggered.  All widgets were invalidated
[2025.12.16-19.51.26:437][879]MapCheck: New page: Map Check
[2025.12.16-19.51.26:437][879]LightingResults: New page: Lighting Build
[2025.12.16-19.51.26:460][879]LogAudio: Display: Audio Device unregistered from world 'None'.
[2025.12.16-19.51.26:463][879]LogUObjectHash: Compacting FUObjectHashTables data took   2.54ms
[2025.12.16-19.51.26:489][879]LogAudio: Display: Audio Device (ID: 1) registered with world 'FirstLevel'.
[2025.12.16-19.51.26:583][879]LogEditorServer: Finished looking for orphan Actors (0.000 secs)
[2025.12.16-19.51.26:583][879]LogAIModule: Creating AISystem for world FirstLevel
[2025.12.16-19.51.26:609][879]LogUObjectHash: Compacting FUObjectHashTables data took   2.31ms
[2025.12.16-19.51.26:613][879]Cmd: MAP CHECKDEP NOCLEARLOG
[2025.12.16-19.51.26:613][879]MapCheck: Map check complete: 0 Error(s), 0 Warning(s), took 0,062ms to complete.
[2025.12.16-19.51.26:613][879]LogFileHelpers: Loading map 'FirstLevel' took 0.176
[2025.12.16-19.51.28:951][ 14]LogAssetEditorSubsystem: Opening Asset editor for LevelScriptBlueprint /Game/Workplace/Maps/FirstLevel.FirstLevel:PersistentLevel.FirstLevel
[2025.12.16-19.51.31:376][136]LogUObjectHash: Compacting FUObjectHashTables data took   2.27ms
[2025.12.16-19.51.31:405][136]LogSavePackage: Moving '../../../../../../WORKPLACE/Mini_laboratory/MEPhI_VR_term_1/Mini_laboratory/Saved/FirstLevelB2B69F9A470E142F074F409B7DD35E31.tmp' to '../../../../../../WORKPLACE/Mini_laboratory/MEPhI_VR_term_1/Mini_laboratory/Content/Workplace/Maps/FirstLevel.umap'
[2025.12.16-19.51.31:409][136]LogFileHelpers: Saving map 'FirstLevel' took 0.064
[2025.12.16-19.51.31:427][136]AssetCheck: New page: Asset Save: FirstLevel
[2025.12.16-19.51.31:427][136]LogContentValidation: Display: Validating World /Game/Workplace/Maps/FirstLevel.FirstLevel
[2025.12.16-19.51.33:266][242]LogUObjectHash: Compacting FUObjectHashTables data took   0.66ms
[2025.12.16-19.51.45:537][974]BlueprintLog: New page: Compile FirstLevel
[2025.12.16-19.51.45:585][974]LogUObjectHash: Compacting FUObjectHashTables data took   2.83ms
[2025.12.16-19.51.45:985][993]LogUObjectHash: Compacting FUObjectHashTables data took   2.44ms
[2025.12.16-19.51.46:014][993]LogSavePackage: Moving '../../../../../../WORKPLACE/Mini_laboratory/MEPhI_VR_term_1/Mini_laboratory/Saved/FirstLevel67356D9D4E4F6E6A7C4FF8B3EDD72F14.tmp' to '../../../../../../WORKPLACE/Mini_laboratory/MEPhI_VR_term_1/Mini_laboratory/Content/Workplace/Maps/FirstLevel.umap'
[2025.12.16-19.51.46:018][993]LogFileHelpers: Saving map 'FirstLevel' took 0.062
[2025.12.16-19.51.46:037][993]AssetCheck: New page: Asset Save: FirstLevel
[2025.12.16-19.51.46:037][993]LogContentValidation: Display: Validating World /Game/Workplace/Maps/FirstLevel.FirstLevel
[2025.12.16-19.51.51:144][296]BlueprintLog: New page: Compile FirstLevel
[2025.12.16-19.51.51:195][296]LogUObjectHash: Compacting FUObjectHashTables data took   2.71ms
[2025.12.16-19.51.51:553][310]LogUObjectHash: Compacting FUObjectHashTables data took   2.44ms
[2025.12.16-19.51.51:582][310]LogSavePackage: Moving '../../../../../../WORKPLACE/Mini_laboratory/MEPhI_VR_term_1/Mini_laboratory/Saved/FirstLevel06CDD61241DD892DC9DB69BAA3C85F24.tmp' to '../../../../../../WORKPLACE/Mini_laboratory/MEPhI_VR_term_1/Mini_laboratory/Content/Workplace/Maps/FirstLevel.umap'
[2025.12.16-19.51.51:586][310]LogFileHelpers: Saving map 'FirstLevel' took 0.063
[2025.12.16-19.51.51:606][310]AssetCheck: New page: Asset Save: FirstLevel
[2025.12.16-19.51.51:606][310]LogContentValidation: Display: Validating World /Game/Workplace/Maps/FirstLevel.FirstLevel
[2025.12.16-19.52.10:650][442]LogWindowsTextInputMethodSystem: Display: IME system deactivated.
[2025.12.16-19.52.10:651][442]LogWindowsTextInputMethodSystem: Display: IME system deactivated.
[2025.12.16-19.52.14:393][654]BlueprintLog: New page: Compile FirstLevel
[2025.12.16-19.52.14:442][654]LogUObjectHash: Compacting FUObjectHashTables data took   2.75ms
[2025.12.16-19.52.14:913][676]LogUObjectHash: Compacting FUObjectHashTables data took   2.34ms
[2025.12.16-19.52.14:941][676]LogSavePackage: Moving '../../../../../../WORKPLACE/Mini_laboratory/MEPhI_VR_term_1/Mini_laboratory/Saved/FirstLevel2A2FDE4C4FEA1AEC1F2CA2A31DE93C9E.tmp' to '../../../../../../WORKPLACE/Mini_laboratory/MEPhI_VR_term_1/Mini_laboratory/Content/Workplace/Maps/FirstLevel.umap'
[2025.12.16-19.52.14:945][676]LogFileHelpers: Saving map 'FirstLevel' took 0.068
[2025.12.16-19.52.14:966][676]AssetCheck: New page: Asset Save: FirstLevel
[2025.12.16-19.52.14:966][676]LogContentValidation: Display: Validating World /Game/Workplace/Maps/FirstLevel.FirstLevel
[2025.12.16-19.52.15:291][696]BlueprintLog: New page: Compile FirstLevel
[2025.12.16-19.52.15:341][696]LogUObjectHash: Compacting FUObjectHashTables data took   2.83ms
[2025.12.16-19.52.15:825][717]LogUObjectHash: Compacting FUObjectHashTables data took   2.39ms
[2025.12.16-19.52.15:853][717]LogSavePackage: Moving '../../../../../../WORKPLACE/Mini_laboratory/MEPhI_VR_term_1/Mini_laboratory/Saved/FirstLevelFA2A675C4F3ACE19F8FCC8A581FFAD6A.tmp' to '../../../../../../WORKPLACE/Mini_laboratory/MEPhI_VR_term_1/Mini_laboratory/Content/Workplace/Maps/FirstLevel.umap'
[2025.12.16-19.52.15:857][717]LogFileHelpers: Saving map 'FirstLevel' took 0.062
[2025.12.16-19.52.15:877][717]AssetCheck: New page: Asset Save: FirstLevel
[2025.12.16-19.52.15:877][717]LogContentValidation: Display: Validating World /Game/Workplace/Maps/FirstLevel.FirstLevel
[2025.12.16-19.52.16:223][738]BlueprintLog: New page: Compile FirstLevel
[2025.12.16-19.52.16:274][738]LogUObjectHash: Compacting FUObjectHashTables data took   2.68ms
[2025.12.16-19.52.16:684][757]LogUObjectHash: Compacting FUObjectHashTables data took   2.25ms
[2025.12.16-19.52.16:713][757]LogSavePackage: Moving '../../../../../../WORKPLACE/Mini_laboratory/MEPhI_VR_term_1/Mini_laboratory/Saved/FirstLevel3803B788459BF710C6BC49AF41E9597B.tmp' to '../../../../../../WORKPLACE/Mini_laboratory/MEPhI_VR_term_1/Mini_laboratory/Content/Workplace/Maps/FirstLevel.umap'
[2025.12.16-19.52.16:717][757]LogFileHelpers: Saving map 'FirstLevel' took 0.061
[2025.12.16-19.52.16:735][757]AssetCheck: New page: Asset Save: FirstLevel
[2025.12.16-19.52.16:735][757]LogContentValidation: Display: Validating World /Game/Workplace/Maps/FirstLevel.FirstLevel
[2025.12.16-19.52.17:027][775]BlueprintLog: New page: Compile FirstLevel
[2025.12.16-19.52.17:075][775]LogUObjectHash: Compacting FUObjectHashTables data took   2.68ms
[2025.12.16-19.52.18:125][826]LogUObjectHash: Compacting FUObjectHashTables data took   2.39ms
[2025.12.16-19.52.18:154][826]LogSavePackage: Moving '../../../../../../WORKPLACE/Mini_laboratory/MEPhI_VR_term_1/Mini_laboratory/Saved/FirstLevel878776F64A182D5A53F6AA86912E1850.tmp' to '../../../../../../WORKPLACE/Mini_laboratory/MEPhI_VR_term_1/Mini_laboratory/Content/Workplace/Maps/FirstLevel.umap'
[2025.12.16-19.52.18:158][826]LogFileHelpers: Saving map 'FirstLevel' took 0.061
[2025.12.16-19.52.18:175][826]AssetCheck: New page: Asset Save: FirstLevel
[2025.12.16-19.52.18:175][826]LogContentValidation: Display: Validating World /Game/Workplace/Maps/FirstLevel.FirstLevel
[2025.12.16-19.52.18:415][841]BlueprintLog: New page: Compile FirstLevel
[2025.12.16-19.52.18:466][841]LogUObjectHash: Compacting FUObjectHashTables data took   2.58ms
[2025.12.16-19.53.06:272][656]BlueprintLog: New page: Compile FirstLevel
[2025.12.16-19.53.06:321][656]LogUObjectHash: Compacting FUObjectHashTables data took   2.62ms
[2025.12.16-19.53.06:698][673]LogUObjectHash: Compacting FUObjectHashTables data took   2.42ms
[2025.12.16-19.53.06:726][673]LogSavePackage: Moving '../../../../../../WORKPLACE/Mini_laboratory/MEPhI_VR_term_1/Mini_laboratory/Saved/FirstLevel48EB7A254A819AD59D2515810BFDBA92.tmp' to '../../../../../../WORKPLACE/Mini_laboratory/MEPhI_VR_term_1/Mini_laboratory/Content/Workplace/Maps/FirstLevel.umap'
[2025.12.16-19.53.06:731][673]LogFileHelpers: Saving map 'FirstLevel' took 0.061
[2025.12.16-19.53.06:751][673]AssetCheck: New page: Asset Save: FirstLevel
[2025.12.16-19.53.06:752][673]LogContentValidation: Display: Validating World /Game/Workplace/Maps/FirstLevel.FirstLevel
[2025.12.16-19.53.30:996][107]LogWindowsTextInputMethodSystem: Display: IME system deactivated.
[2025.12.16-19.53.30:996][107]LogWindowsTextInputMethodSystem: Display: IME system deactivated.
[2025.12.16-19.53.37:481][496]LogWindowsTextInputMethodSystem: Display: IME system deactivated.
[2025.12.16-19.53.37:481][496]LogWindowsTextInputMethodSystem: Display: IME system deactivated.
[2025.12.16-19.54.04:045][ 73]LogWindowsTextInputMethodSystem: Display: IME system deactivated.
[2025.12.16-19.54.04:045][ 73]LogWindowsTextInputMethodSystem: Display: IME system deactivated.
[2025.12.16-19.54.18:622][937]LogWindowsTextInputMethodSystem: Display: IME system deactivated.
[2025.12.16-19.54.18:622][937]LogWindowsTextInputMethodSystem: Display: IME system deactivated.
[2025.12.16-19.54.26:400][402]BlueprintLog: New page: Compile FirstLevel
[2025.12.16-19.54.26:466][402]LogBlueprint: Error: [AssetLog] D:\WORKPLACE\Mini_laboratory\MEPhI_VR_term_1\Mini_laboratory\Content\Workplace\Maps\FirstLevel.umap: [Compiler] This blueprint (self) is not a GlobalVariables_C, therefore ' Target ' must have a connection.
[2025.12.16-19.54.26:468][402]LogBlueprint: Error: [AssetLog] D:\WORKPLACE\Mini_laboratory\MEPhI_VR_term_1\Mini_laboratory\Content\Workplace\Maps\FirstLevel.umap: [Compiler] Variable node  Set CharacterWidgetText  uses an invalid target.  It may depend on a node that is not connected to the execution chain, and got purged.
[2025.12.16-19.54.26:554][402]LogUObjectHash: Compacting FUObjectHashTables data took   2.48ms
[2025.12.16-19.54.26:946][420]LogUObjectHash: Compacting FUObjectHashTables data took   2.27ms
[2025.12.16-19.54.27:037][420]LogSavePackage: Moving '../../../../../../WORKPLACE/Mini_laboratory/MEPhI_VR_term_1/Mini_laboratory/Saved/FirstLevelF36A245C45894F5FB66777B8C800D1BA.tmp' to '../../../../../../WORKPLACE/Mini_laboratory/MEPhI_VR_term_1/Mini_laboratory/Content/Workplace/Maps/FirstLevel.umap'
[2025.12.16-19.54.27:041][420]LogFileHelpers: Saving map 'FirstLevel' took 0.124
[2025.12.16-19.54.27:063][420]AssetCheck: New page: Asset Save: FirstLevel
[2025.12.16-19.54.27:063][420]LogContentValidation: Display: Validating World /Game/Workplace/Maps/FirstLevel.FirstLevel
[2025.12.16-19.54.37:074][ 10]BlueprintLog: New page: Compile FirstLevel
[2025.12.16-19.54.37:124][ 10]LogUObjectHash: Compacting FUObjectHashTables data took   2.67ms
[2025.12.16-19.54.37:484][ 26]LogUObjectHash: Compacting FUObjectHashTables data took   2.26ms
[2025.12.16-19.54.37:515][ 26]LogSavePackage: Moving '../../../../../../WORKPLACE/Mini_laboratory/MEPhI_VR_term_1/Mini_laboratory/Saved/FirstLevel709DBDFC421E426470E1318C5248A3A1.tmp' to '../../../../../../WORKPLACE/Mini_laboratory/MEPhI_VR_term_1/Mini_laboratory/Content/Workplace/Maps/FirstLevel.umap'
[2025.12.16-19.54.37:519][ 26]LogFileHelpers: Saving map 'FirstLevel' took 0.064
[2025.12.16-19.54.37:595][ 26]AssetCheck: New page: Asset Save: FirstLevel
[2025.12.16-19.54.37:595][ 26]LogContentValidation: Display: Validating World /Game/Workplace/Maps/FirstLevel.FirstLevel
[2025.12.16-19.54.45:012][457]LogUObjectHash: Compacting FUObjectHashTables data took   0.58ms
[2025.12.16-19.54.45:042][457]LogSavePackage: Moving '../../../../../../WORKPLACE/Mini_laboratory/MEPhI_VR_term_1/Mini_laboratory/Saved/FirstLevelF9F8826F43CAE070F44673B4B1644BD4.tmp' to '../../../../../../WORKPLACE/Mini_laboratory/MEPhI_VR_term_1/Mini_laboratory/Content/Workplace/Maps/FirstLevel.umap'
[2025.12.16-19.54.45:063][457]LogSavePackage: Moving '../../../../../../WORKPLACE/Mini_laboratory/MEPhI_VR_term_1/Mini_laboratory/Saved/FirstLevel_BuiltDataC78512B049076C9E667641B0E5D07B1B.tmp' to '../../../../../../WORKPLACE/Mini_laboratory/MEPhI_VR_term_1/Mini_laboratory/Content/Workplace/Maps/FirstLevel_BuiltData.uasset'
[2025.12.16-19.54.45:081][457]AssetCheck: New page: Asset Save: multiple assets
[2025.12.16-19.54.45:081][457]LogContentValidation: Display: Validating MapBuildDataRegistry /Game/Workplace/Maps/FirstLevel_BuiltData.FirstLevel_BuiltData
[2025.12.16-19.54.45:081][457]LogContentValidation: Display: Validating World /Game/Workplace/Maps/FirstLevel.FirstLevel
[2025.12.16-19.54.55:106][ 52]LogUObjectHash: Compacting FUObjectHashTables data took   0.59ms
[2025.12.16-19.54.55:138][ 52]LogSavePackage: Moving '../../../../../../WORKPLACE/Mini_laboratory/MEPhI_VR_term_1/Mini_laboratory/Saved/FirstLevel993A578C46964469B5408C8E64915314.tmp' to '../../../../../../WORKPLACE/Mini_laboratory/MEPhI_VR_term_1/Mini_laboratory/Content/Workplace/Maps/FirstLevel.umap'
[2025.12.16-19.54.55:156][ 52]LogSavePackage: Moving '../../../../../../WORKPLACE/Mini_laboratory/MEPhI_VR_term_1/Mini_laboratory/Saved/FirstLevel_BuiltDataE169474A427BD843C83AF494E7C62ED2.tmp' to '../../../../../../WORKPLACE/Mini_laboratory/MEPhI_VR_term_1/Mini_laboratory/Content/Workplace/Maps/FirstLevel_BuiltData.uasset'
[2025.12.16-19.54.55:176][ 52]AssetCheck: New page: Asset Save: multiple assets
[2025.12.16-19.54.55:176][ 52]LogContentValidation: Display: Validating MapBuildDataRegistry /Game/Workplace/Maps/FirstLevel_BuiltData.FirstLevel_BuiltData
[2025.12.16-19.54.55:176][ 52]LogContentValidation: Display: Validating World /Game/Workplace/Maps/FirstLevel.FirstLevel
[2025.12.16-19.54.58:262][226]LogUObjectHash: Compacting FUObjectHashTables data took   0.59ms
[2025.12.16-19.55.00:689][364]LogUObjectHash: Compacting FUObjectHashTables data took   1.91ms
[2025.12.16-19.55.26:106][877]LogUObjectHash: Compacting FUObjectHashTables data took   0.61ms
[2025.12.16-19.55.26:130][877]LogAssetEditorSubsystem: Opening Asset editor for World /Game/Workplace/Maps/StartMenu.StartMenu
[2025.12.16-19.55.26:130][877]Cmd: MAP LOAD FILE="../../../../../../WORKPLACE/Mini_laboratory/MEPhI_VR_term_1/Mini_laboratory/Content/Workplace/Maps/StartMenu.umap" TEMPLATE=0 SHOWPROGRESS=1 FEATURELEVEL=3
[2025.12.16-19.55.26:130][877]LightingResults: New page: Lighting Build
[2025.12.16-19.55.26:130][877]LoadErrors: New page: Loading map: StartMenu.umap
[2025.12.16-19.55.26:151][877]LogWorld: UWorld::CleanupWorld for World_104, bSessionEnded=true, bCleanupResources=true
[2025.12.16-19.55.26:151][877]LogSlate: InvalidateAllWidgets triggered.  All widgets were invalidated
[2025.12.16-19.55.26:185][877]LogWorld: UWorld::CleanupWorld for FirstLevel, bSessionEnded=true, bCleanupResources=true
[2025.12.16-19.55.26:185][877]LogSlate: InvalidateAllWidgets triggered.  All widgets were invalidated
[2025.12.16-19.55.26:186][877]MapCheck: New page: Map Check
[2025.12.16-19.55.26:186][877]LightingResults: New page: Lighting Build
[2025.12.16-19.55.26:208][877]LogAudio: Display: Audio Device unregistered from world 'None'.
[2025.12.16-19.55.26:215][877]LogUObjectHash: Compacting FUObjectHashTables data took   2.69ms
[2025.12.16-19.55.26:215][877]LogAudio: Display: Audio Device (ID: 1) registered with world 'StartMenu'.
[2025.12.16-19.55.26:237][877]LogEditorServer: Finished looking for orphan Actors (0.000 secs)
[2025.12.16-19.55.26:237][877]LogAIModule: Creating AISystem for world StartMenu
[2025.12.16-19.55.26:262][877]LogUObjectHash: Compacting FUObjectHashTables data took   2.31ms
[2025.12.16-19.55.26:267][877]Cmd: MAP CHECKDEP NOCLEARLOG
[2025.12.16-19.55.26:267][877]MapCheck: Map check complete: 0 Error(s), 0 Warning(s), took 0,059ms to complete.
[2025.12.16-19.55.26:267][877]LogFileHelpers: Loading map 'StartMenu' took 0.137
[2025.12.16-19.55.28:320][996]LogTemp: Repeating last play command: New Editor Window (PIE)
[2025.12.16-19.55.28:325][996]LogPlayLevel: PlayLevel: No blueprints needed recompiling
[2025.12.16-19.55.28:325][996]PIE: New page: PIE session: StartMenu (17 дек. 2025 г., 01:55:28)
[2025.12.16-19.55.28:325][996]LogPlayLevel: Creating play world package: /Game/Workplace/Maps/UEDPIE_0_StartMenu
[2025.12.16-19.55.28:327][996]LogPlayLevel: PIE: StaticDuplicateObject took: (0.001662s)
[2025.12.16-19.55.28:328][996]LogAIModule: Creating AISystem for world StartMenu
[2025.12.16-19.55.28:329][996]LogPlayLevel: PIE: World Init took: (0.001600s)
[2025.12.16-19.55.28:329][996]LogPlayLevel: PIE: Created PIE world by copying editor world from /Game/Workplace/Maps/StartMenu.StartMenu to /Game/Workplace/Maps/UEDPIE_0_StartMenu.StartMenu (0.003377s)
[2025.12.16-19.55.28:382][996]LogUObjectHash: Compacting FUObjectHashTables data took   2.41ms
[2025.12.16-19.55.28:383][996]LogAudio: Display: Creating Audio Device:                 Id: 19, Scope: Unique, Realtime: True
[2025.12.16-19.55.28:383][996]LogAudioMixer: Display: Audio Mixer Platform Settings:
[2025.12.16-19.55.28:383][996]LogAudioMixer: Display: 	Sample Rate:						  48000
[2025.12.16-19.55.28:383][996]LogAudioMixer: Display: 	Callback Buffer Frame Size Requested: 1024
[2025.12.16-19.55.28:383][996]LogAudioMixer: Display: 	Callback Buffer Frame Size To Use:	  1024
[2025.12.16-19.55.28:383][996]LogAudioMixer: Display: 	Number of buffers to queue:			  2
[2025.12.16-19.55.28:383][996]LogAudioMixer: Display: 	Max Channels (voices):				  32
[2025.12.16-19.55.28:383][996]LogAudioMixer: Display: 	Number of Async Source Workers:		  0
[2025.12.16-19.55.28:383][996]LogAudio: Display: AudioDevice MaxSources: 32
[2025.12.16-19.55.28:383][996]LogAudio: Display: Audio Spatialization Plugin: None (built-in).
[2025.12.16-19.55.28:383][996]LogAudio: Display: Audio Reverb Plugin: None (built-in).
[2025.12.16-19.55.28:383][996]LogAudio: Display: Audio Occlusion Plugin: None (built-in).
[2025.12.16-19.55.28:383][996]LogAudioMixer: Display: Initializing audio mixer.
[2025.12.16-19.55.28:386][996]LogAudioMixer: Display: 0: FrontLeft
[2025.12.16-19.55.28:386][996]LogAudioMixer: Display: 1: FrontRight
[2025.12.16-19.55.28:396][996]LogAudioMixer: Display: Using Audio Device Динамики (Realtek(R) Audio)
[2025.12.16-19.55.28:397][996]LogAudioMixer: Display: Initializing Sound Submixes...
[2025.12.16-19.55.28:397][996]LogAudioMixer: Display: Creating Master Submix 'MasterSubmixDefault'
[2025.12.16-19.55.28:397][996]LogAudioMixer: Display: Creating Master Submix 'MasterReverbSubmixDefault'
[2025.12.16-19.55.28:397][996]LogAudioMixer: Display: Creating Master Submix 'MasterEQSubmixDefault'
[2025.12.16-19.55.28:397][996]LogAudioMixer: FMixerPlatformXAudio2::StartAudioStream() called
[2025.12.16-19.55.28:397][996]LogAudioMixer: Display: Output buffers initialized: Frames=1024, Channels=2, Samples=2048
[2025.12.16-19.55.28:399][996]LogAudioMixer: Display: Starting AudioMixerPlatformInterface::RunInternal()
[2025.12.16-19.55.28:399][996]LogAudioMixer: Display: FMixerPlatformXAudio2::SubmitBuffer() called for the first time
[2025.12.16-19.55.28:399][996]LogInit: FAudioDevice initialized.
[2025.12.16-19.55.28:399][996]LogAudio: Display: Audio Device (ID: 19) registered with world 'StartMenu'.
[2025.12.16-19.55.28:456][996]LogSlate: Updating window title bar state: overlay mode, drag disabled, window buttons hidden, title bar hidden
[2025.12.16-19.55.28:457][996]LogLoad: Game class is 'BP_GameMode_C'
[2025.12.16-19.55.28:459][996]LogWorld: Bringing World /Game/Workplace/Maps/UEDPIE_0_StartMenu.StartMenu up for play (max tick rate 60) at 2025.12.16-22.55.28
[2025.12.16-19.55.28:460][996]LogWorld: Bringing up level for play took: 0.001122
[2025.12.16-19.55.28:461][996]LogOnline: OSS: Creating online subsystem instance for: :Context_52
[2025.12.16-19.55.28:468][996]LogSpawn: Warning: SpawnActor failed because no class was specified
[2025.12.16-19.55.28:472][996]LogPlayerController: Error: InputMode:UIOnly - Attempting to focus Non-Focusable widget SObjectWidget [Widget.cpp(799)]!
[2025.12.16-19.55.28:472][996]LogViewport: Display: Viewport MouseLockMode Changed, LockOnCapture -> DoNotLock
[2025.12.16-19.55.28:472][996]LogViewport: Display: Viewport MouseCaptureMode Changed, CapturePermanently_IncludingInitialMouseDown -> NoCapture
[2025.12.16-19.55.28:474][996]PIE: Server logged in
[2025.12.16-19.55.28:476][996]PIE: Play in editor total start time 0,152 seconds.
[2025.12.16-19.55.29:117][ 31]LogViewport: Display: Viewport MouseLockMode Changed, DoNotLock -> LockOnCapture
[2025.12.16-19.55.29:117][ 31]LogViewport: Display: Viewport MouseCaptureMode Changed, NoCapture -> CapturePermanently
[2025.12.16-19.55.29:118][ 31]LogNet: Browse: /Game/Workplace/Maps/FirstLevel
[2025.12.16-19.55.29:118][ 31]LogLoad: LoadMap: /Game/Workplace/Maps/FirstLevel
[2025.12.16-19.55.29:118][ 31]LogWorld: BeginTearingDown for /Game/Workplace/Maps/UEDPIE_0_StartMenu
[2025.12.16-19.55.29:118][ 31]LogWorld: UWorld::CleanupWorld for StartMenu, bSessionEnded=true, bCleanupResources=true
[2025.12.16-19.55.29:118][ 31]LogSlate: InvalidateAllWidgets triggered.  All widgets were invalidated
[2025.12.16-19.55.29:142][ 31]LogAudio: Display: Audio Device unregistered from world 'None'.
[2025.12.16-19.55.29:145][ 31]LogUObjectHash: Compacting FUObjectHashTables data took   2.38ms
[2025.12.16-19.55.29:220][ 31]LogAudio: Display: Audio Device (ID: 19) registered with world 'FirstLevel'.
[2025.12.16-19.55.29:221][ 31]LogAIModule: Creating AISystem for world FirstLevel
[2025.12.16-19.55.29:222][ 31]LogLoad: Game class is 'BP_GameMode_C'
[2025.12.16-19.55.29:231][ 31]LogWorld: Bringing World /Game/Workplace/Maps/UEDPIE_0_FirstLevel.FirstLevel up for play (max tick rate 60) at 2025.12.16-22.55.29
[2025.12.16-19.55.29:232][ 31]LogWorld: Bringing up level for play took: 0.009129
[2025.12.16-19.55.29:232][ 31]LogSpawn: Warning: SpawnActor failed because no class was specified
[2025.12.16-19.55.29:233][ 31]LogLoad: Took 0.115510 seconds to LoadMap(/Game/Workplace/Maps/FirstLevel)
[2025.12.16-19.56.07:657][291]LogSlate: Updating window title bar state: overlay mode, drag disabled, window buttons hidden, title bar hidden
[2025.12.16-19.56.07:657][291]LogWorld: BeginTearingDown for /Game/Workplace/Maps/UEDPIE_0_FirstLevel
[2025.12.16-19.56.07:658][291]LogSlate: Window 'Mini_laboratory Preview [NetMode: Standalone]  (64-bit/Windows) ' being destroyed
[2025.12.16-19.56.07:662][291]LogWorld: UWorld::CleanupWorld for FirstLevel, bSessionEnded=true, bCleanupResources=true
[2025.12.16-19.56.07:662][291]LogSlate: InvalidateAllWidgets triggered.  All widgets were invalidated
[2025.12.16-19.56.07:670][291]LogPlayLevel: Display: Shutting down PIE online subsystems
[2025.12.16-19.56.07:680][291]LogSlate: InvalidateAllWidgets triggered.  All widgets were invalidated
[2025.12.16-19.56.07:706][291]LogAudioMixer: FMixerPlatformXAudio2::StopAudioStream() called
[2025.12.16-19.56.07:707][291]LogAudioMixer: FMixerPlatformXAudio2::StopAudioStream() called
[2025.12.16-19.56.07:717][291]LogUObjectHash: Compacting FUObjectHashTables data took   2.54ms
[2025.12.16-19.56.07:734][292]LogPlayLevel: Display: Destroying online subsystem :Context_52
[2025.12.16-19.56.11:046][478]LogUObjectHash: Compacting FUObjectHashTables data took   2.30ms
[2025.12.16-19.56.12:676][571]LogUObjectHash: Compacting FUObjectHashTables data took   2.00ms
[2025.12.16-19.56.14:368][671]LogUObjectHash: Compacting FUObjectHashTables data took   1.90ms
[2025.12.16-19.56.15:935][762]LogUObjectHash: Compacting FUObjectHashTables data took   1.89ms
[2025.12.16-19.56.16:832][809]LogUObjectHash: Compacting FUObjectHashTables data took   1.89ms
[2025.12.16-19.56.16:837][809]LogSavePackage: Moving '../../../../../../WORKPLACE/Mini_laboratory/MEPhI_VR_term_1/Mini_laboratory/Saved/StartMenu4C27110940DAAFA9C19B2EAB7993A366.tmp' to '../../../../../../WORKPLACE/Mini_laboratory/MEPhI_VR_term_1/Mini_laboratory/Content/Workplace/Maps/StartMenu.umap'
[2025.12.16-19.56.16:875][809]AssetCheck: New page: Asset Save: StartMenu
[2025.12.16-19.56.16:875][809]LogContentValidation: Display: Validating World /Game/Workplace/Maps/StartMenu.StartMenu
[2025.12.16-19.56.20:521][ 27]LogUObjectHash: Compacting FUObjectHashTables data took   0.58ms
[2025.12.16-19.56.20:564][ 27]LogAssetEditorSubsystem: Opening Asset editor for World /Game/Workplace/Maps/FirstLevel.FirstLevel
[2025.12.16-19.56.20:564][ 27]Cmd: MAP LOAD FILE="../../../../../../WORKPLACE/Mini_laboratory/MEPhI_VR_term_1/Mini_laboratory/Content/Workplace/Maps/FirstLevel.umap" TEMPLATE=0 SHOWPROGRESS=1 FEATURELEVEL=3
[2025.12.16-19.56.20:564][ 27]LightingResults: New page: Lighting Build
[2025.12.16-19.56.20:564][ 27]LoadErrors: New page: Loading map: FirstLevel.umap
[2025.12.16-19.56.20:565][ 27]LogWorld: UWorld::CleanupWorld for StartMenu, bSessionEnded=true, bCleanupResources=true
[2025.12.16-19.56.20:565][ 27]LogSlate: InvalidateAllWidgets triggered.  All widgets were invalidated
[2025.12.16-19.56.20:565][ 27]MapCheck: New page: Map Check
[2025.12.16-19.56.20:565][ 27]LightingResults: New page: Lighting Build
[2025.12.16-19.56.20:587][ 27]LogAudio: Display: Audio Device unregistered from world 'None'.
[2025.12.16-19.56.20:590][ 27]LogUObjectHash: Compacting FUObjectHashTables data took   2.67ms
[2025.12.16-19.56.20:590][ 27]LogAudio: Display: Audio Device (ID: 1) registered with world 'FirstLevel'.
[2025.12.16-19.56.20:701][ 27]LogEditorServer: Finished looking for orphan Actors (0.000 secs)
[2025.12.16-19.56.20:701][ 27]LogAIModule: Creating AISystem for world FirstLevel
[2025.12.16-19.56.20:728][ 27]LogUObjectHash: Compacting FUObjectHashTables data took   2.39ms
[2025.12.16-19.56.20:731][ 27]Cmd: MAP CHECKDEP NOCLEARLOG
[2025.12.16-19.56.20:732][ 27]MapCheck: Map check complete: 0 Error(s), 0 Warning(s), took 0,106ms to complete.
[2025.12.16-19.56.20:732][ 27]LogFileHelpers: Loading map 'FirstLevel' took 0.168
[2025.12.16-19.56.23:246][167]LogAssetEditorSubsystem: Opening Asset editor for LevelScriptBlueprint /Game/Workplace/Maps/FirstLevel.FirstLevel:PersistentLevel.FirstLevel
[2025.12.16-19.57.27:609][967]BlueprintLog: New page: Compile FirstLevel
[2025.12.16-19.57.27:666][967]LogUObjectHash: Compacting FUObjectHashTables data took   2.86ms
[2025.12.16-19.57.28:485][  9]LogUObjectHash: Compacting FUObjectHashTables data took   2.38ms
[2025.12.16-19.57.28:516][  9]LogSavePackage: Moving '../../../../../../WORKPLACE/Mini_laboratory/MEPhI_VR_term_1/Mini_laboratory/Saved/FirstLevel9D2EB1214140682452791FAFC1E9D25C.tmp' to '../../../../../../WORKPLACE/Mini_laboratory/MEPhI_VR_term_1/Mini_laboratory/Content/Workplace/Maps/FirstLevel.umap'
[2025.12.16-19.57.28:521][  9]LogFileHelpers: Saving map 'FirstLevel' took 0.065
[2025.12.16-19.57.28:542][  9]AssetCheck: New page: Asset Save: FirstLevel
[2025.12.16-19.57.28:542][  9]LogContentValidation: Display: Validating World /Game/Workplace/Maps/FirstLevel.FirstLevel
[2025.12.16-19.57.59:025][770]LogWindowsTextInputMethodSystem: Display: IME system deactivated.
[2025.12.16-19.57.59:052][770]LogWindowsTextInputMethodSystem: Display: IME system deactivated.
[2025.12.16-19.58.06:150][196]BlueprintLog: New page: Compile FirstLevel
[2025.12.16-19.58.06:203][196]LogUObjectHash: Compacting FUObjectHashTables data took   5.74ms
[2025.12.16-19.58.06:712][221]LogUObjectHash: Compacting FUObjectHashTables data took   2.38ms
[2025.12.16-19.58.06:742][221]LogSavePackage: Moving '../../../../../../WORKPLACE/Mini_laboratory/MEPhI_VR_term_1/Mini_laboratory/Saved/FirstLevel947C498C4BCA8E1C2C2231B48F4F01EA.tmp' to '../../../../../../WORKPLACE/Mini_laboratory/MEPhI_VR_term_1/Mini_laboratory/Content/Workplace/Maps/FirstLevel.umap'
[2025.12.16-19.58.06:747][221]LogFileHelpers: Saving map 'FirstLevel' took 0.063
[2025.12.16-19.58.06:840][221]AssetCheck: New page: Asset Save: FirstLevel
[2025.12.16-19.58.06:840][221]LogContentValidation: Display: Validating World /Game/Workplace/Maps/FirstLevel.FirstLevel
[2025.12.16-19.58.07:183][242]BlueprintLog: New page: Compile FirstLevel
[2025.12.16-19.58.07:234][242]LogUObjectHash: Compacting FUObjectHashTables data took   2.70ms
[2025.12.16-19.58.07:660][262]LogUObjectHash: Compacting FUObjectHashTables data took   2.39ms
[2025.12.16-19.58.07:691][262]LogSavePackage: Moving '../../../../../../WORKPLACE/Mini_laboratory/MEPhI_VR_term_1/Mini_laboratory/Saved/FirstLevel812F5C734FE4BC2556BB8699E1E94A8C.tmp' to '../../../../../../WORKPLACE/Mini_laboratory/MEPhI_VR_term_1/Mini_laboratory/Content/Workplace/Maps/FirstLevel.umap'
[2025.12.16-19.58.07:696][262]LogFileHelpers: Saving map 'FirstLevel' took 0.064
[2025.12.16-19.58.07:714][262]AssetCheck: New page: Asset Save: FirstLevel
[2025.12.16-19.58.07:714][262]LogContentValidation: Display: Validating World /Game/Workplace/Maps/FirstLevel.FirstLevel
[2025.12.16-19.58.08:062][283]BlueprintLog: New page: Compile FirstLevel
[2025.12.16-19.58.08:113][283]LogUObjectHash: Compacting FUObjectHashTables data took   2.53ms
[2025.12.16-19.58.08:509][301]LogUObjectHash: Compacting FUObjectHashTables data took   2.38ms
[2025.12.16-19.58.08:540][301]LogSavePackage: Moving '../../../../../../WORKPLACE/Mini_laboratory/MEPhI_VR_term_1/Mini_laboratory/Saved/FirstLevel3AAE6186438FA3D64A8937A22471A740.tmp' to '../../../../../../WORKPLACE/Mini_laboratory/MEPhI_VR_term_1/Mini_laboratory/Content/Workplace/Maps/FirstLevel.umap'
[2025.12.16-19.58.08:544][301]LogFileHelpers: Saving map 'FirstLevel' took 0.063
[2025.12.16-19.58.08:562][301]AssetCheck: New page: Asset Save: FirstLevel
[2025.12.16-19.58.08:562][301]LogContentValidation: Display: Validating World /Game/Workplace/Maps/FirstLevel.FirstLevel
[2025.12.16-19.58.08:877][320]BlueprintLog: New page: Compile FirstLevel
[2025.12.16-19.58.08:926][320]LogUObjectHash: Compacting FUObjectHashTables data took   2.70ms
[2025.12.16-19.58.09:690][360]LogUObjectHash: Compacting FUObjectHashTables data took   2.37ms
[2025.12.16-19.58.09:721][360]LogSavePackage: Moving '../../../../../../WORKPLACE/Mini_laboratory/MEPhI_VR_term_1/Mini_laboratory/Saved/FirstLevel31C8C1354FFC1CDEE5CDDCA9D44EE2B6.tmp' to '../../../../../../WORKPLACE/Mini_laboratory/MEPhI_VR_term_1/Mini_laboratory/Content/Workplace/Maps/FirstLevel.umap'
[2025.12.16-19.58.09:725][360]LogFileHelpers: Saving map 'FirstLevel' took 0.063
[2025.12.16-19.58.09:746][360]AssetCheck: New page: Asset Save: FirstLevel
[2025.12.16-19.58.09:746][360]LogContentValidation: Display: Validating World /Game/Workplace/Maps/FirstLevel.FirstLevel
[2025.12.16-19.58.10:057][379]BlueprintLog: New page: Compile FirstLevel
[2025.12.16-19.58.10:166][379]LogUObjectHash: Compacting FUObjectHashTables data took   3.60ms
[2025.12.16-19.58.10:752][404]LogUObjectHash: Compacting FUObjectHashTables data took   2.24ms
[2025.12.16-19.58.10:783][404]LogSavePackage: Moving '../../../../../../WORKPLACE/Mini_laboratory/MEPhI_VR_term_1/Mini_laboratory/Saved/FirstLevelD62744204085D98131F8D9A978BB8282.tmp' to '../../../../../../WORKPLACE/Mini_laboratory/MEPhI_VR_term_1/Mini_laboratory/Content/Workplace/Maps/FirstLevel.umap'
[2025.12.16-19.58.10:788][404]LogFileHelpers: Saving map 'FirstLevel' took 0.065
[2025.12.16-19.58.10:809][404]AssetCheck: New page: Asset Save: FirstLevel
[2025.12.16-19.58.10:809][404]LogContentValidation: Display: Validating World /Game/Workplace/Maps/FirstLevel.FirstLevel
[2025.12.16-19.58.11:205][428]BlueprintLog: New page: Compile FirstLevel
[2025.12.16-19.58.11:253][428]LogUObjectHash: Compacting FUObjectHashTables data took   2.68ms
[2025.12.16-19.58.11:766][453]LogUObjectHash: Compacting FUObjectHashTables data took   2.25ms
[2025.12.16-19.58.11:797][453]LogSavePackage: Moving '../../../../../../WORKPLACE/Mini_laboratory/MEPhI_VR_term_1/Mini_laboratory/Saved/FirstLevelA0E00E084084E34ED4BC5A8C7F4CD5A3.tmp' to '../../../../../../WORKPLACE/Mini_laboratory/MEPhI_VR_term_1/Mini_laboratory/Content/Workplace/Maps/FirstLevel.umap'
[2025.12.16-19.58.11:801][453]LogFileHelpers: Saving map 'FirstLevel' took 0.062
[2025.12.16-19.58.11:820][453]AssetCheck: New page: Asset Save: FirstLevel
[2025.12.16-19.58.11:820][453]LogContentValidation: Display: Validating World /Game/Workplace/Maps/FirstLevel.FirstLevel
[2025.12.16-19.58.12:235][478]BlueprintLog: New page: Compile FirstLevel
[2025.12.16-19.58.12:285][478]LogUObjectHash: Compacting FUObjectHashTables data took   2.68ms
[2025.12.16-19.58.12:945][512]LogUObjectHash: Compacting FUObjectHashTables data took   2.40ms
[2025.12.16-19.58.12:976][512]LogSavePackage: Moving '../../../../../../WORKPLACE/Mini_laboratory/MEPhI_VR_term_1/Mini_laboratory/Saved/FirstLevel2480E1A046D974787A79319E2269FCDC.tmp' to '../../../../../../WORKPLACE/Mini_laboratory/MEPhI_VR_term_1/Mini_laboratory/Content/Workplace/Maps/FirstLevel.umap'
[2025.12.16-19.58.12:980][512]LogFileHelpers: Saving map 'FirstLevel' took 0.063
[2025.12.16-19.58.13:040][512]AssetCheck: New page: Asset Save: FirstLevel
[2025.12.16-19.58.13:040][512]LogContentValidation: Display: Validating World /Game/Workplace/Maps/FirstLevel.FirstLevel
[2025.12.16-19.58.13:350][531]BlueprintLog: New page: Compile FirstLevel
[2025.12.16-19.58.13:400][531]LogUObjectHash: Compacting FUObjectHashTables data took   2.68ms
[2025.12.16-19.58.13:976][560]LogUObjectHash: Compacting FUObjectHashTables data took   2.53ms
[2025.12.16-19.58.14:007][560]LogSavePackage: Moving '../../../../../../WORKPLACE/Mini_laboratory/MEPhI_VR_term_1/Mini_laboratory/Saved/FirstLevel903E927145CBD7EF1840A3BCCCEE90D9.tmp' to '../../../../../../WORKPLACE/Mini_laboratory/MEPhI_VR_term_1/Mini_laboratory/Content/Workplace/Maps/FirstLevel.umap'
[2025.12.16-19.58.14:011][560]LogFileHelpers: Saving map 'FirstLevel' took 0.063
[2025.12.16-19.58.14:030][560]AssetCheck: New page: Asset Save: FirstLevel
[2025.12.16-19.58.14:030][560]LogContentValidation: Display: Validating World /Game/Workplace/Maps/FirstLevel.FirstLevel
[2025.12.16-19.58.14:544][591]BlueprintLog: New page: Compile FirstLevel
[2025.12.16-19.58.14:594][591]LogUObjectHash: Compacting FUObjectHashTables data took   2.66ms
[2025.12.16-19.58.15:140][614]LogUObjectHash: Compacting FUObjectHashTables data took   2.44ms
[2025.12.16-19.58.15:171][614]LogSavePackage: Moving '../../../../../../WORKPLACE/Mini_laboratory/MEPhI_VR_term_1/Mini_laboratory/Saved/FirstLevel2222288F484998AD1E41F6BEAD2E692E.tmp' to '../../../../../../WORKPLACE/Mini_laboratory/MEPhI_VR_term_1/Mini_laboratory/Content/Workplace/Maps/FirstLevel.umap'
[2025.12.16-19.58.15:176][614]LogFileHelpers: Saving map 'FirstLevel' took 0.064
[2025.12.16-19.58.15:197][614]AssetCheck: New page: Asset Save: FirstLevel
[2025.12.16-19.58.15:197][614]LogContentValidation: Display: Validating World /Game/Workplace/Maps/FirstLevel.FirstLevel
[2025.12.16-19.58.15:543][635]BlueprintLog: New page: Compile FirstLevel
[2025.12.16-19.58.15:593][635]LogUObjectHash: Compacting FUObjectHashTables data took   2.55ms
[2025.12.16-19.58.16:221][667]LogUObjectHash: Compacting FUObjectHashTables data took   2.39ms
[2025.12.16-19.58.16:252][667]LogSavePackage: Moving '../../../../../../WORKPLACE/Mini_laboratory/MEPhI_VR_term_1/Mini_laboratory/Saved/FirstLevel7086E7C84DA771C3A8913C97F029ED0A.tmp' to '../../../../../../WORKPLACE/Mini_laboratory/MEPhI_VR_term_1/Mini_laboratory/Content/Workplace/Maps/FirstLevel.umap'
[2025.12.16-19.58.16:256][667]LogFileHelpers: Saving map 'FirstLevel' took 0.064
[2025.12.16-19.58.16:275][667]AssetCheck: New page: Asset Save: FirstLevel
[2025.12.16-19.58.16:275][667]LogContentValidation: Display: Validating World /Game/Workplace/Maps/FirstLevel.FirstLevel
[2025.12.16-19.58.16:640][689]BlueprintLog: New page: Compile FirstLevel
[2025.12.16-19.58.16:692][689]LogUObjectHash: Compacting FUObjectHashTables data took   2.71ms
[2025.12.16-19.58.17:220][712]LogUObjectHash: Compacting FUObjectHashTables data took   2.41ms
[2025.12.16-19.58.17:252][712]LogSavePackage: Moving '../../../../../../WORKPLACE/Mini_laboratory/MEPhI_VR_term_1/Mini_laboratory/Saved/FirstLevelF693159F4F6B1B83A17CC6BFA62B81E8.tmp' to '../../../../../../WORKPLACE/Mini_laboratory/MEPhI_VR_term_1/Mini_laboratory/Content/Workplace/Maps/FirstLevel.umap'
[2025.12.16-19.58.17:256][712]LogFileHelpers: Saving map 'FirstLevel' took 0.066
[2025.12.16-19.58.17:274][712]AssetCheck: New page: Asset Save: FirstLevel
[2025.12.16-19.58.17:274][712]LogContentValidation: Display: Validating World /Game/Workplace/Maps/FirstLevel.FirstLevel
[2025.12.16-19.58.17:604][732]BlueprintLog: New page: Compile FirstLevel
[2025.12.16-19.58.17:655][732]LogUObjectHash: Compacting FUObjectHashTables data took   2.69ms
[2025.12.16-19.58.18:250][759]LogUObjectHash: Compacting FUObjectHashTables data took   2.41ms
[2025.12.16-19.58.18:281][759]LogSavePackage: Moving '../../../../../../WORKPLACE/Mini_laboratory/MEPhI_VR_term_1/Mini_laboratory/Saved/FirstLevel2DB70B754708240F6A99449ED5E7B32A.tmp' to '../../../../../../WORKPLACE/Mini_laboratory/MEPhI_VR_term_1/Mini_laboratory/Content/Workplace/Maps/FirstLevel.umap'
[2025.12.16-19.58.18:285][759]LogFileHelpers: Saving map 'FirstLevel' took 0.065
[2025.12.16-19.58.18:304][759]AssetCheck: New page: Asset Save: FirstLevel
[2025.12.16-19.58.18:304][759]LogContentValidation: Display: Validating World /Game/Workplace/Maps/FirstLevel.FirstLevel
[2025.12.16-19.58.18:750][786]BlueprintLog: New page: Compile FirstLevel
[2025.12.16-19.58.18:801][786]LogUObjectHash: Compacting FUObjectHashTables data took   2.69ms
[2025.12.16-19.58.19:494][822]LogUObjectHash: Compacting FUObjectHashTables data took   2.41ms
[2025.12.16-19.58.19:525][822]LogSavePackage: Moving '../../../../../../WORKPLACE/Mini_laboratory/MEPhI_VR_term_1/Mini_laboratory/Saved/FirstLevel00BC1591435BBFF50273ED82D629EC74.tmp' to '../../../../../../WORKPLACE/Mini_laboratory/MEPhI_VR_term_1/Mini_laboratory/Content/Workplace/Maps/FirstLevel.umap'
[2025.12.16-19.58.19:529][822]LogFileHelpers: Saving map 'FirstLevel' took 0.063
[2025.12.16-19.58.19:549][822]AssetCheck: New page: Asset Save: FirstLevel
[2025.12.16-19.58.19:549][822]LogContentValidation: Display: Validating World /Game/Workplace/Maps/FirstLevel.FirstLevel
[2025.12.16-19.58.26:849][257]BlueprintLog: New page: Compile FirstLevel
[2025.12.16-19.58.26:898][257]LogUObjectHash: Compacting FUObjectHashTables data took   2.59ms
[2025.12.16-19.58.27:358][276]LogUObjectHash: Compacting FUObjectHashTables data took   2.28ms
[2025.12.16-19.58.27:388][276]LogSavePackage: Moving '../../../../../../WORKPLACE/Mini_laboratory/MEPhI_VR_term_1/Mini_laboratory/Saved/FirstLevel0FC2A9824CE94B0B1909CB9FEFBDCBCC.tmp' to '../../../../../../WORKPLACE/Mini_laboratory/MEPhI_VR_term_1/Mini_laboratory/Content/Workplace/Maps/FirstLevel.umap'
[2025.12.16-19.58.27:393][276]LogFileHelpers: Saving map 'FirstLevel' took 0.064
[2025.12.16-19.58.27:414][276]AssetCheck: New page: Asset Save: FirstLevel
[2025.12.16-19.58.27:414][276]LogContentValidation: Display: Validating World /Game/Workplace/Maps/FirstLevel.FirstLevel
[2025.12.16-19.59.15:764][156]BlueprintLog: New page: Compile FirstLevel
[2025.12.16-19.59.15:814][156]LogUObjectHash: Compacting FUObjectHashTables data took   2.79ms
[2025.12.16-19.59.16:241][176]LogUObjectHash: Compacting FUObjectHashTables data took   2.40ms
[2025.12.16-19.59.16:272][176]LogSavePackage: Moving '../../../../../../WORKPLACE/Mini_laboratory/MEPhI_VR_term_1/Mini_laboratory/Saved/FirstLevel673BA28343213C48ADB938877C5502BC.tmp' to '../../../../../../WORKPLACE/Mini_laboratory/MEPhI_VR_term_1/Mini_laboratory/Content/Workplace/Maps/FirstLevel.umap'
[2025.12.16-19.59.16:276][176]LogFileHelpers: Saving map 'FirstLevel' took 0.064
[2025.12.16-19.59.16:299][176]AssetCheck: New page: Asset Save: FirstLevel
[2025.12.16-19.59.16:299][176]LogContentValidation: Display: Validating World /Game/Workplace/Maps/FirstLevel.FirstLevel
[2025.12.16-19.59.16:527][190]BlueprintLog: New page: Compile FirstLevel
[2025.12.16-19.59.16:576][190]LogUObjectHash: Compacting FUObjectHashTables data took   2.88ms
[2025.12.16-19.59.16:939][205]LogUObjectHash: Compacting FUObjectHashTables data took   2.47ms
[2025.12.16-19.59.16:971][205]LogSavePackage: Moving '../../../../../../WORKPLACE/Mini_laboratory/MEPhI_VR_term_1/Mini_laboratory/Saved/FirstLevel5FB4F46842DAED4AFE8D1882E6E6BAF8.tmp' to '../../../../../../WORKPLACE/Mini_laboratory/MEPhI_VR_term_1/Mini_laboratory/Content/Workplace/Maps/FirstLevel.umap'
[2025.12.16-19.59.16:975][205]LogFileHelpers: Saving map 'FirstLevel' took 0.065
[2025.12.16-19.59.16:996][205]AssetCheck: New page: Asset Save: FirstLevel
[2025.12.16-19.59.16:996][205]LogContentValidation: Display: Validating World /Game/Workplace/Maps/FirstLevel.FirstLevel
[2025.12.16-19.59.24:150][623]LogWindowsTextInputMethodSystem: Display: IME system deactivated.
[2025.12.16-19.59.24:150][623]LogWindowsTextInputMethodSystem: Display: IME system deactivated.
[2025.12.16-19.59.27:817][834]LogWindowsTextInputMethodSystem: Display: IME system deactivated.
[2025.12.16-19.59.27:817][834]LogWindowsTextInputMethodSystem: Display: IME system deactivated.
[2025.12.16-19.59.32:115][ 92]BlueprintLog: New page: Compile FirstLevel
[2025.12.16-19.59.32:166][ 92]LogUObjectHash: Compacting FUObjectHashTables data took   2.68ms
[2025.12.16-19.59.32:629][114]LogUObjectHash: Compacting FUObjectHashTables data took   2.38ms
[2025.12.16-19.59.32:660][114]LogSavePackage: Moving '../../../../../../WORKPLACE/Mini_laboratory/MEPhI_VR_term_1/Mini_laboratory/Saved/FirstLevel7DA2CB5745B542AE3D6B6682A48A5DD6.tmp' to '../../../../../../WORKPLACE/Mini_laboratory/MEPhI_VR_term_1/Mini_laboratory/Content/Workplace/Maps/FirstLevel.umap'
[2025.12.16-19.59.32:665][114]LogFileHelpers: Saving map 'FirstLevel' took 0.064
[2025.12.16-19.59.32:685][114]AssetCheck: New page: Asset Save: FirstLevel
[2025.12.16-19.59.32:685][114]LogContentValidation: Display: Validating World /Game/Workplace/Maps/FirstLevel.FirstLevel
[2025.12.16-19.59.32:914][128]BlueprintLog: New page: Compile FirstLevel
[2025.12.16-19.59.32:964][128]LogUObjectHash: Compacting FUObjectHashTables data took   2.67ms
[2025.12.16-19.59.38:386][438]LogUObjectHash: Compacting FUObjectHashTables data took   2.43ms
[2025.12.16-19.59.38:484][438]LogUObjectHash: Compacting FUObjectHashTables data took   0.71ms
[2025.12.16-19.59.38:523][438]LogSavePackage: Moving '../../../../../../WORKPLACE/Mini_laboratory/MEPhI_VR_term_1/Mini_laboratory/Saved/FirstLevelE734A7E5402E9D979864079F110A6D73.tmp' to '../../../../../../WORKPLACE/Mini_laboratory/MEPhI_VR_term_1/Mini_laboratory/Content/Workplace/Maps/FirstLevel.umap'
[2025.12.16-19.59.38:528][438]LogFileHelpers: Saving map 'FirstLevel' took 0.072
[2025.12.16-19.59.38:547][438]AssetCheck: New page: Asset Save: FirstLevel
[2025.12.16-19.59.38:547][438]LogContentValidation: Display: Validating World /Game/Workplace/Maps/FirstLevel.FirstLevel
[2025.12.16-19.59.42:658][682]LogUObjectHash: Compacting FUObjectHashTables data took   0.56ms
[2025.12.16-19.59.42:678][682]LogAssetEditorSubsystem: Opening Asset editor for World /Game/Workplace/Maps/StartMenu.StartMenu
[2025.12.16-19.59.42:678][682]Cmd: MAP LOAD FILE="../../../../../../WORKPLACE/Mini_laboratory/MEPhI_VR_term_1/Mini_laboratory/Content/Workplace/Maps/StartMenu.umap" TEMPLATE=0 SHOWPROGRESS=1 FEATURELEVEL=3
[2025.12.16-19.59.42:679][682]LightingResults: New page: Lighting Build
[2025.12.16-19.59.42:679][682]LoadErrors: New page: Loading map: StartMenu.umap
[2025.12.16-19.59.42:726][682]LogWorld: UWorld::CleanupWorld for World_105, bSessionEnded=true, bCleanupResources=true
[2025.12.16-19.59.42:726][682]LogSlate: InvalidateAllWidgets triggered.  All widgets were invalidated
[2025.12.16-19.59.42:761][682]LogWorld: UWorld::CleanupWorld for FirstLevel, bSessionEnded=true, bCleanupResources=true
[2025.12.16-19.59.42:761][682]LogSlate: InvalidateAllWidgets triggered.  All widgets were invalidated
[2025.12.16-19.59.42:761][682]MapCheck: New page: Map Check
[2025.12.16-19.59.42:761][682]LightingResults: New page: Lighting Build
[2025.12.16-19.59.42:784][682]LogAudio: Display: Audio Device unregistered from world 'None'.
[2025.12.16-19.59.42:791][682]LogUObjectHash: Compacting FUObjectHashTables data took   2.65ms
[2025.12.16-19.59.42:791][682]LogAudio: Display: Audio Device (ID: 1) registered with world 'StartMenu'.
[2025.12.16-19.59.42:812][682]LogEditorServer: Finished looking for orphan Actors (0.000 secs)
[2025.12.16-19.59.42:812][682]LogAIModule: Creating AISystem for world StartMenu
[2025.12.16-19.59.42:837][682]LogUObjectHash: Compacting FUObjectHashTables data took   2.76ms
[2025.12.16-19.59.42:841][682]Cmd: MAP CHECKDEP NOCLEARLOG
[2025.12.16-19.59.42:841][682]MapCheck: Map check complete: 0 Error(s), 0 Warning(s), took 0,061ms to complete.
[2025.12.16-19.59.42:841][682]LogFileHelpers: Loading map 'StartMenu' took 0.163
[2025.12.16-19.59.44:552][783]LogTemp: Repeating last play command: New Editor Window (PIE)
[2025.12.16-19.59.44:557][783]LogPlayLevel: PlayLevel: No blueprints needed recompiling
[2025.12.16-19.59.44:557][783]PIE: New page: PIE session: StartMenu (17 дек. 2025 г., 01:59:44)
[2025.12.16-19.59.44:557][783]LogPlayLevel: Creating play world package: /Game/Workplace/Maps/UEDPIE_0_StartMenu
[2025.12.16-19.59.44:558][783]LogPlayLevel: PIE: StaticDuplicateObject took: (0.000914s)
[2025.12.16-19.59.44:559][783]LogAIModule: Creating AISystem for world StartMenu
[2025.12.16-19.59.44:559][783]LogPlayLevel: PIE: World Init took: (0.000763s)
[2025.12.16-19.59.44:559][783]LogPlayLevel: PIE: Created PIE world by copying editor world from /Game/Workplace/Maps/StartMenu.StartMenu to /Game/Workplace/Maps/UEDPIE_0_StartMenu.StartMenu (0.001765s)
[2025.12.16-19.59.44:586][783]LogUObjectHash: Compacting FUObjectHashTables data took   2.32ms
[2025.12.16-19.59.44:644][783]LogAudio: Display: Creating Audio Device:                 Id: 20, Scope: Unique, Realtime: True
[2025.12.16-19.59.44:644][783]LogAudioMixer: Display: Audio Mixer Platform Settings:
[2025.12.16-19.59.44:645][783]LogAudioMixer: Display: 	Sample Rate:						  48000
[2025.12.16-19.59.44:645][783]LogAudioMixer: Display: 	Callback Buffer Frame Size Requested: 1024
[2025.12.16-19.59.44:645][783]LogAudioMixer: Display: 	Callback Buffer Frame Size To Use:	  1024
[2025.12.16-19.59.44:645][783]LogAudioMixer: Display: 	Number of buffers to queue:			  2
[2025.12.16-19.59.44:645][783]LogAudioMixer: Display: 	Max Channels (voices):				  32
[2025.12.16-19.59.44:645][783]LogAudioMixer: Display: 	Number of Async Source Workers:		  0
[2025.12.16-19.59.44:645][783]LogAudio: Display: AudioDevice MaxSources: 32
[2025.12.16-19.59.44:645][783]LogAudio: Display: Audio Spatialization Plugin: None (built-in).
[2025.12.16-19.59.44:645][783]LogAudio: Display: Audio Reverb Plugin: None (built-in).
[2025.12.16-19.59.44:645][783]LogAudio: Display: Audio Occlusion Plugin: None (built-in).
[2025.12.16-19.59.44:645][783]LogAudioMixer: Display: Initializing audio mixer.
[2025.12.16-19.59.44:650][783]LogAudioMixer: Display: 0: FrontLeft
[2025.12.16-19.59.44:650][783]LogAudioMixer: Display: 1: FrontRight
[2025.12.16-19.59.44:665][783]LogAudioMixer: Display: Using Audio Device Динамики (Realtek(R) Audio)
[2025.12.16-19.59.44:665][783]LogAudioMixer: Display: Initializing Sound Submixes...
[2025.12.16-19.59.44:665][783]LogAudioMixer: Display: Creating Master Submix 'MasterSubmixDefault'
[2025.12.16-19.59.44:665][783]LogAudioMixer: Display: Creating Master Submix 'MasterReverbSubmixDefault'
[2025.12.16-19.59.44:666][783]LogAudioMixer: Display: Creating Master Submix 'MasterEQSubmixDefault'
[2025.12.16-19.59.44:666][783]LogAudioMixer: FMixerPlatformXAudio2::StartAudioStream() called
[2025.12.16-19.59.44:666][783]LogAudioMixer: Display: Output buffers initialized: Frames=1024, Channels=2, Samples=2048
[2025.12.16-19.59.44:667][783]LogAudioMixer: Display: Starting AudioMixerPlatformInterface::RunInternal()
[2025.12.16-19.59.44:667][783]LogAudioMixer: Display: FMixerPlatformXAudio2::SubmitBuffer() called for the first time
[2025.12.16-19.59.44:667][783]LogInit: FAudioDevice initialized.
[2025.12.16-19.59.44:667][783]LogAudio: Display: Audio Device (ID: 20) registered with world 'StartMenu'.
[2025.12.16-19.59.44:718][783]LogSlate: Updating window title bar state: overlay mode, drag disabled, window buttons hidden, title bar hidden
[2025.12.16-19.59.44:718][783]LogLoad: Game class is 'BP_GameMode_C'
[2025.12.16-19.59.44:719][783]LogWorld: Bringing World /Game/Workplace/Maps/UEDPIE_0_StartMenu.StartMenu up for play (max tick rate 60) at 2025.12.16-22.59.44
[2025.12.16-19.59.44:720][783]LogWorld: Bringing up level for play took: 0.000554
[2025.12.16-19.59.44:720][783]LogOnline: OSS: Creating online subsystem instance for: :Context_54
[2025.12.16-19.59.44:722][783]LogSpawn: Warning: SpawnActor failed because no class was specified
[2025.12.16-19.59.44:724][783]LogPlayerController: Error: InputMode:UIOnly - Attempting to focus Non-Focusable widget SObjectWidget [Widget.cpp(799)]!
[2025.12.16-19.59.44:724][783]LogViewport: Display: Viewport MouseLockMode Changed, LockOnCapture -> DoNotLock
[2025.12.16-19.59.44:724][783]LogViewport: Display: Viewport MouseCaptureMode Changed, CapturePermanently_IncludingInitialMouseDown -> NoCapture
[2025.12.16-19.59.44:725][783]PIE: Server logged in
[2025.12.16-19.59.44:727][783]PIE: Play in editor total start time 0,17 seconds.
[2025.12.16-19.59.45:601][832]LogViewport: Display: Viewport MouseLockMode Changed, DoNotLock -> LockOnCapture
[2025.12.16-19.59.45:601][832]LogViewport: Display: Viewport MouseCaptureMode Changed, NoCapture -> CapturePermanently
[2025.12.16-19.59.45:602][832]LogNet: Browse: /Game/Workplace/Maps/FirstLevel
[2025.12.16-19.59.45:602][832]LogLoad: LoadMap: /Game/Workplace/Maps/FirstLevel
[2025.12.16-19.59.45:602][832]LogWorld: BeginTearingDown for /Game/Workplace/Maps/UEDPIE_0_StartMenu
[2025.12.16-19.59.45:602][832]LogWorld: UWorld::CleanupWorld for StartMenu, bSessionEnded=true, bCleanupResources=true
[2025.12.16-19.59.45:603][832]LogSlate: InvalidateAllWidgets triggered.  All widgets were invalidated
[2025.12.16-19.59.45:649][832]LogAudio: Display: Audio Device unregistered from world 'None'.
[2025.12.16-19.59.45:652][832]LogUObjectHash: Compacting FUObjectHashTables data took   2.51ms
[2025.12.16-19.59.45:701][832]LogAudio: Display: Audio Device (ID: 20) registered with world 'FirstLevel'.
[2025.12.16-19.59.45:702][832]LogAIModule: Creating AISystem for world FirstLevel
[2025.12.16-19.59.45:702][832]LogLoad: Game class is 'BP_GameMode_C'
[2025.12.16-19.59.45:709][832]LogWorld: Bringing World /Game/Workplace/Maps/UEDPIE_0_FirstLevel.FirstLevel up for play (max tick rate 60) at 2025.12.16-22.59.45
[2025.12.16-19.59.45:710][832]LogWorld: Bringing up level for play took: 0.006852
[2025.12.16-19.59.45:710][832]LogSpawn: Warning: SpawnActor failed because no class was specified
[2025.12.16-19.59.45:711][832]LogLoad: Took 0.108838 seconds to LoadMap(/Game/Workplace/Maps/FirstLevel)
[2025.12.16-20.00.15:667][625]LogSlate: Updating window title bar state: overlay mode, drag disabled, window buttons hidden, title bar hidden
[2025.12.16-20.00.15:667][625]LogWorld: BeginTearingDown for /Game/Workplace/Maps/UEDPIE_0_FirstLevel
[2025.12.16-20.00.15:668][625]LogSlate: Window 'Mini_laboratory Preview [NetMode: Standalone]  (64-bit/Windows) ' being destroyed
[2025.12.16-20.00.15:672][625]LogWorld: UWorld::CleanupWorld for FirstLevel, bSessionEnded=true, bCleanupResources=true
[2025.12.16-20.00.15:672][625]LogSlate: InvalidateAllWidgets triggered.  All widgets were invalidated
[2025.12.16-20.00.15:688][625]LogPlayLevel: Display: Shutting down PIE online subsystems
[2025.12.16-20.00.15:695][625]LogSlate: InvalidateAllWidgets triggered.  All widgets were invalidated
[2025.12.16-20.00.15:722][625]LogAudioMixer: FMixerPlatformXAudio2::StopAudioStream() called
[2025.12.16-20.00.15:723][625]LogAudioMixer: FMixerPlatformXAudio2::StopAudioStream() called
[2025.12.16-20.00.15:732][625]LogUObjectHash: Compacting FUObjectHashTables data took   3.90ms
[2025.12.16-20.00.15:749][626]LogPlayLevel: Display: Destroying online subsystem :Context_54
[2025.12.16-20.00.17:652][737]LogUObjectHash: Compacting FUObjectHashTables data took   2.30ms
[2025.12.16-20.00.17:658][737]LogSavePackage: Moving '../../../../../../WORKPLACE/Mini_laboratory/MEPhI_VR_term_1/Mini_laboratory/Saved/StartMenu4384C2CE4A3492546E5FA5B9391623FE.tmp' to '../../../../../../WORKPLACE/Mini_laboratory/MEPhI_VR_term_1/Mini_laboratory/Content/Workplace/Maps/StartMenu.umap'
[2025.12.16-20.00.17:682][737]AssetCheck: New page: Asset Save: StartMenu
[2025.12.16-20.00.17:682][737]LogContentValidation: Display: Validating World /Game/Workplace/Maps/StartMenu.StartMenu
[2025.12.16-20.00.26:888][285]LogAssetEditorSubsystem: Opening Asset editor for Blueprint /Game/Workplace/Blueprints/BP_Transporter.BP_Transporter
[2025.12.16-20.00.34:156][681]LogWorld: UWorld::CleanupWorld for World_106, bSessionEnded=true, bCleanupResources=true
[2025.12.16-20.00.34:156][681]LogSlate: InvalidateAllWidgets triggered.  All widgets were invalidated
[2025.12.16-20.00.36:613][821]LogAssetEditorSubsystem: Opening Asset editor for Blueprint /Game/Workplace/Blueprints/BP_TransferObject.BP_TransferObject
[2025.12.16-20.00.39:452][970]BlueprintLog: New page: Compile BP_TransferObject
[2025.12.16-20.00.39:531][970]LogUObjectHash: Compacting FUObjectHashTables data took   2.77ms
[2025.12.16-20.00.40:085][993]LogSavePackage: Moving '../../../../../../WORKPLACE/Mini_laboratory/MEPhI_VR_term_1/Mini_laboratory/Saved/BP_TransferObject169BCD5E49ECB05CF92EFB949447025A.tmp' to '../../../../../../WORKPLACE/Mini_laboratory/MEPhI_VR_term_1/Mini_laboratory/Content/Workplace/Blueprints/BP_TransferObject.uasset'
[2025.12.16-20.00.40:113][993]AssetCheck: New page: Asset Save: BP_TransferObject
[2025.12.16-20.00.40:113][993]LogContentValidation: Display: Validating Blueprint /Game/Workplace/Blueprints/BP_TransferObject.BP_TransferObject
[2025.12.16-20.00.40:402][ 11]BlueprintLog: New page: Compile BP_TransferObject
[2025.12.16-20.00.40:460][ 11]LogUObjectHash: Compacting FUObjectHashTables data took   3.81ms
[2025.12.16-20.00.40:855][ 29]LogSavePackage: Moving '../../../../../../WORKPLACE/Mini_laboratory/MEPhI_VR_term_1/Mini_laboratory/Saved/BP_TransferObjectC69FBB234832ECE462406AAD7CFD8644.tmp' to '../../../../../../WORKPLACE/Mini_laboratory/MEPhI_VR_term_1/Mini_laboratory/Content/Workplace/Blueprints/BP_TransferObject.uasset'
[2025.12.16-20.00.40:872][ 29]AssetCheck: New page: Asset Save: BP_TransferObject
[2025.12.16-20.00.40:872][ 29]LogContentValidation: Display: Validating Blueprint /Game/Workplace/Blueprints/BP_TransferObject.BP_TransferObject
[2025.12.16-20.00.50:388][590]BlueprintLog: New page: Compile BP_TransferObject
[2025.12.16-20.00.50:443][590]LogUObjectHash: Compacting FUObjectHashTables data took   3.24ms
[2025.12.16-20.00.51:226][627]LogSavePackage: Moving '../../../../../../WORKPLACE/Mini_laboratory/MEPhI_VR_term_1/Mini_laboratory/Saved/BP_TransferObject44D48B474F44993C78DDC78FFE770FEA.tmp' to '../../../../../../WORKPLACE/Mini_laboratory/MEPhI_VR_term_1/Mini_laboratory/Content/Workplace/Blueprints/BP_TransferObject.uasset'
[2025.12.16-20.00.51:245][627]AssetCheck: New page: Asset Save: BP_TransferObject
[2025.12.16-20.00.51:245][627]LogContentValidation: Display: Validating Blueprint /Game/Workplace/Blueprints/BP_TransferObject.BP_TransferObject
[2025.12.16-20.00.52:965][730]BlueprintLog: New page: Compile BP_TransferObject
[2025.12.16-20.00.53:021][730]LogUObjectHash: Compacting FUObjectHashTables data took   3.31ms
[2025.12.16-20.00.53:702][765]LogSavePackage: Moving '../../../../../../WORKPLACE/Mini_laboratory/MEPhI_VR_term_1/Mini_laboratory/Saved/BP_TransferObject44ED41F94E2F75220F62C29E6B543EB9.tmp' to '../../../../../../WORKPLACE/Mini_laboratory/MEPhI_VR_term_1/Mini_laboratory/Content/Workplace/Blueprints/BP_TransferObject.uasset'
[2025.12.16-20.00.53:719][765]AssetCheck: New page: Asset Save: BP_TransferObject
[2025.12.16-20.00.53:719][765]LogContentValidation: Display: Validating Blueprint /Game/Workplace/Blueprints/BP_TransferObject.BP_TransferObject
[2025.12.16-20.01.00:812][186]LogAssetEditorSubsystem: Opening Asset editor for Blueprint /Game/Workplace/Blueprints/BP_Transporter.BP_Transporter
[2025.12.16-20.01.15:374][ 17]BlueprintLog: New page: Compile BP_Transporter
[2025.12.16-20.01.15:439][ 17]LogUObjectHash: Compacting FUObjectHashTables data took   3.26ms
[2025.12.16-20.01.16:597][ 74]LogSavePackage: Moving '../../../../../../WORKPLACE/Mini_laboratory/MEPhI_VR_term_1/Mini_laboratory/Saved/BP_TransporterD15CEF224907C371A2EE3F83C443F153.tmp' to '../../../../../../WORKPLACE/Mini_laboratory/MEPhI_VR_term_1/Mini_laboratory/Content/Workplace/Blueprints/BP_Transporter.uasset'
[2025.12.16-20.01.16:636][ 74]AssetCheck: New page: Asset Save: BP_Transporter
[2025.12.16-20.01.16:636][ 74]LogContentValidation: Display: Validating Blueprint /Game/Workplace/Blueprints/BP_Transporter.BP_Transporter
[2025.12.16-20.01.17:027][ 98]BlueprintLog: New page: Compile BP_Transporter
[2025.12.16-20.01.17:140][ 98]LogUObjectHash: Compacting FUObjectHashTables data took   2.98ms
[2025.12.16-20.01.17:765][128]LogSavePackage: Moving '../../../../../../WORKPLACE/Mini_laboratory/MEPhI_VR_term_1/Mini_laboratory/Saved/BP_Transporter671CA52C4771F86FAB60AAAEDF540F28.tmp' to '../../../../../../WORKPLACE/Mini_laboratory/MEPhI_VR_term_1/Mini_laboratory/Content/Workplace/Blueprints/BP_Transporter.uasset'
[2025.12.16-20.01.17:785][128]AssetCheck: New page: Asset Save: BP_Transporter
[2025.12.16-20.01.17:785][128]LogContentValidation: Display: Validating Blueprint /Game/Workplace/Blueprints/BP_Transporter.BP_Transporter
[2025.12.16-20.01.39:952][436]LogUObjectHash: Compacting FUObjectHashTables data took   2.96ms
[2025.12.16-20.01.43:665][650]LogUObjectHash: Compacting FUObjectHashTables data took   1.88ms
[2025.12.16-20.01.46:930][845]LogWorld: UWorld::CleanupWorld for World_108, bSessionEnded=true, bCleanupResources=true
[2025.12.16-20.01.46:930][845]LogSlate: InvalidateAllWidgets triggered.  All widgets were invalidated
[2025.12.16-20.02.08:333][110]LogWindowsTextInputMethodSystem: Display: IME system deactivated.
[2025.12.16-20.02.08:334][110]LogWindowsTextInputMethodSystem: Display: IME system deactivated.
[2025.12.16-20.02.26:346][158]BlueprintLog: New page: Compile BP_TransferObject
[2025.12.16-20.02.26:400][158]LogUObjectHash: Compacting FUObjectHashTables data took   2.72ms
[2025.12.16-20.02.26:966][183]LogSavePackage: Moving '../../../../../../WORKPLACE/Mini_laboratory/MEPhI_VR_term_1/Mini_laboratory/Saved/BP_TransferObjectBD8132F44164F1FED5ED139951F88414.tmp' to '../../../../../../WORKPLACE/Mini_laboratory/MEPhI_VR_term_1/Mini_laboratory/Content/Workplace/Blueprints/BP_TransferObject.uasset'
[2025.12.16-20.02.26:988][183]AssetCheck: New page: Asset Save: BP_TransferObject
[2025.12.16-20.02.26:988][183]LogContentValidation: Display: Validating Blueprint /Game/Workplace/Blueprints/BP_TransferObject.BP_TransferObject
[2025.12.16-20.02.33:293][547]BlueprintLog: New page: Compile BP_TransferObject
[2025.12.16-20.02.33:343][547]LogUObjectHash: Compacting FUObjectHashTables data took   3.20ms
[2025.12.16-20.02.33:814][570]LogSavePackage: Moving '../../../../../../WORKPLACE/Mini_laboratory/MEPhI_VR_term_1/Mini_laboratory/Saved/BP_TransferObject4C6EA176485B0F29FF2D82A58F341D3E.tmp' to '../../../../../../WORKPLACE/Mini_laboratory/MEPhI_VR_term_1/Mini_laboratory/Content/Workplace/Blueprints/BP_TransferObject.uasset'
[2025.12.16-20.02.33:833][570]AssetCheck: New page: Asset Save: BP_TransferObject
[2025.12.16-20.02.33:833][570]LogContentValidation: Display: Validating Blueprint /Game/Workplace/Blueprints/BP_TransferObject.BP_TransferObject
[2025.12.16-20.02.34:175][591]BlueprintLog: New page: Compile BP_TransferObject
[2025.12.16-20.02.34:253][591]LogUObjectHash: Compacting FUObjectHashTables data took   3.12ms
[2025.12.16-20.02.34:658][609]LogSavePackage: Moving '../../../../../../WORKPLACE/Mini_laboratory/MEPhI_VR_term_1/Mini_laboratory/Saved/BP_TransferObjectB2ED2743411BD15971FF67828ABD5CFF.tmp' to '../../../../../../WORKPLACE/Mini_laboratory/MEPhI_VR_term_1/Mini_laboratory/Content/Workplace/Blueprints/BP_TransferObject.uasset'
[2025.12.16-20.02.34:678][609]AssetCheck: New page: Asset Save: BP_TransferObject
[2025.12.16-20.02.34:678][609]LogContentValidation: Display: Validating Blueprint /Game/Workplace/Blueprints/BP_TransferObject.BP_TransferObject
[2025.12.16-20.02.34:968][627]BlueprintLog: New page: Compile BP_TransferObject
[2025.12.16-20.02.35:021][627]LogUObjectHash: Compacting FUObjectHashTables data took   3.13ms
[2025.12.16-20.02.35:461][648]LogSavePackage: Moving '../../../../../../WORKPLACE/Mini_laboratory/MEPhI_VR_term_1/Mini_laboratory/Saved/BP_TransferObjectB18767DE4AB109CF0FFEB09B00969934.tmp' to '../../../../../../WORKPLACE/Mini_laboratory/MEPhI_VR_term_1/Mini_laboratory/Content/Workplace/Blueprints/BP_TransferObject.uasset'
[2025.12.16-20.02.35:482][648]AssetCheck: New page: Asset Save: BP_TransferObject
[2025.12.16-20.02.35:482][648]LogContentValidation: Display: Validating Blueprint /Game/Workplace/Blueprints/BP_TransferObject.BP_TransferObject
[2025.12.16-20.02.35:823][669]BlueprintLog: New page: Compile BP_TransferObject
[2025.12.16-20.02.35:875][669]LogUObjectHash: Compacting FUObjectHashTables data took   3.19ms
[2025.12.16-20.02.36:282][684]LogSavePackage: Moving '../../../../../../WORKPLACE/Mini_laboratory/MEPhI_VR_term_1/Mini_laboratory/Saved/BP_TransferObject6F33C0CC4ADE9B95A16B06BE1ACAAD37.tmp' to '../../../../../../WORKPLACE/Mini_laboratory/MEPhI_VR_term_1/Mini_laboratory/Content/Workplace/Blueprints/BP_TransferObject.uasset'
[2025.12.16-20.02.36:303][684]AssetCheck: New page: Asset Save: BP_TransferObject
[2025.12.16-20.02.36:303][684]LogContentValidation: Display: Validating Blueprint /Game/Workplace/Blueprints/BP_TransferObject.BP_TransferObject
[2025.12.16-20.02.36:612][703]BlueprintLog: New page: Compile BP_TransferObject
[2025.12.16-20.02.36:665][703]LogUObjectHash: Compacting FUObjectHashTables data took   3.40ms
[2025.12.16-20.02.37:057][721]LogSavePackage: Moving '../../../../../../WORKPLACE/Mini_laboratory/MEPhI_VR_term_1/Mini_laboratory/Saved/BP_TransferObject6B97592F4224B48DC6AB3F8A228E14F9.tmp' to '../../../../../../WORKPLACE/Mini_laboratory/MEPhI_VR_term_1/Mini_laboratory/Content/Workplace/Blueprints/BP_TransferObject.uasset'
[2025.12.16-20.02.37:077][721]AssetCheck: New page: Asset Save: BP_TransferObject
[2025.12.16-20.02.37:077][721]LogContentValidation: Display: Validating Blueprint /Game/Workplace/Blueprints/BP_TransferObject.BP_TransferObject
[2025.12.16-20.02.37:368][739]BlueprintLog: New page: Compile BP_TransferObject
[2025.12.16-20.02.37:419][739]LogUObjectHash: Compacting FUObjectHashTables data took   3.17ms
[2025.12.16-20.02.37:883][760]LogSavePackage: Moving '../../../../../../WORKPLACE/Mini_laboratory/MEPhI_VR_term_1/Mini_laboratory/Saved/BP_TransferObject27F7B0A7499A5226F6A166A39D7310F8.tmp' to '../../../../../../WORKPLACE/Mini_laboratory/MEPhI_VR_term_1/Mini_laboratory/Content/Workplace/Blueprints/BP_TransferObject.uasset'
[2025.12.16-20.02.37:902][760]AssetCheck: New page: Asset Save: BP_TransferObject
[2025.12.16-20.02.37:902][760]LogContentValidation: Display: Validating Blueprint /Game/Workplace/Blueprints/BP_TransferObject.BP_TransferObject
[2025.12.16-20.02.38:260][782]BlueprintLog: New page: Compile BP_TransferObject
[2025.12.16-20.02.38:312][782]LogUObjectHash: Compacting FUObjectHashTables data took   3.26ms
[2025.12.16-20.02.38:735][802]LogSavePackage: Moving '../../../../../../WORKPLACE/Mini_laboratory/MEPhI_VR_term_1/Mini_laboratory/Saved/BP_TransferObjectC474B0B24CCAD9A9FDCBBE995871C9A3.tmp' to '../../../../../../WORKPLACE/Mini_laboratory/MEPhI_VR_term_1/Mini_laboratory/Content/Workplace/Blueprints/BP_TransferObject.uasset'
[2025.12.16-20.02.38:794][802]AssetCheck: New page: Asset Save: BP_TransferObject
[2025.12.16-20.02.38:794][802]LogContentValidation: Display: Validating Blueprint /Game/Workplace/Blueprints/BP_TransferObject.BP_TransferObject
[2025.12.16-20.02.39:086][820]BlueprintLog: New page: Compile BP_TransferObject
[2025.12.16-20.02.39:140][820]LogUObjectHash: Compacting FUObjectHashTables data took   3.17ms
[2025.12.16-20.02.39:566][841]LogSavePackage: Moving '../../../../../../WORKPLACE/Mini_laboratory/MEPhI_VR_term_1/Mini_laboratory/Saved/BP_TransferObject4F9FD78B43A1C51DEE34B49692CBE8F2.tmp' to '../../../../../../WORKPLACE/Mini_laboratory/MEPhI_VR_term_1/Mini_laboratory/Content/Workplace/Blueprints/BP_TransferObject.uasset'
[2025.12.16-20.02.39:585][841]AssetCheck: New page: Asset Save: BP_TransferObject
[2025.12.16-20.02.39:585][841]LogContentValidation: Display: Validating Blueprint /Game/Workplace/Blueprints/BP_TransferObject.BP_TransferObject
[2025.12.16-20.02.39:925][862]BlueprintLog: New page: Compile BP_TransferObject
[2025.12.16-20.02.39:977][862]LogUObjectHash: Compacting FUObjectHashTables data took   3.23ms
[2025.12.16-20.02.40:380][881]LogSavePackage: Moving '../../../../../../WORKPLACE/Mini_laboratory/MEPhI_VR_term_1/Mini_laboratory/Saved/BP_TransferObjectA2714CC743317E82980C43BF0F045845.tmp' to '../../../../../../WORKPLACE/Mini_laboratory/MEPhI_VR_term_1/Mini_laboratory/Content/Workplace/Blueprints/BP_TransferObject.uasset'
[2025.12.16-20.02.40:440][881]AssetCheck: New page: Asset Save: BP_TransferObject
[2025.12.16-20.02.40:440][881]LogContentValidation: Display: Validating Blueprint /Game/Workplace/Blueprints/BP_TransferObject.BP_TransferObject
[2025.12.16-20.02.40:766][901]BlueprintLog: New page: Compile BP_TransferObject
[2025.12.16-20.02.40:818][901]LogUObjectHash: Compacting FUObjectHashTables data took   3.24ms
[2025.12.16-20.02.41:281][922]LogSavePackage: Moving '../../../../../../WORKPLACE/Mini_laboratory/MEPhI_VR_term_1/Mini_laboratory/Saved/BP_TransferObject32572D184630E9CE36F86FA35B222E86.tmp' to '../../../../../../WORKPLACE/Mini_laboratory/MEPhI_VR_term_1/Mini_laboratory/Content/Workplace/Blueprints/BP_TransferObject.uasset'
[2025.12.16-20.02.41:303][922]AssetCheck: New page: Asset Save: BP_TransferObject
[2025.12.16-20.02.41:303][922]LogContentValidation: Display: Validating Blueprint /Game/Workplace/Blueprints/BP_TransferObject.BP_TransferObject
[2025.12.16-20.02.41:633][942]BlueprintLog: New page: Compile BP_TransferObject
[2025.12.16-20.02.41:689][942]LogUObjectHash: Compacting FUObjectHashTables data took   3.96ms
[2025.12.16-20.02.42:400][981]BlueprintLog: New page: Compile BP_TransferObject
[2025.12.16-20.02.42:453][981]LogUObjectHash: Compacting FUObjectHashTables data took   3.32ms
[2025.12.16-20.02.42:888][  2]LogSavePackage: Moving '../../../../../../WORKPLACE/Mini_laboratory/MEPhI_VR_term_1/Mini_laboratory/Saved/BP_TransferObjectC580D64E4F677D72DCCE15B2EBA4C902.tmp' to '../../../../../../WORKPLACE/Mini_laboratory/MEPhI_VR_term_1/Mini_laboratory/Content/Workplace/Blueprints/BP_TransferObject.uasset'
[2025.12.16-20.02.42:949][  2]AssetCheck: New page: Asset Save: BP_TransferObject
[2025.12.16-20.02.42:949][  2]LogContentValidation: Display: Validating Blueprint /Game/Workplace/Blueprints/BP_TransferObject.BP_TransferObject
[2025.12.16-20.02.43:542][ 38]BlueprintLog: New page: Compile BP_TransferObject
[2025.12.16-20.02.43:594][ 38]LogUObjectHash: Compacting FUObjectHashTables data took   3.27ms
[2025.12.16-20.02.44:036][ 60]LogSavePackage: Moving '../../../../../../WORKPLACE/Mini_laboratory/MEPhI_VR_term_1/Mini_laboratory/Saved/BP_TransferObjectBCE1A6084894E2EDC7699085242FAF45.tmp' to '../../../../../../WORKPLACE/Mini_laboratory/MEPhI_VR_term_1/Mini_laboratory/Content/Workplace/Blueprints/BP_TransferObject.uasset'
[2025.12.16-20.02.44:077][ 60]AssetCheck: New page: Asset Save: BP_TransferObject
[2025.12.16-20.02.44:077][ 60]LogContentValidation: Display: Validating Blueprint /Game/Workplace/Blueprints/BP_TransferObject.BP_TransferObject
[2025.12.16-20.02.44:426][ 81]BlueprintLog: New page: Compile BP_TransferObject
[2025.12.16-20.02.44:511][ 81]LogUObjectHash: Compacting FUObjectHashTables data took   3.27ms
[2025.12.16-20.02.44:883][ 98]LogSavePackage: Moving '../../../../../../WORKPLACE/Mini_laboratory/MEPhI_VR_term_1/Mini_laboratory/Saved/BP_TransferObject7C6A411045E10E7EBEA1F0BB8D66B14F.tmp' to '../../../../../../WORKPLACE/Mini_laboratory/MEPhI_VR_term_1/Mini_laboratory/Content/Workplace/Blueprints/BP_TransferObject.uasset'
[2025.12.16-20.02.44:906][ 98]AssetCheck: New page: Asset Save: BP_TransferObject
[2025.12.16-20.02.44:906][ 98]LogContentValidation: Display: Validating Blueprint /Game/Workplace/Blueprints/BP_TransferObject.BP_TransferObject
[2025.12.16-20.02.51:825][496]LogUObjectHash: Compacting FUObjectHashTables data took   3.00ms
[2025.12.16-20.02.51:900][496]LogAssetEditorSubsystem: Opening Asset editor for World /Game/Workplace/Maps/FirstLevel.FirstLevel
[2025.12.16-20.02.51:901][496]Cmd: MAP LOAD FILE="../../../../../../WORKPLACE/Mini_laboratory/MEPhI_VR_term_1/Mini_laboratory/Content/Workplace/Maps/FirstLevel.umap" TEMPLATE=0 SHOWPROGRESS=1 FEATURELEVEL=3
[2025.12.16-20.02.51:901][496]LightingResults: New page: Lighting Build
[2025.12.16-20.02.51:901][496]LoadErrors: New page: Loading map: FirstLevel.umap
[2025.12.16-20.02.51:902][496]LogWorld: UWorld::CleanupWorld for StartMenu, bSessionEnded=true, bCleanupResources=true
[2025.12.16-20.02.51:902][496]LogSlate: InvalidateAllWidgets triggered.  All widgets were invalidated
[2025.12.16-20.02.51:902][496]MapCheck: New page: Map Check
[2025.12.16-20.02.51:902][496]LightingResults: New page: Lighting Build
[2025.12.16-20.02.51:927][496]LogAudio: Display: Audio Device unregistered from world 'None'.
[2025.12.16-20.02.51:931][496]LogUObjectHash: Compacting FUObjectHashTables data took   2.79ms
[2025.12.16-20.02.51:931][496]LogAudio: Display: Audio Device (ID: 1) registered with world 'FirstLevel'.
[2025.12.16-20.02.52:021][496]LogEditorServer: Finished looking for orphan Actors (0.000 secs)
[2025.12.16-20.02.52:021][496]LogAIModule: Creating AISystem for world FirstLevel
[2025.12.16-20.02.52:050][496]LogUObjectHash: Compacting FUObjectHashTables data took   2.43ms
[2025.12.16-20.02.52:055][496]Cmd: MAP CHECKDEP NOCLEARLOG
[2025.12.16-20.02.52:055][496]MapCheck: Map check complete: 0 Error(s), 0 Warning(s), took 0,067ms to complete.
[2025.12.16-20.02.52:055][496]LogFileHelpers: Loading map 'FirstLevel' took 0.154
[2025.12.16-20.02.54:313][628]LogAssetEditorSubsystem: Opening Asset editor for LevelScriptBlueprint /Game/Workplace/Maps/FirstLevel.FirstLevel:PersistentLevel.FirstLevel
[2025.12.16-20.03.08:440][445]LogUObjectHash: Compacting FUObjectHashTables data took   2.30ms
[2025.12.16-20.03.22:926][311]LogUObjectHash: Compacting FUObjectHashTables data took   1.93ms
[2025.12.16-20.03.24:329][389]LogUObjectHash: Compacting FUObjectHashTables data took   2.09ms
[2025.12.16-20.03.25:896][474]LogUObjectHash: Compacting FUObjectHashTables data took   1.87ms
[2025.12.16-20.03.27:463][563]LogUObjectHash: Compacting FUObjectHashTables data took   1.92ms
[2025.12.16-20.03.29:173][661]LogUObjectHash: Compacting FUObjectHashTables data took   1.99ms
[2025.12.16-20.03.30:485][734]LogUObjectHash: Compacting FUObjectHashTables data took   1.93ms
[2025.12.16-20.03.31:967][817]LogUObjectHash: Compacting FUObjectHashTables data took   1.80ms
[2025.12.16-20.03.33:390][899]LogUObjectHash: Compacting FUObjectHashTables data took   1.90ms
[2025.12.16-20.03.45:579][603]LogUObjectHash: Compacting FUObjectHashTables data took   2.46ms
[2025.12.16-20.04.30:622][281]BlueprintLog: New page: Compile BP_TransferObject
[2025.12.16-20.04.30:682][281]LogUObjectHash: Compacting FUObjectHashTables data took   2.83ms
[2025.12.16-20.04.31:346][314]LogSavePackage: Moving '../../../../../../WORKPLACE/Mini_laboratory/MEPhI_VR_term_1/Mini_laboratory/Saved/BP_TransferObjectD7ABD7E748DFFB4F47CD97996B0CFACD.tmp' to '../../../../../../WORKPLACE/Mini_laboratory/MEPhI_VR_term_1/Mini_laboratory/Content/Workplace/Blueprints/BP_TransferObject.uasset'
[2025.12.16-20.04.31:369][314]AssetCheck: New page: Asset Save: BP_TransferObject
[2025.12.16-20.04.31:369][314]LogContentValidation: Display: Validating Blueprint /Game/Workplace/Blueprints/BP_TransferObject.BP_TransferObject
[2025.12.16-20.04.31:666][332]BlueprintLog: New page: Compile BP_TransferObject
[2025.12.16-20.04.31:721][332]LogUObjectHash: Compacting FUObjectHashTables data took   3.13ms
[2025.12.16-20.04.32:146][350]LogSavePackage: Moving '../../../../../../WORKPLACE/Mini_laboratory/MEPhI_VR_term_1/Mini_laboratory/Saved/BP_TransferObject257A4D3A4E594794BCD2FCBC6F5AFF2D.tmp' to '../../../../../../WORKPLACE/Mini_laboratory/MEPhI_VR_term_1/Mini_laboratory/Content/Workplace/Blueprints/BP_TransferObject.uasset'
[2025.12.16-20.04.32:165][350]AssetCheck: New page: Asset Save: BP_TransferObject
[2025.12.16-20.04.32:165][350]LogContentValidation: Display: Validating Blueprint /Game/Workplace/Blueprints/BP_TransferObject.BP_TransferObject
[2025.12.16-20.04.33:948][446]LogTemp: Repeating last play command: New Editor Window (PIE)
[2025.12.16-20.04.33:954][446]LogPlayLevel: PlayLevel: No blueprints needed recompiling
[2025.12.16-20.04.33:954][446]PIE: New page: PIE session: FirstLevel (17 дек. 2025 г., 02:04:33)
[2025.12.16-20.04.33:954][446]LogPlayLevel: Creating play world package: /Game/Workplace/Maps/UEDPIE_0_FirstLevel
[2025.12.16-20.04.33:961][446]LogPlayLevel: PIE: StaticDuplicateObject took: (0.007223s)
[2025.12.16-20.04.33:962][446]LogAIModule: Creating AISystem for world FirstLevel
[2025.12.16-20.04.33:963][446]LogPlayLevel: PIE: World Init took: (0.001418s)
[2025.12.16-20.04.33:963][446]LogPlayLevel: PIE: Created PIE world by copying editor world from /Game/Workplace/Maps/FirstLevel.FirstLevel to /Game/Workplace/Maps/UEDPIE_0_FirstLevel.FirstLevel (0.008755s)
[2025.12.16-20.04.34:023][446]LogUObjectHash: Compacting FUObjectHashTables data took   3.15ms
[2025.12.16-20.04.34:023][446]LogAudio: Display: Creating Audio Device:                 Id: 21, Scope: Unique, Realtime: True
[2025.12.16-20.04.34:023][446]LogAudioMixer: Display: Audio Mixer Platform Settings:
[2025.12.16-20.04.34:023][446]LogAudioMixer: Display: 	Sample Rate:						  48000
[2025.12.16-20.04.34:023][446]LogAudioMixer: Display: 	Callback Buffer Frame Size Requested: 1024
[2025.12.16-20.04.34:023][446]LogAudioMixer: Display: 	Callback Buffer Frame Size To Use:	  1024
[2025.12.16-20.04.34:023][446]LogAudioMixer: Display: 	Number of buffers to queue:			  2
[2025.12.16-20.04.34:023][446]LogAudioMixer: Display: 	Max Channels (voices):				  32
[2025.12.16-20.04.34:023][446]LogAudioMixer: Display: 	Number of Async Source Workers:		  0
[2025.12.16-20.04.34:023][446]LogAudio: Display: AudioDevice MaxSources: 32
[2025.12.16-20.04.34:023][446]LogAudio: Display: Audio Spatialization Plugin: None (built-in).
[2025.12.16-20.04.34:023][446]LogAudio: Display: Audio Reverb Plugin: None (built-in).
[2025.12.16-20.04.34:023][446]LogAudio: Display: Audio Occlusion Plugin: None (built-in).
[2025.12.16-20.04.34:023][446]LogAudioMixer: Display: Initializing audio mixer.
[2025.12.16-20.04.34:027][446]LogAudioMixer: Display: 0: FrontLeft
[2025.12.16-20.04.34:027][446]LogAudioMixer: Display: 1: FrontRight
[2025.12.16-20.04.34:039][446]LogAudioMixer: Display: Using Audio Device Динамики (Realtek(R) Audio)
[2025.12.16-20.04.34:040][446]LogAudioMixer: Display: Initializing Sound Submixes...
[2025.12.16-20.04.34:040][446]LogAudioMixer: Display: Creating Master Submix 'MasterSubmixDefault'
[2025.12.16-20.04.34:040][446]LogAudioMixer: Display: Creating Master Submix 'MasterReverbSubmixDefault'
[2025.12.16-20.04.34:040][446]LogAudioMixer: Display: Creating Master Submix 'MasterEQSubmixDefault'
[2025.12.16-20.04.34:040][446]LogAudioMixer: FMixerPlatformXAudio2::StartAudioStream() called
[2025.12.16-20.04.34:040][446]LogAudioMixer: Display: Output buffers initialized: Frames=1024, Channels=2, Samples=2048
[2025.12.16-20.04.34:041][446]LogAudioMixer: Display: Starting AudioMixerPlatformInterface::RunInternal()
[2025.12.16-20.04.34:041][446]LogAudioMixer: Display: FMixerPlatformXAudio2::SubmitBuffer() called for the first time
[2025.12.16-20.04.34:041][446]LogInit: FAudioDevice initialized.
[2025.12.16-20.04.34:041][446]LogAudio: Display: Audio Device (ID: 21) registered with world 'FirstLevel'.
[2025.12.16-20.04.34:093][446]LogSlate: Updating window title bar state: overlay mode, drag disabled, window buttons hidden, title bar hidden
[2025.12.16-20.04.34:093][446]LogLoad: Game class is 'BP_GameMode_C'
[2025.12.16-20.04.34:095][446]LogWorld: Bringing World /Game/Workplace/Maps/UEDPIE_0_FirstLevel.FirstLevel up for play (max tick rate 60) at 2025.12.16-23.04.34
[2025.12.16-20.04.34:095][446]LogWorld: Bringing up level for play took: 0.001265
[2025.12.16-20.04.34:095][446]LogOnline: OSS: Creating online subsystem instance for: :Context_59
[2025.12.16-20.04.34:098][446]LogSpawn: Warning: SpawnActor failed because no class was specified
[2025.12.16-20.04.34:101][446]PIE: Server logged in
[2025.12.16-20.04.34:101][446]PIE: Play in editor total start time 0,148 seconds.
[2025.12.16-20.04.46:647][193]LogSlate: Updating window title bar state: overlay mode, drag disabled, window buttons hidden, title bar hidden
[2025.12.16-20.04.46:647][193]LogWorld: BeginTearingDown for /Game/Workplace/Maps/UEDPIE_0_FirstLevel
[2025.12.16-20.04.46:648][193]LogSlate: Window 'Mini_laboratory Preview [NetMode: Standalone]  (64-bit/Windows) ' being destroyed
[2025.12.16-20.04.46:651][193]LogWorld: UWorld::CleanupWorld for FirstLevel, bSessionEnded=true, bCleanupResources=true
[2025.12.16-20.04.46:652][193]LogSlate: InvalidateAllWidgets triggered.  All widgets were invalidated
[2025.12.16-20.04.46:663][193]LogPlayLevel: Display: Shutting down PIE online subsystems
[2025.12.16-20.04.46:668][193]LogSlate: InvalidateAllWidgets triggered.  All widgets were invalidated
[2025.12.16-20.04.46:697][193]LogAudio: Display: Audio Device unregistered from world 'None'.
[2025.12.16-20.04.46:698][193]LogAudioMixer: FMixerPlatformXAudio2::StopAudioStream() called
[2025.12.16-20.04.46:699][193]LogAudioMixer: FMixerPlatformXAudio2::StopAudioStream() called
[2025.12.16-20.04.46:705][193]LogUObjectHash: Compacting FUObjectHashTables data took   3.35ms
[2025.12.16-20.04.46:725][194]LogPlayLevel: Display: Destroying online subsystem :Context_59
[2025.12.16-20.04.51:765][490]LogUObjectHash: Compacting FUObjectHashTables data took   2.20ms
[2025.12.16-20.04.51:832][490]LogAssetEditorSubsystem: Opening Asset editor for World /Game/Workplace/Maps/StartMenu.StartMenu
[2025.12.16-20.04.51:832][490]Cmd: MAP LOAD FILE="../../../../../../WORKPLACE/Mini_laboratory/MEPhI_VR_term_1/Mini_laboratory/Content/Workplace/Maps/StartMenu.umap" TEMPLATE=0 SHOWPROGRESS=1 FEATURELEVEL=3
[2025.12.16-20.04.51:832][490]LightingResults: New page: Lighting Build
[2025.12.16-20.04.51:832][490]LoadErrors: New page: Loading map: StartMenu.umap
[2025.12.16-20.04.51:855][490]LogWorld: UWorld::CleanupWorld for World_109, bSessionEnded=true, bCleanupResources=true
[2025.12.16-20.04.51:855][490]LogSlate: InvalidateAllWidgets triggered.  All widgets were invalidated
[2025.12.16-20.04.51:891][490]LogWorld: UWorld::CleanupWorld for FirstLevel, bSessionEnded=true, bCleanupResources=true
[2025.12.16-20.04.51:891][490]LogSlate: InvalidateAllWidgets triggered.  All widgets were invalidated
[2025.12.16-20.04.51:891][490]MapCheck: New page: Map Check
[2025.12.16-20.04.51:891][490]LightingResults: New page: Lighting Build
[2025.12.16-20.04.51:916][490]LogAudio: Display: Audio Device unregistered from world 'None'.
[2025.12.16-20.04.51:923][490]LogUObjectHash: Compacting FUObjectHashTables data took   2.88ms
[2025.12.16-20.04.51:923][490]LogAudio: Display: Audio Device (ID: 1) registered with world 'StartMenu'.
[2025.12.16-20.04.51:944][490]LogEditorServer: Finished looking for orphan Actors (0.000 secs)
[2025.12.16-20.04.51:944][490]LogAIModule: Creating AISystem for world StartMenu
[2025.12.16-20.04.51:973][490]LogUObjectHash: Compacting FUObjectHashTables data took   2.33ms
[2025.12.16-20.04.51:977][490]Cmd: MAP CHECKDEP NOCLEARLOG
[2025.12.16-20.04.51:978][490]MapCheck: Map check complete: 0 Error(s), 0 Warning(s), took 0,06ms to complete.
[2025.12.16-20.04.51:978][490]LogFileHelpers: Loading map 'StartMenu' took 0.145
[2025.12.16-20.04.53:788][593]LogTemp: Repeating last play command: New Editor Window (PIE)
[2025.12.16-20.04.53:793][593]LogPlayLevel: PlayLevel: No blueprints needed recompiling
[2025.12.16-20.04.53:794][593]PIE: New page: PIE session: StartMenu (17 дек. 2025 г., 02:04:53)
[2025.12.16-20.04.53:843][593]LogPlayLevel: Creating play world package: /Game/Workplace/Maps/UEDPIE_0_StartMenu
[2025.12.16-20.04.53:845][593]LogPlayLevel: PIE: StaticDuplicateObject took: (0.001511s)
[2025.12.16-20.04.53:846][593]LogAIModule: Creating AISystem for world StartMenu
[2025.12.16-20.04.53:846][593]LogPlayLevel: PIE: World Init took: (0.001225s)
[2025.12.16-20.04.53:846][593]LogPlayLevel: PIE: Created PIE world by copying editor world from /Game/Workplace/Maps/StartMenu.StartMenu to /Game/Workplace/Maps/UEDPIE_0_StartMenu.StartMenu (0.002912s)
[2025.12.16-20.04.53:874][593]LogUObjectHash: Compacting FUObjectHashTables data took   2.33ms
[2025.12.16-20.04.53:875][593]LogAudio: Display: Creating Audio Device:                 Id: 22, Scope: Unique, Realtime: True
[2025.12.16-20.04.53:875][593]LogAudioMixer: Display: Audio Mixer Platform Settings:
[2025.12.16-20.04.53:875][593]LogAudioMixer: Display: 	Sample Rate:						  48000
[2025.12.16-20.04.53:875][593]LogAudioMixer: Display: 	Callback Buffer Frame Size Requested: 1024
[2025.12.16-20.04.53:875][593]LogAudioMixer: Display: 	Callback Buffer Frame Size To Use:	  1024
[2025.12.16-20.04.53:875][593]LogAudioMixer: Display: 	Number of buffers to queue:			  2
[2025.12.16-20.04.53:875][593]LogAudioMixer: Display: 	Max Channels (voices):				  32
[2025.12.16-20.04.53:875][593]LogAudioMixer: Display: 	Number of Async Source Workers:		  0
[2025.12.16-20.04.53:875][593]LogAudio: Display: AudioDevice MaxSources: 32
[2025.12.16-20.04.53:875][593]LogAudio: Display: Audio Spatialization Plugin: None (built-in).
[2025.12.16-20.04.53:875][593]LogAudio: Display: Audio Reverb Plugin: None (built-in).
[2025.12.16-20.04.53:875][593]LogAudio: Display: Audio Occlusion Plugin: None (built-in).
[2025.12.16-20.04.53:875][593]LogAudioMixer: Display: Initializing audio mixer.
[2025.12.16-20.04.53:877][593]LogAudioMixer: Display: 0: FrontLeft
[2025.12.16-20.04.53:877][593]LogAudioMixer: Display: 1: FrontRight
[2025.12.16-20.04.53:887][593]LogAudioMixer: Display: Using Audio Device Динамики (Realtek(R) Audio)
[2025.12.16-20.04.53:887][593]LogAudioMixer: Display: Initializing Sound Submixes...
[2025.12.16-20.04.53:887][593]LogAudioMixer: Display: Creating Master Submix 'MasterSubmixDefault'
[2025.12.16-20.04.53:887][593]LogAudioMixer: Display: Creating Master Submix 'MasterReverbSubmixDefault'
[2025.12.16-20.04.53:887][593]LogAudioMixer: Display: Creating Master Submix 'MasterEQSubmixDefault'
[2025.12.16-20.04.53:887][593]LogAudioMixer: FMixerPlatformXAudio2::StartAudioStream() called
[2025.12.16-20.04.53:887][593]LogAudioMixer: Display: Output buffers initialized: Frames=1024, Channels=2, Samples=2048
[2025.12.16-20.04.53:888][593]LogAudioMixer: Display: Starting AudioMixerPlatformInterface::RunInternal()
[2025.12.16-20.04.53:889][593]LogAudioMixer: Display: FMixerPlatformXAudio2::SubmitBuffer() called for the first time
[2025.12.16-20.04.53:889][593]LogInit: FAudioDevice initialized.
[2025.12.16-20.04.53:889][593]LogAudio: Display: Audio Device (ID: 22) registered with world 'StartMenu'.
[2025.12.16-20.04.53:938][593]LogSlate: Updating window title bar state: overlay mode, drag disabled, window buttons hidden, title bar hidden
[2025.12.16-20.04.53:938][593]LogLoad: Game class is 'BP_GameMode_C'
[2025.12.16-20.04.53:939][593]LogWorld: Bringing World /Game/Workplace/Maps/UEDPIE_0_StartMenu.StartMenu up for play (max tick rate 60) at 2025.12.16-23.04.53
[2025.12.16-20.04.53:939][593]LogWorld: Bringing up level for play took: 0.000274
[2025.12.16-20.04.53:939][593]LogOnline: OSS: Creating online subsystem instance for: :Context_60
[2025.12.16-20.04.53:941][593]LogSpawn: Warning: SpawnActor failed because no class was specified
[2025.12.16-20.04.53:943][593]LogPlayerController: Error: InputMode:UIOnly - Attempting to focus Non-Focusable widget SObjectWidget [Widget.cpp(799)]!
[2025.12.16-20.04.53:943][593]LogViewport: Display: Viewport MouseLockMode Changed, LockOnCapture -> DoNotLock
[2025.12.16-20.04.53:943][593]LogViewport: Display: Viewport MouseCaptureMode Changed, CapturePermanently_IncludingInitialMouseDown -> NoCapture
[2025.12.16-20.04.53:944][593]PIE: Server logged in
[2025.12.16-20.04.53:945][593]PIE: Play in editor total start time 0,153 seconds.
[2025.12.16-20.04.54:689][632]LogViewport: Display: Viewport MouseLockMode Changed, DoNotLock -> LockOnCapture
[2025.12.16-20.04.54:690][632]LogViewport: Display: Viewport MouseCaptureMode Changed, NoCapture -> CapturePermanently
[2025.12.16-20.04.54:691][632]LogNet: Browse: /Game/Workplace/Maps/FirstLevel
[2025.12.16-20.04.54:691][632]LogLoad: LoadMap: /Game/Workplace/Maps/FirstLevel
[2025.12.16-20.04.54:691][632]LogWorld: BeginTearingDown for /Game/Workplace/Maps/UEDPIE_0_StartMenu
[2025.12.16-20.04.54:691][632]LogWorld: UWorld::CleanupWorld for StartMenu, bSessionEnded=true, bCleanupResources=true
[2025.12.16-20.04.54:691][632]LogSlate: InvalidateAllWidgets triggered.  All widgets were invalidated
[2025.12.16-20.04.54:755][632]LogAudio: Display: Audio Device unregistered from world 'None'.
[2025.12.16-20.04.54:758][632]LogUObjectHash: Compacting FUObjectHashTables data took   2.24ms
[2025.12.16-20.04.54:788][632]LogAudio: Display: Audio Device (ID: 22) registered with world 'FirstLevel'.
[2025.12.16-20.04.54:789][632]LogAIModule: Creating AISystem for world FirstLevel
[2025.12.16-20.04.54:789][632]LogLoad: Game class is 'BP_GameMode_C'
[2025.12.16-20.04.54:798][632]LogWorld: Bringing World /Game/Workplace/Maps/UEDPIE_0_FirstLevel.FirstLevel up for play (max tick rate 60) at 2025.12.16-23.04.54
[2025.12.16-20.04.54:798][632]LogWorld: Bringing up level for play took: 0.007915
[2025.12.16-20.04.54:799][632]LogSpawn: Warning: SpawnActor failed because no class was specified
[2025.12.16-20.04.54:800][632]LogLoad: Took 0.109542 seconds to LoadMap(/Game/Workplace/Maps/FirstLevel)
[2025.12.16-20.05.22:777][306]LogSlate: Updating window title bar state: overlay mode, drag disabled, window buttons hidden, title bar hidden
[2025.12.16-20.05.22:777][306]LogWorld: BeginTearingDown for /Game/Workplace/Maps/UEDPIE_0_FirstLevel
[2025.12.16-20.05.22:778][306]LogSlate: Window 'Mini_laboratory Preview [NetMode: Standalone]  (64-bit/Windows) ' being destroyed
[2025.12.16-20.05.22:781][306]LogWorld: UWorld::CleanupWorld for FirstLevel, bSessionEnded=true, bCleanupResources=true
[2025.12.16-20.05.22:782][306]LogSlate: InvalidateAllWidgets triggered.  All widgets were invalidated
[2025.12.16-20.05.22:788][306]LogPlayLevel: Display: Shutting down PIE online subsystems
[2025.12.16-20.05.22:797][306]LogSlate: InvalidateAllWidgets triggered.  All widgets were invalidated
[2025.12.16-20.05.22:827][306]LogAudioMixer: FMixerPlatformXAudio2::StopAudioStream() called
[2025.12.16-20.05.22:828][306]LogAudioMixer: FMixerPlatformXAudio2::StopAudioStream() called
[2025.12.16-20.05.22:834][306]LogUObjectHash: Compacting FUObjectHashTables data took   2.48ms
[2025.12.16-20.05.22:851][307]LogPlayLevel: Display: Destroying online subsystem :Context_60
[2025.12.16-20.05.28:440][638]LogUObjectHash: Compacting FUObjectHashTables data took   2.45ms
[2025.12.16-20.05.29:986][728]LogUObjectHash: Compacting FUObjectHashTables data took   1.80ms
[2025.12.16-20.05.39:362][285]BlueprintLog: New page: Compile BP_TransferObject
[2025.12.16-20.05.39:413][285]LogUObjectHash: Compacting FUObjectHashTables data took   2.69ms
[2025.12.16-20.05.39:775][302]LogSavePackage: Moving '../../../../../../WORKPLACE/Mini_laboratory/MEPhI_VR_term_1/Mini_laboratory/Saved/BP_TransferObject0A2F64034696B6D6280D638411E488A6.tmp' to '../../../../../../WORKPLACE/Mini_laboratory/MEPhI_VR_term_1/Mini_laboratory/Content/Workplace/Blueprints/BP_TransferObject.uasset'
[2025.12.16-20.05.39:795][302]AssetCheck: New page: Asset Save: BP_TransferObject
[2025.12.16-20.05.39:795][302]LogContentValidation: Display: Validating Blueprint /Game/Workplace/Blueprints/BP_TransferObject.BP_TransferObject
[2025.12.16-20.05.43:167][501]LogUObjectHash: Compacting FUObjectHashTables data took   3.86ms
[2025.12.16-20.05.43:213][501]LogAssetEditorSubsystem: Opening Asset editor for World /Game/Workplace/Maps/FirstLevel.FirstLevel
[2025.12.16-20.05.43:213][501]Cmd: MAP LOAD FILE="../../../../../../WORKPLACE/Mini_laboratory/MEPhI_VR_term_1/Mini_laboratory/Content/Workplace/Maps/FirstLevel.umap" TEMPLATE=0 SHOWPROGRESS=1 FEATURELEVEL=3
[2025.12.16-20.05.43:213][501]LightingResults: New page: Lighting Build
[2025.12.16-20.05.43:213][501]LoadErrors: New page: Loading map: FirstLevel.umap
[2025.12.16-20.05.43:214][501]LogWorld: UWorld::CleanupWorld for StartMenu, bSessionEnded=true, bCleanupResources=true
[2025.12.16-20.05.43:214][501]LogSlate: InvalidateAllWidgets triggered.  All widgets were invalidated
[2025.12.16-20.05.43:214][501]MapCheck: New page: Map Check
[2025.12.16-20.05.43:214][501]LightingResults: New page: Lighting Build
[2025.12.16-20.05.43:239][501]LogAudio: Display: Audio Device unregistered from world 'None'.
[2025.12.16-20.05.43:242][501]LogUObjectHash: Compacting FUObjectHashTables data took   2.66ms
[2025.12.16-20.05.43:243][501]LogAudio: Display: Audio Device (ID: 1) registered with world 'FirstLevel'.
[2025.12.16-20.05.43:320][501]LogEditorServer: Finished looking for orphan Actors (0.000 secs)
[2025.12.16-20.05.43:320][501]LogAIModule: Creating AISystem for world FirstLevel
[2025.12.16-20.05.43:348][501]LogUObjectHash: Compacting FUObjectHashTables data took   2.38ms
[2025.12.16-20.05.43:353][501]Cmd: MAP CHECKDEP NOCLEARLOG
[2025.12.16-20.05.43:353][501]MapCheck: Map check complete: 0 Error(s), 0 Warning(s), took 0,061ms to complete.
[2025.12.16-20.05.43:353][501]LogFileHelpers: Loading map 'FirstLevel' took 0.140
[2025.12.16-20.05.48:523][804]LogUObjectHash: Compacting FUObjectHashTables data took   0.59ms
[2025.12.16-20.05.50:089][894]LogUObjectHash: Compacting FUObjectHashTables data took   1.91ms
[2025.12.16-20.05.51:820][994]LogUObjectHash: Compacting FUObjectHashTables data took   1.82ms
[2025.12.16-20.06.03:024][659]BlueprintLog: New page: Compile GlobalVariables
[2025.12.16-20.06.03:168][659]LogUObjectHash: Compacting FUObjectHashTables data took   2.68ms
[2025.12.16-20.06.03:689][680]LogSavePackage: Moving '../../../../../../WORKPLACE/Mini_laboratory/MEPhI_VR_term_1/Mini_laboratory/Saved/GlobalVariables62A46E4B474569357DCD37BE5BAB5017.tmp' to '../../../../../../WORKPLACE/Mini_laboratory/MEPhI_VR_term_1/Mini_laboratory/Content/Workplace/Blueprints/GlobalVariables.uasset'
[2025.12.16-20.06.03:711][680]AssetCheck: New page: Asset Save: GlobalVariables
[2025.12.16-20.06.03:711][680]LogContentValidation: Display: Validating Blueprint /Game/Workplace/Blueprints/GlobalVariables.GlobalVariables
[2025.12.16-20.06.04:066][702]BlueprintLog: New page: Compile GlobalVariables
[2025.12.16-20.06.04:180][702]LogUObjectHash: Compacting FUObjectHashTables data took   3.11ms
[2025.12.16-20.06.04:535][721]LogSavePackage: Moving '../../../../../../WORKPLACE/Mini_laboratory/MEPhI_VR_term_1/Mini_laboratory/Saved/GlobalVariablesF3ECB44748BE0048D1112BB9F72E781D.tmp' to '../../../../../../WORKPLACE/Mini_laboratory/MEPhI_VR_term_1/Mini_laboratory/Content/Workplace/Blueprints/GlobalVariables.uasset'
[2025.12.16-20.06.04:551][721]AssetCheck: New page: Asset Save: GlobalVariables
[2025.12.16-20.06.04:551][721]LogContentValidation: Display: Validating Blueprint /Game/Workplace/Blueprints/GlobalVariables.GlobalVariables
[2025.12.16-20.06.05:058][752]BlueprintLog: New page: Compile GlobalVariables
[2025.12.16-20.06.05:098][752]LogUObjectHash: Compacting FUObjectHashTables data took   3.19ms
[2025.12.16-20.06.05:701][786]LogSavePackage: Moving '../../../../../../WORKPLACE/Mini_laboratory/MEPhI_VR_term_1/Mini_laboratory/Saved/GlobalVariables9A7102934B75DF4B026E1FBB8F070473.tmp' to '../../../../../../WORKPLACE/Mini_laboratory/MEPhI_VR_term_1/Mini_laboratory/Content/Workplace/Blueprints/GlobalVariables.uasset'
[2025.12.16-20.06.05:719][786]AssetCheck: New page: Asset Save: GlobalVariables
[2025.12.16-20.06.05:719][786]LogContentValidation: Display: Validating Blueprint /Game/Workplace/Blueprints/GlobalVariables.GlobalVariables
[2025.12.16-20.06.06:156][813]BlueprintLog: New page: Compile GlobalVariables
[2025.12.16-20.06.06:235][813]LogUObjectHash: Compacting FUObjectHashTables data took   3.09ms
[2025.12.16-20.06.06:945][853]LogSavePackage: Moving '../../../../../../WORKPLACE/Mini_laboratory/MEPhI_VR_term_1/Mini_laboratory/Saved/GlobalVariables385812954E1E361B25AB26A4B53130C9.tmp' to '../../../../../../WORKPLACE/Mini_laboratory/MEPhI_VR_term_1/Mini_laboratory/Content/Workplace/Blueprints/GlobalVariables.uasset'
[2025.12.16-20.06.06:960][853]AssetCheck: New page: Asset Save: GlobalVariables
[2025.12.16-20.06.06:960][853]LogContentValidation: Display: Validating Blueprint /Game/Workplace/Blueprints/GlobalVariables.GlobalVariables
[2025.12.16-20.06.10:435][ 49]LogUObjectHash: Compacting FUObjectHashTables data took   3.09ms
[2025.12.16-20.06.10:473][ 49]LogAssetEditorSubsystem: Opening Asset editor for World /Game/Workplace/Maps/StartMenu.StartMenu
[2025.12.16-20.06.10:473][ 49]Cmd: MAP LOAD FILE="../../../../../../WORKPLACE/Mini_laboratory/MEPhI_VR_term_1/Mini_laboratory/Content/Workplace/Maps/StartMenu.umap" TEMPLATE=0 SHOWPROGRESS=1 FEATURELEVEL=3
[2025.12.16-20.06.10:473][ 49]LightingResults: New page: Lighting Build
[2025.12.16-20.06.10:473][ 49]LoadErrors: New page: Loading map: StartMenu.umap
[2025.12.16-20.06.10:498][ 49]LogWorld: UWorld::CleanupWorld for FirstLevel, bSessionEnded=true, bCleanupResources=true
[2025.12.16-20.06.10:498][ 49]LogSlate: InvalidateAllWidgets triggered.  All widgets were invalidated
[2025.12.16-20.06.10:498][ 49]MapCheck: New page: Map Check
[2025.12.16-20.06.10:498][ 49]LightingResults: New page: Lighting Build
[2025.12.16-20.06.10:522][ 49]LogAudio: Display: Audio Device unregistered from world 'None'.
[2025.12.16-20.06.10:526][ 49]LogUObjectHash: Compacting FUObjectHashTables data took   2.74ms
[2025.12.16-20.06.10:527][ 49]LogAudio: Display: Audio Device (ID: 1) registered with world 'StartMenu'.
[2025.12.16-20.06.10:548][ 49]LogEditorServer: Finished looking for orphan Actors (0.000 secs)
[2025.12.16-20.06.10:548][ 49]LogAIModule: Creating AISystem for world StartMenu
[2025.12.16-20.06.10:576][ 49]LogUObjectHash: Compacting FUObjectHashTables data took   2.38ms
[2025.12.16-20.06.10:579][ 49]Cmd: MAP CHECKDEP NOCLEARLOG
[2025.12.16-20.06.10:579][ 49]MapCheck: Map check complete: 0 Error(s), 0 Warning(s), took 0,057ms to complete.
[2025.12.16-20.06.10:579][ 49]LogFileHelpers: Loading map 'StartMenu' took 0.106
[2025.12.16-20.06.12:308][151]LogUObjectHash: Compacting FUObjectHashTables data took   0.58ms
[2025.12.16-20.06.12:393][151]LogAssetEditorSubsystem: Opening Asset editor for World /Game/Workplace/Maps/FirstLevel.FirstLevel
[2025.12.16-20.06.12:393][151]Cmd: MAP LOAD FILE="../../../../../../WORKPLACE/Mini_laboratory/MEPhI_VR_term_1/Mini_laboratory/Content/Workplace/Maps/FirstLevel.umap" TEMPLATE=0 SHOWPROGRESS=1 FEATURELEVEL=3
[2025.12.16-20.06.12:393][151]LightingResults: New page: Lighting Build
[2025.12.16-20.06.12:393][151]LoadErrors: New page: Loading map: FirstLevel.umap
[2025.12.16-20.06.12:417][151]LogWorld: UWorld::CleanupWorld for StartMenu, bSessionEnded=true, bCleanupResources=true
[2025.12.16-20.06.12:417][151]LogSlate: InvalidateAllWidgets triggered.  All widgets were invalidated
[2025.12.16-20.06.12:417][151]MapCheck: New page: Map Check
[2025.12.16-20.06.12:417][151]LightingResults: New page: Lighting Build
[2025.12.16-20.06.12:442][151]LogAudio: Display: Audio Device unregistered from world 'None'.
[2025.12.16-20.06.12:446][151]LogUObjectHash: Compacting FUObjectHashTables data took   2.56ms
[2025.12.16-20.06.12:446][151]LogAudio: Display: Audio Device (ID: 1) registered with world 'FirstLevel'.
[2025.12.16-20.06.12:523][151]LogEditorServer: Finished looking for orphan Actors (0.000 secs)
[2025.12.16-20.06.12:523][151]LogAIModule: Creating AISystem for world FirstLevel
[2025.12.16-20.06.12:551][151]LogUObjectHash: Compacting FUObjectHashTables data took   2.41ms
[2025.12.16-20.06.12:557][151]Cmd: MAP CHECKDEP NOCLEARLOG
[2025.12.16-20.06.12:557][151]MapCheck: Map check complete: 0 Error(s), 0 Warning(s), took 0,068ms to complete.
[2025.12.16-20.06.12:557][151]LogFileHelpers: Loading map 'FirstLevel' took 0.164
[2025.12.16-20.06.22:247][717]LogAssetEditorSubsystem: Opening Asset editor for LevelScriptBlueprint /Game/Workplace/Maps/FirstLevel.FirstLevel:PersistentLevel.FirstLevel
[2025.12.16-20.06.28:335][ 63]BlueprintLog: New page: Compile FirstLevel
[2025.12.16-20.06.28:396][ 63]LogUObjectHash: Compacting FUObjectHashTables data took   2.70ms
[2025.12.16-20.06.28:945][ 88]LogUObjectHash: Compacting FUObjectHashTables data took   3.88ms
[2025.12.16-20.06.28:997][ 88]LogSavePackage: Moving '../../../../../../WORKPLACE/Mini_laboratory/MEPhI_VR_term_1/Mini_laboratory/Saved/FirstLevelC318309B49281A5C55236D9E55B1C690.tmp' to '../../../../../../WORKPLACE/Mini_laboratory/MEPhI_VR_term_1/Mini_laboratory/Content/Workplace/Maps/FirstLevel.umap'
[2025.12.16-20.06.29:004][ 88]LogFileHelpers: Saving map 'FirstLevel' took 0.103
[2025.12.16-20.06.29:036][ 88]AssetCheck: New page: Asset Save: FirstLevel
[2025.12.16-20.06.29:036][ 88]LogContentValidation: Display: Validating World /Game/Workplace/Maps/FirstLevel.FirstLevel
[2025.12.16-20.06.43:785][942]LogUObjectHash: Compacting FUObjectHashTables data took   0.58ms
[2025.12.16-20.06.43:817][942]LogSavePackage: Moving '../../../../../../WORKPLACE/Mini_laboratory/MEPhI_VR_term_1/Mini_laboratory/Saved/FirstLevelCCCE3F57402525F9B74D93B42E59FF0A.tmp' to '../../../../../../WORKPLACE/Mini_laboratory/MEPhI_VR_term_1/Mini_laboratory/Content/Workplace/Maps/FirstLevel.umap'
[2025.12.16-20.06.43:838][942]LogSavePackage: Moving '../../../../../../WORKPLACE/Mini_laboratory/MEPhI_VR_term_1/Mini_laboratory/Saved/FirstLevel_BuiltDataAA69A41848089B6B957786904F4E57F6.tmp' to '../../../../../../WORKPLACE/Mini_laboratory/MEPhI_VR_term_1/Mini_laboratory/Content/Workplace/Maps/FirstLevel_BuiltData.uasset'
[2025.12.16-20.06.43:858][942]AssetCheck: New page: Asset Save: multiple assets
[2025.12.16-20.06.43:858][942]LogContentValidation: Display: Validating World /Game/Workplace/Maps/FirstLevel.FirstLevel
[2025.12.16-20.06.43:858][942]LogContentValidation: Display: Validating MapBuildDataRegistry /Game/Workplace/Maps/FirstLevel_BuiltData.FirstLevel_BuiltData
[2025.12.16-20.06.45:431][ 34]LogUObjectHash: Compacting FUObjectHashTables data took   0.57ms
[2025.12.16-20.06.47:974][176]LogUObjectHash: Compacting FUObjectHashTables data took   2.05ms
[2025.12.16-20.06.52:184][423]LogAssetEditorSubsystem: Opening Asset editor for Blueprint /Game/Workplace/Blueprints/BP_3DPrinter.BP_3DPrinter
[2025.12.16-20.07.19:165][989]BlueprintLog: New page: Compile BP_3DPrinter
[2025.12.16-20.07.19:220][989]LogUObjectHash: Compacting FUObjectHashTables data took   3.05ms
[2025.12.16-20.07.19:744][ 12]LogSavePackage: Moving '../../../../../../WORKPLACE/Mini_laboratory/MEPhI_VR_term_1/Mini_laboratory/Saved/BP_3DPrinter331F8A274934406E83F48F932F76B6EC.tmp' to '../../../../../../WORKPLACE/Mini_laboratory/MEPhI_VR_term_1/Mini_laboratory/Content/Workplace/Blueprints/BP_3DPrinter.uasset'
[2025.12.16-20.07.19:767][ 12]AssetCheck: New page: Asset Save: BP_3DPrinter
[2025.12.16-20.07.19:767][ 12]LogContentValidation: Display: Validating Blueprint /Game/Workplace/Blueprints/BP_3DPrinter.BP_3DPrinter
[2025.12.16-20.07.23:014][200]LogUObjectHash: Compacting FUObjectHashTables data took   2.74ms
[2025.12.16-20.07.23:119][200]LogUObjectHash: Compacting FUObjectHashTables data took   0.77ms
[2025.12.16-20.07.23:153][200]LogSavePackage: Moving '../../../../../../WORKPLACE/Mini_laboratory/MEPhI_VR_term_1/Mini_laboratory/Saved/FirstLevel2F6238A84661962E92ABF598C1BC6E28.tmp' to '../../../../../../WORKPLACE/Mini_laboratory/MEPhI_VR_term_1/Mini_laboratory/Content/Workplace/Maps/FirstLevel.umap'
[2025.12.16-20.07.23:157][200]LogFileHelpers: Saving map 'FirstLevel' took 0.073
[2025.12.16-20.07.23:178][200]AssetCheck: New page: Asset Save: FirstLevel
[2025.12.16-20.07.23:178][200]LogContentValidation: Display: Validating World /Game/Workplace/Maps/FirstLevel.FirstLevel
[2025.12.16-20.07.30:324][583]LogContentBrowser: Deferred new asset file creation: NewInterface
[2025.12.16-20.07.30:346][583]LogContentBrowser: Creating deferred item: NewInterface
[2025.12.16-20.07.33:221][751]LogWindowsTextInputMethodSystem: Display: IME system deactivated.
[2025.12.16-20.07.33:221][751]LogWindowsTextInputMethodSystem: Display: IME system deactivated.
[2025.12.16-20.07.36:639][956]LogWindowsTextInputMethodSystem: Display: IME system deactivated.
[2025.12.16-20.07.36:639][956]LogWindowsTextInputMethodSystem: Display: IME system deactivated.
[2025.12.16-20.07.51:627][854]LogContentBrowser: Attempting asset rename: NewInterface -> BPI_StartPrint
[2025.12.16-20.07.51:681][854]LogContentBrowser: End creating deferred item NewInterface
[2025.12.16-20.07.52:814][918]LogUObjectHash: Compacting FUObjectHashTables data took   2.53ms
[2025.12.16-20.07.52:845][918]LogSavePackage: Moving '../../../../../../WORKPLACE/Mini_laboratory/MEPhI_VR_term_1/Mini_laboratory/Saved/FirstLevelF47E4BEE431398E153B8AFB1B5BB4FA9.tmp' to '../../../../../../WORKPLACE/Mini_laboratory/MEPhI_VR_term_1/Mini_laboratory/Content/Workplace/Maps/FirstLevel.umap'
[2025.12.16-20.07.52:863][918]LogSavePackage: Moving '../../../../../../WORKPLACE/Mini_laboratory/MEPhI_VR_term_1/Mini_laboratory/Saved/FirstLevel_BuiltDataF3D7FC7440B2FF865A8CD880610C3CA5.tmp' to '../../../../../../WORKPLACE/Mini_laboratory/MEPhI_VR_term_1/Mini_laboratory/Content/Workplace/Maps/FirstLevel_BuiltData.uasset'
[2025.12.16-20.07.52:880][918]AssetCheck: New page: Asset Save: multiple assets
[2025.12.16-20.07.52:881][918]LogContentValidation: Display: Validating World /Game/Workplace/Maps/FirstLevel.FirstLevel
[2025.12.16-20.07.52:881][918]LogContentValidation: Display: Validating MapBuildDataRegistry /Game/Workplace/Maps/FirstLevel_BuiltData.FirstLevel_BuiltData
[2025.12.16-20.07.54:478][  8]LogUObjectHash: Compacting FUObjectHashTables data took   0.59ms
[2025.12.16-20.07.54:531][  8]LogSavePackage: Moving '../../../../../../WORKPLACE/Mini_laboratory/MEPhI_VR_term_1/Mini_laboratory/Saved/BPI_StartPrint9BB7076643F2F295111181AD6B10B91F.tmp' to '../../../../../../WORKPLACE/Mini_laboratory/MEPhI_VR_term_1/Mini_laboratory/Content/Workplace/Blueprints/BPI_StartPrint.uasset'
[2025.12.16-20.07.54:559][  8]AssetCheck: New page: Asset Save: BPI_StartPrint
[2025.12.16-20.07.54:559][  8]LogContentValidation: Display: Validating Blueprint /Game/Workplace/Blueprints/BPI_StartPrint.BPI_StartPrint
[2025.12.16-20.07.55:995][ 90]LogUObjectHash: Compacting FUObjectHashTables data took   2.79ms
[2025.12.16-20.07.57:444][173]LogUObjectHash: Compacting FUObjectHashTables data took   1.91ms
[2025.12.16-20.08.00:782][362]LogAssetEditorSubsystem: Opening Asset editor for Blueprint /Game/Workplace/Blueprints/BPI_StartPrint.BPI_StartPrint
[2025.12.16-20.08.07:447][737]BlueprintLog: New page: Compile BPI_StartPrint
[2025.12.16-20.08.07:527][737]LogUObjectHash: Compacting FUObjectHashTables data took   3.84ms
[2025.12.16-20.08.07:932][760]LogSavePackage: Moving '../../../../../../WORKPLACE/Mini_laboratory/MEPhI_VR_term_1/Mini_laboratory/Saved/BPI_StartPrintCEBDBB1B4FDAC9BD334D60A9847BF7C4.tmp' to '../../../../../../WORKPLACE/Mini_laboratory/MEPhI_VR_term_1/Mini_laboratory/Content/Workplace/Blueprints/BPI_StartPrint.uasset'
[2025.12.16-20.08.07:951][760]AssetCheck: New page: Asset Save: BPI_StartPrint
[2025.12.16-20.08.07:951][760]LogContentValidation: Display: Validating Blueprint /Game/Workplace/Blueprints/BPI_StartPrint.BPI_StartPrint
[2025.12.16-20.08.08:259][779]BlueprintLog: New page: Compile BPI_StartPrint
[2025.12.16-20.08.08:293][779]LogUObjectHash: Compacting FUObjectHashTables data took   3.03ms
[2025.12.16-20.08.08:646][799]LogSavePackage: Moving '../../../../../../WORKPLACE/Mini_laboratory/MEPhI_VR_term_1/Mini_laboratory/Saved/BPI_StartPrint7ED99F4E4A9333729D8F4DA35D602DF9.tmp' to '../../../../../../WORKPLACE/Mini_laboratory/MEPhI_VR_term_1/Mini_laboratory/Content/Workplace/Blueprints/BPI_StartPrint.uasset'
[2025.12.16-20.08.08:662][799]AssetCheck: New page: Asset Save: BPI_StartPrint
[2025.12.16-20.08.08:662][799]LogContentValidation: Display: Validating Blueprint /Game/Workplace/Blueprints/BPI_StartPrint.BPI_StartPrint
[2025.12.16-20.08.10:688][921]LogSlate: Window 'BPI_StartPrint' being destroyed
[2025.12.16-20.08.10:696][921]LogWorld: UWorld::CleanupWorld for World_112, bSessionEnded=true, bCleanupResources=true
[2025.12.16-20.08.10:696][921]LogSlate: InvalidateAllWidgets triggered.  All widgets were invalidated
[2025.12.16-20.08.14:762][161]LogSlate: Prevented a slow task dialog from being summoned while a context menu was open
[2025.12.16-20.08.14:829][161]LogEditorClassViewer: Warning: Class /Engine/Tutorial/InWorldBlueprintEditing/TutorialAssets/IWBE_Blutility.IWBE_Blutility_C has parent /Script/Blutility.PlacedEditorUtilityBase, but this parent is not found. The Class will not be shown in ClassViewer.
[2025.12.16-20.08.20:375][488]BlueprintLog: New page: Compile BP_3DPrinter
[2025.12.16-20.08.20:433][488]LogUObjectHash: Compacting FUObjectHashTables data took   3.55ms
[2025.12.16-20.08.20:909][511]LogSavePackage: Moving '../../../../../../WORKPLACE/Mini_laboratory/MEPhI_VR_term_1/Mini_laboratory/Saved/BP_3DPrinter294FE626411357C385AADDA6AAA1FAD1.tmp' to '../../../../../../WORKPLACE/Mini_laboratory/MEPhI_VR_term_1/Mini_laboratory/Content/Workplace/Blueprints/BP_3DPrinter.uasset'
[2025.12.16-20.08.20:927][511]AssetCheck: New page: Asset Save: BP_3DPrinter
[2025.12.16-20.08.20:928][511]LogContentValidation: Display: Validating Blueprint /Game/Workplace/Blueprints/BP_3DPrinter.BP_3DPrinter
[2025.12.16-20.08.25:986][805]LogUObjectHash: Compacting FUObjectHashTables data took   3.05ms
[2025.12.16-20.08.26:044][805]LogUObjectHash: Compacting FUObjectHashTables data took   0.56ms
[2025.12.16-20.08.26:075][805]LogSavePackage: Moving '../../../../../../WORKPLACE/Mini_laboratory/MEPhI_VR_term_1/Mini_laboratory/Saved/FirstLevel57CFBDA3473FDF8F630DBE96676782A3.tmp' to '../../../../../../WORKPLACE/Mini_laboratory/MEPhI_VR_term_1/Mini_laboratory/Content/Workplace/Maps/FirstLevel.umap'
[2025.12.16-20.08.26:079][805]LogFileHelpers: Saving map 'FirstLevel' took 0.067
[2025.12.16-20.08.26:098][805]AssetCheck: New page: Asset Save: FirstLevel
[2025.12.16-20.08.26:098][805]LogContentValidation: Display: Validating World /Game/Workplace/Maps/FirstLevel.FirstLevel
[2025.12.16-20.08.27:691][896]LogUObjectHash: Compacting FUObjectHashTables data took   1.90ms
[2025.12.16-20.08.28:988][970]LogUObjectHash: Compacting FUObjectHashTables data took   1.87ms
[2025.12.16-20.08.30:252][ 42]LogUObjectHash: Compacting FUObjectHashTables data took   1.83ms
[2025.12.16-20.08.31:683][122]LogUObjectHash: Compacting FUObjectHashTables data took   1.90ms
[2025.12.16-20.08.33:445][222]LogUObjectHash: Compacting FUObjectHashTables data took   1.91ms
[2025.12.16-20.08.45:032][904]LogUObjectHash: Compacting FUObjectHashTables data took   2.40ms
[2025.12.16-20.08.46:610][995]LogUObjectHash: Compacting FUObjectHashTables data took   1.92ms
[2025.12.16-20.08.48:085][ 80]LogUObjectHash: Compacting FUObjectHashTables data took   1.94ms
[2025.12.16-20.08.49:363][152]LogUObjectHash: Compacting FUObjectHashTables data took   1.92ms
[2025.12.16-20.08.50:745][230]LogUObjectHash: Compacting FUObjectHashTables data took   1.87ms
[2025.12.16-20.09.14:414][621]BlueprintLog: New page: Compile FirstLevel
[2025.12.16-20.09.14:472][621]LogUObjectHash: Compacting FUObjectHashTables data took   2.81ms
[2025.12.16-20.09.14:997][646]LogUObjectHash: Compacting FUObjectHashTables data took   2.38ms
[2025.12.16-20.09.15:027][646]LogSavePackage: Moving '../../../../../../WORKPLACE/Mini_laboratory/MEPhI_VR_term_1/Mini_laboratory/Saved/FirstLevelB94CF43D4AD8C6D3DCD7669A71C13675.tmp' to '../../../../../../WORKPLACE/Mini_laboratory/MEPhI_VR_term_1/Mini_laboratory/Content/Workplace/Maps/FirstLevel.umap'
[2025.12.16-20.09.15:032][646]LogFileHelpers: Saving map 'FirstLevel' took 0.069
[2025.12.16-20.09.15:078][646]AssetCheck: New page: Asset Save: FirstLevel
[2025.12.16-20.09.15:078][646]LogContentValidation: Display: Validating World /Game/Workplace/Maps/FirstLevel.FirstLevel
[2025.12.16-20.09.15:383][665]BlueprintLog: New page: Compile FirstLevel
[2025.12.16-20.09.15:442][665]LogUObjectHash: Compacting FUObjectHashTables data took   2.72ms
[2025.12.16-20.09.15:811][678]LogUObjectHash: Compacting FUObjectHashTables data took   2.40ms
[2025.12.16-20.09.15:842][678]LogSavePackage: Moving '../../../../../../WORKPLACE/Mini_laboratory/MEPhI_VR_term_1/Mini_laboratory/Saved/FirstLevelFEF887F8485A933D265D949B080B362B.tmp' to '../../../../../../WORKPLACE/Mini_laboratory/MEPhI_VR_term_1/Mini_laboratory/Content/Workplace/Maps/FirstLevel.umap'
[2025.12.16-20.09.15:846][678]LogFileHelpers: Saving map 'FirstLevel' took 0.069
[2025.12.16-20.09.15:863][678]AssetCheck: New page: Asset Save: FirstLevel
[2025.12.16-20.09.15:863][678]LogContentValidation: Display: Validating World /Game/Workplace/Maps/FirstLevel.FirstLevel
[2025.12.16-20.09.16:142][694]BlueprintLog: New page: Compile FirstLevel
[2025.12.16-20.09.16:203][694]LogUObjectHash: Compacting FUObjectHashTables data took   2.82ms
[2025.12.16-20.09.16:985][728]LogUObjectHash: Compacting FUObjectHashTables data took   2.42ms
[2025.12.16-20.09.17:015][728]LogSavePackage: Moving '../../../../../../WORKPLACE/Mini_laboratory/MEPhI_VR_term_1/Mini_laboratory/Saved/FirstLevel1E415DC6485ACB6A6EB8D680F1FB5474.tmp' to '../../../../../../WORKPLACE/Mini_laboratory/MEPhI_VR_term_1/Mini_laboratory/Content/Workplace/Maps/FirstLevel.umap'
[2025.12.16-20.09.17:020][728]LogFileHelpers: Saving map 'FirstLevel' took 0.076
[2025.12.16-20.09.17:036][728]AssetCheck: New page: Asset Save: FirstLevel
[2025.12.16-20.09.17:037][728]LogContentValidation: Display: Validating World /Game/Workplace/Maps/FirstLevel.FirstLevel
[2025.12.16-20.09.50:047][614]LogUObjectHash: Compacting FUObjectHashTables data took   0.59ms
[2025.12.16-20.09.50:100][614]LogUObjectHash: Compacting FUObjectHashTables data took   0.56ms
[2025.12.16-20.09.50:131][614]LogSavePackage: Moving '../../../../../../WORKPLACE/Mini_laboratory/MEPhI_VR_term_1/Mini_laboratory/Saved/FirstLevel71E9FAC5438082D2B866CF8B12A657EB.tmp' to '../../../../../../WORKPLACE/Mini_laboratory/MEPhI_VR_term_1/Mini_laboratory/Content/Workplace/Maps/FirstLevel.umap'
[2025.12.16-20.09.50:135][614]LogFileHelpers: Saving map 'FirstLevel' took 0.066
[2025.12.16-20.09.50:155][614]AssetCheck: New page: Asset Save: FirstLevel
[2025.12.16-20.09.50:155][614]LogContentValidation: Display: Validating World /Game/Workplace/Maps/FirstLevel.FirstLevel
[2025.12.16-20.10.22:640][520]BlueprintLog: New page: Compile FirstLevel
[2025.12.16-20.10.22:684][520]LogBlueprint: Error: [AssetLog] D:\WORKPLACE\Mini_laboratory\MEPhI_VR_term_1\Mini_laboratory\Content\Workplace\Maps\FirstLevel.umap: [Compiler] Message node  Start Print  must have a valid target or reference to self.
[2025.12.16-20.10.22:736][520]LogUObjectHash: Compacting FUObjectHashTables data took   2.97ms
[2025.12.16-20.10.23:576][564]LogUObjectHash: Compacting FUObjectHashTables data took   2.53ms
[2025.12.16-20.10.23:608][564]LogSavePackage: Moving '../../../../../../WORKPLACE/Mini_laboratory/MEPhI_VR_term_1/Mini_laboratory/Saved/FirstLevelD426E98F4632F069B77F1CB5D659E79B.tmp' to '../../../../../../WORKPLACE/Mini_laboratory/MEPhI_VR_term_1/Mini_laboratory/Content/Workplace/Maps/FirstLevel.umap'
[2025.12.16-20.10.23:612][564]LogFileHelpers: Saving map 'FirstLevel' took 0.070
[2025.12.16-20.10.23:633][564]AssetCheck: New page: Asset Save: FirstLevel
[2025.12.16-20.10.23:633][564]LogContentValidation: Display: Validating World /Game/Workplace/Maps/FirstLevel.FirstLevel
[2025.12.16-20.10.44:030][751]LogSlate: Prevented a slow task dialog from being summoned while a context menu was open
[2025.12.16-20.10.44:048][751]LogEditorClassViewer: Warning: Class /Engine/Tutorial/InWorldBlueprintEditing/TutorialAssets/IWBE_Blutility.IWBE_Blutility_C has parent /Script/Blutility.PlacedEditorUtilityBase, but this parent is not found. The Class will not be shown in ClassViewer.
[2025.12.16-20.11.03:353][648]BlueprintLog: New page: Compile FirstLevel
[2025.12.16-20.11.03:357][648]LogBlueprint: Error: [AssetLog] D:\WORKPLACE\Mini_laboratory\MEPhI_VR_term_1\Mini_laboratory\Content\Workplace\Maps\FirstLevel.umap: [Compiler] Message node  Start Print  must have a valid target or reference to self.
[2025.12.16-20.11.03:408][648]LogUObjectHash: Compacting FUObjectHashTables data took   2.71ms
[2025.12.16-20.11.03:927][671]LogUObjectHash: Compacting FUObjectHashTables data took   2.39ms
[2025.12.16-20.11.03:958][671]LogSavePackage: Moving '../../../../../../WORKPLACE/Mini_laboratory/MEPhI_VR_term_1/Mini_laboratory/Saved/FirstLevelC7FD1135476F6674175E95B8C41ADF97.tmp' to '../../../../../../WORKPLACE/Mini_laboratory/MEPhI_VR_term_1/Mini_laboratory/Content/Workplace/Maps/FirstLevel.umap'
[2025.12.16-20.11.03:962][671]LogFileHelpers: Saving map 'FirstLevel' took 0.068
[2025.12.16-20.11.03:980][671]AssetCheck: New page: Asset Save: FirstLevel
[2025.12.16-20.11.03:980][671]LogContentValidation: Display: Validating World /Game/Workplace/Maps/FirstLevel.FirstLevel
[2025.12.16-20.11.06:974][845]BlueprintLog: New page: Compile FirstLevel
[2025.12.16-20.11.07:032][845]LogUObjectHash: Compacting FUObjectHashTables data took   2.77ms
[2025.12.16-20.11.07:456][864]LogUObjectHash: Compacting FUObjectHashTables data took   2.29ms
[2025.12.16-20.11.07:487][864]LogSavePackage: Moving '../../../../../../WORKPLACE/Mini_laboratory/MEPhI_VR_term_1/Mini_laboratory/Saved/FirstLevelA22ECC59413D63D30FB255A9F5A18902.tmp' to '../../../../../../WORKPLACE/Mini_laboratory/MEPhI_VR_term_1/Mini_laboratory/Content/Workplace/Maps/FirstLevel.umap'
[2025.12.16-20.11.07:491][864]LogFileHelpers: Saving map 'FirstLevel' took 0.069
[2025.12.16-20.11.07:511][864]AssetCheck: New page: Asset Save: FirstLevel
[2025.12.16-20.11.07:511][864]LogContentValidation: Display: Validating World /Game/Workplace/Maps/FirstLevel.FirstLevel
[2025.12.16-20.11.14:272][256]BlueprintLog: New page: Compile FirstLevel
[2025.12.16-20.11.14:327][256]LogUObjectHash: Compacting FUObjectHashTables data took   2.69ms
[2025.12.16-20.11.14:918][282]LogUObjectHash: Compacting FUObjectHashTables data took   2.38ms
[2025.12.16-20.11.14:950][282]LogSavePackage: Moving '../../../../../../WORKPLACE/Mini_laboratory/MEPhI_VR_term_1/Mini_laboratory/Saved/FirstLevel034A3A30493FA9FD81098FB92CC070A6.tmp' to '../../../../../../WORKPLACE/Mini_laboratory/MEPhI_VR_term_1/Mini_laboratory/Content/Workplace/Maps/FirstLevel.umap'
[2025.12.16-20.11.14:954][282]LogFileHelpers: Saving map 'FirstLevel' took 0.069
[2025.12.16-20.11.14:971][282]AssetCheck: New page: Asset Save: FirstLevel
[2025.12.16-20.11.14:971][282]LogContentValidation: Display: Validating World /Game/Workplace/Maps/FirstLevel.FirstLevel
[2025.12.16-20.11.18:115][452]LogUObjectHash: Compacting FUObjectHashTables data took   0.59ms
[2025.12.16-20.11.56:057][725]BlueprintLog: New page: Compile BP_3DPrinter
[2025.12.16-20.11.56:111][725]LogUObjectHash: Compacting FUObjectHashTables data took   2.90ms
[2025.12.16-20.11.56:686][754]LogSavePackage: Moving '../../../../../../WORKPLACE/Mini_laboratory/MEPhI_VR_term_1/Mini_laboratory/Saved/BP_3DPrinterF3C7E25A41EB4794B153DE86648DF779.tmp' to '../../../../../../WORKPLACE/Mini_laboratory/MEPhI_VR_term_1/Mini_laboratory/Content/Workplace/Blueprints/BP_3DPrinter.uasset'
[2025.12.16-20.11.56:705][754]AssetCheck: New page: Asset Save: BP_3DPrinter
[2025.12.16-20.11.56:705][754]LogContentValidation: Display: Validating Blueprint /Game/Workplace/Blueprints/BP_3DPrinter.BP_3DPrinter
[2025.12.16-20.11.57:142][781]BlueprintLog: New page: Compile BP_3DPrinter
[2025.12.16-20.11.57:196][781]LogUObjectHash: Compacting FUObjectHashTables data took   3.34ms
[2025.12.16-20.11.57:600][801]LogSavePackage: Moving '../../../../../../WORKPLACE/Mini_laboratory/MEPhI_VR_term_1/Mini_laboratory/Saved/BP_3DPrinter3C2133DB419F18D1C6BCDB8E3BB50CEF.tmp' to '../../../../../../WORKPLACE/Mini_laboratory/MEPhI_VR_term_1/Mini_laboratory/Content/Workplace/Blueprints/BP_3DPrinter.uasset'
[2025.12.16-20.11.57:656][801]AssetCheck: New page: Asset Save: BP_3DPrinter
[2025.12.16-20.11.57:656][801]LogContentValidation: Display: Validating Blueprint /Game/Workplace/Blueprints/BP_3DPrinter.BP_3DPrinter
[2025.12.16-20.11.57:963][820]BlueprintLog: New page: Compile BP_3DPrinter
[2025.12.16-20.11.58:015][820]LogUObjectHash: Compacting FUObjectHashTables data took   3.27ms
[2025.12.16-20.11.58:610][848]LogSavePackage: Moving '../../../../../../WORKPLACE/Mini_laboratory/MEPhI_VR_term_1/Mini_laboratory/Saved/BP_3DPrinter44A239BC42FFCE13A4BA5781FC643C35.tmp' to '../../../../../../WORKPLACE/Mini_laboratory/MEPhI_VR_term_1/Mini_laboratory/Content/Workplace/Blueprints/BP_3DPrinter.uasset'
[2025.12.16-20.11.58:626][848]AssetCheck: New page: Asset Save: BP_3DPrinter
[2025.12.16-20.11.58:626][848]LogContentValidation: Display: Validating Blueprint /Game/Workplace/Blueprints/BP_3DPrinter.BP_3DPrinter
[2025.12.16-20.11.58:964][869]BlueprintLog: New page: Compile BP_3DPrinter
[2025.12.16-20.11.59:016][869]LogUObjectHash: Compacting FUObjectHashTables data took   3.22ms
[2025.12.16-20.11.59:446][890]LogSavePackage: Moving '../../../../../../WORKPLACE/Mini_laboratory/MEPhI_VR_term_1/Mini_laboratory/Saved/BP_3DPrinterC8842D5C4BFCCC4446BC788EA38D5382.tmp' to '../../../../../../WORKPLACE/Mini_laboratory/MEPhI_VR_term_1/Mini_laboratory/Content/Workplace/Blueprints/BP_3DPrinter.uasset'
[2025.12.16-20.11.59:495][890]AssetCheck: New page: Asset Save: BP_3DPrinter
[2025.12.16-20.11.59:495][890]LogContentValidation: Display: Validating Blueprint /Game/Workplace/Blueprints/BP_3DPrinter.BP_3DPrinter
[2025.12.16-20.11.59:782][908]BlueprintLog: New page: Compile BP_3DPrinter
[2025.12.16-20.11.59:834][908]LogUObjectHash: Compacting FUObjectHashTables data took   3.28ms
[2025.12.16-20.12.00:310][932]LogSavePackage: Moving '../../../../../../WORKPLACE/Mini_laboratory/MEPhI_VR_term_1/Mini_laboratory/Saved/BP_3DPrinter37ADF9134FBE78492ED79F93F9DC75C1.tmp' to '../../../../../../WORKPLACE/Mini_laboratory/MEPhI_VR_term_1/Mini_laboratory/Content/Workplace/Blueprints/BP_3DPrinter.uasset'
[2025.12.16-20.12.00:329][932]AssetCheck: New page: Asset Save: BP_3DPrinter
[2025.12.16-20.12.00:329][932]LogContentValidation: Display: Validating Blueprint /Game/Workplace/Blueprints/BP_3DPrinter.BP_3DPrinter
[2025.12.16-20.12.03:453][116]LogWorld: UWorld::CleanupWorld for World_10, bSessionEnded=true, bCleanupResources=true
[2025.12.16-20.12.03:453][116]LogSlate: InvalidateAllWidgets triggered.  All widgets were invalidated
[2025.12.16-20.12.07:500][292]LogUObjectHash: Compacting FUObjectHashTables data took   3.70ms
[2025.12.16-20.12.07:891][292]LogUObjectHash: Compacting FUObjectHashTables data took   3.98ms
[2025.12.16-20.12.07:928][292]LogSavePackage: Moving '../../../../../../WORKPLACE/Mini_laboratory/MEPhI_VR_term_1/Mini_laboratory/Saved/FirstLevel4624B66140CB42FD17BF9FBA670318D5.tmp' to '../../../../../../WORKPLACE/Mini_laboratory/MEPhI_VR_term_1/Mini_laboratory/Content/Workplace/Maps/FirstLevel.umap'
[2025.12.16-20.12.07:932][292]LogFileHelpers: Saving map 'FirstLevel' took 0.406
[2025.12.16-20.12.07:964][292]AssetCheck: New page: Asset Save: FirstLevel
[2025.12.16-20.12.07:964][292]LogContentValidation: Display: Validating World /Game/Workplace/Maps/FirstLevel.FirstLevel
[2025.12.16-20.12.09:322][370]LogWorld: UWorld::CleanupWorld for World_107, bSessionEnded=true, bCleanupResources=true
[2025.12.16-20.12.09:322][370]LogSlate: InvalidateAllWidgets triggered.  All widgets were invalidated
[2025.12.16-20.12.13:138][576]LogUObjectHash: Compacting FUObjectHashTables data took   2.10ms
[2025.12.16-20.12.14:218][640]LogWorld: UWorld::CleanupWorld for World_110, bSessionEnded=true, bCleanupResources=true
[2025.12.16-20.12.14:218][640]LogSlate: InvalidateAllWidgets triggered.  All widgets were invalidated
[2025.12.16-20.12.17:208][813]LogUObjectHash: Compacting FUObjectHashTables data took   1.78ms
[2025.12.16-20.12.18:333][877]LogActorComponent: UnregisterComponent: (/Engine/Transient.EditorFloorComp) Not registered. Aborting.
[2025.12.16-20.12.18:333][877]LogWorld: UWorld::CleanupWorld for World_111, bSessionEnded=true, bCleanupResources=true
[2025.12.16-20.12.18:333][877]LogSlate: InvalidateAllWidgets triggered.  All widgets were invalidated
[2025.12.16-20.12.23:971][193]LogUObjectHash: Compacting FUObjectHashTables data took   2.63ms
[2025.12.16-20.12.24:004][193]LogAssetEditorSubsystem: Opening Asset editor for World /Game/Workplace/Maps/StartMenu.StartMenu
[2025.12.16-20.12.24:004][193]Cmd: MAP LOAD FILE="../../../../../../WORKPLACE/Mini_laboratory/MEPhI_VR_term_1/Mini_laboratory/Content/Workplace/Maps/StartMenu.umap" TEMPLATE=0 SHOWPROGRESS=1 FEATURELEVEL=3
[2025.12.16-20.12.24:004][193]LightingResults: New page: Lighting Build
[2025.12.16-20.12.24:004][193]LoadErrors: New page: Loading map: StartMenu.umap
[2025.12.16-20.12.24:007][193]LogWorld: UWorld::CleanupWorld for FirstLevel, bSessionEnded=true, bCleanupResources=true
[2025.12.16-20.12.24:007][193]LogSlate: InvalidateAllWidgets triggered.  All widgets were invalidated
[2025.12.16-20.12.24:007][193]MapCheck: New page: Map Check
[2025.12.16-20.12.24:008][193]LightingResults: New page: Lighting Build
[2025.12.16-20.12.24:024][193]LogAudio: Display: Audio Device unregistered from world 'None'.
[2025.12.16-20.12.24:028][193]LogUObjectHash: Compacting FUObjectHashTables data took   1.96ms
[2025.12.16-20.12.24:029][193]LogAudio: Display: Audio Device (ID: 1) registered with world 'StartMenu'.
[2025.12.16-20.12.24:050][193]LogEditorServer: Finished looking for orphan Actors (0.000 secs)
[2025.12.16-20.12.24:050][193]LogAIModule: Creating AISystem for world StartMenu
[2025.12.16-20.12.24:068][193]LogUObjectHash: Compacting FUObjectHashTables data took   1.66ms
[2025.12.16-20.12.24:071][193]Cmd: MAP CHECKDEP NOCLEARLOG
[2025.12.16-20.12.24:072][193]MapCheck: Map check complete: 0 Error(s), 0 Warning(s), took 0,062ms to complete.
[2025.12.16-20.12.24:072][193]LogFileHelpers: Loading map 'StartMenu' took 0.067
[2025.12.16-20.12.26:188][313]LogTemp: Repeating last play command: New Editor Window (PIE)
[2025.12.16-20.12.26:193][313]LogPlayLevel: PlayLevel: No blueprints needed recompiling
[2025.12.16-20.12.26:193][313]PIE: New page: PIE session: StartMenu (17 дек. 2025 г., 02:12:26)
[2025.12.16-20.12.26:196][313]LogPlayLevel: Creating play world package: /Game/Workplace/Maps/UEDPIE_0_StartMenu
[2025.12.16-20.12.26:197][313]LogPlayLevel: PIE: StaticDuplicateObject took: (0.000899s)
[2025.12.16-20.12.26:198][313]LogAIModule: Creating AISystem for world StartMenu
[2025.12.16-20.12.26:198][313]LogPlayLevel: PIE: World Init took: (0.000817s)
[2025.12.16-20.12.26:198][313]LogPlayLevel: PIE: Created PIE world by copying editor world from /Game/Workplace/Maps/StartMenu.StartMenu to /Game/Workplace/Maps/UEDPIE_0_StartMenu.StartMenu (0.001804s)
[2025.12.16-20.12.26:218][313]LogUObjectHash: Compacting FUObjectHashTables data took   3.03ms
[2025.12.16-20.12.26:219][313]LogAudio: Display: Creating Audio Device:                 Id: 23, Scope: Unique, Realtime: True
[2025.12.16-20.12.26:219][313]LogAudioMixer: Display: Audio Mixer Platform Settings:
[2025.12.16-20.12.26:219][313]LogAudioMixer: Display: 	Sample Rate:						  48000
[2025.12.16-20.12.26:219][313]LogAudioMixer: Display: 	Callback Buffer Frame Size Requested: 1024
[2025.12.16-20.12.26:219][313]LogAudioMixer: Display: 	Callback Buffer Frame Size To Use:	  1024
[2025.12.16-20.12.26:219][313]LogAudioMixer: Display: 	Number of buffers to queue:			  2
[2025.12.16-20.12.26:219][313]LogAudioMixer: Display: 	Max Channels (voices):				  32
[2025.12.16-20.12.26:219][313]LogAudioMixer: Display: 	Number of Async Source Workers:		  0
[2025.12.16-20.12.26:219][313]LogAudio: Display: AudioDevice MaxSources: 32
[2025.12.16-20.12.26:220][313]LogAudio: Display: Audio Spatialization Plugin: None (built-in).
[2025.12.16-20.12.26:220][313]LogAudio: Display: Audio Reverb Plugin: None (built-in).
[2025.12.16-20.12.26:220][313]LogAudio: Display: Audio Occlusion Plugin: None (built-in).
[2025.12.16-20.12.26:220][313]LogAudioMixer: Display: Initializing audio mixer.
[2025.12.16-20.12.26:223][313]LogAudioMixer: Display: 0: FrontLeft
[2025.12.16-20.12.26:223][313]LogAudioMixer: Display: 1: FrontRight
[2025.12.16-20.12.26:236][313]LogAudioMixer: Display: Using Audio Device Динамики (Realtek(R) Audio)
[2025.12.16-20.12.26:236][313]LogAudioMixer: Display: Initializing Sound Submixes...
[2025.12.16-20.12.26:236][313]LogAudioMixer: Display: Creating Master Submix 'MasterSubmixDefault'
[2025.12.16-20.12.26:236][313]LogAudioMixer: Display: Creating Master Submix 'MasterReverbSubmixDefault'
[2025.12.16-20.12.26:239][313]LogAudioMixer: Display: Creating Master Submix 'MasterEQSubmixDefault'
[2025.12.16-20.12.26:239][313]LogAudioMixer: FMixerPlatformXAudio2::StartAudioStream() called
[2025.12.16-20.12.26:239][313]LogAudioMixer: Display: Output buffers initialized: Frames=1024, Channels=2, Samples=2048
[2025.12.16-20.12.26:240][313]LogAudioMixer: Display: Starting AudioMixerPlatformInterface::RunInternal()
[2025.12.16-20.12.26:240][313]LogAudioMixer: Display: FMixerPlatformXAudio2::SubmitBuffer() called for the first time
[2025.12.16-20.12.26:240][313]LogInit: FAudioDevice initialized.
[2025.12.16-20.12.26:240][313]LogAudio: Display: Audio Device (ID: 23) registered with world 'StartMenu'.
[2025.12.16-20.12.26:271][313]LogSlate: Updating window title bar state: overlay mode, drag disabled, window buttons hidden, title bar hidden
[2025.12.16-20.12.26:271][313]LogLoad: Game class is 'BP_GameMode_C'
[2025.12.16-20.12.26:272][313]LogWorld: Bringing World /Game/Workplace/Maps/UEDPIE_0_StartMenu.StartMenu up for play (max tick rate 60) at 2025.12.16-23.12.26
[2025.12.16-20.12.26:272][313]LogWorld: Bringing up level for play took: 0.000308
[2025.12.16-20.12.26:272][313]LogOnline: OSS: Creating online subsystem instance for: :Context_64
[2025.12.16-20.12.26:274][313]LogSpawn: Warning: SpawnActor failed because no class was specified
[2025.12.16-20.12.26:276][313]LogPlayerController: Error: InputMode:UIOnly - Attempting to focus Non-Focusable widget SObjectWidget [Widget.cpp(799)]!
[2025.12.16-20.12.26:276][313]LogViewport: Display: Viewport MouseLockMode Changed, LockOnCapture -> DoNotLock
[2025.12.16-20.12.26:276][313]LogViewport: Display: Viewport MouseCaptureMode Changed, CapturePermanently_IncludingInitialMouseDown -> NoCapture
[2025.12.16-20.12.26:277][313]PIE: Server logged in
[2025.12.16-20.12.26:278][313]PIE: Play in editor total start time 0,085 seconds.
[2025.12.16-20.12.27:145][360]LogViewport: Display: Viewport MouseLockMode Changed, DoNotLock -> LockOnCapture
[2025.12.16-20.12.27:145][360]LogViewport: Display: Viewport MouseCaptureMode Changed, NoCapture -> CapturePermanently
[2025.12.16-20.12.27:146][360]LogNet: Browse: /Game/Workplace/Maps/FirstLevel
[2025.12.16-20.12.27:146][360]LogLoad: LoadMap: /Game/Workplace/Maps/FirstLevel
[2025.12.16-20.12.27:146][360]LogWorld: BeginTearingDown for /Game/Workplace/Maps/UEDPIE_0_StartMenu
[2025.12.16-20.12.27:146][360]LogWorld: UWorld::CleanupWorld for StartMenu, bSessionEnded=true, bCleanupResources=true
[2025.12.16-20.12.27:147][360]LogSlate: InvalidateAllWidgets triggered.  All widgets were invalidated
[2025.12.16-20.12.27:197][360]LogAudio: Display: Audio Device unregistered from world 'None'.
[2025.12.16-20.12.27:200][360]LogUObjectHash: Compacting FUObjectHashTables data took   1.60ms
[2025.12.16-20.12.27:228][360]LogAudio: Display: Audio Device (ID: 23) registered with world 'FirstLevel'.
[2025.12.16-20.12.27:229][360]LogAIModule: Creating AISystem for world FirstLevel
[2025.12.16-20.12.27:229][360]LogLoad: Game class is 'BP_GameMode_C'
[2025.12.16-20.12.27:237][360]LogWorld: Bringing World /Game/Workplace/Maps/UEDPIE_0_FirstLevel.FirstLevel up for play (max tick rate 60) at 2025.12.16-23.12.27
[2025.12.16-20.12.27:237][360]LogWorld: Bringing up level for play took: 0.007059
[2025.12.16-20.12.27:237][360]LogSpawn: Warning: SpawnActor failed because no class was specified
[2025.12.16-20.12.27:238][360]LogLoad: Took 0.092669 seconds to LoadMap(/Game/Workplace/Maps/FirstLevel)
[2025.12.16-20.12.30:826][575]LogNet: Browse: /Game/Workplace/Maps/FirstLevel
[2025.12.16-20.12.30:826][575]LogLoad: LoadMap: /Game/Workplace/Maps/FirstLevel
[2025.12.16-20.12.30:826][575]LogWorld: BeginTearingDown for /Game/Workplace/Maps/UEDPIE_0_FirstLevel
[2025.12.16-20.12.30:826][575]LogWorld: UWorld::CleanupWorld for FirstLevel, bSessionEnded=true, bCleanupResources=true
[2025.12.16-20.12.30:827][575]LogSlate: InvalidateAllWidgets triggered.  All widgets were invalidated
[2025.12.16-20.12.30:843][575]LogAudio: Display: Audio Device unregistered from world 'None'.
[2025.12.16-20.12.30:846][575]LogUObjectHash: Compacting FUObjectHashTables data took   1.65ms
[2025.12.16-20.12.30:866][575]LogAudio: Display: Audio Device (ID: 23) registered with world 'FirstLevel'.
[2025.12.16-20.12.30:866][575]LogAIModule: Creating AISystem for world FirstLevel
[2025.12.16-20.12.30:867][575]LogLoad: Game class is 'BP_GameMode_C'
[2025.12.16-20.12.30:900][575]LogWorld: Bringing World /Game/Workplace/Maps/UEDPIE_0_FirstLevel.FirstLevel up for play (max tick rate 60) at 2025.12.16-23.12.30
[2025.12.16-20.12.30:901][575]LogWorld: Bringing up level for play took: 0.033476
[2025.12.16-20.12.30:901][575]LogSpawn: Warning: SpawnActor failed because no class was specified
[2025.12.16-20.12.30:902][575]LogLoad: Took 0.076225 seconds to LoadMap(/Game/Workplace/Maps/FirstLevel)
[2025.12.16-20.12.53:678][941]LogNet: Browse: /Game/Workplace/Maps/FirstLevel
[2025.12.16-20.12.53:678][941]LogLoad: LoadMap: /Game/Workplace/Maps/FirstLevel
[2025.12.16-20.12.53:678][941]LogWorld: BeginTearingDown for /Game/Workplace/Maps/UEDPIE_0_FirstLevel
[2025.12.16-20.12.53:679][941]LogWorld: UWorld::CleanupWorld for FirstLevel, bSessionEnded=true, bCleanupResources=true
[2025.12.16-20.12.53:679][941]LogSlate: InvalidateAllWidgets triggered.  All widgets were invalidated
[2025.12.16-20.12.53:695][941]LogAudio: Display: Audio Device unregistered from world 'None'.
[2025.12.16-20.12.53:698][941]LogUObjectHash: Compacting FUObjectHashTables data took   1.68ms
[2025.12.16-20.12.53:718][941]LogAudio: Display: Audio Device (ID: 23) registered with world 'FirstLevel'.
[2025.12.16-20.12.53:719][941]LogAIModule: Creating AISystem for world FirstLevel
[2025.12.16-20.12.53:719][941]LogLoad: Game class is 'BP_GameMode_C'
[2025.12.16-20.12.53:781][941]LogWorld: Bringing World /Game/Workplace/Maps/UEDPIE_0_FirstLevel.FirstLevel up for play (max tick rate 60) at 2025.12.16-23.12.53
[2025.12.16-20.12.53:782][941]LogWorld: Bringing up level for play took: 0.062356
[2025.12.16-20.12.53:782][941]LogSpawn: Warning: SpawnActor failed because no class was specified
[2025.12.16-20.12.53:783][941]LogLoad: Took 0.104606 seconds to LoadMap(/Game/Workplace/Maps/FirstLevel)
[2025.12.16-20.13.27:169][939]LogSlate: Updating window title bar state: overlay mode, drag disabled, window buttons hidden, title bar hidden
[2025.12.16-20.13.27:169][939]LogWorld: BeginTearingDown for /Game/Workplace/Maps/UEDPIE_0_FirstLevel
[2025.12.16-20.13.27:170][939]LogSlate: Window 'Mini_laboratory Preview [NetMode: Standalone]  (64-bit/Windows) ' being destroyed
[2025.12.16-20.13.27:174][939]LogWorld: UWorld::CleanupWorld for FirstLevel, bSessionEnded=true, bCleanupResources=true
[2025.12.16-20.13.27:175][939]LogSlate: InvalidateAllWidgets triggered.  All widgets were invalidated
[2025.12.16-20.13.27:184][939]LogPlayLevel: Display: Shutting down PIE online subsystems
[2025.12.16-20.13.27:190][939]LogSlate: InvalidateAllWidgets triggered.  All widgets were invalidated
[2025.12.16-20.13.27:211][939]LogAudioMixer: FMixerPlatformXAudio2::StopAudioStream() called
[2025.12.16-20.13.27:211][939]LogAudioMixer: FMixerPlatformXAudio2::StopAudioStream() called
[2025.12.16-20.13.27:215][939]LogUObjectHash: Compacting FUObjectHashTables data took   1.66ms
[2025.12.16-20.13.27:281][942]LogPlayLevel: Display: Destroying online subsystem :Context_64
[2025.12.16-20.13.30:305][118]LogUObjectHash: Compacting FUObjectHashTables data took   1.62ms
[2025.12.16-20.13.31:243][173]LogUObjectHash: Compacting FUObjectHashTables data took   1.29ms
[2025.12.16-20.13.31:321][173]LogSlate: Window 'Mini_laboratory - Unreal Editor' being destroyed
[2025.12.16-20.13.31:811][174]Cmd: QUIT_EDITOR
[2025.12.16-20.13.31:812][174]LogCore: Engine exit requested (reason: UUnrealEdEngine::CloseEditor())
[2025.12.16-20.13.31:828][174]LogCore: Engine exit requested (reason: EngineExit() was called; note: exit was already requested)
[2025.12.16-20.13.32:065][174]LogAudio: Display: Beginning Audio Device Manager Shutdown (Module: AudioMixerXAudio2)...
[2025.12.16-20.13.32:065][174]LogAudio: Display: Destroying 1 Remaining Audio Device(s)...
[2025.12.16-20.13.32:065][174]LogAudio: Display: Audio Device unregistered from world 'StartMenu'.
[2025.12.16-20.13.32:065][174]LogAudioMixer: FMixerPlatformXAudio2::StopAudioStream() called
[2025.12.16-20.13.32:075][174]LogAudioMixer: FMixerPlatformXAudio2::StopAudioStream() called
[2025.12.16-20.13.32:175][174]LogAudio: Display: Audio Device Manager Shutdown
[2025.12.16-20.13.32:176][174]LogWindowsTextInputMethodSystem: Display: IME system deactivated.
[2025.12.16-20.13.32:196][174]LogExit: Preparing to exit.
[2025.12.16-20.13.32:248][174]LogUObjectHash: Compacting FUObjectHashTables data took   2.97ms
[2025.12.16-20.13.33:442][174]LogWorld: UWorld::CleanupWorld for World_0, bSessionEnded=true, bCleanupResources=true
[2025.12.16-20.13.33:444][174]LogWorld: UWorld::CleanupWorld for World_1, bSessionEnded=true, bCleanupResources=true
[2025.12.16-20.13.33:445][174]LogWorld: UWorld::CleanupWorld for World_2, bSessionEnded=true, bCleanupResources=true
[2025.12.16-20.13.33:445][174]LogWorld: UWorld::CleanupWorld for World_3, bSessionEnded=true, bCleanupResources=true
[2025.12.16-20.13.33:446][174]LogWorld: UWorld::CleanupWorld for World_4, bSessionEnded=true, bCleanupResources=true
[2025.12.16-20.13.33:447][174]LogWorld: UWorld::CleanupWorld for World_5, bSessionEnded=true, bCleanupResources=true
[2025.12.16-20.13.33:447][174]LogWorld: UWorld::CleanupWorld for World_6, bSessionEnded=true, bCleanupResources=true
[2025.12.16-20.13.33:449][174]LogWorld: UWorld::CleanupWorld for World_102, bSessionEnded=true, bCleanupResources=true
[2025.12.16-20.13.33:450][174]LogWorld: UWorld::CleanupWorld for World_32, bSessionEnded=true, bCleanupResources=true
[2025.12.16-20.13.33:452][174]LogWorld: UWorld::CleanupWorld for World_89, bSessionEnded=true, bCleanupResources=true
[2025.12.16-20.13.33:905][174]LogWorld: UWorld::CleanupWorld for None, bSessionEnded=true, bCleanupResources=true
[2025.12.16-20.13.33:906][174]LogExit: Editor shut down
[2025.12.16-20.13.33:914][174]LogExit: Transaction tracking system shut down
[2025.12.16-20.13.33:930][174]LogDemo: Cleaned up 0 splitscreen connections with owner deletion
[2025.12.16-20.13.36:133][174]LogExit: Object subsystem successfully closed.
[2025.12.16-20.13.36:167][174]LogShaderCompilers: Display: === FShaderJobCache stats ===
[2025.12.16-20.13.36:167][174]LogShaderCompilers: Display: Total job queries 258, among them cache hits 91 (35.27%)
[2025.12.16-20.13.36:167][174]LogShaderCompilers: Display: Tracking 92 distinct input hashes that result in 57 distinct outputs (61.96%)
[2025.12.16-20.13.36:168][174]LogShaderCompilers: Display: RAM used: 0.30 MB (0.00 GB) of 409.60 MB (0.40 GB) budget. Usage: 0.07%
[2025.12.16-20.13.36:168][174]LogShaderCompilers: Display: ================================================
[2025.12.16-20.13.36:244][174]LogShaderCompilers: Display: Shaders left to compile 0
[2025.12.16-20.13.36:701][174]LogModuleManager: Shutting down and abandoning module HierarchicalLODUtilities (880)
[2025.12.16-20.13.36:702][174]LogModuleManager: Shutting down and abandoning module SequencerWidgets (878)
[2025.12.16-20.13.36:702][174]LogModuleManager: Shutting down and abandoning module BlueprintGraph (876)
[2025.12.16-20.13.36:703][174]LogModuleManager: Shutting down and abandoning module MovieSceneCapture (874)
[2025.12.16-20.13.36:704][174]LogModuleManager: Shutting down and abandoning module Voice (872)
[2025.12.16-20.13.36:704][174]LogModuleManager: Shutting down and abandoning module HierarchicalLODOutliner (870)
[2025.12.16-20.13.36:705][174]LogModuleManager: Shutting down and abandoning module SceneOutliner (868)
[2025.12.16-20.13.36:705][174]LogModuleManager: Shutting down and abandoning module AddContentDialog (866)
[2025.12.16-20.13.36:749][174]LogModuleManager: Shutting down and abandoning module WidgetCarousel (865)
[2025.12.16-20.13.36:749][174]LogModuleManager: Shutting down and abandoning module EditorWidgets (862)
[2025.12.16-20.13.36:749][174]LogModuleManager: Shutting down and abandoning module StatsViewer (860)
[2025.12.16-20.13.36:750][174]LogModuleManager: Shutting down and abandoning module PIEPreviewDeviceProfileSelector (858)
[2025.12.16-20.13.36:752][174]LogModuleManager: Shutting down and abandoning module SequenceRecorderSections (856)
[2025.12.16-20.13.36:752][174]LogModuleManager: Shutting down and abandoning module AutomationWorker (854)
[2025.12.16-20.13.36:754][174]LogModuleManager: Shutting down and abandoning module SteamVREditor (852)
[2025.12.16-20.13.36:754][174]LogModuleManager: Shutting down and abandoning module OculusMR (850)
[2025.12.16-20.13.36:754][174]LogModuleManager: Shutting down and abandoning module OpenXRInput (848)
[2025.12.16-20.13.36:755][174]LogModuleManager: Shutting down and abandoning module TakeRecorderSources (846)
[2025.12.16-20.13.36:763][174]LogModuleManager: Shutting down and abandoning module TakeRecorder (845)
[2025.12.16-20.13.36:769][174]LogModuleManager: Shutting down and abandoning module TakeTrackRecorders (842)
[2025.12.16-20.13.36:769][174]LogModuleManager: Shutting down and abandoning module TakesCore (840)
[2025.12.16-20.13.36:770][174]LogModuleManager: Shutting down and abandoning module GooglePADEditor (838)
[2025.12.16-20.13.36:770][174]LogModuleManager: Shutting down and abandoning module AudioCaptureEditor (836)
[2025.12.16-20.13.36:770][174]LogModuleManager: Shutting down and abandoning module TemplateSequenceEditor (834)
[2025.12.16-20.13.36:775][174]LogModuleManager: Shutting down and abandoning module MatineeToLevelSequence (832)
[2025.12.16-20.13.36:776][174]LogModuleManager: Shutting down and abandoning module LevelSequenceEditor (830)
[2025.12.16-20.13.36:781][174]LogModuleManager: Shutting down and abandoning module ActorSequenceEditor (828)
[2025.12.16-20.13.36:784][174]LogModuleManager: Shutting down and abandoning module PlanarCut (826)
[2025.12.16-20.13.36:785][174]LogModuleManager: Shutting down and abandoning module MagicLeapMediaCodecFactory (824)
[2025.12.16-20.13.36:785][174]LogModuleManager: Shutting down and abandoning module MagicLeapMediaFactory (822)
[2025.12.16-20.13.36:785][174]LogModuleManager: Shutting down and abandoning module MagicLeapMediaEditor (820)
[2025.12.16-20.13.36:785][174]LogModuleManager: Shutting down and abandoning module WmfMediaFactory (818)
[2025.12.16-20.13.36:785][174]LogModuleManager: Shutting down and abandoning module WmfMediaEditor (816)
[2025.12.16-20.13.36:786][174]LogModuleManager: Shutting down and abandoning module WebMMediaFactory (814)
[2025.12.16-20.13.36:786][174]LogModuleManager: Shutting down and abandoning module WebMMediaEditor (812)
[2025.12.16-20.13.36:786][174]LogModuleManager: Shutting down and abandoning module WebMMedia (810)
[2025.12.16-20.13.36:787][174]LogModuleManager: Shutting down and abandoning module MediaPlayerEditor (808)
[2025.12.16-20.13.36:790][174]LogModuleManager: Shutting down and abandoning module MediaCompositingEditor (806)
[2025.12.16-20.13.36:792][174]LogModuleManager: Shutting down and abandoning module SequenceRecorder (805)
[2025.12.16-20.13.36:793][174]LogModuleManager: Shutting down and abandoning module OpenExrWrapper (802)
[2025.12.16-20.13.36:793][174]LogModuleManager: Shutting down and abandoning module ImgMediaFactory (800)
[2025.12.16-20.13.36:793][174]LogModuleManager: Shutting down and abandoning module ImgMediaEditor (798)
[2025.12.16-20.13.36:793][174]LogModuleManager: Shutting down and abandoning module AvfMediaFactory (796)
[2025.12.16-20.13.36:793][174]LogModuleManager: Shutting down and abandoning module AvfMediaEditor (794)
[2025.12.16-20.13.36:793][174]LogModuleManager: Shutting down and abandoning module CharacterAI (792)
[2025.12.16-20.13.36:793][174]LogModuleManager: Shutting down and abandoning module AndroidMediaFactory (790)
[2025.12.16-20.13.36:793][174]LogModuleManager: Shutting down and abandoning module AndroidMediaEditor (788)
[2025.12.16-20.13.36:793][174]LogModuleManager: Shutting down and abandoning module TextureAlignMode (786)
[2025.12.16-20.13.36:793][174]LogModuleManager: Shutting down and abandoning module BspMode (784)
[2025.12.16-20.13.36:794][174]LogModuleManager: Shutting down and abandoning module GeometryMode (782)
[2025.12.16-20.13.36:794][174]LogModuleManager: Shutting down and abandoning module SmartSnapping (780)
[2025.12.16-20.13.36:795][174]LogModuleManager: Shutting down and abandoning module CameraShakePreviewer (778)
[2025.12.16-20.13.36:796][174]LogModuleManager: Shutting down and abandoning module SessionServices (776)
[2025.12.16-20.13.36:796][174]LogModuleManager: Shutting down and abandoning module MeshPaint (774)
[2025.12.16-20.13.36:798][174]LogModuleManager: Shutting down and abandoning module VirtualTexturingEditor (772)
[2025.12.16-20.13.36:798][174]LogModuleManager: Shutting down and abandoning module FoliageEdit (770)
[2025.12.16-20.13.36:801][174]LogModuleManager: Shutting down and abandoning module LandscapeEditor (768)
[2025.12.16-20.13.36:805][174]LogModuleManager: Shutting down and abandoning module MeshPaintMode (766)
[2025.12.16-20.13.36:806][174]LogModuleManager: Shutting down and abandoning module SceneDepthPickerMode (764)
[2025.12.16-20.13.36:807][174]LogModuleManager: Shutting down and abandoning module ActorPickerMode (762)
[2025.12.16-20.13.36:807][174]LogModuleManager: Shutting down and abandoning module PlacementMode (760)
[2025.12.16-20.13.36:807][174]LogModuleManager: Shutting down and abandoning module ViewportSnapping (758)
[2025.12.16-20.13.36:807][174]LogModuleManager: Shutting down and abandoning module ViewportInteraction (756)
[2025.12.16-20.13.36:807][174]LogModuleManager: Shutting down and abandoning module ClothPainter (754)
[2025.12.16-20.13.36:810][174]LogModuleManager: Shutting down and abandoning module SkeletalMeshEditor (753)
[2025.12.16-20.13.36:812][174]LogModuleManager: Shutting down and abandoning module LogVisualizer (750)
[2025.12.16-20.13.36:816][174]LogModuleManager: Shutting down and abandoning module IntroTutorials (748)
[2025.12.16-20.13.36:824][174]LogModuleManager: Shutting down and abandoning module GameProjectGeneration (747)
[2025.12.16-20.13.36:825][174]LogModuleManager: Shutting down and abandoning module LuminPlatformEditor (744)
[2025.12.16-20.13.36:825][174]LogModuleManager: Shutting down and abandoning module IOSPlatformEditor (742)
[2025.12.16-20.13.36:826][174]LogModuleManager: Shutting down and abandoning module AndroidPlatformEditor (740)
[2025.12.16-20.13.36:826][174]LogModuleManager: Shutting down and abandoning module AndroidDeviceDetection (739)
[2025.12.16-20.13.37:761][174]LogModuleManager: Shutting down and abandoning module WindowsPlatformEditor (736)
[2025.12.16-20.13.37:761][174]LogModuleManager: Shutting down and abandoning module LuminRuntimeSettings (734)
[2025.12.16-20.13.37:761][174]LogModuleManager: Shutting down and abandoning module IOSRuntimeSettings (732)
[2025.12.16-20.13.37:761][174]LogModuleManager: Shutting down and abandoning module AndroidRuntimeSettings (730)
[2025.12.16-20.13.37:761][174]LogModuleManager: Shutting down and abandoning module TraceInsights (728)
[2025.12.16-20.13.37:769][174]MemoryProfiler: Shutdown
[2025.12.16-20.13.37:769][174]NetworkingProfiler: Shutdown
[2025.12.16-20.13.37:770][174]LoadingProfiler: Shutdown
[2025.12.16-20.13.37:771][174]TimingProfiler: Shutdown
[2025.12.16-20.13.37:776][174]LogModuleManager: Shutting down and abandoning module TraceServices (727)
[2025.12.16-20.13.37:778][174]LogModuleManager: Shutting down and abandoning module EditorInteractiveToolsFramework (724)
[2025.12.16-20.13.37:779][174]LogModuleManager: Shutting down and abandoning module TimeManagementEditor (722)
[2025.12.16-20.13.37:779][174]LogModuleManager: Shutting down and abandoning module InputBindingEditor (720)
[2025.12.16-20.13.37:780][174]LogModuleManager: Shutting down and abandoning module MergeActors (718)
[2025.12.16-20.13.37:782][174]LogModuleManager: Shutting down and abandoning module LocalizationDashboard (716)
[2025.12.16-20.13.37:783][174]LogModuleManager: Shutting down and abandoning module LocalizationService (715)
[2025.12.16-20.13.37:784][174]LogModuleManager: Shutting down and abandoning module HardwareTargeting (712)
[2025.12.16-20.13.37:784][174]LogModuleManager: Shutting down and abandoning module DeviceProfileEditor (710)
[2025.12.16-20.13.37:785][174]LogModuleManager: Shutting down and abandoning module UndoHistory (708)
[2025.12.16-20.13.37:786][174]LogModuleManager: Shutting down and abandoning module XmlParser (706)
[2025.12.16-20.13.37:786][174]LogModuleManager: Shutting down and abandoning module Blutility (704)
[2025.12.16-20.13.37:787][174]LogModuleManager: Shutting down and abandoning module ProjectSettingsViewer (702)
[2025.12.16-20.13.37:788][174]LogModuleManager: Shutting down and abandoning module ProjectTargetPlatformEditor (701)
[2025.12.16-20.13.37:793][174]LogModuleManager: Shutting down and abandoning module EditorSettingsViewer (698)
[2025.12.16-20.13.37:793][174]LogModuleManager: Shutting down and abandoning module InternationalizationSettings (697)
[2025.12.16-20.13.37:793][174]LogModuleManager: Shutting down and abandoning module SettingsEditor (694)
[2025.12.16-20.13.37:794][174]LogModuleManager: Shutting down and abandoning module ProjectLauncher (692)
[2025.12.16-20.13.37:795][174]LogModuleManager: Shutting down and abandoning module SessionFrontend (690)
[2025.12.16-20.13.37:795][174]LogModuleManager: Shutting down and abandoning module ProfilerClient (688)
[2025.12.16-20.13.37:795][174]LogModuleManager: Shutting down and abandoning module DeviceManager (686)
[2025.12.16-20.13.37:796][174]LogModuleManager: Shutting down and abandoning module TargetDeviceServices (685)
[2025.12.16-20.13.37:829][174]LogModuleManager: Shutting down and abandoning module AutomationController (682)
[2025.12.16-20.13.37:830][174]LogModuleManager: Shutting down and abandoning module AutomationWindow (680)
[2025.12.16-20.13.37:830][174]LogModuleManager: Shutting down and abandoning module Layers (678)
[2025.12.16-20.13.37:834][174]LogModuleManager: Shutting down and abandoning module ComponentVisualizers (676)
[2025.12.16-20.13.37:834][174]LogModuleManager: Shutting down and abandoning module DetailCustomizations (674)
[2025.12.16-20.13.37:834][174]LogModuleManager: Shutting down and abandoning module PackagesDialog (672)
[2025.12.16-20.13.37:835][174]LogModuleManager: Shutting down and abandoning module AnimationBlueprintEditor (670)
[2025.12.16-20.13.37:836][174]LogModuleManager: Shutting down and abandoning module Persona (668)
[2025.12.16-20.13.37:838][174]LogModuleManager: Shutting down and abandoning module AdvancedPreviewScene (667)
[2025.12.16-20.13.37:839][174]LogModuleManager: Shutting down and abandoning module AnimGraph (665)
[2025.12.16-20.13.37:839][174]LogModuleManager: Shutting down and abandoning module Kismet (662)
[2025.12.16-20.13.37:983][174]LogModuleManager: Shutting down and abandoning module KismetWidgets (661)
[2025.12.16-20.13.37:983][174]LogModuleManager: Shutting down and abandoning module GraphEditor (658)
[2025.12.16-20.13.37:984][174]LogModuleManager: Shutting down and abandoning module StructViewer (656)
[2025.12.16-20.13.37:985][174]LogModuleManager: Shutting down and abandoning module ClassViewer (654)
[2025.12.16-20.13.37:990][174]LogModuleManager: Shutting down and abandoning module Toolbox (652)
[2025.12.16-20.13.37:991][174]LogModuleManager: Shutting down and abandoning module ModuleUI (650)
[2025.12.16-20.13.37:991][174]LogModuleManager: Shutting down and abandoning module OutputLog (648)
[2025.12.16-20.13.38:101][174]LogModuleManager: Shutting down and abandoning module GammaUI (646)
[2025.12.16-20.13.38:102][174]LogModuleManager: Shutting down and abandoning module Documentation (644)
[2025.12.16-20.13.38:124][174]LogModuleManager: Shutting down and abandoning module LiveCoding (642)
[2025.12.16-20.13.38:126][174]LogModuleManager: Shutting down and abandoning module LevelSequence (640)
[2025.12.16-20.13.38:126][174]LogModuleManager: Shutting down and abandoning module MovieSceneTracks (638)
[2025.12.16-20.13.38:126][174]LogModuleManager: Shutting down and abandoning module MovieScene (636)
[2025.12.16-20.13.38:127][174]LogModuleManager: Shutting down and abandoning module StreamingPauseRendering (634)
[2025.12.16-20.13.38:127][174]LogModuleManager: Shutting down and abandoning module LauncherPlatform (632)
[2025.12.16-20.13.38:128][174]LogModuleManager: Shutting down and abandoning module AnalyticsET (630)
[2025.12.16-20.13.38:128][174]LogModuleManager: Shutting down and abandoning module PortalServices (628)
[2025.12.16-20.13.38:128][174]LogModuleManager: Shutting down and abandoning module PortalRpc (626)
[2025.12.16-20.13.38:128][174]LogModuleManager: Shutting down and abandoning module MessagingRpc (624)
[2025.12.16-20.13.38:128][174]LogModuleManager: Shutting down and abandoning module AudioMixerXAudio2 (622)
[2025.12.16-20.13.38:128][174]LogModuleManager: Shutting down and abandoning module AudioMixerCore (621)
[2025.12.16-20.13.38:128][174]LogModuleManager: Shutting down and abandoning module AIModule (618)
[2025.12.16-20.13.38:129][174]LogModuleManager: Shutting down and abandoning module GameplayDebugger (617)
[2025.12.16-20.13.38:129][174]LogModuleManager: Shutting down and abandoning module AITestSuite (615)
[2025.12.16-20.13.38:130][174]LogModuleManager: Shutting down and abandoning module NavigationSystem (613)
[2025.12.16-20.13.38:130][174]LogModuleManager: Shutting down and abandoning module ImageWriteQueue (610)
[2025.12.16-20.13.38:130][174]LogModuleManager: Shutting down and abandoning module ProfilerService (608)
[2025.12.16-20.13.38:234][174]LogModuleManager: Shutting down and abandoning module TaskGraph (606)
[2025.12.16-20.13.38:236][174]LogModuleManager: Shutting down and abandoning module AudioSynesthesiaEditor (604)
[2025.12.16-20.13.38:236][174]LogModuleManager: Shutting down and abandoning module OculusEditor (602)
[2025.12.16-20.13.38:248][174]LogModuleManager: Shutting down and abandoning module OculusInput (600)
[2025.12.16-20.13.38:248][174]LogModuleManager: Shutting down and abandoning module ContentBrowserFileDataSource (598)
[2025.12.16-20.13.38:248][174]LogModuleManager: Shutting down and abandoning module ContentBrowserClassDataSource (596)
[2025.12.16-20.13.38:248][174]LogModuleManager: Shutting down and abandoning module ContentBrowserAssetDataSource (594)
[2025.12.16-20.13.38:248][174]LogModuleManager: Shutting down and abandoning module CollectionManager (593)
[2025.12.16-20.13.38:253][174]LogModuleManager: Shutting down and abandoning module SynthesisEditor (590)
[2025.12.16-20.13.38:253][174]LogModuleManager: Shutting down and abandoning module Synthesis (588)
[2025.12.16-20.13.38:254][174]LogModuleManager: Shutting down and abandoning module ProceduralMeshComponentEditor (586)
[2025.12.16-20.13.38:255][174]LogModuleManager: Shutting down and abandoning module ProceduralMeshComponent (584)
[2025.12.16-20.13.38:255][174]LogModuleManager: Shutting down and abandoning module OpenXREditor (582)
[2025.12.16-20.13.38:256][174]LogModuleManager: Shutting down and abandoning module MobilePatchingUtils (580)
[2025.12.16-20.13.38:256][174]LogModuleManager: Shutting down and abandoning module TakeSequencer (578)
[2025.12.16-20.13.38:257][174]LogModuleManager: Shutting down and abandoning module TakeMovieScene (576)
[2025.12.16-20.13.38:257][174]LogModuleManager: Shutting down and abandoning module ScreenshotTools (574)
[2025.12.16-20.13.38:257][174]LogModuleManager: Shutting down and abandoning module GooglePAD (572)
[2025.12.16-20.13.38:257][174]LogModuleManager: Shutting down and abandoning module EditableMesh (570)
[2025.12.16-20.13.38:258][174]LogModuleManager: Shutting down and abandoning module CustomMeshComponent (568)
[2025.12.16-20.13.38:258][174]LogModuleManager: Shutting down and abandoning module CableComponent (566)
[2025.12.16-20.13.38:258][174]LogModuleManager: Shutting down and abandoning module AudioCapture (564)
[2025.12.16-20.13.38:258][174]LogModuleManager: Shutting down and abandoning module AudioCaptureRtAudio (563)
[2025.12.16-20.13.38:258][174]LogModuleManager: Shutting down and abandoning module ArchVisCharacter (560)
[2025.12.16-20.13.38:259][174]LogModuleManager: Shutting down and abandoning module AssetTags (558)
[2025.12.16-20.13.38:259][174]LogModuleManager: Shutting down and abandoning module AppleImageUtilsBlueprintSupport (556)
[2025.12.16-20.13.38:259][174]LogModuleManager: Shutting down and abandoning module AppleImageUtils (554)
[2025.12.16-20.13.38:259][174]LogModuleManager: Shutting down and abandoning module AndroidPermission (552)
[2025.12.16-20.13.38:259][174]LogModuleManager: Shutting down and abandoning module ActorLayerUtilitiesEditor (550)
[2025.12.16-20.13.38:260][174]LogModuleManager: Shutting down and abandoning module ActorLayerUtilities (548)
[2025.12.16-20.13.38:260][174]LogModuleManager: Shutting down and abandoning module TemplateSequence (546)
[2025.12.16-20.13.38:260][174]LogModuleManager: Shutting down and abandoning module MotoSynthEditor (544)
[2025.12.16-20.13.38:260][174]LogModuleManager: Shutting down and abandoning module MotoSynth (542)
[2025.12.16-20.13.38:260][174]LogModuleManager: Shutting down and abandoning module OpenImageDenoise (540)
[2025.12.16-20.13.38:261][174]LogOpenImageDenoise: OIDN shutting down
[2025.12.16-20.13.38:261][174]LogModuleManager: Shutting down and abandoning module MeshConversion (538)
[2025.12.16-20.13.38:262][174]LogModuleManager: Shutting down and abandoning module DynamicMesh (536)
[2025.12.16-20.13.38:264][174]LogModuleManager: Shutting down and abandoning module GeometryAlgorithms (534)
[2025.12.16-20.13.38:265][174]LogModuleManager: Shutting down and abandoning module GeometricObjects (532)
[2025.12.16-20.13.38:266][174]LogModuleManager: Shutting down and abandoning module GeometryCollectionTracks (530)
[2025.12.16-20.13.38:266][174]LogModuleManager: Shutting down and abandoning module GeometryCollectionSequencer (529)
[2025.12.16-20.13.38:266][174]LogModuleManager: Shutting down and abandoning module GeometryCollectionEditor (526)
[2025.12.16-20.13.38:267][174]LogModuleManager: Shutting down and abandoning module MagicLeapSharedWorld (524)
[2025.12.16-20.13.38:267][174]LogModuleManager: Shutting down and abandoning module MagicLeapLightEstimation (522)
[2025.12.16-20.13.38:267][174]LogModuleManager: Shutting down and abandoning module MagicLeapHelperVulkan (520)
[2025.12.16-20.13.38:268][174]LogModuleManager: Shutting down and abandoning module MagicLeapHelperOpenGL (518)
[2025.12.16-20.13.38:268][174]LogModuleManager: Shutting down and abandoning module MagicLeapAudio (516)
[2025.12.16-20.13.38:268][174]LogModuleManager: Shutting down and abandoning module GeometryCacheTracks (514)
[2025.12.16-20.13.38:268][174]LogModuleManager: Shutting down and abandoning module GeometryCacheStreamer (512)
[2025.12.16-20.13.38:269][174]LogModuleManager: Shutting down and abandoning module GeometryCacheSequencer (510)
[2025.12.16-20.13.38:269][174]LogModuleManager: Shutting down and abandoning module MediaCompositing (508)
[2025.12.16-20.13.38:269][174]LogModuleManager: Shutting down and abandoning module ImgMedia (506)
[2025.12.16-20.13.38:269][174]LogModuleManager: Shutting down and abandoning module ChaosNiagara (504)
[2025.12.16-20.13.38:270][174]LogModuleManager: Shutting down and abandoning module FractureEditor (502)
[2025.12.16-20.13.38:271][174]LogModuleManager: Shutting down and abandoning module ChaosSolverEditor (500)
[2025.12.16-20.13.38:271][174]LogModuleManager: Shutting down and abandoning module FieldSystemEngine (499)
[2025.12.16-20.13.38:271][174]LogModuleManager: Shutting down and abandoning module ChaosClothEditor (496)
[2025.12.16-20.13.38:272][174]LogModuleManager: Shutting down and abandoning module BackChannel (494)
[2025.12.16-20.13.38:272][174]LogModuleManager: Shutting down and abandoning module AutomationUtilsEditor (492)
[2025.12.16-20.13.38:272][174]LogModuleManager: Shutting down and abandoning module AutomationUtils (490)
[2025.12.16-20.13.38:272][174]LogModuleManager: Shutting down and abandoning module AlembicImporter (488)
[2025.12.16-20.13.38:272][174]LogModuleManager: Shutting down and abandoning module AlembicLibrary (487)
[2025.12.16-20.13.38:273][174]LogModuleManager: Shutting down and abandoning module GeometryCache (486)
[2025.12.16-20.13.38:273][174]LogModuleManager: Shutting down and abandoning module GeometryCacheEd (485)
[2025.12.16-20.13.38:273][174]LogModuleManager: Shutting down and abandoning module VariantManagerContentEditor (480)
[2025.12.16-20.13.38:274][174]LogModuleManager: Shutting down and abandoning module DatasmithContentEditor (478)
[2025.12.16-20.13.38:275][174]LogModuleManager: Shutting down and abandoning module PluginBrowser (476)
[2025.12.16-20.13.38:279][174]LogModuleManager: Shutting down and abandoning module SpeedTreeImporter (474)
[2025.12.16-20.13.38:279][174]LogModuleManager: Shutting down and abandoning module MobileLauncherProfileWizard (472)
[2025.12.16-20.13.38:280][174]LogModuleManager: Shutting down and abandoning module MaterialAnalyzer (470)
[2025.12.16-20.13.38:281][174]LogModuleManager: Shutting down and abandoning module VisualStudioCodeSourceCodeAccess (468)
[2025.12.16-20.13.38:281][174]LogModuleManager: Shutting down and abandoning module VisualStudioSourceCodeAccess (466)
[2025.12.16-20.13.38:281][174]LogModuleManager: Shutting down and abandoning module SubversionSourceControl (464)
[2025.12.16-20.13.38:283][174]LogModuleManager: Shutting down and abandoning module UObjectPlugin (462)
[2025.12.16-20.13.38:283][174]LogModuleManager: Shutting down and abandoning module RiderSourceCodeAccess (460)
[2025.12.16-20.13.38:283][174]LogModuleManager: Shutting down and abandoning module CurveEditorTools (458)
[2025.12.16-20.13.38:286][174]LogModuleManager: Shutting down and abandoning module PluginUtils (456)
[2025.12.16-20.13.38:286][174]LogModuleManager: Shutting down and abandoning module CryptoKeysOpenSSL (454)
[2025.12.16-20.13.38:286][174]LogModuleManager: Shutting down and abandoning module CryptoKeys (452)
[2025.12.16-20.13.38:286][174]LogModuleManager: Shutting down and abandoning module PlasticSourceControl (450)
[2025.12.16-20.13.38:289][174]LogModuleManager: Shutting down and abandoning module PerforceSourceControl (448)
[2025.12.16-20.13.38:292][174]LogModuleManager: Shutting down and abandoning module NiagaraEditorWidgets (446)
[2025.12.16-20.13.38:296][174]LogModuleManager: Shutting down and abandoning module GitSourceControl (444)
[2025.12.16-20.13.38:298][174]LogModuleManager: Shutting down and abandoning module SourceControl (443)
[2025.12.16-20.13.38:299][174]LogModuleManager: Shutting down and abandoning module CLionSourceCodeAccess (440)
[2025.12.16-20.13.38:299][174]LogModuleManager: Shutting down and abandoning module AnimationSharingEd (438)
[2025.12.16-20.13.38:299][174]LogModuleManager: Shutting down and abandoning module OodleNetworkHandlerComponent (436)
[2025.12.16-20.13.38:299][174]LogModuleManager: Shutting down and abandoning module PaperTiledImporter (434)
[2025.12.16-20.13.38:299][174]LogModuleManager: Shutting down and abandoning module PaperSpriteSheetImporter (432)
[2025.12.16-20.13.38:300][174]LogModuleManager: Shutting down and abandoning module Paper2DEditor (430)
[2025.12.16-20.13.38:303][174]LogModuleManager: Shutting down and abandoning module LiveLinkSequencer (428)
[2025.12.16-20.13.38:303][174]LogModuleManager: Shutting down and abandoning module LiveLinkMovieScene (426)
[2025.12.16-20.13.38:303][174]LogModuleManager: Shutting down and abandoning module LiveLinkGraphNode (424)
[2025.12.16-20.13.38:303][174]LogModuleManager: Shutting down and abandoning module LiveLinkEditor (422)
[2025.12.16-20.13.38:304][174]LogModuleManager: Shutting down and abandoning module LiveLinkComponents (420)
[2025.12.16-20.13.38:304][174]LogModuleManager: Shutting down and abandoning module LiveLink (418)
[2025.12.16-20.13.38:420][174]LogModuleManager: Shutting down and abandoning module LightPropagationVolumeEditor (416)
[2025.12.16-20.13.38:421][174]LogModuleManager: Shutting down and abandoning module MeshPaintingToolset (414)
[2025.12.16-20.13.38:421][174]LogModuleManager: Shutting down and abandoning module MeshPaintEditorMode (412)
[2025.12.16-20.13.38:423][174]LogModuleManager: Shutting down and abandoning module EnvironmentQueryEditor (410)
[2025.12.16-20.13.38:425][174]LogModuleManager: Shutting down and abandoning module SignificanceManager (408)
[2025.12.16-20.13.38:425][174]LogModuleManager: Shutting down and abandoning module SoundFields (406)
[2025.12.16-20.13.38:427][174]LogModuleManager: Shutting down and abandoning module RuntimePhysXCooking (404)
[2025.12.16-20.13.38:427][174]LogModuleManager: Shutting down and abandoning module PropertyAccessEditor (402)
[2025.12.16-20.13.38:427][174]LogModuleManager: Shutting down and abandoning module PhysXVehiclesEditor (400)
[2025.12.16-20.13.38:429][174]LogModuleManager: Shutting down and abandoning module LocationServicesBPLibrary (396)
[2025.12.16-20.13.38:429][174]LogModuleManager: Shutting down and abandoning module AudioSynesthesia (394)
[2025.12.16-20.13.38:429][174]LogModuleManager: Shutting down and abandoning module AudioSynesthesiaCore (392)
[2025.12.16-20.13.38:430][174]LogModuleManager: Shutting down and abandoning module ActorSequence (390)
[2025.12.16-20.13.38:430][174]LogModuleManager: Shutting down and abandoning module PythonScriptPlugin (388)
[2025.12.16-20.13.38:431][174]LogModuleManager: Shutting down and abandoning module MagicLeapARPin (386)
[2025.12.16-20.13.38:431][174]LogModuleManager: Shutting down and abandoning module MagicLeapHandMeshing (384)
[2025.12.16-20.13.38:433][174]LogModuleManager: Shutting down and abandoning module MagicLeapSecureStorage (382)
[2025.12.16-20.13.38:433][174]LogModuleManager: Shutting down and abandoning module MagicLeapPrivileges (380)
[2025.12.16-20.13.38:434][174]LogModuleManager: Shutting down and abandoning module MagicLeapPlanes (378)
[2025.12.16-20.13.38:434][174]LogMagicLeapPlanes: Planes tracker already destroyed.
[2025.12.16-20.13.38:435][174]LogModuleManager: Shutting down and abandoning module MagicLeapImageTracker (376)
[2025.12.16-20.13.38:435][174]LogModuleManager: Shutting down and abandoning module MagicLeapIdentity (374)
[2025.12.16-20.13.38:435][174]LogModuleManager: Shutting down and abandoning module MagicLeapHandTracking (372)
[2025.12.16-20.13.38:436][174]LogModuleManager: Shutting down and abandoning module MagicLeapEyeTracker (370)
[2025.12.16-20.13.38:438][174]LogModuleManager: Shutting down and abandoning module MagicLeapController (368)
[2025.12.16-20.13.38:439][174]LogModuleManager: Shutting down and abandoning module MagicLeapARPinImpl (366)
[2025.12.16-20.13.38:439][174]LogModuleManager: Shutting down and abandoning module MagicLeapAR (364)
[2025.12.16-20.13.38:439][174]LogModuleManager: Shutting down and abandoning module ImgMediaEngine (362)
[2025.12.16-20.13.38:439][174]LogModuleManager: Shutting down and abandoning module UdpMessaging (360)
[2025.12.16-20.13.38:540][174]LogModuleManager: Shutting down and abandoning module TcpMessaging (358)
[2025.12.16-20.13.38:642][174]LogModuleManager: Shutting down and abandoning module GameplayTagsEditor (356)
[2025.12.16-20.13.38:642][174]LogModuleManager: Shutting down and abandoning module FacialAnimationEditor (354)
[2025.12.16-20.13.38:642][174]LogModuleManager: Shutting down and abandoning module FacialAnimation (352)
[2025.12.16-20.13.38:642][174]LogModuleManager: Shutting down and abandoning module DataValidation (350)
[2025.12.16-20.13.38:643][174]LogModuleManager: Shutting down and abandoning module PropertyAccessNode (348)
[2025.12.16-20.13.38:643][174]LogModuleManager: Shutting down and abandoning module NiagaraAnimNotifies (346)
[2025.12.16-20.13.38:643][174]LogModuleManager: Shutting down and abandoning module Niagara (344)
[2025.12.16-20.13.38:647][174]LogModuleManager: Shutting down and abandoning module SignalProcessing (343)
[2025.12.16-20.13.38:648][174]LogModuleManager: Shutting down and abandoning module NiagaraEditor (341)
[2025.12.16-20.13.38:655][174]LogModuleManager: Shutting down and abandoning module NiagaraCore (338)
[2025.12.16-20.13.38:655][174]LogModuleManager: Shutting down and abandoning module AssetManagerEditor (336)
[2025.12.16-20.13.38:656][174]LogModuleManager: Shutting down and abandoning module LevelEditor (335)
[2025.12.16-20.13.38:680][174]LogModuleManager: Shutting down and abandoning module PixelInspectorModule (334)
[2025.12.16-20.13.38:681][174]LogModuleManager: Shutting down and abandoning module CommonMenuExtensions (332)
[2025.12.16-20.13.38:685][174]LogModuleManager: Shutting down and abandoning module MainFrame (330)
[2025.12.16-20.13.38:685][174]LogModuleManager: Shutting down and abandoning module HotReload (329)
[2025.12.16-20.13.38:688][174]LogModuleManager: Shutting down and abandoning module ToolMenus (325)
[2025.12.16-20.13.38:688][174]LogModuleManager: Shutting down and abandoning module ContentBrowser (323)
[2025.12.16-20.13.38:688][174]LogModuleManager: Shutting down and abandoning module ContentBrowserData (322)
[2025.12.16-20.13.38:688][174]LogModuleManager: Shutting down and abandoning module TreeMap (319)
[2025.12.16-20.13.38:689][174]LogModuleManager: Shutting down and abandoning module AnimationSharing (316)
[2025.12.16-20.13.38:690][174]LogModuleManager: Shutting down and abandoning module GameplayCameras (314)
[2025.12.16-20.13.38:690][174]LogModuleManager: Shutting down and abandoning module Paper2D (312)
[2025.12.16-20.13.38:690][174]LogModuleManager: Shutting down and abandoning module LightPropagationVolumeRuntime (310)
[2025.12.16-20.13.38:690][174]LogModuleManager: Shutting down and abandoning module WindowsMoviePlayer (308)
[2025.12.16-20.13.38:774][174]LogModuleManager: Shutting down and abandoning module WebMMoviePlayer (306)
[2025.12.16-20.13.38:774][174]LogModuleManager: Shutting down and abandoning module NetworkReplayStreaming (304)
[2025.12.16-20.13.38:774][174]LogModuleManager: Shutting down and abandoning module PacketHandler (302)
[2025.12.16-20.13.38:774][174]LogModuleManager: Shutting down and abandoning module ClothingSystemEditor (300)
[2025.12.16-20.13.38:774][174]LogModuleManager: Shutting down and abandoning module ClothingSystemRuntimeNv (298)
[2025.12.16-20.13.38:777][174]LogModuleManager: Shutting down and abandoning module MediaAssets (296)
[2025.12.16-20.13.38:777][174]LogModuleManager: Shutting down and abandoning module Overlay (294)
[2025.12.16-20.13.38:777][174]LogModuleManager: Shutting down and abandoning module OverlayEditor (293)
[2025.12.16-20.13.38:777][174]LogModuleManager: Shutting down and abandoning module VREditor (290)
[2025.12.16-20.13.38:778][174]LogModuleManager: Shutting down and abandoning module StringTableEditor (288)
[2025.12.16-20.13.38:778][174]LogModuleManager: Shutting down and abandoning module GameplayTasksEditor (286)
[2025.12.16-20.13.38:778][174]LogModuleManager: Shutting down and abandoning module BehaviorTreeEditor (284)
[2025.12.16-20.13.38:781][174]LogModuleManager: Shutting down and abandoning module FunctionalTesting (282)
[2025.12.16-20.13.38:781][174]LogModuleManager: Shutting down and abandoning module CollisionAnalyzer (280)
[2025.12.16-20.13.38:783][174]LogModuleManager: Shutting down and abandoning module WorkspaceMenuStructure (279)
[2025.12.16-20.13.38:787][174]LogModuleManager: Shutting down and abandoning module UMG (276)
[2025.12.16-20.13.38:788][174]LogModuleManager: Shutting down and abandoning module UMGEditor (275)
[2025.12.16-20.13.38:790][174]LogModuleManager: Shutting down and abandoning module MessageLog (273)
[2025.12.16-20.13.38:790][174]LogModuleManager: Shutting down and abandoning module SlateReflector (268)
[2025.12.16-20.13.38:796][174]LogModuleManager: Shutting down and abandoning module Slate (266)
[2025.12.16-20.13.38:796][174]LogModuleManager: Shutting down and abandoning module SlateCore (264)
[2025.12.16-20.13.38:797][174]LogModuleManager: Shutting down and abandoning module LandscapeEditorUtilities (262)
[2025.12.16-20.13.38:797][174]LogModuleManager: Shutting down and abandoning module UnrealEd (260)
[2025.12.16-20.13.38:797][174]LogModuleManager: Shutting down and abandoning module MRMesh (258)
[2025.12.16-20.13.38:798][174]LogModuleManager: Shutting down and abandoning module SourceCodeAccess (256)
[2025.12.16-20.13.38:798][174]LogModuleManager: Shutting down and abandoning module HeadMountedDisplay (254)
[2025.12.16-20.13.38:798][174]LogModuleManager: Shutting down and abandoning module XAudio2 (252)
[2025.12.16-20.13.38:798][174]LogModuleManager: Shutting down and abandoning module Networking (250)
[2025.12.16-20.13.38:798][174]LogModuleManager: Shutting down and abandoning module Core (248)
[2025.12.16-20.13.38:798][174]LogModuleManager: Shutting down and abandoning module MaterialEditor (246)
[2025.12.16-20.13.38:800][174]LogModuleManager: Shutting down and abandoning module MovieSceneTools (244)
[2025.12.16-20.13.38:804][174]LogModuleManager: Shutting down and abandoning module CurveEditor (243)
[2025.12.16-20.13.38:807][174]LogModuleManager: Shutting down and abandoning module Sequencer (241)
[2025.12.16-20.13.38:810][174]LogModuleManager: Shutting down and abandoning module EditorStyle (240)
[2025.12.16-20.13.38:833][174]LogModuleManager: Shutting down and abandoning module KismetCompiler (236)
[2025.12.16-20.13.38:833][174]LogModuleManager: Shutting down and abandoning module MeshBuilder (234)
[2025.12.16-20.13.38:833][174]LogModuleManager: Shutting down and abandoning module MeshUtilities (232)
[2025.12.16-20.13.38:835][174]LogModuleManager: Shutting down and abandoning module MeshMergeUtilities (231)
[2025.12.16-20.13.38:836][174]LogModuleManager: Shutting down and abandoning module MeshReductionInterface (230)
[2025.12.16-20.13.38:837][174]LogModuleManager: Shutting down and abandoning module MeshBoneReduction (229)
[2025.12.16-20.13.38:837][174]LogModuleManager: Shutting down and abandoning module SkeletalMeshReduction (227)
[2025.12.16-20.13.38:837][174]LogModuleManager: Shutting down and abandoning module ProxyLODMeshReduction (225)
[2025.12.16-20.13.38:842][174]LogModuleManager: Shutting down and abandoning module QuadricMeshReduction (223)
[2025.12.16-20.13.38:842][174]LogModuleManager: Shutting down and abandoning module MaterialBaking (219)
[2025.12.16-20.13.38:843][174]LogModuleManager: Shutting down and abandoning module NullInstallBundleManager (214)
[2025.12.16-20.13.38:843][174]LogModuleManager: Shutting down and abandoning module DerivedDataCache (212)
[2025.12.16-20.13.38:843][174]LogModuleManager: Shutting down and abandoning module TargetPlatform (210)
[2025.12.16-20.13.38:847][174]LogModuleManager: Shutting down and abandoning module VulkanShaderFormat (209)
[2025.12.16-20.13.38:853][174]LogModuleManager: Shutting down and abandoning module ShaderFormatVectorVM (207)
[2025.12.16-20.13.38:853][174]LogModuleManager: Shutting down and abandoning module ShaderFormatOpenGL (205)
[2025.12.16-20.13.38:853][174]LogModuleManager: Shutting down and abandoning module ShaderFormatD3D (203)
[2025.12.16-20.13.38:855][174]LogModuleManager: Shutting down and abandoning module MetalShaderFormat (201)
[2025.12.16-20.13.38:857][174]LogModuleManager: Shutting down and abandoning module TextureFormatOodle (199)
[2025.12.16-20.13.38:858][174]LogModuleManager: Shutting down and abandoning module TextureFormatUncompressed (197)
[2025.12.16-20.13.38:858][174]LogModuleManager: Shutting down and abandoning module TextureFormatPVR (195)
[2025.12.16-20.13.38:858][174]LogModuleManager: Shutting down and abandoning module TextureFormatETC2 (193)
[2025.12.16-20.13.38:859][174]LogModuleManager: Shutting down and abandoning module TextureFormatDXT (191)
[2025.12.16-20.13.38:860][174]LogModuleManager: Shutting down and abandoning module TextureFormatIntelISPCTexComp (189)
[2025.12.16-20.13.38:862][174]LogModuleManager: Shutting down and abandoning module TextureFormatASTC (187)
[2025.12.16-20.13.38:862][174]LogModuleManager: Shutting down and abandoning module ImageWrapper (186)
[2025.12.16-20.13.38:863][174]LogModuleManager: Shutting down and abandoning module AudioFormatOpus (183)
[2025.12.16-20.13.38:864][174]LogModuleManager: Shutting down and abandoning module AudioFormatOgg (181)
[2025.12.16-20.13.38:864][174]LogModuleManager: Shutting down and abandoning module AudioFormatADPCM (179)
[2025.12.16-20.13.38:864][174]LogModuleManager: Shutting down and abandoning module WindowsServerTargetPlatform (177)
[2025.12.16-20.13.38:864][174]LogModuleManager: Shutting down and abandoning module WindowsClientTargetPlatform (175)
[2025.12.16-20.13.38:866][174]LogModuleManager: Shutting down and abandoning module WindowsTargetPlatform (173)
[2025.12.16-20.13.38:866][174]LogModuleManager: Shutting down and abandoning module WindowsNoEditorTargetPlatform (171)
[2025.12.16-20.13.38:867][174]LogModuleManager: Shutting down and abandoning module TVOSTargetPlatform (169)
[2025.12.16-20.13.38:895][174]LogModuleManager: Shutting down and abandoning module MacServerTargetPlatform (167)
[2025.12.16-20.13.38:895][174]LogModuleManager: Shutting down and abandoning module MacClientTargetPlatform (165)
[2025.12.16-20.13.38:896][174]LogModuleManager: Shutting down and abandoning module MacTargetPlatform (163)
[2025.12.16-20.13.38:896][174]LogModuleManager: Shutting down and abandoning module MacNoEditorTargetPlatform (161)
[2025.12.16-20.13.38:897][174]LogModuleManager: Shutting down and abandoning module LuminTargetPlatform (159)
[2025.12.16-20.13.38:930][174]LogModuleManager: Shutting down and abandoning module LinuxAArch64ServerTargetPlatform (157)
[2025.12.16-20.13.38:930][174]LogModuleManager: Shutting down and abandoning module LinuxAArch64ClientTargetPlatform (155)
[2025.12.16-20.13.38:930][174]LogModuleManager: Shutting down and abandoning module LinuxAArch64NoEditorTargetPlatform (153)
[2025.12.16-20.13.38:931][174]LogModuleManager: Shutting down and abandoning module LinuxServerTargetPlatform (151)
[2025.12.16-20.13.38:931][174]LogModuleManager: Shutting down and abandoning module LinuxClientTargetPlatform (149)
[2025.12.16-20.13.38:932][174]LogModuleManager: Shutting down and abandoning module LinuxNoEditorTargetPlatform (147)
[2025.12.16-20.13.38:932][174]LogModuleManager: Shutting down and abandoning module LinuxTargetPlatform (145)
[2025.12.16-20.13.38:932][174]LogModuleManager: Shutting down and abandoning module Messaging (143)
[2025.12.16-20.13.38:932][174]LogModuleManager: Shutting down and abandoning module IOSTargetPlatform (141)
[2025.12.16-20.13.38:945][174]LogModuleManager: Shutting down and abandoning module AndroidTargetPlatform (139)
[2025.12.16-20.13.39:001][174]LogModuleManager: Shutting down and abandoning module AllDesktopTargetPlatform (137)
[2025.12.16-20.13.39:002][174]LogModuleManager: Shutting down and abandoning module D3D11RHI (134)
[2025.12.16-20.13.39:002][174]LogModuleManager: Shutting down and abandoning module InputCore (132)
[2025.12.16-20.13.39:002][174]LogModuleManager: Shutting down and abandoning module Settings (130)
[2025.12.16-20.13.39:002][174]LogModuleManager: Shutting down and abandoning module DirectoryWatcher (128)
[2025.12.16-20.13.39:008][174]LogModuleManager: Shutting down and abandoning module PhysXCooking (126)
[2025.12.16-20.13.39:008][174]LogModuleManager: Shutting down and abandoning module Chaos (124)
[2025.12.16-20.13.39:009][174]LogModuleManager: Shutting down and abandoning module WindowsPlatformFeatures (122)
[2025.12.16-20.13.39:009][174]LogModuleManager: Shutting down and abandoning module GameplayMediaEncoder (121)
[2025.12.16-20.13.39:011][174]LogModuleManager: Shutting down and abandoning module AVEncoder (120)
[2025.12.16-20.13.39:011][174]LogModuleManager: Shutting down and abandoning module SteamVRInputDevice (116)
[2025.12.16-20.13.39:012][174]LogModuleManager: Shutting down and abandoning module SteamVRInput (114)
[2025.12.16-20.13.39:012][174]LogModuleManager: Shutting down and abandoning module SteamVR (112)
[2025.12.16-20.13.39:013][174]LogHMD: Freeing OpenVRDLLHandle.
[2025.12.16-20.13.39:013][174]LogModuleManager: Shutting down and abandoning module OculusHMD (110)
[2025.12.16-20.13.39:014][174]LogModuleManager: Shutting down and abandoning module AISupportModule (108)
[2025.12.16-20.13.39:014][174]LogModuleManager: Shutting down and abandoning module OpenXRHandTracking (106)
[2025.12.16-20.13.39:015][174]LogSlate: Slate User Destroyed.  User Index 0, Is Virtual User: 0
[2025.12.16-20.13.39:016][174]LogModuleManager: Shutting down and abandoning module OpenXREyeTracker (104)
[2025.12.16-20.13.39:017][174]LogModuleManager: Shutting down and abandoning module OpenXRAR (102)
[2025.12.16-20.13.39:017][174]LogModuleManager: Shutting down and abandoning module AugmentedReality (101)
[2025.12.16-20.13.39:017][174]LogModuleManager: Shutting down and abandoning module OpenXRHMD (98)
[2025.12.16-20.13.39:028][174]LogModuleManager: Shutting down and abandoning module ExampleDeviceProfileSelector (96)
[2025.12.16-20.13.39:028][174]LogModuleManager: Shutting down and abandoning module ChunkDownloader (94)
[2025.12.16-20.13.39:029][174]LogModuleManager: Shutting down and abandoning module OnlineBlueprintSupport (92)
[2025.12.16-20.13.39:029][174]LogModuleManager: Shutting down and abandoning module OnlineSubsystem (88)
[2025.12.16-20.13.39:031][174]LogModuleManager: Shutting down and abandoning module XMPP (83)
[2025.12.16-20.13.39:034][174]LogModuleManager: Shutting down and abandoning module WebSockets (82)
[2025.12.16-20.13.39:059][174]LogModuleManager: Shutting down and abandoning module HTTP (79)
[2025.12.16-20.13.39:060][174]LogHttp: Display: Http module shutting down, but needs to wait on 1 outstanding Http requests:
[2025.12.16-20.13.39:061][174]LogHttp: Display: 	verb=[POST] url=[https://datarouter.ol.epicgames.com/datarouter/api/v1/public/data?SessionID=%7BFBA45924-4B7B-E827-96EF-1C9873F41CD6%7D&AppID=UEEditor.Rocket.Release&AppVersion=4.27.2-18319896%2B%2B%2BUE4%2BRelease-4.27&UserID=b04b7cc342cbf28028732289d7babebf%7C984fab8377564a2eb8bdb4af4726766f%7C7b2af634-a612-4e7f-9a50-30bec8fc931d&AppEnvironment=datacollector-binary&UploadType=eteventstream] refs=[1] status=Processing
[2025.12.16-20.13.39:061][174]LogHttp: Display: cleaning up 1 outstanding Http requests.
[2025.12.16-20.13.39:086][174]LogModuleManager: Shutting down and abandoning module SSL (78)
[2025.12.16-20.13.39:109][174]LogModuleManager: Shutting down and abandoning module MLSDK (74)
[2025.12.16-20.13.39:110][174]LogModuleManager: Shutting down and abandoning module LauncherChunkInstaller (72)
[2025.12.16-20.13.39:110][174]LogModuleManager: Shutting down and abandoning module MagicLeap (70)
[2025.12.16-20.13.39:111][174]LogModuleManager: Shutting down and abandoning module WmfMedia (68)
[2025.12.16-20.13.39:119][174]LogModuleManager: Shutting down and abandoning module Media (67)
[2025.12.16-20.13.39:120][174]LogModuleManager: Shutting down and abandoning module MediaInfo (66)
[2025.12.16-20.13.39:120][174]LogModuleManager: Shutting down and abandoning module ExrReaderGpu (62)
[2025.12.16-20.13.39:120][174]LogModuleManager: Shutting down and abandoning module ChaosCloth (60)
[2025.12.16-20.13.39:121][174]LogModuleManager: Shutting down and abandoning module VariantManagerContent (58)
[2025.12.16-20.13.39:121][174]LogModuleManager: Shutting down and abandoning module DatasmithContent (56)
[2025.12.16-20.13.39:122][174]LogModuleManager: Shutting down and abandoning module PixWinPlugin (54)
[2025.12.16-20.13.39:122][174]LogModuleManager: Shutting down and abandoning module NiagaraVertexFactories (52)
[2025.12.16-20.13.39:122][174]LogModuleManager: Shutting down and abandoning module NiagaraShader (50)
[2025.12.16-20.13.39:123][174]LogModuleManager: Shutting down and abandoning module DesktopPlatform (48)
[2025.12.16-20.13.39:125][174]LogModuleManager: Shutting down and abandoning module PythonScriptPluginPreload (46)
[2025.12.16-20.13.39:125][174]LogModuleManager: Shutting down and abandoning module PlatformCryptoOpenSSL (44)
[2025.12.16-20.13.39:126][174]LogModuleManager: Shutting down and abandoning module PlatformCryptoTypes (42)
[2025.12.16-20.13.39:126][174]LogModuleManager: Shutting down and abandoning module PlatformCrypto (40)
[2025.12.16-20.13.39:126][174]LogModuleManager: Shutting down and abandoning module OodleDataCompressionFormat (38)
[2025.12.16-20.13.39:128][174]LogModuleManager: Shutting down and abandoning module XGEController (36)
[2025.12.16-20.13.39:128][174]LogXGEController: Cleaning working directory: C:/Users/Владислав/AppData/Local/Temp/UnrealXGEWorkingDir/
[2025.12.16-20.13.39:128][174]LogModuleManager: Shutting down and abandoning module AnimationModifiers (34)
[2025.12.16-20.13.39:129][174]LogModuleManager: Shutting down and abandoning module AudioEditor (32)
[2025.12.16-20.13.39:138][174]LogModuleManager: Shutting down and abandoning module PropertyEditor (31)
[2025.12.16-20.13.39:144][174]LogModuleManager: Shutting down and abandoning module TextureCompressor (28)
[2025.12.16-20.13.39:148][174]LogModuleManager: Shutting down and abandoning module RenderCore (26)
[2025.12.16-20.13.39:148][174]LogModuleManager: Shutting down and abandoning module Landscape (24)
[2025.12.16-20.13.39:148][174]LogModuleManager: Shutting down and abandoning module SlateRHIRenderer (22)
[2025.12.16-20.13.39:222][174]LogModuleManager: Shutting down and abandoning module AnimGraphRuntime (20)
[2025.12.16-20.13.39:223][174]LogModuleManager: Shutting down and abandoning module Renderer (18)
[2025.12.16-20.13.39:225][174]LogModuleManager: Shutting down and abandoning module Engine (16)
[2025.12.16-20.13.39:225][174]LogModuleManager: Shutting down and abandoning module CoreUObject (14)
[2025.12.16-20.13.39:225][174]LogModuleManager: Shutting down and abandoning module NetworkFile (12)
[2025.12.16-20.13.39:226][174]LogModuleManager: Shutting down and abandoning module CookedIterativeFile (10)
[2025.12.16-20.13.39:226][174]LogModuleManager: Shutting down and abandoning module StreamingFile (8)
[2025.12.16-20.13.39:226][174]LogModuleManager: Shutting down and abandoning module SandboxFile (6)
[2025.12.16-20.13.39:227][174]LogModuleManager: Shutting down and abandoning module PakFile (4)
[2025.12.16-20.13.39:230][174]LogModuleManager: Shutting down and abandoning module RSA (3)
[2025.12.16-20.13.39:231][174]LogContentStreaming: Display: There are 1 unreleased StreamingManagers
[2025.12.16-20.13.39:263][174]LogD3D11RHI: Shutdown
[2025.12.16-20.13.39:263][174]LogD3D11RHI: CleanupD3DDevice
[2025.12.16-20.13.39:367][174]LogExit: Exiting.
[2025.12.16-20.13.39:396][174]Log file closed, 12/16/25 23:13:39
