Log file open, 12/20/25 18:32:10
LogWindows: Failed to load 'aqProf.dll' (GetLastError=126)
LogWindows: File 'aqProf.dll' does not exist
LogWindows: Failed to load 'VtuneApi.dll' (GetLastError=126)
LogWindows: File 'VtuneApi.dll' does not exist
LogWindows: Failed to load 'VtuneApi32e.dll' (GetLastError=126)
LogWindows: File 'VtuneApi32e.dll' does not exist
LogConsoleResponse: Display: Failed to find resolution value strings in scalability ini. Falling back to default.
LogConsoleResponse: Display: Failed to find resolution value strings in scalability ini. Falling back to default.
LogInit: Display: Running engine for game: Mini_laboratory
LogPlatformFile: Not using cached read wrapper
LogTaskGraph: Started task graph with 5 named threads and 23 total threads with 3 sets of task threads.
LogStats: Stats thread started at 0.910108
LogICUInternationalization: ICU TimeZone Detection - Raw Offset: +3:00, Platform Override: ''
LogInit: Display: Loading text-based GConfig....
LogPluginManager: Mounting plugin MeshPainting
LogPluginManager: Mounting plugin XGEController
LogPluginManager: Mounting plugin AISupport
LogPluginManager: Mounting plugin EnvironmentQueryEditor
LogPluginManager: Mounting plugin LiveLink
LogPluginManager: Mounting plugin Paper2D
LogPluginManager: Mounting plugin CameraShakePreviewer
LogPluginManager: Mounting plugin OodleData
LogPluginManager: Mounting plugin GameplayCameras
LogPluginManager: Mounting plugin OodleNetwork
LogPluginManager: Mounting plugin LightPropagationVolume
LogPluginManager: Mounting plugin AnimationSharing
LogPluginManager: Mounting plugin CLionSourceCodeAccess
LogPluginManager: Mounting plugin CodeLiteSourceCodeAccess
LogPluginManager: Mounting plugin GitSourceControl
LogPluginManager: Mounting plugin KDevelopSourceCodeAccess
LogPluginManager: Mounting plugin NullSourceCodeAccess
LogPluginManager: Mounting plugin PerforceSourceControl
LogPluginManager: Mounting plugin PixWinPlugin
LogPluginManager: Mounting plugin PlasticSourceControl
LogPluginManager: Mounting plugin PluginUtils
LogPluginManager: Mounting plugin PropertyAccessNode
LogPluginManager: Mounting plugin RiderSourceCodeAccess
LogPluginManager: Mounting plugin SubversionSourceControl
LogPluginManager: Mounting plugin TextureFormatOodle
LogPluginManager: Mounting plugin UObjectPlugin
LogPluginManager: Mounting plugin VisualStudioCodeSourceCodeAccess
LogPluginManager: Mounting plugin VisualStudioSourceCodeAccess
LogPluginManager: Mounting plugin XCodeSourceCodeAccess
LogPluginManager: Mounting plugin CryptoKeys
LogPluginManager: Mounting plugin CurveEditorTools
LogPluginManager: Mounting plugin AssetManagerEditor
LogPluginManager: Mounting plugin DataValidation
LogPluginManager: Mounting plugin FacialAnimation
LogPluginManager: Mounting plugin GameplayTagsEditor
LogPluginManager: Mounting plugin GeometryMode
LogPluginManager: Mounting plugin MacGraphicsSwitching
LogPluginManager: Mounting plugin MaterialAnalyzer
LogPluginManager: Mounting plugin MobileLauncherProfileWizard
LogPluginManager: Mounting plugin SpeedTreeImporter
LogPluginManager: Mounting plugin PluginBrowser
LogPluginManager: Mounting plugin DatasmithContent
LogPluginManager: Mounting plugin Niagara
LogPluginManager: Mounting plugin VariantManagerContent
LogPluginManager: Mounting plugin UdpMessaging
LogPluginManager: Mounting plugin TcpMessaging
LogPluginManager: Mounting plugin LuminPlatformFeatures
LogPluginManager: Mounting plugin MagicLeapMedia
LogPluginManager: Mounting plugin MagicLeap
LogPluginManager: Mounting plugin MagicLeapLightEstimation
LogPluginManager: Mounting plugin MLSDK
LogPluginManager: Mounting plugin MagicLeapPassableWorld
LogPluginManager: Mounting plugin AndroidMedia
LogPluginManager: Mounting plugin AvfMedia
LogPluginManager: Mounting plugin ImgMedia
LogPluginManager: Mounting plugin MediaCompositing
LogPluginManager: Mounting plugin MediaPlayerEditor
LogPluginManager: Mounting plugin WebMMedia
LogPluginManager: Mounting plugin WmfMedia
LogPluginManager: Mounting plugin AlembicImporter
LogPluginManager: Mounting plugin AutomationUtils
LogPluginManager: Mounting plugin BackChannel
LogPluginManager: Mounting plugin ChaosCloth
LogPluginManager: Mounting plugin ChaosClothEditor
LogPluginManager: Mounting plugin ChaosEditor
LogPluginManager: Mounting plugin ChaosSolverPlugin
LogPluginManager: Mounting plugin CharacterAI
LogPluginManager: Mounting plugin ChaosNiagara
LogPluginManager: Mounting plugin GeometryCache
LogPluginManager: Mounting plugin LauncherChunkInstaller
LogPluginManager: Mounting plugin OnlineSubsystem
LogPluginManager: Mounting plugin GeometryCollectionPlugin
LogPluginManager: Mounting plugin OnlineSubsystemNull
LogPluginManager: Mounting plugin ActorSequence
LogPluginManager: Mounting plugin OnlineSubsystemUtils
LogPluginManager: Mounting plugin MatineeToLevelSequence
LogPluginManager: Mounting plugin LevelSequenceEditor
LogPluginManager: Mounting plugin TemplateSequence
LogPluginManager: Mounting plugin GeometryProcessing
LogPluginManager: Mounting plugin OpenImageDenoise
LogPluginManager: Mounting plugin PlatformCrypto
LogPluginManager: Mounting plugin ProxyLODPlugin
LogPluginManager: Mounting plugin MotoSynth
LogPluginManager: Mounting plugin PlanarCut
LogPluginManager: Mounting plugin PythonScriptPlugin
LogPluginManager: Mounting plugin SkeletalReduction
LogPluginManager: Mounting plugin ActorLayerUtilities
LogPluginManager: Mounting plugin AndroidPermission
LogPluginManager: Mounting plugin AndroidMoviePlayer
LogPluginManager: Mounting plugin AndroidDeviceProfileSelector
LogPluginManager: Mounting plugin AppleImageUtils
LogPluginManager: Mounting plugin AppleMoviePlayer
LogPluginManager: Mounting plugin ArchVisCharacter
LogPluginManager: Mounting plugin AudioCapture
LogPluginManager: Mounting plugin AssetTags
LogPluginManager: Mounting plugin AudioSynesthesia
LogPluginManager: Mounting plugin ChunkDownloader
LogPluginManager: Mounting plugin CableComponent
LogPluginManager: Mounting plugin CustomMeshComponent
LogPluginManager: Mounting plugin EditableMesh
LogPluginManager: Mounting plugin ExampleDeviceProfileSelector
LogPluginManager: Mounting plugin GoogleCloudMessaging
LogPluginManager: Mounting plugin GooglePAD
LogPluginManager: Mounting plugin Takes
LogPluginManager: Mounting plugin ScreenshotTools
LogPluginManager: Mounting plugin LinuxDeviceProfileSelector
LogPluginManager: Mounting plugin IOSDeviceProfileSelector
LogPluginManager: Mounting plugin LocationServicesBPLibrary
LogPluginManager: Mounting plugin MobilePatchingUtils
LogPluginManager: Mounting plugin OpenXR
LogPluginManager: Mounting plugin OpenXRHandTracking
LogPluginManager: Mounting plugin OpenXREyeTracker
LogPluginManager: Mounting plugin PhysXVehicles
LogPluginManager: Mounting plugin PostSplashScreen
LogPluginManager: Mounting plugin PropertyAccessEditor
LogPluginManager: Mounting plugin ProceduralMeshComponent
LogPluginManager: Mounting plugin SignificanceManager
LogPluginManager: Mounting plugin RuntimePhysXCooking
LogPluginManager: Mounting plugin SoundFields
LogPluginManager: Mounting plugin WebMMoviePlayer
LogPluginManager: Mounting plugin Synthesis
LogPluginManager: Mounting plugin WindowsMoviePlayer
LogPluginManager: Mounting plugin ContentBrowserAssetDataSource
LogPluginManager: Mounting plugin ContentBrowserClassDataSource
LogPluginManager: Mounting plugin ContentBrowserFileDataSource
LogPluginManager: Mounting plugin OnlineSubsystemGooglePlay
LogPluginManager: Mounting plugin OnlineSubsystemIOS
LogPluginManager: Mounting plugin OculusVR
LogPluginManager: Mounting plugin SteamVR
PixWinPlugin: PIX capture plugin failed to initialize! Check that the process is launched from PIX.
LogInit: Using libcurl 7.55.1-DEV
LogInit:  - built for x86_64-pc-win32
LogInit:  - supports SSL with OpenSSL/1.1.1
LogInit:  - supports HTTP deflate (compression) using libz 1.2.8
LogInit:  - other features:
LogInit:      CURL_VERSION_SSL
LogInit:      CURL_VERSION_LIBZ
LogInit:      CURL_VERSION_IPV6
LogInit:      CURL_VERSION_ASYNCHDNS
LogInit:      CURL_VERSION_LARGEFILE
LogInit:      CURL_VERSION_IDN
LogInit:  CurlRequestOptions (configurable via config and command line):
LogInit:  - bVerifyPeer = true  - Libcurl will verify peer certificate
LogInit:  - bUseHttpProxy = false  - Libcurl will NOT use HTTP proxy
LogInit:  - bDontReuseConnections = false  - Libcurl will reuse connections
LogInit:  - MaxHostConnections = 16  - Libcurl will limit the number of connections to a host
LogInit:  - LocalHostAddr = Default
LogInit:  - BufferSize = 65536
LogOnline: OSS: Creating online subsystem instance for: NULL
LogInit: WinSock: version 1.1 (2.2), MaxSocks=32767, MaxUdp=65467
LogOnline: OSS: TryLoadSubsystemAndSetDefault: Loaded subsystem for module [NULL]
LogOculusPluginWrapper: OculusPlugin initialized successfully
LogHMD: Failed initializing OVRPlugin 1.59.0
LogInit: Build: ++UE4+Release-4.27-CL-18319896
LogInit: Engine Version: 4.27.2-18319896+++UE4+Release-4.27
LogInit: Compatible Engine Version: 4.27.0-17155196+++UE4+Release-4.27
LogInit: Net CL: 17155196
LogInit: OS: Windows 10 (Release 2009) (), CPU: Intel(R) Core(TM) i5-10300H CPU @ 2.50GHz, GPU: Intel(R) UHD Graphics
LogInit: Compiled (64-bit): Nov 30 2021 07:12:08
LogInit: Compiled with Visual C++: 19.24.28315.00
LogInit: Build Configuration: Development
LogInit: Branch Name: ++UE4+Release-4.27
LogInit: Command Line: 
LogInit: Base Directory: D:/Progams on PC/Unreal/UE_4.27/Engine/Binaries/Win64/
LogInit: Allocator: TBB
LogInit: Installed Engine Build: 1
LogDevObjectVersion: Number of dev versions registered: 29
LogDevObjectVersion:   Dev-Blueprints (B0D832E4-1F89-4F0D-ACCF-7EB736FD4AA2): 10
LogDevObjectVersion:   Dev-Build (E1C64328-A22C-4D53-A36C-8E866417BD8C): 0
LogDevObjectVersion:   Dev-Core (375EC13C-06E4-48FB-B500-84F0262A717E): 4
LogDevObjectVersion:   Dev-Editor (E4B068ED-F494-42E9-A231-DA0B2E46BB41): 40
LogDevObjectVersion:   Dev-Framework (CFFC743F-43B0-4480-9391-14DF171D2073): 37
LogDevObjectVersion:   Dev-Mobile (B02B49B5-BB20-44E9-A304-32B752E40360): 3
LogDevObjectVersion:   Dev-Networking (A4E4105C-59A1-49B5-A7C5-40C4547EDFEE): 0
LogDevObjectVersion:   Dev-Online (39C831C9-5AE6-47DC-9A44-9C173E1C8E7C): 0
LogDevObjectVersion:   Dev-Physics (78F01B33-EBEA-4F98-B9B4-84EACCB95AA2): 14
LogDevObjectVersion:   Dev-Platform (6631380F-2D4D-43E0-8009-CF276956A95A): 0
LogDevObjectVersion:   Dev-Rendering (12F88B9F-8875-4AFC-A67C-D90C383ABD29): 45
LogDevObjectVersion:   Dev-Sequencer (7B5AE74C-D270-4C10-A958-57980B212A5A): 13
LogDevObjectVersion:   Dev-VR (D7296918-1DD6-4BDD-9DE2-64A83CC13884): 3
LogDevObjectVersion:   Dev-LoadTimes (C2A15278-BFE7-4AFE-6C17-90FF531DF755): 1
LogDevObjectVersion:   Private-Geometry (6EACA3D4-40EC-4CC1-B786-8BED09428FC5): 3
LogDevObjectVersion:   Dev-AnimPhys (29E575DD-E0A3-4627-9D10-D276232CDCEA): 17
LogDevObjectVersion:   Dev-Anim (AF43A65D-7FD3-4947-9873-3E8ED9C1BB05): 15
LogDevObjectVersion:   Dev-ReflectionCapture (6B266CEC-1EC7-4B8F-A30B-E4D90942FC07): 1
LogDevObjectVersion:   Dev-Automation (0DF73D61-A23F-47EA-B727-89E90C41499A): 1
LogDevObjectVersion:   FortniteMain (601D1886-AC64-4F84-AA16-D3DE0DEAC7D6): 47
LogDevObjectVersion:   FortniteRelease (E7086368-6B23-4C58-8439-1B7016265E91): 1
LogDevObjectVersion:   Dev-Enterprise (9DFFBCD6-494F-0158-E221-12823C92A888): 10
LogDevObjectVersion:   Dev-Niagara (F2AED0AC-9AFE-416F-8664-AA7FFA26D6FC): 1
LogDevObjectVersion:   Dev-Destruction (174F1F0B-B4C6-45A5-B13F-2EE8D0FB917D): 10
LogDevObjectVersion:   Dev-Physics-Ext (35F94A83-E258-406C-A318-09F59610247C): 41
LogDevObjectVersion:   Dev-PhysicsMaterial-Chaos (B68FC16E-8B1B-42E2-B453-215C058844FE): 1
LogDevObjectVersion:   Dev-CineCamera (B2E18506-4273-CFC2-A54E-F4BB758BBA07): 1
LogDevObjectVersion:   Dev-VirtualProduction (64F58936-FD1B-42BA-BA96-7289D5D0FA4E): 1
LogDevObjectVersion:   Dev-MediaFramework (6F0ED827-A609-4895-9C91-998D90180EA4): 2
LogInit: Presizing for max 25165824 objects, including 0 objects not considered by GC, pre-allocating 0 bytes for permanent pool.
LogConfig: Applying CVar settings from Section [/Script/Engine.StreamingSettings] File [D:/WORKPLACE/Mini_laboratory/MEPhI_VR_term_1/Mini_laboratory/Saved/Config/Windows/Engine.ini]
LogConfig: Setting CVar [[s.MinBulkDataSizeForAsyncLoading:131072]]
LogConfig: Setting CVar [[s.AsyncLoadingThreadEnabled:0]]
LogConfig: Setting CVar [[s.EventDrivenLoaderEnabled:1]]
LogConfig: Setting CVar [[s.WarnIfTimeLimitExceeded:0]]
LogConfig: Setting CVar [[s.TimeLimitExceededMultiplier:1.5]]
LogConfig: Setting CVar [[s.TimeLimitExceededMinTime:0.005]]
LogConfig: Setting CVar [[s.UseBackgroundLevelStreaming:1]]
LogConfig: Setting CVar [[s.PriorityAsyncLoadingExtraTime:15.0]]
LogConfig: Setting CVar [[s.LevelStreamingActorsUpdateTimeLimit:5.0]]
LogConfig: Setting CVar [[s.PriorityLevelStreamingActorsUpdateExtraTime:5.0]]
LogConfig: Setting CVar [[s.LevelStreamingComponentsRegistrationGranularity:10]]
LogConfig: Setting CVar [[s.UnregisterComponentsTimeLimit:1.0]]
LogConfig: Setting CVar [[s.LevelStreamingComponentsUnregistrationGranularity:5]]
LogConfig: Setting CVar [[s.FlushStreamingOnExit:1]]
LogInit: Object subsystem initialized
LogConfig: Setting CVar [[con.DebugEarlyDefault:1]]
LogConfig: Setting CVar [[r.setres:1280x720]]
[2025.12.20-15.32.14:240][  0]LogConfig: Setting CVar [[r.VSync:0]]
[2025.12.20-15.32.14:240][  0]LogConfig: Setting CVar [[r.RHICmdBypass:0]]
[2025.12.20-15.32.14:240][  0]LogConfig: Applying CVar settings from Section [/Script/Engine.RendererSettings] File [D:/WORKPLACE/Mini_laboratory/MEPhI_VR_term_1/Mini_laboratory/Saved/Config/Windows/Engine.ini]
[2025.12.20-15.32.14:240][  0]LogConfig: Setting CVar [[r.GPUCrashDebugging:0]]
[2025.12.20-15.32.14:240][  0]LogConfig: Applying CVar settings from Section [/Script/Engine.RendererOverrideSettings] File [D:/WORKPLACE/Mini_laboratory/MEPhI_VR_term_1/Mini_laboratory/Saved/Config/Windows/Engine.ini]
[2025.12.20-15.32.14:240][  0]LogConfig: Applying CVar settings from Section [/Script/Engine.StreamingSettings] File [D:/WORKPLACE/Mini_laboratory/MEPhI_VR_term_1/Mini_laboratory/Saved/Config/Windows/Engine.ini]
[2025.12.20-15.32.14:240][  0]LogConfig: Setting CVar [[s.MinBulkDataSizeForAsyncLoading:131072]]
[2025.12.20-15.32.14:240][  0]LogConfig: Setting CVar [[s.AsyncLoadingThreadEnabled:0]]
[2025.12.20-15.32.14:240][  0]LogConfig: Setting CVar [[s.EventDrivenLoaderEnabled:1]]
[2025.12.20-15.32.14:240][  0]LogConfig: Setting CVar [[s.WarnIfTimeLimitExceeded:0]]
[2025.12.20-15.32.14:240][  0]LogConfig: Setting CVar [[s.TimeLimitExceededMultiplier:1.5]]
[2025.12.20-15.32.14:240][  0]LogConfig: Setting CVar [[s.TimeLimitExceededMinTime:0.005]]
[2025.12.20-15.32.14:240][  0]LogConfig: Setting CVar [[s.UseBackgroundLevelStreaming:1]]
[2025.12.20-15.32.14:240][  0]LogConfig: Setting CVar [[s.PriorityAsyncLoadingExtraTime:15.0]]
[2025.12.20-15.32.14:240][  0]LogConfig: Setting CVar [[s.LevelStreamingActorsUpdateTimeLimit:5.0]]
[2025.12.20-15.32.14:240][  0]LogConfig: Setting CVar [[s.PriorityLevelStreamingActorsUpdateExtraTime:5.0]]
[2025.12.20-15.32.14:240][  0]LogConfig: Setting CVar [[s.LevelStreamingComponentsRegistrationGranularity:10]]
[2025.12.20-15.32.14:240][  0]LogConfig: Setting CVar [[s.UnregisterComponentsTimeLimit:1.0]]
[2025.12.20-15.32.14:240][  0]LogConfig: Setting CVar [[s.LevelStreamingComponentsUnregistrationGranularity:5]]
[2025.12.20-15.32.14:240][  0]LogConfig: Setting CVar [[s.FlushStreamingOnExit:1]]
[2025.12.20-15.32.14:240][  0]LogConfig: Applying CVar settings from Section [/Script/Engine.GarbageCollectionSettings] File [D:/WORKPLACE/Mini_laboratory/MEPhI_VR_term_1/Mini_laboratory/Saved/Config/Windows/Engine.ini]
[2025.12.20-15.32.14:240][  0]LogConfig: Setting CVar [[gc.MaxObjectsNotConsideredByGC:1]]
[2025.12.20-15.32.14:240][  0]LogConfig: Setting CVar [[gc.SizeOfPermanentObjectPool:0]]
[2025.12.20-15.32.14:240][  0]LogConfig: Setting CVar [[gc.FlushStreamingOnGC:0]]
[2025.12.20-15.32.14:240][  0]LogConfig: Setting CVar [[gc.NumRetriesBeforeForcingGC:10]]
[2025.12.20-15.32.14:240][  0]LogConfig: Setting CVar [[gc.AllowParallelGC:1]]
[2025.12.20-15.32.14:240][  0]LogConfig: Setting CVar [[gc.TimeBetweenPurgingPendingKillObjects:61.1]]
[2025.12.20-15.32.14:240][  0]LogConfig: Setting CVar [[gc.MaxObjectsInEditor:25165824]]
[2025.12.20-15.32.14:240][  0]LogConfig: Setting CVar [[gc.IncrementalBeginDestroyEnabled:1]]
[2025.12.20-15.32.14:240][  0]LogConfig: Setting CVar [[gc.CreateGCClusters:1]]
[2025.12.20-15.32.14:240][  0]LogConfig: Setting CVar [[gc.MinGCClusterSize:5]]
[2025.12.20-15.32.14:240][  0]LogConfig: Setting CVar [[gc.ActorClusteringEnabled:0]]
[2025.12.20-15.32.14:240][  0]LogConfig: Setting CVar [[gc.BlueprintClusteringEnabled:0]]
[2025.12.20-15.32.14:240][  0]LogConfig: Setting CVar [[gc.UseDisregardForGCOnDedicatedServers:0]]
[2025.12.20-15.32.14:240][  0]LogConfig: Setting CVar [[gc.MultithreadedDestructionEnabled:1]]
[2025.12.20-15.32.14:240][  0]LogConfig: Applying CVar settings from Section [/Script/Engine.NetworkSettings] File [D:/WORKPLACE/Mini_laboratory/MEPhI_VR_term_1/Mini_laboratory/Saved/Config/Windows/Engine.ini]
[2025.12.20-15.32.14:240][  0]LogConfig: Applying CVar settings from Section [/Script/UnrealEd.CookerSettings] File [D:/WORKPLACE/Mini_laboratory/MEPhI_VR_term_1/Mini_laboratory/Saved/Config/Windows/Engine.ini]
[2025.12.20-15.32.14:268][  0]LogConfig: Applying CVar settings from Section [ViewDistanceQuality@3] File [D:/WORKPLACE/Mini_laboratory/MEPhI_VR_term_1/Mini_laboratory/Saved/Config/Windows/Scalability.ini]
[2025.12.20-15.32.14:268][  0]LogConfig: Setting CVar [[r.SkeletalMeshLODBias:0]]
[2025.12.20-15.32.14:268][  0]LogConfig: Setting CVar [[r.ViewDistanceScale:1.0]]
[2025.12.20-15.32.14:268][  0]LogConfig: Applying CVar settings from Section [AntiAliasingQuality@3] File [D:/WORKPLACE/Mini_laboratory/MEPhI_VR_term_1/Mini_laboratory/Saved/Config/Windows/Scalability.ini]
[2025.12.20-15.32.14:268][  0]LogConfig: Setting CVar [[r.PostProcessAAQuality:4]]
[2025.12.20-15.32.14:268][  0]LogConfig: Applying CVar settings from Section [ShadowQuality@3] File [D:/WORKPLACE/Mini_laboratory/MEPhI_VR_term_1/Mini_laboratory/Saved/Config/Windows/Scalability.ini]
[2025.12.20-15.32.14:268][  0]LogConfig: Setting CVar [[r.LightFunctionQuality:1]]
[2025.12.20-15.32.14:268][  0]LogConfig: Setting CVar [[r.ShadowQuality:5]]
[2025.12.20-15.32.14:268][  0]LogConfig: Setting CVar [[r.Shadow.CSM.MaxCascades:10]]
[2025.12.20-15.32.14:268][  0]LogConfig: Setting CVar [[r.Shadow.MaxResolution:2048]]
[2025.12.20-15.32.14:268][  0]LogConfig: Setting CVar [[r.Shadow.MaxCSMResolution:2048]]
[2025.12.20-15.32.14:268][  0]LogConfig: Setting CVar [[r.Shadow.RadiusThreshold:0.01]]
[2025.12.20-15.32.14:268][  0]LogConfig: Setting CVar [[r.Shadow.DistanceScale:1.0]]
[2025.12.20-15.32.14:268][  0]LogConfig: Setting CVar [[r.Shadow.CSM.TransitionScale:1.0]]
[2025.12.20-15.32.14:268][  0]LogConfig: Setting CVar [[r.Shadow.PreShadowResolutionFactor:1.0]]
[2025.12.20-15.32.14:268][  0]LogConfig: Setting CVar [[r.DistanceFieldShadowing:1]]
[2025.12.20-15.32.14:268][  0]LogConfig: Setting CVar [[r.DistanceFieldAO:1]]
[2025.12.20-15.32.14:268][  0]LogConfig: Setting CVar [[r.AOQuality:2]]
[2025.12.20-15.32.14:268][  0]LogConfig: Setting CVar [[r.VolumetricFog:1]]
[2025.12.20-15.32.14:268][  0]LogConfig: Setting CVar [[r.VolumetricFog.GridPixelSize:8]]
[2025.12.20-15.32.14:268][  0]LogConfig: Setting CVar [[r.VolumetricFog.GridSizeZ:128]]
[2025.12.20-15.32.14:268][  0]LogConfig: Setting CVar [[r.VolumetricFog.HistoryMissSupersampleCount:4]]
[2025.12.20-15.32.14:268][  0]LogConfig: Setting CVar [[r.LightMaxDrawDistanceScale:1]]
[2025.12.20-15.32.14:268][  0]LogConfig: Setting CVar [[r.CapsuleShadows:1]]
[2025.12.20-15.32.14:268][  0]LogConfig: Applying CVar settings from Section [PostProcessQuality@3] File [D:/WORKPLACE/Mini_laboratory/MEPhI_VR_term_1/Mini_laboratory/Saved/Config/Windows/Scalability.ini]
[2025.12.20-15.32.14:268][  0]LogConfig: Setting CVar [[r.MotionBlurQuality:4]]
[2025.12.20-15.32.14:268][  0]LogConfig: Setting CVar [[r.AmbientOcclusionMipLevelFactor:0.4]]
[2025.12.20-15.32.14:268][  0]LogConfig: Setting CVar [[r.AmbientOcclusionMaxQuality:100]]
[2025.12.20-15.32.14:268][  0]LogConfig: Setting CVar [[r.AmbientOcclusionLevels:-1]]
[2025.12.20-15.32.14:268][  0]LogConfig: Setting CVar [[r.AmbientOcclusionRadiusScale:1.0]]
[2025.12.20-15.32.14:268][  0]LogConfig: Setting CVar [[r.DepthOfFieldQuality:2]]
[2025.12.20-15.32.14:268][  0]LogConfig: Setting CVar [[r.RenderTargetPoolMin:400]]
[2025.12.20-15.32.14:268][  0]LogConfig: Setting CVar [[r.LensFlareQuality:2]]
[2025.12.20-15.32.14:268][  0]LogConfig: Setting CVar [[r.SceneColorFringeQuality:1]]
[2025.12.20-15.32.14:268][  0]LogConfig: Setting CVar [[r.EyeAdaptationQuality:2]]
[2025.12.20-15.32.14:268][  0]LogConfig: Setting CVar [[r.BloomQuality:5]]
[2025.12.20-15.32.14:268][  0]LogConfig: Setting CVar [[r.FastBlurThreshold:100]]
[2025.12.20-15.32.14:268][  0]LogConfig: Setting CVar [[r.Upscale.Quality:3]]
[2025.12.20-15.32.14:268][  0]LogConfig: Setting CVar [[r.Tonemapper.GrainQuantization:1]]
[2025.12.20-15.32.14:268][  0]LogConfig: Setting CVar [[r.LightShaftQuality:1]]
[2025.12.20-15.32.14:268][  0]LogConfig: Setting CVar [[r.Filter.SizeScale:1]]
[2025.12.20-15.32.14:268][  0]LogConfig: Setting CVar [[r.Tonemapper.Quality:5]]
[2025.12.20-15.32.14:268][  0]LogConfig: Setting CVar [[r.DOF.Gather.AccumulatorQuality:1        ; higher gathering accumulator quality]]
[2025.12.20-15.32.14:268][  0]LogConfig: Setting CVar [[r.DOF.Gather.PostfilterMethod:1          ; Median3x3 postfilering method]]
[2025.12.20-15.32.14:268][  0]LogConfig: Setting CVar [[r.DOF.Gather.EnableBokehSettings:0       ; no bokeh simulation when gathering]]
[2025.12.20-15.32.14:268][  0]LogConfig: Setting CVar [[r.DOF.Gather.RingCount:4                 ; medium number of samples when gathering]]
[2025.12.20-15.32.14:268][  0]LogConfig: Setting CVar [[r.DOF.Scatter.ForegroundCompositing:1    ; additive foreground scattering]]
[2025.12.20-15.32.14:268][  0]LogConfig: Setting CVar [[r.DOF.Scatter.BackgroundCompositing:2    ; additive background scattering]]
[2025.12.20-15.32.14:268][  0]LogConfig: Setting CVar [[r.DOF.Scatter.EnableBokehSettings:1      ; bokeh simulation when scattering]]
[2025.12.20-15.32.14:268][  0]LogConfig: Setting CVar [[r.DOF.Scatter.MaxSpriteRatio:0.1         ; only a maximum of 10% of scattered bokeh]]
[2025.12.20-15.32.14:268][  0]LogConfig: Setting CVar [[r.DOF.Recombine.Quality:1                ; cheap slight out of focus]]
[2025.12.20-15.32.14:268][  0]LogConfig: Setting CVar [[r.DOF.Recombine.EnableBokehSettings:0    ; no bokeh simulation on slight out of focus]]
[2025.12.20-15.32.14:268][  0]LogConfig: Setting CVar [[r.DOF.TemporalAAQuality:1                ; more stable temporal accumulation]]
[2025.12.20-15.32.14:268][  0]LogConfig: Setting CVar [[r.DOF.Kernel.MaxForegroundRadius:0.025]]
[2025.12.20-15.32.14:268][  0]LogConfig: Setting CVar [[r.DOF.Kernel.MaxBackgroundRadius:0.025]]
[2025.12.20-15.32.14:268][  0]LogConfig: Applying CVar settings from Section [TextureQuality@3] File [D:/WORKPLACE/Mini_laboratory/MEPhI_VR_term_1/Mini_laboratory/Saved/Config/Windows/Scalability.ini]
[2025.12.20-15.32.14:268][  0]LogConfig: Setting CVar [[r.Streaming.MipBias:0]]
[2025.12.20-15.32.14:268][  0]LogConfig: Setting CVar [[r.Streaming.AmortizeCPUToGPUCopy:0]]
[2025.12.20-15.32.14:268][  0]LogConfig: Setting CVar [[r.Streaming.MaxNumTexturesToStreamPerFrame:0]]
[2025.12.20-15.32.14:268][  0]LogConfig: Setting CVar [[r.Streaming.Boost:1]]
[2025.12.20-15.32.14:268][  0]LogConfig: Setting CVar [[r.MaxAnisotropy:8]]
[2025.12.20-15.32.14:268][  0]LogConfig: Setting CVar [[r.VT.MaxAnisotropy:8]]
[2025.12.20-15.32.14:268][  0]LogConfig: Setting CVar [[r.Streaming.LimitPoolSizeToVRAM:0]]
[2025.12.20-15.32.14:268][  0]LogConfig: Setting CVar [[r.Streaming.PoolSize:1000]]
[2025.12.20-15.32.14:268][  0]LogConfig: Setting CVar [[r.Streaming.MaxEffectiveScreenSize:0]]
[2025.12.20-15.32.14:268][  0]LogConfig: Applying CVar settings from Section [EffectsQuality@3] File [D:/WORKPLACE/Mini_laboratory/MEPhI_VR_term_1/Mini_laboratory/Saved/Config/Windows/Scalability.ini]
[2025.12.20-15.32.14:268][  0]LogConfig: Setting CVar [[r.TranslucencyLightingVolumeDim:64]]
[2025.12.20-15.32.14:268][  0]LogConfig: Setting CVar [[r.RefractionQuality:2]]
[2025.12.20-15.32.14:268][  0]LogConfig: Setting CVar [[r.SSR.Quality:3]]
[2025.12.20-15.32.14:268][  0]LogConfig: Setting CVar [[r.SSR.HalfResSceneColor:0]]
[2025.12.20-15.32.14:268][  0]LogConfig: Setting CVar [[r.SceneColorFormat:4]]
[2025.12.20-15.32.14:268][  0]LogConfig: Setting CVar [[r.DetailMode:2]]
[2025.12.20-15.32.14:268][  0]LogConfig: Setting CVar [[r.TranslucencyVolumeBlur:1]]
[2025.12.20-15.32.14:268][  0]LogConfig: Setting CVar [[r.MaterialQualityLevel:1 ; High quality]]
[2025.12.20-15.32.14:268][  0]LogConfig: Setting CVar [[r.AnisotropicMaterials:1]]
[2025.12.20-15.32.14:268][  0]LogConfig: Setting CVar [[r.SSS.Scale:1]]
[2025.12.20-15.32.14:268][  0]LogConfig: Setting CVar [[r.SSS.SampleSet:2]]
[2025.12.20-15.32.14:268][  0]LogConfig: Setting CVar [[r.SSS.Quality:1]]
[2025.12.20-15.32.14:268][  0]LogConfig: Setting CVar [[r.SSS.HalfRes:0]]
[2025.12.20-15.32.14:268][  0]LogConfig: Setting CVar [[r.SSGI.Quality:3]]
[2025.12.20-15.32.14:268][  0]LogConfig: Setting CVar [[r.EmitterSpawnRateScale:1.0]]
[2025.12.20-15.32.14:268][  0]LogConfig: Setting CVar [[r.ParticleLightQuality:2]]
[2025.12.20-15.32.14:268][  0]LogConfig: Setting CVar [[r.SkyAtmosphere.AerialPerspectiveLUT.FastApplyOnOpaque:1 ; Always have FastSkyLUT 1 in this case to avoid wrong sky]]
[2025.12.20-15.32.14:268][  0]LogConfig: Setting CVar [[r.SkyAtmosphere.AerialPerspectiveLUT.SampleCountMaxPerSlice:4]]
[2025.12.20-15.32.14:268][  0]LogConfig: Setting CVar [[r.SkyAtmosphere.AerialPerspectiveLUT.DepthResolution:16.0]]
[2025.12.20-15.32.14:268][  0]LogConfig: Setting CVar [[r.SkyAtmosphere.FastSkyLUT:1]]
[2025.12.20-15.32.14:268][  0]LogConfig: Setting CVar [[r.SkyAtmosphere.FastSkyLUT.SampleCountMin:4.0]]
[2025.12.20-15.32.14:268][  0]LogConfig: Setting CVar [[r.SkyAtmosphere.FastSkyLUT.SampleCountMax:128.0]]
[2025.12.20-15.32.14:268][  0]LogConfig: Setting CVar [[r.SkyAtmosphere.SampleCountMin:4.0]]
[2025.12.20-15.32.14:268][  0]LogConfig: Setting CVar [[r.SkyAtmosphere.SampleCountMax:128.0]]
[2025.12.20-15.32.14:268][  0]LogConfig: Setting CVar [[r.SkyAtmosphere.TransmittanceLUT.UseSmallFormat:0]]
[2025.12.20-15.32.14:268][  0]LogConfig: Setting CVar [[r.SkyAtmosphere.TransmittanceLUT.SampleCount:10.0]]
[2025.12.20-15.32.14:268][  0]LogConfig: Setting CVar [[r.SkyAtmosphere.MultiScatteringLUT.SampleCount:15.0]]
[2025.12.20-15.32.14:268][  0]LogConfig: Setting CVar [[r.SkyLight.RealTimeReflectionCapture:1]]
[2025.12.20-15.32.14:269][  0]LogConfig: Applying CVar settings from Section [FoliageQuality@3] File [D:/WORKPLACE/Mini_laboratory/MEPhI_VR_term_1/Mini_laboratory/Saved/Config/Windows/Scalability.ini]
[2025.12.20-15.32.14:269][  0]LogConfig: Setting CVar [[foliage.DensityScale:1.0]]
[2025.12.20-15.32.14:269][  0]LogConfig: Setting CVar [[grass.DensityScale:1.0]]
[2025.12.20-15.32.14:269][  0]LogConfig: Applying CVar settings from Section [ShadingQuality@3] File [D:/WORKPLACE/Mini_laboratory/MEPhI_VR_term_1/Mini_laboratory/Saved/Config/Windows/Scalability.ini]
[2025.12.20-15.32.14:269][  0]LogConfig: Setting CVar [[r.HairStrands.SkyLighting.IntegrationType:2]]
[2025.12.20-15.32.14:269][  0]LogConfig: Setting CVar [[r.HairStrands.SkyAO.SampleCount:4]]
[2025.12.20-15.32.14:269][  0]LogConfig: Setting CVar [[r.HairStrands.Visibility.MSAA.SamplePerPixel:4]]
[2025.12.20-15.32.14:269][  0]LogInit: Selected Device Profile: [Windows]
[2025.12.20-15.32.14:269][  0]LogInit: Applying CVar settings loaded from the selected device profile: [Windows]
[2025.12.20-15.32.14:269][  0]LogHAL: Display: Platform has ~ 8 GB [8451309568 / 8589934592 / 8], which maps to Default [LargestMinGB=32, LargerMinGB=12, DefaultMinGB=8, SmallerMinGB=6, SmallestMinGB=0)
[2025.12.20-15.32.14:269][  0]LogInit: Going up to parent DeviceProfile []
[2025.12.20-15.32.14:270][  0]LogConfig: Applying CVar settings from Section [ViewDistanceQuality@3] File [D:/WORKPLACE/Mini_laboratory/MEPhI_VR_term_1/Mini_laboratory/Saved/Config/Windows/Scalability.ini]
[2025.12.20-15.32.14:270][  0]LogConfig: Setting CVar [[r.SkeletalMeshLODBias:0]]
[2025.12.20-15.32.14:270][  0]LogConfig: Setting CVar [[r.ViewDistanceScale:1.0]]
[2025.12.20-15.32.14:270][  0]LogConfig: Applying CVar settings from Section [AntiAliasingQuality@3] File [D:/WORKPLACE/Mini_laboratory/MEPhI_VR_term_1/Mini_laboratory/Saved/Config/Windows/Scalability.ini]
[2025.12.20-15.32.14:270][  0]LogConfig: Setting CVar [[r.PostProcessAAQuality:4]]
[2025.12.20-15.32.14:270][  0]LogConfig: Applying CVar settings from Section [ShadowQuality@3] File [D:/WORKPLACE/Mini_laboratory/MEPhI_VR_term_1/Mini_laboratory/Saved/Config/Windows/Scalability.ini]
[2025.12.20-15.32.14:270][  0]LogConfig: Setting CVar [[r.LightFunctionQuality:1]]
[2025.12.20-15.32.14:270][  0]LogConfig: Setting CVar [[r.ShadowQuality:5]]
[2025.12.20-15.32.14:270][  0]LogConfig: Setting CVar [[r.Shadow.CSM.MaxCascades:10]]
[2025.12.20-15.32.14:270][  0]LogConfig: Setting CVar [[r.Shadow.MaxResolution:2048]]
[2025.12.20-15.32.14:270][  0]LogConfig: Setting CVar [[r.Shadow.MaxCSMResolution:2048]]
[2025.12.20-15.32.14:270][  0]LogConfig: Setting CVar [[r.Shadow.RadiusThreshold:0.01]]
[2025.12.20-15.32.14:270][  0]LogConfig: Setting CVar [[r.Shadow.DistanceScale:1.0]]
[2025.12.20-15.32.14:270][  0]LogConfig: Setting CVar [[r.Shadow.CSM.TransitionScale:1.0]]
[2025.12.20-15.32.14:270][  0]LogConfig: Setting CVar [[r.Shadow.PreShadowResolutionFactor:1.0]]
[2025.12.20-15.32.14:270][  0]LogConfig: Setting CVar [[r.DistanceFieldShadowing:1]]
[2025.12.20-15.32.14:270][  0]LogConfig: Setting CVar [[r.DistanceFieldAO:1]]
[2025.12.20-15.32.14:270][  0]LogConfig: Setting CVar [[r.AOQuality:2]]
[2025.12.20-15.32.14:270][  0]LogConfig: Setting CVar [[r.VolumetricFog:1]]
[2025.12.20-15.32.14:270][  0]LogConfig: Setting CVar [[r.VolumetricFog.GridPixelSize:8]]
[2025.12.20-15.32.14:270][  0]LogConfig: Setting CVar [[r.VolumetricFog.GridSizeZ:128]]
[2025.12.20-15.32.14:270][  0]LogConfig: Setting CVar [[r.VolumetricFog.HistoryMissSupersampleCount:4]]
[2025.12.20-15.32.14:270][  0]LogConfig: Setting CVar [[r.LightMaxDrawDistanceScale:1]]
[2025.12.20-15.32.14:270][  0]LogConfig: Setting CVar [[r.CapsuleShadows:1]]
[2025.12.20-15.32.14:270][  0]LogConfig: Applying CVar settings from Section [PostProcessQuality@3] File [D:/WORKPLACE/Mini_laboratory/MEPhI_VR_term_1/Mini_laboratory/Saved/Config/Windows/Scalability.ini]
[2025.12.20-15.32.14:270][  0]LogConfig: Setting CVar [[r.MotionBlurQuality:4]]
[2025.12.20-15.32.14:270][  0]LogConfig: Setting CVar [[r.AmbientOcclusionMipLevelFactor:0.4]]
[2025.12.20-15.32.14:270][  0]LogConfig: Setting CVar [[r.AmbientOcclusionMaxQuality:100]]
[2025.12.20-15.32.14:270][  0]LogConfig: Setting CVar [[r.AmbientOcclusionLevels:-1]]
[2025.12.20-15.32.14:270][  0]LogConfig: Setting CVar [[r.AmbientOcclusionRadiusScale:1.0]]
[2025.12.20-15.32.14:270][  0]LogConfig: Setting CVar [[r.DepthOfFieldQuality:2]]
[2025.12.20-15.32.14:270][  0]LogConfig: Setting CVar [[r.RenderTargetPoolMin:400]]
[2025.12.20-15.32.14:270][  0]LogConfig: Setting CVar [[r.LensFlareQuality:2]]
[2025.12.20-15.32.14:270][  0]LogConfig: Setting CVar [[r.SceneColorFringeQuality:1]]
[2025.12.20-15.32.14:270][  0]LogConfig: Setting CVar [[r.EyeAdaptationQuality:2]]
[2025.12.20-15.32.14:270][  0]LogConfig: Setting CVar [[r.BloomQuality:5]]
[2025.12.20-15.32.14:270][  0]LogConfig: Setting CVar [[r.FastBlurThreshold:100]]
[2025.12.20-15.32.14:270][  0]LogConfig: Setting CVar [[r.Upscale.Quality:3]]
[2025.12.20-15.32.14:270][  0]LogConfig: Setting CVar [[r.Tonemapper.GrainQuantization:1]]
[2025.12.20-15.32.14:270][  0]LogConfig: Setting CVar [[r.LightShaftQuality:1]]
[2025.12.20-15.32.14:270][  0]LogConfig: Setting CVar [[r.Filter.SizeScale:1]]
[2025.12.20-15.32.14:270][  0]LogConfig: Setting CVar [[r.Tonemapper.Quality:5]]
[2025.12.20-15.32.14:270][  0]LogConfig: Setting CVar [[r.DOF.Gather.AccumulatorQuality:1        ; higher gathering accumulator quality]]
[2025.12.20-15.32.14:270][  0]LogConfig: Setting CVar [[r.DOF.Gather.PostfilterMethod:1          ; Median3x3 postfilering method]]
[2025.12.20-15.32.14:270][  0]LogConfig: Setting CVar [[r.DOF.Gather.EnableBokehSettings:0       ; no bokeh simulation when gathering]]
[2025.12.20-15.32.14:270][  0]LogConfig: Setting CVar [[r.DOF.Gather.RingCount:4                 ; medium number of samples when gathering]]
[2025.12.20-15.32.14:270][  0]LogConfig: Setting CVar [[r.DOF.Scatter.ForegroundCompositing:1    ; additive foreground scattering]]
[2025.12.20-15.32.14:270][  0]LogConfig: Setting CVar [[r.DOF.Scatter.BackgroundCompositing:2    ; additive background scattering]]
[2025.12.20-15.32.14:270][  0]LogConfig: Setting CVar [[r.DOF.Scatter.EnableBokehSettings:1      ; bokeh simulation when scattering]]
[2025.12.20-15.32.14:270][  0]LogConfig: Setting CVar [[r.DOF.Scatter.MaxSpriteRatio:0.1         ; only a maximum of 10% of scattered bokeh]]
[2025.12.20-15.32.14:270][  0]LogConfig: Setting CVar [[r.DOF.Recombine.Quality:1                ; cheap slight out of focus]]
[2025.12.20-15.32.14:270][  0]LogConfig: Setting CVar [[r.DOF.Recombine.EnableBokehSettings:0    ; no bokeh simulation on slight out of focus]]
[2025.12.20-15.32.14:270][  0]LogConfig: Setting CVar [[r.DOF.TemporalAAQuality:1                ; more stable temporal accumulation]]
[2025.12.20-15.32.14:270][  0]LogConfig: Setting CVar [[r.DOF.Kernel.MaxForegroundRadius:0.025]]
[2025.12.20-15.32.14:270][  0]LogConfig: Setting CVar [[r.DOF.Kernel.MaxBackgroundRadius:0.025]]
[2025.12.20-15.32.14:270][  0]LogConfig: Applying CVar settings from Section [TextureQuality@3] File [D:/WORKPLACE/Mini_laboratory/MEPhI_VR_term_1/Mini_laboratory/Saved/Config/Windows/Scalability.ini]
[2025.12.20-15.32.14:270][  0]LogConfig: Setting CVar [[r.Streaming.MipBias:0]]
[2025.12.20-15.32.14:270][  0]LogConfig: Setting CVar [[r.Streaming.AmortizeCPUToGPUCopy:0]]
[2025.12.20-15.32.14:270][  0]LogConfig: Setting CVar [[r.Streaming.MaxNumTexturesToStreamPerFrame:0]]
[2025.12.20-15.32.14:270][  0]LogConfig: Setting CVar [[r.Streaming.Boost:1]]
[2025.12.20-15.32.14:270][  0]LogConfig: Setting CVar [[r.MaxAnisotropy:8]]
[2025.12.20-15.32.14:270][  0]LogConfig: Setting CVar [[r.VT.MaxAnisotropy:8]]
[2025.12.20-15.32.14:270][  0]LogConfig: Setting CVar [[r.Streaming.LimitPoolSizeToVRAM:0]]
[2025.12.20-15.32.14:270][  0]LogConfig: Setting CVar [[r.Streaming.PoolSize:1000]]
[2025.12.20-15.32.14:270][  0]LogConfig: Setting CVar [[r.Streaming.MaxEffectiveScreenSize:0]]
[2025.12.20-15.32.14:270][  0]LogConfig: Applying CVar settings from Section [EffectsQuality@3] File [D:/WORKPLACE/Mini_laboratory/MEPhI_VR_term_1/Mini_laboratory/Saved/Config/Windows/Scalability.ini]
[2025.12.20-15.32.14:270][  0]LogConfig: Setting CVar [[r.TranslucencyLightingVolumeDim:64]]
[2025.12.20-15.32.14:270][  0]LogConfig: Setting CVar [[r.RefractionQuality:2]]
[2025.12.20-15.32.14:270][  0]LogConfig: Setting CVar [[r.SSR.Quality:3]]
[2025.12.20-15.32.14:270][  0]LogConfig: Setting CVar [[r.SSR.HalfResSceneColor:0]]
[2025.12.20-15.32.14:270][  0]LogConfig: Setting CVar [[r.SceneColorFormat:4]]
[2025.12.20-15.32.14:270][  0]LogConfig: Setting CVar [[r.DetailMode:2]]
[2025.12.20-15.32.14:270][  0]LogConfig: Setting CVar [[r.TranslucencyVolumeBlur:1]]
[2025.12.20-15.32.14:270][  0]LogConfig: Setting CVar [[r.MaterialQualityLevel:1 ; High quality]]
[2025.12.20-15.32.14:270][  0]LogConfig: Setting CVar [[r.AnisotropicMaterials:1]]
[2025.12.20-15.32.14:270][  0]LogConfig: Setting CVar [[r.SSS.Scale:1]]
[2025.12.20-15.32.14:270][  0]LogConfig: Setting CVar [[r.SSS.SampleSet:2]]
[2025.12.20-15.32.14:270][  0]LogConfig: Setting CVar [[r.SSS.Quality:1]]
[2025.12.20-15.32.14:270][  0]LogConfig: Setting CVar [[r.SSS.HalfRes:0]]
[2025.12.20-15.32.14:270][  0]LogConfig: Setting CVar [[r.SSGI.Quality:3]]
[2025.12.20-15.32.14:270][  0]LogConfig: Setting CVar [[r.EmitterSpawnRateScale:1.0]]
[2025.12.20-15.32.14:270][  0]LogConfig: Setting CVar [[r.ParticleLightQuality:2]]
[2025.12.20-15.32.14:270][  0]LogConfig: Setting CVar [[r.SkyAtmosphere.AerialPerspectiveLUT.FastApplyOnOpaque:1 ; Always have FastSkyLUT 1 in this case to avoid wrong sky]]
[2025.12.20-15.32.14:270][  0]LogConfig: Setting CVar [[r.SkyAtmosphere.AerialPerspectiveLUT.SampleCountMaxPerSlice:4]]
[2025.12.20-15.32.14:270][  0]LogConfig: Setting CVar [[r.SkyAtmosphere.AerialPerspectiveLUT.DepthResolution:16.0]]
[2025.12.20-15.32.14:270][  0]LogConfig: Setting CVar [[r.SkyAtmosphere.FastSkyLUT:1]]
[2025.12.20-15.32.14:270][  0]LogConfig: Setting CVar [[r.SkyAtmosphere.FastSkyLUT.SampleCountMin:4.0]]
[2025.12.20-15.32.14:270][  0]LogConfig: Setting CVar [[r.SkyAtmosphere.FastSkyLUT.SampleCountMax:128.0]]
[2025.12.20-15.32.14:270][  0]LogConfig: Setting CVar [[r.SkyAtmosphere.SampleCountMin:4.0]]
[2025.12.20-15.32.14:270][  0]LogConfig: Setting CVar [[r.SkyAtmosphere.SampleCountMax:128.0]]
[2025.12.20-15.32.14:271][  0]LogConfig: Setting CVar [[r.SkyAtmosphere.TransmittanceLUT.UseSmallFormat:0]]
[2025.12.20-15.32.14:271][  0]LogConfig: Setting CVar [[r.SkyAtmosphere.TransmittanceLUT.SampleCount:10.0]]
[2025.12.20-15.32.14:271][  0]LogConfig: Setting CVar [[r.SkyAtmosphere.MultiScatteringLUT.SampleCount:15.0]]
[2025.12.20-15.32.14:271][  0]LogConfig: Setting CVar [[r.SkyLight.RealTimeReflectionCapture:1]]
[2025.12.20-15.32.14:271][  0]LogConfig: Applying CVar settings from Section [FoliageQuality@3] File [D:/WORKPLACE/Mini_laboratory/MEPhI_VR_term_1/Mini_laboratory/Saved/Config/Windows/Scalability.ini]
[2025.12.20-15.32.14:271][  0]LogConfig: Setting CVar [[foliage.DensityScale:1.0]]
[2025.12.20-15.32.14:271][  0]LogConfig: Setting CVar [[grass.DensityScale:1.0]]
[2025.12.20-15.32.14:271][  0]LogConfig: Applying CVar settings from Section [ShadingQuality@3] File [D:/WORKPLACE/Mini_laboratory/MEPhI_VR_term_1/Mini_laboratory/Saved/Config/Windows/Scalability.ini]
[2025.12.20-15.32.14:271][  0]LogConfig: Setting CVar [[r.HairStrands.SkyLighting.IntegrationType:2]]
[2025.12.20-15.32.14:271][  0]LogConfig: Setting CVar [[r.HairStrands.SkyAO.SampleCount:4]]
[2025.12.20-15.32.14:271][  0]LogConfig: Setting CVar [[r.HairStrands.Visibility.MSAA.SamplePerPixel:4]]
[2025.12.20-15.32.14:271][  0]LogConfig: Applying CVar settings from Section [Startup] File [../../../Engine/Config/ConsoleVariables.ini]
[2025.12.20-15.32.14:279][  0]LogConfig: Setting CVar [[net.UseAdaptiveNetUpdateFrequency:0]]
[2025.12.20-15.32.14:279][  0]LogConfig: Setting CVar [[p.chaos.AllowCreatePhysxBodies:1]]
[2025.12.20-15.32.14:279][  0]LogConfig: Setting CVar [[fx.SkipVectorVMBackendOptimizations:1]]
[2025.12.20-15.32.14:279][  0]LogConfig: Applying CVar settings from Section [ConsoleVariables] File [D:/WORKPLACE/Mini_laboratory/MEPhI_VR_term_1/Mini_laboratory/Saved/Config/Windows/Engine.ini]
[2025.12.20-15.32.14:279][  0]LogConfig: Applying CVar settings from Section [ConsoleVariables] File [D:/WORKPLACE/Mini_laboratory/MEPhI_VR_term_1/Mini_laboratory/Saved/Config/Windows/Editor.ini]
[2025.12.20-15.32.14:280][  0]LogInit: Computer: LAPTOP-RE3L13LG
[2025.12.20-15.32.14:280][  0]LogInit: User: Vladislav
[2025.12.20-15.32.14:280][  0]LogInit: CPU Page size=4096, Cores=4
[2025.12.20-15.32.14:280][  0]LogInit: High frequency timer resolution =10.000000 MHz
[2025.12.20-15.32.14:280][  0]LogMemory: Memory total: Physical=7.9GB (8GB approx)
[2025.12.20-15.32.14:280][  0]LogMemory: Platform Memory Stats for Windows
[2025.12.20-15.32.14:280][  0]LogMemory: Process Physical Memory: 143.43 MB used, 143.43 MB peak
[2025.12.20-15.32.14:280][  0]LogMemory: Process Virtual Memory: 128.28 MB used, 128.28 MB peak
[2025.12.20-15.32.14:280][  0]LogMemory: Physical Memory: 4812.95 MB used,  3246.84 MB free, 8059.80 MB total
[2025.12.20-15.32.14:280][  0]LogMemory: Virtual Memory: 134207776.00 MB used,  9949.80 MB free, 134217728.00 MB total
[2025.12.20-15.32.14:287][  0]LogWindows: WindowsPlatformFeatures enabled
[2025.12.20-15.32.14:714][  0]LogInit: Physics initialised using underlying interface: PhysX
[2025.12.20-15.32.14:718][  0]LogInit: Using OS detected language (ru-RU).
[2025.12.20-15.32.14:718][  0]LogInit: Using OS detected locale (ru-RU).
[2025.12.20-15.32.14:744][  0]LogTextLocalizationManager: No specific localization for 'ru-RU' exists, so the 'ru' localization will be used.
[2025.12.20-15.32.14:744][  0]LogTextLocalizationResource: LocRes '../../../Engine/Content/Localization/Editor/ru/Editor.locres' could not be opened for reading!
[2025.12.20-15.32.14:744][  0]LogTextLocalizationResource: LocRes '../../../Engine/Content/Localization/EditorTutorials/ru/EditorTutorials.locres' could not be opened for reading!
[2025.12.20-15.32.14:744][  0]LogTextLocalizationResource: LocRes '../../../Engine/Content/Localization/Keywords/ru/Keywords.locres' could not be opened for reading!
[2025.12.20-15.32.14:744][  0]LogTextLocalizationResource: LocRes '../../../Engine/Content/Localization/Category/ru/Category.locres' could not be opened for reading!
[2025.12.20-15.32.14:745][  0]LogTextLocalizationResource: LocRes '../../../Engine/Content/Localization/ToolTips/ru/ToolTips.locres' could not be opened for reading!
[2025.12.20-15.32.14:746][  0]LogTextLocalizationResource: LocRes '../../../Engine/Content/Localization/PropertyNames/ru/PropertyNames.locres' could not be opened for reading!
[2025.12.20-15.32.14:746][  0]LogTextLocalizationResource: LocRes '../../../Engine/Content/Localization/Engine/ru/Engine.locres' could not be opened for reading!
[2025.12.20-15.32.14:780][  0]LogInit: Setting process to per monitor DPI aware
[2025.12.20-15.32.14:817][  0]LogWindowsTextInputMethodSystem: Display: IME system deactivated.
[2025.12.20-15.32.14:908][  0]LogSlate: New Slate User Created.  User Index 0, Is Virtual User: 0
[2025.12.20-15.32.14:908][  0]LogSlate: Slate User Registered.  User Index 0, Is Virtual User: 0
[2025.12.20-15.32.17:454][  0]LogD3D11RHI: Loaded GFSDK_Aftermath_Lib.x64.dll
[2025.12.20-15.32.17:476][  0]LogHMD: Failed to initialize OpenVR with code 110
[2025.12.20-15.32.17:476][  0]LogD3D11RHI: D3D11 min allowed feature level: 11_0
[2025.12.20-15.32.17:476][  0]LogD3D11RHI: D3D11 max allowed feature level: 11_0
[2025.12.20-15.32.17:476][  0]LogD3D11RHI: D3D11 adapters:
[2025.12.20-15.32.17:635][  0]LogD3D11RHI:    0. 'NVIDIA GeForce GTX 1650 Ti' (Feature Level 11_0)
[2025.12.20-15.32.17:635][  0]LogD3D11RHI:       3935/0/4029 MB DedicatedVideo/DedicatedSystem/SharedSystem, Outputs:1, VendorId:0x10de
[2025.12.20-15.32.17:686][  0]LogD3D11RHI:    1. 'Intel(R) UHD Graphics' (Feature Level 11_0)
[2025.12.20-15.32.17:686][  0]LogD3D11RHI:       128/0/4029 MB DedicatedVideo/DedicatedSystem/SharedSystem, Outputs:0, VendorId:0x8086
[2025.12.20-15.32.17:691][  0]LogD3D11RHI:    2. 'Microsoft Basic Render Driver' (Feature Level 11_0)
[2025.12.20-15.32.17:691][  0]LogD3D11RHI:       0/0/4029 MB DedicatedVideo/DedicatedSystem/SharedSystem, Outputs:0, VendorId:0x1414
[2025.12.20-15.32.17:691][  0]LogD3D11RHI: Chosen D3D11 Adapter:
[2025.12.20-15.32.17:691][  0]LogD3D11RHI:     Description : NVIDIA GeForce GTX 1650 Ti
[2025.12.20-15.32.17:691][  0]LogD3D11RHI:     VendorId    : 10de
[2025.12.20-15.32.17:691][  0]LogD3D11RHI:     DeviceId    : 1f95
[2025.12.20-15.32.17:691][  0]LogD3D11RHI:     SubSysId    : 3fa317aa
[2025.12.20-15.32.17:691][  0]LogD3D11RHI:     Revision    : 00a1
[2025.12.20-15.32.17:691][  0]LogD3D11RHI:     DedicatedVideoMemory : 4126146560 bytes
[2025.12.20-15.32.17:691][  0]LogD3D11RHI:     DedicatedSystemMemory : 0 bytes
[2025.12.20-15.32.17:691][  0]LogD3D11RHI:     SharedSystemMemory : 4225654784 bytes
[2025.12.20-15.32.17:691][  0]LogD3D11RHI:     AdapterLuid : 0 74503
[2025.12.20-15.32.17:694][  0]LogD3D11RHI: Creating new Direct3DDevice
[2025.12.20-15.32.17:694][  0]LogD3D11RHI:     GPU DeviceId: 0x1f95 (for the marketing name, search the web for "GPU Device Id")
[2025.12.20-15.32.17:694][  0]LogWindows: EnumDisplayDevices:
[2025.12.20-15.32.17:695][  0]LogWindows:    0. 'Intel(R) UHD Graphics' (P:1 D:1)
[2025.12.20-15.32.17:695][  0]LogWindows:    1. 'Intel(R) UHD Graphics' (P:0 D:0)
[2025.12.20-15.32.17:695][  0]LogWindows:    2. 'Intel(R) UHD Graphics' (P:0 D:0)
[2025.12.20-15.32.17:695][  0]LogWindows:    3. 'NVIDIA GeForce GTX 1650 Ti' (P:0 D:0)
[2025.12.20-15.32.17:695][  0]LogWindows: DebugString: PrimaryIsNotTheChoosenAdapter PrimaryIsNotTheChoosenAdapter PrimaryIsNotTheChoosenAdapter 
[2025.12.20-15.32.17:695][  0]LogD3D11RHI:     Adapter Name: NVIDIA GeForce GTX 1650 Ti
[2025.12.20-15.32.17:695][  0]LogD3D11RHI:   Driver Version: 560.76 (internal:32.0.15.6076, unified:560.76)
[2025.12.20-15.32.17:695][  0]LogD3D11RHI:      Driver Date: 7-23-2024
[2025.12.20-15.32.17:695][  0]LogRHI: Texture pool is 2754 MB (70% of 3935 MB)
[2025.12.20-15.32.17:696][  0]LogD3D11RHI: Creating D3DDevice using adapter:
[2025.12.20-15.32.17:696][  0]LogD3D11RHI:     Description : NVIDIA GeForce GTX 1650 Ti
[2025.12.20-15.32.17:696][  0]LogD3D11RHI:     VendorId    : 10de
[2025.12.20-15.32.17:696][  0]LogD3D11RHI:     DeviceId    : 1f95
[2025.12.20-15.32.17:696][  0]LogD3D11RHI:     SubSysId    : 3fa317aa
[2025.12.20-15.32.17:696][  0]LogD3D11RHI:     Revision    : 00a1
[2025.12.20-15.32.17:696][  0]LogD3D11RHI:     DedicatedVideoMemory : 4126146560 bytes
[2025.12.20-15.32.17:696][  0]LogD3D11RHI:     DedicatedSystemMemory : 0 bytes
[2025.12.20-15.32.17:696][  0]LogD3D11RHI:     SharedSystemMemory : 4225654784 bytes
[2025.12.20-15.32.17:696][  0]LogD3D11RHI:     AdapterLuid : 0 74503
[2025.12.20-15.32.17:791][  0]LogD3D11RHI: RHI has support for 64 bit atomics
[2025.12.20-15.32.17:793][  0]LogD3D11RHI: Async texture creation enabled
[2025.12.20-15.32.17:793][  0]LogD3D11RHI: Array index from any shader is supported
[2025.12.20-15.32.17:819][  0]LogD3D11RHI: GPU Timing Frequency: 1000.000000 (Debug: 2 1)
[2025.12.20-15.32.17:936][  0]LogRHI: GeForceNow SDK initialized: 1
[2025.12.20-15.32.20:895][  0]LogTargetPlatformManager: Display: Loaded TargetPlatform 'AllDesktop'
[2025.12.20-15.32.20:941][  0]LogTargetPlatformManager: Display: Loaded TargetPlatform 'Android'
[2025.12.20-15.32.20:941][  0]LogTargetPlatformManager: Display: Loaded TargetPlatform 'Android_ASTC'
[2025.12.20-15.32.20:941][  0]LogTargetPlatformManager: Display: Loaded TargetPlatform 'Android_DXT'
[2025.12.20-15.32.20:941][  0]LogTargetPlatformManager: Display: Loaded TargetPlatform 'Android_ETC2'
[2025.12.20-15.32.20:941][  0]LogTargetPlatformManager: Display: Loaded TargetPlatform 'AndroidClient'
[2025.12.20-15.32.20:941][  0]LogTargetPlatformManager: Display: Loaded TargetPlatform 'Android_ASTCClient'
[2025.12.20-15.32.20:941][  0]LogTargetPlatformManager: Display: Loaded TargetPlatform 'Android_DXTClient'
[2025.12.20-15.32.20:941][  0]LogTargetPlatformManager: Display: Loaded TargetPlatform 'Android_ETC2Client'
[2025.12.20-15.32.20:941][  0]LogTargetPlatformManager: Display: Loaded TargetPlatform 'Android_Multi'
[2025.12.20-15.32.20:941][  0]LogTargetPlatformManager: Display: Loaded TargetPlatform 'Android_MultiClient'
[2025.12.20-15.32.21:041][  0]LogTargetPlatformManager: Display: Loaded TargetPlatform 'IOSClient'
[2025.12.20-15.32.21:041][  0]LogTargetPlatformManager: Display: Loaded TargetPlatform 'IOS'
[2025.12.20-15.32.21:091][  0]LogTargetPlatformManager: Display: Loaded TargetPlatform 'Linux'
[2025.12.20-15.32.21:119][  0]LogTargetPlatformManager: Display: Loaded TargetPlatform 'LinuxNoEditor'
[2025.12.20-15.32.21:149][  0]LogTargetPlatformManager: Display: Loaded TargetPlatform 'LinuxClient'
[2025.12.20-15.32.21:178][  0]LogTargetPlatformManager: Display: Loaded TargetPlatform 'LinuxServer'
[2025.12.20-15.32.21:219][  0]LogTargetPlatformManager: Display: Loaded TargetPlatform 'LinuxAArch64NoEditor'
[2025.12.20-15.32.21:247][  0]LogTargetPlatformManager: Display: Loaded TargetPlatform 'LinuxAArch64Client'
[2025.12.20-15.32.21:275][  0]LogTargetPlatformManager: Display: Loaded TargetPlatform 'LinuxAArch64Server'
[2025.12.20-15.32.21:329][  0]LogTargetPlatformManager: Display: Loaded TargetPlatform 'Lumin'
[2025.12.20-15.32.21:329][  0]LogTargetPlatformManager: Display: Loaded TargetPlatform 'LuminClient'
[2025.12.20-15.32.21:373][  0]LogTargetPlatformManager: Display: Loaded TargetPlatform 'MacNoEditor'
[2025.12.20-15.32.21:404][  0]LogTargetPlatformManager: Display: Loaded TargetPlatform 'Mac'
[2025.12.20-15.32.21:432][  0]LogTargetPlatformManager: Display: Loaded TargetPlatform 'MacClient'
[2025.12.20-15.32.21:460][  0]LogTargetPlatformManager: Display: Loaded TargetPlatform 'MacServer'
[2025.12.20-15.32.21:492][  0]LogTargetPlatformManager: Display: Loaded TargetPlatform 'TVOSClient'
[2025.12.20-15.32.21:492][  0]LogTargetPlatformManager: Display: Loaded TargetPlatform 'TVOS'
[2025.12.20-15.32.21:525][  0]LogTargetPlatformManager: Display: Loaded TargetPlatform 'WindowsNoEditor'
[2025.12.20-15.32.21:557][  0]LogTargetPlatformManager: Display: Loaded TargetPlatform 'Windows'
[2025.12.20-15.32.21:588][  0]LogTargetPlatformManager: Display: Loaded TargetPlatform 'WindowsClient'
[2025.12.20-15.32.21:623][  0]LogTargetPlatformManager: Display: Loaded TargetPlatform 'WindowsServer'
[2025.12.20-15.32.21:623][  0]LogTargetPlatformManager: Display: Building Assets For Windows
[2025.12.20-15.32.21:740][  0]LogAudioDebug: Display: Lib vorbis DLL was dynamically loaded.
[2025.12.20-15.32.22:189][  0]LogTextureFormatOodle: Display: Oodle Texture 2.9.0 init RDO Off
[2025.12.20-15.32.22:656][  0]LogRendererCore: Ray tracing is disabled. Reason: r.RayTracing=0.
[2025.12.20-15.32.22:658][  0]LogShaderCompilers: Guid format shader working directory is -25 characters bigger than the processId version (../../../../../../WORKPLACE/Mini_laboratory/MEPhI_VR_term_1/Mini_laboratory/Intermediate/Shaders/WorkingDirectory/6136/).
[2025.12.20-15.32.22:658][  0]LogShaderCompilers: Cleaned the shader compiler working directory 'C:/Users/Владислав/AppData/Local/Temp/UnrealShaderWorkingDir/9E329BE64973F445558D3F8127DE7D66/'.
[2025.12.20-15.32.22:659][  0]LogXGEController: Cannot use XGE Controller as Incredibuild is not installed on this machine.
[2025.12.20-15.32.22:659][  0]LogShaderCompilers: Cannot use XGE Shader Compiler as Incredibuild is not installed on this machine.
[2025.12.20-15.32.22:659][  0]LogShaderCompilers: Display: Using Local Shader Compiler.
[2025.12.20-15.32.27:442][  0]LogDerivedDataCache: Display: Max Cache Size: 512 MB
[2025.12.20-15.32.27:565][  0]LogDerivedDataCache: Loaded boot cache 0.12s 94MB C:/Users/Владислав/AppData/Local/UnrealEngine/4.27/DerivedDataCache/Boot.ddc.
[2025.12.20-15.32.27:565][  0]LogDerivedDataCache: Display: Loaded Boot cache: C:/Users/Владислав/AppData/Local/UnrealEngine/4.27/DerivedDataCache/Boot.ddc
[2025.12.20-15.32.27:565][  0]LogDerivedDataCache: FDerivedDataBackendGraph:  Pak pak cache file ../../../../../../WORKPLACE/Mini_laboratory/MEPhI_VR_term_1/Mini_laboratory/DerivedDataCache/DDC.ddp not found, will not use a pak cache.
[2025.12.20-15.32.27:565][  0]LogDerivedDataCache: Unable to find inner node Pak for hierarchical cache Hierarchy.
[2025.12.20-15.32.27:565][  0]LogDerivedDataCache: FDerivedDataBackendGraph:  CompressedPak pak cache file ../../../../../../WORKPLACE/Mini_laboratory/MEPhI_VR_term_1/Mini_laboratory/DerivedDataCache/Compressed.ddp not found, will not use a pak cache.
[2025.12.20-15.32.27:565][  0]LogDerivedDataCache: Unable to find inner node CompressedPak for hierarchical cache Hierarchy.
[2025.12.20-15.32.27:597][  0]LogDerivedDataCache: Display: Pak cache opened for reading ../../../Engine/DerivedDataCache/Compressed.ddp.
[2025.12.20-15.32.27:597][  0]LogDerivedDataCache: FDerivedDataBackendGraph:  EnterprisePak pak cache file ../../../Enterprise/DerivedDataCache/Compressed.ddp not found, will not use a pak cache.
[2025.12.20-15.32.27:597][  0]LogDerivedDataCache: Unable to find inner node EnterprisePak for hierarchical cache Hierarchy.
[2025.12.20-15.32.27:679][  0]LogDerivedDataCache: Speed tests for C:/Users/Владислав/AppData/Local/UnrealEngine/Common/DerivedDataCache took 0.08 seconds
[2025.12.20-15.32.27:679][  0]LogDerivedDataCache: Display: Performance to C:/Users/Владислав/AppData/Local/UnrealEngine/Common/DerivedDataCache: Latency=0.43ms. RandomReadSpeed=13.05MBs, RandomWriteSpeed=178.64MBs. Assigned SpeedClass 'Local'
[2025.12.20-15.32.27:680][  0]LogDerivedDataCache: Using Local data cache path C:/Users/Владислав/AppData/Local/UnrealEngine/Common/DerivedDataCache: Writable
[2025.12.20-15.32.27:680][  0]LogDerivedDataCache: Shared data cache path not found in *engine.ini, will not use an Shared cache.
[2025.12.20-15.32.27:680][  0]LogDerivedDataCache: Unable to find inner node Shared for hierarchical cache Hierarchy.
[2025.12.20-15.32.27:728][  0]LogSlate: Using FreeType 2.10.0
[2025.12.20-15.32.27:744][  0]LogSlate: SlateFontServices - WITH_FREETYPE: 1, WITH_HARFBUZZ: 1
[2025.12.20-15.32.28:060][  0]LogAssetRegistry: FAssetRegistry took 0.0043 seconds to start up
[2025.12.20-15.32.28:394][  0]LogInit: Selected Device Profile: [Windows]
[2025.12.20-15.32.28:394][  0]LogInit: Active device profile: [0000029047AA5100][00000290466105C0 49] Windows
[2025.12.20-15.32.28:394][  0]LogInit: Profiles: [0000029047AA5100][00000290466105C0 49] Windows, [0000029047A5EC00][0000029046618740 49] WindowsNoEditor, [0000029047AA6200][000002904661C8C0 49] WindowsServer, [0000029047A5DE00][0000029046614A00 49] WindowsClient, [0000029047AA5700][000002904792AB40 49] IOS, [0000029047A5EE00][000002904792EC80 49] iPadAir, [0000029047AA7C00][0000029047932DC0 49] iPadAir2, [0000029048A19400][000002904793F080 49] IPadPro, [0000029048A19500][000002904793B0C0 49] iPadAir3, [0000029047A5FF00][0000029047943240 49] iPadAir4, [0000029048A1A300][00000290479473C0 49] iPadMini2, [0000029047A5F600][000002904794B540 49] iPadMini3, [0000029048A1AF00][000002904794F6C0 49] iPadMini4, [0000029047A5E300][0000029047953840 49] iPadMini5, [0000029047A59000][000002904795BB00 49] iPhone6, [0000029047A59100][0000029047957B40 49] iPodTouch6, [0000029047AA7900][0000029047962280 49] iPhone7, [0000029047AA6900][000002904795E2C0 49] iPodTouch7, [0000029048A19000][0000029047966440 49] iPhone5S, [0000029047AA6F00][000002904796A5C0 49] iPhone6Plus, [0000029048A1B600][000002904796E740 49] iPhone6S, [0000029047AA4C00][00000290479728C0 49] iPhone6SPlus, [0000029047AA5D00][0000029047976A40 49] iPhone7Plus, [0000029047A58800][0000029047936B80 49] iPhoneSE, [0000029047AA4400][000002904797ACC0 49] iPhone8, [0000029047A58900][000002904797EE00 49] iPhone8Plus, [0000029047A5AE00][0000029047982F40 49] iPhoneX, [0000029048A19D00][000002904798B0C0 49] iPhoneXS, [0000029047A5A700][000002904798F240 49] iPhoneXSMax, [0000029048A19C00][00000290479933C0 49] iPhoneXR, [0000029047A5A800][0000029047997540 49] iPhone11, [0000029048A18F00][000002904799B6C0 49] iPhone11Pro, [0000029047A58B00][000002904799F840 49] iPhone11ProMax, [0000029048A18D00][00000290479A39C0 49] iPhoneSE2, [0000029047A58E00][00000290479A7B40 49] iPhone12Mini, [0000029047AA7800][00000290479AA140 49] iPhone12, [0000029047A5B000][00000290479AE2C0 49] iPhone12Pro, [0000029047AA7700][00000290479B2440 49] iPhone12ProMax, [0000029047A59E00][00000290479B65C0 49] iPadPro105, [0000029047AA5300][00000290479BA740 49] iPadPro129, [0000029047A5BE00][00000290479BE8C0 49] iPadPro97, [0000029047AA5C00][00000290479C2A40 49] iPadPro2_129, [0000029047A5A000][00000290479C6BC0 49] iPad5, [0000029047AA6300][00000290479CAD40 49] iPad6, [0000029047A5BB00][0000029047986E80 49] iPad7, [0000029047AA5E00][00000290479CEFC0 49] iPad8, [0000029047A58A00][00000290479D3100 49] iPadPro11, [0000029047AA6600][00000290479DB280 49] iPadPro2_11, [0000029047A58F00][00000290479DF400 49] iPadPro3_129, [0000029047AA6800][00000290479E3580 49] iPadPro4_129, [0000029047A5BC00][00000290479E7700 49] AppleTV, [0000029047AA5A00][00000290479EB880 49] AppleTV4K, [0000029047A5A600][00000290479EFA00 49] TVOS, [0000029047AA6100][00000290479F3B80 49] Mac, [0000029047A5AF00][00000290479F6180 49] MacClient, [0000029047AA6A00][00000290479FA300 49] MacNoEditor, [0000029047A5AC00][00000290479FE480 49] MacServer, [0000029047AA7000][0000029047A02600 49] Linux, [0000029047A58400][0000029047A06780 49] LinuxAArch64, [0000029047AA4700][0000029047A0A900 49] LinuxNoEditor, [0000029047A5B700][0000029047A0EA80 49] LinuxAArch64NoEditor, [0000029047AA7B00][0000029047A12C00 49] LinuxClient, [0000029047A5B400][0000029047A16D80 49] LinuxAArch64Client, [0000029047AA7E00][0000029047A1AF00 49] LinuxServer, [0000029047A58700][00000290479D7040 49] LinuxAArch64Server, [0000029047AA5F00][0000029047A1F180 49] Android, [0000029047A5AA00][0000029047A232C0 49] Android_Low, [0000029047AA6D00][0000029047A2B440 49] Android_Mid, [0000029047A59F00][000002902F77F5C0 49] Android_High, [0000029047AA6B00][000002902F783740 49] Android_Default, [0000029047A58100][000002902F7878C0 49] Android_Adreno4xx, [0000029047AA4500][000002902F78BA40 49] Android_Adreno5xx_Low, [0000029047A59400][000002902F78FBC0 49] Android_Adreno5xx, [0000029047AA7400][000002902F7921C0 49] Android_Adreno6xx, [0000029047A5A300][000002902F796340 49] Android_Adreno6xx_Vulkan, [0000029047AA7D00][000002902F79A4C0 49] Android_Mali_T6xx, [0000029047A58200][000002902F79E640 49] Android_Mali_T7xx, [0000029047AA7600][000002902F7A27C0 49] Android_Mali_T8xx, [0000029047A5B200][000002902F7A6940 49] Android_Mali_G71, [0000029048A1B100][000002902F7AAAC0 49] Android_Mali_G72, [0000029047A5F400][0000029048A40C40 49] Android_Mali_G72_Vulkan, [0000029048A1AB00][0000029048A44DC0 49] Android_Mali_G76, [0000029047A5C500][0000029048A48F40 49] Android_Mali_G76_Vulkan, [0000029048A18C00][0000029048A4D0C0 49] Android_Mali_G77, [0000029047A5C600][0000029047A27200 49] Android_Mali_G77_Vulkan, [0000029048A1A400][0000029048A51340 49] Android_Mali_G78, [0000029047A5CD00][0000029048A55480 49] Android_Mali_G78_Vulkan, [0000029048A1BD00][0000029048A595C0 49] Android_Mali_G710, [0000029047A5F000][0000029048A61740 49] Android_Mali_G710_Vulkan, [0000029048A1AA00][0000029048A658C0 49] Android_Vulkan_SM5, [0000029047A5DF00][0000029048A69A40 49] Android_PowerVR_G6xxx, [0000029048A18500][0000029048A6DBC0 49] Android_PowerVR_GT7xxx, [0000029047A5C200][0000029048A701C0 49] Android_PowerVR_GE8xxx, [0000029048A1BB00][0000029048A74340 49] Android_PowerVR_GM9xxx, [0000029047A5E600][0000029048A784C0 49] Android_PowerVR_GM9xxx_Vulkan, [0000029048A19F00][0000029048A7C640 49] Android_TegraK1, [0000029047A5CA00][0000029048A807C0 49] Android_Unknown_Vulkan, [0000029048A1B900][0000029048A84940 49] Lumin, [0000029047A5D100][0000029048A88AC0 49] Lumin_Desktop, [0000029048A1A000][0000029048A8CC40 49] HoloLens, 
[2025.12.20-15.32.29:180][  0]LogMeshReduction: Using QuadricMeshReduction for automatic static mesh reduction
[2025.12.20-15.32.29:181][  0]LogMeshReduction: Using SimplygonMeshReduction for automatic skeletal mesh reduction
[2025.12.20-15.32.29:181][  0]LogMeshReduction: Using ProxyLODMeshReduction for automatic mesh merging
[2025.12.20-15.32.29:181][  0]LogMeshReduction: No distributed automatic mesh merging module available
[2025.12.20-15.32.29:181][  0]LogMeshMerging: No distributed automatic mesh merging module available
[2025.12.20-15.32.29:298][  0]LogNetVersion: Mini_laboratory 1.0.0, NetCL: 17155196, EngineNetVer: 17, GameNetVer: 0 (Checksum: 65826005)
[2025.12.20-15.32.33:211][  0]LogTexture: Default maximum texture size for cubemaps generated from long-lat sources has been changed from 512 to unlimited. In order to preserve old behaiour for '/Engine/MapTemplates/Sky/DaylightAmbientCubemap.DaylightAmbientCubemap', its maximum texture size has been explicitly set to 512.
[2025.12.20-15.32.33:378][  0]LogHMD: PokeAHoleMaterial loaded successfully
[2025.12.20-15.32.33:384][  0]LogUObjectArray: 17178 objects as part of root set at end of initial load.
[2025.12.20-15.32.33:384][  0]LogUObjectAllocator: 4302048 out of 0 bytes used by permanent object pool.
[2025.12.20-15.32.33:384][  0]LogUObjectArray: CloseDisregardForGC: 0/0 objects in disregard for GC pool
[2025.12.20-15.32.35:959][  0]LogNiagaraDebuggerClient: Niagara Debugger Client Initialized | Session: A96CEAA341DE0651616D8D857FF2204F | Instance: 641D80484CB726C10B3B2A9D4C0E4D17 (LAPTOP-RE3L13LG-6136).
[2025.12.20-15.32.36:319][  0]LogUdpMessaging: Initializing bridge on interface 0.0.0.0:0 to multicast group 230.0.0.1:6666.
[2025.12.20-15.32.36:351][  0]LogTcpMessaging: Initializing TcpMessaging bridge
[2025.12.20-15.32.36:940][  0]LogPython: Using Python 3.7.7
[2025.12.20-15.32.38:954][  0]SourceControl: Source control is disabled
[2025.12.20-15.32.38:954][  0]SourceControl: Source control is disabled
[2025.12.20-15.32.39:017][  0]SourceControl: Source control is disabled
[2025.12.20-15.32.39:048][  0]SourceControl: Source control is disabled
[2025.12.20-15.32.39:141][  0]SourceControl: Source control is disabled
[2025.12.20-15.32.39:194][  0]LogUProjectInfo: Found projects:
[2025.12.20-15.32.41:016][  0]LogOpenImageDenoise: OIDN starting up
[2025.12.20-15.32.41:192][  0]LogAndroidPermission: UAndroidPermissionCallbackProxy::GetInstance
[2025.12.20-15.32.41:337][  0]LogAudioCaptureCore: Display: No Audio Capture implementations found. Audio input will be silent.
[2025.12.20-15.32.41:337][  0]LogAudioCaptureCore: Display: No Audio Capture implementations found. Audio input will be silent.
[2025.12.20-15.32.42:226][  0]LogCollectionManager: Loaded 0 collections in 0.000526 seconds
[2025.12.20-15.32.42:376][  0]LogFileCache: Scanning file cache for directory 'D:/WORKPLACE/Mini_laboratory/MEPhI_VR_term_1/Mini_laboratory/Saved/Collections/' took 0.00s
[2025.12.20-15.32.42:376][  0]LogFileCache: Scanning file cache for directory 'D:/WORKPLACE/Mini_laboratory/MEPhI_VR_term_1/Mini_laboratory/Content/Developers/Vladislav/Collections/' took 0.00s
[2025.12.20-15.32.42:376][  0]LogFileCache: Scanning file cache for directory 'D:/WORKPLACE/Mini_laboratory/MEPhI_VR_term_1/Mini_laboratory/Content/Collections/' took 0.00s
[2025.12.20-15.32.42:376][  0]LogOcInput: OculusInput pre-init called
[2025.12.20-15.32.42:982][  0]LogEngine: Initializing Engine...
[2025.12.20-15.32.43:054][  0]LogHMD: Failed to enumerate extensions. Please check that you have a valid OpenXR runtime installed.
[2025.12.20-15.32.43:055][  0]LogHMD: Failed to initialize OpenVR with code 110
[2025.12.20-15.32.43:055][  0]LogMagicLeap: Warning: VR disabled because ZI is not enabled.  To enable, in the editor, Edit -> Project Settings -> Plugins -> Magic Leap Plugin -> Enable Zero Iteration
[2025.12.20-15.32.43:062][  0]LogStats: UGameplayTagsManager::InitializeManager -  0.002 s
[2025.12.20-15.32.43:462][  0]LogInit: Initializing FReadOnlyCVARCache
[2025.12.20-15.32.43:549][  0]LogAIModule: Creating AISystem for world Untitled
[2025.12.20-15.32.43:553][  0]LogAudio: Display: Initializing Audio Device Manager...
[2025.12.20-15.32.43:593][  0]LogAudio: Display: Loading Default Audio Settings Objects...
[2025.12.20-15.32.43:600][  0]LogAudio: Display: No default SoundConcurrencyObject specified (or failed to load).
[2025.12.20-15.32.43:603][  0]LogAudio: Display: Audio Device Manager Initialized
[2025.12.20-15.32.43:603][  0]LogAudio: Display: Creating Audio Device:                 Id: 1, Scope: Shared, Realtime: True
[2025.12.20-15.32.43:604][  0]LogAudioMixer: Display: Audio Mixer Platform Settings:
[2025.12.20-15.32.43:604][  0]LogAudioMixer: Display: 	Sample Rate:						  48000
[2025.12.20-15.32.43:604][  0]LogAudioMixer: Display: 	Callback Buffer Frame Size Requested: 1024
[2025.12.20-15.32.43:604][  0]LogAudioMixer: Display: 	Callback Buffer Frame Size To Use:	  1024
[2025.12.20-15.32.43:604][  0]LogAudioMixer: Display: 	Number of buffers to queue:			  2
[2025.12.20-15.32.43:604][  0]LogAudioMixer: Display: 	Max Channels (voices):				  32
[2025.12.20-15.32.43:604][  0]LogAudioMixer: Display: 	Number of Async Source Workers:		  0
[2025.12.20-15.32.43:604][  0]LogAudio: Display: AudioDevice MaxSources: 32
[2025.12.20-15.32.43:605][  0]LogAudio: Display: Audio Spatialization Plugin: None (built-in).
[2025.12.20-15.32.43:605][  0]LogAudio: Display: Audio Reverb Plugin: None (built-in).
[2025.12.20-15.32.43:605][  0]LogAudio: Display: Audio Occlusion Plugin: None (built-in).
[2025.12.20-15.32.43:605][  0]LogAudioMixer: Display: Initializing audio mixer.
[2025.12.20-15.32.43:684][  0]LogAudioMixer: Display: 0: FrontLeft
[2025.12.20-15.32.43:684][  0]LogAudioMixer: Display: 1: FrontRight
[2025.12.20-15.32.43:904][  0]LogAudioMixer: Display: Using Audio Device Динамики (Realtek(R) Audio)
[2025.12.20-15.32.43:906][  0]LogAudioMixer: Display: Initializing Sound Submixes...
[2025.12.20-15.32.43:940][  0]LogAudioMixer: Display: Creating Master Submix 'MasterSubmixDefault'
[2025.12.20-15.32.43:941][  0]LogAudioMixer: Display: Creating Master Submix 'MasterReverbSubmixDefault'
[2025.12.20-15.32.43:942][  0]LogAudioMixer: Display: Creating Master Submix 'MasterEQSubmixDefault'
[2025.12.20-15.32.43:943][  0]LogAudioMixer: FMixerPlatformXAudio2::StartAudioStream() called
[2025.12.20-15.32.43:943][  0]LogAudioMixer: Display: Output buffers initialized: Frames=1024, Channels=2, Samples=2048
[2025.12.20-15.32.43:944][  0]LogAudioMixer: Display: Starting AudioMixerPlatformInterface::RunInternal()
[2025.12.20-15.32.43:944][  0]LogAudioMixer: Display: FMixerPlatformXAudio2::SubmitBuffer() called for the first time
[2025.12.20-15.32.43:944][  0]LogInit: FAudioDevice initialized.
[2025.12.20-15.32.43:944][  0]LogAudio: Display: Audio Device (ID: 1) registered with world 'Untitled'.
[2025.12.20-15.32.43:944][  0]LogNetVersion: Set ProjectVersion to 1.0.0.0. Version Checksum will be recalculated on next use.
[2025.12.20-15.32.44:014][  0]LogDerivedDataCache: Saved boot cache 0.07s 94MB C:/Users/Владислав/AppData/Local/UnrealEngine/4.27/DerivedDataCache/Boot.ddc.
[2025.12.20-15.32.44:017][  0]LogInit: Texture streaming: Enabled
[2025.12.20-15.32.44:115][  0]LogAnalytics: Display: [UEEditor.Rocket.Release] APIServer = https://datarouter.ol.epicgames.com/. AppVersion = 4.27.2-18319896+++UE4+Release-4.27
[2025.12.20-15.32.44:140][  0]LogEngineSessionManager: EngineSessionManager initialized
[2025.12.20-15.32.44:140][  0]LogEditorSessionSummary: Verbose: Initializing EditorSessionSummaryWriter for editor session tracking
[2025.12.20-15.32.44:142][  0]LogEditorSessionSummary: EditorSessionSummaryWriter initialized
[2025.12.20-15.32.44:237][  0]LogInit: Transaction tracking system initialized
[2025.12.20-15.32.44:475][  0]BlueprintLog: New page: Editor Load
[2025.12.20-15.32.45:209][  0]LocalizationService: Localization service is disabled
[2025.12.20-15.32.45:462][  0]TimingProfiler: Initialize
[2025.12.20-15.32.45:463][  0]TimingProfiler: OnSessionChanged
[2025.12.20-15.32.45:464][  0]LoadingProfiler: Initialize
[2025.12.20-15.32.45:464][  0]LoadingProfiler: OnSessionChanged
[2025.12.20-15.32.45:464][  0]NetworkingProfiler: Initialize
[2025.12.20-15.32.45:466][  0]NetworkingProfiler: OnSessionChanged
[2025.12.20-15.32.45:466][  0]MemoryProfiler: Initialize
[2025.12.20-15.32.45:466][  0]MemoryProfiler: OnSessionChanged
[2025.12.20-15.32.46:317][  0]LogCook: Display: CookSettings for Memory: MemoryMaxUsedVirtual 0MiB, MemoryMaxUsedPhysical 16384MiB, MemoryMinFreeVirtual 0MiB, MemoryMinFreePhysical 1024MiB
[2025.12.20-15.32.46:317][  0]LogCook: Display: Mobile HDR setting 1
[2025.12.20-15.32.46:793][  0]LogFileCache: Scanning file cache for directory 'D:/WORKPLACE/Mini_laboratory/MEPhI_VR_term_1/Mini_laboratory/Content/' took 0.01s
[2025.12.20-15.32.48:137][  0]LogInit: Display: Engine is initialized. Leaving FEngineLoop::Init()
[2025.12.20-15.32.48:147][  0]SourceControl: Source control is disabled
[2025.12.20-15.32.48:148][  0]LogUnrealEdMisc: Loading editor; pre map load, took 39.948
[2025.12.20-15.32.48:149][  0]Cmd: MAP LOAD FILE="../../../../../../WORKPLACE/Mini_laboratory/MEPhI_VR_term_1/Mini_laboratory/Content/Workplace/Maps/StartMenu.umap" TEMPLATE=0 SHOWPROGRESS=1 FEATURELEVEL=3
[2025.12.20-15.32.48:157][  0]LightingResults: New page: Lighting Build
[2025.12.20-15.32.48:164][  0]LogWorld: UWorld::CleanupWorld for Untitled, bSessionEnded=true, bCleanupResources=true
[2025.12.20-15.32.48:166][  0]LogSlate: InvalidateAllWidgets triggered.  All widgets were invalidated
[2025.12.20-15.32.48:168][  0]MapCheck: New page: Map Check
[2025.12.20-15.32.48:168][  0]LightingResults: New page: Lighting Build
[2025.12.20-15.32.48:176][  0]LogAudio: Display: Audio Device unregistered from world 'None'.
[2025.12.20-15.32.48:182][  0]LogUObjectHash: Compacting FUObjectHashTables data took   0.74ms
[2025.12.20-15.32.48:636][  0]LogAudio: Display: Audio Device (ID: 1) registered with world 'StartMenu'.
[2025.12.20-15.32.48:637][  0]LogAIModule: Creating AISystem for world StartMenu
[2025.12.20-15.32.48:642][  0]LogEditorServer: Finished looking for orphan Actors (0.000 secs)
[2025.12.20-15.32.48:652][  0]LogUObjectHash: Compacting FUObjectHashTables data took   0.86ms
[2025.12.20-15.32.48:653][  0]Cmd: MAP CHECKDEP NOCLEARLOG
[2025.12.20-15.32.48:654][  0]MapCheck: Map check complete: 0 Error(s), 0 Warning(s), took 0,31ms to complete.
[2025.12.20-15.32.48:654][  0]LogFileHelpers: Loading map 'StartMenu' took 0.505
[2025.12.20-15.32.48:693][  0]LogUnrealEdMisc: Total Editor Startup Time, took 40.493
[2025.12.20-15.32.49:546][  0]LogSlate: Only BGRA pngs, bmps or icos are supported in by External Image Picker
[2025.12.20-15.32.49:685][  0]LogSlate: Updating window title bar state: overlay mode, drag disabled, window buttons hidden, title bar hidden
[2025.12.20-15.32.49:690][  0]LogSlate: Updating window title bar state: overlay mode, drag disabled, window buttons hidden, title bar hidden
[2025.12.20-15.32.49:696][  0]LogSlate: Updating window title bar state: overlay mode, drag disabled, window buttons hidden, title bar hidden
[2025.12.20-15.32.49:701][  0]LogSlate: Updating window title bar state: overlay mode, drag disabled, window buttons hidden, title bar hidden
[2025.12.20-15.32.49:758][  0]LogNativeClassHierarchy: Verbose: Native class hierarchy populated in 0.0081 seconds. Added 3822 classes and 928 folders.
[2025.12.20-15.32.49:770][  0]LogNativeClassHierarchy: Verbose: Native class hierarchy updated for 'WidgetCarousel' in 0.0003 seconds. Added 0 classes and 0 folders.
[2025.12.20-15.32.49:831][  0]LogPakFile: PakFile PrimaryIndexSize=187
[2025.12.20-15.32.49:831][  0]LogPakFile: PakFile PathHashIndexSize=101
[2025.12.20-15.32.49:831][  0]LogPakFile: PakFile FullDirectoryIndexSize=148
[2025.12.20-15.32.49:833][  0]LogShaderLibrary: Display: ShaderCodeLibraryPakFileMountedCallback: PakFile 'D:/Progams on PC/Unreal/UE_4.27/FeaturePacks/FP_FirstPerson.upack' (chunk index -1, root 'root:/') mounted
[2025.12.20-15.32.49:833][  0]LogShaderLibrary: Display: ShaderCodeLibraryPakFileMountedCallback: pending pak file info (ChunkID:-1 Root:root:/ File:D:/Progams on PC/Unreal/UE_4.27/FeaturePacks/FP_FirstPerson.upack)
[2025.12.20-15.32.49:834][  0]LogPakFile: OnPakFileMounted2Time == 0.002069
[2025.12.20-15.32.49:853][  0]LogPakFile: PakFile PrimaryIndexSize=189
[2025.12.20-15.32.49:853][  0]LogPakFile: PakFile PathHashIndexSize=101
[2025.12.20-15.32.49:853][  0]LogPakFile: PakFile FullDirectoryIndexSize=152
[2025.12.20-15.32.49:853][  0]LogShaderLibrary: Display: ShaderCodeLibraryPakFileMountedCallback: PakFile 'D:/Progams on PC/Unreal/UE_4.27/FeaturePacks/FP_FirstPersonBP.upack' (chunk index -1, root 'root:/') mounted
[2025.12.20-15.32.49:854][  0]LogShaderLibrary: Display: ShaderCodeLibraryPakFileMountedCallback: pending pak file info (ChunkID:-1 Root:root:/ File:D:/Progams on PC/Unreal/UE_4.27/FeaturePacks/FP_FirstPersonBP.upack)
[2025.12.20-15.32.49:854][  0]LogPakFile: OnPakFileMounted2Time == 0.000312
[2025.12.20-15.32.49:864][  0]LogPakFile: PakFile PrimaryIndexSize=191
[2025.12.20-15.32.49:864][  0]LogPakFile: PakFile PathHashIndexSize=101
[2025.12.20-15.32.49:864][  0]LogPakFile: PakFile FullDirectoryIndexSize=160
[2025.12.20-15.32.49:864][  0]LogShaderLibrary: Display: ShaderCodeLibraryPakFileMountedCallback: PakFile 'D:/Progams on PC/Unreal/UE_4.27/FeaturePacks/MobileStarterContent.upack' (chunk index -1, root 'root:/') mounted
[2025.12.20-15.32.49:864][  0]LogShaderLibrary: Display: ShaderCodeLibraryPakFileMountedCallback: pending pak file info (ChunkID:-1 Root:root:/ File:D:/Progams on PC/Unreal/UE_4.27/FeaturePacks/MobileStarterContent.upack)
[2025.12.20-15.32.49:864][  0]LogPakFile: OnPakFileMounted2Time == 0.000041
[2025.12.20-15.32.49:874][  0]LogPakFile: PakFile PrimaryIndexSize=185
[2025.12.20-15.32.49:874][  0]LogPakFile: PakFile PathHashIndexSize=101
[2025.12.20-15.32.49:874][  0]LogPakFile: PakFile FullDirectoryIndexSize=148
[2025.12.20-15.32.49:874][  0]LogShaderLibrary: Display: ShaderCodeLibraryPakFileMountedCallback: PakFile 'D:/Progams on PC/Unreal/UE_4.27/FeaturePacks/StarterContent.upack' (chunk index -1, root 'root:/') mounted
[2025.12.20-15.32.49:874][  0]LogShaderLibrary: Display: ShaderCodeLibraryPakFileMountedCallback: pending pak file info (ChunkID:-1 Root:root:/ File:D:/Progams on PC/Unreal/UE_4.27/FeaturePacks/StarterContent.upack)
[2025.12.20-15.32.49:874][  0]LogPakFile: OnPakFileMounted2Time == 0.000036
[2025.12.20-15.32.49:883][  0]LogPakFile: PakFile PrimaryIndexSize=190
[2025.12.20-15.32.49:883][  0]LogPakFile: PakFile PathHashIndexSize=101
[2025.12.20-15.32.49:883][  0]LogPakFile: PakFile FullDirectoryIndexSize=154
[2025.12.20-15.32.49:883][  0]LogShaderLibrary: Display: ShaderCodeLibraryPakFileMountedCallback: PakFile 'D:/Progams on PC/Unreal/UE_4.27/FeaturePacks/TP_2DSideScroller.upack' (chunk index -1, root 'root:/') mounted
[2025.12.20-15.32.49:883][  0]LogShaderLibrary: Display: ShaderCodeLibraryPakFileMountedCallback: pending pak file info (ChunkID:-1 Root:root:/ File:D:/Progams on PC/Unreal/UE_4.27/FeaturePacks/TP_2DSideScroller.upack)
[2025.12.20-15.32.49:884][  0]LogPakFile: OnPakFileMounted2Time == 0.000034
[2025.12.20-15.32.49:893][  0]LogPakFile: PakFile PrimaryIndexSize=192
[2025.12.20-15.32.49:893][  0]LogPakFile: PakFile PathHashIndexSize=101
[2025.12.20-15.32.49:893][  0]LogPakFile: PakFile FullDirectoryIndexSize=158
[2025.12.20-15.32.49:893][  0]LogShaderLibrary: Display: ShaderCodeLibraryPakFileMountedCallback: PakFile 'D:/Progams on PC/Unreal/UE_4.27/FeaturePacks/TP_2DSideScrollerBP.upack' (chunk index -1, root 'root:/') mounted
[2025.12.20-15.32.49:894][  0]LogShaderLibrary: Display: ShaderCodeLibraryPakFileMountedCallback: pending pak file info (ChunkID:-1 Root:root:/ File:D:/Progams on PC/Unreal/UE_4.27/FeaturePacks/TP_2DSideScrollerBP.upack)
[2025.12.20-15.32.49:894][  0]LogPakFile: OnPakFileMounted2Time == 0.000036
[2025.12.20-15.32.49:902][  0]LogPakFile: PakFile PrimaryIndexSize=182
[2025.12.20-15.32.49:902][  0]LogPakFile: PakFile PathHashIndexSize=101
[2025.12.20-15.32.49:902][  0]LogPakFile: PakFile FullDirectoryIndexSize=138
[2025.12.20-15.32.49:902][  0]LogShaderLibrary: Display: ShaderCodeLibraryPakFileMountedCallback: PakFile 'D:/Progams on PC/Unreal/UE_4.27/FeaturePacks/TP_Flying.upack' (chunk index -1, root 'root:/') mounted
[2025.12.20-15.32.49:902][  0]LogShaderLibrary: Display: ShaderCodeLibraryPakFileMountedCallback: pending pak file info (ChunkID:-1 Root:root:/ File:D:/Progams on PC/Unreal/UE_4.27/FeaturePacks/TP_Flying.upack)
[2025.12.20-15.32.49:902][  0]LogPakFile: OnPakFileMounted2Time == 0.000042
[2025.12.20-15.32.49:912][  0]LogPakFile: PakFile PrimaryIndexSize=184
[2025.12.20-15.32.49:912][  0]LogPakFile: PakFile PathHashIndexSize=101
[2025.12.20-15.32.49:912][  0]LogPakFile: PakFile FullDirectoryIndexSize=142
[2025.12.20-15.32.49:912][  0]LogShaderLibrary: Display: ShaderCodeLibraryPakFileMountedCallback: PakFile 'D:/Progams on PC/Unreal/UE_4.27/FeaturePacks/TP_FlyingBP.upack' (chunk index -1, root 'root:/') mounted
[2025.12.20-15.32.49:912][  0]LogShaderLibrary: Display: ShaderCodeLibraryPakFileMountedCallback: pending pak file info (ChunkID:-1 Root:root:/ File:D:/Progams on PC/Unreal/UE_4.27/FeaturePacks/TP_FlyingBP.upack)
[2025.12.20-15.32.49:912][  0]LogPakFile: OnPakFileMounted2Time == 0.000033
[2025.12.20-15.32.49:924][  0]LogPakFile: PakFile PrimaryIndexSize=188
[2025.12.20-15.32.49:924][  0]LogPakFile: PakFile PathHashIndexSize=101
[2025.12.20-15.32.49:924][  0]LogPakFile: PakFile FullDirectoryIndexSize=150
[2025.12.20-15.32.49:924][  0]LogShaderLibrary: Display: ShaderCodeLibraryPakFileMountedCallback: PakFile 'D:/Progams on PC/Unreal/UE_4.27/FeaturePacks/TP_HandheldARBP.upack' (chunk index -1, root 'root:/') mounted
[2025.12.20-15.32.49:924][  0]LogShaderLibrary: Display: ShaderCodeLibraryPakFileMountedCallback: pending pak file info (ChunkID:-1 Root:root:/ File:D:/Progams on PC/Unreal/UE_4.27/FeaturePacks/TP_HandheldARBP.upack)
[2025.12.20-15.32.49:924][  0]LogPakFile: OnPakFileMounted2Time == 0.000034
[2025.12.20-15.32.49:935][  0]LogPakFile: PakFile PrimaryIndexSize=182
[2025.12.20-15.32.49:935][  0]LogPakFile: PakFile PathHashIndexSize=101
[2025.12.20-15.32.49:935][  0]LogPakFile: PakFile FullDirectoryIndexSize=138
[2025.12.20-15.32.49:935][  0]LogShaderLibrary: Display: ShaderCodeLibraryPakFileMountedCallback: PakFile 'D:/Progams on PC/Unreal/UE_4.27/FeaturePacks/TP_Puzzle.upack' (chunk index -1, root 'root:/') mounted
[2025.12.20-15.32.49:935][  0]LogShaderLibrary: Display: ShaderCodeLibraryPakFileMountedCallback: pending pak file info (ChunkID:-1 Root:root:/ File:D:/Progams on PC/Unreal/UE_4.27/FeaturePacks/TP_Puzzle.upack)
[2025.12.20-15.32.49:935][  0]LogPakFile: OnPakFileMounted2Time == 0.000033
[2025.12.20-15.32.49:943][  0]LogPakFile: PakFile PrimaryIndexSize=184
[2025.12.20-15.32.49:943][  0]LogPakFile: PakFile PathHashIndexSize=101
[2025.12.20-15.32.49:943][  0]LogPakFile: PakFile FullDirectoryIndexSize=142
[2025.12.20-15.32.49:943][  0]LogShaderLibrary: Display: ShaderCodeLibraryPakFileMountedCallback: PakFile 'D:/Progams on PC/Unreal/UE_4.27/FeaturePacks/TP_PuzzleBP.upack' (chunk index -1, root 'root:/') mounted
[2025.12.20-15.32.49:943][  0]LogShaderLibrary: Display: ShaderCodeLibraryPakFileMountedCallback: pending pak file info (ChunkID:-1 Root:root:/ File:D:/Progams on PC/Unreal/UE_4.27/FeaturePacks/TP_PuzzleBP.upack)
[2025.12.20-15.32.49:943][  0]LogPakFile: OnPakFileMounted2Time == 0.000033
[2025.12.20-15.32.49:952][  0]LogPakFile: PakFile PrimaryIndexSize=183
[2025.12.20-15.32.49:952][  0]LogPakFile: PakFile PathHashIndexSize=101
[2025.12.20-15.32.49:952][  0]LogPakFile: PakFile FullDirectoryIndexSize=140
[2025.12.20-15.32.49:952][  0]LogShaderLibrary: Display: ShaderCodeLibraryPakFileMountedCallback: PakFile 'D:/Progams on PC/Unreal/UE_4.27/FeaturePacks/TP_Rolling.upack' (chunk index -1, root 'root:/') mounted
[2025.12.20-15.32.49:952][  0]LogShaderLibrary: Display: ShaderCodeLibraryPakFileMountedCallback: pending pak file info (ChunkID:-1 Root:root:/ File:D:/Progams on PC/Unreal/UE_4.27/FeaturePacks/TP_Rolling.upack)
[2025.12.20-15.32.49:952][  0]LogPakFile: OnPakFileMounted2Time == 0.000043
[2025.12.20-15.32.49:960][  0]LogPakFile: PakFile PrimaryIndexSize=185
[2025.12.20-15.32.49:960][  0]LogPakFile: PakFile PathHashIndexSize=101
[2025.12.20-15.32.49:960][  0]LogPakFile: PakFile FullDirectoryIndexSize=144
[2025.12.20-15.32.49:960][  0]LogShaderLibrary: Display: ShaderCodeLibraryPakFileMountedCallback: PakFile 'D:/Progams on PC/Unreal/UE_4.27/FeaturePacks/TP_RollingBP.upack' (chunk index -1, root 'root:/') mounted
[2025.12.20-15.32.49:960][  0]LogShaderLibrary: Display: ShaderCodeLibraryPakFileMountedCallback: pending pak file info (ChunkID:-1 Root:root:/ File:D:/Progams on PC/Unreal/UE_4.27/FeaturePacks/TP_RollingBP.upack)
[2025.12.20-15.32.49:960][  0]LogPakFile: OnPakFileMounted2Time == 0.000032
[2025.12.20-15.32.49:968][  0]LogPakFile: PakFile PrimaryIndexSize=188
[2025.12.20-15.32.49:968][  0]LogPakFile: PakFile PathHashIndexSize=101
[2025.12.20-15.32.49:968][  0]LogPakFile: PakFile FullDirectoryIndexSize=150
[2025.12.20-15.32.49:968][  0]LogShaderLibrary: Display: ShaderCodeLibraryPakFileMountedCallback: PakFile 'D:/Progams on PC/Unreal/UE_4.27/FeaturePacks/TP_SideScroller.upack' (chunk index -1, root 'root:/') mounted
[2025.12.20-15.32.49:968][  0]LogShaderLibrary: Display: ShaderCodeLibraryPakFileMountedCallback: pending pak file info (ChunkID:-1 Root:root:/ File:D:/Progams on PC/Unreal/UE_4.27/FeaturePacks/TP_SideScroller.upack)
[2025.12.20-15.32.49:968][  0]LogPakFile: OnPakFileMounted2Time == 0.000050
[2025.12.20-15.32.49:977][  0]LogPakFile: PakFile PrimaryIndexSize=190
[2025.12.20-15.32.49:977][  0]LogPakFile: PakFile PathHashIndexSize=101
[2025.12.20-15.32.49:977][  0]LogPakFile: PakFile FullDirectoryIndexSize=154
[2025.12.20-15.32.49:977][  0]LogShaderLibrary: Display: ShaderCodeLibraryPakFileMountedCallback: PakFile 'D:/Progams on PC/Unreal/UE_4.27/FeaturePacks/TP_SideScrollerBP.upack' (chunk index -1, root 'root:/') mounted
[2025.12.20-15.32.49:977][  0]LogShaderLibrary: Display: ShaderCodeLibraryPakFileMountedCallback: pending pak file info (ChunkID:-1 Root:root:/ File:D:/Progams on PC/Unreal/UE_4.27/FeaturePacks/TP_SideScrollerBP.upack)
[2025.12.20-15.32.49:977][  0]LogPakFile: OnPakFileMounted2Time == 0.000034
[2025.12.20-15.32.49:993][  0]LogPakFile: PakFile PrimaryIndexSize=187
[2025.12.20-15.32.49:993][  0]LogPakFile: PakFile PathHashIndexSize=101
[2025.12.20-15.32.49:993][  0]LogPakFile: PakFile FullDirectoryIndexSize=148
[2025.12.20-15.32.49:993][  0]LogShaderLibrary: Display: ShaderCodeLibraryPakFileMountedCallback: PakFile 'D:/Progams on PC/Unreal/UE_4.27/FeaturePacks/TP_ThirdPerson.upack' (chunk index -1, root 'root:/') mounted
[2025.12.20-15.32.49:993][  0]LogShaderLibrary: Display: ShaderCodeLibraryPakFileMountedCallback: pending pak file info (ChunkID:-1 Root:root:/ File:D:/Progams on PC/Unreal/UE_4.27/FeaturePacks/TP_ThirdPerson.upack)
[2025.12.20-15.32.49:993][  0]LogPakFile: OnPakFileMounted2Time == 0.000056
[2025.12.20-15.32.50:004][  0]LogPakFile: PakFile PrimaryIndexSize=189
[2025.12.20-15.32.50:004][  0]LogPakFile: PakFile PathHashIndexSize=101
[2025.12.20-15.32.50:004][  0]LogPakFile: PakFile FullDirectoryIndexSize=152
[2025.12.20-15.32.50:004][  0]LogShaderLibrary: Display: ShaderCodeLibraryPakFileMountedCallback: PakFile 'D:/Progams on PC/Unreal/UE_4.27/FeaturePacks/TP_ThirdPersonBP.upack' (chunk index -1, root 'root:/') mounted
[2025.12.20-15.32.50:004][  0]LogShaderLibrary: Display: ShaderCodeLibraryPakFileMountedCallback: pending pak file info (ChunkID:-1 Root:root:/ File:D:/Progams on PC/Unreal/UE_4.27/FeaturePacks/TP_ThirdPersonBP.upack)
[2025.12.20-15.32.50:004][  0]LogPakFile: OnPakFileMounted2Time == 0.000043
[2025.12.20-15.32.50:013][  0]LogPakFile: PakFile PrimaryIndexSize=183
[2025.12.20-15.32.50:013][  0]LogPakFile: PakFile PathHashIndexSize=101
[2025.12.20-15.32.50:013][  0]LogPakFile: PakFile FullDirectoryIndexSize=140
[2025.12.20-15.32.50:013][  0]LogShaderLibrary: Display: ShaderCodeLibraryPakFileMountedCallback: PakFile 'D:/Progams on PC/Unreal/UE_4.27/FeaturePacks/TP_TopDown.upack' (chunk index -1, root 'root:/') mounted
[2025.12.20-15.32.50:013][  0]LogShaderLibrary: Display: ShaderCodeLibraryPakFileMountedCallback: pending pak file info (ChunkID:-1 Root:root:/ File:D:/Progams on PC/Unreal/UE_4.27/FeaturePacks/TP_TopDown.upack)
[2025.12.20-15.32.50:013][  0]LogPakFile: OnPakFileMounted2Time == 0.000044
[2025.12.20-15.32.50:021][  0]LogPakFile: PakFile PrimaryIndexSize=185
[2025.12.20-15.32.50:021][  0]LogPakFile: PakFile PathHashIndexSize=101
[2025.12.20-15.32.50:021][  0]LogPakFile: PakFile FullDirectoryIndexSize=144
[2025.12.20-15.32.50:021][  0]LogShaderLibrary: Display: ShaderCodeLibraryPakFileMountedCallback: PakFile 'D:/Progams on PC/Unreal/UE_4.27/FeaturePacks/TP_TopDownBP.upack' (chunk index -1, root 'root:/') mounted
[2025.12.20-15.32.50:021][  0]LogShaderLibrary: Display: ShaderCodeLibraryPakFileMountedCallback: pending pak file info (ChunkID:-1 Root:root:/ File:D:/Progams on PC/Unreal/UE_4.27/FeaturePacks/TP_TopDownBP.upack)
[2025.12.20-15.32.50:021][  0]LogPakFile: OnPakFileMounted2Time == 0.000034
[2025.12.20-15.32.50:032][  0]LogPakFile: PakFile PrimaryIndexSize=185
[2025.12.20-15.32.50:032][  0]LogPakFile: PakFile PathHashIndexSize=101
[2025.12.20-15.32.50:032][  0]LogPakFile: PakFile FullDirectoryIndexSize=144
[2025.12.20-15.32.50:032][  0]LogShaderLibrary: Display: ShaderCodeLibraryPakFileMountedCallback: PakFile 'D:/Progams on PC/Unreal/UE_4.27/FeaturePacks/TP_TwinStick.upack' (chunk index -1, root 'root:/') mounted
[2025.12.20-15.32.50:032][  0]LogShaderLibrary: Display: ShaderCodeLibraryPakFileMountedCallback: pending pak file info (ChunkID:-1 Root:root:/ File:D:/Progams on PC/Unreal/UE_4.27/FeaturePacks/TP_TwinStick.upack)
[2025.12.20-15.32.50:032][  0]LogPakFile: OnPakFileMounted2Time == 0.000034
[2025.12.20-15.32.50:039][  0]LogPakFile: PakFile PrimaryIndexSize=187
[2025.12.20-15.32.50:039][  0]LogPakFile: PakFile PathHashIndexSize=101
[2025.12.20-15.32.50:039][  0]LogPakFile: PakFile FullDirectoryIndexSize=148
[2025.12.20-15.32.50:039][  0]LogShaderLibrary: Display: ShaderCodeLibraryPakFileMountedCallback: PakFile 'D:/Progams on PC/Unreal/UE_4.27/FeaturePacks/TP_TwinStickBP.upack' (chunk index -1, root 'root:/') mounted
[2025.12.20-15.32.50:039][  0]LogShaderLibrary: Display: ShaderCodeLibraryPakFileMountedCallback: pending pak file info (ChunkID:-1 Root:root:/ File:D:/Progams on PC/Unreal/UE_4.27/FeaturePacks/TP_TwinStickBP.upack)
[2025.12.20-15.32.50:039][  0]LogPakFile: OnPakFileMounted2Time == 0.000034
[2025.12.20-15.32.50:046][  0]LogPakFile: PakFile PrimaryIndexSize=183
[2025.12.20-15.32.50:046][  0]LogPakFile: PakFile PathHashIndexSize=101
[2025.12.20-15.32.50:046][  0]LogPakFile: PakFile FullDirectoryIndexSize=140
[2025.12.20-15.32.50:046][  0]LogShaderLibrary: Display: ShaderCodeLibraryPakFileMountedCallback: PakFile 'D:/Progams on PC/Unreal/UE_4.27/FeaturePacks/TP_Vehicle.upack' (chunk index -1, root 'root:/') mounted
[2025.12.20-15.32.50:046][  0]LogShaderLibrary: Display: ShaderCodeLibraryPakFileMountedCallback: pending pak file info (ChunkID:-1 Root:root:/ File:D:/Progams on PC/Unreal/UE_4.27/FeaturePacks/TP_Vehicle.upack)
[2025.12.20-15.32.50:046][  0]LogPakFile: OnPakFileMounted2Time == 0.000033
[2025.12.20-15.32.50:054][  0]LogPakFile: PakFile PrimaryIndexSize=186
[2025.12.20-15.32.50:054][  0]LogPakFile: PakFile PathHashIndexSize=101
[2025.12.20-15.32.50:054][  0]LogPakFile: PakFile FullDirectoryIndexSize=146
[2025.12.20-15.32.50:054][  0]LogShaderLibrary: Display: ShaderCodeLibraryPakFileMountedCallback: PakFile 'D:/Progams on PC/Unreal/UE_4.27/FeaturePacks/TP_VehicleAdv.upack' (chunk index -1, root 'root:/') mounted
[2025.12.20-15.32.50:054][  0]LogShaderLibrary: Display: ShaderCodeLibraryPakFileMountedCallback: pending pak file info (ChunkID:-1 Root:root:/ File:D:/Progams on PC/Unreal/UE_4.27/FeaturePacks/TP_VehicleAdv.upack)
[2025.12.20-15.32.50:054][  0]LogPakFile: OnPakFileMounted2Time == 0.000035
[2025.12.20-15.32.50:062][  0]LogPakFile: PakFile PrimaryIndexSize=188
[2025.12.20-15.32.50:062][  0]LogPakFile: PakFile PathHashIndexSize=101
[2025.12.20-15.32.50:062][  0]LogPakFile: PakFile FullDirectoryIndexSize=150
[2025.12.20-15.32.50:062][  0]LogShaderLibrary: Display: ShaderCodeLibraryPakFileMountedCallback: PakFile 'D:/Progams on PC/Unreal/UE_4.27/FeaturePacks/TP_VehicleAdvBP.upack' (chunk index -1, root 'root:/') mounted
[2025.12.20-15.32.50:062][  0]LogShaderLibrary: Display: ShaderCodeLibraryPakFileMountedCallback: pending pak file info (ChunkID:-1 Root:root:/ File:D:/Progams on PC/Unreal/UE_4.27/FeaturePacks/TP_VehicleAdvBP.upack)
[2025.12.20-15.32.50:062][  0]LogPakFile: OnPakFileMounted2Time == 0.000034
[2025.12.20-15.32.50:069][  0]LogPakFile: PakFile PrimaryIndexSize=185
[2025.12.20-15.32.50:069][  0]LogPakFile: PakFile PathHashIndexSize=101
[2025.12.20-15.32.50:069][  0]LogPakFile: PakFile FullDirectoryIndexSize=144
[2025.12.20-15.32.50:069][  0]LogShaderLibrary: Display: ShaderCodeLibraryPakFileMountedCallback: PakFile 'D:/Progams on PC/Unreal/UE_4.27/FeaturePacks/TP_VehicleBP.upack' (chunk index -1, root 'root:/') mounted
[2025.12.20-15.32.50:069][  0]LogShaderLibrary: Display: ShaderCodeLibraryPakFileMountedCallback: pending pak file info (ChunkID:-1 Root:root:/ File:D:/Progams on PC/Unreal/UE_4.27/FeaturePacks/TP_VehicleBP.upack)
[2025.12.20-15.32.50:069][  0]LogPakFile: OnPakFileMounted2Time == 0.000042
[2025.12.20-15.32.50:078][  0]LogPakFile: PakFile PrimaryIndexSize=192
[2025.12.20-15.32.50:079][  0]LogPakFile: PakFile PathHashIndexSize=101
[2025.12.20-15.32.50:079][  0]LogPakFile: PakFile FullDirectoryIndexSize=158
[2025.12.20-15.32.50:079][  0]LogShaderLibrary: Display: ShaderCodeLibraryPakFileMountedCallback: PakFile 'D:/Progams on PC/Unreal/UE_4.27/FeaturePacks/TP_VirtualRealityBP.upack' (chunk index -1, root 'root:/') mounted
[2025.12.20-15.32.50:079][  0]LogShaderLibrary: Display: ShaderCodeLibraryPakFileMountedCallback: pending pak file info (ChunkID:-1 Root:root:/ File:D:/Progams on PC/Unreal/UE_4.27/FeaturePacks/TP_VirtualRealityBP.upack)
[2025.12.20-15.32.50:079][  0]LogPakFile: OnPakFileMounted2Time == 0.000034
[2025.12.20-15.32.50:638][  0]LogNativeClassHierarchy: Verbose: Native class hierarchy updated for 'AddContentDialog' in 0.0003 seconds. Added 0 classes and 0 folders.
[2025.12.20-15.32.50:643][  0]LogNativeClassHierarchy: Verbose: Native class hierarchy updated for 'SceneOutliner' in 0.0002 seconds. Added 2 classes and 0 folders.
[2025.12.20-15.32.50:775][  0]LogSlate: Took 0.010894 seconds to synchronously load lazily loaded font '../../../Engine/Content/Slate/Fonts/Roboto-Regular.ttf' (155K)
[2025.12.20-15.32.50:787][  0]LogSlate: Took 0.008775 seconds to synchronously load lazily loaded font '../../../Engine/Content/Editor/Slate/Fonts/FontAwesome.ttf' (139K)
[2025.12.20-15.32.50:798][  0]LogSlate: Took 0.008492 seconds to synchronously load lazily loaded font '../../../Engine/Content/Slate/Fonts/Roboto-Bold.ttf' (160K)
[2025.12.20-15.32.50:949][  0]LogRenderer: Reallocating scene render targets to support 916x364 Format 10 NumSamples 1 (Frame:1).
[2025.12.20-15.32.51:265][  0]LogNativeClassHierarchy: Verbose: Native class hierarchy updated for 'HierarchicalLODOutliner' in 0.0002 seconds. Added 0 classes and 0 folders.
[2025.12.20-15.32.51:265][  0]LogLoad: (Engine Initialization) Total time: 43.07 seconds
[2025.12.20-15.32.51:265][  0]LogLoad: (Engine Initialization) Total Blueprint compile time: 0.00 seconds
[2025.12.20-15.32.51:542][  0]LogAssetRegistry: Asset discovery search completed in 23.4826 seconds
[2025.12.20-15.32.51:585][  0]LogCollectionManager: Fixed up redirectors for 0 collections in 0.000005 seconds (updated 0 objects)
[2025.12.20-15.32.51:598][  0]LogContentStreaming: Texture pool size now 1000 MB
[2025.12.20-15.32.51:703][  2]LogSlate: Took 0.009039 seconds to synchronously load lazily loaded font '../../../Engine/Content/Slate/Fonts/Roboto-Light.ttf' (167K)
[2025.12.20-15.32.52:179][ 29]LogAudioMixer: Warning: Changing default audio render device to new device: {0.0.0.00000000}.{8dee5150-e85f-455f-be33-8c42371786f5}.
[2025.12.20-15.32.52:179][ 29]LogAudioMixer: Resetting audio stream to device id 
[2025.12.20-15.32.52:201][ 29]LogAudioMixer: Display: 0: FrontLeft
[2025.12.20-15.32.52:201][ 29]LogAudioMixer: Display: 1: FrontRight
[2025.12.20-15.32.52:326][ 31]LogSlate: Took 0.000208 seconds to synchronously load lazily loaded font '../../../Engine/Content/Slate/Fonts/Roboto-Light.ttf' (167K)
[2025.12.20-15.33.41:518][764]LogAssetEditorSubsystem: Opening Asset editor for Material /Game/Workplace/Materials/M_ConveyerBelt.M_ConveyerBelt
[2025.12.20-15.33.41:521][764]LogMaterial: Display: Missing cached shadermap for M_ConveyerBelt in PCD3D_SM5, Default, SM5 (DDC key hash: A1A1D476068B75A59959BA00664DF9A70E322EB3), compiling. 
[2025.12.20-15.33.41:555][764]LogShaderCompilers: Display: Submitted 10 shader compile jobs with 'Normal' priority
[2025.12.20-15.33.41:570][764]LogShaderCompilers: Display: Worker (1/5): shaders left to compile 10
[2025.12.20-15.33.41:570][764]LogShaderCompilers: Display: Worker (2/5): shaders left to compile 7
[2025.12.20-15.33.41:570][764]LogShaderCompilers: Display: Worker (3/5): shaders left to compile 4
[2025.12.20-15.33.41:570][764]LogShaderCompilers: Display: Worker (4/5): shaders left to compile 1
[2025.12.20-15.33.41:570][764]LogShaderCompilers: Display: Started 10 'Local' shader compile jobs with 'Normal' priority
[2025.12.20-15.33.41:581][764]LogTexture: Default maximum texture size for cubemaps generated from long-lat sources has been changed from 512 to unlimited. In order to preserve old behaiour for '/Engine/EditorMaterials/AssetViewer/EpicQuadPanorama_CC+EV1.EpicQuadPanorama_CC+EV1', its maximum texture size has been explicitly set to 512.
[2025.12.20-15.33.41:719][764]LogTexture: Default maximum texture size for cubemaps generated from long-lat sources has been changed from 512 to unlimited. In order to preserve old behaiour for '/Engine/MapTemplates/Sky/SunsetAmbientCubemap.SunsetAmbientCubemap', its maximum texture size has been explicitly set to 512.
[2025.12.20-15.33.42:000][764]LogMaterial: Display: Missing cached shadermap for M_ConveyerBelt in PCD3D_SM5, Default, SM5 (DDC key hash: C55B2407EBFDBDC5955D35911C2EF642CB63610D), compiling. 
[2025.12.20-15.33.42:005][764]LogMaterial: Display: Missing cached shadermap for M_ConveyerBelt in PCD3D_SM5, Default, SM5 (DDC key hash: 0B1696652CF3D5C7055139D6689B70B727E2047F), compiling. 
[2025.12.20-15.33.42:008][764]LogMaterial: Display: Missing cached shadermap for FMatExpressionPreview MaterialExpressionTextureSample_0 in PCD3D_SM5, Default, SM5 (DDC key hash: F2E35FD898412F983A732EA3859B23DDFDE943EF), compiling. 
[2025.12.20-15.33.42:010][764]LogMaterial: Display: Missing cached shadermap for FMatExpressionPreview MaterialExpressionCollectionParameter_0 in PCD3D_SM5, Default, SM5 (DDC key hash: FA40BF827D23801941FE631989AB8C3641BFBF41), compiling. 
[2025.12.20-15.33.42:039][764]MaterialEditorStats: Texture samplers: 0/16
[2025.12.20-15.33.42:039][764]MaterialEditorStats: Texture Lookups (Est.): VS(0), PS(1)
[2025.12.20-15.33.42:039][764]MaterialEditorStats: User interpolators: 2/4 Scalars (1/4 Vectors) (TexCoords: 2, Custom: 0)
[2025.12.20-15.33.42:055][764]LogSlate: Took 0.008197 seconds to synchronously load lazily loaded font '../../../Engine/Content/Slate/Fonts/Roboto-BoldCondensed.ttf' (158K)
[2025.12.20-15.33.42:353][769]LogShaderCompilers: Display: Submitted 2 shader compile jobs with 'ForceLocal' priority
[2025.12.20-15.33.42:467][773]LogSlate: Took 0.018890 seconds to synchronously load lazily loaded font '../../../Engine/Content/Slate/Fonts/Roboto-Italic.ttf' (157K)
[2025.12.20-15.33.44:585][846]LogShaderCompilers: Display: Worker (4/5): shaders left to compile 2
[2025.12.20-15.33.44:585][846]LogShaderCompilers: Display: Started 1 'Local' shader compile jobs with 'ForceLocal' priority
[2025.12.20-15.33.44:659][850]LogSlate: Window 'M_ConveyerBelt' being destroyed
[2025.12.20-15.33.44:662][850]MaterialEditorStats: Texture samplers: 3/16
[2025.12.20-15.33.44:662][850]MaterialEditorStats: Texture Lookups (Est.): VS(0), PS(1)
[2025.12.20-15.33.44:662][850]MaterialEditorStats: User interpolators: 2/4 Scalars (1/4 Vectors) (TexCoords: 2, Custom: 0)
[2025.12.20-15.33.45:355][887]LogShaderCompilers: Display: Worker (4/5): shaders left to compile 1
[2025.12.20-15.33.45:355][887]LogShaderCompilers: Display: Started 1 'Local' shader compile jobs with 'ForceLocal' priority
[2025.12.20-15.33.45:926][918]MaterialEditorStats: Base pass shader: 121 instructions
[2025.12.20-15.33.45:926][918]MaterialEditorStats: Base pass shader with Volumetric Lightmap: 195 instructions
[2025.12.20-15.33.45:926][918]MaterialEditorStats: Base pass vertex shader: 46 instructions
[2025.12.20-15.33.45:926][918]MaterialEditorStats: Texture samplers: 3/16
[2025.12.20-15.33.45:926][918]MaterialEditorStats: Texture Lookups (Est.): VS(0), PS(1)
[2025.12.20-15.33.45:926][918]MaterialEditorStats: User interpolators: 2/4 Scalars (1/4 Vectors) (TexCoords: 2, Custom: 0)
[2025.12.20-15.33.50:263][154]LogUObjectHash: Compacting FUObjectHashTables data took   0.74ms
[2025.12.20-15.33.54:912][154]LogSlate: Window 'Delete Assets' being destroyed
[2025.12.20-15.33.55:004][154]LogUObjectHash: Compacting FUObjectHashTables data took   0.76ms
[2025.12.20-15.33.55:020][154]LogUObjectHash: Compacting FUObjectHashTables data took   0.59ms
[2025.12.20-15.33.55:027][154]LogUObjectHash: Compacting FUObjectHashTables data took   0.22ms
[2025.12.20-15.34.14:312][271]LogContentBrowser: Attempting asset rename: M_ConveyerBelt -> YTrackMaterial
[2025.12.20-15.34.14:483][271]LogSavePackage: Moving '../../../../../../WORKPLACE/Mini_laboratory/MEPhI_VR_term_1/Mini_laboratory/Saved/YTrackMaterialDF3238BE46DCC9EAE27724BAA239B284.tmp' to '../../../../../../WORKPLACE/Mini_laboratory/MEPhI_VR_term_1/Mini_laboratory/Content/Workplace/Materials/YTrackMaterial.uasset'
[2025.12.20-15.34.14:543][271]LogUObjectHash: Compacting FUObjectHashTables data took   0.82ms
[2025.12.20-15.34.14:609][271]LogUObjectHash: Compacting FUObjectHashTables data took   0.64ms
[2025.12.20-15.34.14:613][271]LogUObjectHash: Compacting FUObjectHashTables data took   0.21ms
[2025.12.20-15.34.14:749][271]LogSavePackage: Moving '../../../../../../WORKPLACE/Mini_laboratory/MEPhI_VR_term_1/Mini_laboratory/Saved/BP_TransporterDE0D8D4E4706FA25FBDF2AB108C91BD3.tmp' to '../../../../../../WORKPLACE/Mini_laboratory/MEPhI_VR_term_1/Mini_laboratory/Content/Workplace/Blueprints/BP_Transporter.uasset'
[2025.12.20-15.34.14:806][271]AssetCheck: New page: Asset Save: multiple assets
[2025.12.20-15.34.14:806][271]LogContentValidation: Display: Validating Material /Game/Workplace/Materials/YTrackMaterial.YTrackMaterial
[2025.12.20-15.34.14:806][271]LogContentValidation: Display: Validating Blueprint /Game/Workplace/Blueprints/BP_Transporter.BP_Transporter
[2025.12.20-15.34.17:056][404]LogShaderCompilers: Display: Submitted 2 shader compile jobs with 'ForceLocal' priority
[2025.12.20-15.34.17:056][404]LogShaderCompilers: Display: Worker (1/5): shaders left to compile 2
[2025.12.20-15.34.17:056][404]LogShaderCompilers: Display: Worker (2/5): shaders left to compile 1
[2025.12.20-15.34.17:056][404]LogShaderCompilers: Display: Started 2 'Local' shader compile jobs with 'ForceLocal' priority
[2025.12.20-15.34.28:965][ 93]LogAssetEditorSubsystem: Opening Asset editor for MaterialParameterCollection /Game/Workplace/Materials/MPC_ConveyerBelt.MPC_ConveyerBelt
[2025.12.20-15.35.11:789][473]LogUObjectHash: Compacting FUObjectHashTables data took   0.55ms
[2025.12.20-15.35.11:803][473]LogSavePackage: Moving '../../../../../../WORKPLACE/Mini_laboratory/MEPhI_VR_term_1/Mini_laboratory/Saved/MPC_ConveyerBelt08F29F884918F1B9AA9D308986C4B1AD.tmp' to '../../../../../../WORKPLACE/Mini_laboratory/MEPhI_VR_term_1/Mini_laboratory/Content/Workplace/Materials/MPC_ConveyerBelt.uasset'
[2025.12.20-15.35.11:911][473]AssetCheck: New page: Asset Save: MPC_ConveyerBelt
[2025.12.20-15.35.11:911][473]LogContentValidation: Display: Validating MaterialParameterCollection /Game/Workplace/Materials/MPC_ConveyerBelt.MPC_ConveyerBelt
[2025.12.20-15.35.15:314][661]LogUObjectHash: Compacting FUObjectHashTables data took   0.54ms
[2025.12.20-15.35.16:945][750]LogUObjectHash: Compacting FUObjectHashTables data took   0.56ms
[2025.12.20-15.35.18:740][842]LogUObjectHash: Compacting FUObjectHashTables data took   0.54ms
[2025.12.20-15.35.20:500][943]LogUObjectHash: Compacting FUObjectHashTables data took   0.54ms
[2025.12.20-15.35.29:571][435]LogContentBrowser: Deferred new asset file creation: YTrackMaterial1
[2025.12.20-15.35.29:587][435]LogContentBrowser: Creating deferred item: YTrackMaterial1
[2025.12.20-15.35.36:579][847]LogContentBrowser: Attempting asset rename: YTrackMaterial1 -> XTrackMaterial
[2025.12.20-15.35.36:582][847]LogMaterial: Display: Missing cached shadermap for XTrackMaterial in PCD3D_SM5, Default, SM5 (DDC key hash: F8055D4EFD3F3B943A8486F89823C0BEF6B24D02), compiling. 
[2025.12.20-15.35.36:602][847]LogShaderCompilers: Display: Submitted 16 shader compile jobs with 'Low' priority
[2025.12.20-15.35.36:603][847]LogContentBrowser: End creating deferred item YTrackMaterial1
[2025.12.20-15.35.36:610][848]LogShaderCompilers: Display: Worker (1/5): shaders left to compile 2
[2025.12.20-15.35.36:610][848]LogShaderCompilers: Display: Worker (2/5): shaders left to compile 1
[2025.12.20-15.35.36:610][848]LogShaderCompilers: Display: Worker (3/5): shaders left to compile 14
[2025.12.20-15.35.36:610][848]LogShaderCompilers: Display: Worker (4/5): shaders left to compile 10
[2025.12.20-15.35.36:610][848]LogShaderCompilers: Display: Started 8 'Local' shader compile jobs with 'Normal' priority
[2025.12.20-15.35.36:610][848]LogShaderCompilers: Display: Started 2 'Local' shader compile jobs with 'ForceLocal' priority
[2025.12.20-15.35.37:462][885]LogShaderCompilers: Display: Worker (2/5): shaders left to compile 6
[2025.12.20-15.35.37:463][885]LogShaderCompilers: Display: Started 2 'Local' shader compile jobs with 'Normal' priority
[2025.12.20-15.35.37:468][885]LogShaderCompilers: Display: === FShaderJobCache stats ===
[2025.12.20-15.35.37:468][885]LogShaderCompilers: Display: Total job queries 40, among them cache hits 0 (0.00%)
[2025.12.20-15.35.37:468][885]LogShaderCompilers: Display: Tracking 15 distinct input hashes that result in 11 distinct outputs (73.33%)
[2025.12.20-15.35.37:468][885]LogShaderCompilers: Display: RAM used: 0.05 MB (0.00 GB) of 409.60 MB (0.40 GB) budget. Usage: 0.01%
[2025.12.20-15.35.37:468][885]LogShaderCompilers: Display: ================================================
[2025.12.20-15.35.37:901][911]LogShaderCompilers: Display: Worker (1/5): shaders left to compile 4
[2025.12.20-15.35.37:901][911]LogShaderCompilers: Display: Started 2 'Local' shader compile jobs with 'Normal' priority
[2025.12.20-15.35.39:484][999]LogShaderCompilers: Display: Worker (3/5): shaders left to compile 2
[2025.12.20-15.35.39:484][999]LogShaderCompilers: Display: Started 1 'Local' shader compile jobs with 'Normal' priority
[2025.12.20-15.35.39:580][  4]LogShaderCompilers: Display: Worker (2/5): shaders left to compile 1
[2025.12.20-15.35.39:580][  4]LogShaderCompilers: Display: Started 1 'Local' shader compile jobs with 'Normal' priority
[2025.12.20-15.35.41:135][ 89]LogAssetEditorSubsystem: Opening Asset editor for Material /Game/Workplace/Materials/XTrackMaterial.XTrackMaterial
[2025.12.20-15.35.41:139][ 89]LogMaterial: Display: Missing cached shadermap for XTrackMaterial in PCD3D_SM5, Default, SM5 (DDC key hash: BFBC25EB81C0B4340621EA4DAC0E851D3BB8CDC9), compiling. 
[2025.12.20-15.35.41:189][ 89]LogMaterial: Display: Missing cached shadermap for XTrackMaterial in PCD3D_SM5, Default, SM5 (DDC key hash: 10820AB525C122CAE6FB98AD20F6AB1D8488AF97), compiling. 
[2025.12.20-15.35.41:192][ 89]LogMaterial: Display: Missing cached shadermap for XTrackMaterial in PCD3D_SM5, Default, SM5 (DDC key hash: 9B590CD305C7F48B29F1F22BBF269F7D8756D54D), compiling. 
[2025.12.20-15.35.41:193][ 89]LogMaterial: Display: Missing cached shadermap for FMatExpressionPreview MaterialExpressionTextureSample_0 in PCD3D_SM5, Default, SM5 (DDC key hash: CD02C7774E8FB6ADB9DE7E9D825D43B9DFF37ECB), compiling. 
[2025.12.20-15.35.41:196][ 89]LogMaterial: Display: Missing cached shadermap for FMatExpressionPreview MaterialExpressionCollectionParameter_0 in PCD3D_SM5, Default, SM5 (DDC key hash: FB6DB86E8D6F80C3508B82A378DC8CB9B313615D), compiling. 
[2025.12.20-15.35.41:204][ 89]MaterialEditorStats: Texture samplers: 0/16
[2025.12.20-15.35.41:204][ 89]MaterialEditorStats: Texture Lookups (Est.): VS(0), PS(1)
[2025.12.20-15.35.41:204][ 89]MaterialEditorStats: User interpolators: 2/4 Scalars (1/4 Vectors) (TexCoords: 2, Custom: 0)
[2025.12.20-15.35.41:240][ 89]LogSlate: Took 0.008498 seconds to synchronously load lazily loaded font '../../../Engine/Content/Slate/Fonts/DroidSansMono.ttf' (77K)
[2025.12.20-15.35.41:253][ 90]MaterialEditorStats: Base pass shader: 121 instructions
[2025.12.20-15.35.41:253][ 90]MaterialEditorStats: Base pass shader with Volumetric Lightmap: 195 instructions
[2025.12.20-15.35.41:253][ 90]MaterialEditorStats: Base pass vertex shader: 46 instructions
[2025.12.20-15.35.41:253][ 90]MaterialEditorStats: Texture samplers: 3/16
[2025.12.20-15.35.41:253][ 90]MaterialEditorStats: Texture Lookups (Est.): VS(0), PS(1)
[2025.12.20-15.35.41:253][ 90]MaterialEditorStats: User interpolators: 2/4 Scalars (1/4 Vectors) (TexCoords: 2, Custom: 0)
[2025.12.20-15.35.49:416][558]LogMaterial: Display: Missing cached shadermap for XTrackMaterial in PCD3D_SM5, Default, SM5 (DDC key hash: EADF66368B4C0DCBD0634790E7B418B0053CE554), compiling. 
[2025.12.20-15.35.49:418][558]LogMaterial: Display: Missing cached shadermap for FMatExpressionPreview MaterialExpressionCollectionParameter_0 in PCD3D_SM5, Default, SM5 (DDC key hash: 42AA5790A8BB6A8617E3E50EA5BC7179DC65D3C1), compiling. 
[2025.12.20-15.35.49:422][558]LogMaterial: Display: Missing cached shadermap for XTrackMaterial in PCD3D_SM5, Default, SM5 (DDC key hash: 6527F8C4BA110B3625591CFBFF564C06A9EBF4A8), compiling. 
[2025.12.20-15.35.49:429][558]MaterialEditorStats: Texture samplers: 0/16
[2025.12.20-15.35.49:429][558]MaterialEditorStats: Texture Lookups (Est.): VS(0), PS(1)
[2025.12.20-15.35.49:429][558]MaterialEditorStats: User interpolators: 2/4 Scalars (1/4 Vectors) (TexCoords: 2, Custom: 0)
[2025.12.20-15.35.49:433][559]LogShaderCompilers: Display: Submitted 2 shader compile jobs with 'ForceLocal' priority
[2025.12.20-15.35.49:437][560]LogShaderCompilers: Display: Worker (1/5): shaders left to compile 2
[2025.12.20-15.35.49:437][560]LogShaderCompilers: Display: Worker (2/5): shaders left to compile 1
[2025.12.20-15.35.49:437][560]LogShaderCompilers: Display: Started 2 'Local' shader compile jobs with 'ForceLocal' priority
[2025.12.20-15.35.49:441][560]LogShaderCompilers: Display: Submitted 8 shader compile jobs with 'Normal' priority
[2025.12.20-15.35.49:441][560]LogShaderCompilers: Display: Worker (3/5): shaders left to compile 8
[2025.12.20-15.35.49:441][560]LogShaderCompilers: Display: Worker (4/5): shaders left to compile 5
[2025.12.20-15.35.49:441][560]LogShaderCompilers: Display: Started 6 'Local' shader compile jobs with 'Normal' priority
[2025.12.20-15.35.49:447][560]LogShaderCompilers: Display: Submitted 2 shader compile jobs with 'ForceLocal' priority
[2025.12.20-15.35.50:206][605]LogShaderCompilers: Display: Worker (2/5): shaders left to compile 2
[2025.12.20-15.35.50:206][605]LogShaderCompilers: Display: Started 1 'Local' shader compile jobs with 'ForceLocal' priority
[2025.12.20-15.35.50:376][615]LogShaderCompilers: Display: Worker (1/5): shaders left to compile 1
[2025.12.20-15.35.50:376][615]LogShaderCompilers: Display: Started 1 'Local' shader compile jobs with 'ForceLocal' priority
[2025.12.20-15.35.50:398][616]MaterialEditorStats: Texture samplers: 3/16
[2025.12.20-15.35.50:398][616]MaterialEditorStats: Texture Lookups (Est.): VS(0), PS(1)
[2025.12.20-15.35.50:398][616]MaterialEditorStats: User interpolators: 2/4 Scalars (1/4 Vectors) (TexCoords: 2, Custom: 0)
[2025.12.20-15.35.50:958][641]LogShaderCompilers: Display: Worker (2/5): shaders left to compile 2
[2025.12.20-15.35.50:958][641]LogShaderCompilers: Display: Started 1 'Local' shader compile jobs with 'Normal' priority
[2025.12.20-15.35.50:982][642]LogShaderCompilers: Display: Worker (1/5): shaders left to compile 1
[2025.12.20-15.35.50:982][642]LogShaderCompilers: Display: Started 1 'Local' shader compile jobs with 'Normal' priority
[2025.12.20-15.35.51:989][697]MaterialEditorStats: Base pass shader: 121 instructions
[2025.12.20-15.35.51:989][697]MaterialEditorStats: Base pass shader with Volumetric Lightmap: 195 instructions
[2025.12.20-15.35.51:989][697]MaterialEditorStats: Base pass vertex shader: 46 instructions
[2025.12.20-15.35.51:989][697]MaterialEditorStats: Texture samplers: 3/16
[2025.12.20-15.35.51:989][697]MaterialEditorStats: Texture Lookups (Est.): VS(0), PS(1)
[2025.12.20-15.35.51:989][697]MaterialEditorStats: User interpolators: 2/4 Scalars (1/4 Vectors) (TexCoords: 2, Custom: 0)
[2025.12.20-15.35.55:821][920]LogMaterial: Display: Missing cached shadermap for M_ConveyerBelt in PCD3D_SM5, Default, SM5 (DDC key hash: 5348FF2C0641DF8826E24B3E566833025FC7C12A), compiling. 
[2025.12.20-15.35.55:824][920]LogMaterial: Display: Missing cached shadermap for FMatExpressionPreview MaterialExpressionCollectionParameter_0 in PCD3D_SM5, Default, SM5 (DDC key hash: BE8688C8AEF55B5808625AAB1A0EC711119F0382), compiling. 
[2025.12.20-15.35.55:827][920]LogMaterial: Display: Missing cached shadermap for M_ConveyerBelt in PCD3D_SM5, Default, SM5 (DDC key hash: B1534323853CDF9FFF365B3502BF2719D4A988F9), compiling. 
[2025.12.20-15.35.55:831][920]MaterialEditorStats: Texture samplers: 0/16
[2025.12.20-15.35.55:831][920]MaterialEditorStats: Texture Lookups (Est.): VS(0), PS(1)
[2025.12.20-15.35.55:831][920]MaterialEditorStats: User interpolators: 2/4 Scalars (1/4 Vectors) (TexCoords: 2, Custom: 0)
[2025.12.20-15.35.55:834][921]LogShaderCompilers: Display: Submitted 2 shader compile jobs with 'ForceLocal' priority
[2025.12.20-15.35.55:839][922]LogShaderCompilers: Display: Worker (1/5): shaders left to compile 2
[2025.12.20-15.35.55:839][922]LogShaderCompilers: Display: Worker (2/5): shaders left to compile 1
[2025.12.20-15.35.55:839][922]LogShaderCompilers: Display: Started 2 'Local' shader compile jobs with 'ForceLocal' priority
[2025.12.20-15.35.55:841][922]LogShaderCompilers: Display: Submitted 8 shader compile jobs with 'Normal' priority
[2025.12.20-15.35.55:847][922]LogShaderCompilers: Display: Worker (3/5): shaders left to compile 8
[2025.12.20-15.35.55:847][922]LogShaderCompilers: Display: Worker (4/5): shaders left to compile 5
[2025.12.20-15.35.55:847][922]LogShaderCompilers: Display: Started 6 'Local' shader compile jobs with 'Normal' priority
[2025.12.20-15.35.56:562][964]LogShaderCompilers: Display: Worker (2/5): shaders left to compile 2
[2025.12.20-15.35.56:562][964]LogShaderCompilers: Display: Started 1 'Local' shader compile jobs with 'Normal' priority
[2025.12.20-15.35.56:749][975]LogShaderCompilers: Display: Worker (1/5): shaders left to compile 1
[2025.12.20-15.35.56:749][975]LogShaderCompilers: Display: Started 1 'Local' shader compile jobs with 'Normal' priority
[2025.12.20-15.35.56:773][976]MaterialEditorStats: Texture samplers: 3/16
[2025.12.20-15.35.56:773][976]MaterialEditorStats: Texture Lookups (Est.): VS(0), PS(1)
[2025.12.20-15.35.56:773][976]MaterialEditorStats: User interpolators: 2/4 Scalars (1/4 Vectors) (TexCoords: 2, Custom: 0)
[2025.12.20-15.35.58:837][ 94]LogUObjectHash: Compacting FUObjectHashTables data took   1.26ms
[2025.12.20-15.35.58:882][ 94]LogSavePackage: Moving '../../../../../../WORKPLACE/Mini_laboratory/MEPhI_VR_term_1/Mini_laboratory/Saved/XTrackMaterial2868D8A543AAE1E034F9FB9AD12CAE8B.tmp' to '../../../../../../WORKPLACE/Mini_laboratory/MEPhI_VR_term_1/Mini_laboratory/Content/Workplace/Materials/XTrackMaterial.uasset'
[2025.12.20-15.35.58:896][ 94]AssetCheck: New page: Asset Save: XTrackMaterial
[2025.12.20-15.35.58:896][ 94]LogContentValidation: Display: Validating Material /Game/Workplace/Materials/XTrackMaterial.XTrackMaterial
[2025.12.20-15.35.58:896][ 94]MaterialEditorStats: Base pass shader: 121 instructions
[2025.12.20-15.35.58:896][ 94]MaterialEditorStats: Base pass shader with Volumetric Lightmap: 195 instructions
[2025.12.20-15.35.58:896][ 94]MaterialEditorStats: Base pass vertex shader: 46 instructions
[2025.12.20-15.35.58:896][ 94]MaterialEditorStats: Texture samplers: 3/16
[2025.12.20-15.35.58:896][ 94]MaterialEditorStats: Texture Lookups (Est.): VS(0), PS(1)
[2025.12.20-15.35.58:896][ 94]MaterialEditorStats: User interpolators: 2/4 Scalars (1/4 Vectors) (TexCoords: 2, Custom: 0)
[2025.12.20-15.36.04:484][426]LogUObjectHash: Compacting FUObjectHashTables data took   1.05ms
[2025.12.20-15.36.09:116][699]LogMaterial: Display: Missing cached shadermap for XTrackMaterial in PCD3D_SM5, Default, SM5 (DDC key hash: 64F38599EE952FD8D7302B3E46013D7F4C071D55), compiling. 
[2025.12.20-15.36.09:118][699]LogMaterial: Display: Missing cached shadermap for FMatExpressionPreview MaterialExpressionCollectionParameter_0 in PCD3D_SM5, Default, SM5 (DDC key hash: 76EE1ED286128CAE639D23614B44DACB3C357BEF), compiling. 
[2025.12.20-15.36.09:121][699]LogMaterial: Display: Missing cached shadermap for XTrackMaterial in PCD3D_SM5, Default, SM5 (DDC key hash: 3A457C3DFDE81EF34DA2A3B3EED55A2189E7D11A), compiling. 
[2025.12.20-15.36.09:125][699]MaterialEditorStats: Texture samplers: 0/16
[2025.12.20-15.36.09:125][699]MaterialEditorStats: Texture Lookups (Est.): VS(0), PS(1)
[2025.12.20-15.36.09:125][699]MaterialEditorStats: User interpolators: 2/4 Scalars (1/4 Vectors) (TexCoords: 2, Custom: 0)
[2025.12.20-15.36.09:146][701]MaterialEditorStats: Texture samplers: 3/16
[2025.12.20-15.36.09:146][701]MaterialEditorStats: Texture Lookups (Est.): VS(0), PS(1)
[2025.12.20-15.36.09:146][701]MaterialEditorStats: User interpolators: 2/4 Scalars (1/4 Vectors) (TexCoords: 2, Custom: 0)
[2025.12.20-15.36.09:162][702]MaterialEditorStats: Base pass shader: 121 instructions
[2025.12.20-15.36.09:162][702]MaterialEditorStats: Base pass shader with Volumetric Lightmap: 195 instructions
[2025.12.20-15.36.09:162][702]MaterialEditorStats: Base pass vertex shader: 46 instructions
[2025.12.20-15.36.09:162][702]MaterialEditorStats: Texture samplers: 3/16
[2025.12.20-15.36.09:162][702]MaterialEditorStats: Texture Lookups (Est.): VS(0), PS(1)
[2025.12.20-15.36.09:162][702]MaterialEditorStats: User interpolators: 2/4 Scalars (1/4 Vectors) (TexCoords: 2, Custom: 0)
[2025.12.20-15.36.12:451][895]LogUObjectHash: Compacting FUObjectHashTables data took   0.56ms
[2025.12.20-15.36.19:585][319]LogUObjectHash: Compacting FUObjectHashTables data took   0.54ms
[2025.12.20-15.36.21:084][408]LogUObjectHash: Compacting FUObjectHashTables data took   0.55ms
[2025.12.20-15.36.22:519][492]LogUObjectHash: Compacting FUObjectHashTables data took   1.10ms
[2025.12.20-15.36.32:189][ 60]LogUObjectHash: Compacting FUObjectHashTables data took   0.23ms
[2025.12.20-15.36.32:881][ 60]LogAssetEditorSubsystem: Opening Asset editor for World /Game/Workplace/Maps/FirstLevel.FirstLevel
[2025.12.20-15.36.32:882][ 60]Cmd: MAP LOAD FILE="../../../../../../WORKPLACE/Mini_laboratory/MEPhI_VR_term_1/Mini_laboratory/Content/Workplace/Maps/FirstLevel.umap" TEMPLATE=0 SHOWPROGRESS=1 FEATURELEVEL=3
[2025.12.20-15.36.32:882][ 60]LightingResults: New page: Lighting Build
[2025.12.20-15.36.32:882][ 60]LoadErrors: New page: Loading map: FirstLevel.umap
[2025.12.20-15.36.32:885][ 60]LogWorld: UWorld::CleanupWorld for StartMenu, bSessionEnded=true, bCleanupResources=true
[2025.12.20-15.36.32:887][ 60]LogSlate: InvalidateAllWidgets triggered.  All widgets were invalidated
[2025.12.20-15.36.32:887][ 60]MapCheck: New page: Map Check
[2025.12.20-15.36.32:887][ 60]LightingResults: New page: Lighting Build
[2025.12.20-15.36.32:892][ 60]LogAudio: Display: Audio Device unregistered from world 'None'.
[2025.12.20-15.36.32:900][ 60]LogUObjectHash: Compacting FUObjectHashTables data took   0.94ms
[2025.12.20-15.36.32:901][ 60]LogAudio: Display: Audio Device (ID: 1) registered with world 'FirstLevel'.
[2025.12.20-15.36.32:974][ 60]LogEditorServer: Finished looking for orphan Actors (0.000 secs)
[2025.12.20-15.36.32:974][ 60]LogAIModule: Creating AISystem for world FirstLevel
[2025.12.20-15.36.32:982][ 60]LogUObjectHash: Compacting FUObjectHashTables data took   0.63ms
[2025.12.20-15.36.32:987][ 60]Cmd: MAP CHECKDEP NOCLEARLOG
[2025.12.20-15.36.32:987][ 60]MapCheck: Map check complete: 0 Error(s), 0 Warning(s), took 0,066ms to complete.
[2025.12.20-15.36.32:987][ 60]LogFileHelpers: Loading map 'FirstLevel' took 0.105
[2025.12.20-15.36.42:718][633]LogAssetEditorSubsystem: Opening Asset editor for Blueprint /Game/Workplace/Blueprints/BP_Transporter.BP_Transporter
[2025.12.20-15.36.43:789][633]LogNativeClassHierarchy: Verbose: Native class hierarchy updated for 'BlueprintGraph' in 0.0005 seconds. Added 126 classes and 0 folders.
[2025.12.20-15.37.20:731][887]LogRenderer: Reallocating scene render targets to support 916x436 Format 10 NumSamples 1 (Frame:1).
[2025.12.20-15.37.21:180][913]BlueprintLog: New page: Compile BP_Transporter
[2025.12.20-15.37.21:230][913]LogUObjectHash: Compacting FUObjectHashTables data took   2.02ms
[2025.12.20-15.37.21:801][939]LogSavePackage: Moving '../../../../../../WORKPLACE/Mini_laboratory/MEPhI_VR_term_1/Mini_laboratory/Saved/BP_Transporter91E8E3DE4C82C1DCE19B268683E91088.tmp' to '../../../../../../WORKPLACE/Mini_laboratory/MEPhI_VR_term_1/Mini_laboratory/Content/Workplace/Blueprints/BP_Transporter.uasset'
[2025.12.20-15.37.21:819][939]AssetCheck: New page: Asset Save: BP_Transporter
[2025.12.20-15.37.21:819][939]LogContentValidation: Display: Validating Blueprint /Game/Workplace/Blueprints/BP_Transporter.BP_Transporter
[2025.12.20-15.37.51:199][643]LogMaterialEditor: Saving and Compiling material YTrackMaterial
[2025.12.20-15.37.51:580][643]LogMaterial: Display: Missing cached shadermap for M_ConveyerBelt in PCD3D_SM5, Default, SM5 (DDC key hash: C2400B255208D91DE9E1A4CDDFD230B21BC91CE0), compiling. 
[2025.12.20-15.37.51:605][643]LogMaterial: Display: Missing cached shadermap for YTrackMaterial in PCD3D_SM5, Default, SM5 (DDC key hash: 56620796254F98140492D0FE5443BB63F5747C16), compiling. 
[2025.12.20-15.37.51:628][643]LogShaderCompilers: Display: Submitted 2 shader compile jobs with 'ForceLocal' priority
[2025.12.20-15.37.51:628][643]LogShaderCompilers: Display: Worker (1/5): shaders left to compile 2
[2025.12.20-15.37.51:628][643]LogShaderCompilers: Display: Worker (2/5): shaders left to compile 1
[2025.12.20-15.37.51:628][643]LogShaderCompilers: Display: Started 2 'Local' shader compile jobs with 'ForceLocal' priority
[2025.12.20-15.37.51:655][643]LogShaderCompilers: Display: Submitted 14 shader compile jobs with 'Normal' priority
[2025.12.20-15.37.51:655][643]LogShaderCompilers: Display: Worker (3/5): shaders left to compile 14
[2025.12.20-15.37.51:655][643]LogShaderCompilers: Display: Worker (4/5): shaders left to compile 10
[2025.12.20-15.37.51:655][643]LogShaderCompilers: Display: Started 8 'Local' shader compile jobs with 'Normal' priority
[2025.12.20-15.37.51:674][643]LogUObjectHash: Compacting FUObjectHashTables data took   3.39ms
[2025.12.20-15.37.53:002][643]LogShaderCompilers: Display: Worker (2/5): shaders left to compile 2
[2025.12.20-15.37.53:002][643]LogShaderCompilers: Display: Started 1 'Local' shader compile jobs with 'ForceLocal' priority
[2025.12.20-15.37.53:002][643]LogShaderCompilers: Display: Worker (1/5): shaders left to compile 1
[2025.12.20-15.37.53:002][643]LogShaderCompilers: Display: Started 1 'Local' shader compile jobs with 'ForceLocal' priority
[2025.12.20-15.37.53:002][643]LogShaderCompilers: Display: Worker (2/5): shaders left to compile 4
[2025.12.20-15.37.53:002][643]LogShaderCompilers: Display: Started 2 'Local' shader compile jobs with 'Normal' priority
[2025.12.20-15.37.53:002][643]LogShaderCompilers: Display: Worker (1/5): shaders left to compile 2
[2025.12.20-15.37.53:002][643]LogShaderCompilers: Display: Started 1 'Local' shader compile jobs with 'Normal' priority
[2025.12.20-15.37.53:002][643]LogShaderCompilers: Display: Worker (3/5): shaders left to compile 1
[2025.12.20-15.37.53:002][643]LogShaderCompilers: Display: Started 1 'Local' shader compile jobs with 'Normal' priority
[2025.12.20-15.37.53:041][643]LogUObjectHash: Compacting FUObjectHashTables data took   1.27ms
[2025.12.20-15.37.53:694][643]LogSavePackage: Moving '../../../../../../WORKPLACE/Mini_laboratory/MEPhI_VR_term_1/Mini_laboratory/Saved/YTrackMaterial33C960504F71365839E015ACC5F84E09.tmp' to '../../../../../../WORKPLACE/Mini_laboratory/MEPhI_VR_term_1/Mini_laboratory/Content/Workplace/Materials/YTrackMaterial.uasset'
[2025.12.20-15.37.53:711][643]AssetCheck: New page: Asset Save: YTrackMaterial
[2025.12.20-15.37.53:711][643]LogContentValidation: Display: Validating Material /Game/Workplace/Materials/YTrackMaterial.YTrackMaterial
[2025.12.20-15.37.53:712][643]MaterialEditorStats: Base pass shader: 121 instructions
[2025.12.20-15.37.53:712][643]MaterialEditorStats: Base pass shader with Volumetric Lightmap: 195 instructions
[2025.12.20-15.37.53:712][643]MaterialEditorStats: Base pass vertex shader: 46 instructions
[2025.12.20-15.37.53:712][643]MaterialEditorStats: Texture samplers: 4/16
[2025.12.20-15.37.53:712][643]MaterialEditorStats: Texture Lookups (Est.): VS(0), PS(1)
[2025.12.20-15.37.53:712][643]MaterialEditorStats: User interpolators: 2/4 Scalars (1/4 Vectors) (TexCoords: 2, Custom: 0)
[2025.12.20-15.37.55:574][754]LogUObjectHash: Compacting FUObjectHashTables data took   1.35ms
[2025.12.20-15.37.55:607][754]LogUObjectHash: Compacting FUObjectHashTables data took   0.44ms
[2025.12.20-15.37.55:648][754]LogSavePackage: Moving '../../../../../../WORKPLACE/Mini_laboratory/MEPhI_VR_term_1/Mini_laboratory/Saved/FirstLevel031D526D4E19D9274E40CD9BCAD212D0.tmp' to '../../../../../../WORKPLACE/Mini_laboratory/MEPhI_VR_term_1/Mini_laboratory/Content/Workplace/Maps/FirstLevel.umap'
[2025.12.20-15.37.55:653][754]LogFileHelpers: Saving map 'FirstLevel' took 0.065
[2025.12.20-15.37.55:670][754]AssetCheck: New page: Asset Save: FirstLevel
[2025.12.20-15.37.55:670][754]LogContentValidation: Display: Validating World /Game/Workplace/Maps/FirstLevel.FirstLevel
[2025.12.20-15.37.56:669][814]LogWorld: UWorld::CleanupWorld for World_1, bSessionEnded=true, bCleanupResources=true
[2025.12.20-15.37.56:669][814]LogSlate: InvalidateAllWidgets triggered.  All widgets were invalidated
[2025.12.20-15.37.58:316][911]LogMaterialEditor: Saving and Compiling material XTrackMaterial
[2025.12.20-15.37.58:579][911]LogMaterial: Display: Missing cached shadermap for XTrackMaterial in PCD3D_SM5, Default, SM5 (DDC key hash: 4FE3F242B611F3E088C2ADF6D9C87F51DF7BD87F), compiling. 
[2025.12.20-15.37.58:602][911]LogMaterial: Display: Missing cached shadermap for XTrackMaterial in PCD3D_SM5, Default, SM5 (DDC key hash: FF27F094E2E862448D5FDC36C5B15F425FE59880), compiling. 
[2025.12.20-15.37.58:639][911]LogUObjectHash: Compacting FUObjectHashTables data took   1.85ms
[2025.12.20-15.37.58:779][911]LogUObjectHash: Compacting FUObjectHashTables data took   1.78ms
[2025.12.20-15.37.58:839][911]LogSavePackage: Moving '../../../../../../WORKPLACE/Mini_laboratory/MEPhI_VR_term_1/Mini_laboratory/Saved/XTrackMaterialEFB29DC442C0D750E2C956B730033098.tmp' to '../../../../../../WORKPLACE/Mini_laboratory/MEPhI_VR_term_1/Mini_laboratory/Content/Workplace/Materials/XTrackMaterial.uasset'
[2025.12.20-15.37.58:853][911]AssetCheck: New page: Asset Save: XTrackMaterial
[2025.12.20-15.37.58:853][911]LogContentValidation: Display: Validating Material /Game/Workplace/Materials/XTrackMaterial.XTrackMaterial
[2025.12.20-15.37.58:853][911]MaterialEditorStats: Texture samplers: 1/16
[2025.12.20-15.37.58:853][911]MaterialEditorStats: Texture Lookups (Est.): VS(0), PS(1)
[2025.12.20-15.37.58:853][911]MaterialEditorStats: User interpolators: 2/4 Scalars (1/4 Vectors) (TexCoords: 2, Custom: 0)
[2025.12.20-15.37.58:866][912]MaterialEditorStats: Base pass shader: 121 instructions
[2025.12.20-15.37.58:866][912]MaterialEditorStats: Base pass shader with Volumetric Lightmap: 195 instructions
[2025.12.20-15.37.58:866][912]MaterialEditorStats: Base pass vertex shader: 46 instructions
[2025.12.20-15.37.58:866][912]MaterialEditorStats: Texture samplers: 4/16
[2025.12.20-15.37.58:866][912]MaterialEditorStats: Texture Lookups (Est.): VS(0), PS(1)
[2025.12.20-15.37.58:866][912]MaterialEditorStats: User interpolators: 2/4 Scalars (1/4 Vectors) (TexCoords: 2, Custom: 0)
[2025.12.20-15.38.00:221][992]LogUObjectHash: Compacting FUObjectHashTables data took   1.54ms
[2025.12.20-15.38.01:968][ 96]LogWorld: UWorld::CleanupWorld for World_3, bSessionEnded=true, bCleanupResources=true
[2025.12.20-15.38.01:968][ 96]LogSlate: InvalidateAllWidgets triggered.  All widgets were invalidated
[2025.12.20-15.38.46:361][716]LogUObjectHash: Compacting FUObjectHashTables data took   5.25ms
[2025.12.20-15.38.46:411][716]LogUObjectHash: Compacting FUObjectHashTables data took   2.97ms
[2025.12.20-15.38.46:450][716]LogSavePackage: Moving '../../../../../../WORKPLACE/Mini_laboratory/MEPhI_VR_term_1/Mini_laboratory/Saved/FirstLevel45CD5F334A8FEFE2EBE94E96DF6B0597.tmp' to '../../../../../../WORKPLACE/Mini_laboratory/MEPhI_VR_term_1/Mini_laboratory/Content/Workplace/Maps/FirstLevel.umap'
[2025.12.20-15.38.46:455][716]LogFileHelpers: Saving map 'FirstLevel' took 0.073
[2025.12.20-15.38.46:482][716]LogSavePackage: Moving '../../../../../../WORKPLACE/Mini_laboratory/MEPhI_VR_term_1/Mini_laboratory/Saved/BP_TransporterF551DD194A5664AEC61C4F933A94846D.tmp' to '../../../../../../WORKPLACE/Mini_laboratory/MEPhI_VR_term_1/Mini_laboratory/Content/Workplace/Blueprints/BP_Transporter.uasset'
[2025.12.20-15.38.46:503][716]AssetCheck: New page: Asset Save: multiple assets
[2025.12.20-15.38.46:503][716]LogContentValidation: Display: Validating Blueprint /Game/Workplace/Blueprints/BP_Transporter.BP_Transporter
[2025.12.20-15.38.46:503][716]LogContentValidation: Display: Validating World /Game/Workplace/Maps/FirstLevel.FirstLevel
[2025.12.20-15.38.47:954][799]LogUObjectHash: Compacting FUObjectHashTables data took   1.81ms
[2025.12.20-15.39.17:381][555]BlueprintLog: New page: Compile BP_Transporter
[2025.12.20-15.39.17:504][555]LogUObjectHash: Compacting FUObjectHashTables data took   2.76ms
[2025.12.20-15.39.18:072][584]LogSavePackage: Moving '../../../../../../WORKPLACE/Mini_laboratory/MEPhI_VR_term_1/Mini_laboratory/Saved/BP_Transporter319722324AE58D2339422BAD7751AB1D.tmp' to '../../../../../../WORKPLACE/Mini_laboratory/MEPhI_VR_term_1/Mini_laboratory/Content/Workplace/Blueprints/BP_Transporter.uasset'
[2025.12.20-15.39.18:092][584]AssetCheck: New page: Asset Save: BP_Transporter
[2025.12.20-15.39.18:093][584]LogContentValidation: Display: Validating Blueprint /Game/Workplace/Blueprints/BP_Transporter.BP_Transporter
[2025.12.20-15.39.18:497][609]BlueprintLog: New page: Compile BP_Transporter
[2025.12.20-15.39.18:546][609]LogUObjectHash: Compacting FUObjectHashTables data took   2.94ms
[2025.12.20-15.39.19:068][635]LogSavePackage: Moving '../../../../../../WORKPLACE/Mini_laboratory/MEPhI_VR_term_1/Mini_laboratory/Saved/BP_Transporter6542A8C04DAAC459CBA3FD8F9EF99AD0.tmp' to '../../../../../../WORKPLACE/Mini_laboratory/MEPhI_VR_term_1/Mini_laboratory/Content/Workplace/Blueprints/BP_Transporter.uasset'
[2025.12.20-15.39.19:089][635]AssetCheck: New page: Asset Save: BP_Transporter
[2025.12.20-15.39.19:089][635]LogContentValidation: Display: Validating Blueprint /Game/Workplace/Blueprints/BP_Transporter.BP_Transporter
[2025.12.20-15.39.19:594][666]BlueprintLog: New page: Compile BP_Transporter
[2025.12.20-15.39.19:641][666]LogUObjectHash: Compacting FUObjectHashTables data took   2.87ms
[2025.12.20-15.39.20:049][685]LogSavePackage: Moving '../../../../../../WORKPLACE/Mini_laboratory/MEPhI_VR_term_1/Mini_laboratory/Saved/BP_TransporterD096EC6E43AE85D6885250AB29A14E78.tmp' to '../../../../../../WORKPLACE/Mini_laboratory/MEPhI_VR_term_1/Mini_laboratory/Content/Workplace/Blueprints/BP_Transporter.uasset'
[2025.12.20-15.39.20:068][685]AssetCheck: New page: Asset Save: BP_Transporter
[2025.12.20-15.39.20:068][685]LogContentValidation: Display: Validating Blueprint /Game/Workplace/Blueprints/BP_Transporter.BP_Transporter
[2025.12.20-15.39.20:374][704]BlueprintLog: New page: Compile BP_Transporter
[2025.12.20-15.39.20:420][704]LogUObjectHash: Compacting FUObjectHashTables data took   2.79ms
[2025.12.20-15.39.21:027][733]LogSavePackage: Moving '../../../../../../WORKPLACE/Mini_laboratory/MEPhI_VR_term_1/Mini_laboratory/Saved/BP_Transporter54A00AC74E66E4929596BBA9A05406EE.tmp' to '../../../../../../WORKPLACE/Mini_laboratory/MEPhI_VR_term_1/Mini_laboratory/Content/Workplace/Blueprints/BP_Transporter.uasset'
[2025.12.20-15.39.21:044][733]AssetCheck: New page: Asset Save: BP_Transporter
[2025.12.20-15.39.21:044][733]LogContentValidation: Display: Validating Blueprint /Game/Workplace/Blueprints/BP_Transporter.BP_Transporter
[2025.12.20-15.39.21:468][759]BlueprintLog: New page: Compile BP_Transporter
[2025.12.20-15.39.21:514][759]LogUObjectHash: Compacting FUObjectHashTables data took   3.37ms
[2025.12.20-15.39.23:164][853]LogUObjectHash: Compacting FUObjectHashTables data took   2.83ms
[2025.12.20-15.39.23:206][853]LogUObjectHash: Compacting FUObjectHashTables data took   0.54ms
[2025.12.20-15.39.23:243][853]LogSavePackage: Moving '../../../../../../WORKPLACE/Mini_laboratory/MEPhI_VR_term_1/Mini_laboratory/Saved/FirstLevel92FDA6FA45598582578C88B90B4A9EA0.tmp' to '../../../../../../WORKPLACE/Mini_laboratory/MEPhI_VR_term_1/Mini_laboratory/Content/Workplace/Maps/FirstLevel.umap'
[2025.12.20-15.39.23:248][853]LogFileHelpers: Saving map 'FirstLevel' took 0.065
[2025.12.20-15.39.23:264][853]AssetCheck: New page: Asset Save: FirstLevel
[2025.12.20-15.39.23:264][853]LogContentValidation: Display: Validating World /Game/Workplace/Maps/FirstLevel.FirstLevel
[2025.12.20-15.39.24:851][942]LogUObjectHash: Compacting FUObjectHashTables data took   2.37ms
[2025.12.20-15.39.32:339][383]LogUObjectHash: Compacting FUObjectHashTables data took   1.80ms
[2025.12.20-15.39.34:233][491]LogUObjectHash: Compacting FUObjectHashTables data took   2.33ms
[2025.12.20-15.39.38:263][723]LogEditorViewport: Clicking on Actor (LMB): BP_Transporter_C (BP_Transporter)
[2025.12.20-15.39.46:384][202]LogEditorViewport: Clicking on Actor (LMB): BP_Transporter_C (BP_Transporter)
[2025.12.20-15.39.51:904][533]LogEditorViewport: Clicking on Actor (LMB): StaticMeshActor (Floor)
[2025.12.20-15.39.56:670][813]LogUObjectHash: Compacting FUObjectHashTables data took   1.72ms
[2025.12.20-15.39.56:712][813]LogUObjectHash: Compacting FUObjectHashTables data took   0.53ms
[2025.12.20-15.39.56:750][813]LogSavePackage: Moving '../../../../../../WORKPLACE/Mini_laboratory/MEPhI_VR_term_1/Mini_laboratory/Saved/FirstLevelFA01D78B4DCAE383E86279ABDF4155DE.tmp' to '../../../../../../WORKPLACE/Mini_laboratory/MEPhI_VR_term_1/Mini_laboratory/Content/Workplace/Maps/FirstLevel.umap'
[2025.12.20-15.39.56:755][813]LogFileHelpers: Saving map 'FirstLevel' took 0.066
[2025.12.20-15.39.56:778][813]AssetCheck: New page: Asset Save: FirstLevel
[2025.12.20-15.39.56:778][813]LogContentValidation: Display: Validating World /Game/Workplace/Maps/FirstLevel.FirstLevel
[2025.12.20-15.39.58:444][910]LogUObjectHash: Compacting FUObjectHashTables data took   1.78ms
[2025.12.20-15.40.10:780][646]LogUObjectHash: Compacting FUObjectHashTables data took   1.74ms
[2025.12.20-15.40.12:336][735]LogUObjectHash: Compacting FUObjectHashTables data took   1.83ms
[2025.12.20-15.40.24:814][470]LogAssetEditorSubsystem: Opening Asset editor for MaterialParameterCollection /Game/Workplace/Materials/MPC_ConveyerBelt.MPC_ConveyerBelt
[2025.12.20-15.40.31:900][881]LogUObjectHash: Compacting FUObjectHashTables data took   2.67ms
[2025.12.20-15.40.31:968][881]LogAssetEditorSubsystem: Opening Asset editor for World /Game/Workplace/Maps/StartMenu.StartMenu
[2025.12.20-15.40.31:969][881]Cmd: MAP LOAD FILE="../../../../../../WORKPLACE/Mini_laboratory/MEPhI_VR_term_1/Mini_laboratory/Content/Workplace/Maps/StartMenu.umap" TEMPLATE=0 SHOWPROGRESS=1 FEATURELEVEL=3
[2025.12.20-15.40.31:969][881]LightingResults: New page: Lighting Build
[2025.12.20-15.40.31:969][881]LoadErrors: New page: Loading map: StartMenu.umap
[2025.12.20-15.40.32:000][881]LogWorld: UWorld::CleanupWorld for FirstLevel, bSessionEnded=true, bCleanupResources=true
[2025.12.20-15.40.32:000][881]LogSlate: InvalidateAllWidgets triggered.  All widgets were invalidated
[2025.12.20-15.40.32:000][881]MapCheck: New page: Map Check
[2025.12.20-15.40.32:000][881]LightingResults: New page: Lighting Build
[2025.12.20-15.40.32:023][881]LogAudio: Display: Audio Device unregistered from world 'None'.
[2025.12.20-15.40.32:034][881]LogUObjectHash: Compacting FUObjectHashTables data took   2.71ms
[2025.12.20-15.40.32:034][881]LogAudio: Display: Audio Device (ID: 1) registered with world 'StartMenu'.
[2025.12.20-15.40.32:064][881]LogEditorServer: Finished looking for orphan Actors (0.000 secs)
[2025.12.20-15.40.32:064][881]LogAIModule: Creating AISystem for world StartMenu
[2025.12.20-15.40.32:087][881]LogUObjectHash: Compacting FUObjectHashTables data took   2.68ms
[2025.12.20-15.40.32:092][881]Cmd: MAP CHECKDEP NOCLEARLOG
[2025.12.20-15.40.32:092][881]MapCheck: Map check complete: 0 Error(s), 0 Warning(s), took 0,061ms to complete.
[2025.12.20-15.40.32:092][881]LogFileHelpers: Loading map 'StartMenu' took 0.123
[2025.12.20-15.40.32:996][935]LogTemp: Repeating last play command: Selected Viewport
[2025.12.20-15.40.33:006][935]LogPlayLevel: PlayLevel: No blueprints needed recompiling
[2025.12.20-15.40.33:007][935]PIE: New page: PIE session: StartMenu (20 дек. 2025 г., 21:40:33)
[2025.12.20-15.40.33:013][935]LogOnline: OSS: Creating online subsystem instance for: NULL
[2025.12.20-15.40.33:015][935]LogOnline: OSS: TryLoadSubsystemAndSetDefault: Loaded subsystem for module [NULL]
[2025.12.20-15.40.33:016][935]LogPlayLevel: Creating play world package: /Game/Workplace/Maps/UEDPIE_0_StartMenu
[2025.12.20-15.40.33:019][935]LogPlayLevel: PIE: StaticDuplicateObject took: (0.002848s)
[2025.12.20-15.40.33:021][935]LogAIModule: Creating AISystem for world StartMenu
[2025.12.20-15.40.33:022][935]LogPlayLevel: PIE: World Init took: (0.002736s)
[2025.12.20-15.40.33:022][935]LogPlayLevel: PIE: Created PIE world by copying editor world from /Game/Workplace/Maps/StartMenu.StartMenu to /Game/Workplace/Maps/UEDPIE_0_StartMenu.StartMenu (0.006186s)
[2025.12.20-15.40.33:046][935]LogUObjectHash: Compacting FUObjectHashTables data took   2.10ms
[2025.12.20-15.40.33:048][935]LogAudio: Display: Creating Audio Device:                 Id: 2, Scope: Unique, Realtime: True
[2025.12.20-15.40.33:048][935]LogAudioMixer: Display: Audio Mixer Platform Settings:
[2025.12.20-15.40.33:048][935]LogAudioMixer: Display: 	Sample Rate:						  48000
[2025.12.20-15.40.33:048][935]LogAudioMixer: Display: 	Callback Buffer Frame Size Requested: 1024
[2025.12.20-15.40.33:048][935]LogAudioMixer: Display: 	Callback Buffer Frame Size To Use:	  1024
[2025.12.20-15.40.33:048][935]LogAudioMixer: Display: 	Number of buffers to queue:			  2
[2025.12.20-15.40.33:048][935]LogAudioMixer: Display: 	Max Channels (voices):				  32
[2025.12.20-15.40.33:048][935]LogAudioMixer: Display: 	Number of Async Source Workers:		  0
[2025.12.20-15.40.33:048][935]LogAudio: Display: AudioDevice MaxSources: 32
[2025.12.20-15.40.33:049][935]LogAudio: Display: Audio Spatialization Plugin: None (built-in).
[2025.12.20-15.40.33:049][935]LogAudio: Display: Audio Reverb Plugin: None (built-in).
[2025.12.20-15.40.33:049][935]LogAudio: Display: Audio Occlusion Plugin: None (built-in).
[2025.12.20-15.40.33:049][935]LogAudioMixer: Display: Initializing audio mixer.
[2025.12.20-15.40.33:052][935]LogAudioMixer: Display: 0: FrontLeft
[2025.12.20-15.40.33:052][935]LogAudioMixer: Display: 1: FrontRight
[2025.12.20-15.40.33:063][935]LogAudioMixer: Display: Using Audio Device Наушники (Realtek(R) Audio)
[2025.12.20-15.40.33:063][935]LogAudioMixer: Display: Initializing Sound Submixes...
[2025.12.20-15.40.33:063][935]LogAudioMixer: Display: Creating Master Submix 'MasterSubmixDefault'
[2025.12.20-15.40.33:063][935]LogAudioMixer: Display: Creating Master Submix 'MasterReverbSubmixDefault'
[2025.12.20-15.40.33:064][935]LogAudioMixer: Display: Creating Master Submix 'MasterEQSubmixDefault'
[2025.12.20-15.40.33:064][935]LogAudioMixer: FMixerPlatformXAudio2::StartAudioStream() called
[2025.12.20-15.40.33:064][935]LogAudioMixer: Display: Output buffers initialized: Frames=1024, Channels=2, Samples=2048
[2025.12.20-15.40.33:065][935]LogAudioMixer: Display: Starting AudioMixerPlatformInterface::RunInternal()
[2025.12.20-15.40.33:065][935]LogAudioMixer: Display: FMixerPlatformXAudio2::SubmitBuffer() called for the first time
[2025.12.20-15.40.33:065][935]LogInit: FAudioDevice initialized.
[2025.12.20-15.40.33:065][935]LogAudio: Display: Audio Device (ID: 2) registered with world 'StartMenu'.
[2025.12.20-15.40.33:166][935]LogLoad: Game class is 'BP_GameMode_C'
[2025.12.20-15.40.33:177][935]LogWorld: Bringing World /Game/Workplace/Maps/UEDPIE_0_StartMenu.StartMenu up for play (max tick rate 60) at 2025.12.20-18.40.33
[2025.12.20-15.40.33:180][935]LogWorld: Bringing up level for play took: 0.002600
[2025.12.20-15.40.33:181][935]LogOnline: OSS: Creating online subsystem instance for: :Context_15
[2025.12.20-15.40.33:190][935]LogSpawn: Warning: SpawnActor failed because no class was specified
[2025.12.20-15.40.33:207][935]LogNativeClassHierarchy: Verbose: Native class hierarchy updated for 'MovieSceneCapture' in 0.0003 seconds. Added 20 classes and 0 folders.
[2025.12.20-15.40.33:232][935]LogPlayerController: Error: InputMode:UIOnly - Attempting to focus Non-Focusable widget SObjectWidget [Widget.cpp(799)]!
[2025.12.20-15.40.33:232][935]LogViewport: Display: Viewport MouseLockMode Changed, LockOnCapture -> DoNotLock
[2025.12.20-15.40.33:232][935]LogViewport: Display: Viewport MouseCaptureMode Changed, CapturePermanently_IncludingInitialMouseDown -> NoCapture
[2025.12.20-15.40.33:236][935]PIE: Server logged in
[2025.12.20-15.40.33:238][935]PIE: Play in editor total start time 0,237 seconds.
[2025.12.20-15.40.34:478][992]LogViewport: Display: Viewport MouseLockMode Changed, DoNotLock -> LockOnCapture
[2025.12.20-15.40.34:478][992]LogViewport: Display: Viewport MouseCaptureMode Changed, NoCapture -> CapturePermanently
[2025.12.20-15.40.34:516][992]LogNet: Browse: /Game/Workplace/Maps/FirstLevel
[2025.12.20-15.40.34:517][992]LogLoad: LoadMap: /Game/Workplace/Maps/FirstLevel
[2025.12.20-15.40.34:517][992]LogWorld: BeginTearingDown for /Game/Workplace/Maps/UEDPIE_0_StartMenu
[2025.12.20-15.40.34:520][992]LogWorld: UWorld::CleanupWorld for StartMenu, bSessionEnded=true, bCleanupResources=true
[2025.12.20-15.40.34:520][992]LogSlate: InvalidateAllWidgets triggered.  All widgets were invalidated
[2025.12.20-15.40.34:546][992]LogAudio: Display: Audio Device unregistered from world 'None'.
[2025.12.20-15.40.34:590][992]LogUObjectHash: Compacting FUObjectHashTables data took   3.86ms
[2025.12.20-15.40.34:619][992]LogAudio: Display: Audio Device (ID: 2) registered with world 'FirstLevel'.
[2025.12.20-15.40.34:620][992]LogAIModule: Creating AISystem for world FirstLevel
[2025.12.20-15.40.34:620][992]LogLoad: Game class is 'BP_GameMode_C'
[2025.12.20-15.40.34:628][992]LogWorld: Bringing World /Game/Workplace/Maps/UEDPIE_0_FirstLevel.FirstLevel up for play (max tick rate 60) at 2025.12.20-18.40.34
[2025.12.20-15.40.34:628][992]LogWorld: Bringing up level for play took: 0.007508
[2025.12.20-15.40.34:632][992]LogSpawn: Warning: SpawnActor failed because no class was specified
[2025.12.20-15.40.34:637][992]LogLoad: Took 0.120051 seconds to LoadMap(/Game/Workplace/Maps/FirstLevel)
[2025.12.20-15.40.44:909][596]LogSlate: Updating window title bar state: overlay mode, drag disabled, window buttons hidden, title bar hidden
[2025.12.20-15.40.44:909][596]LogWorld: BeginTearingDown for /Game/Workplace/Maps/UEDPIE_0_FirstLevel
[2025.12.20-15.40.44:909][596]LogWorld: UWorld::CleanupWorld for FirstLevel, bSessionEnded=true, bCleanupResources=true
[2025.12.20-15.40.44:910][596]LogSlate: InvalidateAllWidgets triggered.  All widgets were invalidated
[2025.12.20-15.40.44:928][596]LogPlayLevel: Display: Shutting down PIE online subsystems
[2025.12.20-15.40.44:938][596]LogSlate: InvalidateAllWidgets triggered.  All widgets were invalidated
[2025.12.20-15.40.44:967][596]LogSlate: Updating window title bar state: overlay mode, drag disabled, window buttons hidden, title bar hidden
[2025.12.20-15.40.44:978][596]LogAudioMixer: FMixerPlatformXAudio2::StopAudioStream() called
[2025.12.20-15.40.44:979][596]LogAudioMixer: FMixerPlatformXAudio2::StopAudioStream() called
[2025.12.20-15.40.45:006][596]LogUObjectHash: Compacting FUObjectHashTables data took   2.80ms
[2025.12.20-15.40.45:023][597]LogPlayLevel: Display: Destroying online subsystem :Context_15
[2025.12.20-15.41.07:622][886]LogUObjectHash: Compacting FUObjectHashTables data took   2.52ms
[2025.12.20-15.41.07:649][886]LogSavePackage: Moving '../../../../../../WORKPLACE/Mini_laboratory/MEPhI_VR_term_1/Mini_laboratory/Saved/MPC_ConveyerBelt61B733494A88B3864644CDA80C537C27.tmp' to '../../../../../../WORKPLACE/Mini_laboratory/MEPhI_VR_term_1/Mini_laboratory/Content/Workplace/Materials/MPC_ConveyerBelt.uasset'
[2025.12.20-15.41.07:667][886]AssetCheck: New page: Asset Save: MPC_ConveyerBelt
[2025.12.20-15.41.07:667][886]LogContentValidation: Display: Validating MaterialParameterCollection /Game/Workplace/Materials/MPC_ConveyerBelt.MPC_ConveyerBelt
[2025.12.20-15.41.11:337][105]BlueprintLog: New page: Compile BP_Transporter
[2025.12.20-15.41.11:382][105]LogUObjectHash: Compacting FUObjectHashTables data took   3.08ms
[2025.12.20-15.41.11:855][128]LogSavePackage: Moving '../../../../../../WORKPLACE/Mini_laboratory/MEPhI_VR_term_1/Mini_laboratory/Saved/BP_Transporter7646596E4AC541AC2432139974671F76.tmp' to '../../../../../../WORKPLACE/Mini_laboratory/MEPhI_VR_term_1/Mini_laboratory/Content/Workplace/Blueprints/BP_Transporter.uasset'
[2025.12.20-15.41.11:874][128]AssetCheck: New page: Asset Save: BP_Transporter
[2025.12.20-15.41.11:874][128]LogContentValidation: Display: Validating Blueprint /Game/Workplace/Blueprints/BP_Transporter.BP_Transporter
[2025.12.20-15.41.12:964][189]LogWorld: UWorld::CleanupWorld for World_12, bSessionEnded=true, bCleanupResources=true
[2025.12.20-15.41.12:964][189]LogSlate: InvalidateAllWidgets triggered.  All widgets were invalidated
[2025.12.20-15.41.17:799][475]LogTemp: Repeating last play command: Selected Viewport
[2025.12.20-15.41.17:804][475]LogPlayLevel: PlayLevel: No blueprints needed recompiling
[2025.12.20-15.41.17:804][475]PIE: New page: PIE session: StartMenu (20 дек. 2025 г., 21:41:17)
[2025.12.20-15.41.17:804][475]LogPlayLevel: Creating play world package: /Game/Workplace/Maps/UEDPIE_0_StartMenu
[2025.12.20-15.41.17:805][475]LogPlayLevel: PIE: StaticDuplicateObject took: (0.000891s)
[2025.12.20-15.41.17:805][475]LogAIModule: Creating AISystem for world StartMenu
[2025.12.20-15.41.17:806][475]LogPlayLevel: PIE: World Init took: (0.000798s)
[2025.12.20-15.41.17:806][475]LogPlayLevel: PIE: Created PIE world by copying editor world from /Game/Workplace/Maps/StartMenu.StartMenu to /Game/Workplace/Maps/UEDPIE_0_StartMenu.StartMenu (0.001767s)
[2025.12.20-15.41.17:849][475]LogUObjectHash: Compacting FUObjectHashTables data took   2.92ms
[2025.12.20-15.41.17:851][475]LogAudio: Display: Creating Audio Device:                 Id: 3, Scope: Unique, Realtime: True
[2025.12.20-15.41.17:851][475]LogAudioMixer: Display: Audio Mixer Platform Settings:
[2025.12.20-15.41.17:851][475]LogAudioMixer: Display: 	Sample Rate:						  48000
[2025.12.20-15.41.17:851][475]LogAudioMixer: Display: 	Callback Buffer Frame Size Requested: 1024
[2025.12.20-15.41.17:851][475]LogAudioMixer: Display: 	Callback Buffer Frame Size To Use:	  1024
[2025.12.20-15.41.17:851][475]LogAudioMixer: Display: 	Number of buffers to queue:			  2
[2025.12.20-15.41.17:851][475]LogAudioMixer: Display: 	Max Channels (voices):				  32
[2025.12.20-15.41.17:851][475]LogAudioMixer: Display: 	Number of Async Source Workers:		  0
[2025.12.20-15.41.17:851][475]LogAudio: Display: AudioDevice MaxSources: 32
[2025.12.20-15.41.17:851][475]LogAudio: Display: Audio Spatialization Plugin: None (built-in).
[2025.12.20-15.41.17:851][475]LogAudio: Display: Audio Reverb Plugin: None (built-in).
[2025.12.20-15.41.17:851][475]LogAudio: Display: Audio Occlusion Plugin: None (built-in).
[2025.12.20-15.41.17:851][475]LogAudioMixer: Display: Initializing audio mixer.
[2025.12.20-15.41.17:853][475]LogAudioMixer: Display: 0: FrontLeft
[2025.12.20-15.41.17:853][475]LogAudioMixer: Display: 1: FrontRight
[2025.12.20-15.41.17:863][475]LogAudioMixer: Display: Using Audio Device Наушники (Realtek(R) Audio)
[2025.12.20-15.41.17:863][475]LogAudioMixer: Display: Initializing Sound Submixes...
[2025.12.20-15.41.17:863][475]LogAudioMixer: Display: Creating Master Submix 'MasterSubmixDefault'
[2025.12.20-15.41.17:863][475]LogAudioMixer: Display: Creating Master Submix 'MasterReverbSubmixDefault'
[2025.12.20-15.41.17:864][475]LogAudioMixer: Display: Creating Master Submix 'MasterEQSubmixDefault'
[2025.12.20-15.41.17:864][475]LogAudioMixer: FMixerPlatformXAudio2::StartAudioStream() called
[2025.12.20-15.41.17:864][475]LogAudioMixer: Display: Output buffers initialized: Frames=1024, Channels=2, Samples=2048
[2025.12.20-15.41.17:865][475]LogAudioMixer: Display: Starting AudioMixerPlatformInterface::RunInternal()
[2025.12.20-15.41.17:865][475]LogAudioMixer: Display: FMixerPlatformXAudio2::SubmitBuffer() called for the first time
[2025.12.20-15.41.17:865][475]LogInit: FAudioDevice initialized.
[2025.12.20-15.41.17:865][475]LogAudio: Display: Audio Device (ID: 3) registered with world 'StartMenu'.
[2025.12.20-15.41.17:872][475]LogLoad: Game class is 'BP_GameMode_C'
[2025.12.20-15.41.17:873][475]LogWorld: Bringing World /Game/Workplace/Maps/UEDPIE_0_StartMenu.StartMenu up for play (max tick rate 60) at 2025.12.20-18.41.17
[2025.12.20-15.41.17:873][475]LogWorld: Bringing up level for play took: 0.000236
[2025.12.20-15.41.17:873][475]LogOnline: OSS: Creating online subsystem instance for: :Context_16
[2025.12.20-15.41.17:874][475]LogSpawn: Warning: SpawnActor failed because no class was specified
[2025.12.20-15.41.17:876][475]LogPlayerController: Error: InputMode:UIOnly - Attempting to focus Non-Focusable widget SObjectWidget [Widget.cpp(799)]!
[2025.12.20-15.41.17:876][475]LogViewport: Display: Viewport MouseLockMode Changed, LockOnCapture -> DoNotLock
[2025.12.20-15.41.17:876][475]LogViewport: Display: Viewport MouseCaptureMode Changed, CapturePermanently_IncludingInitialMouseDown -> NoCapture
[2025.12.20-15.41.17:876][475]PIE: Server logged in
[2025.12.20-15.41.17:876][475]PIE: Play in editor total start time 0,074 seconds.
[2025.12.20-15.41.19:354][564]LogViewport: Display: Viewport MouseLockMode Changed, DoNotLock -> LockOnCapture
[2025.12.20-15.41.19:354][564]LogViewport: Display: Viewport MouseCaptureMode Changed, NoCapture -> CapturePermanently
[2025.12.20-15.41.19:355][564]LogNet: Browse: /Game/Workplace/Maps/FirstLevel
[2025.12.20-15.41.19:355][564]LogLoad: LoadMap: /Game/Workplace/Maps/FirstLevel
[2025.12.20-15.41.19:355][564]LogWorld: BeginTearingDown for /Game/Workplace/Maps/UEDPIE_0_StartMenu
[2025.12.20-15.41.19:355][564]LogWorld: UWorld::CleanupWorld for StartMenu, bSessionEnded=true, bCleanupResources=true
[2025.12.20-15.41.19:355][564]LogSlate: InvalidateAllWidgets triggered.  All widgets were invalidated
[2025.12.20-15.41.19:371][564]LogAudio: Display: Audio Device unregistered from world 'None'.
[2025.12.20-15.41.19:398][564]LogUObjectHash: Compacting FUObjectHashTables data took   2.91ms
[2025.12.20-15.41.19:426][564]LogAudio: Display: Audio Device (ID: 3) registered with world 'FirstLevel'.
[2025.12.20-15.41.19:427][564]LogAIModule: Creating AISystem for world FirstLevel
[2025.12.20-15.41.19:427][564]LogLoad: Game class is 'BP_GameMode_C'
[2025.12.20-15.41.19:434][564]LogWorld: Bringing World /Game/Workplace/Maps/UEDPIE_0_FirstLevel.FirstLevel up for play (max tick rate 60) at 2025.12.20-18.41.19
[2025.12.20-15.41.19:434][564]LogWorld: Bringing up level for play took: 0.006338
[2025.12.20-15.41.19:434][564]LogSpawn: Warning: SpawnActor failed because no class was specified
[2025.12.20-15.41.19:435][564]LogLoad: Took 0.080029 seconds to LoadMap(/Game/Workplace/Maps/FirstLevel)
[2025.12.20-15.41.27:206][ 26]LogSlate: Updating window title bar state: overlay mode, drag disabled, window buttons hidden, title bar hidden
[2025.12.20-15.41.27:206][ 26]LogWorld: BeginTearingDown for /Game/Workplace/Maps/UEDPIE_0_FirstLevel
[2025.12.20-15.41.27:206][ 26]LogWorld: UWorld::CleanupWorld for FirstLevel, bSessionEnded=true, bCleanupResources=true
[2025.12.20-15.41.27:207][ 26]LogSlate: InvalidateAllWidgets triggered.  All widgets were invalidated
[2025.12.20-15.41.27:214][ 26]LogPlayLevel: Display: Shutting down PIE online subsystems
[2025.12.20-15.41.27:217][ 26]LogSlate: InvalidateAllWidgets triggered.  All widgets were invalidated
[2025.12.20-15.41.27:232][ 26]LogAudio: Display: Audio Device unregistered from world 'None'.
[2025.12.20-15.41.27:232][ 26]LogAudioMixer: FMixerPlatformXAudio2::StopAudioStream() called
[2025.12.20-15.41.27:233][ 26]LogAudioMixer: FMixerPlatformXAudio2::StopAudioStream() called
[2025.12.20-15.41.27:235][ 26]LogSlate: Updating window title bar state: overlay mode, drag disabled, window buttons hidden, title bar hidden
[2025.12.20-15.41.27:238][ 26]LogUObjectHash: Compacting FUObjectHashTables data took   1.60ms
[2025.12.20-15.41.27:272][ 28]LogPlayLevel: Display: Destroying online subsystem :Context_16
[2025.12.20-15.41.42:708][948]LogUObjectHash: Compacting FUObjectHashTables data took   1.67ms
[2025.12.20-15.41.42:734][948]LogSavePackage: Moving '../../../../../../WORKPLACE/Mini_laboratory/MEPhI_VR_term_1/Mini_laboratory/Saved/MPC_ConveyerBelt3E284FDC473D15BD59638BA332536F0B.tmp' to '../../../../../../WORKPLACE/Mini_laboratory/MEPhI_VR_term_1/Mini_laboratory/Content/Workplace/Materials/MPC_ConveyerBelt.uasset'
[2025.12.20-15.41.42:818][948]AssetCheck: New page: Asset Save: MPC_ConveyerBelt
[2025.12.20-15.41.42:818][948]LogContentValidation: Display: Validating MaterialParameterCollection /Game/Workplace/Materials/MPC_ConveyerBelt.MPC_ConveyerBelt
[2025.12.20-15.41.43:283][976]LogSavePackage: Moving '../../../../../../WORKPLACE/Mini_laboratory/MEPhI_VR_term_1/Mini_laboratory/Saved/MPC_ConveyerBelt48DD8383464F91EFEA96ABAE086D3F49.tmp' to '../../../../../../WORKPLACE/Mini_laboratory/MEPhI_VR_term_1/Mini_laboratory/Content/Workplace/Materials/MPC_ConveyerBelt.uasset'
[2025.12.20-15.41.43:297][976]AssetCheck: New page: Asset Save: MPC_ConveyerBelt
[2025.12.20-15.41.43:297][976]LogContentValidation: Display: Validating MaterialParameterCollection /Game/Workplace/Materials/MPC_ConveyerBelt.MPC_ConveyerBelt
[2025.12.20-15.41.45:842][126]LogTemp: Repeating last play command: Selected Viewport
[2025.12.20-15.41.45:847][126]LogPlayLevel: PlayLevel: No blueprints needed recompiling
[2025.12.20-15.41.45:847][126]PIE: New page: PIE session: StartMenu (20 дек. 2025 г., 21:41:45)
[2025.12.20-15.41.45:847][126]LogPlayLevel: Creating play world package: /Game/Workplace/Maps/UEDPIE_0_StartMenu
[2025.12.20-15.41.45:848][126]LogPlayLevel: PIE: StaticDuplicateObject took: (0.000875s)
[2025.12.20-15.41.45:848][126]LogAIModule: Creating AISystem for world StartMenu
[2025.12.20-15.41.45:849][126]LogPlayLevel: PIE: World Init took: (0.000779s)
[2025.12.20-15.41.45:849][126]LogPlayLevel: PIE: Created PIE world by copying editor world from /Game/Workplace/Maps/StartMenu.StartMenu to /Game/Workplace/Maps/UEDPIE_0_StartMenu.StartMenu (0.001728s)
[2025.12.20-15.41.45:863][126]LogUObjectHash: Compacting FUObjectHashTables data took   1.53ms
[2025.12.20-15.41.45:864][126]LogAudio: Display: Creating Audio Device:                 Id: 4, Scope: Unique, Realtime: True
[2025.12.20-15.41.45:864][126]LogAudioMixer: Display: Audio Mixer Platform Settings:
[2025.12.20-15.41.45:864][126]LogAudioMixer: Display: 	Sample Rate:						  48000
[2025.12.20-15.41.45:864][126]LogAudioMixer: Display: 	Callback Buffer Frame Size Requested: 1024
[2025.12.20-15.41.45:864][126]LogAudioMixer: Display: 	Callback Buffer Frame Size To Use:	  1024
[2025.12.20-15.41.45:864][126]LogAudioMixer: Display: 	Number of buffers to queue:			  2
[2025.12.20-15.41.45:864][126]LogAudioMixer: Display: 	Max Channels (voices):				  32
[2025.12.20-15.41.45:864][126]LogAudioMixer: Display: 	Number of Async Source Workers:		  0
[2025.12.20-15.41.45:864][126]LogAudio: Display: AudioDevice MaxSources: 32
[2025.12.20-15.41.45:864][126]LogAudio: Display: Audio Spatialization Plugin: None (built-in).
[2025.12.20-15.41.45:864][126]LogAudio: Display: Audio Reverb Plugin: None (built-in).
[2025.12.20-15.41.45:864][126]LogAudio: Display: Audio Occlusion Plugin: None (built-in).
[2025.12.20-15.41.45:864][126]LogAudioMixer: Display: Initializing audio mixer.
[2025.12.20-15.41.45:866][126]LogAudioMixer: Display: 0: FrontLeft
[2025.12.20-15.41.45:866][126]LogAudioMixer: Display: 1: FrontRight
[2025.12.20-15.41.45:876][126]LogAudioMixer: Display: Using Audio Device Наушники (Realtek(R) Audio)
[2025.12.20-15.41.45:876][126]LogAudioMixer: Display: Initializing Sound Submixes...
[2025.12.20-15.41.45:876][126]LogAudioMixer: Display: Creating Master Submix 'MasterSubmixDefault'
[2025.12.20-15.41.45:876][126]LogAudioMixer: Display: Creating Master Submix 'MasterReverbSubmixDefault'
[2025.12.20-15.41.45:877][126]LogAudioMixer: Display: Creating Master Submix 'MasterEQSubmixDefault'
[2025.12.20-15.41.45:877][126]LogAudioMixer: FMixerPlatformXAudio2::StartAudioStream() called
[2025.12.20-15.41.45:877][126]LogAudioMixer: Display: Output buffers initialized: Frames=1024, Channels=2, Samples=2048
[2025.12.20-15.41.45:878][126]LogAudioMixer: Display: Starting AudioMixerPlatformInterface::RunInternal()
[2025.12.20-15.41.45:878][126]LogAudioMixer: Display: FMixerPlatformXAudio2::SubmitBuffer() called for the first time
[2025.12.20-15.41.45:878][126]LogInit: FAudioDevice initialized.
[2025.12.20-15.41.45:878][126]LogAudio: Display: Audio Device (ID: 4) registered with world 'StartMenu'.
[2025.12.20-15.41.45:886][126]LogLoad: Game class is 'BP_GameMode_C'
[2025.12.20-15.41.45:887][126]LogWorld: Bringing World /Game/Workplace/Maps/UEDPIE_0_StartMenu.StartMenu up for play (max tick rate 60) at 2025.12.20-18.41.45
[2025.12.20-15.41.45:887][126]LogWorld: Bringing up level for play took: 0.000254
[2025.12.20-15.41.45:887][126]LogOnline: OSS: Creating online subsystem instance for: :Context_17
[2025.12.20-15.41.45:888][126]LogSpawn: Warning: SpawnActor failed because no class was specified
[2025.12.20-15.41.45:927][126]LogPlayerController: Error: InputMode:UIOnly - Attempting to focus Non-Focusable widget SObjectWidget [Widget.cpp(799)]!
[2025.12.20-15.41.45:927][126]LogViewport: Display: Viewport MouseLockMode Changed, LockOnCapture -> DoNotLock
[2025.12.20-15.41.45:927][126]LogViewport: Display: Viewport MouseCaptureMode Changed, CapturePermanently_IncludingInitialMouseDown -> NoCapture
[2025.12.20-15.41.45:927][126]PIE: Server logged in
[2025.12.20-15.41.45:928][126]PIE: Play in editor total start time 0,082 seconds.
[2025.12.20-15.41.46:757][176]LogViewport: Display: Viewport MouseLockMode Changed, DoNotLock -> LockOnCapture
[2025.12.20-15.41.46:757][176]LogViewport: Display: Viewport MouseCaptureMode Changed, NoCapture -> CapturePermanently
[2025.12.20-15.41.46:757][176]LogNet: Browse: /Game/Workplace/Maps/FirstLevel
[2025.12.20-15.41.46:757][176]LogLoad: LoadMap: /Game/Workplace/Maps/FirstLevel
[2025.12.20-15.41.46:757][176]LogWorld: BeginTearingDown for /Game/Workplace/Maps/UEDPIE_0_StartMenu
[2025.12.20-15.41.46:757][176]LogWorld: UWorld::CleanupWorld for StartMenu, bSessionEnded=true, bCleanupResources=true
[2025.12.20-15.41.46:758][176]LogSlate: InvalidateAllWidgets triggered.  All widgets were invalidated
[2025.12.20-15.41.46:772][176]LogAudio: Display: Audio Device unregistered from world 'None'.
[2025.12.20-15.41.46:774][176]LogUObjectHash: Compacting FUObjectHashTables data took   1.53ms
[2025.12.20-15.41.46:796][176]LogAudio: Display: Audio Device (ID: 4) registered with world 'FirstLevel'.
[2025.12.20-15.41.46:796][176]LogAIModule: Creating AISystem for world FirstLevel
[2025.12.20-15.41.46:796][176]LogLoad: Game class is 'BP_GameMode_C'
[2025.12.20-15.41.46:804][176]LogWorld: Bringing World /Game/Workplace/Maps/UEDPIE_0_FirstLevel.FirstLevel up for play (max tick rate 60) at 2025.12.20-18.41.46
[2025.12.20-15.41.46:804][176]LogWorld: Bringing up level for play took: 0.006918
[2025.12.20-15.41.46:805][176]LogSpawn: Warning: SpawnActor failed because no class was specified
[2025.12.20-15.41.46:806][176]LogLoad: Took 0.048869 seconds to LoadMap(/Game/Workplace/Maps/FirstLevel)
[2025.12.20-15.42.08:196][453]LogSlate: Updating window title bar state: overlay mode, drag disabled, window buttons hidden, title bar hidden
[2025.12.20-15.42.08:196][453]LogWorld: BeginTearingDown for /Game/Workplace/Maps/UEDPIE_0_FirstLevel
[2025.12.20-15.42.08:196][453]LogWorld: UWorld::CleanupWorld for FirstLevel, bSessionEnded=true, bCleanupResources=true
[2025.12.20-15.42.08:197][453]LogSlate: InvalidateAllWidgets triggered.  All widgets were invalidated
[2025.12.20-15.42.08:206][453]LogPlayLevel: Display: Shutting down PIE online subsystems
[2025.12.20-15.42.08:210][453]LogSlate: InvalidateAllWidgets triggered.  All widgets were invalidated
[2025.12.20-15.42.08:227][453]LogSlate: Updating window title bar state: overlay mode, drag disabled, window buttons hidden, title bar hidden
[2025.12.20-15.42.08:227][453]LogAudioMixer: FMixerPlatformXAudio2::StopAudioStream() called
[2025.12.20-15.42.08:228][453]LogAudioMixer: FMixerPlatformXAudio2::StopAudioStream() called
[2025.12.20-15.42.08:233][453]LogUObjectHash: Compacting FUObjectHashTables data took   1.73ms
[2025.12.20-15.42.08:266][455]LogPlayLevel: Display: Destroying online subsystem :Context_17
[2025.12.20-15.42.18:600][957]LogSlate: Window 'Save Asset As' being destroyed
[2025.12.20-15.42.20:478][ 67]LogUObjectHash: Compacting FUObjectHashTables data took   2.01ms
[2025.12.20-15.42.20:498][ 67]LogSavePackage: Moving '../../../../../../WORKPLACE/Mini_laboratory/MEPhI_VR_term_1/Mini_laboratory/Saved/MPC_ConveyerBelt7B4B5A22421BE285EAC61897BD3645C5.tmp' to '../../../../../../WORKPLACE/Mini_laboratory/MEPhI_VR_term_1/Mini_laboratory/Content/Workplace/Materials/MPC_ConveyerBelt.uasset'
[2025.12.20-15.42.20:514][ 67]AssetCheck: New page: Asset Save: MPC_ConveyerBelt
[2025.12.20-15.42.20:515][ 67]LogContentValidation: Display: Validating MaterialParameterCollection /Game/Workplace/Materials/MPC_ConveyerBelt.MPC_ConveyerBelt
[2025.12.20-15.42.21:683][138]LogTemp: Repeating last play command: Selected Viewport
[2025.12.20-15.42.21:689][138]LogPlayLevel: PlayLevel: No blueprints needed recompiling
[2025.12.20-15.42.21:689][138]PIE: New page: PIE session: StartMenu (20 дек. 2025 г., 21:42:21)
[2025.12.20-15.42.21:689][138]LogPlayLevel: Creating play world package: /Game/Workplace/Maps/UEDPIE_0_StartMenu
[2025.12.20-15.42.21:691][138]LogPlayLevel: PIE: StaticDuplicateObject took: (0.001476s)
[2025.12.20-15.42.21:692][138]LogAIModule: Creating AISystem for world StartMenu
[2025.12.20-15.42.21:692][138]LogPlayLevel: PIE: World Init took: (0.000791s)
[2025.12.20-15.42.21:692][138]LogPlayLevel: PIE: Created PIE world by copying editor world from /Game/Workplace/Maps/StartMenu.StartMenu to /Game/Workplace/Maps/UEDPIE_0_StartMenu.StartMenu (0.002380s)
[2025.12.20-15.42.21:707][138]LogUObjectHash: Compacting FUObjectHashTables data took   1.46ms
[2025.12.20-15.42.21:707][138]LogAudio: Display: Creating Audio Device:                 Id: 5, Scope: Unique, Realtime: True
[2025.12.20-15.42.21:707][138]LogAudioMixer: Display: Audio Mixer Platform Settings:
[2025.12.20-15.42.21:707][138]LogAudioMixer: Display: 	Sample Rate:						  48000
[2025.12.20-15.42.21:707][138]LogAudioMixer: Display: 	Callback Buffer Frame Size Requested: 1024
[2025.12.20-15.42.21:707][138]LogAudioMixer: Display: 	Callback Buffer Frame Size To Use:	  1024
[2025.12.20-15.42.21:707][138]LogAudioMixer: Display: 	Number of buffers to queue:			  2
[2025.12.20-15.42.21:707][138]LogAudioMixer: Display: 	Max Channels (voices):				  32
[2025.12.20-15.42.21:707][138]LogAudioMixer: Display: 	Number of Async Source Workers:		  0
[2025.12.20-15.42.21:707][138]LogAudio: Display: AudioDevice MaxSources: 32
[2025.12.20-15.42.21:708][138]LogAudio: Display: Audio Spatialization Plugin: None (built-in).
[2025.12.20-15.42.21:708][138]LogAudio: Display: Audio Reverb Plugin: None (built-in).
[2025.12.20-15.42.21:708][138]LogAudio: Display: Audio Occlusion Plugin: None (built-in).
[2025.12.20-15.42.21:708][138]LogAudioMixer: Display: Initializing audio mixer.
[2025.12.20-15.42.21:710][138]LogAudioMixer: Display: 0: FrontLeft
[2025.12.20-15.42.21:710][138]LogAudioMixer: Display: 1: FrontRight
[2025.12.20-15.42.21:719][138]LogAudioMixer: Display: Using Audio Device Наушники (Realtek(R) Audio)
[2025.12.20-15.42.21:719][138]LogAudioMixer: Display: Initializing Sound Submixes...
[2025.12.20-15.42.21:719][138]LogAudioMixer: Display: Creating Master Submix 'MasterSubmixDefault'
[2025.12.20-15.42.21:720][138]LogAudioMixer: Display: Creating Master Submix 'MasterReverbSubmixDefault'
[2025.12.20-15.42.21:720][138]LogAudioMixer: Display: Creating Master Submix 'MasterEQSubmixDefault'
[2025.12.20-15.42.21:720][138]LogAudioMixer: FMixerPlatformXAudio2::StartAudioStream() called
[2025.12.20-15.42.21:720][138]LogAudioMixer: Display: Output buffers initialized: Frames=1024, Channels=2, Samples=2048
[2025.12.20-15.42.21:722][138]LogAudioMixer: Display: Starting AudioMixerPlatformInterface::RunInternal()
[2025.12.20-15.42.21:722][138]LogAudioMixer: Display: FMixerPlatformXAudio2::SubmitBuffer() called for the first time
[2025.12.20-15.42.21:722][138]LogInit: FAudioDevice initialized.
[2025.12.20-15.42.21:722][138]LogAudio: Display: Audio Device (ID: 5) registered with world 'StartMenu'.
[2025.12.20-15.42.21:731][138]LogLoad: Game class is 'BP_GameMode_C'
[2025.12.20-15.42.21:732][138]LogWorld: Bringing World /Game/Workplace/Maps/UEDPIE_0_StartMenu.StartMenu up for play (max tick rate 60) at 2025.12.20-18.42.21
[2025.12.20-15.42.21:732][138]LogWorld: Bringing up level for play took: 0.000236
[2025.12.20-15.42.21:733][138]LogOnline: OSS: Creating online subsystem instance for: :Context_18
[2025.12.20-15.42.21:734][138]LogSpawn: Warning: SpawnActor failed because no class was specified
[2025.12.20-15.42.21:735][138]LogPlayerController: Error: InputMode:UIOnly - Attempting to focus Non-Focusable widget SObjectWidget [Widget.cpp(799)]!
[2025.12.20-15.42.21:735][138]LogViewport: Display: Viewport MouseLockMode Changed, LockOnCapture -> DoNotLock
[2025.12.20-15.42.21:735][138]LogViewport: Display: Viewport MouseCaptureMode Changed, CapturePermanently_IncludingInitialMouseDown -> NoCapture
[2025.12.20-15.42.21:735][138]PIE: Server logged in
[2025.12.20-15.42.21:736][138]PIE: Play in editor total start time 0,048 seconds.
[2025.12.20-15.42.22:447][181]LogViewport: Display: Viewport MouseLockMode Changed, DoNotLock -> LockOnCapture
[2025.12.20-15.42.22:447][181]LogViewport: Display: Viewport MouseCaptureMode Changed, NoCapture -> CapturePermanently
[2025.12.20-15.42.22:447][181]LogNet: Browse: /Game/Workplace/Maps/FirstLevel
[2025.12.20-15.42.22:447][181]LogLoad: LoadMap: /Game/Workplace/Maps/FirstLevel
[2025.12.20-15.42.22:447][181]LogWorld: BeginTearingDown for /Game/Workplace/Maps/UEDPIE_0_StartMenu
[2025.12.20-15.42.22:448][181]LogWorld: UWorld::CleanupWorld for StartMenu, bSessionEnded=true, bCleanupResources=true
[2025.12.20-15.42.22:448][181]LogSlate: InvalidateAllWidgets triggered.  All widgets were invalidated
[2025.12.20-15.42.22:463][181]LogAudio: Display: Audio Device unregistered from world 'None'.
[2025.12.20-15.42.22:465][181]LogUObjectHash: Compacting FUObjectHashTables data took   1.51ms
[2025.12.20-15.42.22:488][181]LogAudio: Display: Audio Device (ID: 5) registered with world 'FirstLevel'.
[2025.12.20-15.42.22:489][181]LogAIModule: Creating AISystem for world FirstLevel
[2025.12.20-15.42.22:489][181]LogLoad: Game class is 'BP_GameMode_C'
[2025.12.20-15.42.22:496][181]LogWorld: Bringing World /Game/Workplace/Maps/UEDPIE_0_FirstLevel.FirstLevel up for play (max tick rate 60) at 2025.12.20-18.42.22
[2025.12.20-15.42.22:496][181]LogWorld: Bringing up level for play took: 0.006372
[2025.12.20-15.42.22:497][181]LogSpawn: Warning: SpawnActor failed because no class was specified
[2025.12.20-15.42.22:498][181]LogLoad: Took 0.050312 seconds to LoadMap(/Game/Workplace/Maps/FirstLevel)
[2025.12.20-15.42.42:926][399]LogSlate: Updating window title bar state: overlay mode, drag disabled, window buttons hidden, title bar hidden
[2025.12.20-15.42.42:926][399]LogWorld: BeginTearingDown for /Game/Workplace/Maps/UEDPIE_0_FirstLevel
[2025.12.20-15.42.42:926][399]LogWorld: UWorld::CleanupWorld for FirstLevel, bSessionEnded=true, bCleanupResources=true
[2025.12.20-15.42.42:927][399]LogSlate: InvalidateAllWidgets triggered.  All widgets were invalidated
[2025.12.20-15.42.42:934][399]LogPlayLevel: Display: Shutting down PIE online subsystems
[2025.12.20-15.42.42:937][399]LogSlate: InvalidateAllWidgets triggered.  All widgets were invalidated
[2025.12.20-15.42.42:951][399]LogSlate: Updating window title bar state: overlay mode, drag disabled, window buttons hidden, title bar hidden
[2025.12.20-15.42.42:951][399]LogAudioMixer: FMixerPlatformXAudio2::StopAudioStream() called
[2025.12.20-15.42.42:952][399]LogAudioMixer: FMixerPlatformXAudio2::StopAudioStream() called
[2025.12.20-15.42.42:957][399]LogUObjectHash: Compacting FUObjectHashTables data took   1.58ms
[2025.12.20-15.42.43:005][402]LogPlayLevel: Display: Destroying online subsystem :Context_18
[2025.12.20-15.42.51:884][925]LogUObjectHash: Compacting FUObjectHashTables data took   1.67ms
[2025.12.20-15.42.51:911][925]LogSavePackage: Moving '../../../../../../WORKPLACE/Mini_laboratory/MEPhI_VR_term_1/Mini_laboratory/Saved/MPC_ConveyerBelt8B7D28144341D9591F4A4DBBD7A9B5EE.tmp' to '../../../../../../WORKPLACE/Mini_laboratory/MEPhI_VR_term_1/Mini_laboratory/Content/Workplace/Materials/MPC_ConveyerBelt.uasset'
[2025.12.20-15.42.51:928][925]AssetCheck: New page: Asset Save: MPC_ConveyerBelt
[2025.12.20-15.42.51:928][925]LogContentValidation: Display: Validating MaterialParameterCollection /Game/Workplace/Materials/MPC_ConveyerBelt.MPC_ConveyerBelt
[2025.12.20-15.42.53:529][ 19]LogUObjectHash: Compacting FUObjectHashTables data took   1.26ms
[2025.12.20-15.42.56:033][166]LogUObjectHash: Compacting FUObjectHashTables data took   1.26ms
[2025.12.20-15.42.58:262][298]LogTemp: Repeating last play command: Selected Viewport
[2025.12.20-15.42.58:267][298]LogPlayLevel: PlayLevel: No blueprints needed recompiling
[2025.12.20-15.42.58:267][298]PIE: New page: PIE session: StartMenu (20 дек. 2025 г., 21:42:58)
[2025.12.20-15.42.58:267][298]LogPlayLevel: Creating play world package: /Game/Workplace/Maps/UEDPIE_0_StartMenu
[2025.12.20-15.42.58:268][298]LogPlayLevel: PIE: StaticDuplicateObject took: (0.000884s)
[2025.12.20-15.42.58:269][298]LogAIModule: Creating AISystem for world StartMenu
[2025.12.20-15.42.58:269][298]LogPlayLevel: PIE: World Init took: (0.000796s)
[2025.12.20-15.42.58:269][298]LogPlayLevel: PIE: Created PIE world by copying editor world from /Game/Workplace/Maps/StartMenu.StartMenu to /Game/Workplace/Maps/UEDPIE_0_StartMenu.StartMenu (0.001760s)
[2025.12.20-15.42.58:284][298]LogUObjectHash: Compacting FUObjectHashTables data took   1.53ms
[2025.12.20-15.42.58:285][298]LogAudio: Display: Creating Audio Device:                 Id: 6, Scope: Unique, Realtime: True
[2025.12.20-15.42.58:285][298]LogAudioMixer: Display: Audio Mixer Platform Settings:
[2025.12.20-15.42.58:285][298]LogAudioMixer: Display: 	Sample Rate:						  48000
[2025.12.20-15.42.58:285][298]LogAudioMixer: Display: 	Callback Buffer Frame Size Requested: 1024
[2025.12.20-15.42.58:285][298]LogAudioMixer: Display: 	Callback Buffer Frame Size To Use:	  1024
[2025.12.20-15.42.58:285][298]LogAudioMixer: Display: 	Number of buffers to queue:			  2
[2025.12.20-15.42.58:285][298]LogAudioMixer: Display: 	Max Channels (voices):				  32
[2025.12.20-15.42.58:285][298]LogAudioMixer: Display: 	Number of Async Source Workers:		  0
[2025.12.20-15.42.58:285][298]LogAudio: Display: AudioDevice MaxSources: 32
[2025.12.20-15.42.58:285][298]LogAudio: Display: Audio Spatialization Plugin: None (built-in).
[2025.12.20-15.42.58:285][298]LogAudio: Display: Audio Reverb Plugin: None (built-in).
[2025.12.20-15.42.58:285][298]LogAudio: Display: Audio Occlusion Plugin: None (built-in).
[2025.12.20-15.42.58:285][298]LogAudioMixer: Display: Initializing audio mixer.
[2025.12.20-15.42.58:287][298]LogAudioMixer: Display: 0: FrontLeft
[2025.12.20-15.42.58:287][298]LogAudioMixer: Display: 1: FrontRight
[2025.12.20-15.42.58:298][298]LogAudioMixer: Display: Using Audio Device Наушники (Realtek(R) Audio)
[2025.12.20-15.42.58:298][298]LogAudioMixer: Display: Initializing Sound Submixes...
[2025.12.20-15.42.58:298][298]LogAudioMixer: Display: Creating Master Submix 'MasterSubmixDefault'
[2025.12.20-15.42.58:298][298]LogAudioMixer: Display: Creating Master Submix 'MasterReverbSubmixDefault'
[2025.12.20-15.42.58:298][298]LogAudioMixer: Display: Creating Master Submix 'MasterEQSubmixDefault'
[2025.12.20-15.42.58:298][298]LogAudioMixer: FMixerPlatformXAudio2::StartAudioStream() called
[2025.12.20-15.42.58:298][298]LogAudioMixer: Display: Output buffers initialized: Frames=1024, Channels=2, Samples=2048
[2025.12.20-15.42.58:299][298]LogAudioMixer: Display: Starting AudioMixerPlatformInterface::RunInternal()
[2025.12.20-15.42.58:299][298]LogAudioMixer: Display: FMixerPlatformXAudio2::SubmitBuffer() called for the first time
[2025.12.20-15.42.58:299][298]LogInit: FAudioDevice initialized.
[2025.12.20-15.42.58:299][298]LogAudio: Display: Audio Device (ID: 6) registered with world 'StartMenu'.
[2025.12.20-15.42.58:305][298]LogLoad: Game class is 'BP_GameMode_C'
[2025.12.20-15.42.58:306][298]LogWorld: Bringing World /Game/Workplace/Maps/UEDPIE_0_StartMenu.StartMenu up for play (max tick rate 60) at 2025.12.20-18.42.58
[2025.12.20-15.42.58:306][298]LogWorld: Bringing up level for play took: 0.000254
[2025.12.20-15.42.58:306][298]LogOnline: OSS: Creating online subsystem instance for: :Context_19
[2025.12.20-15.42.58:308][298]LogSpawn: Warning: SpawnActor failed because no class was specified
[2025.12.20-15.42.58:309][298]LogPlayerController: Error: InputMode:UIOnly - Attempting to focus Non-Focusable widget SObjectWidget [Widget.cpp(799)]!
[2025.12.20-15.42.58:309][298]LogViewport: Display: Viewport MouseLockMode Changed, LockOnCapture -> DoNotLock
[2025.12.20-15.42.58:309][298]LogViewport: Display: Viewport MouseCaptureMode Changed, CapturePermanently_IncludingInitialMouseDown -> NoCapture
[2025.12.20-15.42.58:309][298]PIE: Server logged in
[2025.12.20-15.42.58:310][298]PIE: Play in editor total start time 0,043 seconds.
[2025.12.20-15.42.59:273][356]LogViewport: Display: Viewport MouseLockMode Changed, DoNotLock -> LockOnCapture
[2025.12.20-15.42.59:273][356]LogViewport: Display: Viewport MouseCaptureMode Changed, NoCapture -> CapturePermanently
[2025.12.20-15.42.59:274][356]LogNet: Browse: /Game/Workplace/Maps/FirstLevel
[2025.12.20-15.42.59:274][356]LogLoad: LoadMap: /Game/Workplace/Maps/FirstLevel
[2025.12.20-15.42.59:274][356]LogWorld: BeginTearingDown for /Game/Workplace/Maps/UEDPIE_0_StartMenu
[2025.12.20-15.42.59:274][356]LogWorld: UWorld::CleanupWorld for StartMenu, bSessionEnded=true, bCleanupResources=true
[2025.12.20-15.42.59:274][356]LogSlate: InvalidateAllWidgets triggered.  All widgets were invalidated
[2025.12.20-15.42.59:319][356]LogAudio: Display: Audio Device unregistered from world 'None'.
[2025.12.20-15.42.59:321][356]LogUObjectHash: Compacting FUObjectHashTables data took   1.58ms
[2025.12.20-15.42.59:344][356]LogAudio: Display: Audio Device (ID: 6) registered with world 'FirstLevel'.
[2025.12.20-15.42.59:345][356]LogAIModule: Creating AISystem for world FirstLevel
[2025.12.20-15.42.59:345][356]LogLoad: Game class is 'BP_GameMode_C'
[2025.12.20-15.42.59:353][356]LogWorld: Bringing World /Game/Workplace/Maps/UEDPIE_0_FirstLevel.FirstLevel up for play (max tick rate 60) at 2025.12.20-18.42.59
[2025.12.20-15.42.59:353][356]LogWorld: Bringing up level for play took: 0.007011
[2025.12.20-15.42.59:353][356]LogSpawn: Warning: SpawnActor failed because no class was specified
[2025.12.20-15.42.59:354][356]LogLoad: Took 0.080992 seconds to LoadMap(/Game/Workplace/Maps/FirstLevel)
[2025.12.20-15.43.37:447][635]LogSlate: Updating window title bar state: overlay mode, drag disabled, window buttons hidden, title bar hidden
[2025.12.20-15.43.37:447][635]LogWorld: BeginTearingDown for /Game/Workplace/Maps/UEDPIE_0_FirstLevel
[2025.12.20-15.43.37:447][635]LogWorld: UWorld::CleanupWorld for FirstLevel, bSessionEnded=true, bCleanupResources=true
[2025.12.20-15.43.37:448][635]LogSlate: InvalidateAllWidgets triggered.  All widgets were invalidated
[2025.12.20-15.43.37:459][635]LogPlayLevel: Display: Shutting down PIE online subsystems
[2025.12.20-15.43.37:462][635]LogSlate: InvalidateAllWidgets triggered.  All widgets were invalidated
[2025.12.20-15.43.37:476][635]LogSlate: Updating window title bar state: overlay mode, drag disabled, window buttons hidden, title bar hidden
[2025.12.20-15.43.37:476][635]LogAudioMixer: FMixerPlatformXAudio2::StopAudioStream() called
[2025.12.20-15.43.37:478][635]LogAudioMixer: FMixerPlatformXAudio2::StopAudioStream() called
[2025.12.20-15.43.37:482][635]LogUObjectHash: Compacting FUObjectHashTables data took   1.48ms
[2025.12.20-15.43.37:533][638]LogPlayLevel: Display: Destroying online subsystem :Context_19
[2025.12.20-15.43.39:536][756]LogUObjectHash: Compacting FUObjectHashTables data took   1.59ms
[2025.12.20-15.43.41:147][851]LogUObjectHash: Compacting FUObjectHashTables data took   1.27ms
[2025.12.20-15.43.42:643][939]LogUObjectHash: Compacting FUObjectHashTables data took   1.27ms
[2025.12.20-15.43.44:039][ 21]LogUObjectHash: Compacting FUObjectHashTables data took   1.26ms
[2025.12.20-15.43.45:419][102]LogUObjectHash: Compacting FUObjectHashTables data took   1.27ms
[2025.12.20-15.43.58:634][886]LogUObjectHash: Compacting FUObjectHashTables data took   1.56ms
[2025.12.20-15.43.58:675][886]LogSlate: Window 'Mini_laboratory - Unreal Editor' being destroyed
[2025.12.20-15.43.58:782][887]Cmd: QUIT_EDITOR
[2025.12.20-15.43.58:782][887]LogCore: Engine exit requested (reason: UUnrealEdEngine::CloseEditor())
[2025.12.20-15.43.58:788][887]LogCore: Engine exit requested (reason: EngineExit() was called; note: exit was already requested)
[2025.12.20-15.43.59:290][887]LogAudio: Display: Beginning Audio Device Manager Shutdown (Module: AudioMixerXAudio2)...
[2025.12.20-15.43.59:290][887]LogAudio: Display: Destroying 1 Remaining Audio Device(s)...
[2025.12.20-15.43.59:290][887]LogAudio: Display: Audio Device unregistered from world 'StartMenu'.
[2025.12.20-15.43.59:290][887]LogAudioMixer: FMixerPlatformXAudio2::StopAudioStream() called
[2025.12.20-15.43.59:292][887]LogAudioMixer: FMixerPlatformXAudio2::StopAudioStream() called
[2025.12.20-15.43.59:299][887]LogAudio: Display: Audio Device Manager Shutdown
[2025.12.20-15.43.59:300][887]LogWindowsTextInputMethodSystem: Display: IME system deactivated.
[2025.12.20-15.43.59:306][887]LogExit: Preparing to exit.
[2025.12.20-15.43.59:327][887]LogUObjectHash: Compacting FUObjectHashTables data took   1.66ms
[2025.12.20-15.43.59:845][887]LogWorld: UWorld::CleanupWorld for World_2, bSessionEnded=true, bCleanupResources=true
[2025.12.20-15.43.59:846][887]LogWorld: UWorld::CleanupWorld for World_4, bSessionEnded=true, bCleanupResources=true
[2025.12.20-15.43.59:848][887]LogWorld: UWorld::CleanupWorld for World_5, bSessionEnded=true, bCleanupResources=true
[2025.12.20-15.43.59:849][887]LogWorld: UWorld::CleanupWorld for World_6, bSessionEnded=true, bCleanupResources=true
[2025.12.20-15.43.59:850][887]LogWorld: UWorld::CleanupWorld for World_7, bSessionEnded=true, bCleanupResources=true
[2025.12.20-15.43.59:851][887]LogWorld: UWorld::CleanupWorld for World_8, bSessionEnded=true, bCleanupResources=true
[2025.12.20-15.43.59:851][887]LogWorld: UWorld::CleanupWorld for World_9, bSessionEnded=true, bCleanupResources=true
[2025.12.20-15.43.59:853][887]LogWorld: UWorld::CleanupWorld for World_10, bSessionEnded=true, bCleanupResources=true
[2025.12.20-15.43.59:854][887]LogWorld: UWorld::CleanupWorld for World_11, bSessionEnded=true, bCleanupResources=true
[2025.12.20-15.43.59:855][887]LogWorld: UWorld::CleanupWorld for World_0, bSessionEnded=true, bCleanupResources=true
[2025.12.20-15.43.59:856][887]LogWorld: UWorld::CleanupWorld for World_13, bSessionEnded=true, bCleanupResources=true
[2025.12.20-15.43.59:897][887]LogDemo: Cleaned up 0 splitscreen connections with owner deletion
[2025.12.20-15.43.59:916][887]LogWorld: UWorld::CleanupWorld for None, bSessionEnded=true, bCleanupResources=true
[2025.12.20-15.43.59:916][887]LogExit: Editor shut down
[2025.12.20-15.43.59:916][887]LogExit: Transaction tracking system shut down
[2025.12.20-15.44.00:297][887]LogExit: Object subsystem successfully closed.
[2025.12.20-15.44.00:308][887]LogShaderCompilers: Display: === FShaderJobCache stats ===
[2025.12.20-15.44.00:308][887]LogShaderCompilers: Display: Total job queries 168, among them cache hits 90 (53.57%)
[2025.12.20-15.44.00:308][887]LogShaderCompilers: Display: Tracking 68 distinct input hashes that result in 28 distinct outputs (41.18%)
[2025.12.20-15.44.00:308][887]LogShaderCompilers: Display: RAM used: 0.15 MB (0.00 GB) of 409.60 MB (0.40 GB) budget. Usage: 0.04%
[2025.12.20-15.44.00:308][887]LogShaderCompilers: Display: ================================================
[2025.12.20-15.44.00:339][887]LogShaderCompilers: Display: Shaders left to compile 0
[2025.12.20-15.44.00:416][887]LogModuleManager: Shutting down and abandoning module MovieSceneCapture (880)
[2025.12.20-15.44.00:416][887]LogModuleManager: Shutting down and abandoning module Voice (878)
[2025.12.20-15.44.00:417][887]LogModuleManager: Shutting down and abandoning module HierarchicalLODUtilities (876)
[2025.12.20-15.44.00:417][887]LogModuleManager: Shutting down and abandoning module BlueprintGraph (874)
[2025.12.20-15.44.00:417][887]LogModuleManager: Shutting down and abandoning module HierarchicalLODOutliner (872)
[2025.12.20-15.44.00:418][887]LogModuleManager: Shutting down and abandoning module SceneOutliner (870)
[2025.12.20-15.44.00:418][887]LogModuleManager: Shutting down and abandoning module AddContentDialog (868)
[2025.12.20-15.44.00:420][887]LogModuleManager: Shutting down and abandoning module WidgetCarousel (867)
[2025.12.20-15.44.00:420][887]LogModuleManager: Shutting down and abandoning module EditorWidgets (864)
[2025.12.20-15.44.00:420][887]LogModuleManager: Shutting down and abandoning module ExternalImagePicker (862)
[2025.12.20-15.44.00:420][887]LogModuleManager: Shutting down and abandoning module StatsViewer (860)
[2025.12.20-15.44.00:421][887]LogModuleManager: Shutting down and abandoning module PIEPreviewDeviceProfileSelector (858)
[2025.12.20-15.44.00:422][887]LogModuleManager: Shutting down and abandoning module SequenceRecorderSections (856)
[2025.12.20-15.44.00:422][887]LogModuleManager: Shutting down and abandoning module AutomationWorker (854)
[2025.12.20-15.44.00:423][887]LogModuleManager: Shutting down and abandoning module SteamVREditor (852)
[2025.12.20-15.44.00:423][887]LogModuleManager: Shutting down and abandoning module OculusMR (850)
[2025.12.20-15.44.00:423][887]LogModuleManager: Shutting down and abandoning module OpenXRInput (848)
[2025.12.20-15.44.00:423][887]LogModuleManager: Shutting down and abandoning module TakeRecorderSources (846)
[2025.12.20-15.44.00:426][887]LogModuleManager: Shutting down and abandoning module TakeRecorder (845)
[2025.12.20-15.44.00:427][887]LogModuleManager: Shutting down and abandoning module TakeTrackRecorders (842)
[2025.12.20-15.44.00:428][887]LogModuleManager: Shutting down and abandoning module TakesCore (840)
[2025.12.20-15.44.00:428][887]LogModuleManager: Shutting down and abandoning module GooglePADEditor (838)
[2025.12.20-15.44.00:428][887]LogModuleManager: Shutting down and abandoning module AudioCaptureEditor (836)
[2025.12.20-15.44.00:428][887]LogModuleManager: Shutting down and abandoning module PlanarCut (834)
[2025.12.20-15.44.00:429][887]LogModuleManager: Shutting down and abandoning module TemplateSequenceEditor (832)
[2025.12.20-15.44.00:430][887]LogModuleManager: Shutting down and abandoning module LevelSequenceEditor (830)
[2025.12.20-15.44.00:433][887]LogModuleManager: Shutting down and abandoning module MatineeToLevelSequence (828)
[2025.12.20-15.44.00:434][887]LogModuleManager: Shutting down and abandoning module ActorSequenceEditor (826)
[2025.12.20-15.44.00:435][887]LogModuleManager: Shutting down and abandoning module CharacterAI (824)
[2025.12.20-15.44.00:435][887]LogModuleManager: Shutting down and abandoning module WmfMediaFactory (822)
[2025.12.20-15.44.00:435][887]LogModuleManager: Shutting down and abandoning module WmfMediaEditor (820)
[2025.12.20-15.44.00:435][887]LogModuleManager: Shutting down and abandoning module WebMMediaFactory (818)
[2025.12.20-15.44.00:436][887]LogModuleManager: Shutting down and abandoning module WebMMediaEditor (816)
[2025.12.20-15.44.00:436][887]LogModuleManager: Shutting down and abandoning module WebMMedia (814)
[2025.12.20-15.44.00:436][887]LogModuleManager: Shutting down and abandoning module MediaPlayerEditor (812)
[2025.12.20-15.44.00:438][887]LogModuleManager: Shutting down and abandoning module MediaCompositingEditor (810)
[2025.12.20-15.44.00:439][887]LogModuleManager: Shutting down and abandoning module SequenceRecorder (809)
[2025.12.20-15.44.00:439][887]LogModuleManager: Shutting down and abandoning module OpenExrWrapper (806)
[2025.12.20-15.44.00:439][887]LogModuleManager: Shutting down and abandoning module ImgMediaFactory (804)
[2025.12.20-15.44.00:439][887]LogModuleManager: Shutting down and abandoning module ImgMediaEditor (802)
[2025.12.20-15.44.00:439][887]LogModuleManager: Shutting down and abandoning module AvfMediaFactory (800)
[2025.12.20-15.44.00:439][887]LogModuleManager: Shutting down and abandoning module AvfMediaEditor (798)
[2025.12.20-15.44.00:439][887]LogModuleManager: Shutting down and abandoning module AndroidMediaFactory (796)
[2025.12.20-15.44.00:439][887]LogModuleManager: Shutting down and abandoning module AndroidMediaEditor (794)
[2025.12.20-15.44.00:439][887]LogModuleManager: Shutting down and abandoning module MagicLeapMediaCodecFactory (792)
[2025.12.20-15.44.00:440][887]LogModuleManager: Shutting down and abandoning module MagicLeapMediaFactory (790)
[2025.12.20-15.44.00:440][887]LogModuleManager: Shutting down and abandoning module MagicLeapMediaEditor (788)
[2025.12.20-15.44.00:440][887]LogModuleManager: Shutting down and abandoning module TextureAlignMode (786)
[2025.12.20-15.44.00:440][887]LogModuleManager: Shutting down and abandoning module BspMode (784)
[2025.12.20-15.44.00:440][887]LogModuleManager: Shutting down and abandoning module GeometryMode (782)
[2025.12.20-15.44.00:441][887]LogModuleManager: Shutting down and abandoning module CameraShakePreviewer (780)
[2025.12.20-15.44.00:442][887]LogModuleManager: Shutting down and abandoning module SmartSnapping (778)
[2025.12.20-15.44.00:442][887]LogModuleManager: Shutting down and abandoning module SessionServices (776)
[2025.12.20-15.44.00:442][887]LogModuleManager: Shutting down and abandoning module MeshPaint (774)
[2025.12.20-15.44.00:443][887]LogModuleManager: Shutting down and abandoning module VirtualTexturingEditor (772)
[2025.12.20-15.44.00:444][887]LogModuleManager: Shutting down and abandoning module FoliageEdit (770)
[2025.12.20-15.44.00:445][887]LogModuleManager: Shutting down and abandoning module LandscapeEditor (768)
[2025.12.20-15.44.00:447][887]LogModuleManager: Shutting down and abandoning module MeshPaintMode (766)
[2025.12.20-15.44.00:447][887]LogModuleManager: Shutting down and abandoning module SceneDepthPickerMode (764)
[2025.12.20-15.44.00:447][887]LogModuleManager: Shutting down and abandoning module ActorPickerMode (762)
[2025.12.20-15.44.00:447][887]LogModuleManager: Shutting down and abandoning module PlacementMode (760)
[2025.12.20-15.44.00:447][887]LogModuleManager: Shutting down and abandoning module ViewportSnapping (758)
[2025.12.20-15.44.00:447][887]LogModuleManager: Shutting down and abandoning module ViewportInteraction (756)
[2025.12.20-15.44.00:447][887]LogModuleManager: Shutting down and abandoning module ClothPainter (754)
[2025.12.20-15.44.00:448][887]LogModuleManager: Shutting down and abandoning module SkeletalMeshEditor (753)
[2025.12.20-15.44.00:451][887]LogModuleManager: Shutting down and abandoning module LogVisualizer (750)
[2025.12.20-15.44.00:452][887]LogModuleManager: Shutting down and abandoning module IntroTutorials (748)
[2025.12.20-15.44.00:453][887]LogModuleManager: Shutting down and abandoning module GameProjectGeneration (747)
[2025.12.20-15.44.00:453][887]LogModuleManager: Shutting down and abandoning module LuminPlatformEditor (744)
[2025.12.20-15.44.00:453][887]LogModuleManager: Shutting down and abandoning module IOSPlatformEditor (742)
[2025.12.20-15.44.00:453][887]LogModuleManager: Shutting down and abandoning module AndroidPlatformEditor (740)
[2025.12.20-15.44.00:453][887]LogModuleManager: Shutting down and abandoning module AndroidDeviceDetection (739)
[2025.12.20-15.44.01:060][887]LogModuleManager: Shutting down and abandoning module WindowsPlatformEditor (736)
[2025.12.20-15.44.01:060][887]LogModuleManager: Shutting down and abandoning module LuminRuntimeSettings (734)
[2025.12.20-15.44.01:060][887]LogModuleManager: Shutting down and abandoning module IOSRuntimeSettings (732)
[2025.12.20-15.44.01:060][887]LogModuleManager: Shutting down and abandoning module AndroidRuntimeSettings (730)
[2025.12.20-15.44.01:060][887]LogModuleManager: Shutting down and abandoning module TraceInsights (728)
[2025.12.20-15.44.01:064][887]MemoryProfiler: Shutdown
[2025.12.20-15.44.01:064][887]NetworkingProfiler: Shutdown
[2025.12.20-15.44.01:064][887]LoadingProfiler: Shutdown
[2025.12.20-15.44.01:065][887]TimingProfiler: Shutdown
[2025.12.20-15.44.01:067][887]LogModuleManager: Shutting down and abandoning module TraceServices (727)
[2025.12.20-15.44.01:069][887]LogModuleManager: Shutting down and abandoning module EditorInteractiveToolsFramework (724)
[2025.12.20-15.44.01:069][887]LogModuleManager: Shutting down and abandoning module TimeManagementEditor (722)
[2025.12.20-15.44.01:069][887]LogModuleManager: Shutting down and abandoning module InputBindingEditor (720)
[2025.12.20-15.44.01:072][887]LogModuleManager: Shutting down and abandoning module MergeActors (718)
[2025.12.20-15.44.01:074][887]LogModuleManager: Shutting down and abandoning module LocalizationDashboard (716)
[2025.12.20-15.44.01:075][887]LogModuleManager: Shutting down and abandoning module LocalizationService (715)
[2025.12.20-15.44.01:075][887]LogModuleManager: Shutting down and abandoning module HardwareTargeting (712)
[2025.12.20-15.44.01:075][887]LogModuleManager: Shutting down and abandoning module DeviceProfileEditor (710)
[2025.12.20-15.44.01:076][887]LogModuleManager: Shutting down and abandoning module UndoHistory (708)
[2025.12.20-15.44.01:076][887]LogModuleManager: Shutting down and abandoning module XmlParser (706)
[2025.12.20-15.44.01:076][887]LogModuleManager: Shutting down and abandoning module Blutility (704)
[2025.12.20-15.44.01:077][887]LogModuleManager: Shutting down and abandoning module ProjectSettingsViewer (702)
[2025.12.20-15.44.01:077][887]LogModuleManager: Shutting down and abandoning module ProjectTargetPlatformEditor (701)
[2025.12.20-15.44.01:077][887]LogModuleManager: Shutting down and abandoning module EditorSettingsViewer (698)
[2025.12.20-15.44.01:077][887]LogModuleManager: Shutting down and abandoning module InternationalizationSettings (697)
[2025.12.20-15.44.01:077][887]LogModuleManager: Shutting down and abandoning module SettingsEditor (694)
[2025.12.20-15.44.01:077][887]LogModuleManager: Shutting down and abandoning module ProjectLauncher (692)
[2025.12.20-15.44.01:077][887]LogModuleManager: Shutting down and abandoning module SessionFrontend (690)
[2025.12.20-15.44.01:078][887]LogModuleManager: Shutting down and abandoning module ProfilerClient (688)
[2025.12.20-15.44.01:078][887]LogModuleManager: Shutting down and abandoning module DeviceManager (686)
[2025.12.20-15.44.01:079][887]LogModuleManager: Shutting down and abandoning module TargetDeviceServices (685)
[2025.12.20-15.44.01:111][887]LogModuleManager: Shutting down and abandoning module AutomationController (682)
[2025.12.20-15.44.01:113][887]LogModuleManager: Shutting down and abandoning module AutomationWindow (680)
[2025.12.20-15.44.01:113][887]LogModuleManager: Shutting down and abandoning module Layers (678)
[2025.12.20-15.44.01:115][887]LogModuleManager: Shutting down and abandoning module ComponentVisualizers (676)
[2025.12.20-15.44.01:115][887]LogModuleManager: Shutting down and abandoning module DetailCustomizations (674)
[2025.12.20-15.44.01:115][887]LogModuleManager: Shutting down and abandoning module PackagesDialog (672)
[2025.12.20-15.44.01:116][887]LogModuleManager: Shutting down and abandoning module AnimationBlueprintEditor (670)
[2025.12.20-15.44.01:116][887]LogModuleManager: Shutting down and abandoning module Persona (668)
[2025.12.20-15.44.01:117][887]LogModuleManager: Shutting down and abandoning module AdvancedPreviewScene (667)
[2025.12.20-15.44.01:118][887]LogModuleManager: Shutting down and abandoning module AnimGraph (665)
[2025.12.20-15.44.01:118][887]LogModuleManager: Shutting down and abandoning module Kismet (662)
[2025.12.20-15.44.01:129][887]LogModuleManager: Shutting down and abandoning module KismetWidgets (661)
[2025.12.20-15.44.01:129][887]LogModuleManager: Shutting down and abandoning module GraphEditor (658)
[2025.12.20-15.44.01:129][887]LogModuleManager: Shutting down and abandoning module StructViewer (656)
[2025.12.20-15.44.01:129][887]LogModuleManager: Shutting down and abandoning module ClassViewer (654)
[2025.12.20-15.44.01:129][887]LogModuleManager: Shutting down and abandoning module Toolbox (652)
[2025.12.20-15.44.01:129][887]LogModuleManager: Shutting down and abandoning module ModuleUI (650)
[2025.12.20-15.44.01:130][887]LogModuleManager: Shutting down and abandoning module OutputLog (648)
[2025.12.20-15.44.01:131][887]LogModuleManager: Shutting down and abandoning module GammaUI (646)
[2025.12.20-15.44.01:131][887]LogModuleManager: Shutting down and abandoning module Documentation (644)
[2025.12.20-15.44.01:131][887]LogModuleManager: Shutting down and abandoning module LiveCoding (642)
[2025.12.20-15.44.01:132][887]LogModuleManager: Shutting down and abandoning module LevelSequence (640)
[2025.12.20-15.44.01:132][887]LogModuleManager: Shutting down and abandoning module MovieSceneTracks (638)
[2025.12.20-15.44.01:132][887]LogModuleManager: Shutting down and abandoning module MovieScene (636)
[2025.12.20-15.44.01:133][887]LogModuleManager: Shutting down and abandoning module StreamingPauseRendering (634)
[2025.12.20-15.44.01:134][887]LogModuleManager: Shutting down and abandoning module LauncherPlatform (632)
[2025.12.20-15.44.01:134][887]LogModuleManager: Shutting down and abandoning module AnalyticsET (630)
[2025.12.20-15.44.01:134][887]LogModuleManager: Shutting down and abandoning module PortalServices (628)
[2025.12.20-15.44.01:134][887]LogModuleManager: Shutting down and abandoning module PortalRpc (626)
[2025.12.20-15.44.01:134][887]LogModuleManager: Shutting down and abandoning module MessagingRpc (624)
[2025.12.20-15.44.01:134][887]LogModuleManager: Shutting down and abandoning module AudioMixerXAudio2 (622)
[2025.12.20-15.44.01:134][887]LogModuleManager: Shutting down and abandoning module AudioMixerCore (621)
[2025.12.20-15.44.01:134][887]LogModuleManager: Shutting down and abandoning module AIModule (618)
[2025.12.20-15.44.01:135][887]LogModuleManager: Shutting down and abandoning module GameplayDebugger (617)
[2025.12.20-15.44.01:135][887]LogModuleManager: Shutting down and abandoning module AITestSuite (615)
[2025.12.20-15.44.01:135][887]LogModuleManager: Shutting down and abandoning module NavigationSystem (613)
[2025.12.20-15.44.01:135][887]LogModuleManager: Shutting down and abandoning module ImageWriteQueue (610)
[2025.12.20-15.44.01:135][887]LogModuleManager: Shutting down and abandoning module ProfilerService (608)
[2025.12.20-15.44.01:241][887]LogModuleManager: Shutting down and abandoning module TaskGraph (606)
[2025.12.20-15.44.01:242][887]LogModuleManager: Shutting down and abandoning module AudioSynesthesiaEditor (604)
[2025.12.20-15.44.01:242][887]LogModuleManager: Shutting down and abandoning module OculusEditor (602)
[2025.12.20-15.44.01:245][887]LogModuleManager: Shutting down and abandoning module OculusInput (600)
[2025.12.20-15.44.01:245][887]LogModuleManager: Shutting down and abandoning module ContentBrowserFileDataSource (598)
[2025.12.20-15.44.01:245][887]LogModuleManager: Shutting down and abandoning module ContentBrowserClassDataSource (596)
[2025.12.20-15.44.01:245][887]LogModuleManager: Shutting down and abandoning module ContentBrowserAssetDataSource (594)
[2025.12.20-15.44.01:245][887]LogModuleManager: Shutting down and abandoning module CollectionManager (593)
[2025.12.20-15.44.01:246][887]LogModuleManager: Shutting down and abandoning module SynthesisEditor (590)
[2025.12.20-15.44.01:246][887]LogModuleManager: Shutting down and abandoning module Synthesis (588)
[2025.12.20-15.44.01:247][887]LogModuleManager: Shutting down and abandoning module ProceduralMeshComponentEditor (586)
[2025.12.20-15.44.01:247][887]LogModuleManager: Shutting down and abandoning module ProceduralMeshComponent (584)
[2025.12.20-15.44.01:247][887]LogModuleManager: Shutting down and abandoning module OpenXREditor (582)
[2025.12.20-15.44.01:247][887]LogModuleManager: Shutting down and abandoning module MobilePatchingUtils (580)
[2025.12.20-15.44.01:247][887]LogModuleManager: Shutting down and abandoning module ScreenshotTools (578)
[2025.12.20-15.44.01:247][887]LogModuleManager: Shutting down and abandoning module TakeSequencer (576)
[2025.12.20-15.44.01:247][887]LogModuleManager: Shutting down and abandoning module TakeMovieScene (574)
[2025.12.20-15.44.01:247][887]LogModuleManager: Shutting down and abandoning module GooglePAD (572)
[2025.12.20-15.44.01:247][887]LogModuleManager: Shutting down and abandoning module EditableMesh (570)
[2025.12.20-15.44.01:248][887]LogModuleManager: Shutting down and abandoning module CustomMeshComponent (568)
[2025.12.20-15.44.01:248][887]LogModuleManager: Shutting down and abandoning module CableComponent (566)
[2025.12.20-15.44.01:248][887]LogModuleManager: Shutting down and abandoning module AssetTags (564)
[2025.12.20-15.44.01:248][887]LogModuleManager: Shutting down and abandoning module AudioCapture (562)
[2025.12.20-15.44.01:248][887]LogModuleManager: Shutting down and abandoning module AudioCaptureRtAudio (561)
[2025.12.20-15.44.01:248][887]LogModuleManager: Shutting down and abandoning module ArchVisCharacter (558)
[2025.12.20-15.44.01:248][887]LogModuleManager: Shutting down and abandoning module AppleImageUtilsBlueprintSupport (556)
[2025.12.20-15.44.01:248][887]LogModuleManager: Shutting down and abandoning module AppleImageUtils (554)
[2025.12.20-15.44.01:248][887]LogModuleManager: Shutting down and abandoning module AndroidPermission (552)
[2025.12.20-15.44.01:248][887]LogModuleManager: Shutting down and abandoning module ActorLayerUtilitiesEditor (550)
[2025.12.20-15.44.01:248][887]LogModuleManager: Shutting down and abandoning module ActorLayerUtilities (548)
[2025.12.20-15.44.01:248][887]LogModuleManager: Shutting down and abandoning module MotoSynthEditor (546)
[2025.12.20-15.44.01:248][887]LogModuleManager: Shutting down and abandoning module MotoSynth (544)
[2025.12.20-15.44.01:248][887]LogModuleManager: Shutting down and abandoning module OpenImageDenoise (542)
[2025.12.20-15.44.01:248][887]LogOpenImageDenoise: OIDN shutting down
[2025.12.20-15.44.01:248][887]LogModuleManager: Shutting down and abandoning module MeshConversion (540)
[2025.12.20-15.44.01:249][887]LogModuleManager: Shutting down and abandoning module DynamicMesh (538)
[2025.12.20-15.44.01:250][887]LogModuleManager: Shutting down and abandoning module GeometryAlgorithms (536)
[2025.12.20-15.44.01:250][887]LogModuleManager: Shutting down and abandoning module GeometricObjects (534)
[2025.12.20-15.44.01:251][887]LogModuleManager: Shutting down and abandoning module TemplateSequence (532)
[2025.12.20-15.44.01:251][887]LogModuleManager: Shutting down and abandoning module GeometryCollectionTracks (530)
[2025.12.20-15.44.01:251][887]LogModuleManager: Shutting down and abandoning module GeometryCollectionSequencer (529)
[2025.12.20-15.44.01:251][887]LogModuleManager: Shutting down and abandoning module GeometryCollectionEditor (526)
[2025.12.20-15.44.01:251][887]LogModuleManager: Shutting down and abandoning module GeometryCacheTracks (524)
[2025.12.20-15.44.01:251][887]LogModuleManager: Shutting down and abandoning module GeometryCacheStreamer (522)
[2025.12.20-15.44.01:252][887]LogModuleManager: Shutting down and abandoning module GeometryCacheSequencer (520)
[2025.12.20-15.44.01:252][887]LogModuleManager: Shutting down and abandoning module ChaosNiagara (518)
[2025.12.20-15.44.01:252][887]LogModuleManager: Shutting down and abandoning module ChaosSolverEditor (516)
[2025.12.20-15.44.01:252][887]LogModuleManager: Shutting down and abandoning module FractureEditor (514)
[2025.12.20-15.44.01:252][887]LogModuleManager: Shutting down and abandoning module FieldSystemEngine (513)
[2025.12.20-15.44.01:252][887]LogModuleManager: Shutting down and abandoning module ChaosClothEditor (510)
[2025.12.20-15.44.01:253][887]LogModuleManager: Shutting down and abandoning module BackChannel (508)
[2025.12.20-15.44.01:253][887]LogModuleManager: Shutting down and abandoning module AutomationUtilsEditor (506)
[2025.12.20-15.44.01:253][887]LogModuleManager: Shutting down and abandoning module AutomationUtils (504)
[2025.12.20-15.44.01:253][887]LogModuleManager: Shutting down and abandoning module AlembicImporter (502)
[2025.12.20-15.44.01:253][887]LogModuleManager: Shutting down and abandoning module AlembicLibrary (501)
[2025.12.20-15.44.01:253][887]LogModuleManager: Shutting down and abandoning module GeometryCache (500)
[2025.12.20-15.44.01:253][887]LogModuleManager: Shutting down and abandoning module GeometryCacheEd (499)
[2025.12.20-15.44.01:253][887]LogModuleManager: Shutting down and abandoning module MediaCompositing (494)
[2025.12.20-15.44.01:253][887]LogModuleManager: Shutting down and abandoning module ImgMedia (492)
[2025.12.20-15.44.01:253][887]LogModuleManager: Shutting down and abandoning module MagicLeapSharedWorld (490)
[2025.12.20-15.44.01:253][887]LogModuleManager: Shutting down and abandoning module MagicLeapLightEstimation (488)
[2025.12.20-15.44.01:253][887]LogModuleManager: Shutting down and abandoning module MagicLeapHelperVulkan (486)
[2025.12.20-15.44.01:253][887]LogModuleManager: Shutting down and abandoning module MagicLeapHelperOpenGL (484)
[2025.12.20-15.44.01:253][887]LogModuleManager: Shutting down and abandoning module MagicLeapAudio (482)
[2025.12.20-15.44.01:253][887]LogModuleManager: Shutting down and abandoning module VariantManagerContentEditor (480)
[2025.12.20-15.44.01:254][887]LogModuleManager: Shutting down and abandoning module NiagaraEditorWidgets (478)
[2025.12.20-15.44.01:256][887]LogModuleManager: Shutting down and abandoning module DatasmithContentEditor (476)
[2025.12.20-15.44.01:257][887]LogModuleManager: Shutting down and abandoning module PluginBrowser (474)
[2025.12.20-15.44.01:258][887]LogModuleManager: Shutting down and abandoning module SpeedTreeImporter (472)
[2025.12.20-15.44.01:258][887]LogModuleManager: Shutting down and abandoning module MobileLauncherProfileWizard (470)
[2025.12.20-15.44.01:259][887]LogModuleManager: Shutting down and abandoning module MaterialAnalyzer (468)
[2025.12.20-15.44.01:259][887]LogModuleManager: Shutting down and abandoning module CurveEditorTools (466)
[2025.12.20-15.44.01:260][887]LogModuleManager: Shutting down and abandoning module CryptoKeysOpenSSL (464)
[2025.12.20-15.44.01:260][887]LogModuleManager: Shutting down and abandoning module CryptoKeys (462)
[2025.12.20-15.44.01:260][887]LogModuleManager: Shutting down and abandoning module VisualStudioSourceCodeAccess (460)
[2025.12.20-15.44.01:260][887]LogModuleManager: Shutting down and abandoning module VisualStudioCodeSourceCodeAccess (458)
[2025.12.20-15.44.01:260][887]LogModuleManager: Shutting down and abandoning module UObjectPlugin (456)
[2025.12.20-15.44.01:260][887]LogModuleManager: Shutting down and abandoning module SubversionSourceControl (454)
[2025.12.20-15.44.01:261][887]LogModuleManager: Shutting down and abandoning module RiderSourceCodeAccess (452)
[2025.12.20-15.44.01:261][887]LogModuleManager: Shutting down and abandoning module PluginUtils (450)
[2025.12.20-15.44.01:262][887]LogModuleManager: Shutting down and abandoning module PlasticSourceControl (448)
[2025.12.20-15.44.01:262][887]LogModuleManager: Shutting down and abandoning module PerforceSourceControl (446)
[2025.12.20-15.44.01:263][887]LogModuleManager: Shutting down and abandoning module GitSourceControl (444)
[2025.12.20-15.44.01:264][887]LogModuleManager: Shutting down and abandoning module SourceControl (443)
[2025.12.20-15.44.01:264][887]LogModuleManager: Shutting down and abandoning module CLionSourceCodeAccess (440)
[2025.12.20-15.44.01:264][887]LogModuleManager: Shutting down and abandoning module AnimationSharingEd (438)
[2025.12.20-15.44.01:264][887]LogModuleManager: Shutting down and abandoning module LightPropagationVolumeEditor (436)
[2025.12.20-15.44.01:264][887]LogModuleManager: Shutting down and abandoning module OodleNetworkHandlerComponent (434)
[2025.12.20-15.44.01:264][887]LogModuleManager: Shutting down and abandoning module PaperTiledImporter (432)
[2025.12.20-15.44.01:264][887]LogModuleManager: Shutting down and abandoning module PaperSpriteSheetImporter (430)
[2025.12.20-15.44.01:264][887]LogModuleManager: Shutting down and abandoning module Paper2DEditor (428)
[2025.12.20-15.44.01:265][887]LogModuleManager: Shutting down and abandoning module LiveLinkSequencer (426)
[2025.12.20-15.44.01:265][887]LogModuleManager: Shutting down and abandoning module LiveLinkMovieScene (424)
[2025.12.20-15.44.01:265][887]LogModuleManager: Shutting down and abandoning module LiveLinkGraphNode (422)
[2025.12.20-15.44.01:265][887]LogModuleManager: Shutting down and abandoning module LiveLinkEditor (420)
[2025.12.20-15.44.01:266][887]LogModuleManager: Shutting down and abandoning module LiveLinkComponents (418)
[2025.12.20-15.44.01:266][887]LogModuleManager: Shutting down and abandoning module LiveLink (416)
[2025.12.20-15.44.01:464][887]LogModuleManager: Shutting down and abandoning module MeshPaintingToolset (414)
[2025.12.20-15.44.01:465][887]LogModuleManager: Shutting down and abandoning module MeshPaintEditorMode (412)
[2025.12.20-15.44.01:465][887]LogModuleManager: Shutting down and abandoning module SoundFields (410)
[2025.12.20-15.44.01:465][887]LogModuleManager: Shutting down and abandoning module RuntimePhysXCooking (408)
[2025.12.20-15.44.01:465][887]LogModuleManager: Shutting down and abandoning module SignificanceManager (406)
[2025.12.20-15.44.01:465][887]LogModuleManager: Shutting down and abandoning module PropertyAccessEditor (404)
[2025.12.20-15.44.01:466][887]LogModuleManager: Shutting down and abandoning module PhysXVehiclesEditor (402)
[2025.12.20-15.44.01:466][887]LogModuleManager: Shutting down and abandoning module LocationServicesBPLibrary (398)
[2025.12.20-15.44.01:466][887]LogModuleManager: Shutting down and abandoning module AudioSynesthesia (396)
[2025.12.20-15.44.01:466][887]LogModuleManager: Shutting down and abandoning module AudioSynesthesiaCore (394)
[2025.12.20-15.44.01:466][887]LogModuleManager: Shutting down and abandoning module PythonScriptPlugin (392)
[2025.12.20-15.44.01:466][887]LogModuleManager: Shutting down and abandoning module ActorSequence (390)
[2025.12.20-15.44.01:466][887]LogModuleManager: Shutting down and abandoning module ImgMediaEngine (388)
[2025.12.20-15.44.01:466][887]LogModuleManager: Shutting down and abandoning module MagicLeapARPin (386)
[2025.12.20-15.44.01:466][887]LogModuleManager: Shutting down and abandoning module MagicLeapHandMeshing (384)
[2025.12.20-15.44.01:466][887]LogModuleManager: Shutting down and abandoning module MagicLeapSecureStorage (382)
[2025.12.20-15.44.01:466][887]LogModuleManager: Shutting down and abandoning module MagicLeapPrivileges (380)
[2025.12.20-15.44.01:467][887]LogModuleManager: Shutting down and abandoning module MagicLeapPlanes (378)
[2025.12.20-15.44.01:468][887]LogMagicLeapPlanes: Planes tracker already destroyed.
[2025.12.20-15.44.01:468][887]LogModuleManager: Shutting down and abandoning module MagicLeapImageTracker (376)
[2025.12.20-15.44.01:468][887]LogModuleManager: Shutting down and abandoning module MagicLeapIdentity (374)
[2025.12.20-15.44.01:468][887]LogModuleManager: Shutting down and abandoning module MagicLeapHandTracking (372)
[2025.12.20-15.44.01:468][887]LogModuleManager: Shutting down and abandoning module MagicLeapEyeTracker (370)
[2025.12.20-15.44.01:468][887]LogModuleManager: Shutting down and abandoning module MagicLeapController (368)
[2025.12.20-15.44.01:468][887]LogModuleManager: Shutting down and abandoning module MagicLeapARPinImpl (366)
[2025.12.20-15.44.01:468][887]LogModuleManager: Shutting down and abandoning module MagicLeapAR (364)
[2025.12.20-15.44.01:468][887]LogModuleManager: Shutting down and abandoning module TcpMessaging (362)
[2025.12.20-15.44.01:568][887]LogModuleManager: Shutting down and abandoning module UdpMessaging (360)
[2025.12.20-15.44.01:669][887]LogModuleManager: Shutting down and abandoning module NiagaraAnimNotifies (358)
[2025.12.20-15.44.01:669][887]LogModuleManager: Shutting down and abandoning module Niagara (356)
[2025.12.20-15.44.01:671][887]LogModuleManager: Shutting down and abandoning module SignalProcessing (355)
[2025.12.20-15.44.01:671][887]LogModuleManager: Shutting down and abandoning module NiagaraEditor (353)
[2025.12.20-15.44.01:673][887]LogModuleManager: Shutting down and abandoning module NiagaraCore (350)
[2025.12.20-15.44.01:673][887]LogModuleManager: Shutting down and abandoning module GameplayTagsEditor (348)
[2025.12.20-15.44.01:674][887]LogModuleManager: Shutting down and abandoning module FacialAnimationEditor (346)
[2025.12.20-15.44.01:674][887]LogModuleManager: Shutting down and abandoning module FacialAnimation (344)
[2025.12.20-15.44.01:674][887]LogModuleManager: Shutting down and abandoning module DataValidation (342)
[2025.12.20-15.44.01:674][887]LogModuleManager: Shutting down and abandoning module AssetManagerEditor (340)
[2025.12.20-15.44.01:675][887]LogModuleManager: Shutting down and abandoning module LevelEditor (339)
[2025.12.20-15.44.01:679][887]LogModuleManager: Shutting down and abandoning module PixelInspectorModule (338)
[2025.12.20-15.44.01:680][887]LogModuleManager: Shutting down and abandoning module CommonMenuExtensions (336)
[2025.12.20-15.44.01:680][887]LogModuleManager: Shutting down and abandoning module MainFrame (334)
[2025.12.20-15.44.01:681][887]LogModuleManager: Shutting down and abandoning module HotReload (333)
[2025.12.20-15.44.01:682][887]LogModuleManager: Shutting down and abandoning module ToolMenus (329)
[2025.12.20-15.44.01:682][887]LogModuleManager: Shutting down and abandoning module ContentBrowser (327)
[2025.12.20-15.44.01:682][887]LogModuleManager: Shutting down and abandoning module ContentBrowserData (326)
[2025.12.20-15.44.01:682][887]LogModuleManager: Shutting down and abandoning module TreeMap (323)
[2025.12.20-15.44.01:683][887]LogModuleManager: Shutting down and abandoning module PropertyAccessNode (320)
[2025.12.20-15.44.01:683][887]LogModuleManager: Shutting down and abandoning module AnimationSharing (318)
[2025.12.20-15.44.01:683][887]LogModuleManager: Shutting down and abandoning module LightPropagationVolumeRuntime (316)
[2025.12.20-15.44.01:683][887]LogModuleManager: Shutting down and abandoning module GameplayCameras (314)
[2025.12.20-15.44.01:683][887]LogModuleManager: Shutting down and abandoning module Paper2D (312)
[2025.12.20-15.44.01:684][887]LogModuleManager: Shutting down and abandoning module EnvironmentQueryEditor (310)
[2025.12.20-15.44.01:685][887]LogModuleManager: Shutting down and abandoning module WindowsMoviePlayer (308)
[2025.12.20-15.44.01:688][887]LogModuleManager: Shutting down and abandoning module WebMMoviePlayer (306)
[2025.12.20-15.44.01:689][887]LogModuleManager: Shutting down and abandoning module NetworkReplayStreaming (304)
[2025.12.20-15.44.01:689][887]LogModuleManager: Shutting down and abandoning module PacketHandler (302)
[2025.12.20-15.44.01:689][887]LogModuleManager: Shutting down and abandoning module ClothingSystemEditor (300)
[2025.12.20-15.44.01:689][887]LogModuleManager: Shutting down and abandoning module ClothingSystemRuntimeNv (298)
[2025.12.20-15.44.01:690][887]LogModuleManager: Shutting down and abandoning module MediaAssets (296)
[2025.12.20-15.44.01:690][887]LogModuleManager: Shutting down and abandoning module Overlay (294)
[2025.12.20-15.44.01:690][887]LogModuleManager: Shutting down and abandoning module OverlayEditor (293)
[2025.12.20-15.44.01:690][887]LogModuleManager: Shutting down and abandoning module VREditor (290)
[2025.12.20-15.44.01:691][887]LogModuleManager: Shutting down and abandoning module StringTableEditor (288)
[2025.12.20-15.44.01:692][887]LogModuleManager: Shutting down and abandoning module GameplayTasksEditor (286)
[2025.12.20-15.44.01:692][887]LogModuleManager: Shutting down and abandoning module BehaviorTreeEditor (284)
[2025.12.20-15.44.01:694][887]LogModuleManager: Shutting down and abandoning module FunctionalTesting (282)
[2025.12.20-15.44.01:694][887]LogModuleManager: Shutting down and abandoning module CollisionAnalyzer (280)
[2025.12.20-15.44.01:695][887]LogModuleManager: Shutting down and abandoning module WorkspaceMenuStructure (279)
[2025.12.20-15.44.01:695][887]LogModuleManager: Shutting down and abandoning module UMG (276)
[2025.12.20-15.44.01:695][887]LogModuleManager: Shutting down and abandoning module UMGEditor (275)
[2025.12.20-15.44.01:696][887]LogModuleManager: Shutting down and abandoning module MessageLog (273)
[2025.12.20-15.44.01:696][887]LogModuleManager: Shutting down and abandoning module SlateReflector (268)
[2025.12.20-15.44.01:699][887]LogModuleManager: Shutting down and abandoning module Slate (266)
[2025.12.20-15.44.01:699][887]LogModuleManager: Shutting down and abandoning module SlateCore (264)
[2025.12.20-15.44.01:701][887]LogModuleManager: Shutting down and abandoning module LandscapeEditorUtilities (262)
[2025.12.20-15.44.01:701][887]LogModuleManager: Shutting down and abandoning module UnrealEd (260)
[2025.12.20-15.44.01:701][887]LogModuleManager: Shutting down and abandoning module MRMesh (258)
[2025.12.20-15.44.01:701][887]LogModuleManager: Shutting down and abandoning module SourceCodeAccess (256)
[2025.12.20-15.44.01:701][887]LogModuleManager: Shutting down and abandoning module HeadMountedDisplay (254)
[2025.12.20-15.44.01:701][887]LogModuleManager: Shutting down and abandoning module XAudio2 (252)
[2025.12.20-15.44.01:701][887]LogModuleManager: Shutting down and abandoning module Networking (250)
[2025.12.20-15.44.01:701][887]LogModuleManager: Shutting down and abandoning module Core (248)
[2025.12.20-15.44.01:701][887]LogModuleManager: Shutting down and abandoning module MaterialEditor (246)
[2025.12.20-15.44.01:701][887]LogModuleManager: Shutting down and abandoning module MovieSceneTools (244)
[2025.12.20-15.44.01:703][887]LogModuleManager: Shutting down and abandoning module CurveEditor (243)
[2025.12.20-15.44.01:705][887]LogModuleManager: Shutting down and abandoning module Sequencer (241)
[2025.12.20-15.44.01:707][887]LogModuleManager: Shutting down and abandoning module EditorStyle (240)
[2025.12.20-15.44.01:708][887]LogModuleManager: Shutting down and abandoning module KismetCompiler (236)
[2025.12.20-15.44.01:708][887]LogModuleManager: Shutting down and abandoning module MeshBuilder (234)
[2025.12.20-15.44.01:708][887]LogModuleManager: Shutting down and abandoning module MeshUtilities (232)
[2025.12.20-15.44.01:709][887]LogModuleManager: Shutting down and abandoning module MeshMergeUtilities (231)
[2025.12.20-15.44.01:710][887]LogModuleManager: Shutting down and abandoning module MeshReductionInterface (230)
[2025.12.20-15.44.01:710][887]LogModuleManager: Shutting down and abandoning module MeshBoneReduction (229)
[2025.12.20-15.44.01:710][887]LogModuleManager: Shutting down and abandoning module SkeletalMeshReduction (227)
[2025.12.20-15.44.01:710][887]LogModuleManager: Shutting down and abandoning module ProxyLODMeshReduction (225)
[2025.12.20-15.44.01:711][887]LogModuleManager: Shutting down and abandoning module QuadricMeshReduction (223)
[2025.12.20-15.44.01:712][887]LogModuleManager: Shutting down and abandoning module MaterialBaking (219)
[2025.12.20-15.44.01:713][887]LogModuleManager: Shutting down and abandoning module NullInstallBundleManager (214)
[2025.12.20-15.44.01:713][887]LogModuleManager: Shutting down and abandoning module DerivedDataCache (212)
[2025.12.20-15.44.01:713][887]LogModuleManager: Shutting down and abandoning module TargetPlatform (210)
[2025.12.20-15.44.01:714][887]LogModuleManager: Shutting down and abandoning module VulkanShaderFormat (209)
[2025.12.20-15.44.01:714][887]LogModuleManager: Shutting down and abandoning module ShaderFormatVectorVM (207)
[2025.12.20-15.44.01:715][887]LogModuleManager: Shutting down and abandoning module ShaderFormatOpenGL (205)
[2025.12.20-15.44.01:715][887]LogModuleManager: Shutting down and abandoning module ShaderFormatD3D (203)
[2025.12.20-15.44.01:715][887]LogModuleManager: Shutting down and abandoning module MetalShaderFormat (201)
[2025.12.20-15.44.01:716][887]LogModuleManager: Shutting down and abandoning module TextureFormatOodle (199)
[2025.12.20-15.44.01:717][887]LogModuleManager: Shutting down and abandoning module TextureFormatUncompressed (197)
[2025.12.20-15.44.01:717][887]LogModuleManager: Shutting down and abandoning module TextureFormatPVR (195)
[2025.12.20-15.44.01:717][887]LogModuleManager: Shutting down and abandoning module TextureFormatETC2 (193)
[2025.12.20-15.44.01:717][887]LogModuleManager: Shutting down and abandoning module TextureFormatDXT (191)
[2025.12.20-15.44.01:717][887]LogModuleManager: Shutting down and abandoning module TextureFormatIntelISPCTexComp (189)
[2025.12.20-15.44.01:717][887]LogModuleManager: Shutting down and abandoning module TextureFormatASTC (187)
[2025.12.20-15.44.01:717][887]LogModuleManager: Shutting down and abandoning module ImageWrapper (186)
[2025.12.20-15.44.01:717][887]LogModuleManager: Shutting down and abandoning module AudioFormatOpus (183)
[2025.12.20-15.44.01:717][887]LogModuleManager: Shutting down and abandoning module AudioFormatOgg (181)
[2025.12.20-15.44.01:717][887]LogModuleManager: Shutting down and abandoning module AudioFormatADPCM (179)
[2025.12.20-15.44.01:717][887]LogModuleManager: Shutting down and abandoning module WindowsServerTargetPlatform (177)
[2025.12.20-15.44.01:717][887]LogModuleManager: Shutting down and abandoning module WindowsClientTargetPlatform (175)
[2025.12.20-15.44.01:717][887]LogModuleManager: Shutting down and abandoning module WindowsTargetPlatform (173)
[2025.12.20-15.44.01:717][887]LogModuleManager: Shutting down and abandoning module WindowsNoEditorTargetPlatform (171)
[2025.12.20-15.44.01:717][887]LogModuleManager: Shutting down and abandoning module TVOSTargetPlatform (169)
[2025.12.20-15.44.01:718][887]LogModuleManager: Shutting down and abandoning module MacServerTargetPlatform (167)
[2025.12.20-15.44.01:718][887]LogModuleManager: Shutting down and abandoning module MacClientTargetPlatform (165)
[2025.12.20-15.44.01:718][887]LogModuleManager: Shutting down and abandoning module MacTargetPlatform (163)
[2025.12.20-15.44.01:718][887]LogModuleManager: Shutting down and abandoning module MacNoEditorTargetPlatform (161)
[2025.12.20-15.44.01:718][887]LogModuleManager: Shutting down and abandoning module LuminTargetPlatform (159)
[2025.12.20-15.44.01:719][887]LogModuleManager: Shutting down and abandoning module LinuxAArch64ServerTargetPlatform (157)
[2025.12.20-15.44.01:719][887]LogModuleManager: Shutting down and abandoning module LinuxAArch64ClientTargetPlatform (155)
[2025.12.20-15.44.01:719][887]LogModuleManager: Shutting down and abandoning module LinuxAArch64NoEditorTargetPlatform (153)
[2025.12.20-15.44.01:719][887]LogModuleManager: Shutting down and abandoning module LinuxServerTargetPlatform (151)
[2025.12.20-15.44.01:719][887]LogModuleManager: Shutting down and abandoning module LinuxClientTargetPlatform (149)
[2025.12.20-15.44.01:719][887]LogModuleManager: Shutting down and abandoning module LinuxNoEditorTargetPlatform (147)
[2025.12.20-15.44.01:719][887]LogModuleManager: Shutting down and abandoning module LinuxTargetPlatform (145)
[2025.12.20-15.44.01:719][887]LogModuleManager: Shutting down and abandoning module Messaging (143)
[2025.12.20-15.44.01:719][887]LogModuleManager: Shutting down and abandoning module IOSTargetPlatform (141)
[2025.12.20-15.44.01:720][887]LogModuleManager: Shutting down and abandoning module AndroidTargetPlatform (139)
[2025.12.20-15.44.01:722][887]LogModuleManager: Shutting down and abandoning module AllDesktopTargetPlatform (137)
[2025.12.20-15.44.01:722][887]LogModuleManager: Shutting down and abandoning module D3D11RHI (134)
[2025.12.20-15.44.01:722][887]LogModuleManager: Shutting down and abandoning module InputCore (132)
[2025.12.20-15.44.01:722][887]LogModuleManager: Shutting down and abandoning module Settings (130)
[2025.12.20-15.44.01:722][887]LogModuleManager: Shutting down and abandoning module DirectoryWatcher (128)
[2025.12.20-15.44.01:723][887]LogModuleManager: Shutting down and abandoning module PhysXCooking (126)
[2025.12.20-15.44.01:723][887]LogModuleManager: Shutting down and abandoning module Chaos (124)
[2025.12.20-15.44.01:723][887]LogModuleManager: Shutting down and abandoning module WindowsPlatformFeatures (122)
[2025.12.20-15.44.01:723][887]LogModuleManager: Shutting down and abandoning module GameplayMediaEncoder (121)
[2025.12.20-15.44.01:723][887]LogModuleManager: Shutting down and abandoning module AVEncoder (120)
[2025.12.20-15.44.01:724][887]LogModuleManager: Shutting down and abandoning module SteamVRInputDevice (116)
[2025.12.20-15.44.01:724][887]LogModuleManager: Shutting down and abandoning module SteamVRInput (114)
[2025.12.20-15.44.01:724][887]LogModuleManager: Shutting down and abandoning module SteamVR (112)
[2025.12.20-15.44.01:724][887]LogHMD: Freeing OpenVRDLLHandle.
[2025.12.20-15.44.01:724][887]LogModuleManager: Shutting down and abandoning module OculusHMD (110)
[2025.12.20-15.44.01:725][887]LogModuleManager: Shutting down and abandoning module OpenXREyeTracker (108)
[2025.12.20-15.44.01:725][887]LogModuleManager: Shutting down and abandoning module OpenXRHandTracking (106)
[2025.12.20-15.44.01:725][887]LogSlate: Slate User Destroyed.  User Index 0, Is Virtual User: 0
[2025.12.20-15.44.01:725][887]LogModuleManager: Shutting down and abandoning module OpenXRAR (104)
[2025.12.20-15.44.01:726][887]LogModuleManager: Shutting down and abandoning module AugmentedReality (103)
[2025.12.20-15.44.01:726][887]LogModuleManager: Shutting down and abandoning module OpenXRHMD (100)
[2025.12.20-15.44.01:727][887]LogModuleManager: Shutting down and abandoning module ExampleDeviceProfileSelector (98)
[2025.12.20-15.44.01:727][887]LogModuleManager: Shutting down and abandoning module ChunkDownloader (96)
[2025.12.20-15.44.01:728][887]LogModuleManager: Shutting down and abandoning module OnlineBlueprintSupport (94)
[2025.12.20-15.44.01:728][887]LogModuleManager: Shutting down and abandoning module OnlineSubsystem (90)
[2025.12.20-15.44.01:729][887]LogModuleManager: Shutting down and abandoning module XMPP (85)
[2025.12.20-15.44.01:731][887]LogModuleManager: Shutting down and abandoning module WebSockets (84)
[2025.12.20-15.44.01:745][887]LogModuleManager: Shutting down and abandoning module HTTP (81)
[2025.12.20-15.44.01:745][887]LogHttp: Display: Http module shutting down, but needs to wait on 1 outstanding Http requests:
[2025.12.20-15.44.01:745][887]LogHttp: Display: 	verb=[POST] url=[https://datarouter.ol.epicgames.com/datarouter/api/v1/public/data?SessionID=%7B33351808-4477-A151-505B-2D9F5A7DED87%7D&AppID=UEEditor.Rocket.Release&AppVersion=4.27.2-18319896%2B%2B%2BUE4%2BRelease-4.27&UserID=b04b7cc342cbf28028732289d7babebf%7C984fab8377564a2eb8bdb4af4726766f%7C7b2af634-a612-4e7f-9a50-30bec8fc931d&AppEnvironment=datacollector-binary&UploadType=eteventstream] refs=[1] status=Processing
[2025.12.20-15.44.01:745][887]LogHttp: Display: cleaning up 1 outstanding Http requests.
[2025.12.20-15.44.01:760][887]LogModuleManager: Shutting down and abandoning module SSL (80)
[2025.12.20-15.44.01:761][887]LogModuleManager: Shutting down and abandoning module LauncherChunkInstaller (76)
[2025.12.20-15.44.01:761][887]LogModuleManager: Shutting down and abandoning module ChaosCloth (74)
[2025.12.20-15.44.01:762][887]LogModuleManager: Shutting down and abandoning module WmfMedia (72)
[2025.12.20-15.44.01:766][887]LogModuleManager: Shutting down and abandoning module Media (71)
[2025.12.20-15.44.01:766][887]LogModuleManager: Shutting down and abandoning module MediaInfo (70)
[2025.12.20-15.44.01:766][887]LogModuleManager: Shutting down and abandoning module ExrReaderGpu (66)
[2025.12.20-15.44.01:767][887]LogModuleManager: Shutting down and abandoning module MLSDK (64)
[2025.12.20-15.44.01:768][887]LogModuleManager: Shutting down and abandoning module MagicLeap (62)
[2025.12.20-15.44.01:768][887]LogModuleManager: Shutting down and abandoning module VariantManagerContent (60)
[2025.12.20-15.44.01:768][887]LogModuleManager: Shutting down and abandoning module NiagaraVertexFactories (58)
[2025.12.20-15.44.01:768][887]LogModuleManager: Shutting down and abandoning module NiagaraShader (56)
[2025.12.20-15.44.01:768][887]LogModuleManager: Shutting down and abandoning module DatasmithContent (54)
[2025.12.20-15.44.01:768][887]LogModuleManager: Shutting down and abandoning module PixWinPlugin (52)
[2025.12.20-15.44.01:769][887]LogModuleManager: Shutting down and abandoning module AISupportModule (50)
[2025.12.20-15.44.01:769][887]LogModuleManager: Shutting down and abandoning module DesktopPlatform (48)
[2025.12.20-15.44.01:769][887]LogModuleManager: Shutting down and abandoning module PythonScriptPluginPreload (46)
[2025.12.20-15.44.01:769][887]LogModuleManager: Shutting down and abandoning module PlatformCryptoOpenSSL (44)
[2025.12.20-15.44.01:769][887]LogModuleManager: Shutting down and abandoning module PlatformCryptoTypes (42)
[2025.12.20-15.44.01:769][887]LogModuleManager: Shutting down and abandoning module PlatformCrypto (40)
[2025.12.20-15.44.01:769][887]LogModuleManager: Shutting down and abandoning module OodleDataCompressionFormat (38)
[2025.12.20-15.44.01:769][887]LogModuleManager: Shutting down and abandoning module XGEController (36)
[2025.12.20-15.44.01:770][887]LogXGEController: Cleaning working directory: C:/Users/Владислав/AppData/Local/Temp/UnrealXGEWorkingDir/
[2025.12.20-15.44.01:770][887]LogModuleManager: Shutting down and abandoning module AnimationModifiers (34)
[2025.12.20-15.44.01:770][887]LogModuleManager: Shutting down and abandoning module AudioEditor (32)
[2025.12.20-15.44.01:773][887]LogModuleManager: Shutting down and abandoning module PropertyEditor (31)
[2025.12.20-15.44.01:773][887]LogModuleManager: Shutting down and abandoning module TextureCompressor (28)
[2025.12.20-15.44.01:774][887]LogModuleManager: Shutting down and abandoning module RenderCore (26)
[2025.12.20-15.44.01:774][887]LogModuleManager: Shutting down and abandoning module Landscape (24)
[2025.12.20-15.44.01:774][887]LogModuleManager: Shutting down and abandoning module SlateRHIRenderer (22)
[2025.12.20-15.44.01:776][887]LogModuleManager: Shutting down and abandoning module AnimGraphRuntime (20)
[2025.12.20-15.44.01:777][887]LogModuleManager: Shutting down and abandoning module Renderer (18)
[2025.12.20-15.44.01:777][887]LogModuleManager: Shutting down and abandoning module Engine (16)
[2025.12.20-15.44.01:777][887]LogModuleManager: Shutting down and abandoning module CoreUObject (14)
[2025.12.20-15.44.01:777][887]LogModuleManager: Shutting down and abandoning module NetworkFile (12)
[2025.12.20-15.44.01:778][887]LogModuleManager: Shutting down and abandoning module CookedIterativeFile (10)
[2025.12.20-15.44.01:778][887]LogModuleManager: Shutting down and abandoning module StreamingFile (8)
[2025.12.20-15.44.01:778][887]LogModuleManager: Shutting down and abandoning module SandboxFile (6)
[2025.12.20-15.44.01:778][887]LogModuleManager: Shutting down and abandoning module PakFile (4)
[2025.12.20-15.44.01:778][887]LogModuleManager: Shutting down and abandoning module RSA (3)
[2025.12.20-15.44.01:779][887]LogContentStreaming: Display: There are 1 unreleased StreamingManagers
[2025.12.20-15.44.01:790][887]LogD3D11RHI: Shutdown
[2025.12.20-15.44.01:790][887]LogD3D11RHI: CleanupD3DDevice
[2025.12.20-15.44.01:794][887]LogExit: Exiting.
[2025.12.20-15.44.01:805][887]Log file closed, 12/20/25 18:44:01
