Log file open, 12/21/25 15:28:35
LogWindows: Failed to load 'aqProf.dll' (GetLastError=126)
LogWindows: File 'aqProf.dll' does not exist
LogWindows: Failed to load 'VtuneApi.dll' (GetLastError=126)
LogWindows: File 'VtuneApi.dll' does not exist
LogWindows: Failed to load 'VtuneApi32e.dll' (GetLastError=126)
LogWindows: File 'VtuneApi32e.dll' does not exist
LogConsoleResponse: Display: Failed to find resolution value strings in scalability ini. Falling back to default.
LogConsoleResponse: Display: Failed to find resolution value strings in scalability ini. Falling back to default.
LogInit: Display: Running engine for game: Mini_laboratory
LogPlatformFile: Not using cached read wrapper
LogTaskGraph: Started task graph with 5 named threads and 23 total threads with 3 sets of task threads.
LogStats: Stats thread started at 1.320696
LogICUInternationalization: ICU TimeZone Detection - Raw Offset: +3:00, Platform Override: ''
LogInit: Display: Loading text-based GConfig....
LogPluginManager: Mounting plugin MeshPainting
LogPluginManager: Mounting plugin XGEController
LogPluginManager: Mounting plugin AISupport
LogPluginManager: Mounting plugin EnvironmentQueryEditor
LogPluginManager: Mounting plugin LiveLink
LogPluginManager: Mounting plugin CameraShakePreviewer
LogPluginManager: Mounting plugin LightPropagationVolume
LogPluginManager: Mounting plugin Paper2D
LogPluginManager: Mounting plugin GameplayCameras
LogPluginManager: Mounting plugin OodleData
LogPluginManager: Mounting plugin OodleNetwork
LogPluginManager: Mounting plugin AssetManagerEditor
LogPluginManager: Mounting plugin CryptoKeys
LogPluginManager: Mounting plugin CurveEditorTools
LogPluginManager: Mounting plugin FacialAnimation
LogPluginManager: Mounting plugin DataValidation
LogPluginManager: Mounting plugin GameplayTagsEditor
LogPluginManager: Mounting plugin GeometryMode
LogPluginManager: Mounting plugin MacGraphicsSwitching
LogPluginManager: Mounting plugin MaterialAnalyzer
LogPluginManager: Mounting plugin MobileLauncherProfileWizard
LogPluginManager: Mounting plugin SpeedTreeImporter
LogPluginManager: Mounting plugin AnimationSharing
LogPluginManager: Mounting plugin PluginBrowser
LogPluginManager: Mounting plugin CodeLiteSourceCodeAccess
LogPluginManager: Mounting plugin CLionSourceCodeAccess
LogPluginManager: Mounting plugin KDevelopSourceCodeAccess
LogPluginManager: Mounting plugin GitSourceControl
LogPluginManager: Mounting plugin PerforceSourceControl
LogPluginManager: Mounting plugin NullSourceCodeAccess
LogPluginManager: Mounting plugin PixWinPlugin
LogPluginManager: Mounting plugin PlasticSourceControl
LogPluginManager: Mounting plugin PluginUtils
LogPluginManager: Mounting plugin PropertyAccessNode
LogPluginManager: Mounting plugin SubversionSourceControl
LogPluginManager: Mounting plugin RiderSourceCodeAccess
LogPluginManager: Mounting plugin TextureFormatOodle
LogPluginManager: Mounting plugin UObjectPlugin
LogPluginManager: Mounting plugin VisualStudioCodeSourceCodeAccess
LogPluginManager: Mounting plugin XCodeSourceCodeAccess
LogPluginManager: Mounting plugin VisualStudioSourceCodeAccess
LogPluginManager: Mounting plugin LuminPlatformFeatures
LogPluginManager: Mounting plugin Niagara
LogPluginManager: Mounting plugin MagicLeapMedia
LogPluginManager: Mounting plugin MagicLeap
LogPluginManager: Mounting plugin MagicLeapLightEstimation
LogPluginManager: Mounting plugin MLSDK
LogPluginManager: Mounting plugin MagicLeapPassableWorld
LogPluginManager: Mounting plugin DatasmithContent
LogPluginManager: Mounting plugin VariantManagerContent
LogPluginManager: Mounting plugin TcpMessaging
LogPluginManager: Mounting plugin UdpMessaging
LogPluginManager: Mounting plugin BackChannel
LogPluginManager: Mounting plugin AlembicImporter
LogPluginManager: Mounting plugin AutomationUtils
LogPluginManager: Mounting plugin ChaosCloth
LogPluginManager: Mounting plugin ChaosSolverPlugin
LogPluginManager: Mounting plugin ChaosClothEditor
LogPluginManager: Mounting plugin ChaosEditor
LogPluginManager: Mounting plugin CharacterAI
LogPluginManager: Mounting plugin ChaosNiagara
LogPluginManager: Mounting plugin GeometryCache
LogPluginManager: Mounting plugin LauncherChunkInstaller
LogPluginManager: Mounting plugin GeometryCollectionPlugin
LogPluginManager: Mounting plugin AndroidMedia
LogPluginManager: Mounting plugin AvfMedia
LogPluginManager: Mounting plugin MediaCompositing
LogPluginManager: Mounting plugin ImgMedia
LogPluginManager: Mounting plugin MediaPlayerEditor
LogPluginManager: Mounting plugin ActorSequence
LogPluginManager: Mounting plugin WebMMedia
LogPluginManager: Mounting plugin WmfMedia
LogPluginManager: Mounting plugin LevelSequenceEditor
LogPluginManager: Mounting plugin MatineeToLevelSequence
LogPluginManager: Mounting plugin TemplateSequence
LogPluginManager: Mounting plugin OnlineSubsystem
LogPluginManager: Mounting plugin OnlineSubsystemNull
LogPluginManager: Mounting plugin OnlineSubsystemUtils
LogPluginManager: Mounting plugin GeometryProcessing
LogPluginManager: Mounting plugin OpenImageDenoise
LogPluginManager: Mounting plugin PlanarCut
LogPluginManager: Mounting plugin PlatformCrypto
LogPluginManager: Mounting plugin MotoSynth
LogPluginManager: Mounting plugin ProxyLODPlugin
LogPluginManager: Mounting plugin PythonScriptPlugin
LogPluginManager: Mounting plugin SkeletalReduction
LogPluginManager: Mounting plugin ActorLayerUtilities
LogPluginManager: Mounting plugin AndroidDeviceProfileSelector
LogPluginManager: Mounting plugin AndroidPermission
LogPluginManager: Mounting plugin AndroidMoviePlayer
LogPluginManager: Mounting plugin AppleMoviePlayer
LogPluginManager: Mounting plugin AppleImageUtils
LogPluginManager: Mounting plugin ArchVisCharacter
LogPluginManager: Mounting plugin AudioCapture
LogPluginManager: Mounting plugin AssetTags
LogPluginManager: Mounting plugin AudioSynesthesia
LogPluginManager: Mounting plugin ChunkDownloader
LogPluginManager: Mounting plugin CableComponent
LogPluginManager: Mounting plugin ScreenshotTools
LogPluginManager: Mounting plugin CustomMeshComponent
LogPluginManager: Mounting plugin EditableMesh
LogPluginManager: Mounting plugin ExampleDeviceProfileSelector
LogPluginManager: Mounting plugin GoogleCloudMessaging
LogPluginManager: Mounting plugin GooglePAD
LogPluginManager: Mounting plugin Takes
LogPluginManager: Mounting plugin IOSDeviceProfileSelector
LogPluginManager: Mounting plugin LinuxDeviceProfileSelector
LogPluginManager: Mounting plugin LocationServicesBPLibrary
LogPluginManager: Mounting plugin MobilePatchingUtils
LogPluginManager: Mounting plugin OpenXR
LogPluginManager: Mounting plugin OpenXREyeTracker
LogPluginManager: Mounting plugin OpenXRHandTracking
LogPluginManager: Mounting plugin PhysXVehicles
LogPluginManager: Mounting plugin PostSplashScreen
LogPluginManager: Mounting plugin ProceduralMeshComponent
LogPluginManager: Mounting plugin PropertyAccessEditor
LogPluginManager: Mounting plugin RuntimePhysXCooking
LogPluginManager: Mounting plugin SignificanceManager
LogPluginManager: Mounting plugin SoundFields
LogPluginManager: Mounting plugin Synthesis
LogPluginManager: Mounting plugin WebMMoviePlayer
LogPluginManager: Mounting plugin WindowsMoviePlayer
LogPluginManager: Mounting plugin ContentBrowserAssetDataSource
LogPluginManager: Mounting plugin ContentBrowserClassDataSource
LogPluginManager: Mounting plugin ContentBrowserFileDataSource
LogPluginManager: Mounting plugin OnlineSubsystemGooglePlay
LogPluginManager: Mounting plugin OnlineSubsystemIOS
LogPluginManager: Mounting plugin OculusVR
LogPluginManager: Mounting plugin SteamVR
PixWinPlugin: PIX capture plugin failed to initialize! Check that the process is launched from PIX.
LogInit: Using libcurl 7.55.1-DEV
LogInit:  - built for x86_64-pc-win32
LogInit:  - supports SSL with OpenSSL/1.1.1
LogInit:  - supports HTTP deflate (compression) using libz 1.2.8
LogInit:  - other features:
LogInit:      CURL_VERSION_SSL
LogInit:      CURL_VERSION_LIBZ
LogInit:      CURL_VERSION_IPV6
LogInit:      CURL_VERSION_ASYNCHDNS
LogInit:      CURL_VERSION_LARGEFILE
LogInit:      CURL_VERSION_IDN
LogInit:  CurlRequestOptions (configurable via config and command line):
LogInit:  - bVerifyPeer = true  - Libcurl will verify peer certificate
LogInit:  - bUseHttpProxy = false  - Libcurl will NOT use HTTP proxy
LogInit:  - bDontReuseConnections = false  - Libcurl will reuse connections
LogInit:  - MaxHostConnections = 16  - Libcurl will limit the number of connections to a host
LogInit:  - LocalHostAddr = Default
LogInit:  - BufferSize = 65536
LogOnline: OSS: Creating online subsystem instance for: NULL
LogInit: WinSock: version 1.1 (2.2), MaxSocks=32767, MaxUdp=65467
LogOnline: OSS: TryLoadSubsystemAndSetDefault: Loaded subsystem for module [NULL]
LogOculusPluginWrapper: OculusPlugin initialized successfully
LogHMD: Failed initializing OVRPlugin 1.59.0
LogInit: Build: ++UE4+Release-4.27-CL-18319896
LogInit: Engine Version: 4.27.2-18319896+++UE4+Release-4.27
LogInit: Compatible Engine Version: 4.27.0-17155196+++UE4+Release-4.27
LogInit: Net CL: 17155196
LogInit: OS: Windows 10 (Release 2009) (), CPU: Intel(R) Core(TM) i5-10300H CPU @ 2.50GHz, GPU: Intel(R) UHD Graphics
LogInit: Compiled (64-bit): Nov 30 2021 07:12:08
LogInit: Compiled with Visual C++: 19.24.28315.00
LogInit: Build Configuration: Development
LogInit: Branch Name: ++UE4+Release-4.27
LogInit: Command Line: 
LogInit: Base Directory: D:/Progams on PC/Unreal/UE_4.27/Engine/Binaries/Win64/
LogInit: Allocator: TBB
LogInit: Installed Engine Build: 1
LogDevObjectVersion: Number of dev versions registered: 29
LogDevObjectVersion:   Dev-Blueprints (B0D832E4-1F89-4F0D-ACCF-7EB736FD4AA2): 10
LogDevObjectVersion:   Dev-Build (E1C64328-A22C-4D53-A36C-8E866417BD8C): 0
LogDevObjectVersion:   Dev-Core (375EC13C-06E4-48FB-B500-84F0262A717E): 4
LogDevObjectVersion:   Dev-Editor (E4B068ED-F494-42E9-A231-DA0B2E46BB41): 40
LogDevObjectVersion:   Dev-Framework (CFFC743F-43B0-4480-9391-14DF171D2073): 37
LogDevObjectVersion:   Dev-Mobile (B02B49B5-BB20-44E9-A304-32B752E40360): 3
LogDevObjectVersion:   Dev-Networking (A4E4105C-59A1-49B5-A7C5-40C4547EDFEE): 0
LogDevObjectVersion:   Dev-Online (39C831C9-5AE6-47DC-9A44-9C173E1C8E7C): 0
LogDevObjectVersion:   Dev-Physics (78F01B33-EBEA-4F98-B9B4-84EACCB95AA2): 14
LogDevObjectVersion:   Dev-Platform (6631380F-2D4D-43E0-8009-CF276956A95A): 0
LogDevObjectVersion:   Dev-Rendering (12F88B9F-8875-4AFC-A67C-D90C383ABD29): 45
LogDevObjectVersion:   Dev-Sequencer (7B5AE74C-D270-4C10-A958-57980B212A5A): 13
LogDevObjectVersion:   Dev-VR (D7296918-1DD6-4BDD-9DE2-64A83CC13884): 3
LogDevObjectVersion:   Dev-LoadTimes (C2A15278-BFE7-4AFE-6C17-90FF531DF755): 1
LogDevObjectVersion:   Private-Geometry (6EACA3D4-40EC-4CC1-B786-8BED09428FC5): 3
LogDevObjectVersion:   Dev-AnimPhys (29E575DD-E0A3-4627-9D10-D276232CDCEA): 17
LogDevObjectVersion:   Dev-Anim (AF43A65D-7FD3-4947-9873-3E8ED9C1BB05): 15
LogDevObjectVersion:   Dev-ReflectionCapture (6B266CEC-1EC7-4B8F-A30B-E4D90942FC07): 1
LogDevObjectVersion:   Dev-Automation (0DF73D61-A23F-47EA-B727-89E90C41499A): 1
LogDevObjectVersion:   FortniteMain (601D1886-AC64-4F84-AA16-D3DE0DEAC7D6): 47
LogDevObjectVersion:   FortniteRelease (E7086368-6B23-4C58-8439-1B7016265E91): 1
LogDevObjectVersion:   Dev-Enterprise (9DFFBCD6-494F-0158-E221-12823C92A888): 10
LogDevObjectVersion:   Dev-Niagara (F2AED0AC-9AFE-416F-8664-AA7FFA26D6FC): 1
LogDevObjectVersion:   Dev-Destruction (174F1F0B-B4C6-45A5-B13F-2EE8D0FB917D): 10
LogDevObjectVersion:   Dev-Physics-Ext (35F94A83-E258-406C-A318-09F59610247C): 41
LogDevObjectVersion:   Dev-PhysicsMaterial-Chaos (B68FC16E-8B1B-42E2-B453-215C058844FE): 1
LogDevObjectVersion:   Dev-CineCamera (B2E18506-4273-CFC2-A54E-F4BB758BBA07): 1
LogDevObjectVersion:   Dev-VirtualProduction (64F58936-FD1B-42BA-BA96-7289D5D0FA4E): 1
LogDevObjectVersion:   Dev-MediaFramework (6F0ED827-A609-4895-9C91-998D90180EA4): 2
LogInit: Presizing for max 25165824 objects, including 0 objects not considered by GC, pre-allocating 0 bytes for permanent pool.
LogConfig: Applying CVar settings from Section [/Script/Engine.StreamingSettings] File [D:/WORKPLACE/Mini_laboratory/MEPhI_VR_term_1/Mini_laboratory/Saved/Config/Windows/Engine.ini]
LogConfig: Setting CVar [[s.MinBulkDataSizeForAsyncLoading:131072]]
LogConfig: Setting CVar [[s.AsyncLoadingThreadEnabled:0]]
LogConfig: Setting CVar [[s.EventDrivenLoaderEnabled:1]]
LogConfig: Setting CVar [[s.WarnIfTimeLimitExceeded:0]]
LogConfig: Setting CVar [[s.TimeLimitExceededMultiplier:1.5]]
LogConfig: Setting CVar [[s.TimeLimitExceededMinTime:0.005]]
LogConfig: Setting CVar [[s.UseBackgroundLevelStreaming:1]]
LogConfig: Setting CVar [[s.PriorityAsyncLoadingExtraTime:15.0]]
LogConfig: Setting CVar [[s.LevelStreamingActorsUpdateTimeLimit:5.0]]
LogConfig: Setting CVar [[s.PriorityLevelStreamingActorsUpdateExtraTime:5.0]]
LogConfig: Setting CVar [[s.LevelStreamingComponentsRegistrationGranularity:10]]
LogConfig: Setting CVar [[s.UnregisterComponentsTimeLimit:1.0]]
LogConfig: Setting CVar [[s.LevelStreamingComponentsUnregistrationGranularity:5]]
LogConfig: Setting CVar [[s.FlushStreamingOnExit:1]]
LogInit: Object subsystem initialized
LogConfig: Setting CVar [[con.DebugEarlyDefault:1]]
LogConfig: Setting CVar [[r.setres:1280x720]]
[2025.12.21-12.28.42:157][  0]LogConfig: Setting CVar [[r.VSync:0]]
[2025.12.21-12.28.42:157][  0]LogConfig: Setting CVar [[r.RHICmdBypass:0]]
[2025.12.21-12.28.42:158][  0]LogConfig: Applying CVar settings from Section [/Script/Engine.RendererSettings] File [D:/WORKPLACE/Mini_laboratory/MEPhI_VR_term_1/Mini_laboratory/Saved/Config/Windows/Engine.ini]
[2025.12.21-12.28.42:158][  0]LogConfig: Setting CVar [[r.GPUCrashDebugging:0]]
[2025.12.21-12.28.42:158][  0]LogConfig: Applying CVar settings from Section [/Script/Engine.RendererOverrideSettings] File [D:/WORKPLACE/Mini_laboratory/MEPhI_VR_term_1/Mini_laboratory/Saved/Config/Windows/Engine.ini]
[2025.12.21-12.28.42:158][  0]LogConfig: Applying CVar settings from Section [/Script/Engine.StreamingSettings] File [D:/WORKPLACE/Mini_laboratory/MEPhI_VR_term_1/Mini_laboratory/Saved/Config/Windows/Engine.ini]
[2025.12.21-12.28.42:158][  0]LogConfig: Setting CVar [[s.MinBulkDataSizeForAsyncLoading:131072]]
[2025.12.21-12.28.42:158][  0]LogConfig: Setting CVar [[s.AsyncLoadingThreadEnabled:0]]
[2025.12.21-12.28.42:158][  0]LogConfig: Setting CVar [[s.EventDrivenLoaderEnabled:1]]
[2025.12.21-12.28.42:158][  0]LogConfig: Setting CVar [[s.WarnIfTimeLimitExceeded:0]]
[2025.12.21-12.28.42:158][  0]LogConfig: Setting CVar [[s.TimeLimitExceededMultiplier:1.5]]
[2025.12.21-12.28.42:158][  0]LogConfig: Setting CVar [[s.TimeLimitExceededMinTime:0.005]]
[2025.12.21-12.28.42:158][  0]LogConfig: Setting CVar [[s.UseBackgroundLevelStreaming:1]]
[2025.12.21-12.28.42:158][  0]LogConfig: Setting CVar [[s.PriorityAsyncLoadingExtraTime:15.0]]
[2025.12.21-12.28.42:158][  0]LogConfig: Setting CVar [[s.LevelStreamingActorsUpdateTimeLimit:5.0]]
[2025.12.21-12.28.42:158][  0]LogConfig: Setting CVar [[s.PriorityLevelStreamingActorsUpdateExtraTime:5.0]]
[2025.12.21-12.28.42:158][  0]LogConfig: Setting CVar [[s.LevelStreamingComponentsRegistrationGranularity:10]]
[2025.12.21-12.28.42:158][  0]LogConfig: Setting CVar [[s.UnregisterComponentsTimeLimit:1.0]]
[2025.12.21-12.28.42:158][  0]LogConfig: Setting CVar [[s.LevelStreamingComponentsUnregistrationGranularity:5]]
[2025.12.21-12.28.42:158][  0]LogConfig: Setting CVar [[s.FlushStreamingOnExit:1]]
[2025.12.21-12.28.42:158][  0]LogConfig: Applying CVar settings from Section [/Script/Engine.GarbageCollectionSettings] File [D:/WORKPLACE/Mini_laboratory/MEPhI_VR_term_1/Mini_laboratory/Saved/Config/Windows/Engine.ini]
[2025.12.21-12.28.42:158][  0]LogConfig: Setting CVar [[gc.MaxObjectsNotConsideredByGC:1]]
[2025.12.21-12.28.42:158][  0]LogConfig: Setting CVar [[gc.SizeOfPermanentObjectPool:0]]
[2025.12.21-12.28.42:158][  0]LogConfig: Setting CVar [[gc.FlushStreamingOnGC:0]]
[2025.12.21-12.28.42:158][  0]LogConfig: Setting CVar [[gc.NumRetriesBeforeForcingGC:10]]
[2025.12.21-12.28.42:158][  0]LogConfig: Setting CVar [[gc.AllowParallelGC:1]]
[2025.12.21-12.28.42:158][  0]LogConfig: Setting CVar [[gc.TimeBetweenPurgingPendingKillObjects:61.1]]
[2025.12.21-12.28.42:158][  0]LogConfig: Setting CVar [[gc.MaxObjectsInEditor:25165824]]
[2025.12.21-12.28.42:158][  0]LogConfig: Setting CVar [[gc.IncrementalBeginDestroyEnabled:1]]
[2025.12.21-12.28.42:158][  0]LogConfig: Setting CVar [[gc.CreateGCClusters:1]]
[2025.12.21-12.28.42:158][  0]LogConfig: Setting CVar [[gc.MinGCClusterSize:5]]
[2025.12.21-12.28.42:158][  0]LogConfig: Setting CVar [[gc.ActorClusteringEnabled:0]]
[2025.12.21-12.28.42:158][  0]LogConfig: Setting CVar [[gc.BlueprintClusteringEnabled:0]]
[2025.12.21-12.28.42:158][  0]LogConfig: Setting CVar [[gc.UseDisregardForGCOnDedicatedServers:0]]
[2025.12.21-12.28.42:158][  0]LogConfig: Setting CVar [[gc.MultithreadedDestructionEnabled:1]]
[2025.12.21-12.28.42:158][  0]LogConfig: Applying CVar settings from Section [/Script/Engine.NetworkSettings] File [D:/WORKPLACE/Mini_laboratory/MEPhI_VR_term_1/Mini_laboratory/Saved/Config/Windows/Engine.ini]
[2025.12.21-12.28.42:158][  0]LogConfig: Applying CVar settings from Section [/Script/UnrealEd.CookerSettings] File [D:/WORKPLACE/Mini_laboratory/MEPhI_VR_term_1/Mini_laboratory/Saved/Config/Windows/Engine.ini]
[2025.12.21-12.28.42:197][  0]LogConfig: Applying CVar settings from Section [ViewDistanceQuality@3] File [D:/WORKPLACE/Mini_laboratory/MEPhI_VR_term_1/Mini_laboratory/Saved/Config/Windows/Scalability.ini]
[2025.12.21-12.28.42:197][  0]LogConfig: Setting CVar [[r.SkeletalMeshLODBias:0]]
[2025.12.21-12.28.42:197][  0]LogConfig: Setting CVar [[r.ViewDistanceScale:1.0]]
[2025.12.21-12.28.42:197][  0]LogConfig: Applying CVar settings from Section [AntiAliasingQuality@3] File [D:/WORKPLACE/Mini_laboratory/MEPhI_VR_term_1/Mini_laboratory/Saved/Config/Windows/Scalability.ini]
[2025.12.21-12.28.42:197][  0]LogConfig: Setting CVar [[r.PostProcessAAQuality:4]]
[2025.12.21-12.28.42:197][  0]LogConfig: Applying CVar settings from Section [ShadowQuality@3] File [D:/WORKPLACE/Mini_laboratory/MEPhI_VR_term_1/Mini_laboratory/Saved/Config/Windows/Scalability.ini]
[2025.12.21-12.28.42:198][  0]LogConfig: Setting CVar [[r.LightFunctionQuality:1]]
[2025.12.21-12.28.42:198][  0]LogConfig: Setting CVar [[r.ShadowQuality:5]]
[2025.12.21-12.28.42:198][  0]LogConfig: Setting CVar [[r.Shadow.CSM.MaxCascades:10]]
[2025.12.21-12.28.42:198][  0]LogConfig: Setting CVar [[r.Shadow.MaxResolution:2048]]
[2025.12.21-12.28.42:198][  0]LogConfig: Setting CVar [[r.Shadow.MaxCSMResolution:2048]]
[2025.12.21-12.28.42:198][  0]LogConfig: Setting CVar [[r.Shadow.RadiusThreshold:0.01]]
[2025.12.21-12.28.42:198][  0]LogConfig: Setting CVar [[r.Shadow.DistanceScale:1.0]]
[2025.12.21-12.28.42:198][  0]LogConfig: Setting CVar [[r.Shadow.CSM.TransitionScale:1.0]]
[2025.12.21-12.28.42:198][  0]LogConfig: Setting CVar [[r.Shadow.PreShadowResolutionFactor:1.0]]
[2025.12.21-12.28.42:198][  0]LogConfig: Setting CVar [[r.DistanceFieldShadowing:1]]
[2025.12.21-12.28.42:198][  0]LogConfig: Setting CVar [[r.DistanceFieldAO:1]]
[2025.12.21-12.28.42:198][  0]LogConfig: Setting CVar [[r.AOQuality:2]]
[2025.12.21-12.28.42:198][  0]LogConfig: Setting CVar [[r.VolumetricFog:1]]
[2025.12.21-12.28.42:198][  0]LogConfig: Setting CVar [[r.VolumetricFog.GridPixelSize:8]]
[2025.12.21-12.28.42:198][  0]LogConfig: Setting CVar [[r.VolumetricFog.GridSizeZ:128]]
[2025.12.21-12.28.42:198][  0]LogConfig: Setting CVar [[r.VolumetricFog.HistoryMissSupersampleCount:4]]
[2025.12.21-12.28.42:198][  0]LogConfig: Setting CVar [[r.LightMaxDrawDistanceScale:1]]
[2025.12.21-12.28.42:198][  0]LogConfig: Setting CVar [[r.CapsuleShadows:1]]
[2025.12.21-12.28.42:198][  0]LogConfig: Applying CVar settings from Section [PostProcessQuality@3] File [D:/WORKPLACE/Mini_laboratory/MEPhI_VR_term_1/Mini_laboratory/Saved/Config/Windows/Scalability.ini]
[2025.12.21-12.28.42:198][  0]LogConfig: Setting CVar [[r.MotionBlurQuality:4]]
[2025.12.21-12.28.42:198][  0]LogConfig: Setting CVar [[r.AmbientOcclusionMipLevelFactor:0.4]]
[2025.12.21-12.28.42:198][  0]LogConfig: Setting CVar [[r.AmbientOcclusionMaxQuality:100]]
[2025.12.21-12.28.42:198][  0]LogConfig: Setting CVar [[r.AmbientOcclusionLevels:-1]]
[2025.12.21-12.28.42:198][  0]LogConfig: Setting CVar [[r.AmbientOcclusionRadiusScale:1.0]]
[2025.12.21-12.28.42:198][  0]LogConfig: Setting CVar [[r.DepthOfFieldQuality:2]]
[2025.12.21-12.28.42:198][  0]LogConfig: Setting CVar [[r.RenderTargetPoolMin:400]]
[2025.12.21-12.28.42:198][  0]LogConfig: Setting CVar [[r.LensFlareQuality:2]]
[2025.12.21-12.28.42:198][  0]LogConfig: Setting CVar [[r.SceneColorFringeQuality:1]]
[2025.12.21-12.28.42:198][  0]LogConfig: Setting CVar [[r.EyeAdaptationQuality:2]]
[2025.12.21-12.28.42:198][  0]LogConfig: Setting CVar [[r.BloomQuality:5]]
[2025.12.21-12.28.42:198][  0]LogConfig: Setting CVar [[r.FastBlurThreshold:100]]
[2025.12.21-12.28.42:198][  0]LogConfig: Setting CVar [[r.Upscale.Quality:3]]
[2025.12.21-12.28.42:198][  0]LogConfig: Setting CVar [[r.Tonemapper.GrainQuantization:1]]
[2025.12.21-12.28.42:198][  0]LogConfig: Setting CVar [[r.LightShaftQuality:1]]
[2025.12.21-12.28.42:198][  0]LogConfig: Setting CVar [[r.Filter.SizeScale:1]]
[2025.12.21-12.28.42:198][  0]LogConfig: Setting CVar [[r.Tonemapper.Quality:5]]
[2025.12.21-12.28.42:198][  0]LogConfig: Setting CVar [[r.DOF.Gather.AccumulatorQuality:1        ; higher gathering accumulator quality]]
[2025.12.21-12.28.42:198][  0]LogConfig: Setting CVar [[r.DOF.Gather.PostfilterMethod:1          ; Median3x3 postfilering method]]
[2025.12.21-12.28.42:198][  0]LogConfig: Setting CVar [[r.DOF.Gather.EnableBokehSettings:0       ; no bokeh simulation when gathering]]
[2025.12.21-12.28.42:198][  0]LogConfig: Setting CVar [[r.DOF.Gather.RingCount:4                 ; medium number of samples when gathering]]
[2025.12.21-12.28.42:198][  0]LogConfig: Setting CVar [[r.DOF.Scatter.ForegroundCompositing:1    ; additive foreground scattering]]
[2025.12.21-12.28.42:198][  0]LogConfig: Setting CVar [[r.DOF.Scatter.BackgroundCompositing:2    ; additive background scattering]]
[2025.12.21-12.28.42:198][  0]LogConfig: Setting CVar [[r.DOF.Scatter.EnableBokehSettings:1      ; bokeh simulation when scattering]]
[2025.12.21-12.28.42:198][  0]LogConfig: Setting CVar [[r.DOF.Scatter.MaxSpriteRatio:0.1         ; only a maximum of 10% of scattered bokeh]]
[2025.12.21-12.28.42:198][  0]LogConfig: Setting CVar [[r.DOF.Recombine.Quality:1                ; cheap slight out of focus]]
[2025.12.21-12.28.42:198][  0]LogConfig: Setting CVar [[r.DOF.Recombine.EnableBokehSettings:0    ; no bokeh simulation on slight out of focus]]
[2025.12.21-12.28.42:198][  0]LogConfig: Setting CVar [[r.DOF.TemporalAAQuality:1                ; more stable temporal accumulation]]
[2025.12.21-12.28.42:198][  0]LogConfig: Setting CVar [[r.DOF.Kernel.MaxForegroundRadius:0.025]]
[2025.12.21-12.28.42:198][  0]LogConfig: Setting CVar [[r.DOF.Kernel.MaxBackgroundRadius:0.025]]
[2025.12.21-12.28.42:198][  0]LogConfig: Applying CVar settings from Section [TextureQuality@3] File [D:/WORKPLACE/Mini_laboratory/MEPhI_VR_term_1/Mini_laboratory/Saved/Config/Windows/Scalability.ini]
[2025.12.21-12.28.42:198][  0]LogConfig: Setting CVar [[r.Streaming.MipBias:0]]
[2025.12.21-12.28.42:198][  0]LogConfig: Setting CVar [[r.Streaming.AmortizeCPUToGPUCopy:0]]
[2025.12.21-12.28.42:198][  0]LogConfig: Setting CVar [[r.Streaming.MaxNumTexturesToStreamPerFrame:0]]
[2025.12.21-12.28.42:198][  0]LogConfig: Setting CVar [[r.Streaming.Boost:1]]
[2025.12.21-12.28.42:198][  0]LogConfig: Setting CVar [[r.MaxAnisotropy:8]]
[2025.12.21-12.28.42:198][  0]LogConfig: Setting CVar [[r.VT.MaxAnisotropy:8]]
[2025.12.21-12.28.42:198][  0]LogConfig: Setting CVar [[r.Streaming.LimitPoolSizeToVRAM:0]]
[2025.12.21-12.28.42:198][  0]LogConfig: Setting CVar [[r.Streaming.PoolSize:1000]]
[2025.12.21-12.28.42:198][  0]LogConfig: Setting CVar [[r.Streaming.MaxEffectiveScreenSize:0]]
[2025.12.21-12.28.42:198][  0]LogConfig: Applying CVar settings from Section [EffectsQuality@3] File [D:/WORKPLACE/Mini_laboratory/MEPhI_VR_term_1/Mini_laboratory/Saved/Config/Windows/Scalability.ini]
[2025.12.21-12.28.42:198][  0]LogConfig: Setting CVar [[r.TranslucencyLightingVolumeDim:64]]
[2025.12.21-12.28.42:198][  0]LogConfig: Setting CVar [[r.RefractionQuality:2]]
[2025.12.21-12.28.42:198][  0]LogConfig: Setting CVar [[r.SSR.Quality:3]]
[2025.12.21-12.28.42:198][  0]LogConfig: Setting CVar [[r.SSR.HalfResSceneColor:0]]
[2025.12.21-12.28.42:198][  0]LogConfig: Setting CVar [[r.SceneColorFormat:4]]
[2025.12.21-12.28.42:198][  0]LogConfig: Setting CVar [[r.DetailMode:2]]
[2025.12.21-12.28.42:198][  0]LogConfig: Setting CVar [[r.TranslucencyVolumeBlur:1]]
[2025.12.21-12.28.42:198][  0]LogConfig: Setting CVar [[r.MaterialQualityLevel:1 ; High quality]]
[2025.12.21-12.28.42:198][  0]LogConfig: Setting CVar [[r.AnisotropicMaterials:1]]
[2025.12.21-12.28.42:199][  0]LogConfig: Setting CVar [[r.SSS.Scale:1]]
[2025.12.21-12.28.42:199][  0]LogConfig: Setting CVar [[r.SSS.SampleSet:2]]
[2025.12.21-12.28.42:199][  0]LogConfig: Setting CVar [[r.SSS.Quality:1]]
[2025.12.21-12.28.42:199][  0]LogConfig: Setting CVar [[r.SSS.HalfRes:0]]
[2025.12.21-12.28.42:199][  0]LogConfig: Setting CVar [[r.SSGI.Quality:3]]
[2025.12.21-12.28.42:199][  0]LogConfig: Setting CVar [[r.EmitterSpawnRateScale:1.0]]
[2025.12.21-12.28.42:199][  0]LogConfig: Setting CVar [[r.ParticleLightQuality:2]]
[2025.12.21-12.28.42:199][  0]LogConfig: Setting CVar [[r.SkyAtmosphere.AerialPerspectiveLUT.FastApplyOnOpaque:1 ; Always have FastSkyLUT 1 in this case to avoid wrong sky]]
[2025.12.21-12.28.42:199][  0]LogConfig: Setting CVar [[r.SkyAtmosphere.AerialPerspectiveLUT.SampleCountMaxPerSlice:4]]
[2025.12.21-12.28.42:199][  0]LogConfig: Setting CVar [[r.SkyAtmosphere.AerialPerspectiveLUT.DepthResolution:16.0]]
[2025.12.21-12.28.42:199][  0]LogConfig: Setting CVar [[r.SkyAtmosphere.FastSkyLUT:1]]
[2025.12.21-12.28.42:199][  0]LogConfig: Setting CVar [[r.SkyAtmosphere.FastSkyLUT.SampleCountMin:4.0]]
[2025.12.21-12.28.42:199][  0]LogConfig: Setting CVar [[r.SkyAtmosphere.FastSkyLUT.SampleCountMax:128.0]]
[2025.12.21-12.28.42:199][  0]LogConfig: Setting CVar [[r.SkyAtmosphere.SampleCountMin:4.0]]
[2025.12.21-12.28.42:199][  0]LogConfig: Setting CVar [[r.SkyAtmosphere.SampleCountMax:128.0]]
[2025.12.21-12.28.42:199][  0]LogConfig: Setting CVar [[r.SkyAtmosphere.TransmittanceLUT.UseSmallFormat:0]]
[2025.12.21-12.28.42:199][  0]LogConfig: Setting CVar [[r.SkyAtmosphere.TransmittanceLUT.SampleCount:10.0]]
[2025.12.21-12.28.42:199][  0]LogConfig: Setting CVar [[r.SkyAtmosphere.MultiScatteringLUT.SampleCount:15.0]]
[2025.12.21-12.28.42:199][  0]LogConfig: Setting CVar [[r.SkyLight.RealTimeReflectionCapture:1]]
[2025.12.21-12.28.42:199][  0]LogConfig: Applying CVar settings from Section [FoliageQuality@3] File [D:/WORKPLACE/Mini_laboratory/MEPhI_VR_term_1/Mini_laboratory/Saved/Config/Windows/Scalability.ini]
[2025.12.21-12.28.42:199][  0]LogConfig: Setting CVar [[foliage.DensityScale:1.0]]
[2025.12.21-12.28.42:199][  0]LogConfig: Setting CVar [[grass.DensityScale:1.0]]
[2025.12.21-12.28.42:199][  0]LogConfig: Applying CVar settings from Section [ShadingQuality@3] File [D:/WORKPLACE/Mini_laboratory/MEPhI_VR_term_1/Mini_laboratory/Saved/Config/Windows/Scalability.ini]
[2025.12.21-12.28.42:199][  0]LogConfig: Setting CVar [[r.HairStrands.SkyLighting.IntegrationType:2]]
[2025.12.21-12.28.42:199][  0]LogConfig: Setting CVar [[r.HairStrands.SkyAO.SampleCount:4]]
[2025.12.21-12.28.42:199][  0]LogConfig: Setting CVar [[r.HairStrands.Visibility.MSAA.SamplePerPixel:4]]
[2025.12.21-12.28.42:200][  0]LogInit: Selected Device Profile: [Windows]
[2025.12.21-12.28.42:201][  0]LogInit: Applying CVar settings loaded from the selected device profile: [Windows]
[2025.12.21-12.28.42:202][  0]LogHAL: Display: Platform has ~ 8 GB [8451309568 / 8589934592 / 8], which maps to Default [LargestMinGB=32, LargerMinGB=12, DefaultMinGB=8, SmallerMinGB=6, SmallestMinGB=0)
[2025.12.21-12.28.42:202][  0]LogInit: Going up to parent DeviceProfile []
[2025.12.21-12.28.42:203][  0]LogConfig: Applying CVar settings from Section [ViewDistanceQuality@3] File [D:/WORKPLACE/Mini_laboratory/MEPhI_VR_term_1/Mini_laboratory/Saved/Config/Windows/Scalability.ini]
[2025.12.21-12.28.42:203][  0]LogConfig: Setting CVar [[r.SkeletalMeshLODBias:0]]
[2025.12.21-12.28.42:203][  0]LogConfig: Setting CVar [[r.ViewDistanceScale:1.0]]
[2025.12.21-12.28.42:203][  0]LogConfig: Applying CVar settings from Section [AntiAliasingQuality@3] File [D:/WORKPLACE/Mini_laboratory/MEPhI_VR_term_1/Mini_laboratory/Saved/Config/Windows/Scalability.ini]
[2025.12.21-12.28.42:203][  0]LogConfig: Setting CVar [[r.PostProcessAAQuality:4]]
[2025.12.21-12.28.42:203][  0]LogConfig: Applying CVar settings from Section [ShadowQuality@3] File [D:/WORKPLACE/Mini_laboratory/MEPhI_VR_term_1/Mini_laboratory/Saved/Config/Windows/Scalability.ini]
[2025.12.21-12.28.42:203][  0]LogConfig: Setting CVar [[r.LightFunctionQuality:1]]
[2025.12.21-12.28.42:203][  0]LogConfig: Setting CVar [[r.ShadowQuality:5]]
[2025.12.21-12.28.42:203][  0]LogConfig: Setting CVar [[r.Shadow.CSM.MaxCascades:10]]
[2025.12.21-12.28.42:203][  0]LogConfig: Setting CVar [[r.Shadow.MaxResolution:2048]]
[2025.12.21-12.28.42:203][  0]LogConfig: Setting CVar [[r.Shadow.MaxCSMResolution:2048]]
[2025.12.21-12.28.42:203][  0]LogConfig: Setting CVar [[r.Shadow.RadiusThreshold:0.01]]
[2025.12.21-12.28.42:203][  0]LogConfig: Setting CVar [[r.Shadow.DistanceScale:1.0]]
[2025.12.21-12.28.42:203][  0]LogConfig: Setting CVar [[r.Shadow.CSM.TransitionScale:1.0]]
[2025.12.21-12.28.42:203][  0]LogConfig: Setting CVar [[r.Shadow.PreShadowResolutionFactor:1.0]]
[2025.12.21-12.28.42:203][  0]LogConfig: Setting CVar [[r.DistanceFieldShadowing:1]]
[2025.12.21-12.28.42:203][  0]LogConfig: Setting CVar [[r.DistanceFieldAO:1]]
[2025.12.21-12.28.42:203][  0]LogConfig: Setting CVar [[r.AOQuality:2]]
[2025.12.21-12.28.42:203][  0]LogConfig: Setting CVar [[r.VolumetricFog:1]]
[2025.12.21-12.28.42:203][  0]LogConfig: Setting CVar [[r.VolumetricFog.GridPixelSize:8]]
[2025.12.21-12.28.42:203][  0]LogConfig: Setting CVar [[r.VolumetricFog.GridSizeZ:128]]
[2025.12.21-12.28.42:203][  0]LogConfig: Setting CVar [[r.VolumetricFog.HistoryMissSupersampleCount:4]]
[2025.12.21-12.28.42:203][  0]LogConfig: Setting CVar [[r.LightMaxDrawDistanceScale:1]]
[2025.12.21-12.28.42:203][  0]LogConfig: Setting CVar [[r.CapsuleShadows:1]]
[2025.12.21-12.28.42:203][  0]LogConfig: Applying CVar settings from Section [PostProcessQuality@3] File [D:/WORKPLACE/Mini_laboratory/MEPhI_VR_term_1/Mini_laboratory/Saved/Config/Windows/Scalability.ini]
[2025.12.21-12.28.42:203][  0]LogConfig: Setting CVar [[r.MotionBlurQuality:4]]
[2025.12.21-12.28.42:203][  0]LogConfig: Setting CVar [[r.AmbientOcclusionMipLevelFactor:0.4]]
[2025.12.21-12.28.42:203][  0]LogConfig: Setting CVar [[r.AmbientOcclusionMaxQuality:100]]
[2025.12.21-12.28.42:203][  0]LogConfig: Setting CVar [[r.AmbientOcclusionLevels:-1]]
[2025.12.21-12.28.42:203][  0]LogConfig: Setting CVar [[r.AmbientOcclusionRadiusScale:1.0]]
[2025.12.21-12.28.42:203][  0]LogConfig: Setting CVar [[r.DepthOfFieldQuality:2]]
[2025.12.21-12.28.42:203][  0]LogConfig: Setting CVar [[r.RenderTargetPoolMin:400]]
[2025.12.21-12.28.42:203][  0]LogConfig: Setting CVar [[r.LensFlareQuality:2]]
[2025.12.21-12.28.42:203][  0]LogConfig: Setting CVar [[r.SceneColorFringeQuality:1]]
[2025.12.21-12.28.42:203][  0]LogConfig: Setting CVar [[r.EyeAdaptationQuality:2]]
[2025.12.21-12.28.42:203][  0]LogConfig: Setting CVar [[r.BloomQuality:5]]
[2025.12.21-12.28.42:203][  0]LogConfig: Setting CVar [[r.FastBlurThreshold:100]]
[2025.12.21-12.28.42:203][  0]LogConfig: Setting CVar [[r.Upscale.Quality:3]]
[2025.12.21-12.28.42:203][  0]LogConfig: Setting CVar [[r.Tonemapper.GrainQuantization:1]]
[2025.12.21-12.28.42:203][  0]LogConfig: Setting CVar [[r.LightShaftQuality:1]]
[2025.12.21-12.28.42:203][  0]LogConfig: Setting CVar [[r.Filter.SizeScale:1]]
[2025.12.21-12.28.42:203][  0]LogConfig: Setting CVar [[r.Tonemapper.Quality:5]]
[2025.12.21-12.28.42:203][  0]LogConfig: Setting CVar [[r.DOF.Gather.AccumulatorQuality:1        ; higher gathering accumulator quality]]
[2025.12.21-12.28.42:203][  0]LogConfig: Setting CVar [[r.DOF.Gather.PostfilterMethod:1          ; Median3x3 postfilering method]]
[2025.12.21-12.28.42:203][  0]LogConfig: Setting CVar [[r.DOF.Gather.EnableBokehSettings:0       ; no bokeh simulation when gathering]]
[2025.12.21-12.28.42:203][  0]LogConfig: Setting CVar [[r.DOF.Gather.RingCount:4                 ; medium number of samples when gathering]]
[2025.12.21-12.28.42:203][  0]LogConfig: Setting CVar [[r.DOF.Scatter.ForegroundCompositing:1    ; additive foreground scattering]]
[2025.12.21-12.28.42:203][  0]LogConfig: Setting CVar [[r.DOF.Scatter.BackgroundCompositing:2    ; additive background scattering]]
[2025.12.21-12.28.42:203][  0]LogConfig: Setting CVar [[r.DOF.Scatter.EnableBokehSettings:1      ; bokeh simulation when scattering]]
[2025.12.21-12.28.42:203][  0]LogConfig: Setting CVar [[r.DOF.Scatter.MaxSpriteRatio:0.1         ; only a maximum of 10% of scattered bokeh]]
[2025.12.21-12.28.42:203][  0]LogConfig: Setting CVar [[r.DOF.Recombine.Quality:1                ; cheap slight out of focus]]
[2025.12.21-12.28.42:203][  0]LogConfig: Setting CVar [[r.DOF.Recombine.EnableBokehSettings:0    ; no bokeh simulation on slight out of focus]]
[2025.12.21-12.28.42:203][  0]LogConfig: Setting CVar [[r.DOF.TemporalAAQuality:1                ; more stable temporal accumulation]]
[2025.12.21-12.28.42:203][  0]LogConfig: Setting CVar [[r.DOF.Kernel.MaxForegroundRadius:0.025]]
[2025.12.21-12.28.42:203][  0]LogConfig: Setting CVar [[r.DOF.Kernel.MaxBackgroundRadius:0.025]]
[2025.12.21-12.28.42:203][  0]LogConfig: Applying CVar settings from Section [TextureQuality@3] File [D:/WORKPLACE/Mini_laboratory/MEPhI_VR_term_1/Mini_laboratory/Saved/Config/Windows/Scalability.ini]
[2025.12.21-12.28.42:203][  0]LogConfig: Setting CVar [[r.Streaming.MipBias:0]]
[2025.12.21-12.28.42:203][  0]LogConfig: Setting CVar [[r.Streaming.AmortizeCPUToGPUCopy:0]]
[2025.12.21-12.28.42:203][  0]LogConfig: Setting CVar [[r.Streaming.MaxNumTexturesToStreamPerFrame:0]]
[2025.12.21-12.28.42:203][  0]LogConfig: Setting CVar [[r.Streaming.Boost:1]]
[2025.12.21-12.28.42:203][  0]LogConfig: Setting CVar [[r.MaxAnisotropy:8]]
[2025.12.21-12.28.42:203][  0]LogConfig: Setting CVar [[r.VT.MaxAnisotropy:8]]
[2025.12.21-12.28.42:203][  0]LogConfig: Setting CVar [[r.Streaming.LimitPoolSizeToVRAM:0]]
[2025.12.21-12.28.42:203][  0]LogConfig: Setting CVar [[r.Streaming.PoolSize:1000]]
[2025.12.21-12.28.42:203][  0]LogConfig: Setting CVar [[r.Streaming.MaxEffectiveScreenSize:0]]
[2025.12.21-12.28.42:203][  0]LogConfig: Applying CVar settings from Section [EffectsQuality@3] File [D:/WORKPLACE/Mini_laboratory/MEPhI_VR_term_1/Mini_laboratory/Saved/Config/Windows/Scalability.ini]
[2025.12.21-12.28.42:203][  0]LogConfig: Setting CVar [[r.TranslucencyLightingVolumeDim:64]]
[2025.12.21-12.28.42:203][  0]LogConfig: Setting CVar [[r.RefractionQuality:2]]
[2025.12.21-12.28.42:203][  0]LogConfig: Setting CVar [[r.SSR.Quality:3]]
[2025.12.21-12.28.42:203][  0]LogConfig: Setting CVar [[r.SSR.HalfResSceneColor:0]]
[2025.12.21-12.28.42:203][  0]LogConfig: Setting CVar [[r.SceneColorFormat:4]]
[2025.12.21-12.28.42:203][  0]LogConfig: Setting CVar [[r.DetailMode:2]]
[2025.12.21-12.28.42:203][  0]LogConfig: Setting CVar [[r.TranslucencyVolumeBlur:1]]
[2025.12.21-12.28.42:203][  0]LogConfig: Setting CVar [[r.MaterialQualityLevel:1 ; High quality]]
[2025.12.21-12.28.42:203][  0]LogConfig: Setting CVar [[r.AnisotropicMaterials:1]]
[2025.12.21-12.28.42:203][  0]LogConfig: Setting CVar [[r.SSS.Scale:1]]
[2025.12.21-12.28.42:203][  0]LogConfig: Setting CVar [[r.SSS.SampleSet:2]]
[2025.12.21-12.28.42:203][  0]LogConfig: Setting CVar [[r.SSS.Quality:1]]
[2025.12.21-12.28.42:203][  0]LogConfig: Setting CVar [[r.SSS.HalfRes:0]]
[2025.12.21-12.28.42:203][  0]LogConfig: Setting CVar [[r.SSGI.Quality:3]]
[2025.12.21-12.28.42:203][  0]LogConfig: Setting CVar [[r.EmitterSpawnRateScale:1.0]]
[2025.12.21-12.28.42:203][  0]LogConfig: Setting CVar [[r.ParticleLightQuality:2]]
[2025.12.21-12.28.42:203][  0]LogConfig: Setting CVar [[r.SkyAtmosphere.AerialPerspectiveLUT.FastApplyOnOpaque:1 ; Always have FastSkyLUT 1 in this case to avoid wrong sky]]
[2025.12.21-12.28.42:203][  0]LogConfig: Setting CVar [[r.SkyAtmosphere.AerialPerspectiveLUT.SampleCountMaxPerSlice:4]]
[2025.12.21-12.28.42:203][  0]LogConfig: Setting CVar [[r.SkyAtmosphere.AerialPerspectiveLUT.DepthResolution:16.0]]
[2025.12.21-12.28.42:203][  0]LogConfig: Setting CVar [[r.SkyAtmosphere.FastSkyLUT:1]]
[2025.12.21-12.28.42:203][  0]LogConfig: Setting CVar [[r.SkyAtmosphere.FastSkyLUT.SampleCountMin:4.0]]
[2025.12.21-12.28.42:203][  0]LogConfig: Setting CVar [[r.SkyAtmosphere.FastSkyLUT.SampleCountMax:128.0]]
[2025.12.21-12.28.42:203][  0]LogConfig: Setting CVar [[r.SkyAtmosphere.SampleCountMin:4.0]]
[2025.12.21-12.28.42:203][  0]LogConfig: Setting CVar [[r.SkyAtmosphere.SampleCountMax:128.0]]
[2025.12.21-12.28.42:203][  0]LogConfig: Setting CVar [[r.SkyAtmosphere.TransmittanceLUT.UseSmallFormat:0]]
[2025.12.21-12.28.42:203][  0]LogConfig: Setting CVar [[r.SkyAtmosphere.TransmittanceLUT.SampleCount:10.0]]
[2025.12.21-12.28.42:203][  0]LogConfig: Setting CVar [[r.SkyAtmosphere.MultiScatteringLUT.SampleCount:15.0]]
[2025.12.21-12.28.42:203][  0]LogConfig: Setting CVar [[r.SkyLight.RealTimeReflectionCapture:1]]
[2025.12.21-12.28.42:203][  0]LogConfig: Applying CVar settings from Section [FoliageQuality@3] File [D:/WORKPLACE/Mini_laboratory/MEPhI_VR_term_1/Mini_laboratory/Saved/Config/Windows/Scalability.ini]
[2025.12.21-12.28.42:203][  0]LogConfig: Setting CVar [[foliage.DensityScale:1.0]]
[2025.12.21-12.28.42:203][  0]LogConfig: Setting CVar [[grass.DensityScale:1.0]]
[2025.12.21-12.28.42:203][  0]LogConfig: Applying CVar settings from Section [ShadingQuality@3] File [D:/WORKPLACE/Mini_laboratory/MEPhI_VR_term_1/Mini_laboratory/Saved/Config/Windows/Scalability.ini]
[2025.12.21-12.28.42:203][  0]LogConfig: Setting CVar [[r.HairStrands.SkyLighting.IntegrationType:2]]
[2025.12.21-12.28.42:203][  0]LogConfig: Setting CVar [[r.HairStrands.SkyAO.SampleCount:4]]
[2025.12.21-12.28.42:203][  0]LogConfig: Setting CVar [[r.HairStrands.Visibility.MSAA.SamplePerPixel:4]]
[2025.12.21-12.28.42:203][  0]LogConfig: Applying CVar settings from Section [Startup] File [../../../Engine/Config/ConsoleVariables.ini]
[2025.12.21-12.28.42:214][  0]LogConfig: Setting CVar [[net.UseAdaptiveNetUpdateFrequency:0]]
[2025.12.21-12.28.42:214][  0]LogConfig: Setting CVar [[p.chaos.AllowCreatePhysxBodies:1]]
[2025.12.21-12.28.42:214][  0]LogConfig: Setting CVar [[fx.SkipVectorVMBackendOptimizations:1]]
[2025.12.21-12.28.42:214][  0]LogConfig: Applying CVar settings from Section [ConsoleVariables] File [D:/WORKPLACE/Mini_laboratory/MEPhI_VR_term_1/Mini_laboratory/Saved/Config/Windows/Engine.ini]
[2025.12.21-12.28.42:214][  0]LogConfig: Applying CVar settings from Section [ConsoleVariables] File [D:/WORKPLACE/Mini_laboratory/MEPhI_VR_term_1/Mini_laboratory/Saved/Config/Windows/Editor.ini]
[2025.12.21-12.28.42:217][  0]LogInit: Computer: LAPTOP-RE3L13LG
[2025.12.21-12.28.42:217][  0]LogInit: User: Vladislav
[2025.12.21-12.28.42:217][  0]LogInit: CPU Page size=4096, Cores=4
[2025.12.21-12.28.42:217][  0]LogInit: High frequency timer resolution =10.000000 MHz
[2025.12.21-12.28.42:217][  0]LogMemory: Memory total: Physical=7.9GB (8GB approx)
[2025.12.21-12.28.42:218][  0]LogMemory: Platform Memory Stats for Windows
[2025.12.21-12.28.42:218][  0]LogMemory: Process Physical Memory: 143.66 MB used, 143.66 MB peak
[2025.12.21-12.28.42:218][  0]LogMemory: Process Virtual Memory: 128.30 MB used, 128.30 MB peak
[2025.12.21-12.28.42:218][  0]LogMemory: Physical Memory: 7142.21 MB used,  917.59 MB free, 8059.80 MB total
[2025.12.21-12.28.42:218][  0]LogMemory: Virtual Memory: 134210640.00 MB used,  7086.75 MB free, 134217728.00 MB total
[2025.12.21-12.28.42:226][  0]LogWindows: WindowsPlatformFeatures enabled
[2025.12.21-12.28.42:813][  0]LogInit: Physics initialised using underlying interface: PhysX
[2025.12.21-12.28.42:822][  0]LogInit: Using OS detected language (ru-RU).
[2025.12.21-12.28.42:823][  0]LogInit: Using OS detected locale (ru-RU).
[2025.12.21-12.28.42:852][  0]LogTextLocalizationManager: No specific localization for 'ru-RU' exists, so the 'ru' localization will be used.
[2025.12.21-12.28.42:854][  0]LogTextLocalizationResource: LocRes '../../../Engine/Content/Localization/Editor/ru/Editor.locres' could not be opened for reading!
[2025.12.21-12.28.42:854][  0]LogTextLocalizationResource: LocRes '../../../Engine/Content/Localization/EditorTutorials/ru/EditorTutorials.locres' could not be opened for reading!
[2025.12.21-12.28.42:854][  0]LogTextLocalizationResource: LocRes '../../../Engine/Content/Localization/Keywords/ru/Keywords.locres' could not be opened for reading!
[2025.12.21-12.28.42:854][  0]LogTextLocalizationResource: LocRes '../../../Engine/Content/Localization/Category/ru/Category.locres' could not be opened for reading!
[2025.12.21-12.28.42:855][  0]LogTextLocalizationResource: LocRes '../../../Engine/Content/Localization/ToolTips/ru/ToolTips.locres' could not be opened for reading!
[2025.12.21-12.28.42:856][  0]LogTextLocalizationResource: LocRes '../../../Engine/Content/Localization/PropertyNames/ru/PropertyNames.locres' could not be opened for reading!
[2025.12.21-12.28.42:856][  0]LogTextLocalizationResource: LocRes '../../../Engine/Content/Localization/Engine/ru/Engine.locres' could not be opened for reading!
[2025.12.21-12.28.42:910][  0]LogInit: Setting process to per monitor DPI aware
[2025.12.21-12.28.42:961][  0]LogWindowsTextInputMethodSystem: Display: IME system deactivated.
[2025.12.21-12.28.43:105][  0]LogSlate: New Slate User Created.  User Index 0, Is Virtual User: 0
[2025.12.21-12.28.43:105][  0]LogSlate: Slate User Registered.  User Index 0, Is Virtual User: 0
[2025.12.21-12.28.46:448][  0]LogD3D11RHI: Loaded GFSDK_Aftermath_Lib.x64.dll
[2025.12.21-12.28.46:473][  0]LogHMD: Failed to initialize OpenVR with code 110
[2025.12.21-12.28.46:473][  0]LogD3D11RHI: D3D11 min allowed feature level: 11_0
[2025.12.21-12.28.46:473][  0]LogD3D11RHI: D3D11 max allowed feature level: 11_0
[2025.12.21-12.28.46:473][  0]LogD3D11RHI: D3D11 adapters:
[2025.12.21-12.28.47:299][  0]LogD3D11RHI:    0. 'NVIDIA GeForce GTX 1650 Ti' (Feature Level 11_0)
[2025.12.21-12.28.47:299][  0]LogD3D11RHI:       3935/0/4029 MB DedicatedVideo/DedicatedSystem/SharedSystem, Outputs:1, VendorId:0x10de
[2025.12.21-12.28.47:376][  0]LogD3D11RHI:    1. 'Intel(R) UHD Graphics' (Feature Level 11_0)
[2025.12.21-12.28.47:376][  0]LogD3D11RHI:       128/0/4029 MB DedicatedVideo/DedicatedSystem/SharedSystem, Outputs:0, VendorId:0x8086
[2025.12.21-12.28.47:384][  0]LogD3D11RHI:    2. 'Microsoft Basic Render Driver' (Feature Level 11_0)
[2025.12.21-12.28.47:384][  0]LogD3D11RHI:       0/0/4029 MB DedicatedVideo/DedicatedSystem/SharedSystem, Outputs:0, VendorId:0x1414
[2025.12.21-12.28.47:384][  0]LogD3D11RHI: Chosen D3D11 Adapter:
[2025.12.21-12.28.47:384][  0]LogD3D11RHI:     Description : NVIDIA GeForce GTX 1650 Ti
[2025.12.21-12.28.47:384][  0]LogD3D11RHI:     VendorId    : 10de
[2025.12.21-12.28.47:384][  0]LogD3D11RHI:     DeviceId    : 1f95
[2025.12.21-12.28.47:384][  0]LogD3D11RHI:     SubSysId    : 3fa317aa
[2025.12.21-12.28.47:384][  0]LogD3D11RHI:     Revision    : 00a1
[2025.12.21-12.28.47:384][  0]LogD3D11RHI:     DedicatedVideoMemory : 4126146560 bytes
[2025.12.21-12.28.47:384][  0]LogD3D11RHI:     DedicatedSystemMemory : 0 bytes
[2025.12.21-12.28.47:384][  0]LogD3D11RHI:     SharedSystemMemory : 4225654784 bytes
[2025.12.21-12.28.47:384][  0]LogD3D11RHI:     AdapterLuid : 0 69445
[2025.12.21-12.28.47:393][  0]LogD3D11RHI: Creating new Direct3DDevice
[2025.12.21-12.28.47:393][  0]LogD3D11RHI:     GPU DeviceId: 0x1f95 (for the marketing name, search the web for "GPU Device Id")
[2025.12.21-12.28.47:393][  0]LogWindows: EnumDisplayDevices:
[2025.12.21-12.28.47:393][  0]LogWindows:    0. 'Intel(R) UHD Graphics' (P:1 D:1)
[2025.12.21-12.28.47:393][  0]LogWindows:    1. 'Intel(R) UHD Graphics' (P:0 D:0)
[2025.12.21-12.28.47:393][  0]LogWindows:    2. 'Intel(R) UHD Graphics' (P:0 D:0)
[2025.12.21-12.28.47:394][  0]LogWindows:    3. 'NVIDIA GeForce GTX 1650 Ti' (P:0 D:0)
[2025.12.21-12.28.47:394][  0]LogWindows: DebugString: PrimaryIsNotTheChoosenAdapter PrimaryIsNotTheChoosenAdapter PrimaryIsNotTheChoosenAdapter 
[2025.12.21-12.28.47:394][  0]LogD3D11RHI:     Adapter Name: NVIDIA GeForce GTX 1650 Ti
[2025.12.21-12.28.47:394][  0]LogD3D11RHI:   Driver Version: 560.76 (internal:32.0.15.6076, unified:560.76)
[2025.12.21-12.28.47:394][  0]LogD3D11RHI:      Driver Date: 7-23-2024
[2025.12.21-12.28.47:395][  0]LogRHI: Texture pool is 2754 MB (70% of 3935 MB)
[2025.12.21-12.28.47:395][  0]LogD3D11RHI: Creating D3DDevice using adapter:
[2025.12.21-12.28.47:395][  0]LogD3D11RHI:     Description : NVIDIA GeForce GTX 1650 Ti
[2025.12.21-12.28.47:395][  0]LogD3D11RHI:     VendorId    : 10de
[2025.12.21-12.28.47:395][  0]LogD3D11RHI:     DeviceId    : 1f95
[2025.12.21-12.28.47:395][  0]LogD3D11RHI:     SubSysId    : 3fa317aa
[2025.12.21-12.28.47:395][  0]LogD3D11RHI:     Revision    : 00a1
[2025.12.21-12.28.47:395][  0]LogD3D11RHI:     DedicatedVideoMemory : 4126146560 bytes
[2025.12.21-12.28.47:395][  0]LogD3D11RHI:     DedicatedSystemMemory : 0 bytes
[2025.12.21-12.28.47:395][  0]LogD3D11RHI:     SharedSystemMemory : 4225654784 bytes
[2025.12.21-12.28.47:395][  0]LogD3D11RHI:     AdapterLuid : 0 69445
[2025.12.21-12.28.47:529][  0]LogD3D11RHI: RHI has support for 64 bit atomics
[2025.12.21-12.28.47:530][  0]LogD3D11RHI: Async texture creation enabled
[2025.12.21-12.28.47:530][  0]LogD3D11RHI: Array index from any shader is supported
[2025.12.21-12.28.47:607][  0]LogD3D11RHI: GPU Timing Frequency: 1000.000000 (Debug: 2 1)
[2025.12.21-12.28.47:761][  0]LogRHI: GeForceNow SDK initialized: 1
[2025.12.21-12.28.51:211][  0]LogTargetPlatformManager: Display: Loaded TargetPlatform 'AllDesktop'
[2025.12.21-12.28.51:288][  0]LogTargetPlatformManager: Display: Loaded TargetPlatform 'Android'
[2025.12.21-12.28.51:288][  0]LogTargetPlatformManager: Display: Loaded TargetPlatform 'Android_ASTC'
[2025.12.21-12.28.51:289][  0]LogTargetPlatformManager: Display: Loaded TargetPlatform 'Android_DXT'
[2025.12.21-12.28.51:289][  0]LogTargetPlatformManager: Display: Loaded TargetPlatform 'Android_ETC2'
[2025.12.21-12.28.51:289][  0]LogTargetPlatformManager: Display: Loaded TargetPlatform 'AndroidClient'
[2025.12.21-12.28.51:289][  0]LogTargetPlatformManager: Display: Loaded TargetPlatform 'Android_ASTCClient'
[2025.12.21-12.28.51:289][  0]LogTargetPlatformManager: Display: Loaded TargetPlatform 'Android_DXTClient'
[2025.12.21-12.28.51:289][  0]LogTargetPlatformManager: Display: Loaded TargetPlatform 'Android_ETC2Client'
[2025.12.21-12.28.51:289][  0]LogTargetPlatformManager: Display: Loaded TargetPlatform 'Android_Multi'
[2025.12.21-12.28.51:289][  0]LogTargetPlatformManager: Display: Loaded TargetPlatform 'Android_MultiClient'
[2025.12.21-12.28.51:423][  0]LogTargetPlatformManager: Display: Loaded TargetPlatform 'IOSClient'
[2025.12.21-12.28.51:423][  0]LogTargetPlatformManager: Display: Loaded TargetPlatform 'IOS'
[2025.12.21-12.28.51:487][  0]LogTargetPlatformManager: Display: Loaded TargetPlatform 'Linux'
[2025.12.21-12.28.51:522][  0]LogTargetPlatformManager: Display: Loaded TargetPlatform 'LinuxNoEditor'
[2025.12.21-12.28.51:555][  0]LogTargetPlatformManager: Display: Loaded TargetPlatform 'LinuxClient'
[2025.12.21-12.28.51:591][  0]LogTargetPlatformManager: Display: Loaded TargetPlatform 'LinuxServer'
[2025.12.21-12.28.51:643][  0]LogTargetPlatformManager: Display: Loaded TargetPlatform 'LinuxAArch64NoEditor'
[2025.12.21-12.28.51:682][  0]LogTargetPlatformManager: Display: Loaded TargetPlatform 'LinuxAArch64Client'
[2025.12.21-12.28.51:717][  0]LogTargetPlatformManager: Display: Loaded TargetPlatform 'LinuxAArch64Server'
[2025.12.21-12.28.51:784][  0]LogTargetPlatformManager: Display: Loaded TargetPlatform 'Lumin'
[2025.12.21-12.28.51:784][  0]LogTargetPlatformManager: Display: Loaded TargetPlatform 'LuminClient'
[2025.12.21-12.28.51:840][  0]LogTargetPlatformManager: Display: Loaded TargetPlatform 'MacNoEditor'
[2025.12.21-12.28.51:879][  0]LogTargetPlatformManager: Display: Loaded TargetPlatform 'Mac'
[2025.12.21-12.28.51:917][  0]LogTargetPlatformManager: Display: Loaded TargetPlatform 'MacClient'
[2025.12.21-12.28.51:958][  0]LogTargetPlatformManager: Display: Loaded TargetPlatform 'MacServer'
[2025.12.21-12.28.52:010][  0]LogTargetPlatformManager: Display: Loaded TargetPlatform 'TVOSClient'
[2025.12.21-12.28.52:010][  0]LogTargetPlatformManager: Display: Loaded TargetPlatform 'TVOS'
[2025.12.21-12.28.52:060][  0]LogTargetPlatformManager: Display: Loaded TargetPlatform 'WindowsNoEditor'
[2025.12.21-12.28.52:107][  0]LogTargetPlatformManager: Display: Loaded TargetPlatform 'Windows'
[2025.12.21-12.28.52:149][  0]LogTargetPlatformManager: Display: Loaded TargetPlatform 'WindowsClient'
[2025.12.21-12.28.52:196][  0]LogTargetPlatformManager: Display: Loaded TargetPlatform 'WindowsServer'
[2025.12.21-12.28.52:196][  0]LogTargetPlatformManager: Display: Building Assets For Windows
[2025.12.21-12.28.52:344][  0]LogAudioDebug: Display: Lib vorbis DLL was dynamically loaded.
[2025.12.21-12.28.52:878][  0]LogTextureFormatOodle: Display: Oodle Texture 2.9.0 init RDO Off
[2025.12.21-12.28.53:556][  0]LogRendererCore: Ray tracing is disabled. Reason: r.RayTracing=0.
[2025.12.21-12.28.53:559][  0]LogShaderCompilers: Guid format shader working directory is -26 characters bigger than the processId version (../../../../../../WORKPLACE/Mini_laboratory/MEPhI_VR_term_1/Mini_laboratory/Intermediate/Shaders/WorkingDirectory/17248/).
[2025.12.21-12.28.53:559][  0]LogShaderCompilers: Cleaned the shader compiler working directory 'C:/Users/Владислав/AppData/Local/Temp/UnrealShaderWorkingDir/B167D4834C68F3CBE4AFB58A169FAE2B/'.
[2025.12.21-12.28.53:562][  0]LogXGEController: Cannot use XGE Controller as Incredibuild is not installed on this machine.
[2025.12.21-12.28.53:563][  0]LogShaderCompilers: Cannot use XGE Shader Compiler as Incredibuild is not installed on this machine.
[2025.12.21-12.28.53:564][  0]LogShaderCompilers: Display: Using Local Shader Compiler.
[2025.12.21-12.29.00:126][  0]LogDerivedDataCache: Display: Max Cache Size: 512 MB
[2025.12.21-12.29.00:276][  0]LogDerivedDataCache: Loaded boot cache 0.15s 94MB C:/Users/Владислав/AppData/Local/UnrealEngine/4.27/DerivedDataCache/Boot.ddc.
[2025.12.21-12.29.00:276][  0]LogDerivedDataCache: Display: Loaded Boot cache: C:/Users/Владислав/AppData/Local/UnrealEngine/4.27/DerivedDataCache/Boot.ddc
[2025.12.21-12.29.00:276][  0]LogDerivedDataCache: FDerivedDataBackendGraph:  Pak pak cache file ../../../../../../WORKPLACE/Mini_laboratory/MEPhI_VR_term_1/Mini_laboratory/DerivedDataCache/DDC.ddp not found, will not use a pak cache.
[2025.12.21-12.29.00:276][  0]LogDerivedDataCache: Unable to find inner node Pak for hierarchical cache Hierarchy.
[2025.12.21-12.29.00:276][  0]LogDerivedDataCache: FDerivedDataBackendGraph:  CompressedPak pak cache file ../../../../../../WORKPLACE/Mini_laboratory/MEPhI_VR_term_1/Mini_laboratory/DerivedDataCache/Compressed.ddp not found, will not use a pak cache.
[2025.12.21-12.29.00:276][  0]LogDerivedDataCache: Unable to find inner node CompressedPak for hierarchical cache Hierarchy.
[2025.12.21-12.29.00:331][  0]LogDerivedDataCache: Display: Pak cache opened for reading ../../../Engine/DerivedDataCache/Compressed.ddp.
[2025.12.21-12.29.00:332][  0]LogDerivedDataCache: FDerivedDataBackendGraph:  EnterprisePak pak cache file ../../../Enterprise/DerivedDataCache/Compressed.ddp not found, will not use a pak cache.
[2025.12.21-12.29.00:332][  0]LogDerivedDataCache: Unable to find inner node EnterprisePak for hierarchical cache Hierarchy.
[2025.12.21-12.29.00:445][  0]LogDerivedDataCache: Speed tests for C:/Users/Владислав/AppData/Local/UnrealEngine/Common/DerivedDataCache took 0.11 seconds
[2025.12.21-12.29.00:445][  0]LogDerivedDataCache: Display: Performance to C:/Users/Владислав/AppData/Local/UnrealEngine/Common/DerivedDataCache: Latency=0.46ms. RandomReadSpeed=9.40MBs, RandomWriteSpeed=111.52MBs. Assigned SpeedClass 'Local'
[2025.12.21-12.29.00:446][  0]LogDerivedDataCache: Using Local data cache path C:/Users/Владислав/AppData/Local/UnrealEngine/Common/DerivedDataCache: Writable
[2025.12.21-12.29.00:446][  0]LogDerivedDataCache: Shared data cache path not found in *engine.ini, will not use an Shared cache.
[2025.12.21-12.29.00:446][  0]LogDerivedDataCache: Unable to find inner node Shared for hierarchical cache Hierarchy.
[2025.12.21-12.29.00:525][  0]LogSlate: Using FreeType 2.10.0
[2025.12.21-12.29.00:549][  0]LogSlate: SlateFontServices - WITH_FREETYPE: 1, WITH_HARFBUZZ: 1
[2025.12.21-12.29.01:715][  0]LogAssetRegistry: FAssetRegistry took 0.0084 seconds to start up
[2025.12.21-12.29.02:393][  0]LogInit: Selected Device Profile: [Windows]
[2025.12.21-12.29.02:393][  0]LogInit: Active device profile: [0000021590335100][000002158B35CD40 49] Windows
[2025.12.21-12.29.02:393][  0]LogInit: Profiles: [0000021590335100][000002158B35CD40 49] Windows, [00000215902F6C00][000002158E476EC0 49] WindowsNoEditor, [0000021590336200][000002158E473040 49] WindowsServer, [00000215902F5E00][000002158E46F1C0 49] WindowsClient, [0000021590335700][00000215F5EDD340 49] IOS, [00000215902F6E00][000002158BD8D4C0 49] iPadAir, [0000021590337C00][00000215F5ED5640 49] iPadAir2, [00000215902A5400][000002158B373900 49] IPadPro, [00000215902A5500][00000215F5ED9940 49] iPadAir3, [00000215902F7F00][000002158E2C9AC0 49] iPadAir4, [00000215902A6300][000002158E2DE0C0 49] iPadMini2, [00000215902F7600][000002158E2E2240 49] iPadMini3, [00000215902A6F00][000002158E2E63C0 49] iPadMini4, [00000215902F6300][000002158E2EA540 49] iPadMini5, [00000215902D1000][000002159069C800 49] iPhone6, [00000215902D1100][0000021590698840 49] iPodTouch6, [0000021590337900][00000215906A4B00 49] iPhone7, [0000021590336900][00000215906A0B40 49] iPodTouch7, [00000215902A5000][000002158E47AC80 49] iPhone5S, [0000021590336F00][00000215906A8DC0 49] iPhone6Plus, [00000215902A7600][00000215906ACF00 49] iPhone6S, [0000021590334C00][000002158BE09080 49] iPhone6SPlus, [0000021590335D00][000002158BE0D200 49] iPhone7Plus, [00000215902D0800][000002158BE11380 49] iPhoneSE, [0000021590334400][000002158BE15500 49] iPhone8, [00000215902D0900][000002158BE19680 49] iPhone8Plus, [00000215902D2E00][000002158BE1D800 49] iPhoneX, [00000215902A5D00][000002158BE21980 49] iPhoneXS, [00000215902D2700][000002158B2EFB00 49] iPhoneXSMax, [00000215902A5C00][000002158B2F2100 49] iPhoneXR, [00000215902D2800][000002158B2F6280 49] iPhone11, [00000215902A4F00][000002158B2FA400 49] iPhone11Pro, [00000215902D0B00][000002158B2FE580 49] iPhone11ProMax, [00000215902A4D00][000002158B302700 49] iPhoneSE2, [00000215902D0E00][000002158B306880 49] iPhone12Mini, [0000021590337800][000002158B30AA00 49] iPhone12, [00000215902D3000][000002158B30EB80 49] iPhone12Pro, [0000021590337700][000002158B312D00 49] iPhone12ProMax, [00000215902D1E00][000002158BE04E40 49] iPadPro105, [0000021590335300][000002158B316F80 49] iPadPro129, [00000215902D3E00][000002158B31B0C0 49] iPadPro97, [0000021590335C00][000002158B323240 49] iPadPro2_129, [00000215902D2000][000002158B3273C0 49] iPad5, [0000021590336300][000002158B32B540 49] iPad6, [00000215902D3B00][000002158B32F6C0 49] iPad7, [0000021590335E00][000002158B333840 49] iPad8, [00000215902D0A00][000002158B3379C0 49] iPadPro11, [0000021590336600][000002158B33BB40 49] iPadPro2_11, [00000215902D0F00][000002158B33E140 49] iPadPro3_129, [0000021590336800][000002158B3422C0 49] iPadPro4_129, [00000215902D3C00][000002158B346440 49] AppleTV, [0000021590335A00][000002158B34A5C0 49] AppleTV4K, [00000215902D2600][000002158B34E740 49] TVOS, [0000021590336100][000002158B3528C0 49] Mac, [00000215902D2F00][000002158B356A40 49] MacClient, [0000021590336A00][00000215907B6BC0 49] MacNoEditor, [00000215902D2C00][00000215907BAD40 49] MacServer, [0000021590337000][00000215907BEEC0 49] Linux, [00000215902D0400][000002158B31F000 49] LinuxAArch64, [0000021590334700][00000215907C3140 49] LinuxNoEditor, [00000215902D3700][00000215907C7280 49] LinuxAArch64NoEditor, [0000021590337B00][00000215907CB3C0 49] LinuxClient, [00000215902D3400][00000215907D3540 49] LinuxAArch64Client, [0000021590337E00][00000215907D76C0 49] LinuxServer, [00000215902D0700][00000215907DB840 49] LinuxAArch64Server, [0000021590335F00][00000215907DF9C0 49] Android, [00000215902D2A00][00000215907E3B40 49] Android_Low, [0000021590336D00][00000215907E6140 49] Android_Mid, [00000215902D1F00][00000215907EA2C0 49] Android_High, [0000021590336B00][00000215907EE440 49] Android_Default, [00000215902D0100][00000215907F25C0 49] Android_Adreno4xx, [0000021590334500][00000215907F6740 49] Android_Adreno5xx_Low, [00000215902D1400][00000215907FA8C0 49] Android_Adreno5xx, [0000021590337400][00000215907FEA40 49] Android_Adreno6xx, [00000215902D2300][0000021590802BC0 49] Android_Adreno6xx_Vulkan, [0000021590337D00][0000021590806D40 49] Android_Mali_T6xx, [00000215902D0200][000002159080AEC0 49] Android_Mali_T7xx, [0000021590337600][000002159080F040 49] Android_Mali_T8xx, [00000215902D3200][00000215907CF180 49] Android_Mali_G71, [00000215902A7100][00000215908132C0 49] Android_Mali_G72, [00000215902F7400][0000021590817400 49] Android_Mali_G72_Vulkan, [00000215902A6B00][000002159081B540 49] Android_Mali_G76, [00000215902F4500][00000215908236C0 49] Android_Mali_G76_Vulkan, [00000215902A4C00][0000021590827840 49] Android_Mali_G77, [00000215902F4600][000002159082B9C0 49] Android_Mali_G77_Vulkan, [00000215902A6400][000002159082FB40 49] Android_Mali_G78, [00000215902F4D00][0000021590832140 49] Android_Mali_G78_Vulkan, [00000215902A7D00][00000215908362C0 49] Android_Mali_G710, [00000215902F7000][000002159083A440 49] Android_Mali_G710_Vulkan, [00000215902A6A00][000002159083E5C0 49] Android_Vulkan_SM5, [00000215902F5F00][0000021590842740 49] Android_PowerVR_G6xxx, [00000215902A4500][00000215908468C0 49] Android_PowerVR_GT7xxx, [00000215902F4200][000002159084AA40 49] Android_PowerVR_GE8xxx, [00000215902A7B00][000002159084EBC0 49] Android_PowerVR_GM9xxx, [00000215902F6600][0000021590852D40 49] Android_PowerVR_GM9xxx_Vulkan, [00000215902A5F00][0000021590856EC0 49] Android_TegraK1, [00000215902F4A00][000002159085B040 49] Android_Unknown_Vulkan, [00000215902A7900][000002159085F1C0 49] Lumin, [00000215902F5100][0000021590863340 49] Lumin_Desktop, [00000215902A6000][000002159081F480 49] HoloLens, 
[2025.12.21-12.29.03:627][  0]LogMeshReduction: Using QuadricMeshReduction for automatic static mesh reduction
[2025.12.21-12.29.03:627][  0]LogMeshReduction: Using SimplygonMeshReduction for automatic skeletal mesh reduction
[2025.12.21-12.29.03:627][  0]LogMeshReduction: Using ProxyLODMeshReduction for automatic mesh merging
[2025.12.21-12.29.03:627][  0]LogMeshReduction: No distributed automatic mesh merging module available
[2025.12.21-12.29.03:627][  0]LogMeshMerging: No distributed automatic mesh merging module available
[2025.12.21-12.29.03:785][  0]LogNetVersion: Mini_laboratory 1.0.0, NetCL: 17155196, EngineNetVer: 17, GameNetVer: 0 (Checksum: 65826005)
[2025.12.21-12.29.09:569][  0]LogTexture: Default maximum texture size for cubemaps generated from long-lat sources has been changed from 512 to unlimited. In order to preserve old behaiour for '/Engine/MapTemplates/Sky/DaylightAmbientCubemap.DaylightAmbientCubemap', its maximum texture size has been explicitly set to 512.
[2025.12.21-12.29.09:833][  0]LogHMD: PokeAHoleMaterial loaded successfully
[2025.12.21-12.29.09:850][  0]LogUObjectArray: 17178 objects as part of root set at end of initial load.
[2025.12.21-12.29.09:850][  0]LogUObjectAllocator: 4302048 out of 0 bytes used by permanent object pool.
[2025.12.21-12.29.09:851][  0]LogUObjectArray: CloseDisregardForGC: 0/0 objects in disregard for GC pool
[2025.12.21-12.29.13:249][  0]LogNiagaraDebuggerClient: Niagara Debugger Client Initialized | Session: 25AF9194435BAE0B6012AA9BD4DF433D | Instance: C40F03C14C0C4FF41C6253A793E8D71E (LAPTOP-RE3L13LG-17248).
[2025.12.21-12.29.14:440][  0]LogTcpMessaging: Initializing TcpMessaging bridge
[2025.12.21-12.29.14:489][  0]LogUdpMessaging: Initializing bridge on interface 0.0.0.0:0 to multicast group 230.0.0.1:6666.
[2025.12.21-12.29.14:667][  0]LogPython: Using Python 3.7.7
[2025.12.21-12.29.18:026][  0]SourceControl: Source control is disabled
[2025.12.21-12.29.18:027][  0]SourceControl: Source control is disabled
[2025.12.21-12.29.18:111][  0]SourceControl: Source control is disabled
[2025.12.21-12.29.18:159][  0]SourceControl: Source control is disabled
[2025.12.21-12.29.18:203][  0]SourceControl: Source control is disabled
[2025.12.21-12.29.18:325][  0]LogUProjectInfo: Found projects:
[2025.12.21-12.29.20:210][  0]LogOpenImageDenoise: OIDN starting up
[2025.12.21-12.29.20:431][  0]LogAndroidPermission: UAndroidPermissionCallbackProxy::GetInstance
[2025.12.21-12.29.20:607][  0]LogAudioCaptureCore: Display: No Audio Capture implementations found. Audio input will be silent.
[2025.12.21-12.29.20:607][  0]LogAudioCaptureCore: Display: No Audio Capture implementations found. Audio input will be silent.
[2025.12.21-12.29.21:735][  0]LogCollectionManager: Loaded 0 collections in 0.000752 seconds
[2025.12.21-12.29.21:919][  0]LogFileCache: Scanning file cache for directory 'D:/WORKPLACE/Mini_laboratory/MEPhI_VR_term_1/Mini_laboratory/Saved/Collections/' took 0.00s
[2025.12.21-12.29.21:919][  0]LogFileCache: Scanning file cache for directory 'D:/WORKPLACE/Mini_laboratory/MEPhI_VR_term_1/Mini_laboratory/Content/Developers/Vladislav/Collections/' took 0.00s
[2025.12.21-12.29.21:919][  0]LogFileCache: Scanning file cache for directory 'D:/WORKPLACE/Mini_laboratory/MEPhI_VR_term_1/Mini_laboratory/Content/Collections/' took 0.00s
[2025.12.21-12.29.21:919][  0]LogOcInput: OculusInput pre-init called
[2025.12.21-12.29.23:009][  0]LogEngine: Initializing Engine...
[2025.12.21-12.29.23:135][  0]LogHMD: Failed to enumerate extensions. Please check that you have a valid OpenXR runtime installed.
[2025.12.21-12.29.23:136][  0]LogHMD: Failed to initialize OpenVR with code 110
[2025.12.21-12.29.23:137][  0]LogMagicLeap: Warning: VR disabled because ZI is not enabled.  To enable, in the editor, Edit -> Project Settings -> Plugins -> Magic Leap Plugin -> Enable Zero Iteration
[2025.12.21-12.29.23:144][  0]LogStats: UGameplayTagsManager::InitializeManager -  0.002 s
[2025.12.21-12.29.23:668][  0]LogInit: Initializing FReadOnlyCVARCache
[2025.12.21-12.29.23:839][  0]LogAIModule: Creating AISystem for world Untitled
[2025.12.21-12.29.23:858][  0]LogAudio: Display: Initializing Audio Device Manager...
[2025.12.21-12.29.23:911][  0]LogAudio: Display: Loading Default Audio Settings Objects...
[2025.12.21-12.29.23:920][  0]LogAudio: Display: No default SoundConcurrencyObject specified (or failed to load).
[2025.12.21-12.29.23:923][  0]LogAudio: Display: Audio Device Manager Initialized
[2025.12.21-12.29.23:923][  0]LogAudio: Display: Creating Audio Device:                 Id: 1, Scope: Shared, Realtime: True
[2025.12.21-12.29.23:925][  0]LogAudioMixer: Display: Audio Mixer Platform Settings:
[2025.12.21-12.29.23:925][  0]LogAudioMixer: Display: 	Sample Rate:						  48000
[2025.12.21-12.29.23:925][  0]LogAudioMixer: Display: 	Callback Buffer Frame Size Requested: 1024
[2025.12.21-12.29.23:925][  0]LogAudioMixer: Display: 	Callback Buffer Frame Size To Use:	  1024
[2025.12.21-12.29.23:925][  0]LogAudioMixer: Display: 	Number of buffers to queue:			  2
[2025.12.21-12.29.23:925][  0]LogAudioMixer: Display: 	Max Channels (voices):				  32
[2025.12.21-12.29.23:925][  0]LogAudioMixer: Display: 	Number of Async Source Workers:		  0
[2025.12.21-12.29.23:925][  0]LogAudio: Display: AudioDevice MaxSources: 32
[2025.12.21-12.29.23:930][  0]LogAudio: Display: Audio Spatialization Plugin: None (built-in).
[2025.12.21-12.29.23:930][  0]LogAudio: Display: Audio Reverb Plugin: None (built-in).
[2025.12.21-12.29.23:930][  0]LogAudio: Display: Audio Occlusion Plugin: None (built-in).
[2025.12.21-12.29.23:930][  0]LogAudioMixer: Display: Initializing audio mixer.
[2025.12.21-12.29.24:021][  0]LogAudioMixer: Display: 0: FrontLeft
[2025.12.21-12.29.24:021][  0]LogAudioMixer: Display: 1: FrontRight
[2025.12.21-12.29.24:552][  0]LogAudioMixer: Display: Using Audio Device Динамики (Realtek(R) Audio)
[2025.12.21-12.29.24:558][  0]LogAudioMixer: Display: Initializing Sound Submixes...
[2025.12.21-12.29.24:616][  0]LogAudioMixer: Display: Creating Master Submix 'MasterSubmixDefault'
[2025.12.21-12.29.24:616][  0]LogAudioMixer: Display: Creating Master Submix 'MasterReverbSubmixDefault'
[2025.12.21-12.29.24:618][  0]LogAudioMixer: Display: Creating Master Submix 'MasterEQSubmixDefault'
[2025.12.21-12.29.24:619][  0]LogAudioMixer: FMixerPlatformXAudio2::StartAudioStream() called
[2025.12.21-12.29.24:619][  0]LogAudioMixer: Display: Output buffers initialized: Frames=1024, Channels=2, Samples=2048
[2025.12.21-12.29.24:620][  0]LogAudioMixer: Display: Starting AudioMixerPlatformInterface::RunInternal()
[2025.12.21-12.29.24:620][  0]LogAudioMixer: Display: FMixerPlatformXAudio2::SubmitBuffer() called for the first time
[2025.12.21-12.29.24:620][  0]LogInit: FAudioDevice initialized.
[2025.12.21-12.29.24:621][  0]LogAudio: Display: Audio Device (ID: 1) registered with world 'Untitled'.
[2025.12.21-12.29.24:623][  0]LogNetVersion: Set ProjectVersion to 1.0.0.0. Version Checksum will be recalculated on next use.
[2025.12.21-12.29.24:729][  0]LogDerivedDataCache: Saved boot cache 0.11s 94MB C:/Users/Владислав/AppData/Local/UnrealEngine/4.27/DerivedDataCache/Boot.ddc.
[2025.12.21-12.29.24:809][  0]LogInit: Texture streaming: Enabled
[2025.12.21-12.29.25:025][  0]LogAnalytics: Display: [UEEditor.Rocket.Release] APIServer = https://datarouter.ol.epicgames.com/. AppVersion = 4.27.2-18319896+++UE4+Release-4.27
[2025.12.21-12.29.25:063][  0]LogEngineSessionManager: EngineSessionManager initialized
[2025.12.21-12.29.25:064][  0]LogEditorSessionSummary: Verbose: Initializing EditorSessionSummaryWriter for editor session tracking
[2025.12.21-12.29.25:068][  0]LogEditorSessionSummary: EditorSessionSummaryWriter initialized
[2025.12.21-12.29.25:215][  0]LogInit: Transaction tracking system initialized
[2025.12.21-12.29.25:500][  0]BlueprintLog: New page: Editor Load
[2025.12.21-12.29.26:484][  0]LocalizationService: Localization service is disabled
[2025.12.21-12.29.26:796][  0]TimingProfiler: Initialize
[2025.12.21-12.29.26:798][  0]TimingProfiler: OnSessionChanged
[2025.12.21-12.29.26:798][  0]LoadingProfiler: Initialize
[2025.12.21-12.29.26:799][  0]LoadingProfiler: OnSessionChanged
[2025.12.21-12.29.26:799][  0]NetworkingProfiler: Initialize
[2025.12.21-12.29.26:800][  0]NetworkingProfiler: OnSessionChanged
[2025.12.21-12.29.26:800][  0]MemoryProfiler: Initialize
[2025.12.21-12.29.26:800][  0]MemoryProfiler: OnSessionChanged
[2025.12.21-12.29.27:935][  0]LogCook: Display: CookSettings for Memory: MemoryMaxUsedVirtual 0MiB, MemoryMaxUsedPhysical 16384MiB, MemoryMinFreeVirtual 0MiB, MemoryMinFreePhysical 1024MiB
[2025.12.21-12.29.27:935][  0]LogCook: Display: Mobile HDR setting 1
[2025.12.21-12.29.28:798][  0]LogFileCache: Scanning file cache for directory 'D:/WORKPLACE/Mini_laboratory/MEPhI_VR_term_1/Mini_laboratory/Content/' took 0.02s
[2025.12.21-12.29.30:420][  0]LogInit: Display: Engine is initialized. Leaving FEngineLoop::Init()
[2025.12.21-12.29.30:437][  0]SourceControl: Source control is disabled
[2025.12.21-12.29.30:437][  0]LogUnrealEdMisc: Loading editor; pre map load, took 58.668
[2025.12.21-12.29.30:440][  0]Cmd: MAP LOAD FILE="../../../../../../WORKPLACE/Mini_laboratory/MEPhI_VR_term_1/Mini_laboratory/Content/Workplace/Maps/StartMenu.umap" TEMPLATE=0 SHOWPROGRESS=1 FEATURELEVEL=3
[2025.12.21-12.29.30:455][  0]LightingResults: New page: Lighting Build
[2025.12.21-12.29.30:470][  0]LogWorld: UWorld::CleanupWorld for Untitled, bSessionEnded=true, bCleanupResources=true
[2025.12.21-12.29.30:474][  0]LogSlate: InvalidateAllWidgets triggered.  All widgets were invalidated
[2025.12.21-12.29.30:478][  0]MapCheck: New page: Map Check
[2025.12.21-12.29.30:478][  0]LightingResults: New page: Lighting Build
[2025.12.21-12.29.30:503][  0]LogAudio: Display: Audio Device unregistered from world 'None'.
[2025.12.21-12.29.30:524][  0]LogUObjectHash: Compacting FUObjectHashTables data took   1.42ms
[2025.12.21-12.29.31:058][  0]LogAudio: Display: Audio Device (ID: 1) registered with world 'StartMenu'.
[2025.12.21-12.29.31:060][  0]LogAIModule: Creating AISystem for world StartMenu
[2025.12.21-12.29.31:070][  0]LogEditorServer: Finished looking for orphan Actors (0.000 secs)
[2025.12.21-12.29.31:090][  0]LogUObjectHash: Compacting FUObjectHashTables data took   1.30ms
[2025.12.21-12.29.31:092][  0]Cmd: MAP CHECKDEP NOCLEARLOG
[2025.12.21-12.29.31:093][  0]MapCheck: Map check complete: 0 Error(s), 0 Warning(s), took 0,366ms to complete.
[2025.12.21-12.29.31:093][  0]LogFileHelpers: Loading map 'StartMenu' took 0.654
[2025.12.21-12.29.31:176][  0]LogUnrealEdMisc: Total Editor Startup Time, took 59.407
[2025.12.21-12.29.31:429][  0]LogSlate: Updating window title bar state: overlay mode, drag disabled, window buttons hidden, title bar hidden
[2025.12.21-12.29.31:439][  0]LogSlate: Updating window title bar state: overlay mode, drag disabled, window buttons hidden, title bar hidden
[2025.12.21-12.29.31:447][  0]LogSlate: Updating window title bar state: overlay mode, drag disabled, window buttons hidden, title bar hidden
[2025.12.21-12.29.31:456][  0]LogSlate: Updating window title bar state: overlay mode, drag disabled, window buttons hidden, title bar hidden
[2025.12.21-12.29.31:547][  0]LogNativeClassHierarchy: Verbose: Native class hierarchy populated in 0.0136 seconds. Added 3822 classes and 928 folders.
[2025.12.21-12.29.31:570][  0]LogNativeClassHierarchy: Verbose: Native class hierarchy updated for 'WidgetCarousel' in 0.0003 seconds. Added 0 classes and 0 folders.
[2025.12.21-12.29.31:614][  0]LogPakFile: PakFile PrimaryIndexSize=187
[2025.12.21-12.29.31:614][  0]LogPakFile: PakFile PathHashIndexSize=101
[2025.12.21-12.29.31:614][  0]LogPakFile: PakFile FullDirectoryIndexSize=148
[2025.12.21-12.29.31:616][  0]LogShaderLibrary: Display: ShaderCodeLibraryPakFileMountedCallback: PakFile 'D:/Progams on PC/Unreal/UE_4.27/FeaturePacks/FP_FirstPerson.upack' (chunk index -1, root 'root:/') mounted
[2025.12.21-12.29.31:616][  0]LogShaderLibrary: Display: ShaderCodeLibraryPakFileMountedCallback: pending pak file info (ChunkID:-1 Root:root:/ File:D:/Progams on PC/Unreal/UE_4.27/FeaturePacks/FP_FirstPerson.upack)
[2025.12.21-12.29.31:616][  0]LogPakFile: OnPakFileMounted2Time == 0.001933
[2025.12.21-12.29.31:635][  0]LogPakFile: PakFile PrimaryIndexSize=189
[2025.12.21-12.29.31:635][  0]LogPakFile: PakFile PathHashIndexSize=101
[2025.12.21-12.29.31:635][  0]LogPakFile: PakFile FullDirectoryIndexSize=152
[2025.12.21-12.29.31:635][  0]LogShaderLibrary: Display: ShaderCodeLibraryPakFileMountedCallback: PakFile 'D:/Progams on PC/Unreal/UE_4.27/FeaturePacks/FP_FirstPersonBP.upack' (chunk index -1, root 'root:/') mounted
[2025.12.21-12.29.31:636][  0]LogShaderLibrary: Display: ShaderCodeLibraryPakFileMountedCallback: pending pak file info (ChunkID:-1 Root:root:/ File:D:/Progams on PC/Unreal/UE_4.27/FeaturePacks/FP_FirstPersonBP.upack)
[2025.12.21-12.29.31:636][  0]LogPakFile: OnPakFileMounted2Time == 0.000125
[2025.12.21-12.29.31:648][  0]LogPakFile: PakFile PrimaryIndexSize=191
[2025.12.21-12.29.31:648][  0]LogPakFile: PakFile PathHashIndexSize=101
[2025.12.21-12.29.31:648][  0]LogPakFile: PakFile FullDirectoryIndexSize=160
[2025.12.21-12.29.31:649][  0]LogShaderLibrary: Display: ShaderCodeLibraryPakFileMountedCallback: PakFile 'D:/Progams on PC/Unreal/UE_4.27/FeaturePacks/MobileStarterContent.upack' (chunk index -1, root 'root:/') mounted
[2025.12.21-12.29.31:649][  0]LogShaderLibrary: Display: ShaderCodeLibraryPakFileMountedCallback: pending pak file info (ChunkID:-1 Root:root:/ File:D:/Progams on PC/Unreal/UE_4.27/FeaturePacks/MobileStarterContent.upack)
[2025.12.21-12.29.31:649][  0]LogPakFile: OnPakFileMounted2Time == 0.000114
[2025.12.21-12.29.31:661][  0]LogPakFile: PakFile PrimaryIndexSize=185
[2025.12.21-12.29.31:661][  0]LogPakFile: PakFile PathHashIndexSize=101
[2025.12.21-12.29.31:661][  0]LogPakFile: PakFile FullDirectoryIndexSize=148
[2025.12.21-12.29.31:661][  0]LogShaderLibrary: Display: ShaderCodeLibraryPakFileMountedCallback: PakFile 'D:/Progams on PC/Unreal/UE_4.27/FeaturePacks/StarterContent.upack' (chunk index -1, root 'root:/') mounted
[2025.12.21-12.29.31:661][  0]LogShaderLibrary: Display: ShaderCodeLibraryPakFileMountedCallback: pending pak file info (ChunkID:-1 Root:root:/ File:D:/Progams on PC/Unreal/UE_4.27/FeaturePacks/StarterContent.upack)
[2025.12.21-12.29.31:661][  0]LogPakFile: OnPakFileMounted2Time == 0.000046
[2025.12.21-12.29.31:672][  0]LogPakFile: PakFile PrimaryIndexSize=190
[2025.12.21-12.29.31:672][  0]LogPakFile: PakFile PathHashIndexSize=101
[2025.12.21-12.29.31:672][  0]LogPakFile: PakFile FullDirectoryIndexSize=154
[2025.12.21-12.29.31:672][  0]LogShaderLibrary: Display: ShaderCodeLibraryPakFileMountedCallback: PakFile 'D:/Progams on PC/Unreal/UE_4.27/FeaturePacks/TP_2DSideScroller.upack' (chunk index -1, root 'root:/') mounted
[2025.12.21-12.29.31:672][  0]LogShaderLibrary: Display: ShaderCodeLibraryPakFileMountedCallback: pending pak file info (ChunkID:-1 Root:root:/ File:D:/Progams on PC/Unreal/UE_4.27/FeaturePacks/TP_2DSideScroller.upack)
[2025.12.21-12.29.31:672][  0]LogPakFile: OnPakFileMounted2Time == 0.000044
[2025.12.21-12.29.31:682][  0]LogPakFile: PakFile PrimaryIndexSize=192
[2025.12.21-12.29.31:682][  0]LogPakFile: PakFile PathHashIndexSize=101
[2025.12.21-12.29.31:682][  0]LogPakFile: PakFile FullDirectoryIndexSize=158
[2025.12.21-12.29.31:682][  0]LogShaderLibrary: Display: ShaderCodeLibraryPakFileMountedCallback: PakFile 'D:/Progams on PC/Unreal/UE_4.27/FeaturePacks/TP_2DSideScrollerBP.upack' (chunk index -1, root 'root:/') mounted
[2025.12.21-12.29.31:682][  0]LogShaderLibrary: Display: ShaderCodeLibraryPakFileMountedCallback: pending pak file info (ChunkID:-1 Root:root:/ File:D:/Progams on PC/Unreal/UE_4.27/FeaturePacks/TP_2DSideScrollerBP.upack)
[2025.12.21-12.29.31:682][  0]LogPakFile: OnPakFileMounted2Time == 0.000037
[2025.12.21-12.29.31:693][  0]LogPakFile: PakFile PrimaryIndexSize=182
[2025.12.21-12.29.31:693][  0]LogPakFile: PakFile PathHashIndexSize=101
[2025.12.21-12.29.31:693][  0]LogPakFile: PakFile FullDirectoryIndexSize=138
[2025.12.21-12.29.31:693][  0]LogShaderLibrary: Display: ShaderCodeLibraryPakFileMountedCallback: PakFile 'D:/Progams on PC/Unreal/UE_4.27/FeaturePacks/TP_Flying.upack' (chunk index -1, root 'root:/') mounted
[2025.12.21-12.29.31:693][  0]LogShaderLibrary: Display: ShaderCodeLibraryPakFileMountedCallback: pending pak file info (ChunkID:-1 Root:root:/ File:D:/Progams on PC/Unreal/UE_4.27/FeaturePacks/TP_Flying.upack)
[2025.12.21-12.29.31:693][  0]LogPakFile: OnPakFileMounted2Time == 0.000040
[2025.12.21-12.29.31:705][  0]LogPakFile: PakFile PrimaryIndexSize=184
[2025.12.21-12.29.31:705][  0]LogPakFile: PakFile PathHashIndexSize=101
[2025.12.21-12.29.31:705][  0]LogPakFile: PakFile FullDirectoryIndexSize=142
[2025.12.21-12.29.31:705][  0]LogShaderLibrary: Display: ShaderCodeLibraryPakFileMountedCallback: PakFile 'D:/Progams on PC/Unreal/UE_4.27/FeaturePacks/TP_FlyingBP.upack' (chunk index -1, root 'root:/') mounted
[2025.12.21-12.29.31:705][  0]LogShaderLibrary: Display: ShaderCodeLibraryPakFileMountedCallback: pending pak file info (ChunkID:-1 Root:root:/ File:D:/Progams on PC/Unreal/UE_4.27/FeaturePacks/TP_FlyingBP.upack)
[2025.12.21-12.29.31:705][  0]LogPakFile: OnPakFileMounted2Time == 0.000038
[2025.12.21-12.29.31:723][  0]LogPakFile: PakFile PrimaryIndexSize=188
[2025.12.21-12.29.31:723][  0]LogPakFile: PakFile PathHashIndexSize=101
[2025.12.21-12.29.31:723][  0]LogPakFile: PakFile FullDirectoryIndexSize=150
[2025.12.21-12.29.31:724][  0]LogShaderLibrary: Display: ShaderCodeLibraryPakFileMountedCallback: PakFile 'D:/Progams on PC/Unreal/UE_4.27/FeaturePacks/TP_HandheldARBP.upack' (chunk index -1, root 'root:/') mounted
[2025.12.21-12.29.31:724][  0]LogShaderLibrary: Display: ShaderCodeLibraryPakFileMountedCallback: pending pak file info (ChunkID:-1 Root:root:/ File:D:/Progams on PC/Unreal/UE_4.27/FeaturePacks/TP_HandheldARBP.upack)
[2025.12.21-12.29.31:724][  0]LogPakFile: OnPakFileMounted2Time == 0.000058
[2025.12.21-12.29.31:738][  0]LogPakFile: PakFile PrimaryIndexSize=182
[2025.12.21-12.29.31:738][  0]LogPakFile: PakFile PathHashIndexSize=101
[2025.12.21-12.29.31:738][  0]LogPakFile: PakFile FullDirectoryIndexSize=138
[2025.12.21-12.29.31:738][  0]LogShaderLibrary: Display: ShaderCodeLibraryPakFileMountedCallback: PakFile 'D:/Progams on PC/Unreal/UE_4.27/FeaturePacks/TP_Puzzle.upack' (chunk index -1, root 'root:/') mounted
[2025.12.21-12.29.31:738][  0]LogShaderLibrary: Display: ShaderCodeLibraryPakFileMountedCallback: pending pak file info (ChunkID:-1 Root:root:/ File:D:/Progams on PC/Unreal/UE_4.27/FeaturePacks/TP_Puzzle.upack)
[2025.12.21-12.29.31:738][  0]LogPakFile: OnPakFileMounted2Time == 0.000090
[2025.12.21-12.29.31:749][  0]LogPakFile: PakFile PrimaryIndexSize=184
[2025.12.21-12.29.31:749][  0]LogPakFile: PakFile PathHashIndexSize=101
[2025.12.21-12.29.31:749][  0]LogPakFile: PakFile FullDirectoryIndexSize=142
[2025.12.21-12.29.31:749][  0]LogShaderLibrary: Display: ShaderCodeLibraryPakFileMountedCallback: PakFile 'D:/Progams on PC/Unreal/UE_4.27/FeaturePacks/TP_PuzzleBP.upack' (chunk index -1, root 'root:/') mounted
[2025.12.21-12.29.31:749][  0]LogShaderLibrary: Display: ShaderCodeLibraryPakFileMountedCallback: pending pak file info (ChunkID:-1 Root:root:/ File:D:/Progams on PC/Unreal/UE_4.27/FeaturePacks/TP_PuzzleBP.upack)
[2025.12.21-12.29.31:749][  0]LogPakFile: OnPakFileMounted2Time == 0.000044
[2025.12.21-12.29.31:762][  0]LogPakFile: PakFile PrimaryIndexSize=183
[2025.12.21-12.29.31:762][  0]LogPakFile: PakFile PathHashIndexSize=101
[2025.12.21-12.29.31:762][  0]LogPakFile: PakFile FullDirectoryIndexSize=140
[2025.12.21-12.29.31:762][  0]LogShaderLibrary: Display: ShaderCodeLibraryPakFileMountedCallback: PakFile 'D:/Progams on PC/Unreal/UE_4.27/FeaturePacks/TP_Rolling.upack' (chunk index -1, root 'root:/') mounted
[2025.12.21-12.29.31:762][  0]LogShaderLibrary: Display: ShaderCodeLibraryPakFileMountedCallback: pending pak file info (ChunkID:-1 Root:root:/ File:D:/Progams on PC/Unreal/UE_4.27/FeaturePacks/TP_Rolling.upack)
[2025.12.21-12.29.31:762][  0]LogPakFile: OnPakFileMounted2Time == 0.000042
[2025.12.21-12.29.31:774][  0]LogPakFile: PakFile PrimaryIndexSize=185
[2025.12.21-12.29.31:774][  0]LogPakFile: PakFile PathHashIndexSize=101
[2025.12.21-12.29.31:774][  0]LogPakFile: PakFile FullDirectoryIndexSize=144
[2025.12.21-12.29.31:774][  0]LogShaderLibrary: Display: ShaderCodeLibraryPakFileMountedCallback: PakFile 'D:/Progams on PC/Unreal/UE_4.27/FeaturePacks/TP_RollingBP.upack' (chunk index -1, root 'root:/') mounted
[2025.12.21-12.29.31:774][  0]LogShaderLibrary: Display: ShaderCodeLibraryPakFileMountedCallback: pending pak file info (ChunkID:-1 Root:root:/ File:D:/Progams on PC/Unreal/UE_4.27/FeaturePacks/TP_RollingBP.upack)
[2025.12.21-12.29.31:774][  0]LogPakFile: OnPakFileMounted2Time == 0.000039
[2025.12.21-12.29.31:785][  0]LogPakFile: PakFile PrimaryIndexSize=188
[2025.12.21-12.29.31:785][  0]LogPakFile: PakFile PathHashIndexSize=101
[2025.12.21-12.29.31:786][  0]LogPakFile: PakFile FullDirectoryIndexSize=150
[2025.12.21-12.29.31:786][  0]LogShaderLibrary: Display: ShaderCodeLibraryPakFileMountedCallback: PakFile 'D:/Progams on PC/Unreal/UE_4.27/FeaturePacks/TP_SideScroller.upack' (chunk index -1, root 'root:/') mounted
[2025.12.21-12.29.31:786][  0]LogShaderLibrary: Display: ShaderCodeLibraryPakFileMountedCallback: pending pak file info (ChunkID:-1 Root:root:/ File:D:/Progams on PC/Unreal/UE_4.27/FeaturePacks/TP_SideScroller.upack)
[2025.12.21-12.29.31:786][  0]LogPakFile: OnPakFileMounted2Time == 0.000115
[2025.12.21-12.29.31:797][  0]LogPakFile: PakFile PrimaryIndexSize=190
[2025.12.21-12.29.31:797][  0]LogPakFile: PakFile PathHashIndexSize=101
[2025.12.21-12.29.31:797][  0]LogPakFile: PakFile FullDirectoryIndexSize=154
[2025.12.21-12.29.31:797][  0]LogShaderLibrary: Display: ShaderCodeLibraryPakFileMountedCallback: PakFile 'D:/Progams on PC/Unreal/UE_4.27/FeaturePacks/TP_SideScrollerBP.upack' (chunk index -1, root 'root:/') mounted
[2025.12.21-12.29.31:797][  0]LogShaderLibrary: Display: ShaderCodeLibraryPakFileMountedCallback: pending pak file info (ChunkID:-1 Root:root:/ File:D:/Progams on PC/Unreal/UE_4.27/FeaturePacks/TP_SideScrollerBP.upack)
[2025.12.21-12.29.31:797][  0]LogPakFile: OnPakFileMounted2Time == 0.000037
[2025.12.21-12.29.31:809][  0]LogPakFile: PakFile PrimaryIndexSize=187
[2025.12.21-12.29.31:809][  0]LogPakFile: PakFile PathHashIndexSize=101
[2025.12.21-12.29.31:809][  0]LogPakFile: PakFile FullDirectoryIndexSize=148
[2025.12.21-12.29.31:809][  0]LogShaderLibrary: Display: ShaderCodeLibraryPakFileMountedCallback: PakFile 'D:/Progams on PC/Unreal/UE_4.27/FeaturePacks/TP_ThirdPerson.upack' (chunk index -1, root 'root:/') mounted
[2025.12.21-12.29.31:809][  0]LogShaderLibrary: Display: ShaderCodeLibraryPakFileMountedCallback: pending pak file info (ChunkID:-1 Root:root:/ File:D:/Progams on PC/Unreal/UE_4.27/FeaturePacks/TP_ThirdPerson.upack)
[2025.12.21-12.29.31:809][  0]LogPakFile: OnPakFileMounted2Time == 0.000058
[2025.12.21-12.29.31:820][  0]LogPakFile: PakFile PrimaryIndexSize=189
[2025.12.21-12.29.31:820][  0]LogPakFile: PakFile PathHashIndexSize=101
[2025.12.21-12.29.31:820][  0]LogPakFile: PakFile FullDirectoryIndexSize=152
[2025.12.21-12.29.31:820][  0]LogShaderLibrary: Display: ShaderCodeLibraryPakFileMountedCallback: PakFile 'D:/Progams on PC/Unreal/UE_4.27/FeaturePacks/TP_ThirdPersonBP.upack' (chunk index -1, root 'root:/') mounted
[2025.12.21-12.29.31:820][  0]LogShaderLibrary: Display: ShaderCodeLibraryPakFileMountedCallback: pending pak file info (ChunkID:-1 Root:root:/ File:D:/Progams on PC/Unreal/UE_4.27/FeaturePacks/TP_ThirdPersonBP.upack)
[2025.12.21-12.29.31:820][  0]LogPakFile: OnPakFileMounted2Time == 0.000045
[2025.12.21-12.29.31:832][  0]LogPakFile: PakFile PrimaryIndexSize=183
[2025.12.21-12.29.31:832][  0]LogPakFile: PakFile PathHashIndexSize=101
[2025.12.21-12.29.31:832][  0]LogPakFile: PakFile FullDirectoryIndexSize=140
[2025.12.21-12.29.31:832][  0]LogShaderLibrary: Display: ShaderCodeLibraryPakFileMountedCallback: PakFile 'D:/Progams on PC/Unreal/UE_4.27/FeaturePacks/TP_TopDown.upack' (chunk index -1, root 'root:/') mounted
[2025.12.21-12.29.31:832][  0]LogShaderLibrary: Display: ShaderCodeLibraryPakFileMountedCallback: pending pak file info (ChunkID:-1 Root:root:/ File:D:/Progams on PC/Unreal/UE_4.27/FeaturePacks/TP_TopDown.upack)
[2025.12.21-12.29.31:832][  0]LogPakFile: OnPakFileMounted2Time == 0.000122
[2025.12.21-12.29.31:843][  0]LogPakFile: PakFile PrimaryIndexSize=185
[2025.12.21-12.29.31:843][  0]LogPakFile: PakFile PathHashIndexSize=101
[2025.12.21-12.29.31:843][  0]LogPakFile: PakFile FullDirectoryIndexSize=144
[2025.12.21-12.29.31:843][  0]LogShaderLibrary: Display: ShaderCodeLibraryPakFileMountedCallback: PakFile 'D:/Progams on PC/Unreal/UE_4.27/FeaturePacks/TP_TopDownBP.upack' (chunk index -1, root 'root:/') mounted
[2025.12.21-12.29.31:843][  0]LogShaderLibrary: Display: ShaderCodeLibraryPakFileMountedCallback: pending pak file info (ChunkID:-1 Root:root:/ File:D:/Progams on PC/Unreal/UE_4.27/FeaturePacks/TP_TopDownBP.upack)
[2025.12.21-12.29.31:843][  0]LogPakFile: OnPakFileMounted2Time == 0.000107
[2025.12.21-12.29.31:861][  0]LogPakFile: PakFile PrimaryIndexSize=185
[2025.12.21-12.29.31:861][  0]LogPakFile: PakFile PathHashIndexSize=101
[2025.12.21-12.29.31:861][  0]LogPakFile: PakFile FullDirectoryIndexSize=144
[2025.12.21-12.29.31:861][  0]LogShaderLibrary: Display: ShaderCodeLibraryPakFileMountedCallback: PakFile 'D:/Progams on PC/Unreal/UE_4.27/FeaturePacks/TP_TwinStick.upack' (chunk index -1, root 'root:/') mounted
[2025.12.21-12.29.31:861][  0]LogShaderLibrary: Display: ShaderCodeLibraryPakFileMountedCallback: pending pak file info (ChunkID:-1 Root:root:/ File:D:/Progams on PC/Unreal/UE_4.27/FeaturePacks/TP_TwinStick.upack)
[2025.12.21-12.29.31:861][  0]LogPakFile: OnPakFileMounted2Time == 0.000054
[2025.12.21-12.29.31:872][  0]LogPakFile: PakFile PrimaryIndexSize=187
[2025.12.21-12.29.31:872][  0]LogPakFile: PakFile PathHashIndexSize=101
[2025.12.21-12.29.31:872][  0]LogPakFile: PakFile FullDirectoryIndexSize=148
[2025.12.21-12.29.31:872][  0]LogShaderLibrary: Display: ShaderCodeLibraryPakFileMountedCallback: PakFile 'D:/Progams on PC/Unreal/UE_4.27/FeaturePacks/TP_TwinStickBP.upack' (chunk index -1, root 'root:/') mounted
[2025.12.21-12.29.31:872][  0]LogShaderLibrary: Display: ShaderCodeLibraryPakFileMountedCallback: pending pak file info (ChunkID:-1 Root:root:/ File:D:/Progams on PC/Unreal/UE_4.27/FeaturePacks/TP_TwinStickBP.upack)
[2025.12.21-12.29.31:872][  0]LogPakFile: OnPakFileMounted2Time == 0.000043
[2025.12.21-12.29.31:884][  0]LogPakFile: PakFile PrimaryIndexSize=183
[2025.12.21-12.29.31:884][  0]LogPakFile: PakFile PathHashIndexSize=101
[2025.12.21-12.29.31:884][  0]LogPakFile: PakFile FullDirectoryIndexSize=140
[2025.12.21-12.29.31:884][  0]LogShaderLibrary: Display: ShaderCodeLibraryPakFileMountedCallback: PakFile 'D:/Progams on PC/Unreal/UE_4.27/FeaturePacks/TP_Vehicle.upack' (chunk index -1, root 'root:/') mounted
[2025.12.21-12.29.31:884][  0]LogShaderLibrary: Display: ShaderCodeLibraryPakFileMountedCallback: pending pak file info (ChunkID:-1 Root:root:/ File:D:/Progams on PC/Unreal/UE_4.27/FeaturePacks/TP_Vehicle.upack)
[2025.12.21-12.29.31:884][  0]LogPakFile: OnPakFileMounted2Time == 0.000052
[2025.12.21-12.29.31:896][  0]LogPakFile: PakFile PrimaryIndexSize=186
[2025.12.21-12.29.31:896][  0]LogPakFile: PakFile PathHashIndexSize=101
[2025.12.21-12.29.31:896][  0]LogPakFile: PakFile FullDirectoryIndexSize=146
[2025.12.21-12.29.31:896][  0]LogShaderLibrary: Display: ShaderCodeLibraryPakFileMountedCallback: PakFile 'D:/Progams on PC/Unreal/UE_4.27/FeaturePacks/TP_VehicleAdv.upack' (chunk index -1, root 'root:/') mounted
[2025.12.21-12.29.31:896][  0]LogShaderLibrary: Display: ShaderCodeLibraryPakFileMountedCallback: pending pak file info (ChunkID:-1 Root:root:/ File:D:/Progams on PC/Unreal/UE_4.27/FeaturePacks/TP_VehicleAdv.upack)
[2025.12.21-12.29.31:896][  0]LogPakFile: OnPakFileMounted2Time == 0.000050
[2025.12.21-12.29.31:908][  0]LogPakFile: PakFile PrimaryIndexSize=188
[2025.12.21-12.29.31:908][  0]LogPakFile: PakFile PathHashIndexSize=101
[2025.12.21-12.29.31:908][  0]LogPakFile: PakFile FullDirectoryIndexSize=150
[2025.12.21-12.29.31:909][  0]LogShaderLibrary: Display: ShaderCodeLibraryPakFileMountedCallback: PakFile 'D:/Progams on PC/Unreal/UE_4.27/FeaturePacks/TP_VehicleAdvBP.upack' (chunk index -1, root 'root:/') mounted
[2025.12.21-12.29.31:909][  0]LogShaderLibrary: Display: ShaderCodeLibraryPakFileMountedCallback: pending pak file info (ChunkID:-1 Root:root:/ File:D:/Progams on PC/Unreal/UE_4.27/FeaturePacks/TP_VehicleAdvBP.upack)
[2025.12.21-12.29.31:909][  0]LogPakFile: OnPakFileMounted2Time == 0.000104
[2025.12.21-12.29.31:920][  0]LogPakFile: PakFile PrimaryIndexSize=185
[2025.12.21-12.29.31:920][  0]LogPakFile: PakFile PathHashIndexSize=101
[2025.12.21-12.29.31:920][  0]LogPakFile: PakFile FullDirectoryIndexSize=144
[2025.12.21-12.29.31:920][  0]LogShaderLibrary: Display: ShaderCodeLibraryPakFileMountedCallback: PakFile 'D:/Progams on PC/Unreal/UE_4.27/FeaturePacks/TP_VehicleBP.upack' (chunk index -1, root 'root:/') mounted
[2025.12.21-12.29.31:920][  0]LogShaderLibrary: Display: ShaderCodeLibraryPakFileMountedCallback: pending pak file info (ChunkID:-1 Root:root:/ File:D:/Progams on PC/Unreal/UE_4.27/FeaturePacks/TP_VehicleBP.upack)
[2025.12.21-12.29.31:920][  0]LogPakFile: OnPakFileMounted2Time == 0.000044
[2025.12.21-12.29.31:933][  0]LogPakFile: PakFile PrimaryIndexSize=192
[2025.12.21-12.29.31:933][  0]LogPakFile: PakFile PathHashIndexSize=101
[2025.12.21-12.29.31:933][  0]LogPakFile: PakFile FullDirectoryIndexSize=158
[2025.12.21-12.29.31:933][  0]LogShaderLibrary: Display: ShaderCodeLibraryPakFileMountedCallback: PakFile 'D:/Progams on PC/Unreal/UE_4.27/FeaturePacks/TP_VirtualRealityBP.upack' (chunk index -1, root 'root:/') mounted
[2025.12.21-12.29.31:934][  0]LogShaderLibrary: Display: ShaderCodeLibraryPakFileMountedCallback: pending pak file info (ChunkID:-1 Root:root:/ File:D:/Progams on PC/Unreal/UE_4.27/FeaturePacks/TP_VirtualRealityBP.upack)
[2025.12.21-12.29.31:934][  0]LogPakFile: OnPakFileMounted2Time == 0.000094
[2025.12.21-12.29.32:699][  0]LogNativeClassHierarchy: Verbose: Native class hierarchy updated for 'AddContentDialog' in 0.0003 seconds. Added 0 classes and 0 folders.
[2025.12.21-12.29.32:707][  0]LogNativeClassHierarchy: Verbose: Native class hierarchy updated for 'SceneOutliner' in 0.0003 seconds. Added 2 classes and 0 folders.
[2025.12.21-12.29.33:026][  0]LogSlate: Took 0.015524 seconds to synchronously load lazily loaded font '../../../Engine/Content/Slate/Fonts/Roboto-Regular.ttf' (155K)
[2025.12.21-12.29.33:044][  0]LogSlate: Took 0.014494 seconds to synchronously load lazily loaded font '../../../Engine/Content/Editor/Slate/Fonts/FontAwesome.ttf' (139K)
[2025.12.21-12.29.33:057][  0]LogSlate: Took 0.008779 seconds to synchronously load lazily loaded font '../../../Engine/Content/Slate/Fonts/Roboto-Bold.ttf' (160K)
[2025.12.21-12.29.33:280][  0]LogRenderer: Reallocating scene render targets to support 916x364 Format 10 NumSamples 1 (Frame:1).
[2025.12.21-12.29.33:610][  0]LogNativeClassHierarchy: Verbose: Native class hierarchy updated for 'HierarchicalLODOutliner' in 0.0003 seconds. Added 0 classes and 0 folders.
[2025.12.21-12.29.33:610][  0]LogLoad: (Engine Initialization) Total time: 61.84 seconds
[2025.12.21-12.29.33:610][  0]LogLoad: (Engine Initialization) Total Blueprint compile time: 0.00 seconds
[2025.12.21-12.29.33:795][  0]LogContentStreaming: Texture pool size now 1000 MB
[2025.12.21-12.29.34:147][  2]LogAssetRegistry: Asset discovery search completed in 32.4328 seconds
[2025.12.21-12.29.34:229][  2]LogCollectionManager: Fixed up redirectors for 0 collections in 0.000187 seconds (updated 0 objects)
[2025.12.21-12.29.35:398][  2]LogSlate: Took 0.012097 seconds to synchronously load lazily loaded font '../../../Engine/Content/Slate/Fonts/Roboto-Light.ttf' (167K)
[2025.12.21-12.29.35:585][  3]LogWindowsTextInputMethodSystem: Display: IME system deactivated.
[2025.12.21-12.29.35:585][  3]LogWindowsTextInputMethodSystem: Display: IME system deactivated.
[2025.12.21-12.29.35:620][  3]LogUObjectHash: Compacting FUObjectHashTables data took   0.96ms
[2025.12.21-12.29.35:655][  3]LogSlate: Window 'Mini_laboratory - Unreal Editor' being destroyed
[2025.12.21-12.29.35:657][  3]LogWindowsTextInputMethodSystem: Display: IME system deactivated.
[2025.12.21-12.29.36:182][  4]Cmd: QUIT_EDITOR
[2025.12.21-12.29.36:182][  4]LogCore: Engine exit requested (reason: UUnrealEdEngine::CloseEditor())
[2025.12.21-12.29.36:189][  4]LogCore: Engine exit requested (reason: EngineExit() was called; note: exit was already requested)
[2025.12.21-12.29.36:209][  4]LogAudio: Display: Beginning Audio Device Manager Shutdown (Module: AudioMixerXAudio2)...
[2025.12.21-12.29.36:209][  4]LogAudio: Display: Destroying 1 Remaining Audio Device(s)...
[2025.12.21-12.29.36:209][  4]LogAudio: Display: Audio Device unregistered from world 'StartMenu'.
[2025.12.21-12.29.36:212][  4]LogAudioMixer: FMixerPlatformXAudio2::StopAudioStream() called
[2025.12.21-12.29.36:215][  4]LogAudioMixer: FMixerPlatformXAudio2::StopAudioStream() called
[2025.12.21-12.29.36:241][  4]LogAudio: Display: Audio Device Manager Shutdown
[2025.12.21-12.29.36:244][  4]LogExit: Preparing to exit.
[2025.12.21-12.29.36:266][  4]LogUObjectHash: Compacting FUObjectHashTables data took   1.14ms
[2025.12.21-12.29.36:764][  4]LogDemo: Cleaned up 0 splitscreen connections with owner deletion
[2025.12.21-12.29.36:790][  4]LogWorld: UWorld::CleanupWorld for None, bSessionEnded=true, bCleanupResources=true
[2025.12.21-12.29.36:795][  4]LogExit: Editor shut down
[2025.12.21-12.29.36:796][  4]LogExit: Transaction tracking system shut down
[2025.12.21-12.29.37:272][  4]LogExit: Object subsystem successfully closed.
[2025.12.21-12.29.37:293][  4]LogShaderCompilers: Display: === FShaderJobCache stats ===
[2025.12.21-12.29.37:293][  4]LogShaderCompilers: Display: Total job queries 0, among them cache hits 0 (0.00%)
[2025.12.21-12.29.37:293][  4]LogShaderCompilers: Display: Tracking 0 distinct input hashes that result in 0 distinct outputs (0.00%)
[2025.12.21-12.29.37:294][  4]LogShaderCompilers: Display: RAM used: 0.00 MB (0.00 GB) of 409.60 MB (0.40 GB) budget. Usage: 0.00%
[2025.12.21-12.29.37:294][  4]LogShaderCompilers: Display: ================================================
[2025.12.21-12.29.37:341][  4]LogShaderCompilers: Display: Shaders left to compile 0
[2025.12.21-12.29.37:524][  4]LogModuleManager: Shutting down and abandoning module HierarchicalLODOutliner (870)
[2025.12.21-12.29.37:524][  4]LogModuleManager: Shutting down and abandoning module SceneOutliner (868)
[2025.12.21-12.29.37:525][  4]LogModuleManager: Shutting down and abandoning module AddContentDialog (866)
[2025.12.21-12.29.37:526][  4]LogModuleManager: Shutting down and abandoning module WidgetCarousel (865)
[2025.12.21-12.29.37:526][  4]LogModuleManager: Shutting down and abandoning module EditorWidgets (862)
[2025.12.21-12.29.37:526][  4]LogModuleManager: Shutting down and abandoning module StatsViewer (860)
[2025.12.21-12.29.37:527][  4]LogModuleManager: Shutting down and abandoning module PIEPreviewDeviceProfileSelector (858)
[2025.12.21-12.29.37:528][  4]LogModuleManager: Shutting down and abandoning module SequenceRecorderSections (856)
[2025.12.21-12.29.37:528][  4]LogModuleManager: Shutting down and abandoning module AutomationWorker (854)
[2025.12.21-12.29.37:529][  4]LogModuleManager: Shutting down and abandoning module SteamVREditor (852)
[2025.12.21-12.29.37:529][  4]LogModuleManager: Shutting down and abandoning module OculusMR (850)
[2025.12.21-12.29.37:529][  4]LogModuleManager: Shutting down and abandoning module OpenXRInput (848)
[2025.12.21-12.29.37:529][  4]LogModuleManager: Shutting down and abandoning module TakeRecorderSources (846)
[2025.12.21-12.29.37:538][  4]LogModuleManager: Shutting down and abandoning module TakeRecorder (845)
[2025.12.21-12.29.37:541][  4]LogModuleManager: Shutting down and abandoning module TakeTrackRecorders (842)
[2025.12.21-12.29.37:541][  4]LogModuleManager: Shutting down and abandoning module TakesCore (840)
[2025.12.21-12.29.37:542][  4]LogModuleManager: Shutting down and abandoning module GooglePADEditor (838)
[2025.12.21-12.29.37:542][  4]LogModuleManager: Shutting down and abandoning module AudioCaptureEditor (836)
[2025.12.21-12.29.37:542][  4]LogModuleManager: Shutting down and abandoning module PlanarCut (834)
[2025.12.21-12.29.37:543][  4]LogModuleManager: Shutting down and abandoning module TemplateSequenceEditor (832)
[2025.12.21-12.29.37:545][  4]LogModuleManager: Shutting down and abandoning module MatineeToLevelSequence (830)
[2025.12.21-12.29.37:546][  4]LogModuleManager: Shutting down and abandoning module LevelSequenceEditor (828)
[2025.12.21-12.29.37:548][  4]LogModuleManager: Shutting down and abandoning module WmfMediaFactory (826)
[2025.12.21-12.29.37:549][  4]LogModuleManager: Shutting down and abandoning module WmfMediaEditor (824)
[2025.12.21-12.29.37:549][  4]LogModuleManager: Shutting down and abandoning module WebMMediaFactory (822)
[2025.12.21-12.29.37:549][  4]LogModuleManager: Shutting down and abandoning module WebMMediaEditor (820)
[2025.12.21-12.29.37:549][  4]LogModuleManager: Shutting down and abandoning module WebMMedia (818)
[2025.12.21-12.29.37:549][  4]LogModuleManager: Shutting down and abandoning module ActorSequenceEditor (816)
[2025.12.21-12.29.37:550][  4]LogModuleManager: Shutting down and abandoning module MediaPlayerEditor (814)
[2025.12.21-12.29.37:551][  4]LogModuleManager: Shutting down and abandoning module OpenExrWrapper (812)
[2025.12.21-12.29.37:551][  4]LogModuleManager: Shutting down and abandoning module ImgMediaFactory (810)
[2025.12.21-12.29.37:551][  4]LogModuleManager: Shutting down and abandoning module ImgMediaEditor (808)
[2025.12.21-12.29.37:551][  4]LogModuleManager: Shutting down and abandoning module MediaCompositingEditor (806)
[2025.12.21-12.29.37:553][  4]LogModuleManager: Shutting down and abandoning module SequenceRecorder (805)
[2025.12.21-12.29.37:553][  4]LogModuleManager: Shutting down and abandoning module AvfMediaFactory (802)
[2025.12.21-12.29.37:553][  4]LogModuleManager: Shutting down and abandoning module AvfMediaEditor (800)
[2025.12.21-12.29.37:553][  4]LogModuleManager: Shutting down and abandoning module AndroidMediaFactory (798)
[2025.12.21-12.29.37:553][  4]LogModuleManager: Shutting down and abandoning module AndroidMediaEditor (796)
[2025.12.21-12.29.37:553][  4]LogModuleManager: Shutting down and abandoning module CharacterAI (794)
[2025.12.21-12.29.37:553][  4]LogModuleManager: Shutting down and abandoning module MagicLeapMediaCodecFactory (792)
[2025.12.21-12.29.37:553][  4]LogModuleManager: Shutting down and abandoning module MagicLeapMediaFactory (790)
[2025.12.21-12.29.37:553][  4]LogModuleManager: Shutting down and abandoning module MagicLeapMediaEditor (788)
[2025.12.21-12.29.37:553][  4]LogModuleManager: Shutting down and abandoning module TextureAlignMode (786)
[2025.12.21-12.29.37:553][  4]LogModuleManager: Shutting down and abandoning module BspMode (784)
[2025.12.21-12.29.37:554][  4]LogModuleManager: Shutting down and abandoning module GeometryMode (782)
[2025.12.21-12.29.37:554][  4]LogModuleManager: Shutting down and abandoning module SmartSnapping (780)
[2025.12.21-12.29.37:554][  4]LogModuleManager: Shutting down and abandoning module CameraShakePreviewer (778)
[2025.12.21-12.29.37:555][  4]LogModuleManager: Shutting down and abandoning module SessionServices (776)
[2025.12.21-12.29.37:555][  4]LogModuleManager: Shutting down and abandoning module MeshPaint (774)
[2025.12.21-12.29.37:555][  4]LogModuleManager: Shutting down and abandoning module VirtualTexturingEditor (772)
[2025.12.21-12.29.37:555][  4]LogModuleManager: Shutting down and abandoning module FoliageEdit (770)
[2025.12.21-12.29.37:556][  4]LogModuleManager: Shutting down and abandoning module LandscapeEditor (768)
[2025.12.21-12.29.37:559][  4]LogModuleManager: Shutting down and abandoning module MeshPaintMode (766)
[2025.12.21-12.29.37:560][  4]LogModuleManager: Shutting down and abandoning module SceneDepthPickerMode (764)
[2025.12.21-12.29.37:560][  4]LogModuleManager: Shutting down and abandoning module ActorPickerMode (762)
[2025.12.21-12.29.37:560][  4]LogModuleManager: Shutting down and abandoning module PlacementMode (760)
[2025.12.21-12.29.37:560][  4]LogModuleManager: Shutting down and abandoning module ViewportSnapping (758)
[2025.12.21-12.29.37:560][  4]LogModuleManager: Shutting down and abandoning module ViewportInteraction (756)
[2025.12.21-12.29.37:560][  4]LogModuleManager: Shutting down and abandoning module ClothPainter (754)
[2025.12.21-12.29.37:562][  4]LogModuleManager: Shutting down and abandoning module SkeletalMeshEditor (753)
[2025.12.21-12.29.37:564][  4]LogModuleManager: Shutting down and abandoning module LogVisualizer (750)
[2025.12.21-12.29.37:565][  4]LogModuleManager: Shutting down and abandoning module IntroTutorials (748)
[2025.12.21-12.29.37:566][  4]LogModuleManager: Shutting down and abandoning module GameProjectGeneration (747)
[2025.12.21-12.29.37:566][  4]LogModuleManager: Shutting down and abandoning module LuminPlatformEditor (744)
[2025.12.21-12.29.37:567][  4]LogModuleManager: Shutting down and abandoning module IOSPlatformEditor (742)
[2025.12.21-12.29.37:567][  4]LogModuleManager: Shutting down and abandoning module AndroidPlatformEditor (740)
[2025.12.21-12.29.37:567][  4]LogModuleManager: Shutting down and abandoning module AndroidDeviceDetection (739)
[2025.12.21-12.29.38:086][  4]LogModuleManager: Shutting down and abandoning module WindowsPlatformEditor (736)
[2025.12.21-12.29.38:086][  4]LogModuleManager: Shutting down and abandoning module LuminRuntimeSettings (734)
[2025.12.21-12.29.38:086][  4]LogModuleManager: Shutting down and abandoning module IOSRuntimeSettings (732)
[2025.12.21-12.29.38:086][  4]LogModuleManager: Shutting down and abandoning module AndroidRuntimeSettings (730)
[2025.12.21-12.29.38:086][  4]LogModuleManager: Shutting down and abandoning module TraceInsights (728)
[2025.12.21-12.29.38:089][  4]MemoryProfiler: Shutdown
[2025.12.21-12.29.38:089][  4]NetworkingProfiler: Shutdown
[2025.12.21-12.29.38:089][  4]LoadingProfiler: Shutdown
[2025.12.21-12.29.38:089][  4]TimingProfiler: Shutdown
[2025.12.21-12.29.38:092][  4]LogModuleManager: Shutting down and abandoning module TraceServices (727)
[2025.12.21-12.29.38:093][  4]LogModuleManager: Shutting down and abandoning module EditorInteractiveToolsFramework (724)
[2025.12.21-12.29.38:094][  4]LogModuleManager: Shutting down and abandoning module TimeManagementEditor (722)
[2025.12.21-12.29.38:094][  4]LogModuleManager: Shutting down and abandoning module InputBindingEditor (720)
[2025.12.21-12.29.38:095][  4]LogModuleManager: Shutting down and abandoning module MergeActors (718)
[2025.12.21-12.29.38:096][  4]LogModuleManager: Shutting down and abandoning module LocalizationDashboard (716)
[2025.12.21-12.29.38:097][  4]LogModuleManager: Shutting down and abandoning module LocalizationService (715)
[2025.12.21-12.29.38:098][  4]LogModuleManager: Shutting down and abandoning module HardwareTargeting (712)
[2025.12.21-12.29.38:098][  4]LogModuleManager: Shutting down and abandoning module DeviceProfileEditor (710)
[2025.12.21-12.29.38:098][  4]LogModuleManager: Shutting down and abandoning module UndoHistory (708)
[2025.12.21-12.29.38:099][  4]LogModuleManager: Shutting down and abandoning module XmlParser (706)
[2025.12.21-12.29.38:099][  4]LogModuleManager: Shutting down and abandoning module Blutility (704)
[2025.12.21-12.29.38:099][  4]LogModuleManager: Shutting down and abandoning module ProjectSettingsViewer (702)
[2025.12.21-12.29.38:099][  4]LogModuleManager: Shutting down and abandoning module ProjectTargetPlatformEditor (701)
[2025.12.21-12.29.38:100][  4]LogModuleManager: Shutting down and abandoning module EditorSettingsViewer (698)
[2025.12.21-12.29.38:100][  4]LogModuleManager: Shutting down and abandoning module InternationalizationSettings (697)
[2025.12.21-12.29.38:100][  4]LogModuleManager: Shutting down and abandoning module SettingsEditor (694)
[2025.12.21-12.29.38:100][  4]LogModuleManager: Shutting down and abandoning module ProjectLauncher (692)
[2025.12.21-12.29.38:101][  4]LogModuleManager: Shutting down and abandoning module SessionFrontend (690)
[2025.12.21-12.29.38:102][  4]LogModuleManager: Shutting down and abandoning module ProfilerClient (688)
[2025.12.21-12.29.38:102][  4]LogModuleManager: Shutting down and abandoning module DeviceManager (686)
[2025.12.21-12.29.38:102][  4]LogModuleManager: Shutting down and abandoning module TargetDeviceServices (685)
[2025.12.21-12.29.38:136][  4]LogModuleManager: Shutting down and abandoning module AutomationController (682)
[2025.12.21-12.29.38:137][  4]LogModuleManager: Shutting down and abandoning module AutomationWindow (680)
[2025.12.21-12.29.38:138][  4]LogModuleManager: Shutting down and abandoning module Layers (678)
[2025.12.21-12.29.38:139][  4]LogModuleManager: Shutting down and abandoning module ComponentVisualizers (676)
[2025.12.21-12.29.38:139][  4]LogModuleManager: Shutting down and abandoning module DetailCustomizations (674)
[2025.12.21-12.29.38:141][  4]LogModuleManager: Shutting down and abandoning module PackagesDialog (672)
[2025.12.21-12.29.38:141][  4]LogModuleManager: Shutting down and abandoning module AnimationBlueprintEditor (670)
[2025.12.21-12.29.38:143][  4]LogModuleManager: Shutting down and abandoning module Persona (668)
[2025.12.21-12.29.38:144][  4]LogModuleManager: Shutting down and abandoning module AdvancedPreviewScene (667)
[2025.12.21-12.29.38:144][  4]LogModuleManager: Shutting down and abandoning module AnimGraph (665)
[2025.12.21-12.29.38:144][  4]LogModuleManager: Shutting down and abandoning module Kismet (662)
[2025.12.21-12.29.38:148][  4]LogModuleManager: Shutting down and abandoning module KismetWidgets (661)
[2025.12.21-12.29.38:149][  4]LogModuleManager: Shutting down and abandoning module GraphEditor (658)
[2025.12.21-12.29.38:151][  4]LogModuleManager: Shutting down and abandoning module StructViewer (656)
[2025.12.21-12.29.38:155][  4]LogModuleManager: Shutting down and abandoning module ClassViewer (654)
[2025.12.21-12.29.38:155][  4]LogModuleManager: Shutting down and abandoning module Toolbox (652)
[2025.12.21-12.29.38:156][  4]LogModuleManager: Shutting down and abandoning module ModuleUI (650)
[2025.12.21-12.29.38:156][  4]LogModuleManager: Shutting down and abandoning module OutputLog (648)
[2025.12.21-12.29.38:157][  4]LogModuleManager: Shutting down and abandoning module GammaUI (646)
[2025.12.21-12.29.38:157][  4]LogModuleManager: Shutting down and abandoning module Documentation (644)
[2025.12.21-12.29.38:157][  4]LogModuleManager: Shutting down and abandoning module LiveCoding (642)
[2025.12.21-12.29.38:159][  4]LogModuleManager: Shutting down and abandoning module LevelSequence (640)
[2025.12.21-12.29.38:159][  4]LogModuleManager: Shutting down and abandoning module MovieSceneTracks (638)
[2025.12.21-12.29.38:160][  4]LogModuleManager: Shutting down and abandoning module MovieScene (636)
[2025.12.21-12.29.38:162][  4]LogModuleManager: Shutting down and abandoning module StreamingPauseRendering (634)
[2025.12.21-12.29.38:162][  4]LogModuleManager: Shutting down and abandoning module LauncherPlatform (632)
[2025.12.21-12.29.38:162][  4]LogModuleManager: Shutting down and abandoning module AnalyticsET (630)
[2025.12.21-12.29.38:162][  4]LogModuleManager: Shutting down and abandoning module PortalServices (628)
[2025.12.21-12.29.38:162][  4]LogModuleManager: Shutting down and abandoning module PortalRpc (626)
[2025.12.21-12.29.38:162][  4]LogModuleManager: Shutting down and abandoning module MessagingRpc (624)
[2025.12.21-12.29.38:162][  4]LogModuleManager: Shutting down and abandoning module AudioMixerXAudio2 (622)
[2025.12.21-12.29.38:162][  4]LogModuleManager: Shutting down and abandoning module AudioMixerCore (621)
[2025.12.21-12.29.38:162][  4]LogModuleManager: Shutting down and abandoning module AIModule (618)
[2025.12.21-12.29.38:163][  4]LogModuleManager: Shutting down and abandoning module GameplayDebugger (617)
[2025.12.21-12.29.38:163][  4]LogModuleManager: Shutting down and abandoning module AITestSuite (615)
[2025.12.21-12.29.38:163][  4]LogModuleManager: Shutting down and abandoning module NavigationSystem (613)
[2025.12.21-12.29.38:163][  4]LogModuleManager: Shutting down and abandoning module ImageWriteQueue (610)
[2025.12.21-12.29.38:163][  4]LogModuleManager: Shutting down and abandoning module ProfilerService (608)
[2025.12.21-12.29.38:235][  4]LogModuleManager: Shutting down and abandoning module TaskGraph (606)
[2025.12.21-12.29.38:236][  4]LogModuleManager: Shutting down and abandoning module AudioSynesthesiaEditor (604)
[2025.12.21-12.29.38:236][  4]LogModuleManager: Shutting down and abandoning module OculusEditor (602)
[2025.12.21-12.29.38:241][  4]LogModuleManager: Shutting down and abandoning module OculusInput (600)
[2025.12.21-12.29.38:241][  4]LogModuleManager: Shutting down and abandoning module ContentBrowserFileDataSource (598)
[2025.12.21-12.29.38:241][  4]LogModuleManager: Shutting down and abandoning module ContentBrowserClassDataSource (596)
[2025.12.21-12.29.38:241][  4]LogModuleManager: Shutting down and abandoning module ContentBrowserAssetDataSource (594)
[2025.12.21-12.29.38:241][  4]LogModuleManager: Shutting down and abandoning module CollectionManager (593)
[2025.12.21-12.29.38:242][  4]LogModuleManager: Shutting down and abandoning module SynthesisEditor (590)
[2025.12.21-12.29.38:242][  4]LogModuleManager: Shutting down and abandoning module Synthesis (588)
[2025.12.21-12.29.38:243][  4]LogModuleManager: Shutting down and abandoning module ProceduralMeshComponentEditor (586)
[2025.12.21-12.29.38:244][  4]LogModuleManager: Shutting down and abandoning module ProceduralMeshComponent (584)
[2025.12.21-12.29.38:244][  4]LogModuleManager: Shutting down and abandoning module OpenXREditor (582)
[2025.12.21-12.29.38:244][  4]LogModuleManager: Shutting down and abandoning module MobilePatchingUtils (580)
[2025.12.21-12.29.38:244][  4]LogModuleManager: Shutting down and abandoning module TakeSequencer (578)
[2025.12.21-12.29.38:245][  4]LogModuleManager: Shutting down and abandoning module TakeMovieScene (576)
[2025.12.21-12.29.38:245][  4]LogModuleManager: Shutting down and abandoning module GooglePAD (574)
[2025.12.21-12.29.38:245][  4]LogModuleManager: Shutting down and abandoning module EditableMesh (572)
[2025.12.21-12.29.38:245][  4]LogModuleManager: Shutting down and abandoning module CustomMeshComponent (570)
[2025.12.21-12.29.38:245][  4]LogModuleManager: Shutting down and abandoning module ScreenshotTools (568)
[2025.12.21-12.29.38:245][  4]LogModuleManager: Shutting down and abandoning module CableComponent (566)
[2025.12.21-12.29.38:245][  4]LogModuleManager: Shutting down and abandoning module AssetTags (564)
[2025.12.21-12.29.38:245][  4]LogModuleManager: Shutting down and abandoning module AudioCapture (562)
[2025.12.21-12.29.38:245][  4]LogModuleManager: Shutting down and abandoning module AudioCaptureRtAudio (561)
[2025.12.21-12.29.38:246][  4]LogModuleManager: Shutting down and abandoning module ArchVisCharacter (558)
[2025.12.21-12.29.38:246][  4]LogModuleManager: Shutting down and abandoning module AppleImageUtilsBlueprintSupport (556)
[2025.12.21-12.29.38:246][  4]LogModuleManager: Shutting down and abandoning module AppleImageUtils (554)
[2025.12.21-12.29.38:246][  4]LogModuleManager: Shutting down and abandoning module AndroidPermission (552)
[2025.12.21-12.29.38:246][  4]LogModuleManager: Shutting down and abandoning module ActorLayerUtilitiesEditor (550)
[2025.12.21-12.29.38:246][  4]LogModuleManager: Shutting down and abandoning module ActorLayerUtilities (548)
[2025.12.21-12.29.38:246][  4]LogModuleManager: Shutting down and abandoning module MotoSynthEditor (546)
[2025.12.21-12.29.38:246][  4]LogModuleManager: Shutting down and abandoning module MotoSynth (544)
[2025.12.21-12.29.38:246][  4]LogModuleManager: Shutting down and abandoning module OpenImageDenoise (542)
[2025.12.21-12.29.38:246][  4]LogOpenImageDenoise: OIDN shutting down
[2025.12.21-12.29.38:246][  4]LogModuleManager: Shutting down and abandoning module MeshConversion (540)
[2025.12.21-12.29.38:246][  4]LogModuleManager: Shutting down and abandoning module DynamicMesh (538)
[2025.12.21-12.29.38:248][  4]LogModuleManager: Shutting down and abandoning module GeometryAlgorithms (536)
[2025.12.21-12.29.38:249][  4]LogModuleManager: Shutting down and abandoning module GeometricObjects (534)
[2025.12.21-12.29.38:249][  4]LogModuleManager: Shutting down and abandoning module TemplateSequence (532)
[2025.12.21-12.29.38:250][  4]LogModuleManager: Shutting down and abandoning module ImgMedia (530)
[2025.12.21-12.29.38:250][  4]LogModuleManager: Shutting down and abandoning module MediaCompositing (528)
[2025.12.21-12.29.38:250][  4]LogModuleManager: Shutting down and abandoning module GeometryCollectionTracks (526)
[2025.12.21-12.29.38:250][  4]LogModuleManager: Shutting down and abandoning module GeometryCollectionSequencer (525)
[2025.12.21-12.29.38:250][  4]LogModuleManager: Shutting down and abandoning module GeometryCollectionEditor (522)
[2025.12.21-12.29.38:250][  4]LogModuleManager: Shutting down and abandoning module GeometryCacheTracks (520)
[2025.12.21-12.29.38:250][  4]LogModuleManager: Shutting down and abandoning module GeometryCacheStreamer (518)
[2025.12.21-12.29.38:250][  4]LogModuleManager: Shutting down and abandoning module GeometryCacheSequencer (516)
[2025.12.21-12.29.38:250][  4]LogModuleManager: Shutting down and abandoning module ChaosNiagara (514)
[2025.12.21-12.29.38:251][  4]LogModuleManager: Shutting down and abandoning module FractureEditor (512)
[2025.12.21-12.29.38:251][  4]LogModuleManager: Shutting down and abandoning module ChaosClothEditor (510)
[2025.12.21-12.29.38:252][  4]LogModuleManager: Shutting down and abandoning module ChaosSolverEditor (508)
[2025.12.21-12.29.38:252][  4]LogModuleManager: Shutting down and abandoning module FieldSystemEngine (507)
[2025.12.21-12.29.38:252][  4]LogModuleManager: Shutting down and abandoning module AutomationUtilsEditor (504)
[2025.12.21-12.29.38:252][  4]LogModuleManager: Shutting down and abandoning module AutomationUtils (502)
[2025.12.21-12.29.38:252][  4]LogModuleManager: Shutting down and abandoning module AlembicImporter (500)
[2025.12.21-12.29.38:252][  4]LogModuleManager: Shutting down and abandoning module AlembicLibrary (499)
[2025.12.21-12.29.38:252][  4]LogModuleManager: Shutting down and abandoning module GeometryCache (498)
[2025.12.21-12.29.38:252][  4]LogModuleManager: Shutting down and abandoning module GeometryCacheEd (497)
[2025.12.21-12.29.38:252][  4]LogModuleManager: Shutting down and abandoning module BackChannel (492)
[2025.12.21-12.29.38:253][  4]LogModuleManager: Shutting down and abandoning module VariantManagerContentEditor (490)
[2025.12.21-12.29.38:254][  4]LogModuleManager: Shutting down and abandoning module DatasmithContentEditor (488)
[2025.12.21-12.29.38:255][  4]LogModuleManager: Shutting down and abandoning module MagicLeapSharedWorld (486)
[2025.12.21-12.29.38:255][  4]LogModuleManager: Shutting down and abandoning module MagicLeapLightEstimation (484)
[2025.12.21-12.29.38:255][  4]LogModuleManager: Shutting down and abandoning module MagicLeapHelperVulkan (482)
[2025.12.21-12.29.38:255][  4]LogModuleManager: Shutting down and abandoning module MagicLeapHelperOpenGL (480)
[2025.12.21-12.29.38:255][  4]LogModuleManager: Shutting down and abandoning module MagicLeapAudio (478)
[2025.12.21-12.29.38:256][  4]LogModuleManager: Shutting down and abandoning module NiagaraEditorWidgets (476)
[2025.12.21-12.29.38:260][  4]LogModuleManager: Shutting down and abandoning module VisualStudioSourceCodeAccess (474)
[2025.12.21-12.29.38:261][  4]LogModuleManager: Shutting down and abandoning module VisualStudioCodeSourceCodeAccess (472)
[2025.12.21-12.29.38:261][  4]LogModuleManager: Shutting down and abandoning module UObjectPlugin (470)
[2025.12.21-12.29.38:261][  4]LogModuleManager: Shutting down and abandoning module RiderSourceCodeAccess (468)
[2025.12.21-12.29.38:261][  4]LogModuleManager: Shutting down and abandoning module SubversionSourceControl (466)
[2025.12.21-12.29.38:263][  4]LogModuleManager: Shutting down and abandoning module PluginUtils (464)
[2025.12.21-12.29.38:263][  4]LogModuleManager: Shutting down and abandoning module PlasticSourceControl (462)
[2025.12.21-12.29.38:266][  4]LogModuleManager: Shutting down and abandoning module PerforceSourceControl (460)
[2025.12.21-12.29.38:269][  4]LogModuleManager: Shutting down and abandoning module GitSourceControl (458)
[2025.12.21-12.29.38:271][  4]LogModuleManager: Shutting down and abandoning module SourceControl (457)
[2025.12.21-12.29.38:271][  4]LogModuleManager: Shutting down and abandoning module CLionSourceCodeAccess (454)
[2025.12.21-12.29.38:272][  4]LogModuleManager: Shutting down and abandoning module PluginBrowser (452)
[2025.12.21-12.29.38:276][  4]LogModuleManager: Shutting down and abandoning module AnimationSharingEd (450)
[2025.12.21-12.29.38:276][  4]LogModuleManager: Shutting down and abandoning module SpeedTreeImporter (448)
[2025.12.21-12.29.38:276][  4]LogModuleManager: Shutting down and abandoning module MobileLauncherProfileWizard (446)
[2025.12.21-12.29.38:278][  4]LogModuleManager: Shutting down and abandoning module MaterialAnalyzer (444)
[2025.12.21-12.29.38:279][  4]LogModuleManager: Shutting down and abandoning module CurveEditorTools (442)
[2025.12.21-12.29.38:280][  4]LogModuleManager: Shutting down and abandoning module CryptoKeysOpenSSL (440)
[2025.12.21-12.29.38:280][  4]LogModuleManager: Shutting down and abandoning module CryptoKeys (438)
[2025.12.21-12.29.38:280][  4]LogModuleManager: Shutting down and abandoning module OodleNetworkHandlerComponent (436)
[2025.12.21-12.29.38:280][  4]LogModuleManager: Shutting down and abandoning module PaperTiledImporter (434)
[2025.12.21-12.29.38:280][  4]LogModuleManager: Shutting down and abandoning module PaperSpriteSheetImporter (432)
[2025.12.21-12.29.38:281][  4]LogModuleManager: Shutting down and abandoning module Paper2DEditor (430)
[2025.12.21-12.29.38:283][  4]LogModuleManager: Shutting down and abandoning module LightPropagationVolumeEditor (428)
[2025.12.21-12.29.38:283][  4]LogModuleManager: Shutting down and abandoning module LiveLinkSequencer (426)
[2025.12.21-12.29.38:284][  4]LogModuleManager: Shutting down and abandoning module LiveLinkMovieScene (424)
[2025.12.21-12.29.38:284][  4]LogModuleManager: Shutting down and abandoning module LiveLinkGraphNode (422)
[2025.12.21-12.29.38:284][  4]LogModuleManager: Shutting down and abandoning module LiveLinkEditor (420)
[2025.12.21-12.29.38:286][  4]LogModuleManager: Shutting down and abandoning module LiveLinkComponents (418)
[2025.12.21-12.29.38:287][  4]LogModuleManager: Shutting down and abandoning module LiveLink (416)
[2025.12.21-12.29.38:364][  4]LogModuleManager: Shutting down and abandoning module MeshPaintingToolset (414)
[2025.12.21-12.29.38:365][  4]LogModuleManager: Shutting down and abandoning module MeshPaintEditorMode (412)
[2025.12.21-12.29.38:369][  4]LogModuleManager: Shutting down and abandoning module SoundFields (410)
[2025.12.21-12.29.38:369][  4]LogModuleManager: Shutting down and abandoning module SignificanceManager (408)
[2025.12.21-12.29.38:369][  4]LogModuleManager: Shutting down and abandoning module RuntimePhysXCooking (406)
[2025.12.21-12.29.38:369][  4]LogModuleManager: Shutting down and abandoning module PropertyAccessEditor (404)
[2025.12.21-12.29.38:371][  4]LogModuleManager: Shutting down and abandoning module PhysXVehiclesEditor (402)
[2025.12.21-12.29.38:371][  4]LogModuleManager: Shutting down and abandoning module LocationServicesBPLibrary (398)
[2025.12.21-12.29.38:371][  4]LogModuleManager: Shutting down and abandoning module AudioSynesthesia (396)
[2025.12.21-12.29.38:371][  4]LogModuleManager: Shutting down and abandoning module AudioSynesthesiaCore (394)
[2025.12.21-12.29.38:371][  4]LogModuleManager: Shutting down and abandoning module PythonScriptPlugin (392)
[2025.12.21-12.29.38:372][  4]LogModuleManager: Shutting down and abandoning module ActorSequence (390)
[2025.12.21-12.29.38:372][  4]LogModuleManager: Shutting down and abandoning module ImgMediaEngine (388)
[2025.12.21-12.29.38:372][  4]LogModuleManager: Shutting down and abandoning module UdpMessaging (386)
[2025.12.21-12.29.38:473][  4]LogModuleManager: Shutting down and abandoning module TcpMessaging (384)
[2025.12.21-12.29.38:575][  4]LogModuleManager: Shutting down and abandoning module MagicLeapARPin (382)
[2025.12.21-12.29.38:575][  4]LogModuleManager: Shutting down and abandoning module MagicLeapHandMeshing (380)
[2025.12.21-12.29.38:575][  4]LogModuleManager: Shutting down and abandoning module MagicLeapSecureStorage (378)
[2025.12.21-12.29.38:575][  4]LogModuleManager: Shutting down and abandoning module MagicLeapPrivileges (376)
[2025.12.21-12.29.38:576][  4]LogModuleManager: Shutting down and abandoning module MagicLeapPlanes (374)
[2025.12.21-12.29.38:576][  4]LogMagicLeapPlanes: Planes tracker already destroyed.
[2025.12.21-12.29.38:576][  4]LogModuleManager: Shutting down and abandoning module MagicLeapImageTracker (372)
[2025.12.21-12.29.38:576][  4]LogModuleManager: Shutting down and abandoning module MagicLeapIdentity (370)
[2025.12.21-12.29.38:577][  4]LogModuleManager: Shutting down and abandoning module MagicLeapHandTracking (368)
[2025.12.21-12.29.38:578][  4]LogModuleManager: Shutting down and abandoning module MagicLeapEyeTracker (366)
[2025.12.21-12.29.38:581][  4]LogModuleManager: Shutting down and abandoning module MagicLeapController (364)
[2025.12.21-12.29.38:582][  4]LogModuleManager: Shutting down and abandoning module MagicLeapARPinImpl (362)
[2025.12.21-12.29.38:582][  4]LogModuleManager: Shutting down and abandoning module MagicLeapAR (360)
[2025.12.21-12.29.38:582][  4]LogModuleManager: Shutting down and abandoning module NiagaraAnimNotifies (358)
[2025.12.21-12.29.38:582][  4]LogModuleManager: Shutting down and abandoning module Niagara (356)
[2025.12.21-12.29.38:586][  4]LogModuleManager: Shutting down and abandoning module SignalProcessing (355)
[2025.12.21-12.29.38:587][  4]LogModuleManager: Shutting down and abandoning module NiagaraEditor (353)
[2025.12.21-12.29.38:590][  4]LogModuleManager: Shutting down and abandoning module NiagaraCore (350)
[2025.12.21-12.29.38:590][  4]LogModuleManager: Shutting down and abandoning module PropertyAccessNode (348)
[2025.12.21-12.29.38:590][  4]LogModuleManager: Shutting down and abandoning module AnimationSharing (346)
[2025.12.21-12.29.38:590][  4]LogModuleManager: Shutting down and abandoning module GameplayTagsEditor (344)
[2025.12.21-12.29.38:591][  4]LogModuleManager: Shutting down and abandoning module DataValidation (342)
[2025.12.21-12.29.38:591][  4]LogModuleManager: Shutting down and abandoning module FacialAnimationEditor (340)
[2025.12.21-12.29.38:592][  4]LogModuleManager: Shutting down and abandoning module FacialAnimation (338)
[2025.12.21-12.29.38:592][  4]LogModuleManager: Shutting down and abandoning module AssetManagerEditor (336)
[2025.12.21-12.29.38:594][  4]LogModuleManager: Shutting down and abandoning module LevelEditor (335)
[2025.12.21-12.29.38:605][  4]LogModuleManager: Shutting down and abandoning module PixelInspectorModule (334)
[2025.12.21-12.29.38:607][  4]LogModuleManager: Shutting down and abandoning module CommonMenuExtensions (332)
[2025.12.21-12.29.38:608][  4]LogModuleManager: Shutting down and abandoning module MainFrame (330)
[2025.12.21-12.29.38:610][  4]LogModuleManager: Shutting down and abandoning module HotReload (329)
[2025.12.21-12.29.38:611][  4]LogModuleManager: Shutting down and abandoning module ToolMenus (325)
[2025.12.21-12.29.38:611][  4]LogModuleManager: Shutting down and abandoning module ContentBrowser (323)
[2025.12.21-12.29.38:611][  4]LogModuleManager: Shutting down and abandoning module ContentBrowserData (322)
[2025.12.21-12.29.38:611][  4]LogModuleManager: Shutting down and abandoning module TreeMap (319)
[2025.12.21-12.29.38:612][  4]LogModuleManager: Shutting down and abandoning module GameplayCameras (316)
[2025.12.21-12.29.38:612][  4]LogModuleManager: Shutting down and abandoning module Paper2D (314)
[2025.12.21-12.29.38:612][  4]LogModuleManager: Shutting down and abandoning module LightPropagationVolumeRuntime (312)
[2025.12.21-12.29.38:612][  4]LogModuleManager: Shutting down and abandoning module EnvironmentQueryEditor (310)
[2025.12.21-12.29.38:614][  4]LogModuleManager: Shutting down and abandoning module WindowsMoviePlayer (308)
[2025.12.21-12.29.38:619][  4]LogModuleManager: Shutting down and abandoning module WebMMoviePlayer (306)
[2025.12.21-12.29.38:620][  4]LogModuleManager: Shutting down and abandoning module NetworkReplayStreaming (304)
[2025.12.21-12.29.38:620][  4]LogModuleManager: Shutting down and abandoning module PacketHandler (302)
[2025.12.21-12.29.38:620][  4]LogModuleManager: Shutting down and abandoning module ClothingSystemEditor (300)
[2025.12.21-12.29.38:620][  4]LogModuleManager: Shutting down and abandoning module ClothingSystemRuntimeNv (298)
[2025.12.21-12.29.38:623][  4]LogModuleManager: Shutting down and abandoning module MediaAssets (296)
[2025.12.21-12.29.38:624][  4]LogModuleManager: Shutting down and abandoning module Overlay (294)
[2025.12.21-12.29.38:624][  4]LogModuleManager: Shutting down and abandoning module OverlayEditor (293)
[2025.12.21-12.29.38:624][  4]LogModuleManager: Shutting down and abandoning module VREditor (290)
[2025.12.21-12.29.38:625][  4]LogModuleManager: Shutting down and abandoning module StringTableEditor (288)
[2025.12.21-12.29.38:625][  4]LogModuleManager: Shutting down and abandoning module GameplayTasksEditor (286)
[2025.12.21-12.29.38:625][  4]LogModuleManager: Shutting down and abandoning module BehaviorTreeEditor (284)
[2025.12.21-12.29.38:629][  4]LogModuleManager: Shutting down and abandoning module FunctionalTesting (282)
[2025.12.21-12.29.38:629][  4]LogModuleManager: Shutting down and abandoning module CollisionAnalyzer (280)
[2025.12.21-12.29.38:632][  4]LogModuleManager: Shutting down and abandoning module WorkspaceMenuStructure (279)
[2025.12.21-12.29.38:637][  4]LogModuleManager: Shutting down and abandoning module UMG (276)
[2025.12.21-12.29.38:637][  4]LogModuleManager: Shutting down and abandoning module UMGEditor (275)
[2025.12.21-12.29.38:640][  4]LogModuleManager: Shutting down and abandoning module MessageLog (273)
[2025.12.21-12.29.38:640][  4]LogModuleManager: Shutting down and abandoning module SlateReflector (268)
[2025.12.21-12.29.38:646][  4]LogModuleManager: Shutting down and abandoning module Slate (266)
[2025.12.21-12.29.38:646][  4]LogModuleManager: Shutting down and abandoning module SlateCore (264)
[2025.12.21-12.29.38:650][  4]LogModuleManager: Shutting down and abandoning module LandscapeEditorUtilities (262)
[2025.12.21-12.29.38:650][  4]LogModuleManager: Shutting down and abandoning module UnrealEd (260)
[2025.12.21-12.29.38:650][  4]LogModuleManager: Shutting down and abandoning module MRMesh (258)
[2025.12.21-12.29.38:650][  4]LogModuleManager: Shutting down and abandoning module SourceCodeAccess (256)
[2025.12.21-12.29.38:651][  4]LogModuleManager: Shutting down and abandoning module HeadMountedDisplay (254)
[2025.12.21-12.29.38:651][  4]LogModuleManager: Shutting down and abandoning module XAudio2 (252)
[2025.12.21-12.29.38:652][  4]LogModuleManager: Shutting down and abandoning module Networking (250)
[2025.12.21-12.29.38:652][  4]LogModuleManager: Shutting down and abandoning module Core (248)
[2025.12.21-12.29.38:652][  4]LogModuleManager: Shutting down and abandoning module MaterialEditor (246)
[2025.12.21-12.29.38:654][  4]LogModuleManager: Shutting down and abandoning module MovieSceneTools (244)
[2025.12.21-12.29.38:656][  4]LogModuleManager: Shutting down and abandoning module CurveEditor (243)
[2025.12.21-12.29.38:658][  4]LogModuleManager: Shutting down and abandoning module Sequencer (241)
[2025.12.21-12.29.38:660][  4]LogModuleManager: Shutting down and abandoning module EditorStyle (240)
[2025.12.21-12.29.38:667][  4]LogModuleManager: Shutting down and abandoning module KismetCompiler (236)
[2025.12.21-12.29.38:667][  4]LogModuleManager: Shutting down and abandoning module MeshBuilder (234)
[2025.12.21-12.29.38:667][  4]LogModuleManager: Shutting down and abandoning module MeshUtilities (232)
[2025.12.21-12.29.38:669][  4]LogModuleManager: Shutting down and abandoning module MeshMergeUtilities (231)
[2025.12.21-12.29.38:671][  4]LogModuleManager: Shutting down and abandoning module MeshReductionInterface (230)
[2025.12.21-12.29.38:671][  4]LogModuleManager: Shutting down and abandoning module MeshBoneReduction (229)
[2025.12.21-12.29.38:671][  4]LogModuleManager: Shutting down and abandoning module SkeletalMeshReduction (227)
[2025.12.21-12.29.38:672][  4]LogModuleManager: Shutting down and abandoning module ProxyLODMeshReduction (225)
[2025.12.21-12.29.38:676][  4]LogModuleManager: Shutting down and abandoning module QuadricMeshReduction (223)
[2025.12.21-12.29.38:676][  4]LogModuleManager: Shutting down and abandoning module MaterialBaking (219)
[2025.12.21-12.29.38:677][  4]LogModuleManager: Shutting down and abandoning module NullInstallBundleManager (214)
[2025.12.21-12.29.38:677][  4]LogModuleManager: Shutting down and abandoning module DerivedDataCache (212)
[2025.12.21-12.29.38:678][  4]LogModuleManager: Shutting down and abandoning module TargetPlatform (210)
[2025.12.21-12.29.38:680][  4]LogModuleManager: Shutting down and abandoning module VulkanShaderFormat (209)
[2025.12.21-12.29.38:682][  4]LogModuleManager: Shutting down and abandoning module ShaderFormatVectorVM (207)
[2025.12.21-12.29.38:683][  4]LogModuleManager: Shutting down and abandoning module ShaderFormatOpenGL (205)
[2025.12.21-12.29.38:683][  4]LogModuleManager: Shutting down and abandoning module ShaderFormatD3D (203)
[2025.12.21-12.29.38:684][  4]LogModuleManager: Shutting down and abandoning module MetalShaderFormat (201)
[2025.12.21-12.29.38:685][  4]LogModuleManager: Shutting down and abandoning module TextureFormatOodle (199)
[2025.12.21-12.29.38:685][  4]LogModuleManager: Shutting down and abandoning module TextureFormatUncompressed (197)
[2025.12.21-12.29.38:686][  4]LogModuleManager: Shutting down and abandoning module TextureFormatPVR (195)
[2025.12.21-12.29.38:686][  4]LogModuleManager: Shutting down and abandoning module TextureFormatETC2 (193)
[2025.12.21-12.29.38:686][  4]LogModuleManager: Shutting down and abandoning module TextureFormatDXT (191)
[2025.12.21-12.29.38:686][  4]LogModuleManager: Shutting down and abandoning module TextureFormatIntelISPCTexComp (189)
[2025.12.21-12.29.38:688][  4]LogModuleManager: Shutting down and abandoning module TextureFormatASTC (187)
[2025.12.21-12.29.38:688][  4]LogModuleManager: Shutting down and abandoning module ImageWrapper (186)
[2025.12.21-12.29.38:688][  4]LogModuleManager: Shutting down and abandoning module AudioFormatOpus (183)
[2025.12.21-12.29.38:689][  4]LogModuleManager: Shutting down and abandoning module AudioFormatOgg (181)
[2025.12.21-12.29.38:689][  4]LogModuleManager: Shutting down and abandoning module AudioFormatADPCM (179)
[2025.12.21-12.29.38:689][  4]LogModuleManager: Shutting down and abandoning module WindowsServerTargetPlatform (177)
[2025.12.21-12.29.38:690][  4]LogModuleManager: Shutting down and abandoning module WindowsClientTargetPlatform (175)
[2025.12.21-12.29.38:690][  4]LogModuleManager: Shutting down and abandoning module WindowsTargetPlatform (173)
[2025.12.21-12.29.38:690][  4]LogModuleManager: Shutting down and abandoning module WindowsNoEditorTargetPlatform (171)
[2025.12.21-12.29.38:691][  4]LogModuleManager: Shutting down and abandoning module TVOSTargetPlatform (169)
[2025.12.21-12.29.38:703][  4]LogModuleManager: Shutting down and abandoning module MacServerTargetPlatform (167)
[2025.12.21-12.29.38:703][  4]LogModuleManager: Shutting down and abandoning module MacClientTargetPlatform (165)
[2025.12.21-12.29.38:703][  4]LogModuleManager: Shutting down and abandoning module MacTargetPlatform (163)
[2025.12.21-12.29.38:703][  4]LogModuleManager: Shutting down and abandoning module MacNoEditorTargetPlatform (161)
[2025.12.21-12.29.38:703][  4]LogModuleManager: Shutting down and abandoning module LuminTargetPlatform (159)
[2025.12.21-12.29.38:714][  4]LogModuleManager: Shutting down and abandoning module LinuxAArch64ServerTargetPlatform (157)
[2025.12.21-12.29.38:714][  4]LogModuleManager: Shutting down and abandoning module LinuxAArch64ClientTargetPlatform (155)
[2025.12.21-12.29.38:714][  4]LogModuleManager: Shutting down and abandoning module LinuxAArch64NoEditorTargetPlatform (153)
[2025.12.21-12.29.38:715][  4]LogModuleManager: Shutting down and abandoning module LinuxServerTargetPlatform (151)
[2025.12.21-12.29.38:715][  4]LogModuleManager: Shutting down and abandoning module LinuxClientTargetPlatform (149)
[2025.12.21-12.29.38:715][  4]LogModuleManager: Shutting down and abandoning module LinuxNoEditorTargetPlatform (147)
[2025.12.21-12.29.38:715][  4]LogModuleManager: Shutting down and abandoning module LinuxTargetPlatform (145)
[2025.12.21-12.29.38:715][  4]LogModuleManager: Shutting down and abandoning module Messaging (143)
[2025.12.21-12.29.38:715][  4]LogModuleManager: Shutting down and abandoning module IOSTargetPlatform (141)
[2025.12.21-12.29.38:719][  4]LogModuleManager: Shutting down and abandoning module AndroidTargetPlatform (139)
[2025.12.21-12.29.38:725][  4]LogModuleManager: Shutting down and abandoning module AllDesktopTargetPlatform (137)
[2025.12.21-12.29.38:725][  4]LogModuleManager: Shutting down and abandoning module D3D11RHI (134)
[2025.12.21-12.29.38:725][  4]LogModuleManager: Shutting down and abandoning module InputCore (132)
[2025.12.21-12.29.38:725][  4]LogModuleManager: Shutting down and abandoning module Settings (130)
[2025.12.21-12.29.38:725][  4]LogModuleManager: Shutting down and abandoning module DirectoryWatcher (128)
[2025.12.21-12.29.38:726][  4]LogModuleManager: Shutting down and abandoning module PhysXCooking (126)
[2025.12.21-12.29.38:726][  4]LogModuleManager: Shutting down and abandoning module Chaos (124)
[2025.12.21-12.29.38:726][  4]LogModuleManager: Shutting down and abandoning module WindowsPlatformFeatures (122)
[2025.12.21-12.29.38:726][  4]LogModuleManager: Shutting down and abandoning module GameplayMediaEncoder (121)
[2025.12.21-12.29.38:727][  4]LogModuleManager: Shutting down and abandoning module AVEncoder (120)
[2025.12.21-12.29.38:727][  4]LogModuleManager: Shutting down and abandoning module SteamVRInputDevice (116)
[2025.12.21-12.29.38:728][  4]LogModuleManager: Shutting down and abandoning module SteamVRInput (114)
[2025.12.21-12.29.38:728][  4]LogModuleManager: Shutting down and abandoning module SteamVR (112)
[2025.12.21-12.29.38:728][  4]LogHMD: Freeing OpenVRDLLHandle.
[2025.12.21-12.29.38:728][  4]LogModuleManager: Shutting down and abandoning module OculusHMD (110)
[2025.12.21-12.29.38:728][  4]LogModuleManager: Shutting down and abandoning module OpenXRHandTracking (108)
[2025.12.21-12.29.38:729][  4]LogSlate: Slate User Destroyed.  User Index 0, Is Virtual User: 0
[2025.12.21-12.29.38:729][  4]LogModuleManager: Shutting down and abandoning module OpenXREyeTracker (106)
[2025.12.21-12.29.38:729][  4]LogModuleManager: Shutting down and abandoning module OpenXRAR (104)
[2025.12.21-12.29.38:730][  4]LogModuleManager: Shutting down and abandoning module AugmentedReality (103)
[2025.12.21-12.29.38:730][  4]LogModuleManager: Shutting down and abandoning module OpenXRHMD (100)
[2025.12.21-12.29.38:733][  4]LogModuleManager: Shutting down and abandoning module ExampleDeviceProfileSelector (98)
[2025.12.21-12.29.38:733][  4]LogModuleManager: Shutting down and abandoning module ChunkDownloader (96)
[2025.12.21-12.29.38:733][  4]LogModuleManager: Shutting down and abandoning module OnlineBlueprintSupport (94)
[2025.12.21-12.29.38:733][  4]LogModuleManager: Shutting down and abandoning module OnlineSubsystem (90)
[2025.12.21-12.29.38:737][  4]LogModuleManager: Shutting down and abandoning module XMPP (85)
[2025.12.21-12.29.38:738][  4]LogModuleManager: Shutting down and abandoning module WebSockets (84)
[2025.12.21-12.29.38:771][  4]LogModuleManager: Shutting down and abandoning module HTTP (81)
[2025.12.21-12.29.38:772][  4]LogHttp: Display: Http module shutting down, but needs to wait on 1 outstanding Http requests:
[2025.12.21-12.29.38:772][  4]LogHttp: Display: 	verb=[POST] url=[https://datarouter.ol.epicgames.com/datarouter/api/v1/public/data?SessionID=%7B42044AC4-4A4C-759B-ED34-FD9133977041%7D&AppID=UEEditor.Rocket.Release&AppVersion=4.27.2-18319896%2B%2B%2BUE4%2BRelease-4.27&UserID=b04b7cc342cbf28028732289d7babebf%7C984fab8377564a2eb8bdb4af4726766f%7C7b2af634-a612-4e7f-9a50-30bec8fc931d&AppEnvironment=datacollector-binary&UploadType=eteventstream] refs=[1] status=Processing
[2025.12.21-12.29.38:772][  4]LogHttp: Display: cleaning up 1 outstanding Http requests.
[2025.12.21-12.29.38:780][  4]LogModuleManager: Shutting down and abandoning module SSL (80)
[2025.12.21-12.29.38:783][  4]LogModuleManager: Shutting down and abandoning module WmfMedia (76)
[2025.12.21-12.29.38:787][  4]LogModuleManager: Shutting down and abandoning module Media (75)
[2025.12.21-12.29.38:789][  4]LogModuleManager: Shutting down and abandoning module MediaInfo (74)
[2025.12.21-12.29.38:789][  4]LogModuleManager: Shutting down and abandoning module ExrReaderGpu (70)
[2025.12.21-12.29.38:789][  4]LogModuleManager: Shutting down and abandoning module LauncherChunkInstaller (68)
[2025.12.21-12.29.38:789][  4]LogModuleManager: Shutting down and abandoning module ChaosCloth (66)
[2025.12.21-12.29.38:789][  4]LogModuleManager: Shutting down and abandoning module VariantManagerContent (64)
[2025.12.21-12.29.38:789][  4]LogModuleManager: Shutting down and abandoning module DatasmithContent (62)
[2025.12.21-12.29.38:790][  4]LogModuleManager: Shutting down and abandoning module MLSDK (60)
[2025.12.21-12.29.38:790][  4]LogModuleManager: Shutting down and abandoning module MagicLeap (58)
[2025.12.21-12.29.38:790][  4]LogModuleManager: Shutting down and abandoning module NiagaraVertexFactories (56)
[2025.12.21-12.29.38:791][  4]LogModuleManager: Shutting down and abandoning module NiagaraShader (54)
[2025.12.21-12.29.38:791][  4]LogModuleManager: Shutting down and abandoning module PixWinPlugin (52)
[2025.12.21-12.29.38:792][  4]LogModuleManager: Shutting down and abandoning module AISupportModule (50)
[2025.12.21-12.29.38:792][  4]LogModuleManager: Shutting down and abandoning module DesktopPlatform (48)
[2025.12.21-12.29.38:792][  4]LogModuleManager: Shutting down and abandoning module PythonScriptPluginPreload (46)
[2025.12.21-12.29.38:793][  4]LogModuleManager: Shutting down and abandoning module PlatformCryptoOpenSSL (44)
[2025.12.21-12.29.38:793][  4]LogModuleManager: Shutting down and abandoning module PlatformCryptoTypes (42)
[2025.12.21-12.29.38:793][  4]LogModuleManager: Shutting down and abandoning module PlatformCrypto (40)
[2025.12.21-12.29.38:793][  4]LogModuleManager: Shutting down and abandoning module OodleDataCompressionFormat (38)
[2025.12.21-12.29.38:795][  4]LogModuleManager: Shutting down and abandoning module XGEController (36)
[2025.12.21-12.29.38:795][  4]LogXGEController: Cleaning working directory: C:/Users/Владислав/AppData/Local/Temp/UnrealXGEWorkingDir/
[2025.12.21-12.29.38:795][  4]LogModuleManager: Shutting down and abandoning module AnimationModifiers (34)
[2025.12.21-12.29.38:796][  4]LogModuleManager: Shutting down and abandoning module AudioEditor (32)
[2025.12.21-12.29.38:798][  4]LogModuleManager: Shutting down and abandoning module PropertyEditor (31)
[2025.12.21-12.29.38:802][  4]LogModuleManager: Shutting down and abandoning module TextureCompressor (28)
[2025.12.21-12.29.38:802][  4]LogModuleManager: Shutting down and abandoning module RenderCore (26)
[2025.12.21-12.29.38:802][  4]LogModuleManager: Shutting down and abandoning module Landscape (24)
[2025.12.21-12.29.38:803][  4]LogModuleManager: Shutting down and abandoning module SlateRHIRenderer (22)
[2025.12.21-12.29.38:804][  4]LogModuleManager: Shutting down and abandoning module AnimGraphRuntime (20)
[2025.12.21-12.29.38:804][  4]LogModuleManager: Shutting down and abandoning module Renderer (18)
[2025.12.21-12.29.38:805][  4]LogModuleManager: Shutting down and abandoning module Engine (16)
[2025.12.21-12.29.38:805][  4]LogModuleManager: Shutting down and abandoning module CoreUObject (14)
[2025.12.21-12.29.38:805][  4]LogModuleManager: Shutting down and abandoning module NetworkFile (12)
[2025.12.21-12.29.38:806][  4]LogModuleManager: Shutting down and abandoning module CookedIterativeFile (10)
[2025.12.21-12.29.38:806][  4]LogModuleManager: Shutting down and abandoning module StreamingFile (8)
[2025.12.21-12.29.38:806][  4]LogModuleManager: Shutting down and abandoning module SandboxFile (6)
[2025.12.21-12.29.38:806][  4]LogModuleManager: Shutting down and abandoning module PakFile (4)
[2025.12.21-12.29.38:806][  4]LogModuleManager: Shutting down and abandoning module RSA (3)
[2025.12.21-12.29.38:948][  4]LogContentStreaming: Display: There are 1 unreleased StreamingManagers
[2025.12.21-12.29.38:969][  4]LogD3D11RHI: Shutdown
[2025.12.21-12.29.38:969][  4]LogD3D11RHI: CleanupD3DDevice
[2025.12.21-12.29.39:003][  4]LogExit: Exiting.
[2025.12.21-12.29.39:013][  4]Log file closed, 12/21/25 15:29:39
