Log file open, 12/10/25 22:53:28
LogWindows: Failed to load 'aqProf.dll' (GetLastError=126)
LogWindows: File 'aqProf.dll' does not exist
LogWindows: Failed to load 'VtuneApi.dll' (GetLastError=126)
LogWindows: File 'VtuneApi.dll' does not exist
LogWindows: Failed to load 'VtuneApi32e.dll' (GetLastError=126)
LogWindows: File 'VtuneApi32e.dll' does not exist
LogConsoleResponse: Display: Failed to find resolution value strings in scalability ini. Falling back to default.
LogConsoleResponse: Display: Failed to find resolution value strings in scalability ini. Falling back to default.
LogInit: Display: Running engine for game: Mini_laboratory
LogPlatformFile: Not using cached read wrapper
LogTaskGraph: Started task graph with 5 named threads and 23 total threads with 3 sets of task threads.
LogStats: Stats thread started at 0.192132
LogICUInternationalization: ICU TimeZone Detection - Raw Offset: +3:00, Platform Override: ''
LogInit: Display: Loading text-based GConfig....
LogPluginManager: Mounting plugin MeshPainting
LogPluginManager: Mounting plugin XGEController
LogPluginManager: Mounting plugin Paper2D
LogPluginManager: Mounting plugin AISupport
LogPluginManager: Mounting plugin EnvironmentQueryEditor
LogPluginManager: Mounting plugin LiveLink
LogPluginManager: Mounting plugin LightPropagationVolume
LogPluginManager: Mounting plugin OodleData
LogPluginManager: Mounting plugin OodleNetwork
LogPluginManager: Mounting plugin CameraShakePreviewer
LogPluginManager: Mounting plugin GameplayCameras
LogPluginManager: Mounting plugin AnimationSharing
LogPluginManager: Mounting plugin CLionSourceCodeAccess
LogPluginManager: Mounting plugin GitSourceControl
LogPluginManager: Mounting plugin CodeLiteSourceCodeAccess
LogPluginManager: Mounting plugin KDevelopSourceCodeAccess
LogPluginManager: Mounting plugin PlasticSourceControl
LogPluginManager: Mounting plugin PerforceSourceControl
LogPluginManager: Mounting plugin PixWinPlugin
LogPluginManager: Mounting plugin PluginUtils
LogPluginManager: Mounting plugin PropertyAccessNode
LogPluginManager: Mounting plugin NullSourceCodeAccess
LogPluginManager: Mounting plugin RiderSourceCodeAccess
LogPluginManager: Mounting plugin DatasmithContent
LogPluginManager: Mounting plugin SubversionSourceControl
LogPluginManager: Mounting plugin TextureFormatOodle
LogPluginManager: Mounting plugin UObjectPlugin
LogPluginManager: Mounting plugin VisualStudioCodeSourceCodeAccess
LogPluginManager: Mounting plugin VariantManagerContent
LogPluginManager: Mounting plugin VisualStudioSourceCodeAccess
LogPluginManager: Mounting plugin XCodeSourceCodeAccess
LogPluginManager: Mounting plugin AlembicImporter
LogPluginManager: Mounting plugin AutomationUtils
LogPluginManager: Mounting plugin BackChannel
LogPluginManager: Mounting plugin ChaosCloth
LogPluginManager: Mounting plugin ChaosClothEditor
LogPluginManager: Mounting plugin ChaosEditor
LogPluginManager: Mounting plugin ChaosSolverPlugin
LogPluginManager: Mounting plugin ChaosNiagara
LogPluginManager: Mounting plugin CharacterAI
LogPluginManager: Mounting plugin GeometryCache
LogPluginManager: Mounting plugin AssetManagerEditor
LogPluginManager: Mounting plugin GeometryCollectionPlugin
LogPluginManager: Mounting plugin GeometryProcessing
LogPluginManager: Mounting plugin MotoSynth
LogPluginManager: Mounting plugin OpenImageDenoise
LogPluginManager: Mounting plugin PlanarCut
LogPluginManager: Mounting plugin PlatformCrypto
LogPluginManager: Mounting plugin ProxyLODPlugin
LogPluginManager: Mounting plugin PythonScriptPlugin
LogPluginManager: Mounting plugin CryptoKeys
LogPluginManager: Mounting plugin CurveEditorTools
LogPluginManager: Mounting plugin SkeletalReduction
LogPluginManager: Mounting plugin DataValidation
LogPluginManager: Mounting plugin FacialAnimation
LogPluginManager: Mounting plugin GameplayTagsEditor
LogPluginManager: Mounting plugin GeometryMode
LogPluginManager: Mounting plugin MaterialAnalyzer
LogPluginManager: Mounting plugin MacGraphicsSwitching
LogPluginManager: Mounting plugin PluginBrowser
LogPluginManager: Mounting plugin MobileLauncherProfileWizard
LogPluginManager: Mounting plugin SpeedTreeImporter
LogPluginManager: Mounting plugin AndroidMedia
LogPluginManager: Mounting plugin AvfMedia
LogPluginManager: Mounting plugin MediaCompositing
LogPluginManager: Mounting plugin ImgMedia
LogPluginManager: Mounting plugin MediaPlayerEditor
LogPluginManager: Mounting plugin WebMMedia
LogPluginManager: Mounting plugin WmfMedia
LogPluginManager: Mounting plugin TcpMessaging
LogPluginManager: Mounting plugin UdpMessaging
LogPluginManager: Mounting plugin Niagara
LogPluginManager: Mounting plugin LevelSequenceEditor
LogPluginManager: Mounting plugin ActorSequence
LogPluginManager: Mounting plugin MatineeToLevelSequence
LogPluginManager: Mounting plugin TemplateSequence
LogPluginManager: Mounting plugin OnlineSubsystem
LogPluginManager: Mounting plugin OnlineSubsystemNull
LogPluginManager: Mounting plugin OnlineSubsystemUtils
LogPluginManager: Mounting plugin LauncherChunkInstaller
LogPluginManager: Mounting plugin ActorLayerUtilities
LogPluginManager: Mounting plugin AndroidMoviePlayer
LogPluginManager: Mounting plugin AndroidDeviceProfileSelector
LogPluginManager: Mounting plugin AndroidPermission
LogPluginManager: Mounting plugin AppleImageUtils
LogPluginManager: Mounting plugin AppleMoviePlayer
LogPluginManager: Mounting plugin ArchVisCharacter
LogPluginManager: Mounting plugin AudioCapture
LogPluginManager: Mounting plugin AudioSynesthesia
LogPluginManager: Mounting plugin AssetTags
LogPluginManager: Mounting plugin ChunkDownloader
LogPluginManager: Mounting plugin CustomMeshComponent
LogPluginManager: Mounting plugin EditableMesh
LogPluginManager: Mounting plugin CableComponent
LogPluginManager: Mounting plugin ExampleDeviceProfileSelector
LogPluginManager: Mounting plugin GoogleCloudMessaging
LogPluginManager: Mounting plugin GooglePAD
LogPluginManager: Mounting plugin IOSDeviceProfileSelector
LogPluginManager: Mounting plugin LinuxDeviceProfileSelector
LogPluginManager: Mounting plugin LocationServicesBPLibrary
LogPluginManager: Mounting plugin MobilePatchingUtils
LogPluginManager: Mounting plugin ScreenshotTools
LogPluginManager: Mounting plugin OpenXR
LogPluginManager: Mounting plugin OpenXREyeTracker
LogPluginManager: Mounting plugin OpenXRHandTracking
LogPluginManager: Mounting plugin PhysXVehicles
LogPluginManager: Mounting plugin Takes
LogPluginManager: Mounting plugin PostSplashScreen
LogPluginManager: Mounting plugin PropertyAccessEditor
LogPluginManager: Mounting plugin ProceduralMeshComponent
LogPluginManager: Mounting plugin RuntimePhysXCooking
LogPluginManager: Mounting plugin SignificanceManager
LogPluginManager: Mounting plugin SoundFields
LogPluginManager: Mounting plugin Synthesis
LogPluginManager: Mounting plugin WebMMoviePlayer
LogPluginManager: Mounting plugin LuminPlatformFeatures
LogPluginManager: Mounting plugin WindowsMoviePlayer
LogPluginManager: Mounting plugin MagicLeap
LogPluginManager: Mounting plugin MagicLeapLightEstimation
LogPluginManager: Mounting plugin MagicLeapMedia
LogPluginManager: Mounting plugin MagicLeapPassableWorld
LogPluginManager: Mounting plugin MLSDK
LogPluginManager: Mounting plugin ContentBrowserAssetDataSource
LogPluginManager: Mounting plugin ContentBrowserClassDataSource
LogPluginManager: Mounting plugin ContentBrowserFileDataSource
LogPluginManager: Mounting plugin OnlineSubsystemGooglePlay
LogPluginManager: Mounting plugin OnlineSubsystemIOS
LogPluginManager: Mounting plugin OculusVR
LogPluginManager: Mounting plugin SteamVR
PixWinPlugin: PIX capture plugin failed to initialize! Check that the process is launched from PIX.
LogInit: Using libcurl 7.55.1-DEV
LogInit:  - built for x86_64-pc-win32
LogInit:  - supports SSL with OpenSSL/1.1.1
LogInit:  - supports HTTP deflate (compression) using libz 1.2.8
LogInit:  - other features:
LogInit:      CURL_VERSION_SSL
LogInit:      CURL_VERSION_LIBZ
LogInit:      CURL_VERSION_IPV6
LogInit:      CURL_VERSION_ASYNCHDNS
LogInit:      CURL_VERSION_LARGEFILE
LogInit:      CURL_VERSION_IDN
LogInit:  CurlRequestOptions (configurable via config and command line):
LogInit:  - bVerifyPeer = true  - Libcurl will verify peer certificate
LogInit:  - bUseHttpProxy = false  - Libcurl will NOT use HTTP proxy
LogInit:  - bDontReuseConnections = false  - Libcurl will reuse connections
LogInit:  - MaxHostConnections = 16  - Libcurl will limit the number of connections to a host
LogInit:  - LocalHostAddr = Default
LogInit:  - BufferSize = 65536
LogOnline: OSS: Creating online subsystem instance for: NULL
LogInit: WinSock: version 1.1 (2.2), MaxSocks=32767, MaxUdp=65467
LogOnline: OSS: TryLoadSubsystemAndSetDefault: Loaded subsystem for module [NULL]
LogOculusPluginWrapper: OculusPlugin initialized successfully
LogHMD: Failed initializing OVRPlugin 1.59.0
LogInit: Build: ++UE4+Release-4.27-CL-18319896
LogInit: Engine Version: 4.27.2-18319896+++UE4+Release-4.27
LogInit: Compatible Engine Version: 4.27.0-17155196+++UE4+Release-4.27
LogInit: Net CL: 17155196
LogInit: OS: Windows 10 (Release 2009) (), CPU: Intel(R) Core(TM) i5-10300H CPU @ 2.50GHz, GPU: Intel(R) UHD Graphics
LogInit: Compiled (64-bit): Nov 30 2021 07:12:08
LogInit: Compiled with Visual C++: 19.24.28315.00
LogInit: Build Configuration: Development
LogInit: Branch Name: ++UE4+Release-4.27
LogInit: Command Line: 
LogInit: Base Directory: D:/Progams on PC/Unreal/UE_4.27/Engine/Binaries/Win64/
LogInit: Allocator: TBB
LogInit: Installed Engine Build: 1
LogDevObjectVersion: Number of dev versions registered: 29
LogDevObjectVersion:   Dev-Blueprints (B0D832E4-1F89-4F0D-ACCF-7EB736FD4AA2): 10
LogDevObjectVersion:   Dev-Build (E1C64328-A22C-4D53-A36C-8E866417BD8C): 0
LogDevObjectVersion:   Dev-Core (375EC13C-06E4-48FB-B500-84F0262A717E): 4
LogDevObjectVersion:   Dev-Editor (E4B068ED-F494-42E9-A231-DA0B2E46BB41): 40
LogDevObjectVersion:   Dev-Framework (CFFC743F-43B0-4480-9391-14DF171D2073): 37
LogDevObjectVersion:   Dev-Mobile (B02B49B5-BB20-44E9-A304-32B752E40360): 3
LogDevObjectVersion:   Dev-Networking (A4E4105C-59A1-49B5-A7C5-40C4547EDFEE): 0
LogDevObjectVersion:   Dev-Online (39C831C9-5AE6-47DC-9A44-9C173E1C8E7C): 0
LogDevObjectVersion:   Dev-Physics (78F01B33-EBEA-4F98-B9B4-84EACCB95AA2): 14
LogDevObjectVersion:   Dev-Platform (6631380F-2D4D-43E0-8009-CF276956A95A): 0
LogDevObjectVersion:   Dev-Rendering (12F88B9F-8875-4AFC-A67C-D90C383ABD29): 45
LogDevObjectVersion:   Dev-Sequencer (7B5AE74C-D270-4C10-A958-57980B212A5A): 13
LogDevObjectVersion:   Dev-VR (D7296918-1DD6-4BDD-9DE2-64A83CC13884): 3
LogDevObjectVersion:   Dev-LoadTimes (C2A15278-BFE7-4AFE-6C17-90FF531DF755): 1
LogDevObjectVersion:   Private-Geometry (6EACA3D4-40EC-4CC1-B786-8BED09428FC5): 3
LogDevObjectVersion:   Dev-AnimPhys (29E575DD-E0A3-4627-9D10-D276232CDCEA): 17
LogDevObjectVersion:   Dev-Anim (AF43A65D-7FD3-4947-9873-3E8ED9C1BB05): 15
LogDevObjectVersion:   Dev-ReflectionCapture (6B266CEC-1EC7-4B8F-A30B-E4D90942FC07): 1
LogDevObjectVersion:   Dev-Automation (0DF73D61-A23F-47EA-B727-89E90C41499A): 1
LogDevObjectVersion:   FortniteMain (601D1886-AC64-4F84-AA16-D3DE0DEAC7D6): 47
LogDevObjectVersion:   FortniteRelease (E7086368-6B23-4C58-8439-1B7016265E91): 1
LogDevObjectVersion:   Dev-Enterprise (9DFFBCD6-494F-0158-E221-12823C92A888): 10
LogDevObjectVersion:   Dev-Niagara (F2AED0AC-9AFE-416F-8664-AA7FFA26D6FC): 1
LogDevObjectVersion:   Dev-Destruction (174F1F0B-B4C6-45A5-B13F-2EE8D0FB917D): 10
LogDevObjectVersion:   Dev-Physics-Ext (35F94A83-E258-406C-A318-09F59610247C): 41
LogDevObjectVersion:   Dev-PhysicsMaterial-Chaos (B68FC16E-8B1B-42E2-B453-215C058844FE): 1
LogDevObjectVersion:   Dev-CineCamera (B2E18506-4273-CFC2-A54E-F4BB758BBA07): 1
LogDevObjectVersion:   Dev-VirtualProduction (64F58936-FD1B-42BA-BA96-7289D5D0FA4E): 1
LogDevObjectVersion:   Dev-MediaFramework (6F0ED827-A609-4895-9C91-998D90180EA4): 2
LogInit: Presizing for max 25165824 objects, including 0 objects not considered by GC, pre-allocating 0 bytes for permanent pool.
LogConfig: Applying CVar settings from Section [/Script/Engine.StreamingSettings] File [D:/WORKPLACE/Mini_laboratory/MEPhI_VR_term_1/Mini_laboratory/Saved/Config/Windows/Engine.ini]
LogConfig: Setting CVar [[s.MinBulkDataSizeForAsyncLoading:131072]]
LogConfig: Setting CVar [[s.AsyncLoadingThreadEnabled:0]]
LogConfig: Setting CVar [[s.EventDrivenLoaderEnabled:1]]
LogConfig: Setting CVar [[s.WarnIfTimeLimitExceeded:0]]
LogConfig: Setting CVar [[s.TimeLimitExceededMultiplier:1.5]]
LogConfig: Setting CVar [[s.TimeLimitExceededMinTime:0.005]]
LogConfig: Setting CVar [[s.UseBackgroundLevelStreaming:1]]
LogConfig: Setting CVar [[s.PriorityAsyncLoadingExtraTime:15.0]]
LogConfig: Setting CVar [[s.LevelStreamingActorsUpdateTimeLimit:5.0]]
LogConfig: Setting CVar [[s.PriorityLevelStreamingActorsUpdateExtraTime:5.0]]
LogConfig: Setting CVar [[s.LevelStreamingComponentsRegistrationGranularity:10]]
LogConfig: Setting CVar [[s.UnregisterComponentsTimeLimit:1.0]]
LogConfig: Setting CVar [[s.LevelStreamingComponentsUnregistrationGranularity:5]]
LogConfig: Setting CVar [[s.FlushStreamingOnExit:1]]
LogInit: Object subsystem initialized
LogConfig: Setting CVar [[con.DebugEarlyDefault:1]]
LogConfig: Setting CVar [[r.setres:1280x720]]
[2025.12.10-19.53.28:930][  0]LogConfig: Setting CVar [[r.VSync:0]]
[2025.12.10-19.53.28:930][  0]LogConfig: Setting CVar [[r.RHICmdBypass:0]]
[2025.12.10-19.53.28:930][  0]LogConfig: Applying CVar settings from Section [/Script/Engine.RendererSettings] File [D:/WORKPLACE/Mini_laboratory/MEPhI_VR_term_1/Mini_laboratory/Saved/Config/Windows/Engine.ini]
[2025.12.10-19.53.28:930][  0]LogConfig: Setting CVar [[r.GPUCrashDebugging:0]]
[2025.12.10-19.53.28:930][  0]LogConfig: Applying CVar settings from Section [/Script/Engine.RendererOverrideSettings] File [D:/WORKPLACE/Mini_laboratory/MEPhI_VR_term_1/Mini_laboratory/Saved/Config/Windows/Engine.ini]
[2025.12.10-19.53.28:930][  0]LogConfig: Applying CVar settings from Section [/Script/Engine.StreamingSettings] File [D:/WORKPLACE/Mini_laboratory/MEPhI_VR_term_1/Mini_laboratory/Saved/Config/Windows/Engine.ini]
[2025.12.10-19.53.28:930][  0]LogConfig: Setting CVar [[s.MinBulkDataSizeForAsyncLoading:131072]]
[2025.12.10-19.53.28:930][  0]LogConfig: Setting CVar [[s.AsyncLoadingThreadEnabled:0]]
[2025.12.10-19.53.28:930][  0]LogConfig: Setting CVar [[s.EventDrivenLoaderEnabled:1]]
[2025.12.10-19.53.28:930][  0]LogConfig: Setting CVar [[s.WarnIfTimeLimitExceeded:0]]
[2025.12.10-19.53.28:930][  0]LogConfig: Setting CVar [[s.TimeLimitExceededMultiplier:1.5]]
[2025.12.10-19.53.28:930][  0]LogConfig: Setting CVar [[s.TimeLimitExceededMinTime:0.005]]
[2025.12.10-19.53.28:930][  0]LogConfig: Setting CVar [[s.UseBackgroundLevelStreaming:1]]
[2025.12.10-19.53.28:930][  0]LogConfig: Setting CVar [[s.PriorityAsyncLoadingExtraTime:15.0]]
[2025.12.10-19.53.28:930][  0]LogConfig: Setting CVar [[s.LevelStreamingActorsUpdateTimeLimit:5.0]]
[2025.12.10-19.53.28:930][  0]LogConfig: Setting CVar [[s.PriorityLevelStreamingActorsUpdateExtraTime:5.0]]
[2025.12.10-19.53.28:930][  0]LogConfig: Setting CVar [[s.LevelStreamingComponentsRegistrationGranularity:10]]
[2025.12.10-19.53.28:930][  0]LogConfig: Setting CVar [[s.UnregisterComponentsTimeLimit:1.0]]
[2025.12.10-19.53.28:930][  0]LogConfig: Setting CVar [[s.LevelStreamingComponentsUnregistrationGranularity:5]]
[2025.12.10-19.53.28:930][  0]LogConfig: Setting CVar [[s.FlushStreamingOnExit:1]]
[2025.12.10-19.53.28:930][  0]LogConfig: Applying CVar settings from Section [/Script/Engine.GarbageCollectionSettings] File [D:/WORKPLACE/Mini_laboratory/MEPhI_VR_term_1/Mini_laboratory/Saved/Config/Windows/Engine.ini]
[2025.12.10-19.53.28:930][  0]LogConfig: Setting CVar [[gc.MaxObjectsNotConsideredByGC:1]]
[2025.12.10-19.53.28:930][  0]LogConfig: Setting CVar [[gc.SizeOfPermanentObjectPool:0]]
[2025.12.10-19.53.28:930][  0]LogConfig: Setting CVar [[gc.FlushStreamingOnGC:0]]
[2025.12.10-19.53.28:930][  0]LogConfig: Setting CVar [[gc.NumRetriesBeforeForcingGC:10]]
[2025.12.10-19.53.28:930][  0]LogConfig: Setting CVar [[gc.AllowParallelGC:1]]
[2025.12.10-19.53.28:930][  0]LogConfig: Setting CVar [[gc.TimeBetweenPurgingPendingKillObjects:61.1]]
[2025.12.10-19.53.28:930][  0]LogConfig: Setting CVar [[gc.MaxObjectsInEditor:25165824]]
[2025.12.10-19.53.28:930][  0]LogConfig: Setting CVar [[gc.IncrementalBeginDestroyEnabled:1]]
[2025.12.10-19.53.28:930][  0]LogConfig: Setting CVar [[gc.CreateGCClusters:1]]
[2025.12.10-19.53.28:930][  0]LogConfig: Setting CVar [[gc.MinGCClusterSize:5]]
[2025.12.10-19.53.28:930][  0]LogConfig: Setting CVar [[gc.ActorClusteringEnabled:0]]
[2025.12.10-19.53.28:930][  0]LogConfig: Setting CVar [[gc.BlueprintClusteringEnabled:0]]
[2025.12.10-19.53.28:930][  0]LogConfig: Setting CVar [[gc.UseDisregardForGCOnDedicatedServers:0]]
[2025.12.10-19.53.28:930][  0]LogConfig: Setting CVar [[gc.MultithreadedDestructionEnabled:1]]
[2025.12.10-19.53.28:930][  0]LogConfig: Applying CVar settings from Section [/Script/Engine.NetworkSettings] File [D:/WORKPLACE/Mini_laboratory/MEPhI_VR_term_1/Mini_laboratory/Saved/Config/Windows/Engine.ini]
[2025.12.10-19.53.28:930][  0]LogConfig: Applying CVar settings from Section [/Script/UnrealEd.CookerSettings] File [D:/WORKPLACE/Mini_laboratory/MEPhI_VR_term_1/Mini_laboratory/Saved/Config/Windows/Engine.ini]
[2025.12.10-19.53.28:936][  0]LogConfig: Applying CVar settings from Section [ViewDistanceQuality@3] File [D:/WORKPLACE/Mini_laboratory/MEPhI_VR_term_1/Mini_laboratory/Saved/Config/Windows/Scalability.ini]
[2025.12.10-19.53.28:936][  0]LogConfig: Setting CVar [[r.SkeletalMeshLODBias:0]]
[2025.12.10-19.53.28:936][  0]LogConfig: Setting CVar [[r.ViewDistanceScale:1.0]]
[2025.12.10-19.53.28:936][  0]LogConfig: Applying CVar settings from Section [AntiAliasingQuality@3] File [D:/WORKPLACE/Mini_laboratory/MEPhI_VR_term_1/Mini_laboratory/Saved/Config/Windows/Scalability.ini]
[2025.12.10-19.53.28:936][  0]LogConfig: Setting CVar [[r.PostProcessAAQuality:4]]
[2025.12.10-19.53.28:936][  0]LogConfig: Applying CVar settings from Section [ShadowQuality@3] File [D:/WORKPLACE/Mini_laboratory/MEPhI_VR_term_1/Mini_laboratory/Saved/Config/Windows/Scalability.ini]
[2025.12.10-19.53.28:936][  0]LogConfig: Setting CVar [[r.LightFunctionQuality:1]]
[2025.12.10-19.53.28:936][  0]LogConfig: Setting CVar [[r.ShadowQuality:5]]
[2025.12.10-19.53.28:936][  0]LogConfig: Setting CVar [[r.Shadow.CSM.MaxCascades:10]]
[2025.12.10-19.53.28:936][  0]LogConfig: Setting CVar [[r.Shadow.MaxResolution:2048]]
[2025.12.10-19.53.28:936][  0]LogConfig: Setting CVar [[r.Shadow.MaxCSMResolution:2048]]
[2025.12.10-19.53.28:936][  0]LogConfig: Setting CVar [[r.Shadow.RadiusThreshold:0.01]]
[2025.12.10-19.53.28:936][  0]LogConfig: Setting CVar [[r.Shadow.DistanceScale:1.0]]
[2025.12.10-19.53.28:937][  0]LogConfig: Setting CVar [[r.Shadow.CSM.TransitionScale:1.0]]
[2025.12.10-19.53.28:937][  0]LogConfig: Setting CVar [[r.Shadow.PreShadowResolutionFactor:1.0]]
[2025.12.10-19.53.28:937][  0]LogConfig: Setting CVar [[r.DistanceFieldShadowing:1]]
[2025.12.10-19.53.28:937][  0]LogConfig: Setting CVar [[r.DistanceFieldAO:1]]
[2025.12.10-19.53.28:937][  0]LogConfig: Setting CVar [[r.AOQuality:2]]
[2025.12.10-19.53.28:937][  0]LogConfig: Setting CVar [[r.VolumetricFog:1]]
[2025.12.10-19.53.28:937][  0]LogConfig: Setting CVar [[r.VolumetricFog.GridPixelSize:8]]
[2025.12.10-19.53.28:937][  0]LogConfig: Setting CVar [[r.VolumetricFog.GridSizeZ:128]]
[2025.12.10-19.53.28:937][  0]LogConfig: Setting CVar [[r.VolumetricFog.HistoryMissSupersampleCount:4]]
[2025.12.10-19.53.28:937][  0]LogConfig: Setting CVar [[r.LightMaxDrawDistanceScale:1]]
[2025.12.10-19.53.28:937][  0]LogConfig: Setting CVar [[r.CapsuleShadows:1]]
[2025.12.10-19.53.28:937][  0]LogConfig: Applying CVar settings from Section [PostProcessQuality@3] File [D:/WORKPLACE/Mini_laboratory/MEPhI_VR_term_1/Mini_laboratory/Saved/Config/Windows/Scalability.ini]
[2025.12.10-19.53.28:937][  0]LogConfig: Setting CVar [[r.MotionBlurQuality:4]]
[2025.12.10-19.53.28:937][  0]LogConfig: Setting CVar [[r.AmbientOcclusionMipLevelFactor:0.4]]
[2025.12.10-19.53.28:937][  0]LogConfig: Setting CVar [[r.AmbientOcclusionMaxQuality:100]]
[2025.12.10-19.53.28:937][  0]LogConfig: Setting CVar [[r.AmbientOcclusionLevels:-1]]
[2025.12.10-19.53.28:937][  0]LogConfig: Setting CVar [[r.AmbientOcclusionRadiusScale:1.0]]
[2025.12.10-19.53.28:937][  0]LogConfig: Setting CVar [[r.DepthOfFieldQuality:2]]
[2025.12.10-19.53.28:937][  0]LogConfig: Setting CVar [[r.RenderTargetPoolMin:400]]
[2025.12.10-19.53.28:937][  0]LogConfig: Setting CVar [[r.LensFlareQuality:2]]
[2025.12.10-19.53.28:937][  0]LogConfig: Setting CVar [[r.SceneColorFringeQuality:1]]
[2025.12.10-19.53.28:937][  0]LogConfig: Setting CVar [[r.EyeAdaptationQuality:2]]
[2025.12.10-19.53.28:937][  0]LogConfig: Setting CVar [[r.BloomQuality:5]]
[2025.12.10-19.53.28:937][  0]LogConfig: Setting CVar [[r.FastBlurThreshold:100]]
[2025.12.10-19.53.28:937][  0]LogConfig: Setting CVar [[r.Upscale.Quality:3]]
[2025.12.10-19.53.28:937][  0]LogConfig: Setting CVar [[r.Tonemapper.GrainQuantization:1]]
[2025.12.10-19.53.28:937][  0]LogConfig: Setting CVar [[r.LightShaftQuality:1]]
[2025.12.10-19.53.28:937][  0]LogConfig: Setting CVar [[r.Filter.SizeScale:1]]
[2025.12.10-19.53.28:937][  0]LogConfig: Setting CVar [[r.Tonemapper.Quality:5]]
[2025.12.10-19.53.28:937][  0]LogConfig: Setting CVar [[r.DOF.Gather.AccumulatorQuality:1        ; higher gathering accumulator quality]]
[2025.12.10-19.53.28:937][  0]LogConfig: Setting CVar [[r.DOF.Gather.PostfilterMethod:1          ; Median3x3 postfilering method]]
[2025.12.10-19.53.28:937][  0]LogConfig: Setting CVar [[r.DOF.Gather.EnableBokehSettings:0       ; no bokeh simulation when gathering]]
[2025.12.10-19.53.28:937][  0]LogConfig: Setting CVar [[r.DOF.Gather.RingCount:4                 ; medium number of samples when gathering]]
[2025.12.10-19.53.28:937][  0]LogConfig: Setting CVar [[r.DOF.Scatter.ForegroundCompositing:1    ; additive foreground scattering]]
[2025.12.10-19.53.28:937][  0]LogConfig: Setting CVar [[r.DOF.Scatter.BackgroundCompositing:2    ; additive background scattering]]
[2025.12.10-19.53.28:937][  0]LogConfig: Setting CVar [[r.DOF.Scatter.EnableBokehSettings:1      ; bokeh simulation when scattering]]
[2025.12.10-19.53.28:937][  0]LogConfig: Setting CVar [[r.DOF.Scatter.MaxSpriteRatio:0.1         ; only a maximum of 10% of scattered bokeh]]
[2025.12.10-19.53.28:937][  0]LogConfig: Setting CVar [[r.DOF.Recombine.Quality:1                ; cheap slight out of focus]]
[2025.12.10-19.53.28:937][  0]LogConfig: Setting CVar [[r.DOF.Recombine.EnableBokehSettings:0    ; no bokeh simulation on slight out of focus]]
[2025.12.10-19.53.28:937][  0]LogConfig: Setting CVar [[r.DOF.TemporalAAQuality:1                ; more stable temporal accumulation]]
[2025.12.10-19.53.28:937][  0]LogConfig: Setting CVar [[r.DOF.Kernel.MaxForegroundRadius:0.025]]
[2025.12.10-19.53.28:937][  0]LogConfig: Setting CVar [[r.DOF.Kernel.MaxBackgroundRadius:0.025]]
[2025.12.10-19.53.28:937][  0]LogConfig: Applying CVar settings from Section [TextureQuality@3] File [D:/WORKPLACE/Mini_laboratory/MEPhI_VR_term_1/Mini_laboratory/Saved/Config/Windows/Scalability.ini]
[2025.12.10-19.53.28:937][  0]LogConfig: Setting CVar [[r.Streaming.MipBias:0]]
[2025.12.10-19.53.28:937][  0]LogConfig: Setting CVar [[r.Streaming.AmortizeCPUToGPUCopy:0]]
[2025.12.10-19.53.28:937][  0]LogConfig: Setting CVar [[r.Streaming.MaxNumTexturesToStreamPerFrame:0]]
[2025.12.10-19.53.28:937][  0]LogConfig: Setting CVar [[r.Streaming.Boost:1]]
[2025.12.10-19.53.28:937][  0]LogConfig: Setting CVar [[r.MaxAnisotropy:8]]
[2025.12.10-19.53.28:937][  0]LogConfig: Setting CVar [[r.VT.MaxAnisotropy:8]]
[2025.12.10-19.53.28:937][  0]LogConfig: Setting CVar [[r.Streaming.LimitPoolSizeToVRAM:0]]
[2025.12.10-19.53.28:937][  0]LogConfig: Setting CVar [[r.Streaming.PoolSize:1000]]
[2025.12.10-19.53.28:937][  0]LogConfig: Setting CVar [[r.Streaming.MaxEffectiveScreenSize:0]]
[2025.12.10-19.53.28:937][  0]LogConfig: Applying CVar settings from Section [EffectsQuality@3] File [D:/WORKPLACE/Mini_laboratory/MEPhI_VR_term_1/Mini_laboratory/Saved/Config/Windows/Scalability.ini]
[2025.12.10-19.53.28:937][  0]LogConfig: Setting CVar [[r.TranslucencyLightingVolumeDim:64]]
[2025.12.10-19.53.28:937][  0]LogConfig: Setting CVar [[r.RefractionQuality:2]]
[2025.12.10-19.53.28:937][  0]LogConfig: Setting CVar [[r.SSR.Quality:3]]
[2025.12.10-19.53.28:937][  0]LogConfig: Setting CVar [[r.SSR.HalfResSceneColor:0]]
[2025.12.10-19.53.28:937][  0]LogConfig: Setting CVar [[r.SceneColorFormat:4]]
[2025.12.10-19.53.28:937][  0]LogConfig: Setting CVar [[r.DetailMode:2]]
[2025.12.10-19.53.28:937][  0]LogConfig: Setting CVar [[r.TranslucencyVolumeBlur:1]]
[2025.12.10-19.53.28:937][  0]LogConfig: Setting CVar [[r.MaterialQualityLevel:1 ; High quality]]
[2025.12.10-19.53.28:937][  0]LogConfig: Setting CVar [[r.AnisotropicMaterials:1]]
[2025.12.10-19.53.28:937][  0]LogConfig: Setting CVar [[r.SSS.Scale:1]]
[2025.12.10-19.53.28:937][  0]LogConfig: Setting CVar [[r.SSS.SampleSet:2]]
[2025.12.10-19.53.28:937][  0]LogConfig: Setting CVar [[r.SSS.Quality:1]]
[2025.12.10-19.53.28:937][  0]LogConfig: Setting CVar [[r.SSS.HalfRes:0]]
[2025.12.10-19.53.28:937][  0]LogConfig: Setting CVar [[r.SSGI.Quality:3]]
[2025.12.10-19.53.28:937][  0]LogConfig: Setting CVar [[r.EmitterSpawnRateScale:1.0]]
[2025.12.10-19.53.28:937][  0]LogConfig: Setting CVar [[r.ParticleLightQuality:2]]
[2025.12.10-19.53.28:937][  0]LogConfig: Setting CVar [[r.SkyAtmosphere.AerialPerspectiveLUT.FastApplyOnOpaque:1 ; Always have FastSkyLUT 1 in this case to avoid wrong sky]]
[2025.12.10-19.53.28:937][  0]LogConfig: Setting CVar [[r.SkyAtmosphere.AerialPerspectiveLUT.SampleCountMaxPerSlice:4]]
[2025.12.10-19.53.28:937][  0]LogConfig: Setting CVar [[r.SkyAtmosphere.AerialPerspectiveLUT.DepthResolution:16.0]]
[2025.12.10-19.53.28:937][  0]LogConfig: Setting CVar [[r.SkyAtmosphere.FastSkyLUT:1]]
[2025.12.10-19.53.28:937][  0]LogConfig: Setting CVar [[r.SkyAtmosphere.FastSkyLUT.SampleCountMin:4.0]]
[2025.12.10-19.53.28:937][  0]LogConfig: Setting CVar [[r.SkyAtmosphere.FastSkyLUT.SampleCountMax:128.0]]
[2025.12.10-19.53.28:937][  0]LogConfig: Setting CVar [[r.SkyAtmosphere.SampleCountMin:4.0]]
[2025.12.10-19.53.28:937][  0]LogConfig: Setting CVar [[r.SkyAtmosphere.SampleCountMax:128.0]]
[2025.12.10-19.53.28:937][  0]LogConfig: Setting CVar [[r.SkyAtmosphere.TransmittanceLUT.UseSmallFormat:0]]
[2025.12.10-19.53.28:937][  0]LogConfig: Setting CVar [[r.SkyAtmosphere.TransmittanceLUT.SampleCount:10.0]]
[2025.12.10-19.53.28:937][  0]LogConfig: Setting CVar [[r.SkyAtmosphere.MultiScatteringLUT.SampleCount:15.0]]
[2025.12.10-19.53.28:937][  0]LogConfig: Setting CVar [[r.SkyLight.RealTimeReflectionCapture:1]]
[2025.12.10-19.53.28:937][  0]LogConfig: Applying CVar settings from Section [FoliageQuality@3] File [D:/WORKPLACE/Mini_laboratory/MEPhI_VR_term_1/Mini_laboratory/Saved/Config/Windows/Scalability.ini]
[2025.12.10-19.53.28:937][  0]LogConfig: Setting CVar [[foliage.DensityScale:1.0]]
[2025.12.10-19.53.28:937][  0]LogConfig: Setting CVar [[grass.DensityScale:1.0]]
[2025.12.10-19.53.28:937][  0]LogConfig: Applying CVar settings from Section [ShadingQuality@3] File [D:/WORKPLACE/Mini_laboratory/MEPhI_VR_term_1/Mini_laboratory/Saved/Config/Windows/Scalability.ini]
[2025.12.10-19.53.28:937][  0]LogConfig: Setting CVar [[r.HairStrands.SkyLighting.IntegrationType:2]]
[2025.12.10-19.53.28:937][  0]LogConfig: Setting CVar [[r.HairStrands.SkyAO.SampleCount:4]]
[2025.12.10-19.53.28:937][  0]LogConfig: Setting CVar [[r.HairStrands.Visibility.MSAA.SamplePerPixel:4]]
[2025.12.10-19.53.28:938][  0]LogInit: Selected Device Profile: [Windows]
[2025.12.10-19.53.28:938][  0]LogInit: Applying CVar settings loaded from the selected device profile: [Windows]
[2025.12.10-19.53.28:938][  0]LogHAL: Display: Platform has ~ 8 GB [8451309568 / 8589934592 / 8], which maps to Default [LargestMinGB=32, LargerMinGB=12, DefaultMinGB=8, SmallerMinGB=6, SmallestMinGB=0)
[2025.12.10-19.53.28:938][  0]LogInit: Going up to parent DeviceProfile []
[2025.12.10-19.53.28:938][  0]LogConfig: Applying CVar settings from Section [ViewDistanceQuality@3] File [D:/WORKPLACE/Mini_laboratory/MEPhI_VR_term_1/Mini_laboratory/Saved/Config/Windows/Scalability.ini]
[2025.12.10-19.53.28:938][  0]LogConfig: Setting CVar [[r.SkeletalMeshLODBias:0]]
[2025.12.10-19.53.28:938][  0]LogConfig: Setting CVar [[r.ViewDistanceScale:1.0]]
[2025.12.10-19.53.28:938][  0]LogConfig: Applying CVar settings from Section [AntiAliasingQuality@3] File [D:/WORKPLACE/Mini_laboratory/MEPhI_VR_term_1/Mini_laboratory/Saved/Config/Windows/Scalability.ini]
[2025.12.10-19.53.28:938][  0]LogConfig: Setting CVar [[r.PostProcessAAQuality:4]]
[2025.12.10-19.53.28:938][  0]LogConfig: Applying CVar settings from Section [ShadowQuality@3] File [D:/WORKPLACE/Mini_laboratory/MEPhI_VR_term_1/Mini_laboratory/Saved/Config/Windows/Scalability.ini]
[2025.12.10-19.53.28:938][  0]LogConfig: Setting CVar [[r.LightFunctionQuality:1]]
[2025.12.10-19.53.28:938][  0]LogConfig: Setting CVar [[r.ShadowQuality:5]]
[2025.12.10-19.53.28:938][  0]LogConfig: Setting CVar [[r.Shadow.CSM.MaxCascades:10]]
[2025.12.10-19.53.28:938][  0]LogConfig: Setting CVar [[r.Shadow.MaxResolution:2048]]
[2025.12.10-19.53.28:938][  0]LogConfig: Setting CVar [[r.Shadow.MaxCSMResolution:2048]]
[2025.12.10-19.53.28:938][  0]LogConfig: Setting CVar [[r.Shadow.RadiusThreshold:0.01]]
[2025.12.10-19.53.28:938][  0]LogConfig: Setting CVar [[r.Shadow.DistanceScale:1.0]]
[2025.12.10-19.53.28:938][  0]LogConfig: Setting CVar [[r.Shadow.CSM.TransitionScale:1.0]]
[2025.12.10-19.53.28:938][  0]LogConfig: Setting CVar [[r.Shadow.PreShadowResolutionFactor:1.0]]
[2025.12.10-19.53.28:938][  0]LogConfig: Setting CVar [[r.DistanceFieldShadowing:1]]
[2025.12.10-19.53.28:938][  0]LogConfig: Setting CVar [[r.DistanceFieldAO:1]]
[2025.12.10-19.53.28:938][  0]LogConfig: Setting CVar [[r.AOQuality:2]]
[2025.12.10-19.53.28:938][  0]LogConfig: Setting CVar [[r.VolumetricFog:1]]
[2025.12.10-19.53.28:938][  0]LogConfig: Setting CVar [[r.VolumetricFog.GridPixelSize:8]]
[2025.12.10-19.53.28:938][  0]LogConfig: Setting CVar [[r.VolumetricFog.GridSizeZ:128]]
[2025.12.10-19.53.28:938][  0]LogConfig: Setting CVar [[r.VolumetricFog.HistoryMissSupersampleCount:4]]
[2025.12.10-19.53.28:938][  0]LogConfig: Setting CVar [[r.LightMaxDrawDistanceScale:1]]
[2025.12.10-19.53.28:938][  0]LogConfig: Setting CVar [[r.CapsuleShadows:1]]
[2025.12.10-19.53.28:938][  0]LogConfig: Applying CVar settings from Section [PostProcessQuality@3] File [D:/WORKPLACE/Mini_laboratory/MEPhI_VR_term_1/Mini_laboratory/Saved/Config/Windows/Scalability.ini]
[2025.12.10-19.53.28:938][  0]LogConfig: Setting CVar [[r.MotionBlurQuality:4]]
[2025.12.10-19.53.28:938][  0]LogConfig: Setting CVar [[r.AmbientOcclusionMipLevelFactor:0.4]]
[2025.12.10-19.53.28:938][  0]LogConfig: Setting CVar [[r.AmbientOcclusionMaxQuality:100]]
[2025.12.10-19.53.28:938][  0]LogConfig: Setting CVar [[r.AmbientOcclusionLevels:-1]]
[2025.12.10-19.53.28:938][  0]LogConfig: Setting CVar [[r.AmbientOcclusionRadiusScale:1.0]]
[2025.12.10-19.53.28:938][  0]LogConfig: Setting CVar [[r.DepthOfFieldQuality:2]]
[2025.12.10-19.53.28:938][  0]LogConfig: Setting CVar [[r.RenderTargetPoolMin:400]]
[2025.12.10-19.53.28:938][  0]LogConfig: Setting CVar [[r.LensFlareQuality:2]]
[2025.12.10-19.53.28:938][  0]LogConfig: Setting CVar [[r.SceneColorFringeQuality:1]]
[2025.12.10-19.53.28:938][  0]LogConfig: Setting CVar [[r.EyeAdaptationQuality:2]]
[2025.12.10-19.53.28:938][  0]LogConfig: Setting CVar [[r.BloomQuality:5]]
[2025.12.10-19.53.28:938][  0]LogConfig: Setting CVar [[r.FastBlurThreshold:100]]
[2025.12.10-19.53.28:938][  0]LogConfig: Setting CVar [[r.Upscale.Quality:3]]
[2025.12.10-19.53.28:938][  0]LogConfig: Setting CVar [[r.Tonemapper.GrainQuantization:1]]
[2025.12.10-19.53.28:938][  0]LogConfig: Setting CVar [[r.LightShaftQuality:1]]
[2025.12.10-19.53.28:938][  0]LogConfig: Setting CVar [[r.Filter.SizeScale:1]]
[2025.12.10-19.53.28:938][  0]LogConfig: Setting CVar [[r.Tonemapper.Quality:5]]
[2025.12.10-19.53.28:938][  0]LogConfig: Setting CVar [[r.DOF.Gather.AccumulatorQuality:1        ; higher gathering accumulator quality]]
[2025.12.10-19.53.28:938][  0]LogConfig: Setting CVar [[r.DOF.Gather.PostfilterMethod:1          ; Median3x3 postfilering method]]
[2025.12.10-19.53.28:938][  0]LogConfig: Setting CVar [[r.DOF.Gather.EnableBokehSettings:0       ; no bokeh simulation when gathering]]
[2025.12.10-19.53.28:938][  0]LogConfig: Setting CVar [[r.DOF.Gather.RingCount:4                 ; medium number of samples when gathering]]
[2025.12.10-19.53.28:938][  0]LogConfig: Setting CVar [[r.DOF.Scatter.ForegroundCompositing:1    ; additive foreground scattering]]
[2025.12.10-19.53.28:938][  0]LogConfig: Setting CVar [[r.DOF.Scatter.BackgroundCompositing:2    ; additive background scattering]]
[2025.12.10-19.53.28:938][  0]LogConfig: Setting CVar [[r.DOF.Scatter.EnableBokehSettings:1      ; bokeh simulation when scattering]]
[2025.12.10-19.53.28:938][  0]LogConfig: Setting CVar [[r.DOF.Scatter.MaxSpriteRatio:0.1         ; only a maximum of 10% of scattered bokeh]]
[2025.12.10-19.53.28:938][  0]LogConfig: Setting CVar [[r.DOF.Recombine.Quality:1                ; cheap slight out of focus]]
[2025.12.10-19.53.28:938][  0]LogConfig: Setting CVar [[r.DOF.Recombine.EnableBokehSettings:0    ; no bokeh simulation on slight out of focus]]
[2025.12.10-19.53.28:938][  0]LogConfig: Setting CVar [[r.DOF.TemporalAAQuality:1                ; more stable temporal accumulation]]
[2025.12.10-19.53.28:938][  0]LogConfig: Setting CVar [[r.DOF.Kernel.MaxForegroundRadius:0.025]]
[2025.12.10-19.53.28:938][  0]LogConfig: Setting CVar [[r.DOF.Kernel.MaxBackgroundRadius:0.025]]
[2025.12.10-19.53.28:938][  0]LogConfig: Applying CVar settings from Section [TextureQuality@3] File [D:/WORKPLACE/Mini_laboratory/MEPhI_VR_term_1/Mini_laboratory/Saved/Config/Windows/Scalability.ini]
[2025.12.10-19.53.28:938][  0]LogConfig: Setting CVar [[r.Streaming.MipBias:0]]
[2025.12.10-19.53.28:938][  0]LogConfig: Setting CVar [[r.Streaming.AmortizeCPUToGPUCopy:0]]
[2025.12.10-19.53.28:938][  0]LogConfig: Setting CVar [[r.Streaming.MaxNumTexturesToStreamPerFrame:0]]
[2025.12.10-19.53.28:938][  0]LogConfig: Setting CVar [[r.Streaming.Boost:1]]
[2025.12.10-19.53.28:938][  0]LogConfig: Setting CVar [[r.MaxAnisotropy:8]]
[2025.12.10-19.53.28:938][  0]LogConfig: Setting CVar [[r.VT.MaxAnisotropy:8]]
[2025.12.10-19.53.28:938][  0]LogConfig: Setting CVar [[r.Streaming.LimitPoolSizeToVRAM:0]]
[2025.12.10-19.53.28:938][  0]LogConfig: Setting CVar [[r.Streaming.PoolSize:1000]]
[2025.12.10-19.53.28:938][  0]LogConfig: Setting CVar [[r.Streaming.MaxEffectiveScreenSize:0]]
[2025.12.10-19.53.28:938][  0]LogConfig: Applying CVar settings from Section [EffectsQuality@3] File [D:/WORKPLACE/Mini_laboratory/MEPhI_VR_term_1/Mini_laboratory/Saved/Config/Windows/Scalability.ini]
[2025.12.10-19.53.28:938][  0]LogConfig: Setting CVar [[r.TranslucencyLightingVolumeDim:64]]
[2025.12.10-19.53.28:938][  0]LogConfig: Setting CVar [[r.RefractionQuality:2]]
[2025.12.10-19.53.28:938][  0]LogConfig: Setting CVar [[r.SSR.Quality:3]]
[2025.12.10-19.53.28:938][  0]LogConfig: Setting CVar [[r.SSR.HalfResSceneColor:0]]
[2025.12.10-19.53.28:938][  0]LogConfig: Setting CVar [[r.SceneColorFormat:4]]
[2025.12.10-19.53.28:938][  0]LogConfig: Setting CVar [[r.DetailMode:2]]
[2025.12.10-19.53.28:938][  0]LogConfig: Setting CVar [[r.TranslucencyVolumeBlur:1]]
[2025.12.10-19.53.28:938][  0]LogConfig: Setting CVar [[r.MaterialQualityLevel:1 ; High quality]]
[2025.12.10-19.53.28:938][  0]LogConfig: Setting CVar [[r.AnisotropicMaterials:1]]
[2025.12.10-19.53.28:938][  0]LogConfig: Setting CVar [[r.SSS.Scale:1]]
[2025.12.10-19.53.28:938][  0]LogConfig: Setting CVar [[r.SSS.SampleSet:2]]
[2025.12.10-19.53.28:938][  0]LogConfig: Setting CVar [[r.SSS.Quality:1]]
[2025.12.10-19.53.28:938][  0]LogConfig: Setting CVar [[r.SSS.HalfRes:0]]
[2025.12.10-19.53.28:938][  0]LogConfig: Setting CVar [[r.SSGI.Quality:3]]
[2025.12.10-19.53.28:938][  0]LogConfig: Setting CVar [[r.EmitterSpawnRateScale:1.0]]
[2025.12.10-19.53.28:938][  0]LogConfig: Setting CVar [[r.ParticleLightQuality:2]]
[2025.12.10-19.53.28:938][  0]LogConfig: Setting CVar [[r.SkyAtmosphere.AerialPerspectiveLUT.FastApplyOnOpaque:1 ; Always have FastSkyLUT 1 in this case to avoid wrong sky]]
[2025.12.10-19.53.28:938][  0]LogConfig: Setting CVar [[r.SkyAtmosphere.AerialPerspectiveLUT.SampleCountMaxPerSlice:4]]
[2025.12.10-19.53.28:938][  0]LogConfig: Setting CVar [[r.SkyAtmosphere.AerialPerspectiveLUT.DepthResolution:16.0]]
[2025.12.10-19.53.28:938][  0]LogConfig: Setting CVar [[r.SkyAtmosphere.FastSkyLUT:1]]
[2025.12.10-19.53.28:938][  0]LogConfig: Setting CVar [[r.SkyAtmosphere.FastSkyLUT.SampleCountMin:4.0]]
[2025.12.10-19.53.28:938][  0]LogConfig: Setting CVar [[r.SkyAtmosphere.FastSkyLUT.SampleCountMax:128.0]]
[2025.12.10-19.53.28:939][  0]LogConfig: Setting CVar [[r.SkyAtmosphere.SampleCountMin:4.0]]
[2025.12.10-19.53.28:939][  0]LogConfig: Setting CVar [[r.SkyAtmosphere.SampleCountMax:128.0]]
[2025.12.10-19.53.28:939][  0]LogConfig: Setting CVar [[r.SkyAtmosphere.TransmittanceLUT.UseSmallFormat:0]]
[2025.12.10-19.53.28:939][  0]LogConfig: Setting CVar [[r.SkyAtmosphere.TransmittanceLUT.SampleCount:10.0]]
[2025.12.10-19.53.28:939][  0]LogConfig: Setting CVar [[r.SkyAtmosphere.MultiScatteringLUT.SampleCount:15.0]]
[2025.12.10-19.53.28:939][  0]LogConfig: Setting CVar [[r.SkyLight.RealTimeReflectionCapture:1]]
[2025.12.10-19.53.28:939][  0]LogConfig: Applying CVar settings from Section [FoliageQuality@3] File [D:/WORKPLACE/Mini_laboratory/MEPhI_VR_term_1/Mini_laboratory/Saved/Config/Windows/Scalability.ini]
[2025.12.10-19.53.28:939][  0]LogConfig: Setting CVar [[foliage.DensityScale:1.0]]
[2025.12.10-19.53.28:939][  0]LogConfig: Setting CVar [[grass.DensityScale:1.0]]
[2025.12.10-19.53.28:939][  0]LogConfig: Applying CVar settings from Section [ShadingQuality@3] File [D:/WORKPLACE/Mini_laboratory/MEPhI_VR_term_1/Mini_laboratory/Saved/Config/Windows/Scalability.ini]
[2025.12.10-19.53.28:939][  0]LogConfig: Setting CVar [[r.HairStrands.SkyLighting.IntegrationType:2]]
[2025.12.10-19.53.28:939][  0]LogConfig: Setting CVar [[r.HairStrands.SkyAO.SampleCount:4]]
[2025.12.10-19.53.28:939][  0]LogConfig: Setting CVar [[r.HairStrands.Visibility.MSAA.SamplePerPixel:4]]
[2025.12.10-19.53.28:939][  0]LogConfig: Applying CVar settings from Section [Startup] File [../../../Engine/Config/ConsoleVariables.ini]
[2025.12.10-19.53.28:939][  0]LogConfig: Setting CVar [[net.UseAdaptiveNetUpdateFrequency:0]]
[2025.12.10-19.53.28:939][  0]LogConfig: Setting CVar [[p.chaos.AllowCreatePhysxBodies:1]]
[2025.12.10-19.53.28:939][  0]LogConfig: Setting CVar [[fx.SkipVectorVMBackendOptimizations:1]]
[2025.12.10-19.53.28:939][  0]LogConfig: Applying CVar settings from Section [ConsoleVariables] File [D:/WORKPLACE/Mini_laboratory/MEPhI_VR_term_1/Mini_laboratory/Saved/Config/Windows/Engine.ini]
[2025.12.10-19.53.28:939][  0]LogConfig: Applying CVar settings from Section [ConsoleVariables] File [D:/WORKPLACE/Mini_laboratory/MEPhI_VR_term_1/Mini_laboratory/Saved/Config/Windows/Editor.ini]
[2025.12.10-19.53.28:939][  0]LogInit: Computer: LAPTOP-RE3L13LG
[2025.12.10-19.53.28:939][  0]LogInit: User: Vladislav
[2025.12.10-19.53.28:939][  0]LogInit: CPU Page size=4096, Cores=4
[2025.12.10-19.53.28:939][  0]LogInit: High frequency timer resolution =10.000000 MHz
[2025.12.10-19.53.28:939][  0]LogMemory: Memory total: Physical=7.9GB (8GB approx)
[2025.12.10-19.53.28:939][  0]LogMemory: Platform Memory Stats for Windows
[2025.12.10-19.53.28:939][  0]LogMemory: Process Physical Memory: 143.29 MB used, 143.30 MB peak
[2025.12.10-19.53.28:939][  0]LogMemory: Process Virtual Memory: 120.38 MB used, 120.38 MB peak
[2025.12.10-19.53.28:939][  0]LogMemory: Physical Memory: 5193.71 MB used,  2866.09 MB free, 8059.80 MB total
[2025.12.10-19.53.28:939][  0]LogMemory: Virtual Memory: 134211504.00 MB used,  6226.91 MB free, 134217728.00 MB total
[2025.12.10-19.53.28:944][  0]LogWindows: WindowsPlatformFeatures enabled
[2025.12.10-19.53.29:051][  0]LogInit: Physics initialised using underlying interface: PhysX
[2025.12.10-19.53.29:059][  0]LogInit: Using OS detected language (ru-RU).
[2025.12.10-19.53.29:059][  0]LogInit: Using OS detected locale (ru-RU).
[2025.12.10-19.53.29:061][  0]LogTextLocalizationManager: No specific localization for 'ru-RU' exists, so the 'ru' localization will be used.
[2025.12.10-19.53.29:061][  0]LogTextLocalizationResource: LocRes '../../../Engine/Content/Localization/Editor/ru/Editor.locres' could not be opened for reading!
[2025.12.10-19.53.29:061][  0]LogTextLocalizationResource: LocRes '../../../Engine/Content/Localization/EditorTutorials/ru/EditorTutorials.locres' could not be opened for reading!
[2025.12.10-19.53.29:061][  0]LogTextLocalizationResource: LocRes '../../../Engine/Content/Localization/Keywords/ru/Keywords.locres' could not be opened for reading!
[2025.12.10-19.53.29:061][  0]LogTextLocalizationResource: LocRes '../../../Engine/Content/Localization/Category/ru/Category.locres' could not be opened for reading!
[2025.12.10-19.53.29:061][  0]LogTextLocalizationResource: LocRes '../../../Engine/Content/Localization/ToolTips/ru/ToolTips.locres' could not be opened for reading!
[2025.12.10-19.53.29:062][  0]LogTextLocalizationResource: LocRes '../../../Engine/Content/Localization/PropertyNames/ru/PropertyNames.locres' could not be opened for reading!
[2025.12.10-19.53.29:062][  0]LogTextLocalizationResource: LocRes '../../../Engine/Content/Localization/Engine/ru/Engine.locres' could not be opened for reading!
[2025.12.10-19.53.29:066][  0]LogInit: Setting process to per monitor DPI aware
[2025.12.10-19.53.29:075][  0]LogWindowsTextInputMethodSystem: Display: IME system deactivated.
[2025.12.10-19.53.29:088][  0]LogSlate: New Slate User Created.  User Index 0, Is Virtual User: 0
[2025.12.10-19.53.29:088][  0]LogSlate: Slate User Registered.  User Index 0, Is Virtual User: 0
[2025.12.10-19.53.29:301][  0]LogD3D11RHI: Loaded GFSDK_Aftermath_Lib.x64.dll
[2025.12.10-19.53.29:314][  0]LogHMD: Failed to initialize OpenVR with code 110
[2025.12.10-19.53.29:314][  0]LogD3D11RHI: D3D11 min allowed feature level: 11_0
[2025.12.10-19.53.29:314][  0]LogD3D11RHI: D3D11 max allowed feature level: 11_0
[2025.12.10-19.53.29:314][  0]LogD3D11RHI: D3D11 adapters:
[2025.12.10-19.53.29:547][  0]LogD3D11RHI:    0. 'NVIDIA GeForce GTX 1650 Ti' (Feature Level 11_0)
[2025.12.10-19.53.29:547][  0]LogD3D11RHI:       3935/0/4029 MB DedicatedVideo/DedicatedSystem/SharedSystem, Outputs:1, VendorId:0x10de
[2025.12.10-19.53.29:587][  0]LogD3D11RHI:    1. 'Intel(R) UHD Graphics' (Feature Level 11_0)
[2025.12.10-19.53.29:587][  0]LogD3D11RHI:       128/0/4029 MB DedicatedVideo/DedicatedSystem/SharedSystem, Outputs:0, VendorId:0x8086
[2025.12.10-19.53.29:592][  0]LogD3D11RHI:    2. 'Microsoft Basic Render Driver' (Feature Level 11_0)
[2025.12.10-19.53.29:592][  0]LogD3D11RHI:       0/0/4029 MB DedicatedVideo/DedicatedSystem/SharedSystem, Outputs:0, VendorId:0x1414
[2025.12.10-19.53.29:592][  0]LogD3D11RHI: Chosen D3D11 Adapter:
[2025.12.10-19.53.29:592][  0]LogD3D11RHI:     Description : NVIDIA GeForce GTX 1650 Ti
[2025.12.10-19.53.29:592][  0]LogD3D11RHI:     VendorId    : 10de
[2025.12.10-19.53.29:592][  0]LogD3D11RHI:     DeviceId    : 1f95
[2025.12.10-19.53.29:592][  0]LogD3D11RHI:     SubSysId    : 3fa317aa
[2025.12.10-19.53.29:592][  0]LogD3D11RHI:     Revision    : 00a1
[2025.12.10-19.53.29:592][  0]LogD3D11RHI:     DedicatedVideoMemory : 4126146560 bytes
[2025.12.10-19.53.29:592][  0]LogD3D11RHI:     DedicatedSystemMemory : 0 bytes
[2025.12.10-19.53.29:592][  0]LogD3D11RHI:     SharedSystemMemory : 4225654784 bytes
[2025.12.10-19.53.29:592][  0]LogD3D11RHI:     AdapterLuid : 0 74331
[2025.12.10-19.53.29:596][  0]LogD3D11RHI: Creating new Direct3DDevice
[2025.12.10-19.53.29:596][  0]LogD3D11RHI:     GPU DeviceId: 0x1f95 (for the marketing name, search the web for "GPU Device Id")
[2025.12.10-19.53.29:596][  0]LogWindows: EnumDisplayDevices:
[2025.12.10-19.53.29:596][  0]LogWindows:    0. 'Intel(R) UHD Graphics' (P:1 D:1)
[2025.12.10-19.53.29:596][  0]LogWindows:    1. 'Intel(R) UHD Graphics' (P:0 D:0)
[2025.12.10-19.53.29:596][  0]LogWindows:    2. 'Intel(R) UHD Graphics' (P:0 D:0)
[2025.12.10-19.53.29:597][  0]LogWindows:    3. 'NVIDIA GeForce GTX 1650 Ti' (P:0 D:0)
[2025.12.10-19.53.29:597][  0]LogWindows: DebugString: PrimaryIsNotTheChoosenAdapter PrimaryIsNotTheChoosenAdapter PrimaryIsNotTheChoosenAdapter 
[2025.12.10-19.53.29:597][  0]LogD3D11RHI:     Adapter Name: NVIDIA GeForce GTX 1650 Ti
[2025.12.10-19.53.29:597][  0]LogD3D11RHI:   Driver Version: 560.76 (internal:32.0.15.6076, unified:560.76)
[2025.12.10-19.53.29:597][  0]LogD3D11RHI:      Driver Date: 7-23-2024
[2025.12.10-19.53.29:597][  0]LogRHI: Texture pool is 2754 MB (70% of 3935 MB)
[2025.12.10-19.53.29:597][  0]LogD3D11RHI: Creating D3DDevice using adapter:
[2025.12.10-19.53.29:597][  0]LogD3D11RHI:     Description : NVIDIA GeForce GTX 1650 Ti
[2025.12.10-19.53.29:597][  0]LogD3D11RHI:     VendorId    : 10de
[2025.12.10-19.53.29:597][  0]LogD3D11RHI:     DeviceId    : 1f95
[2025.12.10-19.53.29:597][  0]LogD3D11RHI:     SubSysId    : 3fa317aa
[2025.12.10-19.53.29:597][  0]LogD3D11RHI:     Revision    : 00a1
[2025.12.10-19.53.29:597][  0]LogD3D11RHI:     DedicatedVideoMemory : 4126146560 bytes
[2025.12.10-19.53.29:597][  0]LogD3D11RHI:     DedicatedSystemMemory : 0 bytes
[2025.12.10-19.53.29:597][  0]LogD3D11RHI:     SharedSystemMemory : 4225654784 bytes
[2025.12.10-19.53.29:597][  0]LogD3D11RHI:     AdapterLuid : 0 74331
[2025.12.10-19.53.29:698][  0]LogD3D11RHI: RHI has support for 64 bit atomics
[2025.12.10-19.53.29:699][  0]LogD3D11RHI: Async texture creation enabled
[2025.12.10-19.53.29:699][  0]LogD3D11RHI: Array index from any shader is supported
[2025.12.10-19.53.29:716][  0]LogD3D11RHI: GPU Timing Frequency: 1000.000000 (Debug: 2 1)
[2025.12.10-19.53.29:755][  0]LogRHI: GeForceNow SDK initialized: 1
[2025.12.10-19.53.30:443][  0]LogTargetPlatformManager: Display: Loaded TargetPlatform 'AllDesktop'
[2025.12.10-19.53.30:471][  0]LogTargetPlatformManager: Display: Loaded TargetPlatform 'Android'
[2025.12.10-19.53.30:471][  0]LogTargetPlatformManager: Display: Loaded TargetPlatform 'Android_ASTC'
[2025.12.10-19.53.30:471][  0]LogTargetPlatformManager: Display: Loaded TargetPlatform 'Android_DXT'
[2025.12.10-19.53.30:471][  0]LogTargetPlatformManager: Display: Loaded TargetPlatform 'Android_ETC2'
[2025.12.10-19.53.30:471][  0]LogTargetPlatformManager: Display: Loaded TargetPlatform 'AndroidClient'
[2025.12.10-19.53.30:471][  0]LogTargetPlatformManager: Display: Loaded TargetPlatform 'Android_ASTCClient'
[2025.12.10-19.53.30:471][  0]LogTargetPlatformManager: Display: Loaded TargetPlatform 'Android_DXTClient'
[2025.12.10-19.53.30:471][  0]LogTargetPlatformManager: Display: Loaded TargetPlatform 'Android_ETC2Client'
[2025.12.10-19.53.30:471][  0]LogTargetPlatformManager: Display: Loaded TargetPlatform 'Android_Multi'
[2025.12.10-19.53.30:471][  0]LogTargetPlatformManager: Display: Loaded TargetPlatform 'Android_MultiClient'
[2025.12.10-19.53.30:492][  0]LogTargetPlatformManager: Display: Loaded TargetPlatform 'IOSClient'
[2025.12.10-19.53.30:492][  0]LogTargetPlatformManager: Display: Loaded TargetPlatform 'IOS'
[2025.12.10-19.53.30:500][  0]LogTargetPlatformManager: Display: Loaded TargetPlatform 'Linux'
[2025.12.10-19.53.30:503][  0]LogTargetPlatformManager: Display: Loaded TargetPlatform 'LinuxNoEditor'
[2025.12.10-19.53.30:507][  0]LogTargetPlatformManager: Display: Loaded TargetPlatform 'LinuxClient'
[2025.12.10-19.53.30:510][  0]LogTargetPlatformManager: Display: Loaded TargetPlatform 'LinuxServer'
[2025.12.10-19.53.30:518][  0]LogTargetPlatformManager: Display: Loaded TargetPlatform 'LinuxAArch64NoEditor'
[2025.12.10-19.53.30:522][  0]LogTargetPlatformManager: Display: Loaded TargetPlatform 'LinuxAArch64Client'
[2025.12.10-19.53.30:525][  0]LogTargetPlatformManager: Display: Loaded TargetPlatform 'LinuxAArch64Server'
[2025.12.10-19.53.30:543][  0]LogTargetPlatformManager: Display: Loaded TargetPlatform 'Lumin'
[2025.12.10-19.53.30:543][  0]LogTargetPlatformManager: Display: Loaded TargetPlatform 'LuminClient'
[2025.12.10-19.53.30:550][  0]LogTargetPlatformManager: Display: Loaded TargetPlatform 'MacNoEditor'
[2025.12.10-19.53.30:554][  0]LogTargetPlatformManager: Display: Loaded TargetPlatform 'Mac'
[2025.12.10-19.53.30:557][  0]LogTargetPlatformManager: Display: Loaded TargetPlatform 'MacClient'
[2025.12.10-19.53.30:560][  0]LogTargetPlatformManager: Display: Loaded TargetPlatform 'MacServer'
[2025.12.10-19.53.30:568][  0]LogTargetPlatformManager: Display: Loaded TargetPlatform 'TVOSClient'
[2025.12.10-19.53.30:568][  0]LogTargetPlatformManager: Display: Loaded TargetPlatform 'TVOS'
[2025.12.10-19.53.30:575][  0]LogTargetPlatformManager: Display: Loaded TargetPlatform 'WindowsNoEditor'
[2025.12.10-19.53.30:579][  0]LogTargetPlatformManager: Display: Loaded TargetPlatform 'Windows'
[2025.12.10-19.53.30:582][  0]LogTargetPlatformManager: Display: Loaded TargetPlatform 'WindowsClient'
[2025.12.10-19.53.30:585][  0]LogTargetPlatformManager: Display: Loaded TargetPlatform 'WindowsServer'
[2025.12.10-19.53.30:585][  0]LogTargetPlatformManager: Display: Building Assets For Windows
[2025.12.10-19.53.30:591][  0]LogAudioDebug: Display: Lib vorbis DLL was dynamically loaded.
[2025.12.10-19.53.30:631][  0]LogTextureFormatOodle: Display: Oodle Texture 2.9.0 init RDO Off
[2025.12.10-19.53.30:685][  0]LogRendererCore: Ray tracing is disabled. Reason: r.RayTracing=0.
[2025.12.10-19.53.30:685][  0]LogShaderCompilers: Guid format shader working directory is -25 characters bigger than the processId version (../../../../../../WORKPLACE/Mini_laboratory/MEPhI_VR_term_1/Mini_laboratory/Intermediate/Shaders/WorkingDirectory/1772/).
[2025.12.10-19.53.30:685][  0]LogShaderCompilers: Cleaned the shader compiler working directory 'C:/Users/Владислав/AppData/Local/Temp/UnrealShaderWorkingDir/8AD083F64CF2C927D6C13E8D10912C5E/'.
[2025.12.10-19.53.30:685][  0]LogXGEController: Cannot use XGE Controller as Incredibuild is not installed on this machine.
[2025.12.10-19.53.30:686][  0]LogShaderCompilers: Cannot use XGE Shader Compiler as Incredibuild is not installed on this machine.
[2025.12.10-19.53.30:686][  0]LogShaderCompilers: Display: Using Local Shader Compiler.
[2025.12.10-19.53.31:458][  0]LogDerivedDataCache: Display: Max Cache Size: 512 MB
[2025.12.10-19.53.31:576][  0]LogDerivedDataCache: Loaded boot cache 0.12s 94MB C:/Users/Владислав/AppData/Local/UnrealEngine/4.27/DerivedDataCache/Boot.ddc.
[2025.12.10-19.53.31:576][  0]LogDerivedDataCache: Display: Loaded Boot cache: C:/Users/Владислав/AppData/Local/UnrealEngine/4.27/DerivedDataCache/Boot.ddc
[2025.12.10-19.53.31:576][  0]LogDerivedDataCache: FDerivedDataBackendGraph:  Pak pak cache file ../../../../../../WORKPLACE/Mini_laboratory/MEPhI_VR_term_1/Mini_laboratory/DerivedDataCache/DDC.ddp not found, will not use a pak cache.
[2025.12.10-19.53.31:576][  0]LogDerivedDataCache: Unable to find inner node Pak for hierarchical cache Hierarchy.
[2025.12.10-19.53.31:576][  0]LogDerivedDataCache: FDerivedDataBackendGraph:  CompressedPak pak cache file ../../../../../../WORKPLACE/Mini_laboratory/MEPhI_VR_term_1/Mini_laboratory/DerivedDataCache/Compressed.ddp not found, will not use a pak cache.
[2025.12.10-19.53.31:576][  0]LogDerivedDataCache: Unable to find inner node CompressedPak for hierarchical cache Hierarchy.
[2025.12.10-19.53.31:592][  0]LogDerivedDataCache: Display: Pak cache opened for reading ../../../Engine/DerivedDataCache/Compressed.ddp.
[2025.12.10-19.53.31:592][  0]LogDerivedDataCache: FDerivedDataBackendGraph:  EnterprisePak pak cache file ../../../Enterprise/DerivedDataCache/Compressed.ddp not found, will not use a pak cache.
[2025.12.10-19.53.31:592][  0]LogDerivedDataCache: Unable to find inner node EnterprisePak for hierarchical cache Hierarchy.
[2025.12.10-19.53.31:607][  0]LogDerivedDataCache: Speed tests for C:/Users/Владислав/AppData/Local/UnrealEngine/Common/DerivedDataCache took 0.01 seconds
[2025.12.10-19.53.31:607][  0]LogDerivedDataCache: Display: Performance to C:/Users/Владислав/AppData/Local/UnrealEngine/Common/DerivedDataCache: Latency=0.03ms. RandomReadSpeed=90.65MBs, RandomWriteSpeed=216.45MBs. Assigned SpeedClass 'Local'
[2025.12.10-19.53.31:607][  0]LogDerivedDataCache: Using Local data cache path C:/Users/Владислав/AppData/Local/UnrealEngine/Common/DerivedDataCache: Writable
[2025.12.10-19.53.31:608][  0]LogDerivedDataCache: Shared data cache path not found in *engine.ini, will not use an Shared cache.
[2025.12.10-19.53.31:608][  0]LogDerivedDataCache: Unable to find inner node Shared for hierarchical cache Hierarchy.
[2025.12.10-19.53.31:650][  0]LogSlate: Using FreeType 2.10.0
[2025.12.10-19.53.31:650][  0]LogSlate: SlateFontServices - WITH_FREETYPE: 1, WITH_HARFBUZZ: 1
[2025.12.10-19.53.31:678][  0]LogAssetRegistry: FAssetRegistry took 0.0023 seconds to start up
[2025.12.10-19.53.31:975][  0]LogInit: Selected Device Profile: [Windows]
[2025.12.10-19.53.31:975][  0]LogInit: Active device profile: [0000027925A41100][00000279241EA280 49] Windows
[2025.12.10-19.53.31:975][  0]LogInit: Profiles: [0000027925A41100][00000279241EA280 49] Windows, [00000279259F2B00][0000027926554400 49] WindowsNoEditor, [0000027925A42200][0000027926558580 49] WindowsServer, [00000279259F1D00][000002792655C700 49] WindowsClient, [0000027925A41700][0000027926560880 49] IOS, [00000279259F2D00][0000027923E809C0 49] iPadAir, [0000027925A43C00][0000027926564B00 49] iPadAir2, [00000279259B1400][000002792656CD40 49] IPadPro, [00000279259B1500][0000027926568D80 49] iPadAir3, [00000279259F3E00][0000027926574F00 49] iPadAir4, [00000279259B2300][0000027926579080 49] iPadMini2, [00000279259F3500][000002792657D200 49] iPadMini3, [00000279259B2F00][0000027926581380 49] iPadMini4, [00000279259F2200][0000027926585500 49] iPadMini5, [00000279259B9000][00000279266157C0 49] iPhone6, [00000279259B9100][00000279265F9800 49] iPodTouch6, [0000027925A43900][00000279225D3AC0 49] iPhone7, [0000027925A42900][00000279225CBB00 49] iPodTouch7, [00000279259B1000][00000279225DA100 49] iPhone5S, [0000027925A42F00][00000279225DE280 49] iPhone6Plus, [00000279259B3600][00000279225E2400 49] iPhone6S, [0000027925A40C00][0000027922758580 49] iPhone6SPlus, [0000027925A41D00][0000027922540700 49] iPhone7Plus, [00000279259B8800][0000027922544880 49] iPhoneSE, [0000027925A40400][0000027922548A00 49] iPhone8, [00000279259B8900][0000027926570B40 49] iPhone8Plus, [00000279259BAE00][00000279227CAC80 49] iPhoneX, [00000279259B1D00][00000279227D2DC0 49] iPhoneXS, [00000279259BA700][00000279227E2F00 49] iPhoneXSMax, [00000279259B1C00][00000279227EB080 49] iPhoneXR, [00000279259BA800][00000279227EF200 49] iPhone11, [00000279259B0F00][0000027923DF1380 49] iPhone11Pro, [00000279259B8B00][0000027923DFD500 49] iPhone11ProMax, [00000279259B0D00][0000027923E39680 49] iPhoneSE2, [00000279259B8E00][0000027923E49800 49] iPhone12Mini, [0000027925A43800][00000279269CF980 49] iPhone12, [00000279259BB000][0000027926A0DB00 49] iPhone12Pro, [0000027925A43700][00000279265DC100 49] iPhone12ProMax, [00000279259B9E00][00000279265E0280 49] iPadPro105, [0000027925A41300][00000279265E4400 49] iPadPro129, [00000279259BBE00][00000279265E8580 49] iPadPro97, [0000027925A41C00][00000279265EC700 49] iPadPro2_129, [00000279259BA000][0000027922538880 49] iPad5, [0000027925A42300][000002792253CA00 49] iPad6, [00000279259BBB00][00000279265F0B80 49] iPad7, [0000027925A41E00][00000279265F4D00 49] iPad8, [00000279259B8A00][00000279227E6E40 49] iPadPro11, [0000027925A42600][0000027922734F80 49] iPadPro2_11, [00000279259B8F00][00000279227450C0 49] iPadPro3_129, [0000027925A42800][000002792274D240 49] iPadPro4_129, [00000279259BBC00][000002792259D3C0 49] AppleTV, [0000027925A41A00][00000279225A1540 49] AppleTV4K, [00000279259BA600][00000279225AD6C0 49] TVOS, [0000027925A42100][00000279225BF840 49] Mac, [00000279259BAF00][00000279225C39C0 49] MacClient, [0000027925A42A00][000002792763BB40 49] MacNoEditor, [00000279259BAC00][0000027926780140 49] MacServer, [0000027925A43000][000002792678E2C0 49] Linux, [00000279259B8400][0000027926792440 49] LinuxAArch64, [0000027925A40700][00000279267965C0 49] LinuxNoEditor, [00000279259BB700][000002792679A740 49] LinuxAArch64NoEditor, [0000027925A43B00][000002792679E8C0 49] LinuxClient, [00000279259BB400][00000279267A2A40 49] LinuxAArch64Client, [0000027925A43E00][00000279267A6BC0 49] LinuxServer, [00000279259B8700][000002792658CD40 49] LinuxAArch64Server, [0000027925A41F00][0000027926590EC0 49] Android, [00000279259BAA00][0000027922749000 49] Android_Low, [0000027925A42D00][0000027926595140 49] Android_Mid, [00000279259B9F00][00000279265CD280 49] Android_High, [0000027925A42B00][00000279265D93C0 49] Android_Default, [00000279259B8100][000002792686F540 49] Android_Adreno4xx, [0000027925A40500][00000279268736C0 49] Android_Adreno5xx_Low, [00000279259B9400][0000027926877840 49] Android_Adreno5xx, [0000027925A43400][00000279268BB9C0 49] Android_Adreno6xx, [00000279259BA300][00000279268BFB40 49] Android_Adreno6xx_Vulkan, [0000027925A43D00][00000279268C2140 49] Android_Mali_T6xx, [00000279259B8200][00000279268C62C0 49] Android_Mali_T7xx, [0000027925A43600][000002792254C440 49] Android_Mali_T8xx, [00000279259BB200][00000279225505C0 49] Android_Mali_G71, [00000279259B3100][0000027922554740 49] Android_Mali_G72, [00000279259F3300][00000279225588C0 49] Android_Mali_G72_Vulkan, [00000279259B2B00][000002792255CA40 49] Android_Mali_G76, [00000279259F0500][0000027922560BC0 49] Android_Mali_G76_Vulkan, [00000279259B0C00][0000027922564D40 49] Android_Mali_G77, [00000279259F0600][0000027922568EC0 49] Android_Mali_G77_Vulkan, [00000279259B2400][00000279268CB040 49] Android_Mali_G78, [00000279259F0D00][000002792686B180 49] Android_Mali_G78_Vulkan, [00000279259B3D00][000002792687B2C0 49] Android_Mali_G710, [00000279259F2F00][0000027927215400 49] Android_Mali_G710_Vulkan, [00000279259B2A00][0000027927219540 49] Android_Vulkan_SM5, [00000279259F1E00][00000279272216C0 49] Android_PowerVR_G6xxx, [00000279259B0500][0000027927225840 49] Android_PowerVR_GT7xxx, [00000279259F0200][00000279272299C0 49] Android_PowerVR_GE8xxx, [00000279259B3B00][000002792722DB40 49] Android_PowerVR_GM9xxx, [00000279259F2500][00000279225A8140 49] Android_PowerVR_GM9xxx_Vulkan, [00000279259B1F00][00000279225A42C0 49] Android_TegraK1, [00000279259F0A00][0000027922750440 49] Android_Unknown_Vulkan, [00000279259B3900][0000027923DF45C0 49] Lumin, [00000279259F1100][0000027923DF8740 49] Lumin_Desktop, [00000279259B2000][00000279275908C0 49] HoloLens, 
[2025.12.10-19.53.32:125][  0]LogMeshReduction: Using QuadricMeshReduction for automatic static mesh reduction
[2025.12.10-19.53.32:125][  0]LogMeshReduction: Using SimplygonMeshReduction for automatic skeletal mesh reduction
[2025.12.10-19.53.32:125][  0]LogMeshReduction: Using ProxyLODMeshReduction for automatic mesh merging
[2025.12.10-19.53.32:125][  0]LogMeshReduction: No distributed automatic mesh merging module available
[2025.12.10-19.53.32:125][  0]LogMeshMerging: No distributed automatic mesh merging module available
[2025.12.10-19.53.32:143][  0]LogNetVersion: Mini_laboratory 1.0.0, NetCL: 17155196, EngineNetVer: 17, GameNetVer: 0 (Checksum: 65826005)
[2025.12.10-19.53.32:659][  0]LogTexture: Default maximum texture size for cubemaps generated from long-lat sources has been changed from 512 to unlimited. In order to preserve old behaiour for '/Engine/MapTemplates/Sky/DaylightAmbientCubemap.DaylightAmbientCubemap', its maximum texture size has been explicitly set to 512.
[2025.12.10-19.53.32:720][  0]LogHMD: PokeAHoleMaterial loaded successfully
[2025.12.10-19.53.32:726][  0]LogUObjectArray: 17178 objects as part of root set at end of initial load.
[2025.12.10-19.53.32:726][  0]LogUObjectAllocator: 4302048 out of 0 bytes used by permanent object pool.
[2025.12.10-19.53.32:726][  0]LogUObjectArray: CloseDisregardForGC: 0/0 objects in disregard for GC pool
[2025.12.10-19.53.33:154][  0]LogPython: Using Python 3.7.7
[2025.12.10-19.53.33:710][  0]LogTcpMessaging: Initializing TcpMessaging bridge
[2025.12.10-19.53.33:716][  0]LogUdpMessaging: Initializing bridge on interface 0.0.0.0:0 to multicast group 230.0.0.1:6666.
[2025.12.10-19.53.33:783][  0]LogNiagaraDebuggerClient: Niagara Debugger Client Initialized | Session: 425A463643029FCFB70671B58E70CA59 | Instance: DA0432644A992E69C52415ABC030EE57 (LAPTOP-RE3L13LG-1772).
[2025.12.10-19.53.34:232][  0]SourceControl: Source control is disabled
[2025.12.10-19.53.34:232][  0]SourceControl: Source control is disabled
[2025.12.10-19.53.34:238][  0]SourceControl: Source control is disabled
[2025.12.10-19.53.34:247][  0]SourceControl: Source control is disabled
[2025.12.10-19.53.34:273][  0]SourceControl: Source control is disabled
[2025.12.10-19.53.34:279][  0]LogUProjectInfo: Found projects:
[2025.12.10-19.53.34:515][  0]LogOpenImageDenoise: OIDN starting up
[2025.12.10-19.53.34:663][  0]LogAndroidPermission: UAndroidPermissionCallbackProxy::GetInstance
[2025.12.10-19.53.34:685][  0]LogAudioCaptureCore: Display: No Audio Capture implementations found. Audio input will be silent.
[2025.12.10-19.53.34:685][  0]LogAudioCaptureCore: Display: No Audio Capture implementations found. Audio input will be silent.
[2025.12.10-19.53.34:891][  0]LogCollectionManager: Loaded 0 collections in 0.000587 seconds
[2025.12.10-19.53.34:919][  0]LogFileCache: Scanning file cache for directory 'D:/WORKPLACE/Mini_laboratory/MEPhI_VR_term_1/Mini_laboratory/Saved/Collections/' took 0.00s
[2025.12.10-19.53.34:920][  0]LogFileCache: Scanning file cache for directory 'D:/WORKPLACE/Mini_laboratory/MEPhI_VR_term_1/Mini_laboratory/Content/Developers/Vladislav/Collections/' took 0.00s
[2025.12.10-19.53.34:920][  0]LogFileCache: Scanning file cache for directory 'D:/WORKPLACE/Mini_laboratory/MEPhI_VR_term_1/Mini_laboratory/Content/Collections/' took 0.00s
[2025.12.10-19.53.34:926][  0]LogOcInput: OculusInput pre-init called
[2025.12.10-19.53.35:230][  0]LogEngine: Initializing Engine...
[2025.12.10-19.53.35:239][  0]LogHMD: Failed to enumerate extensions. Please check that you have a valid OpenXR runtime installed.
[2025.12.10-19.53.35:239][  0]LogHMD: Failed to initialize OpenVR with code 110
[2025.12.10-19.53.35:239][  0]LogMagicLeap: Warning: VR disabled because ZI is not enabled.  To enable, in the editor, Edit -> Project Settings -> Plugins -> Magic Leap Plugin -> Enable Zero Iteration
[2025.12.10-19.53.35:242][  0]LogStats: UGameplayTagsManager::InitializeManager -  0.002 s
[2025.12.10-19.53.35:407][  0]LogInit: Initializing FReadOnlyCVARCache
[2025.12.10-19.53.35:424][  0]LogAIModule: Creating AISystem for world Untitled
[2025.12.10-19.53.35:425][  0]LogAudio: Display: Initializing Audio Device Manager...
[2025.12.10-19.53.35:428][  0]LogAudio: Display: Loading Default Audio Settings Objects...
[2025.12.10-19.53.35:429][  0]LogAudio: Display: No default SoundConcurrencyObject specified (or failed to load).
[2025.12.10-19.53.35:431][  0]LogAudio: Display: Audio Device Manager Initialized
[2025.12.10-19.53.35:431][  0]LogAudio: Display: Creating Audio Device:                 Id: 1, Scope: Shared, Realtime: True
[2025.12.10-19.53.35:431][  0]LogAudioMixer: Display: Audio Mixer Platform Settings:
[2025.12.10-19.53.35:431][  0]LogAudioMixer: Display: 	Sample Rate:						  48000
[2025.12.10-19.53.35:431][  0]LogAudioMixer: Display: 	Callback Buffer Frame Size Requested: 1024
[2025.12.10-19.53.35:431][  0]LogAudioMixer: Display: 	Callback Buffer Frame Size To Use:	  1024
[2025.12.10-19.53.35:431][  0]LogAudioMixer: Display: 	Number of buffers to queue:			  2
[2025.12.10-19.53.35:431][  0]LogAudioMixer: Display: 	Max Channels (voices):				  32
[2025.12.10-19.53.35:431][  0]LogAudioMixer: Display: 	Number of Async Source Workers:		  0
[2025.12.10-19.53.35:431][  0]LogAudio: Display: AudioDevice MaxSources: 32
[2025.12.10-19.53.35:433][  0]LogAudio: Display: Audio Spatialization Plugin: None (built-in).
[2025.12.10-19.53.35:433][  0]LogAudio: Display: Audio Reverb Plugin: None (built-in).
[2025.12.10-19.53.35:433][  0]LogAudio: Display: Audio Occlusion Plugin: None (built-in).
[2025.12.10-19.53.35:433][  0]LogAudioMixer: Display: Initializing audio mixer.
[2025.12.10-19.53.35:460][  0]LogAudioMixer: Display: 0: FrontLeft
[2025.12.10-19.53.35:461][  0]LogAudioMixer: Display: 1: FrontRight
[2025.12.10-19.53.35:483][  0]LogAudioMixer: Display: Using Audio Device Наушники (Realtek(R) Audio)
[2025.12.10-19.53.35:487][  0]LogAudioMixer: Display: Initializing Sound Submixes...
[2025.12.10-19.53.35:490][  0]LogAudioMixer: Display: Creating Master Submix 'MasterSubmixDefault'
[2025.12.10-19.53.35:490][  0]LogAudioMixer: Display: Creating Master Submix 'MasterReverbSubmixDefault'
[2025.12.10-19.53.35:491][  0]LogAudioMixer: Display: Creating Master Submix 'MasterEQSubmixDefault'
[2025.12.10-19.53.35:491][  0]LogAudioMixer: FMixerPlatformXAudio2::StartAudioStream() called
[2025.12.10-19.53.35:491][  0]LogAudioMixer: Display: Output buffers initialized: Frames=1024, Channels=2, Samples=2048
[2025.12.10-19.53.35:492][  0]LogAudioMixer: Display: Starting AudioMixerPlatformInterface::RunInternal()
[2025.12.10-19.53.35:492][  0]LogAudioMixer: Display: FMixerPlatformXAudio2::SubmitBuffer() called for the first time
[2025.12.10-19.53.35:492][  0]LogInit: FAudioDevice initialized.
[2025.12.10-19.53.35:493][  0]LogAudio: Display: Audio Device (ID: 1) registered with world 'Untitled'.
[2025.12.10-19.53.35:493][  0]LogNetVersion: Set ProjectVersion to 1.0.0.0. Version Checksum will be recalculated on next use.
[2025.12.10-19.53.35:571][  0]LogDerivedDataCache: Saved boot cache 0.08s 94MB C:/Users/Владислав/AppData/Local/UnrealEngine/4.27/DerivedDataCache/Boot.ddc.
[2025.12.10-19.53.35:574][  0]LogInit: Texture streaming: Enabled
[2025.12.10-19.53.35:588][  0]LogAnalytics: Display: [UEEditor.Rocket.Release] APIServer = https://datarouter.ol.epicgames.com/. AppVersion = 4.27.2-18319896+++UE4+Release-4.27
[2025.12.10-19.53.35:592][  0]LogEngineSessionManager: EngineSessionManager initialized
[2025.12.10-19.53.35:592][  0]LogEditorSessionSummary: Verbose: Initializing EditorSessionSummaryWriter for editor session tracking
[2025.12.10-19.53.35:593][  0]LogEditorSessionSummary: EditorSessionSummaryWriter initialized
[2025.12.10-19.53.35:623][  0]LogInit: Transaction tracking system initialized
[2025.12.10-19.53.35:656][  0]BlueprintLog: New page: Editor Load
[2025.12.10-19.53.35:760][  0]LocalizationService: Localization service is disabled
[2025.12.10-19.53.35:835][  0]TimingProfiler: Initialize
[2025.12.10-19.53.35:835][  0]TimingProfiler: OnSessionChanged
[2025.12.10-19.53.35:835][  0]LoadingProfiler: Initialize
[2025.12.10-19.53.35:835][  0]LoadingProfiler: OnSessionChanged
[2025.12.10-19.53.35:835][  0]NetworkingProfiler: Initialize
[2025.12.10-19.53.35:835][  0]NetworkingProfiler: OnSessionChanged
[2025.12.10-19.53.35:835][  0]MemoryProfiler: Initialize
[2025.12.10-19.53.35:836][  0]MemoryProfiler: OnSessionChanged
[2025.12.10-19.53.36:040][  0]LogCook: Display: CookSettings for Memory: MemoryMaxUsedVirtual 0MiB, MemoryMaxUsedPhysical 16384MiB, MemoryMinFreeVirtual 0MiB, MemoryMinFreePhysical 1024MiB
[2025.12.10-19.53.36:040][  0]LogCook: Display: Mobile HDR setting 1
[2025.12.10-19.53.36:126][  0]LogFileCache: Scanning file cache for directory 'D:/WORKPLACE/Mini_laboratory/MEPhI_VR_term_1/Mini_laboratory/Content/' took 0.00s
[2025.12.10-19.53.36:490][  0]LogInit: Display: Engine is initialized. Leaving FEngineLoop::Init()
[2025.12.10-19.53.36:497][  0]SourceControl: Source control is disabled
[2025.12.10-19.53.36:497][  0]LogUnrealEdMisc: Loading editor; pre map load, took 8.799
[2025.12.10-19.53.36:498][  0]Cmd: MAP LOAD FILE="../../../../../../WORKPLACE/Mini_laboratory/MEPhI_VR_term_1/Mini_laboratory/Content/Workplace/Maps/StartMenu.umap" TEMPLATE=0 SHOWPROGRESS=1 FEATURELEVEL=3
[2025.12.10-19.53.36:499][  0]LightingResults: New page: Lighting Build
[2025.12.10-19.53.36:502][  0]LogWorld: UWorld::CleanupWorld for Untitled, bSessionEnded=true, bCleanupResources=true
[2025.12.10-19.53.36:503][  0]LogSlate: InvalidateAllWidgets triggered.  All widgets were invalidated
[2025.12.10-19.53.36:503][  0]MapCheck: New page: Map Check
[2025.12.10-19.53.36:503][  0]LightingResults: New page: Lighting Build
[2025.12.10-19.53.36:506][  0]LogAudio: Display: Audio Device unregistered from world 'None'.
[2025.12.10-19.53.36:509][  0]LogUObjectHash: Compacting FUObjectHashTables data took   0.69ms
[2025.12.10-19.53.36:529][  0]LogAudio: Display: Audio Device (ID: 1) registered with world 'StartMenu'.
[2025.12.10-19.53.36:530][  0]LogAIModule: Creating AISystem for world StartMenu
[2025.12.10-19.53.36:531][  0]LogEditorServer: Finished looking for orphan Actors (0.000 secs)
[2025.12.10-19.53.36:539][  0]LogUObjectHash: Compacting FUObjectHashTables data took   0.76ms
[2025.12.10-19.53.36:539][  0]Cmd: MAP CHECKDEP NOCLEARLOG
[2025.12.10-19.53.36:540][  0]MapCheck: Map check complete: 0 Error(s), 0 Warning(s), took 0,09ms to complete.
[2025.12.10-19.53.36:540][  0]LogFileHelpers: Loading map 'StartMenu' took 0.042
[2025.12.10-19.53.36:541][  0]LogUnrealEdMisc: Total Editor Startup Time, took 8.843
[2025.12.10-19.53.36:684][  0]LogSlate: Updating window title bar state: overlay mode, drag disabled, window buttons hidden, title bar hidden
[2025.12.10-19.53.36:690][  0]LogSlate: Updating window title bar state: overlay mode, drag disabled, window buttons hidden, title bar hidden
[2025.12.10-19.53.36:697][  0]LogSlate: Updating window title bar state: overlay mode, drag disabled, window buttons hidden, title bar hidden
[2025.12.10-19.53.36:703][  0]LogSlate: Updating window title bar state: overlay mode, drag disabled, window buttons hidden, title bar hidden
[2025.12.10-19.53.36:721][  0]LogNativeClassHierarchy: Verbose: Native class hierarchy populated in 0.0088 seconds. Added 3822 classes and 928 folders.
[2025.12.10-19.53.36:727][  0]LogNativeClassHierarchy: Verbose: Native class hierarchy updated for 'WidgetCarousel' in 0.0004 seconds. Added 0 classes and 0 folders.
[2025.12.10-19.53.36:732][  0]LogPakFile: PakFile PrimaryIndexSize=187
[2025.12.10-19.53.36:732][  0]LogPakFile: PakFile PathHashIndexSize=101
[2025.12.10-19.53.36:732][  0]LogPakFile: PakFile FullDirectoryIndexSize=148
[2025.12.10-19.53.36:732][  0]LogShaderLibrary: Display: ShaderCodeLibraryPakFileMountedCallback: PakFile 'D:/Progams on PC/Unreal/UE_4.27/FeaturePacks/FP_FirstPerson.upack' (chunk index -1, root 'root:/') mounted
[2025.12.10-19.53.36:732][  0]LogShaderLibrary: Display: ShaderCodeLibraryPakFileMountedCallback: pending pak file info (ChunkID:-1 Root:root:/ File:D:/Progams on PC/Unreal/UE_4.27/FeaturePacks/FP_FirstPerson.upack)
[2025.12.10-19.53.36:732][  0]LogPakFile: OnPakFileMounted2Time == 0.000277
[2025.12.10-19.53.36:733][  0]LogPakFile: PakFile PrimaryIndexSize=189
[2025.12.10-19.53.36:733][  0]LogPakFile: PakFile PathHashIndexSize=101
[2025.12.10-19.53.36:733][  0]LogPakFile: PakFile FullDirectoryIndexSize=152
[2025.12.10-19.53.36:733][  0]LogShaderLibrary: Display: ShaderCodeLibraryPakFileMountedCallback: PakFile 'D:/Progams on PC/Unreal/UE_4.27/FeaturePacks/FP_FirstPersonBP.upack' (chunk index -1, root 'root:/') mounted
[2025.12.10-19.53.36:733][  0]LogShaderLibrary: Display: ShaderCodeLibraryPakFileMountedCallback: pending pak file info (ChunkID:-1 Root:root:/ File:D:/Progams on PC/Unreal/UE_4.27/FeaturePacks/FP_FirstPersonBP.upack)
[2025.12.10-19.53.36:733][  0]LogPakFile: OnPakFileMounted2Time == 0.000041
[2025.12.10-19.53.36:734][  0]LogPakFile: PakFile PrimaryIndexSize=191
[2025.12.10-19.53.36:734][  0]LogPakFile: PakFile PathHashIndexSize=101
[2025.12.10-19.53.36:734][  0]LogPakFile: PakFile FullDirectoryIndexSize=160
[2025.12.10-19.53.36:734][  0]LogShaderLibrary: Display: ShaderCodeLibraryPakFileMountedCallback: PakFile 'D:/Progams on PC/Unreal/UE_4.27/FeaturePacks/MobileStarterContent.upack' (chunk index -1, root 'root:/') mounted
[2025.12.10-19.53.36:734][  0]LogShaderLibrary: Display: ShaderCodeLibraryPakFileMountedCallback: pending pak file info (ChunkID:-1 Root:root:/ File:D:/Progams on PC/Unreal/UE_4.27/FeaturePacks/MobileStarterContent.upack)
[2025.12.10-19.53.36:734][  0]LogPakFile: OnPakFileMounted2Time == 0.000035
[2025.12.10-19.53.36:734][  0]LogPakFile: PakFile PrimaryIndexSize=185
[2025.12.10-19.53.36:734][  0]LogPakFile: PakFile PathHashIndexSize=101
[2025.12.10-19.53.36:734][  0]LogPakFile: PakFile FullDirectoryIndexSize=148
[2025.12.10-19.53.36:734][  0]LogShaderLibrary: Display: ShaderCodeLibraryPakFileMountedCallback: PakFile 'D:/Progams on PC/Unreal/UE_4.27/FeaturePacks/StarterContent.upack' (chunk index -1, root 'root:/') mounted
[2025.12.10-19.53.36:734][  0]LogShaderLibrary: Display: ShaderCodeLibraryPakFileMountedCallback: pending pak file info (ChunkID:-1 Root:root:/ File:D:/Progams on PC/Unreal/UE_4.27/FeaturePacks/StarterContent.upack)
[2025.12.10-19.53.36:734][  0]LogPakFile: OnPakFileMounted2Time == 0.000029
[2025.12.10-19.53.36:735][  0]LogPakFile: PakFile PrimaryIndexSize=190
[2025.12.10-19.53.36:735][  0]LogPakFile: PakFile PathHashIndexSize=101
[2025.12.10-19.53.36:735][  0]LogPakFile: PakFile FullDirectoryIndexSize=154
[2025.12.10-19.53.36:735][  0]LogShaderLibrary: Display: ShaderCodeLibraryPakFileMountedCallback: PakFile 'D:/Progams on PC/Unreal/UE_4.27/FeaturePacks/TP_2DSideScroller.upack' (chunk index -1, root 'root:/') mounted
[2025.12.10-19.53.36:735][  0]LogShaderLibrary: Display: ShaderCodeLibraryPakFileMountedCallback: pending pak file info (ChunkID:-1 Root:root:/ File:D:/Progams on PC/Unreal/UE_4.27/FeaturePacks/TP_2DSideScroller.upack)
[2025.12.10-19.53.36:735][  0]LogPakFile: OnPakFileMounted2Time == 0.000027
[2025.12.10-19.53.36:735][  0]LogPakFile: PakFile PrimaryIndexSize=192
[2025.12.10-19.53.36:735][  0]LogPakFile: PakFile PathHashIndexSize=101
[2025.12.10-19.53.36:735][  0]LogPakFile: PakFile FullDirectoryIndexSize=158
[2025.12.10-19.53.36:735][  0]LogShaderLibrary: Display: ShaderCodeLibraryPakFileMountedCallback: PakFile 'D:/Progams on PC/Unreal/UE_4.27/FeaturePacks/TP_2DSideScrollerBP.upack' (chunk index -1, root 'root:/') mounted
[2025.12.10-19.53.36:735][  0]LogShaderLibrary: Display: ShaderCodeLibraryPakFileMountedCallback: pending pak file info (ChunkID:-1 Root:root:/ File:D:/Progams on PC/Unreal/UE_4.27/FeaturePacks/TP_2DSideScrollerBP.upack)
[2025.12.10-19.53.36:735][  0]LogPakFile: OnPakFileMounted2Time == 0.000027
[2025.12.10-19.53.36:735][  0]LogPakFile: PakFile PrimaryIndexSize=182
[2025.12.10-19.53.36:735][  0]LogPakFile: PakFile PathHashIndexSize=101
[2025.12.10-19.53.36:735][  0]LogPakFile: PakFile FullDirectoryIndexSize=138
[2025.12.10-19.53.36:735][  0]LogShaderLibrary: Display: ShaderCodeLibraryPakFileMountedCallback: PakFile 'D:/Progams on PC/Unreal/UE_4.27/FeaturePacks/TP_Flying.upack' (chunk index -1, root 'root:/') mounted
[2025.12.10-19.53.36:735][  0]LogShaderLibrary: Display: ShaderCodeLibraryPakFileMountedCallback: pending pak file info (ChunkID:-1 Root:root:/ File:D:/Progams on PC/Unreal/UE_4.27/FeaturePacks/TP_Flying.upack)
[2025.12.10-19.53.36:736][  0]LogPakFile: OnPakFileMounted2Time == 0.000028
[2025.12.10-19.53.36:736][  0]LogPakFile: PakFile PrimaryIndexSize=184
[2025.12.10-19.53.36:736][  0]LogPakFile: PakFile PathHashIndexSize=101
[2025.12.10-19.53.36:736][  0]LogPakFile: PakFile FullDirectoryIndexSize=142
[2025.12.10-19.53.36:736][  0]LogShaderLibrary: Display: ShaderCodeLibraryPakFileMountedCallback: PakFile 'D:/Progams on PC/Unreal/UE_4.27/FeaturePacks/TP_FlyingBP.upack' (chunk index -1, root 'root:/') mounted
[2025.12.10-19.53.36:736][  0]LogShaderLibrary: Display: ShaderCodeLibraryPakFileMountedCallback: pending pak file info (ChunkID:-1 Root:root:/ File:D:/Progams on PC/Unreal/UE_4.27/FeaturePacks/TP_FlyingBP.upack)
[2025.12.10-19.53.36:736][  0]LogPakFile: OnPakFileMounted2Time == 0.000027
[2025.12.10-19.53.36:736][  0]LogPakFile: PakFile PrimaryIndexSize=188
[2025.12.10-19.53.36:736][  0]LogPakFile: PakFile PathHashIndexSize=101
[2025.12.10-19.53.36:736][  0]LogPakFile: PakFile FullDirectoryIndexSize=150
[2025.12.10-19.53.36:736][  0]LogShaderLibrary: Display: ShaderCodeLibraryPakFileMountedCallback: PakFile 'D:/Progams on PC/Unreal/UE_4.27/FeaturePacks/TP_HandheldARBP.upack' (chunk index -1, root 'root:/') mounted
[2025.12.10-19.53.36:736][  0]LogShaderLibrary: Display: ShaderCodeLibraryPakFileMountedCallback: pending pak file info (ChunkID:-1 Root:root:/ File:D:/Progams on PC/Unreal/UE_4.27/FeaturePacks/TP_HandheldARBP.upack)
[2025.12.10-19.53.36:736][  0]LogPakFile: OnPakFileMounted2Time == 0.000027
[2025.12.10-19.53.36:737][  0]LogPakFile: PakFile PrimaryIndexSize=182
[2025.12.10-19.53.36:737][  0]LogPakFile: PakFile PathHashIndexSize=101
[2025.12.10-19.53.36:737][  0]LogPakFile: PakFile FullDirectoryIndexSize=138
[2025.12.10-19.53.36:737][  0]LogShaderLibrary: Display: ShaderCodeLibraryPakFileMountedCallback: PakFile 'D:/Progams on PC/Unreal/UE_4.27/FeaturePacks/TP_Puzzle.upack' (chunk index -1, root 'root:/') mounted
[2025.12.10-19.53.36:737][  0]LogShaderLibrary: Display: ShaderCodeLibraryPakFileMountedCallback: pending pak file info (ChunkID:-1 Root:root:/ File:D:/Progams on PC/Unreal/UE_4.27/FeaturePacks/TP_Puzzle.upack)
[2025.12.10-19.53.36:737][  0]LogPakFile: OnPakFileMounted2Time == 0.000030
[2025.12.10-19.53.36:737][  0]LogPakFile: PakFile PrimaryIndexSize=184
[2025.12.10-19.53.36:737][  0]LogPakFile: PakFile PathHashIndexSize=101
[2025.12.10-19.53.36:737][  0]LogPakFile: PakFile FullDirectoryIndexSize=142
[2025.12.10-19.53.36:738][  0]LogShaderLibrary: Display: ShaderCodeLibraryPakFileMountedCallback: PakFile 'D:/Progams on PC/Unreal/UE_4.27/FeaturePacks/TP_PuzzleBP.upack' (chunk index -1, root 'root:/') mounted
[2025.12.10-19.53.36:738][  0]LogShaderLibrary: Display: ShaderCodeLibraryPakFileMountedCallback: pending pak file info (ChunkID:-1 Root:root:/ File:D:/Progams on PC/Unreal/UE_4.27/FeaturePacks/TP_PuzzleBP.upack)
[2025.12.10-19.53.36:738][  0]LogPakFile: OnPakFileMounted2Time == 0.000028
[2025.12.10-19.53.36:738][  0]LogPakFile: PakFile PrimaryIndexSize=183
[2025.12.10-19.53.36:738][  0]LogPakFile: PakFile PathHashIndexSize=101
[2025.12.10-19.53.36:738][  0]LogPakFile: PakFile FullDirectoryIndexSize=140
[2025.12.10-19.53.36:738][  0]LogShaderLibrary: Display: ShaderCodeLibraryPakFileMountedCallback: PakFile 'D:/Progams on PC/Unreal/UE_4.27/FeaturePacks/TP_Rolling.upack' (chunk index -1, root 'root:/') mounted
[2025.12.10-19.53.36:738][  0]LogShaderLibrary: Display: ShaderCodeLibraryPakFileMountedCallback: pending pak file info (ChunkID:-1 Root:root:/ File:D:/Progams on PC/Unreal/UE_4.27/FeaturePacks/TP_Rolling.upack)
[2025.12.10-19.53.36:738][  0]LogPakFile: OnPakFileMounted2Time == 0.000027
[2025.12.10-19.53.36:738][  0]LogPakFile: PakFile PrimaryIndexSize=185
[2025.12.10-19.53.36:738][  0]LogPakFile: PakFile PathHashIndexSize=101
[2025.12.10-19.53.36:738][  0]LogPakFile: PakFile FullDirectoryIndexSize=144
[2025.12.10-19.53.36:738][  0]LogShaderLibrary: Display: ShaderCodeLibraryPakFileMountedCallback: PakFile 'D:/Progams on PC/Unreal/UE_4.27/FeaturePacks/TP_RollingBP.upack' (chunk index -1, root 'root:/') mounted
[2025.12.10-19.53.36:738][  0]LogShaderLibrary: Display: ShaderCodeLibraryPakFileMountedCallback: pending pak file info (ChunkID:-1 Root:root:/ File:D:/Progams on PC/Unreal/UE_4.27/FeaturePacks/TP_RollingBP.upack)
[2025.12.10-19.53.36:738][  0]LogPakFile: OnPakFileMounted2Time == 0.000027
[2025.12.10-19.53.36:739][  0]LogPakFile: PakFile PrimaryIndexSize=188
[2025.12.10-19.53.36:739][  0]LogPakFile: PakFile PathHashIndexSize=101
[2025.12.10-19.53.36:739][  0]LogPakFile: PakFile FullDirectoryIndexSize=150
[2025.12.10-19.53.36:739][  0]LogShaderLibrary: Display: ShaderCodeLibraryPakFileMountedCallback: PakFile 'D:/Progams on PC/Unreal/UE_4.27/FeaturePacks/TP_SideScroller.upack' (chunk index -1, root 'root:/') mounted
[2025.12.10-19.53.36:739][  0]LogShaderLibrary: Display: ShaderCodeLibraryPakFileMountedCallback: pending pak file info (ChunkID:-1 Root:root:/ File:D:/Progams on PC/Unreal/UE_4.27/FeaturePacks/TP_SideScroller.upack)
[2025.12.10-19.53.36:739][  0]LogPakFile: OnPakFileMounted2Time == 0.000027
[2025.12.10-19.53.36:739][  0]LogPakFile: PakFile PrimaryIndexSize=190
[2025.12.10-19.53.36:739][  0]LogPakFile: PakFile PathHashIndexSize=101
[2025.12.10-19.53.36:739][  0]LogPakFile: PakFile FullDirectoryIndexSize=154
[2025.12.10-19.53.36:739][  0]LogShaderLibrary: Display: ShaderCodeLibraryPakFileMountedCallback: PakFile 'D:/Progams on PC/Unreal/UE_4.27/FeaturePacks/TP_SideScrollerBP.upack' (chunk index -1, root 'root:/') mounted
[2025.12.10-19.53.36:739][  0]LogShaderLibrary: Display: ShaderCodeLibraryPakFileMountedCallback: pending pak file info (ChunkID:-1 Root:root:/ File:D:/Progams on PC/Unreal/UE_4.27/FeaturePacks/TP_SideScrollerBP.upack)
[2025.12.10-19.53.36:739][  0]LogPakFile: OnPakFileMounted2Time == 0.000027
[2025.12.10-19.53.36:740][  0]LogPakFile: PakFile PrimaryIndexSize=187
[2025.12.10-19.53.36:740][  0]LogPakFile: PakFile PathHashIndexSize=101
[2025.12.10-19.53.36:740][  0]LogPakFile: PakFile FullDirectoryIndexSize=148
[2025.12.10-19.53.36:740][  0]LogShaderLibrary: Display: ShaderCodeLibraryPakFileMountedCallback: PakFile 'D:/Progams on PC/Unreal/UE_4.27/FeaturePacks/TP_ThirdPerson.upack' (chunk index -1, root 'root:/') mounted
[2025.12.10-19.53.36:740][  0]LogShaderLibrary: Display: ShaderCodeLibraryPakFileMountedCallback: pending pak file info (ChunkID:-1 Root:root:/ File:D:/Progams on PC/Unreal/UE_4.27/FeaturePacks/TP_ThirdPerson.upack)
[2025.12.10-19.53.36:740][  0]LogPakFile: OnPakFileMounted2Time == 0.000027
[2025.12.10-19.53.36:740][  0]LogPakFile: PakFile PrimaryIndexSize=189
[2025.12.10-19.53.36:740][  0]LogPakFile: PakFile PathHashIndexSize=101
[2025.12.10-19.53.36:740][  0]LogPakFile: PakFile FullDirectoryIndexSize=152
[2025.12.10-19.53.36:740][  0]LogShaderLibrary: Display: ShaderCodeLibraryPakFileMountedCallback: PakFile 'D:/Progams on PC/Unreal/UE_4.27/FeaturePacks/TP_ThirdPersonBP.upack' (chunk index -1, root 'root:/') mounted
[2025.12.10-19.53.36:740][  0]LogShaderLibrary: Display: ShaderCodeLibraryPakFileMountedCallback: pending pak file info (ChunkID:-1 Root:root:/ File:D:/Progams on PC/Unreal/UE_4.27/FeaturePacks/TP_ThirdPersonBP.upack)
[2025.12.10-19.53.36:740][  0]LogPakFile: OnPakFileMounted2Time == 0.000028
[2025.12.10-19.53.36:740][  0]LogPakFile: PakFile PrimaryIndexSize=183
[2025.12.10-19.53.36:740][  0]LogPakFile: PakFile PathHashIndexSize=101
[2025.12.10-19.53.36:740][  0]LogPakFile: PakFile FullDirectoryIndexSize=140
[2025.12.10-19.53.36:740][  0]LogShaderLibrary: Display: ShaderCodeLibraryPakFileMountedCallback: PakFile 'D:/Progams on PC/Unreal/UE_4.27/FeaturePacks/TP_TopDown.upack' (chunk index -1, root 'root:/') mounted
[2025.12.10-19.53.36:740][  0]LogShaderLibrary: Display: ShaderCodeLibraryPakFileMountedCallback: pending pak file info (ChunkID:-1 Root:root:/ File:D:/Progams on PC/Unreal/UE_4.27/FeaturePacks/TP_TopDown.upack)
[2025.12.10-19.53.36:741][  0]LogPakFile: OnPakFileMounted2Time == 0.000036
[2025.12.10-19.53.36:741][  0]LogPakFile: PakFile PrimaryIndexSize=185
[2025.12.10-19.53.36:741][  0]LogPakFile: PakFile PathHashIndexSize=101
[2025.12.10-19.53.36:741][  0]LogPakFile: PakFile FullDirectoryIndexSize=144
[2025.12.10-19.53.36:741][  0]LogShaderLibrary: Display: ShaderCodeLibraryPakFileMountedCallback: PakFile 'D:/Progams on PC/Unreal/UE_4.27/FeaturePacks/TP_TopDownBP.upack' (chunk index -1, root 'root:/') mounted
[2025.12.10-19.53.36:741][  0]LogShaderLibrary: Display: ShaderCodeLibraryPakFileMountedCallback: pending pak file info (ChunkID:-1 Root:root:/ File:D:/Progams on PC/Unreal/UE_4.27/FeaturePacks/TP_TopDownBP.upack)
[2025.12.10-19.53.36:741][  0]LogPakFile: OnPakFileMounted2Time == 0.000030
[2025.12.10-19.53.36:741][  0]LogPakFile: PakFile PrimaryIndexSize=185
[2025.12.10-19.53.36:741][  0]LogPakFile: PakFile PathHashIndexSize=101
[2025.12.10-19.53.36:741][  0]LogPakFile: PakFile FullDirectoryIndexSize=144
[2025.12.10-19.53.36:741][  0]LogShaderLibrary: Display: ShaderCodeLibraryPakFileMountedCallback: PakFile 'D:/Progams on PC/Unreal/UE_4.27/FeaturePacks/TP_TwinStick.upack' (chunk index -1, root 'root:/') mounted
[2025.12.10-19.53.36:741][  0]LogShaderLibrary: Display: ShaderCodeLibraryPakFileMountedCallback: pending pak file info (ChunkID:-1 Root:root:/ File:D:/Progams on PC/Unreal/UE_4.27/FeaturePacks/TP_TwinStick.upack)
[2025.12.10-19.53.36:741][  0]LogPakFile: OnPakFileMounted2Time == 0.000029
[2025.12.10-19.53.36:742][  0]LogPakFile: PakFile PrimaryIndexSize=187
[2025.12.10-19.53.36:742][  0]LogPakFile: PakFile PathHashIndexSize=101
[2025.12.10-19.53.36:742][  0]LogPakFile: PakFile FullDirectoryIndexSize=148
[2025.12.10-19.53.36:742][  0]LogShaderLibrary: Display: ShaderCodeLibraryPakFileMountedCallback: PakFile 'D:/Progams on PC/Unreal/UE_4.27/FeaturePacks/TP_TwinStickBP.upack' (chunk index -1, root 'root:/') mounted
[2025.12.10-19.53.36:742][  0]LogShaderLibrary: Display: ShaderCodeLibraryPakFileMountedCallback: pending pak file info (ChunkID:-1 Root:root:/ File:D:/Progams on PC/Unreal/UE_4.27/FeaturePacks/TP_TwinStickBP.upack)
[2025.12.10-19.53.36:742][  0]LogPakFile: OnPakFileMounted2Time == 0.000027
[2025.12.10-19.53.36:742][  0]LogPakFile: PakFile PrimaryIndexSize=183
[2025.12.10-19.53.36:742][  0]LogPakFile: PakFile PathHashIndexSize=101
[2025.12.10-19.53.36:742][  0]LogPakFile: PakFile FullDirectoryIndexSize=140
[2025.12.10-19.53.36:742][  0]LogShaderLibrary: Display: ShaderCodeLibraryPakFileMountedCallback: PakFile 'D:/Progams on PC/Unreal/UE_4.27/FeaturePacks/TP_Vehicle.upack' (chunk index -1, root 'root:/') mounted
[2025.12.10-19.53.36:742][  0]LogShaderLibrary: Display: ShaderCodeLibraryPakFileMountedCallback: pending pak file info (ChunkID:-1 Root:root:/ File:D:/Progams on PC/Unreal/UE_4.27/FeaturePacks/TP_Vehicle.upack)
[2025.12.10-19.53.36:742][  0]LogPakFile: OnPakFileMounted2Time == 0.000030
[2025.12.10-19.53.36:743][  0]LogPakFile: PakFile PrimaryIndexSize=186
[2025.12.10-19.53.36:743][  0]LogPakFile: PakFile PathHashIndexSize=101
[2025.12.10-19.53.36:743][  0]LogPakFile: PakFile FullDirectoryIndexSize=146
[2025.12.10-19.53.36:743][  0]LogShaderLibrary: Display: ShaderCodeLibraryPakFileMountedCallback: PakFile 'D:/Progams on PC/Unreal/UE_4.27/FeaturePacks/TP_VehicleAdv.upack' (chunk index -1, root 'root:/') mounted
[2025.12.10-19.53.36:743][  0]LogShaderLibrary: Display: ShaderCodeLibraryPakFileMountedCallback: pending pak file info (ChunkID:-1 Root:root:/ File:D:/Progams on PC/Unreal/UE_4.27/FeaturePacks/TP_VehicleAdv.upack)
[2025.12.10-19.53.36:743][  0]LogPakFile: OnPakFileMounted2Time == 0.000037
[2025.12.10-19.53.36:743][  0]LogPakFile: PakFile PrimaryIndexSize=188
[2025.12.10-19.53.36:743][  0]LogPakFile: PakFile PathHashIndexSize=101
[2025.12.10-19.53.36:743][  0]LogPakFile: PakFile FullDirectoryIndexSize=150
[2025.12.10-19.53.36:743][  0]LogShaderLibrary: Display: ShaderCodeLibraryPakFileMountedCallback: PakFile 'D:/Progams on PC/Unreal/UE_4.27/FeaturePacks/TP_VehicleAdvBP.upack' (chunk index -1, root 'root:/') mounted
[2025.12.10-19.53.36:743][  0]LogShaderLibrary: Display: ShaderCodeLibraryPakFileMountedCallback: pending pak file info (ChunkID:-1 Root:root:/ File:D:/Progams on PC/Unreal/UE_4.27/FeaturePacks/TP_VehicleAdvBP.upack)
[2025.12.10-19.53.36:743][  0]LogPakFile: OnPakFileMounted2Time == 0.000060
[2025.12.10-19.53.36:745][  0]LogPakFile: PakFile PrimaryIndexSize=185
[2025.12.10-19.53.36:745][  0]LogPakFile: PakFile PathHashIndexSize=101
[2025.12.10-19.53.36:745][  0]LogPakFile: PakFile FullDirectoryIndexSize=144
[2025.12.10-19.53.36:745][  0]LogShaderLibrary: Display: ShaderCodeLibraryPakFileMountedCallback: PakFile 'D:/Progams on PC/Unreal/UE_4.27/FeaturePacks/TP_VehicleBP.upack' (chunk index -1, root 'root:/') mounted
[2025.12.10-19.53.36:745][  0]LogShaderLibrary: Display: ShaderCodeLibraryPakFileMountedCallback: pending pak file info (ChunkID:-1 Root:root:/ File:D:/Progams on PC/Unreal/UE_4.27/FeaturePacks/TP_VehicleBP.upack)
[2025.12.10-19.53.36:745][  0]LogPakFile: OnPakFileMounted2Time == 0.000070
[2025.12.10-19.53.36:746][  0]LogPakFile: PakFile PrimaryIndexSize=192
[2025.12.10-19.53.36:746][  0]LogPakFile: PakFile PathHashIndexSize=101
[2025.12.10-19.53.36:746][  0]LogPakFile: PakFile FullDirectoryIndexSize=158
[2025.12.10-19.53.36:746][  0]LogShaderLibrary: Display: ShaderCodeLibraryPakFileMountedCallback: PakFile 'D:/Progams on PC/Unreal/UE_4.27/FeaturePacks/TP_VirtualRealityBP.upack' (chunk index -1, root 'root:/') mounted
[2025.12.10-19.53.36:746][  0]LogShaderLibrary: Display: ShaderCodeLibraryPakFileMountedCallback: pending pak file info (ChunkID:-1 Root:root:/ File:D:/Progams on PC/Unreal/UE_4.27/FeaturePacks/TP_VirtualRealityBP.upack)
[2025.12.10-19.53.36:746][  0]LogPakFile: OnPakFileMounted2Time == 0.000037
[2025.12.10-19.53.36:782][  0]LogNativeClassHierarchy: Verbose: Native class hierarchy updated for 'AddContentDialog' in 0.0003 seconds. Added 0 classes and 0 folders.
[2025.12.10-19.53.36:784][  0]LogNativeClassHierarchy: Verbose: Native class hierarchy updated for 'SceneOutliner' in 0.0003 seconds. Added 2 classes and 0 folders.
[2025.12.10-19.53.36:908][  0]LogSlate: Took 0.000153 seconds to synchronously load lazily loaded font '../../../Engine/Content/Slate/Fonts/Roboto-Regular.ttf' (155K)
[2025.12.10-19.53.36:909][  0]LogSlate: Took 0.000317 seconds to synchronously load lazily loaded font '../../../Engine/Content/Editor/Slate/Fonts/FontAwesome.ttf' (139K)
[2025.12.10-19.53.36:911][  0]LogSlate: Took 0.000247 seconds to synchronously load lazily loaded font '../../../Engine/Content/Slate/Fonts/Roboto-Bold.ttf' (160K)
[2025.12.10-19.53.36:983][  0]LogRenderer: Reallocating scene render targets to support 924x364 Format 10 NumSamples 1 (Frame:1).
[2025.12.10-19.53.37:068][  0]LogNativeClassHierarchy: Verbose: Native class hierarchy updated for 'HierarchicalLODOutliner' in 0.0003 seconds. Added 0 classes and 0 folders.
[2025.12.10-19.53.37:068][  0]LogLoad: (Engine Initialization) Total time: 9.37 seconds
[2025.12.10-19.53.37:068][  0]LogLoad: (Engine Initialization) Total Blueprint compile time: 0.00 seconds
[2025.12.10-19.53.37:132][  0]LogAssetRegistry: Asset discovery search completed in 5.4558 seconds
[2025.12.10-19.53.37:138][  0]LogCollectionManager: Fixed up redirectors for 0 collections in 0.000002 seconds (updated 0 objects)
[2025.12.10-19.53.37:139][  0]LogContentStreaming: Texture pool size now 1000 MB
[2025.12.10-19.53.37:286][  3]LogSlate: Took 0.000103 seconds to synchronously load lazily loaded font '../../../Engine/Content/Slate/Fonts/Roboto-Light.ttf' (167K)
[2025.12.10-19.53.38:089][ 92]LogSlate: Took 0.000299 seconds to synchronously load lazily loaded font '../../../Engine/Content/Slate/Fonts/Roboto-Light.ttf' (167K)
[2025.12.10-19.53.39:727][180]LogAssetEditorSubsystem: Opening Asset editor for Blueprint /Game/Workplace/Blueprints/BP_Button.BP_Button
[2025.12.10-19.53.39:943][180]LogNativeClassHierarchy: Verbose: Native class hierarchy updated for 'BlueprintGraph' in 0.0004 seconds. Added 126 classes and 0 folders.
[2025.12.10-19.53.40:663][180]LogSlate: Took 0.000192 seconds to synchronously load lazily loaded font '../../../Engine/Content/Slate/Fonts/Roboto-BoldCondensed.ttf' (158K)
[2025.12.10-19.53.40:743][181]LogSlate: Took 0.000220 seconds to synchronously load lazily loaded font '../../../Engine/Content/Slate/Fonts/Roboto-Italic.ttf' (157K)
[2025.12.10-19.53.42:581][276]LogSlate: Window 'BP_Button' being destroyed
[2025.12.10-19.53.44:773][437]BlueprintLog: New page: Compile BP_Button
[2025.12.10-19.53.44:808][437]LogUObjectHash: Compacting FUObjectHashTables data took   1.86ms
[2025.12.10-19.53.44:834][437]LogSlate: Took 0.000760 seconds to synchronously load lazily loaded font '../../../Engine/Content/Slate/Fonts/DroidSansMono.ttf' (77K)
[2025.12.10-19.53.45:458][476]LogSavePackage: Moving '../../../../../../WORKPLACE/Mini_laboratory/MEPhI_VR_term_1/Mini_laboratory/Saved/BP_Button6945123549D743CCFC6F608453AD7E61.tmp' to '../../../../../../WORKPLACE/Mini_laboratory/MEPhI_VR_term_1/Mini_laboratory/Content/Workplace/Blueprints/BP_Button.uasset'
[2025.12.10-19.53.45:479][476]AssetCheck: New page: Asset Save: BP_Button
[2025.12.10-19.53.45:479][476]LogContentValidation: Display: Validating Blueprint /Game/Workplace/Blueprints/BP_Button.BP_Button
[2025.12.10-19.53.47:503][669]LogSlate: Took 0.000152 seconds to synchronously load lazily loaded font '../../../Engine/Content/Slate/Fonts/Roboto-BoldCondensedItalic.ttf' (160K)
[2025.12.10-19.53.53:040][ 69]LogSlate: Window 'Delete Variable' being destroyed
[2025.12.10-19.54.50:661][224]BlueprintLog: New page: Compile BP_Button
[2025.12.10-19.54.50:663][224]LogClass: Warning: Property Materials of Materials has a struct type mismatch (tag MaterialStatistics != prop MaterialParameterInfo) in package:  FObjectReader. If that struct got renamed, add an entry to ActiveStructRedirects.
[2025.12.10-19.54.50:703][224]LogUObjectHash: Compacting FUObjectHashTables data took   2.49ms
[2025.12.10-19.54.51:343][260]LogSavePackage: Moving '../../../../../../WORKPLACE/Mini_laboratory/MEPhI_VR_term_1/Mini_laboratory/Saved/BP_Button3456A34748885434D35A1AA92DE6AB8B.tmp' to '../../../../../../WORKPLACE/Mini_laboratory/MEPhI_VR_term_1/Mini_laboratory/Content/Workplace/Blueprints/BP_Button.uasset'
[2025.12.10-19.54.51:387][260]AssetCheck: New page: Asset Save: BP_Button
[2025.12.10-19.54.51:387][260]LogContentValidation: Display: Validating Blueprint /Game/Workplace/Blueprints/BP_Button.BP_Button
[2025.12.10-19.55.17:054][982]BlueprintLog: New page: Compile BP_Button
[2025.12.10-19.55.17:058][982]LogClass: Warning: Array Inner Type mismatch in Materials of Materials - Previous (StructProperty) Current(ObjectProperty) for package:  FObjectReader
[2025.12.10-19.55.17:093][982]LogUObjectHash: Compacting FUObjectHashTables data took   2.08ms
[2025.12.10-19.55.17:761][ 20]LogSavePackage: Moving '../../../../../../WORKPLACE/Mini_laboratory/MEPhI_VR_term_1/Mini_laboratory/Saved/BP_Button2C20418E461C31C31903C694992BFBCD.tmp' to '../../../../../../WORKPLACE/Mini_laboratory/MEPhI_VR_term_1/Mini_laboratory/Content/Workplace/Blueprints/BP_Button.uasset'
[2025.12.10-19.55.17:776][ 20]AssetCheck: New page: Asset Save: BP_Button
[2025.12.10-19.55.17:776][ 20]LogContentValidation: Display: Validating Blueprint /Game/Workplace/Blueprints/BP_Button.BP_Button
[2025.12.10-19.55.31:000][899]BlueprintLog: New page: Compile BP_Button
[2025.12.10-19.55.31:034][899]LogUObjectHash: Compacting FUObjectHashTables data took   2.06ms
[2025.12.10-19.55.31:548][928]LogSavePackage: Moving '../../../../../../WORKPLACE/Mini_laboratory/MEPhI_VR_term_1/Mini_laboratory/Saved/BP_Button1679A7E244CA1898D5A89B91FD358416.tmp' to '../../../../../../WORKPLACE/Mini_laboratory/MEPhI_VR_term_1/Mini_laboratory/Content/Workplace/Blueprints/BP_Button.uasset'
[2025.12.10-19.55.31:612][928]AssetCheck: New page: Asset Save: BP_Button
[2025.12.10-19.55.31:612][928]LogContentValidation: Display: Validating Blueprint /Game/Workplace/Blueprints/BP_Button.BP_Button
[2025.12.10-19.55.31:873][949]BlueprintLog: New page: Compile BP_Button
[2025.12.10-19.55.31:905][949]LogUObjectHash: Compacting FUObjectHashTables data took   2.24ms
[2025.12.10-19.55.32:340][973]LogSavePackage: Moving '../../../../../../WORKPLACE/Mini_laboratory/MEPhI_VR_term_1/Mini_laboratory/Saved/BP_Button762EFF464AFFFBFC6A344BA52DBC9F79.tmp' to '../../../../../../WORKPLACE/Mini_laboratory/MEPhI_VR_term_1/Mini_laboratory/Content/Workplace/Blueprints/BP_Button.uasset'
[2025.12.10-19.55.32:391][973]AssetCheck: New page: Asset Save: BP_Button
[2025.12.10-19.55.32:391][973]LogContentValidation: Display: Validating Blueprint /Game/Workplace/Blueprints/BP_Button.BP_Button
[2025.12.10-19.55.32:654][997]BlueprintLog: New page: Compile BP_Button
[2025.12.10-19.55.32:687][997]LogUObjectHash: Compacting FUObjectHashTables data took   2.19ms
[2025.12.10-19.55.33:458][ 50]LogSavePackage: Moving '../../../../../../WORKPLACE/Mini_laboratory/MEPhI_VR_term_1/Mini_laboratory/Saved/BP_ButtonA0A4FF1346EF9B54787F409FD4620127.tmp' to '../../../../../../WORKPLACE/Mini_laboratory/MEPhI_VR_term_1/Mini_laboratory/Content/Workplace/Blueprints/BP_Button.uasset'
[2025.12.10-19.55.33:476][ 50]AssetCheck: New page: Asset Save: BP_Button
[2025.12.10-19.55.33:476][ 50]LogContentValidation: Display: Validating Blueprint /Game/Workplace/Blueprints/BP_Button.BP_Button
[2025.12.10-19.55.33:792][ 72]BlueprintLog: New page: Compile BP_Button
[2025.12.10-19.55.33:827][ 72]LogUObjectHash: Compacting FUObjectHashTables data took   2.18ms
[2025.12.10-19.55.34:260][ 92]LogSavePackage: Moving '../../../../../../WORKPLACE/Mini_laboratory/MEPhI_VR_term_1/Mini_laboratory/Saved/BP_Button0696AA0942B7FCF343A5A8A7C7810F88.tmp' to '../../../../../../WORKPLACE/Mini_laboratory/MEPhI_VR_term_1/Mini_laboratory/Content/Workplace/Blueprints/BP_Button.uasset'
[2025.12.10-19.55.34:303][ 92]AssetCheck: New page: Asset Save: BP_Button
[2025.12.10-19.55.34:303][ 92]LogContentValidation: Display: Validating Blueprint /Game/Workplace/Blueprints/BP_Button.BP_Button
[2025.12.10-19.56.13:816][147]BlueprintLog: New page: Compile BP_Button
[2025.12.10-19.56.13:851][147]LogUObjectHash: Compacting FUObjectHashTables data took   2.10ms
[2025.12.10-19.56.14:402][177]LogSavePackage: Moving '../../../../../../WORKPLACE/Mini_laboratory/MEPhI_VR_term_1/Mini_laboratory/Saved/BP_Button82EF227749A10F567F3A58949735FE27.tmp' to '../../../../../../WORKPLACE/Mini_laboratory/MEPhI_VR_term_1/Mini_laboratory/Content/Workplace/Blueprints/BP_Button.uasset'
[2025.12.10-19.56.14:444][177]AssetCheck: New page: Asset Save: BP_Button
[2025.12.10-19.56.14:444][177]LogContentValidation: Display: Validating Blueprint /Game/Workplace/Blueprints/BP_Button.BP_Button
[2025.12.10-19.56.22:404][836]LogWindowsTextInputMethodSystem: Display: IME system deactivated.
[2025.12.10-19.56.22:404][836]LogWindowsTextInputMethodSystem: Display: IME system deactivated.
[2025.12.10-19.56.28:467][323]BlueprintLog: New page: Compile BP_Button
[2025.12.10-19.56.28:504][323]LogUObjectHash: Compacting FUObjectHashTables data took   2.10ms
[2025.12.10-19.56.28:960][345]LogSavePackage: Moving '../../../../../../WORKPLACE/Mini_laboratory/MEPhI_VR_term_1/Mini_laboratory/Saved/BP_ButtonFC1BF6A94537215E6B9B88BFBB8039CF.tmp' to '../../../../../../WORKPLACE/Mini_laboratory/MEPhI_VR_term_1/Mini_laboratory/Content/Workplace/Blueprints/BP_Button.uasset'
[2025.12.10-19.56.29:005][345]AssetCheck: New page: Asset Save: BP_Button
[2025.12.10-19.56.29:005][345]LogContentValidation: Display: Validating Blueprint /Game/Workplace/Blueprints/BP_Button.BP_Button
[2025.12.10-19.56.29:340][365]BlueprintLog: New page: Compile BP_Button
[2025.12.10-19.56.29:378][365]LogUObjectHash: Compacting FUObjectHashTables data took   2.06ms
[2025.12.10-19.56.29:843][394]LogSavePackage: Moving '../../../../../../WORKPLACE/Mini_laboratory/MEPhI_VR_term_1/Mini_laboratory/Saved/BP_ButtonB8590A1442A6015A6F0EDB87B7C14454.tmp' to '../../../../../../WORKPLACE/Mini_laboratory/MEPhI_VR_term_1/Mini_laboratory/Content/Workplace/Blueprints/BP_Button.uasset'
[2025.12.10-19.56.29:868][394]AssetCheck: New page: Asset Save: BP_Button
[2025.12.10-19.56.29:868][394]LogContentValidation: Display: Validating Blueprint /Game/Workplace/Blueprints/BP_Button.BP_Button
[2025.12.10-19.56.30:238][422]BlueprintLog: New page: Compile BP_Button
[2025.12.10-19.56.30:271][422]LogUObjectHash: Compacting FUObjectHashTables data took   2.05ms
[2025.12.10-19.56.30:800][453]LogSavePackage: Moving '../../../../../../WORKPLACE/Mini_laboratory/MEPhI_VR_term_1/Mini_laboratory/Saved/BP_Button995FDBF844AFFEBE08AF7681A1059DFF.tmp' to '../../../../../../WORKPLACE/Mini_laboratory/MEPhI_VR_term_1/Mini_laboratory/Content/Workplace/Blueprints/BP_Button.uasset'
[2025.12.10-19.56.30:837][453]AssetCheck: New page: Asset Save: BP_Button
[2025.12.10-19.56.30:837][453]LogContentValidation: Display: Validating Blueprint /Game/Workplace/Blueprints/BP_Button.BP_Button
[2025.12.10-19.56.31:103][469]BlueprintLog: New page: Compile BP_Button
[2025.12.10-19.56.31:139][469]LogUObjectHash: Compacting FUObjectHashTables data took   2.13ms
[2025.12.10-19.56.33:403][625]LogAssetEditorSubsystem: Opening Asset editor for Blueprint /Game/Workplace/Blueprints/GlobalVariables.GlobalVariables
[2025.12.10-19.56.42:529][390]LogUObjectHash: Compacting FUObjectHashTables data took   2.07ms
[2025.12.10-19.56.42:742][390]LogAssetEditorSubsystem: Opening Asset editor for World /Game/Workplace/Maps/FirstLevel.FirstLevel
[2025.12.10-19.56.42:742][390]Cmd: MAP LOAD FILE="../../../../../../WORKPLACE/Mini_laboratory/MEPhI_VR_term_1/Mini_laboratory/Content/Workplace/Maps/FirstLevel.umap" TEMPLATE=0 SHOWPROGRESS=1 FEATURELEVEL=3
[2025.12.10-19.56.42:742][390]LightingResults: New page: Lighting Build
[2025.12.10-19.56.42:742][390]LoadErrors: New page: Loading map: FirstLevel.umap
[2025.12.10-19.56.42:776][390]LogWorld: UWorld::CleanupWorld for StartMenu, bSessionEnded=true, bCleanupResources=true
[2025.12.10-19.56.42:776][390]LogSlate: InvalidateAllWidgets triggered.  All widgets were invalidated
[2025.12.10-19.56.42:776][390]MapCheck: New page: Map Check
[2025.12.10-19.56.42:776][390]LightingResults: New page: Lighting Build
[2025.12.10-19.56.42:793][390]LogAudio: Display: Audio Device unregistered from world 'None'.
[2025.12.10-19.56.42:796][390]LogUObjectHash: Compacting FUObjectHashTables data took   2.04ms
[2025.12.10-19.56.42:797][390]LogAudio: Display: Audio Device (ID: 1) registered with world 'FirstLevel'.
[2025.12.10-19.56.42:869][390]LogEditorServer: Finished looking for orphan Actors (0.000 secs)
[2025.12.10-19.56.42:869][390]LogAIModule: Creating AISystem for world FirstLevel
[2025.12.10-19.56.42:891][390]LogUObjectHash: Compacting FUObjectHashTables data took   1.63ms
[2025.12.10-19.56.42:894][390]Cmd: MAP CHECKDEP NOCLEARLOG
[2025.12.10-19.56.42:894][390]MapCheck: Map check complete: 0 Error(s), 0 Warning(s), took 0,064ms to complete.
[2025.12.10-19.56.42:894][390]LogFileHelpers: Loading map 'FirstLevel' took 0.153
[2025.12.10-19.56.52:191][  1]LogUObjectHash: Compacting FUObjectHashTables data took   1.37ms
[2025.12.10-19.56.52:199][  1]LogSavePackage: Moving '../../../../../../WORKPLACE/Mini_laboratory/MEPhI_VR_term_1/Mini_laboratory/Saved/FirstLevelC00D7CA8412C26C7ACAC78A22667CFA8.tmp' to '../../../../../../WORKPLACE/Mini_laboratory/MEPhI_VR_term_1/Mini_laboratory/Content/Workplace/Maps/FirstLevel.umap'
[2025.12.10-19.56.52:221][  1]LogSavePackage: Moving '../../../../../../WORKPLACE/Mini_laboratory/MEPhI_VR_term_1/Mini_laboratory/Saved/FirstLevel_BuiltData0E95A76947EA1DB6B69831841C3DB1F1.tmp' to '../../../../../../WORKPLACE/Mini_laboratory/MEPhI_VR_term_1/Mini_laboratory/Content/Workplace/Maps/FirstLevel_BuiltData.uasset'
[2025.12.10-19.56.52:239][  1]AssetCheck: New page: Asset Save: multiple assets
[2025.12.10-19.56.52:239][  1]LogContentValidation: Display: Validating World /Game/Workplace/Maps/FirstLevel.FirstLevel
[2025.12.10-19.56.52:239][  1]LogContentValidation: Display: Validating MapBuildDataRegistry /Game/Workplace/Maps/FirstLevel_BuiltData.FirstLevel_BuiltData
[2025.12.10-19.56.52:792][ 53]LogTemp: Repeating last play command: New Editor Window (PIE)
[2025.12.10-19.56.52:829][ 53]LogPlayLevel: PlayLevel: No blueprints needed recompiling
[2025.12.10-19.56.52:829][ 53]PIE: New page: PIE session: FirstLevel (11 дек. 2025 г., 01:56:52)
[2025.12.10-19.56.52:830][ 53]LogOnline: OSS: Creating online subsystem instance for: NULL
[2025.12.10-19.56.52:832][ 53]LogOnline: OSS: TryLoadSubsystemAndSetDefault: Loaded subsystem for module [NULL]
[2025.12.10-19.56.52:832][ 53]LogPlayLevel: Creating play world package: /Game/Workplace/Maps/UEDPIE_0_FirstLevel
[2025.12.10-19.56.52:836][ 53]LogPlayLevel: PIE: StaticDuplicateObject took: (0.003021s)
[2025.12.10-19.56.52:837][ 53]LogAIModule: Creating AISystem for world FirstLevel
[2025.12.10-19.56.52:837][ 53]LogPlayLevel: PIE: World Init took: (0.001122s)
[2025.12.10-19.56.52:837][ 53]LogPlayLevel: PIE: Created PIE world by copying editor world from /Game/Workplace/Maps/FirstLevel.FirstLevel to /Game/Workplace/Maps/UEDPIE_0_FirstLevel.FirstLevel (0.004335s)
[2025.12.10-19.56.52:859][ 53]LogUObjectHash: Compacting FUObjectHashTables data took   1.73ms
[2025.12.10-19.56.52:860][ 53]LogAudio: Display: Creating Audio Device:                 Id: 2, Scope: Unique, Realtime: True
[2025.12.10-19.56.52:860][ 53]LogAudioMixer: Display: Audio Mixer Platform Settings:
[2025.12.10-19.56.52:860][ 53]LogAudioMixer: Display: 	Sample Rate:						  48000
[2025.12.10-19.56.52:860][ 53]LogAudioMixer: Display: 	Callback Buffer Frame Size Requested: 1024
[2025.12.10-19.56.52:860][ 53]LogAudioMixer: Display: 	Callback Buffer Frame Size To Use:	  1024
[2025.12.10-19.56.52:860][ 53]LogAudioMixer: Display: 	Number of buffers to queue:			  2
[2025.12.10-19.56.52:860][ 53]LogAudioMixer: Display: 	Max Channels (voices):				  32
[2025.12.10-19.56.52:860][ 53]LogAudioMixer: Display: 	Number of Async Source Workers:		  0
[2025.12.10-19.56.52:860][ 53]LogAudio: Display: AudioDevice MaxSources: 32
[2025.12.10-19.56.52:861][ 53]LogAudio: Display: Audio Spatialization Plugin: None (built-in).
[2025.12.10-19.56.52:861][ 53]LogAudio: Display: Audio Reverb Plugin: None (built-in).
[2025.12.10-19.56.52:861][ 53]LogAudio: Display: Audio Occlusion Plugin: None (built-in).
[2025.12.10-19.56.52:861][ 53]LogAudioMixer: Display: Initializing audio mixer.
[2025.12.10-19.56.52:863][ 53]LogAudioMixer: Display: 0: FrontLeft
[2025.12.10-19.56.52:863][ 53]LogAudioMixer: Display: 1: FrontRight
[2025.12.10-19.56.52:873][ 53]LogAudioMixer: Display: Using Audio Device Наушники (Realtek(R) Audio)
[2025.12.10-19.56.52:873][ 53]LogAudioMixer: Display: Initializing Sound Submixes...
[2025.12.10-19.56.52:873][ 53]LogAudioMixer: Display: Creating Master Submix 'MasterSubmixDefault'
[2025.12.10-19.56.52:873][ 53]LogAudioMixer: Display: Creating Master Submix 'MasterReverbSubmixDefault'
[2025.12.10-19.56.52:874][ 53]LogAudioMixer: Display: Creating Master Submix 'MasterEQSubmixDefault'
[2025.12.10-19.56.52:874][ 53]LogAudioMixer: FMixerPlatformXAudio2::StartAudioStream() called
[2025.12.10-19.56.52:874][ 53]LogAudioMixer: Display: Output buffers initialized: Frames=1024, Channels=2, Samples=2048
[2025.12.10-19.56.52:875][ 53]LogAudioMixer: Display: Starting AudioMixerPlatformInterface::RunInternal()
[2025.12.10-19.56.52:875][ 53]LogAudioMixer: Display: FMixerPlatformXAudio2::SubmitBuffer() called for the first time
[2025.12.10-19.56.52:875][ 53]LogInit: FAudioDevice initialized.
[2025.12.10-19.56.52:875][ 53]LogAudio: Display: Audio Device (ID: 2) registered with world 'FirstLevel'.
[2025.12.10-19.56.52:929][ 53]LogSlate: Updating window title bar state: overlay mode, drag disabled, window buttons hidden, title bar hidden
[2025.12.10-19.56.52:977][ 53]LogLoad: Game class is 'BP_GameMode_C'
[2025.12.10-19.56.52:980][ 53]LogWorld: Bringing World /Game/Workplace/Maps/UEDPIE_0_FirstLevel.FirstLevel up for play (max tick rate 0) at 2025.12.10-22.56.52
[2025.12.10-19.56.52:981][ 53]LogWorld: Bringing up level for play took: 0.002556
[2025.12.10-19.56.52:981][ 53]LogOnline: OSS: Creating online subsystem instance for: :Context_10
[2025.12.10-19.56.52:991][ 53]LogSpawn: Warning: SpawnActor failed because no class was specified
[2025.12.10-19.56.53:005][ 53]LogNativeClassHierarchy: Verbose: Native class hierarchy updated for 'MovieSceneCapture' in 0.0003 seconds. Added 20 classes and 0 folders.
[2025.12.10-19.56.53:019][ 53]PIE: Server logged in
[2025.12.10-19.56.53:020][ 53]PIE: Play in editor total start time 0,223 seconds.
[2025.12.10-19.56.53:056][ 54]LogRenderer: Reallocating scene render targets to support 1272x688 Format 10 NumSamples 1 (Frame:1).
[2025.12.10-19.56.54:886][177]LogSlate: Updating window title bar state: overlay mode, drag disabled, window buttons hidden, title bar hidden
[2025.12.10-19.56.54:886][177]LogWorld: BeginTearingDown for /Game/Workplace/Maps/UEDPIE_0_FirstLevel
[2025.12.10-19.56.54:886][177]LogSlate: Window 'Mini_laboratory Preview [NetMode: Standalone]  (64-bit/Windows) ' being destroyed
[2025.12.10-19.56.54:891][177]LogWorld: UWorld::CleanupWorld for FirstLevel, bSessionEnded=true, bCleanupResources=true
[2025.12.10-19.56.54:891][177]LogSlate: InvalidateAllWidgets triggered.  All widgets were invalidated
[2025.12.10-19.56.54:898][177]LogPlayLevel: Display: Shutting down PIE online subsystems
[2025.12.10-19.56.54:910][177]LogSlate: InvalidateAllWidgets triggered.  All widgets were invalidated
[2025.12.10-19.56.54:934][177]LogAudioMixer: FMixerPlatformXAudio2::StopAudioStream() called
[2025.12.10-19.56.54:935][177]LogAudioMixer: FMixerPlatformXAudio2::StopAudioStream() called
[2025.12.10-19.56.54:968][177]LogUObjectHash: Compacting FUObjectHashTables data took   3.31ms
[2025.12.10-19.56.54:997][178]LogPlayLevel: Display: Destroying online subsystem :Context_10
[2025.12.10-19.57.02:564][870]LogPlayLevel: PlayLevel: No blueprints needed recompiling
[2025.12.10-19.57.02:564][870]PIE: New page: SIE session: FirstLevel (11 дек. 2025 г., 01:57:02)
[2025.12.10-19.57.02:564][870]LogPlayLevel: Creating play world package: /Game/Workplace/Maps/UEDPIE_0_FirstLevel
[2025.12.10-19.57.02:568][870]LogPlayLevel: PIE: StaticDuplicateObject took: (0.003414s)
[2025.12.10-19.57.02:568][870]LogAIModule: Creating AISystem for world FirstLevel
[2025.12.10-19.57.02:569][870]LogPlayLevel: PIE: World Init took: (0.000948s)
[2025.12.10-19.57.02:569][870]LogPlayLevel: PIE: Created PIE world by copying editor world from /Game/Workplace/Maps/FirstLevel.FirstLevel to /Game/Workplace/Maps/UEDPIE_0_FirstLevel.FirstLevel (0.004464s)
[2025.12.10-19.57.02:596][870]LogUObjectHash: Compacting FUObjectHashTables data took   2.74ms
[2025.12.10-19.57.02:597][870]LogAudio: Display: Creating Audio Device:                 Id: 3, Scope: Unique, Realtime: True
[2025.12.10-19.57.02:597][870]LogAudioMixer: Display: Audio Mixer Platform Settings:
[2025.12.10-19.57.02:597][870]LogAudioMixer: Display: 	Sample Rate:						  48000
[2025.12.10-19.57.02:597][870]LogAudioMixer: Display: 	Callback Buffer Frame Size Requested: 1024
[2025.12.10-19.57.02:597][870]LogAudioMixer: Display: 	Callback Buffer Frame Size To Use:	  1024
[2025.12.10-19.57.02:597][870]LogAudioMixer: Display: 	Number of buffers to queue:			  2
[2025.12.10-19.57.02:597][870]LogAudioMixer: Display: 	Max Channels (voices):				  32
[2025.12.10-19.57.02:597][870]LogAudioMixer: Display: 	Number of Async Source Workers:		  0
[2025.12.10-19.57.02:597][870]LogAudio: Display: AudioDevice MaxSources: 32
[2025.12.10-19.57.02:598][870]LogAudio: Display: Audio Spatialization Plugin: None (built-in).
[2025.12.10-19.57.02:598][870]LogAudio: Display: Audio Reverb Plugin: None (built-in).
[2025.12.10-19.57.02:598][870]LogAudio: Display: Audio Occlusion Plugin: None (built-in).
[2025.12.10-19.57.02:598][870]LogAudioMixer: Display: Initializing audio mixer.
[2025.12.10-19.57.02:600][870]LogAudioMixer: Display: 0: FrontLeft
[2025.12.10-19.57.02:600][870]LogAudioMixer: Display: 1: FrontRight
[2025.12.10-19.57.02:609][870]LogAudioMixer: Display: Using Audio Device Наушники (Realtek(R) Audio)
[2025.12.10-19.57.02:610][870]LogAudioMixer: Display: Initializing Sound Submixes...
[2025.12.10-19.57.02:610][870]LogAudioMixer: Display: Creating Master Submix 'MasterSubmixDefault'
[2025.12.10-19.57.02:610][870]LogAudioMixer: Display: Creating Master Submix 'MasterReverbSubmixDefault'
[2025.12.10-19.57.02:610][870]LogAudioMixer: Display: Creating Master Submix 'MasterEQSubmixDefault'
[2025.12.10-19.57.02:610][870]LogAudioMixer: FMixerPlatformXAudio2::StartAudioStream() called
[2025.12.10-19.57.02:610][870]LogAudioMixer: Display: Output buffers initialized: Frames=1024, Channels=2, Samples=2048
[2025.12.10-19.57.02:611][870]LogAudioMixer: Display: Starting AudioMixerPlatformInterface::RunInternal()
[2025.12.10-19.57.02:611][870]LogAudioMixer: Display: FMixerPlatformXAudio2::SubmitBuffer() called for the first time
[2025.12.10-19.57.02:611][870]LogInit: FAudioDevice initialized.
[2025.12.10-19.57.02:611][870]LogAudio: Display: Audio Device (ID: 3) registered with world 'FirstLevel'.
[2025.12.10-19.57.02:619][870]LogLoad: Game class is 'BP_GameMode_C'
[2025.12.10-19.57.02:620][870]LogWorld: Bringing World /Game/Workplace/Maps/UEDPIE_0_FirstLevel.FirstLevel up for play (max tick rate 0) at 2025.12.10-22.57.02
[2025.12.10-19.57.02:621][870]LogWorld: Bringing up level for play took: 0.000699
[2025.12.10-19.57.02:621][870]LogOnline: OSS: Creating online subsystem instance for: :Context_11
[2025.12.10-19.57.02:622][870]LogSpawn: Warning: SpawnActor failed because no class was specified
[2025.12.10-19.57.02:664][870]PIE: Server logged in
[2025.12.10-19.57.02:665][870]PIE: Play in editor total start time 0,102 seconds.
[2025.12.10-19.57.13:785][761]LogSlate: Updating window title bar state: overlay mode, drag disabled, window buttons hidden, title bar hidden
[2025.12.10-19.57.13:785][761]LogWorld: BeginTearingDown for /Game/Workplace/Maps/UEDPIE_0_FirstLevel
[2025.12.10-19.57.13:786][761]LogWorld: UWorld::CleanupWorld for FirstLevel, bSessionEnded=true, bCleanupResources=true
[2025.12.10-19.57.13:786][761]LogSlate: InvalidateAllWidgets triggered.  All widgets were invalidated
[2025.12.10-19.57.13:815][761]LogPlayLevel: Display: Shutting down PIE online subsystems
[2025.12.10-19.57.13:824][761]LogSlate: InvalidateAllWidgets triggered.  All widgets were invalidated
[2025.12.10-19.57.13:847][761]LogAudio: Display: Audio Device unregistered from world 'None'.
[2025.12.10-19.57.13:847][761]LogAudioMixer: FMixerPlatformXAudio2::StopAudioStream() called
[2025.12.10-19.57.13:848][761]LogAudioMixer: FMixerPlatformXAudio2::StopAudioStream() called
[2025.12.10-19.57.13:850][761]LogSlate: Updating window title bar state: overlay mode, drag disabled, window buttons hidden, title bar hidden
[2025.12.10-19.57.13:853][761]LogUObjectHash: Compacting FUObjectHashTables data took   2.35ms
[2025.12.10-19.57.13:876][762]LogPlayLevel: Display: Destroying online subsystem :Context_11
[2025.12.10-19.57.54:161][812]LogUObjectHash: Compacting FUObjectHashTables data took   3.00ms
[2025.12.10-19.57.55:926][812]LogSlate: Window 'Save Content' being destroyed
[2025.12.10-19.57.55:993][812]LogSavePackage: Moving '../../../../../../WORKPLACE/Mini_laboratory/MEPhI_VR_term_1/Mini_laboratory/Saved/BP_Button3B2737C04012A688FF14718E222B17A0.tmp' to '../../../../../../WORKPLACE/Mini_laboratory/MEPhI_VR_term_1/Mini_laboratory/Content/Workplace/Blueprints/BP_Button.uasset'
[2025.12.10-19.57.56:018][812]LogAssetEditorSubsystem: Opening Asset editor for World /Game/Workplace/Maps/StartMenu.StartMenu
[2025.12.10-19.57.56:018][812]Cmd: MAP LOAD FILE="../../../../../../WORKPLACE/Mini_laboratory/MEPhI_VR_term_1/Mini_laboratory/Content/Workplace/Maps/StartMenu.umap" TEMPLATE=0 SHOWPROGRESS=1 FEATURELEVEL=3
[2025.12.10-19.57.56:018][812]LightingResults: New page: Lighting Build
[2025.12.10-19.57.56:018][812]LoadErrors: New page: Loading map: StartMenu.umap
[2025.12.10-19.57.56:056][812]LogWorld: UWorld::CleanupWorld for FirstLevel, bSessionEnded=true, bCleanupResources=true
[2025.12.10-19.57.56:056][812]LogSlate: InvalidateAllWidgets triggered.  All widgets were invalidated
[2025.12.10-19.57.56:056][812]MapCheck: New page: Map Check
[2025.12.10-19.57.56:056][812]LightingResults: New page: Lighting Build
[2025.12.10-19.57.56:080][812]LogAudio: Display: Audio Device unregistered from world 'None'.
[2025.12.10-19.57.56:084][812]LogUObjectHash: Compacting FUObjectHashTables data took   2.51ms
[2025.12.10-19.57.56:084][812]LogAudio: Display: Audio Device (ID: 1) registered with world 'StartMenu'.
[2025.12.10-19.57.56:106][812]LogEditorServer: Finished looking for orphan Actors (0.000 secs)
[2025.12.10-19.57.56:106][812]LogAIModule: Creating AISystem for world StartMenu
[2025.12.10-19.57.56:134][812]LogUObjectHash: Compacting FUObjectHashTables data took   2.23ms
[2025.12.10-19.57.56:139][812]Cmd: MAP CHECKDEP NOCLEARLOG
[2025.12.10-19.57.56:139][812]MapCheck: Map check complete: 0 Error(s), 0 Warning(s), took 0,062ms to complete.
[2025.12.10-19.57.56:139][812]LogFileHelpers: Loading map 'StartMenu' took 0.121
[2025.12.10-19.57.56:162][812]AssetCheck: New page: Asset Save: BP_Button
[2025.12.10-19.57.56:162][812]LogContentValidation: Display: Validating Blueprint /Game/Workplace/Blueprints/BP_Button.BP_Button
[2025.12.10-19.57.57:467][908]LogTemp: Repeating last play command: Simulate
[2025.12.10-19.57.57:472][908]LogPlayLevel: PlayLevel: No blueprints needed recompiling
[2025.12.10-19.57.57:472][908]PIE: New page: SIE session: StartMenu (11 дек. 2025 г., 01:57:57)
[2025.12.10-19.57.57:472][908]LogPlayLevel: Creating play world package: /Game/Workplace/Maps/UEDPIE_0_StartMenu
[2025.12.10-19.57.57:473][908]LogPlayLevel: PIE: StaticDuplicateObject took: (0.000884s)
[2025.12.10-19.57.57:474][908]LogAIModule: Creating AISystem for world StartMenu
[2025.12.10-19.57.57:474][908]LogPlayLevel: PIE: World Init took: (0.000810s)
[2025.12.10-19.57.57:474][908]LogPlayLevel: PIE: Created PIE world by copying editor world from /Game/Workplace/Maps/StartMenu.StartMenu to /Game/Workplace/Maps/UEDPIE_0_StartMenu.StartMenu (0.001770s)
[2025.12.10-19.57.57:502][908]LogUObjectHash: Compacting FUObjectHashTables data took   4.48ms
[2025.12.10-19.57.57:503][908]LogAudio: Display: Creating Audio Device:                 Id: 4, Scope: Unique, Realtime: True
[2025.12.10-19.57.57:503][908]LogAudioMixer: Display: Audio Mixer Platform Settings:
[2025.12.10-19.57.57:503][908]LogAudioMixer: Display: 	Sample Rate:						  48000
[2025.12.10-19.57.57:503][908]LogAudioMixer: Display: 	Callback Buffer Frame Size Requested: 1024
[2025.12.10-19.57.57:503][908]LogAudioMixer: Display: 	Callback Buffer Frame Size To Use:	  1024
[2025.12.10-19.57.57:503][908]LogAudioMixer: Display: 	Number of buffers to queue:			  2
[2025.12.10-19.57.57:503][908]LogAudioMixer: Display: 	Max Channels (voices):				  32
[2025.12.10-19.57.57:503][908]LogAudioMixer: Display: 	Number of Async Source Workers:		  0
[2025.12.10-19.57.57:503][908]LogAudio: Display: AudioDevice MaxSources: 32
[2025.12.10-19.57.57:503][908]LogAudio: Display: Audio Spatialization Plugin: None (built-in).
[2025.12.10-19.57.57:503][908]LogAudio: Display: Audio Reverb Plugin: None (built-in).
[2025.12.10-19.57.57:503][908]LogAudio: Display: Audio Occlusion Plugin: None (built-in).
[2025.12.10-19.57.57:503][908]LogAudioMixer: Display: Initializing audio mixer.
[2025.12.10-19.57.57:505][908]LogAudioMixer: Display: 0: FrontLeft
[2025.12.10-19.57.57:505][908]LogAudioMixer: Display: 1: FrontRight
[2025.12.10-19.57.57:559][908]LogAudioMixer: Display: Using Audio Device Наушники (Realtek(R) Audio)
[2025.12.10-19.57.57:559][908]LogAudioMixer: Display: Initializing Sound Submixes...
[2025.12.10-19.57.57:559][908]LogAudioMixer: Display: Creating Master Submix 'MasterSubmixDefault'
[2025.12.10-19.57.57:559][908]LogAudioMixer: Display: Creating Master Submix 'MasterReverbSubmixDefault'
[2025.12.10-19.57.57:559][908]LogAudioMixer: Display: Creating Master Submix 'MasterEQSubmixDefault'
[2025.12.10-19.57.57:560][908]LogAudioMixer: FMixerPlatformXAudio2::StartAudioStream() called
[2025.12.10-19.57.57:560][908]LogAudioMixer: Display: Output buffers initialized: Frames=1024, Channels=2, Samples=2048
[2025.12.10-19.57.57:561][908]LogAudioMixer: Display: Starting AudioMixerPlatformInterface::RunInternal()
[2025.12.10-19.57.57:561][908]LogAudioMixer: Display: FMixerPlatformXAudio2::SubmitBuffer() called for the first time
[2025.12.10-19.57.57:561][908]LogInit: FAudioDevice initialized.
[2025.12.10-19.57.57:561][908]LogAudio: Display: Audio Device (ID: 4) registered with world 'StartMenu'.
[2025.12.10-19.57.57:569][908]LogLoad: Game class is 'BP_GameMode_C'
[2025.12.10-19.57.57:570][908]LogWorld: Bringing World /Game/Workplace/Maps/UEDPIE_0_StartMenu.StartMenu up for play (max tick rate 0) at 2025.12.10-22.57.57
[2025.12.10-19.57.57:570][908]LogWorld: Bringing up level for play took: 0.000261
[2025.12.10-19.57.57:571][908]LogOnline: OSS: Creating online subsystem instance for: :Context_12
[2025.12.10-19.57.57:572][908]LogGameMode: FindPlayerStart: PATHS NOT DEFINED or NO PLAYERSTART with positive rating
[2025.12.10-19.57.57:572][908]LogSpawn: Warning: SpawnActor failed because no class was specified
[2025.12.10-19.57.57:572][908]LogPlayerController: Error: InputMode:UIOnly - Attempting to focus Non-Focusable widget SObjectWidget [Widget.cpp(799)]!
[2025.12.10-19.57.57:572][908]LogViewport: Display: Viewport MouseLockMode Changed, LockOnCapture -> DoNotLock
[2025.12.10-19.57.57:572][908]LogViewport: Display: Viewport MouseCaptureMode Changed, CapturePermanently_IncludingInitialMouseDown -> NoCapture
[2025.12.10-19.57.57:572][908]PIE: Server logged in
[2025.12.10-19.57.57:573][908]PIE: Play in editor total start time 0,102 seconds.
[2025.12.10-19.57.58:581][  9]LogViewport: Display: Viewport MouseLockMode Changed, DoNotLock -> LockOnCapture
[2025.12.10-19.57.58:581][  9]LogViewport: Display: Viewport MouseCaptureMode Changed, NoCapture -> CapturePermanently
[2025.12.10-19.57.58:582][  9]LogNet: Browse: /Game/Workplace/Maps/FirstLevel
[2025.12.10-19.57.58:630][  9]LogLoad: LoadMap: /Game/Workplace/Maps/FirstLevel
[2025.12.10-19.57.58:630][  9]LogWorld: BeginTearingDown for /Game/Workplace/Maps/UEDPIE_0_StartMenu
[2025.12.10-19.57.58:630][  9]LogWorld: UWorld::CleanupWorld for StartMenu, bSessionEnded=true, bCleanupResources=true
[2025.12.10-19.57.58:630][  9]LogSlate: InvalidateAllWidgets triggered.  All widgets were invalidated
[2025.12.10-19.57.58:707][  9]LogAudio: Display: Audio Device unregistered from world 'None'.
[2025.12.10-19.57.58:710][  9]LogUObjectHash: Compacting FUObjectHashTables data took   2.51ms
[2025.12.10-19.57.58:718][  9]LogAudio: Display: Audio Device (ID: 4) registered with world 'FirstLevel'.
[2025.12.10-19.57.58:719][  9]LogAIModule: Creating AISystem for world FirstLevel
[2025.12.10-19.57.58:719][  9]LogLoad: Game class is 'BP_GameMode_C'
[2025.12.10-19.57.58:723][  9]LogWorld: Bringing World /Game/Workplace/Maps/UEDPIE_0_FirstLevel.FirstLevel up for play (max tick rate 0) at 2025.12.10-22.57.58
[2025.12.10-19.57.58:723][  9]LogWorld: Bringing up level for play took: 0.003461
[2025.12.10-19.57.58:724][  9]LogSpawn: Warning: SpawnActor failed because no class was specified
[2025.12.10-19.57.58:725][  9]LogLoad: Took 0.094769 seconds to LoadMap(/Game/Workplace/Maps/FirstLevel)
[2025.12.10-19.57.59:689][ 82]LogEditorViewport: Clicking on Actor (LMB): StaticMeshActor (Floor)
[2025.12.10-19.58.00:712][156]LogEditorViewport: Clicking on Actor (LMB): StaticMeshActor (Floor)
[2025.12.10-19.58.02:825][343]LogSlate: Updating window title bar state: overlay mode, drag disabled, window buttons hidden, title bar hidden
[2025.12.10-19.58.02:825][343]LogWorld: BeginTearingDown for /Game/Workplace/Maps/UEDPIE_0_FirstLevel
[2025.12.10-19.58.02:825][343]LogWorld: UWorld::CleanupWorld for FirstLevel, bSessionEnded=true, bCleanupResources=true
[2025.12.10-19.58.02:826][343]LogSlate: InvalidateAllWidgets triggered.  All widgets were invalidated
[2025.12.10-19.58.02:835][343]LogPlayLevel: Display: Shutting down PIE online subsystems
[2025.12.10-19.58.02:840][343]LogSlate: InvalidateAllWidgets triggered.  All widgets were invalidated
[2025.12.10-19.58.02:862][343]LogAudio: Display: Audio Device unregistered from world 'None'.
[2025.12.10-19.58.02:863][343]LogAudioMixer: FMixerPlatformXAudio2::StopAudioStream() called
[2025.12.10-19.58.02:863][343]LogAudioMixer: FMixerPlatformXAudio2::StopAudioStream() called
[2025.12.10-19.58.02:865][343]LogSlate: Updating window title bar state: overlay mode, drag disabled, window buttons hidden, title bar hidden
[2025.12.10-19.58.02:869][343]LogUObjectHash: Compacting FUObjectHashTables data took   2.28ms
[2025.12.10-19.58.02:887][344]LogPlayLevel: Display: Destroying online subsystem :Context_12
[2025.12.10-19.58.04:855][472]LogPlayLevel: PlayLevel: No blueprints needed recompiling
[2025.12.10-19.58.04:855][472]PIE: New page: PIE session: StartMenu (11 дек. 2025 г., 01:58:04)
[2025.12.10-19.58.04:855][472]LogPlayLevel: Creating play world package: /Game/Workplace/Maps/UEDPIE_0_StartMenu
[2025.12.10-19.58.04:856][472]LogPlayLevel: PIE: StaticDuplicateObject took: (0.000866s)
[2025.12.10-19.58.04:856][472]LogAIModule: Creating AISystem for world StartMenu
[2025.12.10-19.58.04:857][472]LogPlayLevel: PIE: World Init took: (0.000769s)
[2025.12.10-19.58.04:857][472]LogPlayLevel: PIE: Created PIE world by copying editor world from /Game/Workplace/Maps/StartMenu.StartMenu to /Game/Workplace/Maps/UEDPIE_0_StartMenu.StartMenu (0.001715s)
[2025.12.10-19.58.04:883][472]LogUObjectHash: Compacting FUObjectHashTables data took   2.23ms
[2025.12.10-19.58.04:883][472]LogAudio: Display: Creating Audio Device:                 Id: 5, Scope: Unique, Realtime: True
[2025.12.10-19.58.04:883][472]LogAudioMixer: Display: Audio Mixer Platform Settings:
[2025.12.10-19.58.04:884][472]LogAudioMixer: Display: 	Sample Rate:						  48000
[2025.12.10-19.58.04:884][472]LogAudioMixer: Display: 	Callback Buffer Frame Size Requested: 1024
[2025.12.10-19.58.04:884][472]LogAudioMixer: Display: 	Callback Buffer Frame Size To Use:	  1024
[2025.12.10-19.58.04:884][472]LogAudioMixer: Display: 	Number of buffers to queue:			  2
[2025.12.10-19.58.04:884][472]LogAudioMixer: Display: 	Max Channels (voices):				  32
[2025.12.10-19.58.04:884][472]LogAudioMixer: Display: 	Number of Async Source Workers:		  0
[2025.12.10-19.58.04:884][472]LogAudio: Display: AudioDevice MaxSources: 32
[2025.12.10-19.58.04:884][472]LogAudio: Display: Audio Spatialization Plugin: None (built-in).
[2025.12.10-19.58.04:884][472]LogAudio: Display: Audio Reverb Plugin: None (built-in).
[2025.12.10-19.58.04:884][472]LogAudio: Display: Audio Occlusion Plugin: None (built-in).
[2025.12.10-19.58.04:884][472]LogAudioMixer: Display: Initializing audio mixer.
[2025.12.10-19.58.04:886][472]LogAudioMixer: Display: 0: FrontLeft
[2025.12.10-19.58.04:886][472]LogAudioMixer: Display: 1: FrontRight
[2025.12.10-19.58.04:897][472]LogAudioMixer: Display: Using Audio Device Наушники (Realtek(R) Audio)
[2025.12.10-19.58.04:897][472]LogAudioMixer: Display: Initializing Sound Submixes...
[2025.12.10-19.58.04:897][472]LogAudioMixer: Display: Creating Master Submix 'MasterSubmixDefault'
[2025.12.10-19.58.04:897][472]LogAudioMixer: Display: Creating Master Submix 'MasterReverbSubmixDefault'
[2025.12.10-19.58.04:897][472]LogAudioMixer: Display: Creating Master Submix 'MasterEQSubmixDefault'
[2025.12.10-19.58.04:897][472]LogAudioMixer: FMixerPlatformXAudio2::StartAudioStream() called
[2025.12.10-19.58.04:897][472]LogAudioMixer: Display: Output buffers initialized: Frames=1024, Channels=2, Samples=2048
[2025.12.10-19.58.04:898][472]LogAudioMixer: Display: Starting AudioMixerPlatformInterface::RunInternal()
[2025.12.10-19.58.04:898][472]LogAudioMixer: Display: FMixerPlatformXAudio2::SubmitBuffer() called for the first time
[2025.12.10-19.58.04:898][472]LogInit: FAudioDevice initialized.
[2025.12.10-19.58.04:898][472]LogAudio: Display: Audio Device (ID: 5) registered with world 'StartMenu'.
[2025.12.10-19.58.04:931][472]LogSlate: Updating window title bar state: overlay mode, drag disabled, window buttons hidden, title bar hidden
[2025.12.10-19.58.04:932][472]LogLoad: Game class is 'BP_GameMode_C'
[2025.12.10-19.58.04:932][472]LogWorld: Bringing World /Game/Workplace/Maps/UEDPIE_0_StartMenu.StartMenu up for play (max tick rate 0) at 2025.12.10-22.58.04
[2025.12.10-19.58.04:932][472]LogWorld: Bringing up level for play took: 0.000327
[2025.12.10-19.58.04:933][472]LogOnline: OSS: Creating online subsystem instance for: :Context_14
[2025.12.10-19.58.04:934][472]LogSpawn: Warning: SpawnActor failed because no class was specified
[2025.12.10-19.58.04:936][472]LogPlayerController: Error: InputMode:UIOnly - Attempting to focus Non-Focusable widget SObjectWidget [Widget.cpp(799)]!
[2025.12.10-19.58.04:936][472]LogViewport: Display: Viewport MouseLockMode Changed, LockOnCapture -> DoNotLock
[2025.12.10-19.58.04:936][472]LogViewport: Display: Viewport MouseCaptureMode Changed, CapturePermanently_IncludingInitialMouseDown -> NoCapture
[2025.12.10-19.58.04:937][472]PIE: Server logged in
[2025.12.10-19.58.04:938][472]PIE: Play in editor total start time 0,084 seconds.
[2025.12.10-19.58.06:295][600]LogViewport: Display: Viewport MouseLockMode Changed, DoNotLock -> LockOnCapture
[2025.12.10-19.58.06:295][600]LogViewport: Display: Viewport MouseCaptureMode Changed, NoCapture -> CapturePermanently
[2025.12.10-19.58.06:296][600]LogNet: Browse: /Game/Workplace/Maps/FirstLevel
[2025.12.10-19.58.06:296][600]LogLoad: LoadMap: /Game/Workplace/Maps/FirstLevel
[2025.12.10-19.58.06:296][600]LogWorld: BeginTearingDown for /Game/Workplace/Maps/UEDPIE_0_StartMenu
[2025.12.10-19.58.06:296][600]LogWorld: UWorld::CleanupWorld for StartMenu, bSessionEnded=true, bCleanupResources=true
[2025.12.10-19.58.06:296][600]LogSlate: InvalidateAllWidgets triggered.  All widgets were invalidated
[2025.12.10-19.58.06:347][600]LogAudio: Display: Audio Device unregistered from world 'None'.
[2025.12.10-19.58.06:349][600]LogUObjectHash: Compacting FUObjectHashTables data took   2.29ms
[2025.12.10-19.58.06:354][600]LogAudio: Display: Audio Device (ID: 5) registered with world 'FirstLevel'.
[2025.12.10-19.58.06:355][600]LogAIModule: Creating AISystem for world FirstLevel
[2025.12.10-19.58.06:355][600]LogLoad: Game class is 'BP_GameMode_C'
[2025.12.10-19.58.06:359][600]LogWorld: Bringing World /Game/Workplace/Maps/UEDPIE_0_FirstLevel.FirstLevel up for play (max tick rate 0) at 2025.12.10-22.58.06
[2025.12.10-19.58.06:359][600]LogWorld: Bringing up level for play took: 0.003345
[2025.12.10-19.58.06:359][600]LogSpawn: Warning: SpawnActor failed because no class was specified
[2025.12.10-19.58.06:360][600]LogLoad: Took 0.063795 seconds to LoadMap(/Game/Workplace/Maps/FirstLevel)
[2025.12.10-19.58.09:266][879]LogBlueprintUserMessages: [BP_TestClickActor2_2] BP_TestClickActor2 was clicked
[2025.12.10-19.58.09:326][884]LogBlueprintUserMessages: [BP_TestClickActor2_2] BP_TestClickActor2 was clicked
[2025.12.10-19.58.09:332][885]LogBlueprintUserMessages: [BP_TestClickActor2_2] BP_TestClickActor2 was clicked
[2025.12.10-19.58.09:343][886]LogBlueprintUserMessages: [BP_TestClickActor2_2] BP_TestClickActor2 was clicked
[2025.12.10-19.58.09:354][887]LogBlueprintUserMessages: [BP_TestClickActor2_2] BP_TestClickActor2 was clicked
[2025.12.10-19.58.09:363][888]LogBlueprintUserMessages: [BP_TestClickActor2_2] BP_TestClickActor2 was clicked
[2025.12.10-19.58.09:374][889]LogBlueprintUserMessages: [BP_TestClickActor2_2] BP_TestClickActor2 was clicked
[2025.12.10-19.58.09:385][890]LogBlueprintUserMessages: [BP_TestClickActor2_2] BP_TestClickActor2 was clicked
[2025.12.10-19.58.09:448][896]LogBlueprintUserMessages: [BP_TestClickActor2_2] BP_TestClickActor2 was clicked
[2025.12.10-19.58.09:459][897]LogBlueprintUserMessages: [BP_TestClickActor2_2] BP_TestClickActor2 was clicked
[2025.12.10-19.58.09:470][898]LogBlueprintUserMessages: [BP_TestClickActor2_2] BP_TestClickActor2 was clicked
[2025.12.10-19.58.09:480][899]LogBlueprintUserMessages: [BP_TestClickActor2_2] BP_TestClickActor2 was clicked
[2025.12.10-19.58.09:491][900]LogBlueprintUserMessages: [BP_TestClickActor2_2] BP_TestClickActor2 was clicked
[2025.12.10-19.58.09:502][901]LogBlueprintUserMessages: [BP_TestClickActor2_2] BP_TestClickActor2 was clicked
[2025.12.10-19.58.11:159][ 57]LogBlueprintUserMessages: [BP_TestClickActor2_2] BP_TestClickActor2 was clicked
[2025.12.10-19.58.11:168][ 58]LogBlueprintUserMessages: [BP_TestClickActor2_2] BP_TestClickActor2 was clicked
[2025.12.10-19.58.11:180][ 59]LogBlueprintUserMessages: [BP_TestClickActor2_2] BP_TestClickActor2 was clicked
[2025.12.10-19.58.11:191][ 60]LogBlueprintUserMessages: [BP_TestClickActor2_2] BP_TestClickActor2 was clicked
[2025.12.10-19.58.11:202][ 61]LogBlueprintUserMessages: [BP_TestClickActor2_2] BP_TestClickActor2 was clicked
[2025.12.10-19.58.11:213][ 62]LogBlueprintUserMessages: [BP_TestClickActor2_2] BP_TestClickActor2 was clicked
[2025.12.10-19.58.11:223][ 63]LogBlueprintUserMessages: [BP_TestClickActor2_2] BP_TestClickActor2 was clicked
[2025.12.10-19.58.11:234][ 64]LogBlueprintUserMessages: [BP_TestClickActor2_2] BP_TestClickActor2 was clicked
[2025.12.10-19.58.11:244][ 65]LogBlueprintUserMessages: [BP_TestClickActor2_2] BP_TestClickActor2 was clicked
[2025.12.10-19.58.11:256][ 66]LogBlueprintUserMessages: [BP_TestClickActor2_2] BP_TestClickActor2 was clicked
[2025.12.10-19.58.11:267][ 67]LogBlueprintUserMessages: [BP_TestClickActor2_2] BP_TestClickActor2 was clicked
[2025.12.10-19.58.11:341][ 73]LogBlueprintUserMessages: [BP_TestClickActor2_2] BP_TestClickActor2 was clicked
[2025.12.10-19.58.11:352][ 74]LogBlueprintUserMessages: [BP_TestClickActor2_2] BP_TestClickActor2 was clicked
[2025.12.10-19.58.11:364][ 75]LogBlueprintUserMessages: [BP_TestClickActor2_2] BP_TestClickActor2 was clicked
[2025.12.10-19.58.11:373][ 76]LogBlueprintUserMessages: [BP_TestClickActor2_2] BP_TestClickActor2 was clicked
[2025.12.10-19.58.11:384][ 77]LogBlueprintUserMessages: [BP_TestClickActor2_2] BP_TestClickActor2 was clicked
[2025.12.10-19.58.11:393][ 78]LogBlueprintUserMessages: [BP_TestClickActor2_2] BP_TestClickActor2 was clicked
[2025.12.10-19.58.11:404][ 79]LogBlueprintUserMessages: [BP_TestClickActor2_2] BP_TestClickActor2 was clicked
[2025.12.10-19.58.11:417][ 80]LogBlueprintUserMessages: [BP_TestClickActor2_2] BP_TestClickActor2 was clicked
[2025.12.10-19.58.15:927][505]LogBlueprintUserMessages: [BP_TestClickActor2_2] BP_TestClickActor2 was clicked
[2025.12.10-19.58.15:938][506]LogBlueprintUserMessages: [BP_TestClickActor2_2] BP_TestClickActor2 was clicked
[2025.12.10-19.58.15:947][507]LogBlueprintUserMessages: [BP_TestClickActor2_2] BP_TestClickActor2 was clicked
[2025.12.10-19.58.15:958][508]LogBlueprintUserMessages: [BP_TestClickActor2_2] BP_TestClickActor2 was clicked
[2025.12.10-19.58.15:969][509]LogBlueprintUserMessages: [BP_TestClickActor2_2] BP_TestClickActor2 was clicked
[2025.12.10-19.58.15:978][510]LogBlueprintUserMessages: [BP_TestClickActor2_2] BP_TestClickActor2 was clicked
[2025.12.10-19.58.15:988][511]LogBlueprintUserMessages: [BP_TestClickActor2_2] BP_TestClickActor2 was clicked
[2025.12.10-19.58.15:999][512]LogBlueprintUserMessages: [BP_TestClickActor2_2] BP_TestClickActor2 was clicked
[2025.12.10-19.58.16:008][513]LogBlueprintUserMessages: [BP_TestClickActor2_2] BP_TestClickActor2 was clicked
[2025.12.10-19.58.16:019][514]LogBlueprintUserMessages: [BP_TestClickActor2_2] BP_TestClickActor2 was clicked
[2025.12.10-19.58.16:028][515]LogBlueprintUserMessages: [BP_TestClickActor2_2] BP_TestClickActor2 was clicked
[2025.12.10-19.58.16:039][516]LogBlueprintUserMessages: [BP_TestClickActor2_2] BP_TestClickActor2 was clicked
[2025.12.10-19.58.16:050][517]LogBlueprintUserMessages: [BP_TestClickActor2_2] BP_TestClickActor2 was clicked
[2025.12.10-19.58.16:059][518]LogBlueprintUserMessages: [BP_TestClickActor2_2] BP_TestClickActor2 was clicked
[2025.12.10-19.58.16:070][519]LogBlueprintUserMessages: [BP_TestClickActor2_2] BP_TestClickActor2 was clicked
[2025.12.10-19.58.16:080][520]LogBlueprintUserMessages: [BP_TestClickActor2_2] BP_TestClickActor2 was clicked
[2025.12.10-19.58.16:092][521]LogBlueprintUserMessages: [BP_TestClickActor2_2] BP_TestClickActor2 was clicked
[2025.12.10-19.58.16:103][522]LogBlueprintUserMessages: [BP_TestClickActor2_2] BP_TestClickActor2 was clicked
[2025.12.10-19.58.16:114][523]LogBlueprintUserMessages: [BP_TestClickActor2_2] BP_TestClickActor2 was clicked
[2025.12.10-19.58.16:125][524]LogBlueprintUserMessages: [BP_TestClickActor2_2] BP_TestClickActor2 was clicked
[2025.12.10-19.58.16:136][525]LogBlueprintUserMessages: [BP_TestClickActor2_2] BP_TestClickActor2 was clicked
[2025.12.10-19.58.16:145][526]LogBlueprintUserMessages: [BP_TestClickActor2_2] BP_TestClickActor2 was clicked
[2025.12.10-19.58.16:157][527]LogBlueprintUserMessages: [BP_TestClickActor2_2] BP_TestClickActor2 was clicked
[2025.12.10-19.58.16:167][528]LogBlueprintUserMessages: [BP_TestClickActor2_2] BP_TestClickActor2 was clicked
[2025.12.10-19.58.16:177][529]LogBlueprintUserMessages: [BP_TestClickActor2_2] BP_TestClickActor2 was clicked
[2025.12.10-19.58.16:187][530]LogBlueprintUserMessages: [BP_TestClickActor2_2] BP_TestClickActor2 was clicked
[2025.12.10-19.58.16:199][531]LogBlueprintUserMessages: [BP_TestClickActor2_2] BP_TestClickActor2 was clicked
[2025.12.10-19.58.16:208][532]LogBlueprintUserMessages: [BP_TestClickActor2_2] BP_TestClickActor2 was clicked
[2025.12.10-19.58.16:219][533]LogBlueprintUserMessages: [BP_TestClickActor2_2] BP_TestClickActor2 was clicked
[2025.12.10-19.58.16:229][534]LogBlueprintUserMessages: [BP_TestClickActor2_2] BP_TestClickActor2 was clicked
[2025.12.10-19.58.16:241][535]LogBlueprintUserMessages: [BP_TestClickActor2_2] BP_TestClickActor2 was clicked
[2025.12.10-19.58.16:253][536]LogBlueprintUserMessages: [BP_TestClickActor2_2] BP_TestClickActor2 was clicked
[2025.12.10-19.58.16:262][537]LogBlueprintUserMessages: [BP_TestClickActor2_2] BP_TestClickActor2 was clicked
[2025.12.10-19.58.16:275][538]LogBlueprintUserMessages: [BP_TestClickActor2_2] BP_TestClickActor2 was clicked
[2025.12.10-19.58.18:354][729]LogBlueprintUserMessages: [BP_TestClickActor1_2] BP_TestClickActor1 was clicked
[2025.12.10-19.58.18:364][730]LogBlueprintUserMessages: [BP_TestClickActor1_2] BP_TestClickActor1 was clicked
[2025.12.10-19.58.18:373][731]LogBlueprintUserMessages: [BP_TestClickActor1_2] BP_TestClickActor1 was clicked
[2025.12.10-19.58.18:385][732]LogBlueprintUserMessages: [BP_TestClickActor1_2] BP_TestClickActor1 was clicked
[2025.12.10-19.58.18:395][733]LogBlueprintUserMessages: [BP_TestClickActor1_2] BP_TestClickActor1 was clicked
[2025.12.10-19.58.18:507][744]LogBlueprintUserMessages: [BP_TestClickActor1_2] BP_TestClickActor1 was clicked
[2025.12.10-19.58.18:518][745]LogBlueprintUserMessages: [BP_TestClickActor1_2] BP_TestClickActor1 was clicked
[2025.12.10-19.58.18:529][746]LogBlueprintUserMessages: [BP_TestClickActor1_2] BP_TestClickActor1 was clicked
[2025.12.10-19.58.18:537][747]LogBlueprintUserMessages: [BP_TestClickActor1_2] BP_TestClickActor1 was clicked
[2025.12.10-19.58.18:548][748]LogBlueprintUserMessages: [BP_TestClickActor1_2] BP_TestClickActor1 was clicked
[2025.12.10-19.58.18:558][749]LogBlueprintUserMessages: [BP_TestClickActor1_2] BP_TestClickActor1 was clicked
[2025.12.10-19.58.18:568][750]LogBlueprintUserMessages: [BP_TestClickActor1_2] BP_TestClickActor1 was clicked
[2025.12.10-19.58.18:654][758]LogBlueprintUserMessages: [BP_TestClickActor1_2] BP_TestClickActor1 was clicked
[2025.12.10-19.58.18:665][759]LogBlueprintUserMessages: [BP_TestClickActor1_2] BP_TestClickActor1 was clicked
[2025.12.10-19.58.18:674][760]LogBlueprintUserMessages: [BP_TestClickActor1_2] BP_TestClickActor1 was clicked
[2025.12.10-19.58.18:685][761]LogBlueprintUserMessages: [BP_TestClickActor1_2] BP_TestClickActor1 was clicked
[2025.12.10-19.58.18:696][762]LogBlueprintUserMessages: [BP_TestClickActor1_2] BP_TestClickActor1 was clicked
[2025.12.10-19.58.18:705][763]LogBlueprintUserMessages: [BP_TestClickActor1_2] BP_TestClickActor1 was clicked
[2025.12.10-19.58.18:717][764]LogBlueprintUserMessages: [BP_TestClickActor1_2] BP_TestClickActor1 was clicked
[2025.12.10-19.58.18:728][765]LogBlueprintUserMessages: [BP_TestClickActor1_2] BP_TestClickActor1 was clicked
[2025.12.10-19.58.18:737][766]LogBlueprintUserMessages: [BP_TestClickActor1_2] BP_TestClickActor1 was clicked
[2025.12.10-19.58.18:749][767]LogBlueprintUserMessages: [BP_TestClickActor1_2] BP_TestClickActor1 was clicked
[2025.12.10-19.58.18:760][768]LogBlueprintUserMessages: [BP_TestClickActor1_2] BP_TestClickActor1 was clicked
[2025.12.10-19.58.18:770][769]LogBlueprintUserMessages: [BP_TestClickActor1_2] BP_TestClickActor1 was clicked
[2025.12.10-19.58.20:898][972]LogBlueprintUserMessages: [BP_TestClickActor1_2] BP_TestClickActor1 was clicked
[2025.12.10-19.58.20:909][973]LogBlueprintUserMessages: [BP_TestClickActor1_2] BP_TestClickActor1 was clicked
[2025.12.10-19.58.20:919][974]LogBlueprintUserMessages: [BP_TestClickActor1_2] BP_TestClickActor1 was clicked
[2025.12.10-19.58.20:929][975]LogBlueprintUserMessages: [BP_TestClickActor1_2] BP_TestClickActor1 was clicked
[2025.12.10-19.58.20:939][976]LogBlueprintUserMessages: [BP_TestClickActor1_2] BP_TestClickActor1 was clicked
[2025.12.10-19.58.20:948][977]LogBlueprintUserMessages: [BP_TestClickActor1_2] BP_TestClickActor1 was clicked
[2025.12.10-19.58.20:960][978]LogBlueprintUserMessages: [BP_TestClickActor1_2] BP_TestClickActor1 was clicked
[2025.12.10-19.58.20:972][979]LogBlueprintUserMessages: [BP_TestClickActor1_2] BP_TestClickActor1 was clicked
[2025.12.10-19.58.20:981][980]LogBlueprintUserMessages: [BP_TestClickActor1_2] BP_TestClickActor1 was clicked
[2025.12.10-19.58.20:992][981]LogBlueprintUserMessages: [BP_TestClickActor1_2] BP_TestClickActor1 was clicked
[2025.12.10-19.58.21:003][982]LogBlueprintUserMessages: [BP_TestClickActor1_2] BP_TestClickActor1 was clicked
[2025.12.10-19.58.21:012][983]LogBlueprintUserMessages: [BP_TestClickActor1_2] BP_TestClickActor1 was clicked
[2025.12.10-19.58.21:023][984]LogBlueprintUserMessages: [BP_TestClickActor1_2] BP_TestClickActor1 was clicked
[2025.12.10-19.58.21:032][985]LogBlueprintUserMessages: [BP_TestClickActor1_2] BP_TestClickActor1 was clicked
[2025.12.10-19.58.21:043][986]LogBlueprintUserMessages: [BP_TestClickActor1_2] BP_TestClickActor1 was clicked
[2025.12.10-19.58.21:053][987]LogBlueprintUserMessages: [BP_TestClickActor1_2] BP_TestClickActor1 was clicked
[2025.12.10-19.58.21:063][988]LogBlueprintUserMessages: [BP_TestClickActor1_2] BP_TestClickActor1 was clicked
[2025.12.10-19.58.21:074][989]LogBlueprintUserMessages: [BP_TestClickActor1_2] BP_TestClickActor1 was clicked
[2025.12.10-19.58.21:084][990]LogBlueprintUserMessages: [BP_TestClickActor1_2] BP_TestClickActor1 was clicked
[2025.12.10-19.58.21:094][991]LogBlueprintUserMessages: [BP_TestClickActor1_2] BP_TestClickActor1 was clicked
[2025.12.10-19.58.21:105][992]LogBlueprintUserMessages: [BP_TestClickActor1_2] BP_TestClickActor1 was clicked
[2025.12.10-19.58.21:117][993]LogBlueprintUserMessages: [BP_TestClickActor1_2] BP_TestClickActor1 was clicked
[2025.12.10-19.58.21:129][994]LogBlueprintUserMessages: [BP_TestClickActor1_2] BP_TestClickActor1 was clicked
[2025.12.10-19.58.21:141][995]LogBlueprintUserMessages: [BP_TestClickActor1_2] BP_TestClickActor1 was clicked
[2025.12.10-19.58.21:153][996]LogBlueprintUserMessages: [BP_TestClickActor1_2] BP_TestClickActor1 was clicked
[2025.12.10-19.58.21:162][997]LogBlueprintUserMessages: [BP_TestClickActor1_2] BP_TestClickActor1 was clicked
[2025.12.10-19.58.21:173][998]LogBlueprintUserMessages: [BP_TestClickActor1_2] BP_TestClickActor1 was clicked
[2025.12.10-19.58.21:182][999]LogBlueprintUserMessages: [BP_TestClickActor1_2] BP_TestClickActor1 was clicked
[2025.12.10-19.58.21:194][  0]LogBlueprintUserMessages: [BP_TestClickActor1_2] BP_TestClickActor1 was clicked
[2025.12.10-19.58.21:205][  1]LogBlueprintUserMessages: [BP_TestClickActor1_2] BP_TestClickActor1 was clicked
[2025.12.10-19.58.21:214][  2]LogBlueprintUserMessages: [BP_TestClickActor1_2] BP_TestClickActor1 was clicked
[2025.12.10-19.58.21:226][  3]LogBlueprintUserMessages: [BP_TestClickActor1_2] BP_TestClickActor1 was clicked
[2025.12.10-19.58.21:237][  4]LogBlueprintUserMessages: [BP_TestClickActor1_2] BP_TestClickActor1 was clicked
[2025.12.10-19.58.21:247][  5]LogBlueprintUserMessages: [BP_TestClickActor1_2] BP_TestClickActor1 was clicked
[2025.12.10-19.58.21:259][  6]LogBlueprintUserMessages: [BP_TestClickActor1_2] BP_TestClickActor1 was clicked
[2025.12.10-19.58.21:271][  7]LogBlueprintUserMessages: [BP_TestClickActor1_2] BP_TestClickActor1 was clicked
[2025.12.10-19.58.21:281][  8]LogBlueprintUserMessages: [BP_TestClickActor1_2] BP_TestClickActor1 was clicked
[2025.12.10-19.58.21:293][  9]LogBlueprintUserMessages: [BP_TestClickActor1_2] BP_TestClickActor1 was clicked
[2025.12.10-19.58.21:305][ 10]LogBlueprintUserMessages: [BP_TestClickActor1_2] BP_TestClickActor1 was clicked
[2025.12.10-19.58.21:315][ 11]LogBlueprintUserMessages: [BP_TestClickActor1_2] BP_TestClickActor1 was clicked
[2025.12.10-19.58.21:326][ 12]LogBlueprintUserMessages: [BP_TestClickActor1_2] BP_TestClickActor1 was clicked
[2025.12.10-19.58.21:338][ 13]LogBlueprintUserMessages: [BP_TestClickActor1_2] BP_TestClickActor1 was clicked
[2025.12.10-19.58.21:348][ 14]LogBlueprintUserMessages: [BP_TestClickActor1_2] BP_TestClickActor1 was clicked
[2025.12.10-19.58.21:359][ 15]LogBlueprintUserMessages: [BP_TestClickActor1_2] BP_TestClickActor1 was clicked
[2025.12.10-19.58.21:370][ 16]LogBlueprintUserMessages: [BP_TestClickActor1_2] BP_TestClickActor1 was clicked
[2025.12.10-19.58.24:220][285]LogBlueprintUserMessages: [BP_TestClickActor2_2] BP_TestClickActor2 was clicked
[2025.12.10-19.58.24:231][286]LogBlueprintUserMessages: [BP_TestClickActor2_2] BP_TestClickActor2 was clicked
[2025.12.10-19.58.24:239][287]LogBlueprintUserMessages: [BP_TestClickActor2_2] BP_TestClickActor2 was clicked
[2025.12.10-19.58.24:251][288]LogBlueprintUserMessages: [BP_TestClickActor2_2] BP_TestClickActor2 was clicked
[2025.12.10-19.58.24:261][289]LogBlueprintUserMessages: [BP_TestClickActor2_2] BP_TestClickActor2 was clicked
[2025.12.10-19.58.24:270][290]LogBlueprintUserMessages: [BP_TestClickActor2_2] BP_TestClickActor2 was clicked
[2025.12.10-19.58.24:281][291]LogBlueprintUserMessages: [BP_TestClickActor2_2] BP_TestClickActor2 was clicked
[2025.12.10-19.58.24:291][292]LogBlueprintUserMessages: [BP_TestClickActor2_2] BP_TestClickActor2 was clicked
[2025.12.10-19.58.24:303][293]LogBlueprintUserMessages: [BP_TestClickActor2_2] BP_TestClickActor2 was clicked
[2025.12.10-19.58.24:313][294]LogBlueprintUserMessages: [BP_TestClickActor2_2] BP_TestClickActor2 was clicked
[2025.12.10-19.58.24:322][295]LogBlueprintUserMessages: [BP_TestClickActor2_2] BP_TestClickActor2 was clicked
[2025.12.10-19.58.24:333][296]LogBlueprintUserMessages: [BP_TestClickActor2_2] BP_TestClickActor2 was clicked
[2025.12.10-19.58.24:344][297]LogBlueprintUserMessages: [BP_TestClickActor2_2] BP_TestClickActor2 was clicked
[2025.12.10-19.58.24:354][298]LogBlueprintUserMessages: [BP_TestClickActor2_2] BP_TestClickActor2 was clicked
[2025.12.10-19.58.24:365][299]LogBlueprintUserMessages: [BP_TestClickActor2_2] BP_TestClickActor2 was clicked
[2025.12.10-19.58.24:374][300]LogBlueprintUserMessages: [BP_TestClickActor2_2] BP_TestClickActor2 was clicked
[2025.12.10-19.58.24:385][301]LogBlueprintUserMessages: [BP_TestClickActor2_2] BP_TestClickActor2 was clicked
[2025.12.10-19.58.24:396][302]LogBlueprintUserMessages: [BP_TestClickActor2_2] BP_TestClickActor2 was clicked
[2025.12.10-19.58.24:405][303]LogBlueprintUserMessages: [BP_TestClickActor2_2] BP_TestClickActor2 was clicked
[2025.12.10-19.58.24:416][304]LogBlueprintUserMessages: [BP_TestClickActor2_2] BP_TestClickActor2 was clicked
[2025.12.10-19.58.24:427][305]LogBlueprintUserMessages: [BP_TestClickActor2_2] BP_TestClickActor2 was clicked
[2025.12.10-19.58.24:436][306]LogBlueprintUserMessages: [BP_TestClickActor2_2] BP_TestClickActor2 was clicked
[2025.12.10-19.58.24:447][307]LogBlueprintUserMessages: [BP_TestClickActor2_2] BP_TestClickActor2 was clicked
[2025.12.10-19.58.24:456][308]LogBlueprintUserMessages: [BP_TestClickActor2_2] BP_TestClickActor2 was clicked
[2025.12.10-19.58.24:466][309]LogBlueprintUserMessages: [BP_TestClickActor2_2] BP_TestClickActor2 was clicked
[2025.12.10-19.58.24:477][310]LogBlueprintUserMessages: [BP_TestClickActor2_2] BP_TestClickActor2 was clicked
[2025.12.10-19.58.24:487][311]LogBlueprintUserMessages: [BP_TestClickActor2_2] BP_TestClickActor2 was clicked
[2025.12.10-19.58.24:498][312]LogBlueprintUserMessages: [BP_TestClickActor2_2] BP_TestClickActor2 was clicked
[2025.12.10-19.58.24:507][313]LogBlueprintUserMessages: [BP_TestClickActor2_2] BP_TestClickActor2 was clicked
[2025.12.10-19.58.25:528][409]LogBlueprintUserMessages: [BP_TestClickActor2_2] BP_TestClickActor2 was clicked
[2025.12.10-19.58.25:537][410]LogBlueprintUserMessages: [BP_TestClickActor2_2] BP_TestClickActor2 was clicked
[2025.12.10-19.58.25:548][411]LogBlueprintUserMessages: [BP_TestClickActor2_2] BP_TestClickActor2 was clicked
[2025.12.10-19.58.25:560][412]LogBlueprintUserMessages: [BP_TestClickActor2_2] BP_TestClickActor2 was clicked
[2025.12.10-19.58.25:659][421]LogBlueprintUserMessages: [BP_TestClickActor2_2] BP_TestClickActor2 was clicked
[2025.12.10-19.58.25:668][422]LogBlueprintUserMessages: [BP_TestClickActor2_2] BP_TestClickActor2 was clicked
[2025.12.10-19.58.25:679][423]LogBlueprintUserMessages: [BP_TestClickActor2_2] BP_TestClickActor2 was clicked
[2025.12.10-19.58.25:691][424]LogBlueprintUserMessages: [BP_TestClickActor2_2] BP_TestClickActor2 was clicked
[2025.12.10-19.58.25:700][425]LogBlueprintUserMessages: [BP_TestClickActor2_2] BP_TestClickActor2 was clicked
[2025.12.10-19.58.25:711][426]LogBlueprintUserMessages: [BP_TestClickActor2_2] BP_TestClickActor2 was clicked
[2025.12.10-19.58.25:811][435]LogBlueprintUserMessages: [BP_TestClickActor2_2] BP_TestClickActor2 was clicked
[2025.12.10-19.58.25:820][436]LogBlueprintUserMessages: [BP_TestClickActor2_2] BP_TestClickActor2 was clicked
[2025.12.10-19.58.25:832][437]LogBlueprintUserMessages: [BP_TestClickActor2_2] BP_TestClickActor2 was clicked
[2025.12.10-19.58.25:843][438]LogBlueprintUserMessages: [BP_TestClickActor2_2] BP_TestClickActor2 was clicked
[2025.12.10-19.58.25:853][439]LogBlueprintUserMessages: [BP_TestClickActor2_2] BP_TestClickActor2 was clicked
[2025.12.10-19.58.25:865][440]LogBlueprintUserMessages: [BP_TestClickActor2_2] BP_TestClickActor2 was clicked
[2025.12.10-19.58.27:535][594]LogSlate: Updating window title bar state: overlay mode, drag disabled, window buttons hidden, title bar hidden
[2025.12.10-19.58.27:535][594]LogWorld: BeginTearingDown for /Game/Workplace/Maps/UEDPIE_0_FirstLevel
[2025.12.10-19.58.27:535][594]LogSlate: Window 'Mini_laboratory Preview [NetMode: Standalone]  (64-bit/Windows) ' being destroyed
[2025.12.10-19.58.27:539][594]LogWorld: UWorld::CleanupWorld for FirstLevel, bSessionEnded=true, bCleanupResources=true
[2025.12.10-19.58.27:539][594]LogSlate: InvalidateAllWidgets triggered.  All widgets were invalidated
[2025.12.10-19.58.27:547][594]LogPlayLevel: Display: Shutting down PIE online subsystems
[2025.12.10-19.58.27:552][594]LogSlate: InvalidateAllWidgets triggered.  All widgets were invalidated
[2025.12.10-19.58.27:580][594]LogAudio: Display: Audio Device unregistered from world 'None'.
[2025.12.10-19.58.27:580][594]LogAudioMixer: FMixerPlatformXAudio2::StopAudioStream() called
[2025.12.10-19.58.27:581][594]LogAudioMixer: FMixerPlatformXAudio2::StopAudioStream() called
[2025.12.10-19.58.27:590][594]LogUObjectHash: Compacting FUObjectHashTables data took   2.13ms
[2025.12.10-19.58.27:607][595]LogPlayLevel: Display: Destroying online subsystem :Context_14
[2025.12.10-19.58.35:148][242]LogTemp: Repeating last play command: New Editor Window (PIE)
[2025.12.10-19.58.35:152][242]LogPlayLevel: PlayLevel: No blueprints needed recompiling
[2025.12.10-19.58.35:152][242]PIE: New page: PIE session: StartMenu (11 дек. 2025 г., 01:58:35)
[2025.12.10-19.58.35:153][242]LogPlayLevel: Creating play world package: /Game/Workplace/Maps/UEDPIE_0_StartMenu
[2025.12.10-19.58.35:153][242]LogPlayLevel: PIE: StaticDuplicateObject took: (0.000871s)
[2025.12.10-19.58.35:154][242]LogAIModule: Creating AISystem for world StartMenu
[2025.12.10-19.58.35:154][242]LogPlayLevel: PIE: World Init took: (0.000814s)
[2025.12.10-19.58.35:154][242]LogPlayLevel: PIE: Created PIE world by copying editor world from /Game/Workplace/Maps/StartMenu.StartMenu to /Game/Workplace/Maps/UEDPIE_0_StartMenu.StartMenu (0.001764s)
[2025.12.10-19.58.35:183][242]LogUObjectHash: Compacting FUObjectHashTables data took   3.23ms
[2025.12.10-19.58.35:184][242]LogAudio: Display: Creating Audio Device:                 Id: 6, Scope: Unique, Realtime: True
[2025.12.10-19.58.35:184][242]LogAudioMixer: Display: Audio Mixer Platform Settings:
[2025.12.10-19.58.35:184][242]LogAudioMixer: Display: 	Sample Rate:						  48000
[2025.12.10-19.58.35:184][242]LogAudioMixer: Display: 	Callback Buffer Frame Size Requested: 1024
[2025.12.10-19.58.35:184][242]LogAudioMixer: Display: 	Callback Buffer Frame Size To Use:	  1024
[2025.12.10-19.58.35:184][242]LogAudioMixer: Display: 	Number of buffers to queue:			  2
[2025.12.10-19.58.35:184][242]LogAudioMixer: Display: 	Max Channels (voices):				  32
[2025.12.10-19.58.35:184][242]LogAudioMixer: Display: 	Number of Async Source Workers:		  0
[2025.12.10-19.58.35:184][242]LogAudio: Display: AudioDevice MaxSources: 32
[2025.12.10-19.58.35:185][242]LogAudio: Display: Audio Spatialization Plugin: None (built-in).
[2025.12.10-19.58.35:185][242]LogAudio: Display: Audio Reverb Plugin: None (built-in).
[2025.12.10-19.58.35:185][242]LogAudio: Display: Audio Occlusion Plugin: None (built-in).
[2025.12.10-19.58.35:185][242]LogAudioMixer: Display: Initializing audio mixer.
[2025.12.10-19.58.35:186][242]LogAudioMixer: Display: 0: FrontLeft
[2025.12.10-19.58.35:187][242]LogAudioMixer: Display: 1: FrontRight
[2025.12.10-19.58.35:197][242]LogAudioMixer: Display: Using Audio Device Наушники (Realtek(R) Audio)
[2025.12.10-19.58.35:198][242]LogAudioMixer: Display: Initializing Sound Submixes...
[2025.12.10-19.58.35:198][242]LogAudioMixer: Display: Creating Master Submix 'MasterSubmixDefault'
[2025.12.10-19.58.35:198][242]LogAudioMixer: Display: Creating Master Submix 'MasterReverbSubmixDefault'
[2025.12.10-19.58.35:198][242]LogAudioMixer: Display: Creating Master Submix 'MasterEQSubmixDefault'
[2025.12.10-19.58.35:198][242]LogAudioMixer: FMixerPlatformXAudio2::StartAudioStream() called
[2025.12.10-19.58.35:198][242]LogAudioMixer: Display: Output buffers initialized: Frames=1024, Channels=2, Samples=2048
[2025.12.10-19.58.35:199][242]LogAudioMixer: Display: Starting AudioMixerPlatformInterface::RunInternal()
[2025.12.10-19.58.35:199][242]LogAudioMixer: Display: FMixerPlatformXAudio2::SubmitBuffer() called for the first time
[2025.12.10-19.58.35:199][242]LogInit: FAudioDevice initialized.
[2025.12.10-19.58.35:200][242]LogAudio: Display: Audio Device (ID: 6) registered with world 'StartMenu'.
[2025.12.10-19.58.35:248][242]LogSlate: Updating window title bar state: overlay mode, drag disabled, window buttons hidden, title bar hidden
[2025.12.10-19.58.35:248][242]LogLoad: Game class is 'BP_GameMode_C'
[2025.12.10-19.58.35:249][242]LogWorld: Bringing World /Game/Workplace/Maps/UEDPIE_0_StartMenu.StartMenu up for play (max tick rate 0) at 2025.12.10-22.58.35
[2025.12.10-19.58.35:249][242]LogWorld: Bringing up level for play took: 0.000283
[2025.12.10-19.58.35:249][242]LogOnline: OSS: Creating online subsystem instance for: :Context_15
[2025.12.10-19.58.35:251][242]LogSpawn: Warning: SpawnActor failed because no class was specified
[2025.12.10-19.58.35:252][242]LogPlayerController: Error: InputMode:UIOnly - Attempting to focus Non-Focusable widget SObjectWidget [Widget.cpp(799)]!
[2025.12.10-19.58.35:252][242]LogViewport: Display: Viewport MouseLockMode Changed, LockOnCapture -> DoNotLock
[2025.12.10-19.58.35:252][242]LogViewport: Display: Viewport MouseCaptureMode Changed, CapturePermanently_IncludingInitialMouseDown -> NoCapture
[2025.12.10-19.58.35:254][242]PIE: Server logged in
[2025.12.10-19.58.35:255][242]PIE: Play in editor total start time 0,104 seconds.
[2025.12.10-19.58.36:149][312]LogViewport: Display: Viewport MouseLockMode Changed, DoNotLock -> LockOnCapture
[2025.12.10-19.58.36:149][312]LogViewport: Display: Viewport MouseCaptureMode Changed, NoCapture -> CapturePermanently
[2025.12.10-19.58.36:150][312]LogNet: Browse: /Game/Workplace/Maps/FirstLevel
[2025.12.10-19.58.36:150][312]LogLoad: LoadMap: /Game/Workplace/Maps/FirstLevel
[2025.12.10-19.58.36:150][312]LogWorld: BeginTearingDown for /Game/Workplace/Maps/UEDPIE_0_StartMenu
[2025.12.10-19.58.36:151][312]LogWorld: UWorld::CleanupWorld for StartMenu, bSessionEnded=true, bCleanupResources=true
[2025.12.10-19.58.36:151][312]LogSlate: InvalidateAllWidgets triggered.  All widgets were invalidated
[2025.12.10-19.58.36:207][312]LogAudio: Display: Audio Device unregistered from world 'None'.
[2025.12.10-19.58.36:210][312]LogUObjectHash: Compacting FUObjectHashTables data took   2.51ms
[2025.12.10-19.58.36:214][312]LogAudio: Display: Audio Device (ID: 6) registered with world 'FirstLevel'.
[2025.12.10-19.58.36:215][312]LogAIModule: Creating AISystem for world FirstLevel
[2025.12.10-19.58.36:216][312]LogLoad: Game class is 'BP_GameMode_C'
[2025.12.10-19.58.36:219][312]LogWorld: Bringing World /Game/Workplace/Maps/UEDPIE_0_FirstLevel.FirstLevel up for play (max tick rate 0) at 2025.12.10-22.58.36
[2025.12.10-19.58.36:220][312]LogWorld: Bringing up level for play took: 0.003205
[2025.12.10-19.58.36:220][312]LogSpawn: Warning: SpawnActor failed because no class was specified
[2025.12.10-19.58.36:221][312]LogLoad: Took 0.070833 seconds to LoadMap(/Game/Workplace/Maps/FirstLevel)
[2025.12.10-19.58.38:576][543]LogBlueprintUserMessages: [BP_TestClickActor2_2] BP_TestClickActor2 was clicked
[2025.12.10-19.58.38:585][544]LogBlueprintUserMessages: [BP_TestClickActor2_2] BP_TestClickActor2 was clicked
[2025.12.10-19.58.38:596][545]LogBlueprintUserMessages: [BP_TestClickActor2_2] BP_TestClickActor2 was clicked
[2025.12.10-19.58.38:606][546]LogBlueprintUserMessages: [BP_TestClickActor2_2] BP_TestClickActor2 was clicked
[2025.12.10-19.58.38:615][547]LogBlueprintUserMessages: [BP_TestClickActor2_2] BP_TestClickActor2 was clicked
[2025.12.10-19.58.38:626][548]LogBlueprintUserMessages: [BP_TestClickActor2_2] BP_TestClickActor2 was clicked
[2025.12.10-19.58.38:635][549]LogBlueprintUserMessages: [BP_TestClickActor2_2] BP_TestClickActor2 was clicked
[2025.12.10-19.58.38:646][550]LogBlueprintUserMessages: [BP_TestClickActor2_2] BP_TestClickActor2 was clicked
[2025.12.10-19.58.38:657][551]LogBlueprintUserMessages: [BP_TestClickActor2_2] BP_TestClickActor2 was clicked
[2025.12.10-19.58.38:666][552]LogBlueprintUserMessages: [BP_TestClickActor2_2] BP_TestClickActor2 was clicked
[2025.12.10-19.58.38:677][553]LogBlueprintUserMessages: [BP_TestClickActor2_2] BP_TestClickActor2 was clicked
[2025.12.10-19.58.38:688][554]LogBlueprintUserMessages: [BP_TestClickActor2_2] BP_TestClickActor2 was clicked
[2025.12.10-19.58.38:698][555]LogBlueprintUserMessages: [BP_TestClickActor2_2] BP_TestClickActor2 was clicked
[2025.12.10-19.58.38:709][556]LogBlueprintUserMessages: [BP_TestClickActor2_2] BP_TestClickActor2 was clicked
[2025.12.10-19.58.38:719][557]LogBlueprintUserMessages: [BP_TestClickActor2_2] BP_TestClickActor2 was clicked
[2025.12.10-19.58.38:730][558]LogBlueprintUserMessages: [BP_TestClickActor2_2] BP_TestClickActor2 was clicked
[2025.12.10-19.58.38:742][559]LogBlueprintUserMessages: [BP_TestClickActor2_2] BP_TestClickActor2 was clicked
[2025.12.10-19.58.38:751][560]LogBlueprintUserMessages: [BP_TestClickActor2_2] BP_TestClickActor2 was clicked
[2025.12.10-19.58.38:762][561]LogBlueprintUserMessages: [BP_TestClickActor2_2] BP_TestClickActor2 was clicked
[2025.12.10-19.58.41:317][799]LogBlueprintUserMessages: [BP_TestClickActor2_2] BP_TestClickActor2 was clicked
[2025.12.10-19.58.41:326][800]LogBlueprintUserMessages: [BP_TestClickActor2_2] BP_TestClickActor2 was clicked
[2025.12.10-19.58.41:337][801]LogBlueprintUserMessages: [BP_TestClickActor2_2] BP_TestClickActor2 was clicked
[2025.12.10-19.58.41:349][802]LogBlueprintUserMessages: [BP_TestClickActor2_2] BP_TestClickActor2 was clicked
[2025.12.10-19.58.41:361][803]LogBlueprintUserMessages: [BP_TestClickActor2_2] BP_TestClickActor2 was clicked
[2025.12.10-19.58.41:373][804]LogBlueprintUserMessages: [BP_TestClickActor2_2] BP_TestClickActor2 was clicked
[2025.12.10-19.58.41:384][805]LogBlueprintUserMessages: [BP_TestClickActor2_2] BP_TestClickActor2 was clicked
[2025.12.10-19.58.41:393][806]LogBlueprintUserMessages: [BP_TestClickActor2_2] BP_TestClickActor2 was clicked
[2025.12.10-19.58.41:405][807]LogBlueprintUserMessages: [BP_TestClickActor2_2] BP_TestClickActor2 was clicked
[2025.12.10-19.58.41:416][808]LogBlueprintUserMessages: [BP_TestClickActor2_2] BP_TestClickActor2 was clicked
[2025.12.10-19.58.41:425][809]LogBlueprintUserMessages: [BP_TestClickActor2_2] BP_TestClickActor2 was clicked
[2025.12.10-19.58.41:436][810]LogBlueprintUserMessages: [BP_TestClickActor2_2] BP_TestClickActor2 was clicked
[2025.12.10-19.58.41:447][811]LogBlueprintUserMessages: [BP_TestClickActor2_2] BP_TestClickActor2 was clicked
[2025.12.10-19.58.41:457][812]LogBlueprintUserMessages: [BP_TestClickActor2_2] BP_TestClickActor2 was clicked
[2025.12.10-19.58.41:468][813]LogBlueprintUserMessages: [BP_TestClickActor2_2] BP_TestClickActor2 was clicked
[2025.12.10-19.58.41:478][814]LogBlueprintUserMessages: [BP_TestClickActor2_2] BP_TestClickActor2 was clicked
[2025.12.10-19.58.41:489][815]LogBlueprintUserMessages: [BP_TestClickActor2_2] BP_TestClickActor2 was clicked
[2025.12.10-19.58.41:500][816]LogBlueprintUserMessages: [BP_TestClickActor2_2] BP_TestClickActor2 was clicked
[2025.12.10-19.58.41:509][817]LogBlueprintUserMessages: [BP_TestClickActor2_2] BP_TestClickActor2 was clicked
[2025.12.10-19.58.41:521][818]LogBlueprintUserMessages: [BP_TestClickActor2_2] BP_TestClickActor2 was clicked
[2025.12.10-19.58.41:532][819]LogBlueprintUserMessages: [BP_TestClickActor2_2] BP_TestClickActor2 was clicked
[2025.12.10-19.58.41:541][820]LogBlueprintUserMessages: [BP_TestClickActor2_2] BP_TestClickActor2 was clicked
[2025.12.10-19.58.41:552][821]LogBlueprintUserMessages: [BP_TestClickActor2_2] BP_TestClickActor2 was clicked
[2025.12.10-19.58.41:563][822]LogBlueprintUserMessages: [BP_TestClickActor2_2] BP_TestClickActor2 was clicked
[2025.12.10-19.58.41:573][823]LogBlueprintUserMessages: [BP_TestClickActor2_2] BP_TestClickActor2 was clicked
[2025.12.10-19.58.41:584][824]LogBlueprintUserMessages: [BP_TestClickActor2_2] BP_TestClickActor2 was clicked
[2025.12.10-19.58.41:594][825]LogBlueprintUserMessages: [BP_TestClickActor2_2] BP_TestClickActor2 was clicked
[2025.12.10-19.58.41:605][826]LogBlueprintUserMessages: [BP_TestClickActor2_2] BP_TestClickActor2 was clicked
[2025.12.10-19.58.41:618][827]LogBlueprintUserMessages: [BP_TestClickActor2_2] BP_TestClickActor2 was clicked
[2025.12.10-19.58.41:627][828]LogBlueprintUserMessages: [BP_TestClickActor2_2] BP_TestClickActor2 was clicked
[2025.12.10-19.58.41:639][829]LogBlueprintUserMessages: [BP_TestClickActor2_2] BP_TestClickActor2 was clicked
[2025.12.10-19.58.44:064][ 57]LogBlueprintUserMessages: [BP_TestClickActor2_2] BP_TestClickActor2 was clicked
[2025.12.10-19.58.44:074][ 58]LogBlueprintUserMessages: [BP_TestClickActor2_2] BP_TestClickActor2 was clicked
[2025.12.10-19.58.44:083][ 59]LogBlueprintUserMessages: [BP_TestClickActor2_2] BP_TestClickActor2 was clicked
[2025.12.10-19.58.44:093][ 60]LogBlueprintUserMessages: [BP_TestClickActor2_2] BP_TestClickActor2 was clicked
[2025.12.10-19.58.44:102][ 61]LogBlueprintUserMessages: [BP_TestClickActor2_2] BP_TestClickActor2 was clicked
[2025.12.10-19.58.44:113][ 62]LogBlueprintUserMessages: [BP_TestClickActor2_2] BP_TestClickActor2 was clicked
[2025.12.10-19.58.44:124][ 63]LogBlueprintUserMessages: [BP_TestClickActor2_2] BP_TestClickActor2 was clicked
[2025.12.10-19.58.44:133][ 64]LogBlueprintUserMessages: [BP_TestClickActor2_2] BP_TestClickActor2 was clicked
[2025.12.10-19.58.44:144][ 65]LogBlueprintUserMessages: [BP_TestClickActor2_2] BP_TestClickActor2 was clicked
[2025.12.10-19.58.44:152][ 66]LogBlueprintUserMessages: [BP_TestClickActor2_2] BP_TestClickActor2 was clicked
[2025.12.10-19.58.44:163][ 67]LogBlueprintUserMessages: [BP_TestClickActor2_2] BP_TestClickActor2 was clicked
[2025.12.10-19.58.44:174][ 68]LogBlueprintUserMessages: [BP_TestClickActor2_2] BP_TestClickActor2 was clicked
[2025.12.10-19.58.44:183][ 69]LogBlueprintUserMessages: [BP_TestClickActor2_2] BP_TestClickActor2 was clicked
[2025.12.10-19.58.44:194][ 70]LogBlueprintUserMessages: [BP_TestClickActor2_2] BP_TestClickActor2 was clicked
[2025.12.10-19.58.44:203][ 71]LogBlueprintUserMessages: [BP_TestClickActor2_2] BP_TestClickActor2 was clicked
[2025.12.10-19.58.44:213][ 72]LogBlueprintUserMessages: [BP_TestClickActor2_2] BP_TestClickActor2 was clicked
[2025.12.10-19.58.44:224][ 73]LogBlueprintUserMessages: [BP_TestClickActor2_2] BP_TestClickActor2 was clicked
[2025.12.10-19.58.44:233][ 74]LogBlueprintUserMessages: [BP_TestClickActor2_2] BP_TestClickActor2 was clicked
[2025.12.10-19.58.44:244][ 75]LogBlueprintUserMessages: [BP_TestClickActor2_2] BP_TestClickActor2 was clicked
[2025.12.10-19.58.44:255][ 76]LogBlueprintUserMessages: [BP_TestClickActor2_2] BP_TestClickActor2 was clicked
[2025.12.10-19.58.44:265][ 77]LogBlueprintUserMessages: [BP_TestClickActor2_2] BP_TestClickActor2 was clicked
[2025.12.10-19.58.44:275][ 78]LogBlueprintUserMessages: [BP_TestClickActor2_2] BP_TestClickActor2 was clicked
[2025.12.10-19.58.44:285][ 79]LogBlueprintUserMessages: [BP_TestClickActor2_2] BP_TestClickActor2 was clicked
[2025.12.10-19.58.44:298][ 80]LogBlueprintUserMessages: [BP_TestClickActor2_2] BP_TestClickActor2 was clicked
[2025.12.10-19.58.44:309][ 81]LogBlueprintUserMessages: [BP_TestClickActor2_2] BP_TestClickActor2 was clicked
[2025.12.10-19.58.44:318][ 82]LogBlueprintUserMessages: [BP_TestClickActor2_2] BP_TestClickActor2 was clicked
[2025.12.10-19.58.44:330][ 83]LogBlueprintUserMessages: [BP_TestClickActor2_2] BP_TestClickActor2 was clicked
[2025.12.10-19.58.44:341][ 84]LogBlueprintUserMessages: [BP_TestClickActor2_2] BP_TestClickActor2 was clicked
[2025.12.10-19.58.44:351][ 85]LogBlueprintUserMessages: [BP_TestClickActor2_2] BP_TestClickActor2 was clicked
[2025.12.10-19.58.44:362][ 86]LogBlueprintUserMessages: [BP_TestClickActor2_2] BP_TestClickActor2 was clicked
[2025.12.10-19.58.44:373][ 87]LogBlueprintUserMessages: [BP_TestClickActor2_2] BP_TestClickActor2 was clicked
[2025.12.10-19.58.44:383][ 88]LogBlueprintUserMessages: [BP_TestClickActor2_2] BP_TestClickActor2 was clicked
[2025.12.10-19.58.44:395][ 89]LogBlueprintUserMessages: [BP_TestClickActor2_2] BP_TestClickActor2 was clicked
[2025.12.10-19.58.44:405][ 90]LogBlueprintUserMessages: [BP_TestClickActor2_2] BP_TestClickActor2 was clicked
[2025.12.10-19.58.44:415][ 91]LogBlueprintUserMessages: [BP_TestClickActor2_2] BP_TestClickActor2 was clicked
[2025.12.10-19.58.44:426][ 92]LogBlueprintUserMessages: [BP_TestClickActor2_2] BP_TestClickActor2 was clicked
[2025.12.10-19.58.46:764][308]LogSlate: Updating window title bar state: overlay mode, drag disabled, window buttons hidden, title bar hidden
[2025.12.10-19.58.46:764][308]LogWorld: BeginTearingDown for /Game/Workplace/Maps/UEDPIE_0_FirstLevel
[2025.12.10-19.58.46:765][308]LogSlate: Window 'Mini_laboratory Preview [NetMode: Standalone]  (64-bit/Windows) ' being destroyed
[2025.12.10-19.58.46:768][308]LogWorld: UWorld::CleanupWorld for FirstLevel, bSessionEnded=true, bCleanupResources=true
[2025.12.10-19.58.46:769][308]LogSlate: InvalidateAllWidgets triggered.  All widgets were invalidated
[2025.12.10-19.58.46:779][308]LogPlayLevel: Display: Shutting down PIE online subsystems
[2025.12.10-19.58.46:786][308]LogSlate: InvalidateAllWidgets triggered.  All widgets were invalidated
[2025.12.10-19.58.46:812][308]LogAudioMixer: FMixerPlatformXAudio2::StopAudioStream() called
[2025.12.10-19.58.46:812][308]LogAudioMixer: FMixerPlatformXAudio2::StopAudioStream() called
[2025.12.10-19.58.46:820][308]LogUObjectHash: Compacting FUObjectHashTables data took   2.13ms
[2025.12.10-19.58.46:835][309]LogPlayLevel: Display: Destroying online subsystem :Context_15
[2025.12.10-19.59.00:036][228]LogAssetEditorSubsystem: Opening Asset editor for Blueprint /Game/Workplace/Blueprints/BP_TestClickActor1.BP_TestClickActor1
[2025.12.10-19.59.02:113][400]LogAssetEditorSubsystem: Opening Asset editor for Blueprint /Game/Workplace/Blueprints/BP_TestClickActor2.BP_TestClickActor2
[2025.12.10-19.59.54:764][966]BlueprintLog: New page: Compile BP_Button
[2025.12.10-19.59.54:818][966]LogUObjectHash: Compacting FUObjectHashTables data took   2.46ms
[2025.12.10-19.59.55:235][  2]LogSavePackage: Moving '../../../../../../WORKPLACE/Mini_laboratory/MEPhI_VR_term_1/Mini_laboratory/Saved/BP_Button6E31035243D6D506883C9EAE4D580475.tmp' to '../../../../../../WORKPLACE/Mini_laboratory/MEPhI_VR_term_1/Mini_laboratory/Content/Workplace/Blueprints/BP_Button.uasset'
[2025.12.10-19.59.55:294][  2]AssetCheck: New page: Asset Save: BP_Button
[2025.12.10-19.59.55:294][  2]LogContentValidation: Display: Validating Blueprint /Game/Workplace/Blueprints/BP_Button.BP_Button
[2025.12.10-19.59.55:648][ 37]BlueprintLog: New page: Compile BP_Button
[2025.12.10-19.59.55:699][ 37]LogUObjectHash: Compacting FUObjectHashTables data took   3.25ms
[2025.12.10-19.59.56:088][ 73]LogSavePackage: Moving '../../../../../../WORKPLACE/Mini_laboratory/MEPhI_VR_term_1/Mini_laboratory/Saved/BP_ButtonC4326AC54DD5AD942F0704BD91DEA75E.tmp' to '../../../../../../WORKPLACE/Mini_laboratory/MEPhI_VR_term_1/Mini_laboratory/Content/Workplace/Blueprints/BP_Button.uasset'
[2025.12.10-19.59.56:158][ 73]AssetCheck: New page: Asset Save: BP_Button
[2025.12.10-19.59.56:158][ 73]LogContentValidation: Display: Validating Blueprint /Game/Workplace/Blueprints/BP_Button.BP_Button
[2025.12.10-19.59.56:478][108]BlueprintLog: New page: Compile BP_Button
[2025.12.10-19.59.56:530][108]LogUObjectHash: Compacting FUObjectHashTables data took   3.24ms
[2025.12.10-20.00.08:098][897]LogWindowsTextInputMethodSystem: Display: IME system deactivated.
[2025.12.10-20.00.08:098][897]LogWindowsTextInputMethodSystem: Display: IME system deactivated.
[2025.12.10-20.01.37:750][117]BlueprintLog: New page: Compile BP_Button
[2025.12.10-20.01.37:809][117]LogUObjectHash: Compacting FUObjectHashTables data took   3.55ms
[2025.12.10-20.01.38:800][217]LogSavePackage: Moving '../../../../../../WORKPLACE/Mini_laboratory/MEPhI_VR_term_1/Mini_laboratory/Saved/BP_Button5CFCD1164096B611CB014CB31B63C7E1.tmp' to '../../../../../../WORKPLACE/Mini_laboratory/MEPhI_VR_term_1/Mini_laboratory/Content/Workplace/Blueprints/BP_Button.uasset'
[2025.12.10-20.01.38:823][217]AssetCheck: New page: Asset Save: BP_Button
[2025.12.10-20.01.38:824][217]LogContentValidation: Display: Validating Blueprint /Game/Workplace/Blueprints/BP_Button.BP_Button
[2025.12.10-20.01.47:161][818]LogWorld: UWorld::CleanupWorld for World_10, bSessionEnded=true, bCleanupResources=true
[2025.12.10-20.01.47:161][818]LogSlate: InvalidateAllWidgets triggered.  All widgets were invalidated
[2025.12.10-20.03.09:261][378]BlueprintLog: New page: Compile BP_Button
[2025.12.10-20.03.09:316][378]LogUObjectHash: Compacting FUObjectHashTables data took   3.60ms
[2025.12.10-20.03.09:761][402]LogSavePackage: Moving '../../../../../../WORKPLACE/Mini_laboratory/MEPhI_VR_term_1/Mini_laboratory/Saved/BP_Button533F97C0405A30ABD33C0D95C9DF34F3.tmp' to '../../../../../../WORKPLACE/Mini_laboratory/MEPhI_VR_term_1/Mini_laboratory/Content/Workplace/Blueprints/BP_Button.uasset'
[2025.12.10-20.03.09:813][402]AssetCheck: New page: Asset Save: BP_Button
[2025.12.10-20.03.09:813][402]LogContentValidation: Display: Validating Blueprint /Game/Workplace/Blueprints/BP_Button.BP_Button
[2025.12.10-20.03.10:156][436]BlueprintLog: New page: Compile BP_Button
[2025.12.10-20.03.10:205][436]LogUObjectHash: Compacting FUObjectHashTables data took   3.73ms
[2025.12.10-20.03.10:578][455]LogSavePackage: Moving '../../../../../../WORKPLACE/Mini_laboratory/MEPhI_VR_term_1/Mini_laboratory/Saved/BP_ButtonAC948A5B4F10ED6D4DF1A8AC5B1E374E.tmp' to '../../../../../../WORKPLACE/Mini_laboratory/MEPhI_VR_term_1/Mini_laboratory/Content/Workplace/Blueprints/BP_Button.uasset'
[2025.12.10-20.03.10:632][455]AssetCheck: New page: Asset Save: BP_Button
[2025.12.10-20.03.10:632][455]LogContentValidation: Display: Validating Blueprint /Game/Workplace/Blueprints/BP_Button.BP_Button
[2025.12.10-20.03.16:995][908]BlueprintLog: New page: Compile BP_Button
[2025.12.10-20.03.17:049][908]LogUObjectHash: Compacting FUObjectHashTables data took   5.71ms
[2025.12.10-20.03.17:358][925]LogSavePackage: Moving '../../../../../../WORKPLACE/Mini_laboratory/MEPhI_VR_term_1/Mini_laboratory/Saved/BP_ButtonA5BBEF264613FB32B448BA84583C878B.tmp' to '../../../../../../WORKPLACE/Mini_laboratory/MEPhI_VR_term_1/Mini_laboratory/Content/Workplace/Blueprints/BP_Button.uasset'
[2025.12.10-20.03.17:407][925]AssetCheck: New page: Asset Save: BP_Button
[2025.12.10-20.03.17:407][925]LogContentValidation: Display: Validating Blueprint /Game/Workplace/Blueprints/BP_Button.BP_Button
[2025.12.10-20.03.20:702][258]LogTemp: Repeating last play command: New Editor Window (PIE)
[2025.12.10-20.03.20:706][258]LogPlayLevel: PlayLevel: No blueprints needed recompiling
[2025.12.10-20.03.20:706][258]PIE: New page: PIE session: StartMenu (11 дек. 2025 г., 02:03:20)
[2025.12.10-20.03.20:706][258]LogPlayLevel: Creating play world package: /Game/Workplace/Maps/UEDPIE_0_StartMenu
[2025.12.10-20.03.20:707][258]LogPlayLevel: PIE: StaticDuplicateObject took: (0.000914s)
[2025.12.10-20.03.20:708][258]LogAIModule: Creating AISystem for world StartMenu
[2025.12.10-20.03.20:708][258]LogPlayLevel: PIE: World Init took: (0.000802s)
[2025.12.10-20.03.20:708][258]LogPlayLevel: PIE: Created PIE world by copying editor world from /Game/Workplace/Maps/StartMenu.StartMenu to /Game/Workplace/Maps/UEDPIE_0_StartMenu.StartMenu (0.001798s)
[2025.12.10-20.03.20:741][258]LogUObjectHash: Compacting FUObjectHashTables data took   3.15ms
[2025.12.10-20.03.20:741][258]LogAudio: Display: Creating Audio Device:                 Id: 7, Scope: Unique, Realtime: True
[2025.12.10-20.03.20:741][258]LogAudioMixer: Display: Audio Mixer Platform Settings:
[2025.12.10-20.03.20:741][258]LogAudioMixer: Display: 	Sample Rate:						  48000
[2025.12.10-20.03.20:741][258]LogAudioMixer: Display: 	Callback Buffer Frame Size Requested: 1024
[2025.12.10-20.03.20:741][258]LogAudioMixer: Display: 	Callback Buffer Frame Size To Use:	  1024
[2025.12.10-20.03.20:741][258]LogAudioMixer: Display: 	Number of buffers to queue:			  2
[2025.12.10-20.03.20:741][258]LogAudioMixer: Display: 	Max Channels (voices):				  32
[2025.12.10-20.03.20:741][258]LogAudioMixer: Display: 	Number of Async Source Workers:		  0
[2025.12.10-20.03.20:741][258]LogAudio: Display: AudioDevice MaxSources: 32
[2025.12.10-20.03.20:742][258]LogAudio: Display: Audio Spatialization Plugin: None (built-in).
[2025.12.10-20.03.20:742][258]LogAudio: Display: Audio Reverb Plugin: None (built-in).
[2025.12.10-20.03.20:742][258]LogAudio: Display: Audio Occlusion Plugin: None (built-in).
[2025.12.10-20.03.20:742][258]LogAudioMixer: Display: Initializing audio mixer.
[2025.12.10-20.03.20:744][258]LogAudioMixer: Display: 0: FrontLeft
[2025.12.10-20.03.20:744][258]LogAudioMixer: Display: 1: FrontRight
[2025.12.10-20.03.20:757][258]LogAudioMixer: Display: Using Audio Device Наушники (Realtek(R) Audio)
[2025.12.10-20.03.20:757][258]LogAudioMixer: Display: Initializing Sound Submixes...
[2025.12.10-20.03.20:757][258]LogAudioMixer: Display: Creating Master Submix 'MasterSubmixDefault'
[2025.12.10-20.03.20:757][258]LogAudioMixer: Display: Creating Master Submix 'MasterReverbSubmixDefault'
[2025.12.10-20.03.20:757][258]LogAudioMixer: Display: Creating Master Submix 'MasterEQSubmixDefault'
[2025.12.10-20.03.20:757][258]LogAudioMixer: FMixerPlatformXAudio2::StartAudioStream() called
[2025.12.10-20.03.20:757][258]LogAudioMixer: Display: Output buffers initialized: Frames=1024, Channels=2, Samples=2048
[2025.12.10-20.03.20:758][258]LogAudioMixer: Display: Starting AudioMixerPlatformInterface::RunInternal()
[2025.12.10-20.03.20:758][258]LogAudioMixer: Display: FMixerPlatformXAudio2::SubmitBuffer() called for the first time
[2025.12.10-20.03.20:758][258]LogInit: FAudioDevice initialized.
[2025.12.10-20.03.20:758][258]LogAudio: Display: Audio Device (ID: 7) registered with world 'StartMenu'.
[2025.12.10-20.03.20:788][258]LogSlate: Updating window title bar state: overlay mode, drag disabled, window buttons hidden, title bar hidden
[2025.12.10-20.03.20:788][258]LogLoad: Game class is 'BP_GameMode_C'
[2025.12.10-20.03.20:788][258]LogWorld: Bringing World /Game/Workplace/Maps/UEDPIE_0_StartMenu.StartMenu up for play (max tick rate 0) at 2025.12.10-23.03.20
[2025.12.10-20.03.20:789][258]LogWorld: Bringing up level for play took: 0.000317
[2025.12.10-20.03.20:789][258]LogOnline: OSS: Creating online subsystem instance for: :Context_18
[2025.12.10-20.03.20:791][258]LogSpawn: Warning: SpawnActor failed because no class was specified
[2025.12.10-20.03.20:792][258]LogPlayerController: Error: InputMode:UIOnly - Attempting to focus Non-Focusable widget SObjectWidget [Widget.cpp(799)]!
[2025.12.10-20.03.20:792][258]LogViewport: Display: Viewport MouseLockMode Changed, LockOnCapture -> DoNotLock
[2025.12.10-20.03.20:792][258]LogViewport: Display: Viewport MouseCaptureMode Changed, CapturePermanently_IncludingInitialMouseDown -> NoCapture
[2025.12.10-20.03.20:794][258]PIE: Server logged in
[2025.12.10-20.03.20:795][258]PIE: Play in editor total start time 0,089 seconds.
[2025.12.10-20.03.21:723][335]LogViewport: Display: Viewport MouseLockMode Changed, DoNotLock -> LockOnCapture
[2025.12.10-20.03.21:723][335]LogViewport: Display: Viewport MouseCaptureMode Changed, NoCapture -> CapturePermanently
[2025.12.10-20.03.21:724][335]LogNet: Browse: /Game/Workplace/Maps/FirstLevel
[2025.12.10-20.03.21:724][335]LogLoad: LoadMap: /Game/Workplace/Maps/FirstLevel
[2025.12.10-20.03.21:724][335]LogWorld: BeginTearingDown for /Game/Workplace/Maps/UEDPIE_0_StartMenu
[2025.12.10-20.03.21:725][335]LogWorld: UWorld::CleanupWorld for StartMenu, bSessionEnded=true, bCleanupResources=true
[2025.12.10-20.03.21:725][335]LogSlate: InvalidateAllWidgets triggered.  All widgets were invalidated
[2025.12.10-20.03.21:789][335]LogAudio: Display: Audio Device unregistered from world 'None'.
[2025.12.10-20.03.21:793][335]LogUObjectHash: Compacting FUObjectHashTables data took   2.63ms
[2025.12.10-20.03.21:797][335]LogAudio: Display: Audio Device (ID: 7) registered with world 'FirstLevel'.
[2025.12.10-20.03.21:798][335]LogAIModule: Creating AISystem for world FirstLevel
[2025.12.10-20.03.21:798][335]LogLoad: Game class is 'BP_GameMode_C'
[2025.12.10-20.03.21:802][335]LogWorld: Bringing World /Game/Workplace/Maps/UEDPIE_0_FirstLevel.FirstLevel up for play (max tick rate 0) at 2025.12.10-23.03.21
[2025.12.10-20.03.21:802][335]LogWorld: Bringing up level for play took: 0.003275
[2025.12.10-20.03.21:803][335]LogSpawn: Warning: SpawnActor failed because no class was specified
[2025.12.10-20.03.21:804][335]LogLoad: Took 0.079609 seconds to LoadMap(/Game/Workplace/Maps/FirstLevel)
[2025.12.10-20.03.23:329][477]LogBlueprintUserMessages: [BP_TestClickActor2_2] BP_TestClickActor2 was clicked
[2025.12.10-20.03.23:338][478]LogBlueprintUserMessages: [BP_TestClickActor2_2] BP_TestClickActor2 was clicked
[2025.12.10-20.03.23:349][479]LogBlueprintUserMessages: [BP_TestClickActor2_2] BP_TestClickActor2 was clicked
[2025.12.10-20.03.23:358][480]LogBlueprintUserMessages: [BP_TestClickActor2_2] BP_TestClickActor2 was clicked
[2025.12.10-20.03.23:497][493]LogBlueprintUserMessages: [BP_TestClickActor2_2] BP_TestClickActor2 was clicked
[2025.12.10-20.03.23:506][494]LogBlueprintUserMessages: [BP_TestClickActor2_2] BP_TestClickActor2 was clicked
[2025.12.10-20.03.23:518][495]LogBlueprintUserMessages: [BP_TestClickActor2_2] BP_TestClickActor2 was clicked
[2025.12.10-20.03.23:529][496]LogBlueprintUserMessages: [BP_TestClickActor2_2] BP_TestClickActor2 was clicked
[2025.12.10-20.03.23:539][497]LogBlueprintUserMessages: [BP_TestClickActor2_2] BP_TestClickActor2 was clicked
[2025.12.10-20.03.23:550][498]LogBlueprintUserMessages: [BP_TestClickActor2_2] BP_TestClickActor2 was clicked
[2025.12.10-20.03.23:561][499]LogBlueprintUserMessages: [BP_TestClickActor2_2] BP_TestClickActor2 was clicked
[2025.12.10-20.03.26:657][794]LogBlueprintUserMessages: [BP_Button_2] Hello
[2025.12.10-20.03.26:665][795]LogBlueprintUserMessages: [BP_Button_2] Hello
[2025.12.10-20.03.26:677][796]LogBlueprintUserMessages: [BP_Button_2] Hello
[2025.12.10-20.03.26:688][797]LogBlueprintUserMessages: [BP_Button_2] Hello
[2025.12.10-20.03.26:697][798]LogBlueprintUserMessages: [BP_Button_2] Hello
[2025.12.10-20.03.26:707][799]LogBlueprintUserMessages: [BP_Button_2] Hello
[2025.12.10-20.03.26:811][809]LogBlueprintUserMessages: [BP_Button_2] Hello
[2025.12.10-20.03.26:821][810]LogBlueprintUserMessages: [BP_Button_2] Hello
[2025.12.10-20.03.26:831][811]LogBlueprintUserMessages: [BP_Button_2] Hello
[2025.12.10-20.03.26:842][812]LogBlueprintUserMessages: [BP_Button_2] Hello
[2025.12.10-20.03.26:853][813]LogBlueprintUserMessages: [BP_Button_2] Hello
[2025.12.10-20.03.26:862][814]LogBlueprintUserMessages: [BP_Button_2] Hello
[2025.12.10-20.03.27:999][919]LogBlueprintUserMessages: [BP_Button_2] Hello
[2025.12.10-20.03.28:008][920]LogBlueprintUserMessages: [BP_Button_2] Hello
[2025.12.10-20.03.28:019][921]LogBlueprintUserMessages: [BP_Button_2] Hello
[2025.12.10-20.03.28:028][922]LogBlueprintUserMessages: [BP_Button_2] Hello
[2025.12.10-20.03.28:039][923]LogBlueprintUserMessages: [BP_Button_2] Hello
[2025.12.10-20.03.28:144][933]LogBlueprintUserMessages: [BP_Button_2] Hello
[2025.12.10-20.03.28:154][934]LogBlueprintUserMessages: [BP_Button_2] Hello
[2025.12.10-20.03.28:165][935]LogBlueprintUserMessages: [BP_Button_2] Hello
[2025.12.10-20.03.28:174][936]LogBlueprintUserMessages: [BP_Button_2] Hello
[2025.12.10-20.03.28:185][937]LogBlueprintUserMessages: [BP_Button_2] Hello
[2025.12.10-20.03.28:277][946]LogBlueprintUserMessages: [BP_Button_2] Hello
[2025.12.10-20.03.28:287][947]LogBlueprintUserMessages: [BP_Button_2] Hello
[2025.12.10-20.03.28:296][948]LogBlueprintUserMessages: [BP_Button_2] Hello
[2025.12.10-20.03.28:307][949]LogBlueprintUserMessages: [BP_Button_2] Hello
[2025.12.10-20.03.29:300][ 46]LogBlueprintUserMessages: [BP_Button_2] Hello
[2025.12.10-20.03.29:310][ 47]LogBlueprintUserMessages: [BP_Button_2] Hello
[2025.12.10-20.03.29:321][ 48]LogBlueprintUserMessages: [BP_Button_2] Hello
[2025.12.10-20.03.29:332][ 49]LogBlueprintUserMessages: [BP_Button_2] Hello
[2025.12.10-20.03.29:341][ 50]LogBlueprintUserMessages: [BP_Button_2] Hello
[2025.12.10-20.03.29:352][ 51]LogBlueprintUserMessages: [BP_Button_2] Hello
[2025.12.10-20.03.29:362][ 52]LogBlueprintUserMessages: [BP_Button_2] Hello
[2025.12.10-20.03.29:371][ 53]LogBlueprintUserMessages: [BP_Button_2] Hello
[2025.12.10-20.03.29:382][ 54]LogBlueprintUserMessages: [BP_Button_2] Hello
[2025.12.10-20.03.29:393][ 55]LogBlueprintUserMessages: [BP_Button_2] Hello
[2025.12.10-20.03.29:403][ 56]LogBlueprintUserMessages: [BP_Button_2] Hello
[2025.12.10-20.03.29:475][ 63]LogBlueprintUserMessages: [BP_Button_2] Hello
[2025.12.10-20.03.29:485][ 64]LogBlueprintUserMessages: [BP_Button_2] Hello
[2025.12.10-20.03.29:497][ 65]LogBlueprintUserMessages: [BP_Button_2] Hello
[2025.12.10-20.03.29:505][ 66]LogBlueprintUserMessages: [BP_Button_2] Hello
[2025.12.10-20.03.29:516][ 67]LogBlueprintUserMessages: [BP_Button_2] Hello
[2025.12.10-20.03.29:527][ 68]LogBlueprintUserMessages: [BP_Button_2] Hello
[2025.12.10-20.03.29:536][ 69]LogBlueprintUserMessages: [BP_Button_2] Hello
[2025.12.10-20.03.29:547][ 70]LogBlueprintUserMessages: [BP_Button_2] Hello
[2025.12.10-20.03.31:757][276]LogBlueprintUserMessages: [BP_Button_2] Hello
[2025.12.10-20.03.31:765][277]LogBlueprintUserMessages: [BP_Button_2] Hello
[2025.12.10-20.03.31:775][278]LogBlueprintUserMessages: [BP_Button_2] Hello
[2025.12.10-20.03.31:785][279]LogBlueprintUserMessages: [BP_Button_2] Hello
[2025.12.10-20.03.31:796][280]LogBlueprintUserMessages: [BP_Button_2] Hello
[2025.12.10-20.03.31:807][281]LogBlueprintUserMessages: [BP_Button_2] Hello
[2025.12.10-20.03.31:816][282]LogBlueprintUserMessages: [BP_Button_2] Hello
[2025.12.10-20.03.31:826][283]LogBlueprintUserMessages: [BP_Button_2] Hello
[2025.12.10-20.03.31:835][284]LogBlueprintUserMessages: [BP_Button_2] Hello
[2025.12.10-20.03.31:846][285]LogBlueprintUserMessages: [BP_Button_2] Hello
[2025.12.10-20.03.31:857][286]LogBlueprintUserMessages: [BP_Button_2] Hello
[2025.12.10-20.03.31:865][287]LogBlueprintUserMessages: [BP_Button_2] Hello
[2025.12.10-20.03.31:876][288]LogBlueprintUserMessages: [BP_Button_2] Hello
[2025.12.10-20.03.31:885][289]LogBlueprintUserMessages: [BP_Button_2] Hello
[2025.12.10-20.03.31:897][290]LogBlueprintUserMessages: [BP_Button_2] Hello
[2025.12.10-20.03.31:908][291]LogBlueprintUserMessages: [BP_Button_2] Hello
[2025.12.10-20.03.31:917][292]LogBlueprintUserMessages: [BP_Button_2] Hello
[2025.12.10-20.03.31:928][293]LogBlueprintUserMessages: [BP_Button_2] Hello
[2025.12.10-20.03.31:939][294]LogBlueprintUserMessages: [BP_Button_2] Hello
[2025.12.10-20.03.31:948][295]LogBlueprintUserMessages: [BP_Button_2] Hello
[2025.12.10-20.03.31:959][296]LogBlueprintUserMessages: [BP_Button_2] Hello
[2025.12.10-20.03.31:968][297]LogBlueprintUserMessages: [BP_Button_2] Hello
[2025.12.10-20.03.31:979][298]LogBlueprintUserMessages: [BP_Button_2] Hello
[2025.12.10-20.03.31:990][299]LogBlueprintUserMessages: [BP_Button_2] Hello
[2025.12.10-20.03.31:999][300]LogBlueprintUserMessages: [BP_Button_2] Hello
[2025.12.10-20.03.32:010][301]LogBlueprintUserMessages: [BP_Button_2] Hello
[2025.12.10-20.03.32:021][302]LogBlueprintUserMessages: [BP_Button_2] Hello
[2025.12.10-20.03.32:030][303]LogBlueprintUserMessages: [BP_Button_2] Hello
[2025.12.10-20.03.32:041][304]LogBlueprintUserMessages: [BP_Button_2] Hello
[2025.12.10-20.03.34:467][537]LogBlueprintUserMessages: [BP_Button_2] Hello
[2025.12.10-20.03.34:477][538]LogBlueprintUserMessages: [BP_Button_2] Hello
[2025.12.10-20.03.34:488][539]LogBlueprintUserMessages: [BP_Button_2] Hello
[2025.12.10-20.03.34:499][540]LogBlueprintUserMessages: [BP_Button_2] Hello
[2025.12.10-20.03.34:508][541]LogBlueprintUserMessages: [BP_Button_2] Hello
[2025.12.10-20.03.35:754][658]LogSlate: Updating window title bar state: overlay mode, drag disabled, window buttons hidden, title bar hidden
[2025.12.10-20.03.35:754][658]LogWorld: BeginTearingDown for /Game/Workplace/Maps/UEDPIE_0_FirstLevel
[2025.12.10-20.03.35:754][658]LogSlate: Window 'Mini_laboratory Preview [NetMode: Standalone]  (64-bit/Windows) ' being destroyed
[2025.12.10-20.03.35:764][658]LogWorld: UWorld::CleanupWorld for FirstLevel, bSessionEnded=true, bCleanupResources=true
[2025.12.10-20.03.35:765][658]LogSlate: InvalidateAllWidgets triggered.  All widgets were invalidated
[2025.12.10-20.03.35:777][658]LogPlayLevel: Display: Shutting down PIE online subsystems
[2025.12.10-20.03.35:781][658]LogSlate: InvalidateAllWidgets triggered.  All widgets were invalidated
[2025.12.10-20.03.35:813][658]LogAudio: Display: Audio Device unregistered from world 'None'.
[2025.12.10-20.03.35:814][658]LogAudioMixer: FMixerPlatformXAudio2::StopAudioStream() called
[2025.12.10-20.03.35:815][658]LogAudioMixer: FMixerPlatformXAudio2::StopAudioStream() called
[2025.12.10-20.03.35:820][658]LogUObjectHash: Compacting FUObjectHashTables data took   2.38ms
[2025.12.10-20.03.35:834][659]LogPlayLevel: Display: Destroying online subsystem :Context_18
[2025.12.10-20.04.08:889][346]BlueprintLog: New page: Compile BP_TestClickActor2
[2025.12.10-20.04.08:935][346]LogUObjectHash: Compacting FUObjectHashTables data took   2.70ms
[2025.12.10-20.04.09:564][382]LogSavePackage: Moving '../../../../../../WORKPLACE/Mini_laboratory/MEPhI_VR_term_1/Mini_laboratory/Saved/BP_TestClickActor2DD07A1C140B0FE00C32880867C752BEB.tmp' to '../../../../../../WORKPLACE/Mini_laboratory/MEPhI_VR_term_1/Mini_laboratory/Content/Workplace/Blueprints/BP_TestClickActor2.uasset'
[2025.12.10-20.04.09:637][382]AssetCheck: New page: Asset Save: BP_TestClickActor2
[2025.12.10-20.04.09:637][382]LogContentValidation: Display: Validating Blueprint /Game/Workplace/Blueprints/BP_TestClickActor2.BP_TestClickActor2
[2025.12.10-20.04.09:863][403]BlueprintLog: New page: Compile BP_TestClickActor2
[2025.12.10-20.04.09:910][403]LogUObjectHash: Compacting FUObjectHashTables data took   3.23ms
[2025.12.10-20.04.10:388][429]LogSavePackage: Moving '../../../../../../WORKPLACE/Mini_laboratory/MEPhI_VR_term_1/Mini_laboratory/Saved/BP_TestClickActor2DAC4DA604DCF8769C2E06A8F2D6E6213.tmp' to '../../../../../../WORKPLACE/Mini_laboratory/MEPhI_VR_term_1/Mini_laboratory/Content/Workplace/Blueprints/BP_TestClickActor2.uasset'
[2025.12.10-20.04.10:472][429]AssetCheck: New page: Asset Save: BP_TestClickActor2
[2025.12.10-20.04.10:472][429]LogContentValidation: Display: Validating Blueprint /Game/Workplace/Blueprints/BP_TestClickActor2.BP_TestClickActor2
[2025.12.10-20.04.10:683][448]BlueprintLog: New page: Compile BP_TestClickActor2
[2025.12.10-20.04.10:732][448]LogUObjectHash: Compacting FUObjectHashTables data took   3.10ms
[2025.12.10-20.04.11:175][472]LogSavePackage: Moving '../../../../../../WORKPLACE/Mini_laboratory/MEPhI_VR_term_1/Mini_laboratory/Saved/BP_TestClickActor2AED168F340BA9535E918B59AE91AF5BC.tmp' to '../../../../../../WORKPLACE/Mini_laboratory/MEPhI_VR_term_1/Mini_laboratory/Content/Workplace/Blueprints/BP_TestClickActor2.uasset'
[2025.12.10-20.04.11:227][472]AssetCheck: New page: Asset Save: BP_TestClickActor2
[2025.12.10-20.04.11:227][472]LogContentValidation: Display: Validating Blueprint /Game/Workplace/Blueprints/BP_TestClickActor2.BP_TestClickActor2
[2025.12.10-20.04.11:649][514]BlueprintLog: New page: Compile BP_TestClickActor2
[2025.12.10-20.04.11:696][514]LogUObjectHash: Compacting FUObjectHashTables data took   3.12ms
[2025.12.10-20.04.12:040][546]LogSavePackage: Moving '../../../../../../WORKPLACE/Mini_laboratory/MEPhI_VR_term_1/Mini_laboratory/Saved/BP_TestClickActor21CB8617E43FF17849E870BA553B8CBF1.tmp' to '../../../../../../WORKPLACE/Mini_laboratory/MEPhI_VR_term_1/Mini_laboratory/Content/Workplace/Blueprints/BP_TestClickActor2.uasset'
[2025.12.10-20.04.12:097][546]AssetCheck: New page: Asset Save: BP_TestClickActor2
[2025.12.10-20.04.12:097][546]LogContentValidation: Display: Validating Blueprint /Game/Workplace/Blueprints/BP_TestClickActor2.BP_TestClickActor2
[2025.12.10-20.04.12:453][587]BlueprintLog: New page: Compile BP_TestClickActor2
[2025.12.10-20.04.12:502][587]LogUObjectHash: Compacting FUObjectHashTables data took   3.48ms
[2025.12.10-20.05.02:209][687]BlueprintLog: New page: Compile BP_TestClickActor2
[2025.12.10-20.05.02:260][687]LogUObjectHash: Compacting FUObjectHashTables data took   3.19ms
[2025.12.10-20.05.02:759][711]LogSavePackage: Moving '../../../../../../WORKPLACE/Mini_laboratory/MEPhI_VR_term_1/Mini_laboratory/Saved/BP_TestClickActor2282830674ED9F62BC9120FB85FA4BB1B.tmp' to '../../../../../../WORKPLACE/Mini_laboratory/MEPhI_VR_term_1/Mini_laboratory/Content/Workplace/Blueprints/BP_TestClickActor2.uasset'
[2025.12.10-20.05.02:805][711]AssetCheck: New page: Asset Save: BP_TestClickActor2
[2025.12.10-20.05.02:805][711]LogContentValidation: Display: Validating Blueprint /Game/Workplace/Blueprints/BP_TestClickActor2.BP_TestClickActor2
[2025.12.10-20.05.04:535][841]LogTemp: Repeating last play command: New Editor Window (PIE)
[2025.12.10-20.05.04:543][841]LogPlayLevel: PlayLevel: No blueprints needed recompiling
[2025.12.10-20.05.04:543][841]PIE: New page: PIE session: StartMenu (11 дек. 2025 г., 02:05:04)
[2025.12.10-20.05.04:543][841]LogPlayLevel: Creating play world package: /Game/Workplace/Maps/UEDPIE_0_StartMenu
[2025.12.10-20.05.04:544][841]LogPlayLevel: PIE: StaticDuplicateObject took: (0.001033s)
[2025.12.10-20.05.04:545][841]LogAIModule: Creating AISystem for world StartMenu
[2025.12.10-20.05.04:545][841]LogPlayLevel: PIE: World Init took: (0.000978s)
[2025.12.10-20.05.04:545][841]LogPlayLevel: PIE: Created PIE world by copying editor world from /Game/Workplace/Maps/StartMenu.StartMenu to /Game/Workplace/Maps/UEDPIE_0_StartMenu.StartMenu (0.002102s)
[2025.12.10-20.05.04:579][841]LogUObjectHash: Compacting FUObjectHashTables data took   3.32ms
[2025.12.10-20.05.04:580][841]LogAudio: Display: Creating Audio Device:                 Id: 8, Scope: Unique, Realtime: True
[2025.12.10-20.05.04:580][841]LogAudioMixer: Display: Audio Mixer Platform Settings:
[2025.12.10-20.05.04:580][841]LogAudioMixer: Display: 	Sample Rate:						  48000
[2025.12.10-20.05.04:580][841]LogAudioMixer: Display: 	Callback Buffer Frame Size Requested: 1024
[2025.12.10-20.05.04:580][841]LogAudioMixer: Display: 	Callback Buffer Frame Size To Use:	  1024
[2025.12.10-20.05.04:580][841]LogAudioMixer: Display: 	Number of buffers to queue:			  2
[2025.12.10-20.05.04:580][841]LogAudioMixer: Display: 	Max Channels (voices):				  32
[2025.12.10-20.05.04:580][841]LogAudioMixer: Display: 	Number of Async Source Workers:		  0
[2025.12.10-20.05.04:580][841]LogAudio: Display: AudioDevice MaxSources: 32
[2025.12.10-20.05.04:580][841]LogAudio: Display: Audio Spatialization Plugin: None (built-in).
[2025.12.10-20.05.04:580][841]LogAudio: Display: Audio Reverb Plugin: None (built-in).
[2025.12.10-20.05.04:580][841]LogAudio: Display: Audio Occlusion Plugin: None (built-in).
[2025.12.10-20.05.04:580][841]LogAudioMixer: Display: Initializing audio mixer.
[2025.12.10-20.05.04:582][841]LogAudioMixer: Display: 0: FrontLeft
[2025.12.10-20.05.04:582][841]LogAudioMixer: Display: 1: FrontRight
[2025.12.10-20.05.04:592][841]LogAudioMixer: Display: Using Audio Device Наушники (Realtek(R) Audio)
[2025.12.10-20.05.04:592][841]LogAudioMixer: Display: Initializing Sound Submixes...
[2025.12.10-20.05.04:592][841]LogAudioMixer: Display: Creating Master Submix 'MasterSubmixDefault'
[2025.12.10-20.05.04:592][841]LogAudioMixer: Display: Creating Master Submix 'MasterReverbSubmixDefault'
[2025.12.10-20.05.04:593][841]LogAudioMixer: Display: Creating Master Submix 'MasterEQSubmixDefault'
[2025.12.10-20.05.04:593][841]LogAudioMixer: FMixerPlatformXAudio2::StartAudioStream() called
[2025.12.10-20.05.04:593][841]LogAudioMixer: Display: Output buffers initialized: Frames=1024, Channels=2, Samples=2048
[2025.12.10-20.05.04:594][841]LogAudioMixer: Display: Starting AudioMixerPlatformInterface::RunInternal()
[2025.12.10-20.05.04:594][841]LogAudioMixer: Display: FMixerPlatformXAudio2::SubmitBuffer() called for the first time
[2025.12.10-20.05.04:594][841]LogInit: FAudioDevice initialized.
[2025.12.10-20.05.04:594][841]LogAudio: Display: Audio Device (ID: 8) registered with world 'StartMenu'.
[2025.12.10-20.05.04:637][841]LogSlate: Updating window title bar state: overlay mode, drag disabled, window buttons hidden, title bar hidden
[2025.12.10-20.05.04:637][841]LogLoad: Game class is 'BP_GameMode_C'
[2025.12.10-20.05.04:638][841]LogWorld: Bringing World /Game/Workplace/Maps/UEDPIE_0_StartMenu.StartMenu up for play (max tick rate 0) at 2025.12.10-23.05.04
[2025.12.10-20.05.04:638][841]LogWorld: Bringing up level for play took: 0.000327
[2025.12.10-20.05.04:638][841]LogOnline: OSS: Creating online subsystem instance for: :Context_19
[2025.12.10-20.05.04:640][841]LogSpawn: Warning: SpawnActor failed because no class was specified
[2025.12.10-20.05.04:642][841]LogPlayerController: Error: InputMode:UIOnly - Attempting to focus Non-Focusable widget SObjectWidget [Widget.cpp(799)]!
[2025.12.10-20.05.04:642][841]LogViewport: Display: Viewport MouseLockMode Changed, LockOnCapture -> DoNotLock
[2025.12.10-20.05.04:642][841]LogViewport: Display: Viewport MouseCaptureMode Changed, CapturePermanently_IncludingInitialMouseDown -> NoCapture
[2025.12.10-20.05.04:644][841]PIE: Server logged in
[2025.12.10-20.05.04:645][841]PIE: Play in editor total start time 0,103 seconds.
[2025.12.10-20.05.05:325][889]LogViewport: Display: Viewport MouseLockMode Changed, DoNotLock -> LockOnCapture
[2025.12.10-20.05.05:325][889]LogViewport: Display: Viewport MouseCaptureMode Changed, NoCapture -> CapturePermanently
[2025.12.10-20.05.05:326][889]LogNet: Browse: /Game/Workplace/Maps/FirstLevel
[2025.12.10-20.05.05:326][889]LogLoad: LoadMap: /Game/Workplace/Maps/FirstLevel
[2025.12.10-20.05.05:326][889]LogWorld: BeginTearingDown for /Game/Workplace/Maps/UEDPIE_0_StartMenu
[2025.12.10-20.05.05:327][889]LogWorld: UWorld::CleanupWorld for StartMenu, bSessionEnded=true, bCleanupResources=true
[2025.12.10-20.05.05:327][889]LogSlate: InvalidateAllWidgets triggered.  All widgets were invalidated
[2025.12.10-20.05.05:389][889]LogAudio: Display: Audio Device unregistered from world 'None'.
[2025.12.10-20.05.05:392][889]LogUObjectHash: Compacting FUObjectHashTables data took   2.33ms
[2025.12.10-20.05.05:397][889]LogAudio: Display: Audio Device (ID: 8) registered with world 'FirstLevel'.
[2025.12.10-20.05.05:397][889]LogAIModule: Creating AISystem for world FirstLevel
[2025.12.10-20.05.05:398][889]LogLoad: Game class is 'BP_GameMode_C'
[2025.12.10-20.05.05:401][889]LogWorld: Bringing World /Game/Workplace/Maps/UEDPIE_0_FirstLevel.FirstLevel up for play (max tick rate 0) at 2025.12.10-23.05.05
[2025.12.10-20.05.05:402][889]LogWorld: Bringing up level for play took: 0.003333
[2025.12.10-20.05.05:402][889]LogSpawn: Warning: SpawnActor failed because no class was specified
[2025.12.10-20.05.05:403][889]LogLoad: Took 0.077151 seconds to LoadMap(/Game/Workplace/Maps/FirstLevel)
[2025.12.10-20.05.06:439][988]LogBlueprintUserMessages: [BP_TestClickActor1_2] BP_TestClickActor1 was clicked
[2025.12.10-20.05.06:449][989]LogBlueprintUserMessages: [BP_TestClickActor1_2] BP_TestClickActor1 was clicked
[2025.12.10-20.05.06:458][990]LogBlueprintUserMessages: [BP_TestClickActor1_2] BP_TestClickActor1 was clicked
[2025.12.10-20.05.06:469][991]LogBlueprintUserMessages: [BP_TestClickActor1_2] BP_TestClickActor1 was clicked
[2025.12.10-20.05.06:478][992]LogBlueprintUserMessages: [BP_TestClickActor1_2] BP_TestClickActor1 was clicked
[2025.12.10-20.05.06:489][993]LogBlueprintUserMessages: [BP_TestClickActor1_2] BP_TestClickActor1 was clicked
[2025.12.10-20.05.06:598][  3]LogBlueprintUserMessages: [BP_TestClickActor1_2] BP_TestClickActor1 was clicked
[2025.12.10-20.05.06:607][  4]LogBlueprintUserMessages: [BP_TestClickActor1_2] BP_TestClickActor1 was clicked
[2025.12.10-20.05.06:618][  5]LogBlueprintUserMessages: [BP_TestClickActor1_2] BP_TestClickActor1 was clicked
[2025.12.10-20.05.06:628][  6]LogBlueprintUserMessages: [BP_TestClickActor1_2] BP_TestClickActor1 was clicked
[2025.12.10-20.05.06:638][  7]LogBlueprintUserMessages: [BP_TestClickActor1_2] BP_TestClickActor1 was clicked
[2025.12.10-20.05.07:363][ 74]LogBlueprintUserMessages: [BP_TestClickActor2_2] BP_TestClickActor2 was clicked
[2025.12.10-20.05.07:372][ 75]LogBlueprintUserMessages: [BP_TestClickActor2_2] BP_TestClickActor2 was clicked
[2025.12.10-20.05.07:384][ 76]LogBlueprintUserMessages: [BP_TestClickActor2_2] BP_TestClickActor2 was clicked
[2025.12.10-20.05.07:396][ 77]LogBlueprintUserMessages: [BP_TestClickActor2_2] BP_TestClickActor2 was clicked
[2025.12.10-20.05.07:405][ 78]LogBlueprintUserMessages: [BP_TestClickActor2_2] BP_TestClickActor2 was clicked
[2025.12.10-20.05.07:417][ 79]LogBlueprintUserMessages: [BP_TestClickActor2_2] BP_TestClickActor2 was clicked
[2025.12.10-20.05.07:511][ 87]LogBlueprintUserMessages: [BP_TestClickActor2_2] BP_TestClickActor2 was clicked
[2025.12.10-20.05.07:520][ 88]LogBlueprintUserMessages: [BP_TestClickActor2_2] BP_TestClickActor2 was clicked
[2025.12.10-20.05.07:532][ 89]LogBlueprintUserMessages: [BP_TestClickActor2_2] BP_TestClickActor2 was clicked
[2025.12.10-20.05.07:544][ 90]LogBlueprintUserMessages: [BP_TestClickActor2_2] BP_TestClickActor2 was clicked
[2025.12.10-20.05.07:553][ 91]LogBlueprintUserMessages: [BP_TestClickActor2_2] BP_TestClickActor2 was clicked
[2025.12.10-20.05.07:565][ 92]LogBlueprintUserMessages: [BP_TestClickActor2_2] BP_TestClickActor2 was clicked
[2025.12.10-20.05.09:447][266]LogBlueprintUserMessages: [BP_TestClickActor1_2] BP_TestClickActor1 was clicked
[2025.12.10-20.05.09:457][267]LogBlueprintUserMessages: [BP_TestClickActor1_2] BP_TestClickActor1 was clicked
[2025.12.10-20.05.09:466][268]LogBlueprintUserMessages: [BP_TestClickActor1_2] BP_TestClickActor1 was clicked
[2025.12.10-20.05.09:478][269]LogBlueprintUserMessages: [BP_TestClickActor1_2] BP_TestClickActor1 was clicked
[2025.12.10-20.05.09:487][270]LogBlueprintUserMessages: [BP_TestClickActor1_2] BP_TestClickActor1 was clicked
[2025.12.10-20.05.09:796][299]LogBlueprintUserMessages: [BP_TestClickActor1_2] BP_TestClickActor1 was clicked
[2025.12.10-20.05.09:805][300]LogBlueprintUserMessages: [BP_TestClickActor1_2] BP_TestClickActor1 was clicked
[2025.12.10-20.05.09:814][301]LogBlueprintUserMessages: [BP_TestClickActor1_2] BP_TestClickActor1 was clicked
[2025.12.10-20.05.09:824][302]LogBlueprintUserMessages: [BP_TestClickActor1_2] BP_TestClickActor1 was clicked
[2025.12.10-20.05.09:834][303]LogBlueprintUserMessages: [BP_TestClickActor1_2] BP_TestClickActor1 was clicked
[2025.12.10-20.05.09:845][304]LogBlueprintUserMessages: [BP_TestClickActor1_2] BP_TestClickActor1 was clicked
[2025.12.10-20.05.09:856][305]LogBlueprintUserMessages: [BP_TestClickActor1_2] BP_TestClickActor1 was clicked
[2025.12.10-20.05.10:013][320]LogBlueprintUserMessages: [BP_TestClickActor1_2] BP_TestClickActor1 was clicked
[2025.12.10-20.05.10:025][321]LogBlueprintUserMessages: [BP_TestClickActor1_2] BP_TestClickActor1 was clicked
[2025.12.10-20.05.10:035][322]LogBlueprintUserMessages: [BP_TestClickActor1_2] BP_TestClickActor1 was clicked
[2025.12.10-20.05.10:045][323]LogBlueprintUserMessages: [BP_TestClickActor1_2] BP_TestClickActor1 was clicked
[2025.12.10-20.05.10:056][324]LogBlueprintUserMessages: [BP_TestClickActor1_2] BP_TestClickActor1 was clicked
[2025.12.10-20.05.10:066][325]LogBlueprintUserMessages: [BP_TestClickActor1_2] BP_TestClickActor1 was clicked
[2025.12.10-20.05.10:389][355]LogBlueprintUserMessages: [BP_TestClickActor1_2] BP_TestClickActor1 was clicked
[2025.12.10-20.05.10:398][356]LogBlueprintUserMessages: [BP_TestClickActor1_2] BP_TestClickActor1 was clicked
[2025.12.10-20.05.10:410][357]LogBlueprintUserMessages: [BP_TestClickActor1_2] BP_TestClickActor1 was clicked
[2025.12.10-20.05.10:421][358]LogBlueprintUserMessages: [BP_TestClickActor1_2] BP_TestClickActor1 was clicked
[2025.12.10-20.05.10:430][359]LogBlueprintUserMessages: [BP_TestClickActor1_2] BP_TestClickActor1 was clicked
[2025.12.10-20.05.10:441][360]LogBlueprintUserMessages: [BP_TestClickActor1_2] BP_TestClickActor1 was clicked
[2025.12.10-20.05.10:557][370]LogBlueprintUserMessages: [BP_TestClickActor1_2] BP_TestClickActor1 was clicked
[2025.12.10-20.05.10:569][371]LogBlueprintUserMessages: [BP_TestClickActor1_2] BP_TestClickActor1 was clicked
[2025.12.10-20.05.10:578][372]LogBlueprintUserMessages: [BP_TestClickActor1_2] BP_TestClickActor1 was clicked
[2025.12.10-20.05.10:589][373]LogBlueprintUserMessages: [BP_TestClickActor1_2] BP_TestClickActor1 was clicked
[2025.12.10-20.05.10:603][374]LogBlueprintUserMessages: [BP_TestClickActor1_2] BP_TestClickActor1 was clicked
[2025.12.10-20.05.10:613][375]LogBlueprintUserMessages: [BP_TestClickActor1_2] BP_TestClickActor1 was clicked
[2025.12.10-20.05.10:625][376]LogBlueprintUserMessages: [BP_TestClickActor1_2] BP_TestClickActor1 was clicked
[2025.12.10-20.05.13:084][599]LogBlueprintUserMessages: [BP_TestClickActor2_2] BP_TestClickActor2 was clicked
[2025.12.10-20.05.13:093][600]LogBlueprintUserMessages: [BP_TestClickActor2_2] BP_TestClickActor2 was clicked
[2025.12.10-20.05.13:104][601]LogBlueprintUserMessages: [BP_TestClickActor2_2] BP_TestClickActor2 was clicked
[2025.12.10-20.05.13:114][602]LogBlueprintUserMessages: [BP_TestClickActor2_2] BP_TestClickActor2 was clicked
[2025.12.10-20.05.13:123][603]LogBlueprintUserMessages: [BP_TestClickActor2_2] BP_TestClickActor2 was clicked
[2025.12.10-20.05.13:134][604]LogBlueprintUserMessages: [BP_TestClickActor2_2] BP_TestClickActor2 was clicked
[2025.12.10-20.05.13:143][605]LogBlueprintUserMessages: [BP_TestClickActor2_2] BP_TestClickActor2 was clicked
[2025.12.10-20.05.13:366][626]LogBlueprintUserMessages: [BP_TestClickActor2_2] BP_TestClickActor2 was clicked
[2025.12.10-20.05.13:375][627]LogBlueprintUserMessages: [BP_TestClickActor2_2] BP_TestClickActor2 was clicked
[2025.12.10-20.05.13:386][628]LogBlueprintUserMessages: [BP_TestClickActor2_2] BP_TestClickActor2 was clicked
[2025.12.10-20.05.13:397][629]LogBlueprintUserMessages: [BP_TestClickActor2_2] BP_TestClickActor2 was clicked
[2025.12.10-20.05.13:406][630]LogBlueprintUserMessages: [BP_TestClickActor2_2] BP_TestClickActor2 was clicked
[2025.12.10-20.05.13:515][640]LogBlueprintUserMessages: [BP_TestClickActor2_2] BP_TestClickActor2 was clicked
[2025.12.10-20.05.13:524][641]LogBlueprintUserMessages: [BP_TestClickActor2_2] BP_TestClickActor2 was clicked
[2025.12.10-20.05.13:536][642]LogBlueprintUserMessages: [BP_TestClickActor2_2] BP_TestClickActor2 was clicked
[2025.12.10-20.05.13:546][643]LogBlueprintUserMessages: [BP_TestClickActor2_2] BP_TestClickActor2 was clicked
[2025.12.10-20.05.13:556][644]LogBlueprintUserMessages: [BP_TestClickActor2_2] BP_TestClickActor2 was clicked
[2025.12.10-20.05.13:568][645]LogBlueprintUserMessages: [BP_TestClickActor2_2] BP_TestClickActor2 was clicked
[2025.12.10-20.05.24:824][712]LogSlate: Updating window title bar state: overlay mode, drag disabled, window buttons hidden, title bar hidden
[2025.12.10-20.05.24:824][712]LogWorld: BeginTearingDown for /Game/Workplace/Maps/UEDPIE_0_FirstLevel
[2025.12.10-20.05.24:824][712]LogSlate: Window 'Mini_laboratory Preview [NetMode: Standalone]  (64-bit/Windows) ' being destroyed
[2025.12.10-20.05.24:833][712]LogWorld: UWorld::CleanupWorld for FirstLevel, bSessionEnded=true, bCleanupResources=true
[2025.12.10-20.05.24:834][712]LogSlate: InvalidateAllWidgets triggered.  All widgets were invalidated
[2025.12.10-20.05.24:845][712]LogPlayLevel: Display: Shutting down PIE online subsystems
[2025.12.10-20.05.24:849][712]LogSlate: InvalidateAllWidgets triggered.  All widgets were invalidated
[2025.12.10-20.05.24:882][712]LogAudio: Display: Audio Device unregistered from world 'None'.
[2025.12.10-20.05.24:883][712]LogAudioMixer: FMixerPlatformXAudio2::StopAudioStream() called
[2025.12.10-20.05.24:884][712]LogAudioMixer: FMixerPlatformXAudio2::StopAudioStream() called
[2025.12.10-20.05.24:889][712]LogUObjectHash: Compacting FUObjectHashTables data took   2.43ms
[2025.12.10-20.05.24:907][713]LogPlayLevel: Display: Destroying online subsystem :Context_19
[2025.12.10-20.05.51:939][838]BlueprintLog: New page: Compile BP_Button
[2025.12.10-20.05.51:991][838]LogUObjectHash: Compacting FUObjectHashTables data took   2.66ms
[2025.12.10-20.05.52:434][862]LogSavePackage: Moving '../../../../../../WORKPLACE/Mini_laboratory/MEPhI_VR_term_1/Mini_laboratory/Saved/BP_Button4A670028421F8B7261AF72870F55AAAB.tmp' to '../../../../../../WORKPLACE/Mini_laboratory/MEPhI_VR_term_1/Mini_laboratory/Content/Workplace/Blueprints/BP_Button.uasset'
[2025.12.10-20.05.52:484][862]AssetCheck: New page: Asset Save: BP_Button
[2025.12.10-20.05.52:484][862]LogContentValidation: Display: Validating Blueprint /Game/Workplace/Blueprints/BP_Button.BP_Button
[2025.12.10-20.08.04:789][485]BlueprintLog: New page: Compile BP_Button
[2025.12.10-20.08.04:844][485]LogUObjectHash: Compacting FUObjectHashTables data took   3.45ms
[2025.12.10-20.08.05:437][537]LogSavePackage: Moving '../../../../../../WORKPLACE/Mini_laboratory/MEPhI_VR_term_1/Mini_laboratory/Saved/BP_ButtonDD4A96A0420636993069248012C046BB.tmp' to '../../../../../../WORKPLACE/Mini_laboratory/MEPhI_VR_term_1/Mini_laboratory/Content/Workplace/Blueprints/BP_Button.uasset'
[2025.12.10-20.08.05:491][537]AssetCheck: New page: Asset Save: BP_Button
[2025.12.10-20.08.05:491][537]LogContentValidation: Display: Validating Blueprint /Game/Workplace/Blueprints/BP_Button.BP_Button
[2025.12.10-20.08.05:824][574]BlueprintLog: New page: Compile BP_Button
[2025.12.10-20.08.05:873][574]LogUObjectHash: Compacting FUObjectHashTables data took   3.44ms
[2025.12.10-20.08.06:362][599]LogSavePackage: Moving '../../../../../../WORKPLACE/Mini_laboratory/MEPhI_VR_term_1/Mini_laboratory/Saved/BP_ButtonD2E3BFDA4F96EA3FB9A608A70DC617CA.tmp' to '../../../../../../WORKPLACE/Mini_laboratory/MEPhI_VR_term_1/Mini_laboratory/Content/Workplace/Blueprints/BP_Button.uasset'
[2025.12.10-20.08.06:453][599]AssetCheck: New page: Asset Save: BP_Button
[2025.12.10-20.08.06:454][599]LogContentValidation: Display: Validating Blueprint /Game/Workplace/Blueprints/BP_Button.BP_Button
[2025.12.10-20.08.07:087][651]BlueprintLog: New page: Compile BP_Button
[2025.12.10-20.08.07:138][651]LogUObjectHash: Compacting FUObjectHashTables data took   3.23ms
[2025.12.10-20.08.07:692][684]LogSavePackage: Moving '../../../../../../WORKPLACE/Mini_laboratory/MEPhI_VR_term_1/Mini_laboratory/Saved/BP_ButtonB7FDB8E84CB10A506A9707B2B2487165.tmp' to '../../../../../../WORKPLACE/Mini_laboratory/MEPhI_VR_term_1/Mini_laboratory/Content/Workplace/Blueprints/BP_Button.uasset'
[2025.12.10-20.08.07:711][684]AssetCheck: New page: Asset Save: BP_Button
[2025.12.10-20.08.07:711][684]LogContentValidation: Display: Validating Blueprint /Game/Workplace/Blueprints/BP_Button.BP_Button
[2025.12.10-20.08.08:532][745]LogSavePackage: Moving '../../../../../../WORKPLACE/Mini_laboratory/MEPhI_VR_term_1/Mini_laboratory/Saved/BP_Button6FFDB80D453BD779943DEFA383E02447.tmp' to '../../../../../../WORKPLACE/Mini_laboratory/MEPhI_VR_term_1/Mini_laboratory/Content/Workplace/Blueprints/BP_Button.uasset'
[2025.12.10-20.08.08:632][745]AssetCheck: New page: Asset Save: BP_Button
[2025.12.10-20.08.08:632][745]LogContentValidation: Display: Validating Blueprint /Game/Workplace/Blueprints/BP_Button.BP_Button
[2025.12.10-20.08.08:973][770]BlueprintLog: New page: Compile BP_Button
[2025.12.10-20.08.09:026][770]LogUObjectHash: Compacting FUObjectHashTables data took   3.28ms
[2025.12.10-20.08.09:685][811]LogSavePackage: Moving '../../../../../../WORKPLACE/Mini_laboratory/MEPhI_VR_term_1/Mini_laboratory/Saved/BP_Button6F1AF341442C9C9A4957F5A155F38C93.tmp' to '../../../../../../WORKPLACE/Mini_laboratory/MEPhI_VR_term_1/Mini_laboratory/Content/Workplace/Blueprints/BP_Button.uasset'
[2025.12.10-20.08.09:725][811]AssetCheck: New page: Asset Save: BP_Button
[2025.12.10-20.08.09:725][811]LogContentValidation: Display: Validating Blueprint /Game/Workplace/Blueprints/BP_Button.BP_Button
[2025.12.10-20.08.28:129][326]BlueprintLog: New page: Compile BP_TestClickActor2
[2025.12.10-20.08.28:181][326]LogUObjectHash: Compacting FUObjectHashTables data took   5.18ms
[2025.12.10-20.08.28:973][375]LogSavePackage: Moving '../../../../../../WORKPLACE/Mini_laboratory/MEPhI_VR_term_1/Mini_laboratory/Saved/BP_TestClickActor2B9A5E27E48640DB713D5BBB1E1283E71.tmp' to '../../../../../../WORKPLACE/Mini_laboratory/MEPhI_VR_term_1/Mini_laboratory/Content/Workplace/Blueprints/BP_TestClickActor2.uasset'
[2025.12.10-20.08.29:052][375]AssetCheck: New page: Asset Save: BP_TestClickActor2
[2025.12.10-20.08.29:052][375]LogContentValidation: Display: Validating Blueprint /Game/Workplace/Blueprints/BP_TestClickActor2.BP_TestClickActor2
[2025.12.10-20.08.30:473][476]LogTemp: Repeating last play command: New Editor Window (PIE)
[2025.12.10-20.08.30:478][476]LogPlayLevel: PlayLevel: No blueprints needed recompiling
[2025.12.10-20.08.30:478][476]PIE: New page: PIE session: StartMenu (11 дек. 2025 г., 02:08:30)
[2025.12.10-20.08.30:478][476]LogPlayLevel: Creating play world package: /Game/Workplace/Maps/UEDPIE_0_StartMenu
[2025.12.10-20.08.30:479][476]LogPlayLevel: PIE: StaticDuplicateObject took: (0.000904s)
[2025.12.10-20.08.30:479][476]LogAIModule: Creating AISystem for world StartMenu
[2025.12.10-20.08.30:480][476]LogPlayLevel: PIE: World Init took: (0.000838s)
[2025.12.10-20.08.30:480][476]LogPlayLevel: PIE: Created PIE world by copying editor world from /Game/Workplace/Maps/StartMenu.StartMenu to /Game/Workplace/Maps/UEDPIE_0_StartMenu.StartMenu (0.001823s)
[2025.12.10-20.08.30:512][476]LogUObjectHash: Compacting FUObjectHashTables data took   3.12ms
[2025.12.10-20.08.30:513][476]LogAudio: Display: Creating Audio Device:                 Id: 9, Scope: Unique, Realtime: True
[2025.12.10-20.08.30:513][476]LogAudioMixer: Display: Audio Mixer Platform Settings:
[2025.12.10-20.08.30:513][476]LogAudioMixer: Display: 	Sample Rate:						  48000
[2025.12.10-20.08.30:513][476]LogAudioMixer: Display: 	Callback Buffer Frame Size Requested: 1024
[2025.12.10-20.08.30:513][476]LogAudioMixer: Display: 	Callback Buffer Frame Size To Use:	  1024
[2025.12.10-20.08.30:513][476]LogAudioMixer: Display: 	Number of buffers to queue:			  2
[2025.12.10-20.08.30:513][476]LogAudioMixer: Display: 	Max Channels (voices):				  32
[2025.12.10-20.08.30:513][476]LogAudioMixer: Display: 	Number of Async Source Workers:		  0
[2025.12.10-20.08.30:513][476]LogAudio: Display: AudioDevice MaxSources: 32
[2025.12.10-20.08.30:513][476]LogAudio: Display: Audio Spatialization Plugin: None (built-in).
[2025.12.10-20.08.30:513][476]LogAudio: Display: Audio Reverb Plugin: None (built-in).
[2025.12.10-20.08.30:513][476]LogAudio: Display: Audio Occlusion Plugin: None (built-in).
[2025.12.10-20.08.30:513][476]LogAudioMixer: Display: Initializing audio mixer.
[2025.12.10-20.08.30:515][476]LogAudioMixer: Display: 0: FrontLeft
[2025.12.10-20.08.30:515][476]LogAudioMixer: Display: 1: FrontRight
[2025.12.10-20.08.30:526][476]LogAudioMixer: Display: Using Audio Device Наушники (Realtek(R) Audio)
[2025.12.10-20.08.30:526][476]LogAudioMixer: Display: Initializing Sound Submixes...
[2025.12.10-20.08.30:526][476]LogAudioMixer: Display: Creating Master Submix 'MasterSubmixDefault'
[2025.12.10-20.08.30:526][476]LogAudioMixer: Display: Creating Master Submix 'MasterReverbSubmixDefault'
[2025.12.10-20.08.30:526][476]LogAudioMixer: Display: Creating Master Submix 'MasterEQSubmixDefault'
[2025.12.10-20.08.30:526][476]LogAudioMixer: FMixerPlatformXAudio2::StartAudioStream() called
[2025.12.10-20.08.30:526][476]LogAudioMixer: Display: Output buffers initialized: Frames=1024, Channels=2, Samples=2048
[2025.12.10-20.08.30:528][476]LogAudioMixer: Display: Starting AudioMixerPlatformInterface::RunInternal()
[2025.12.10-20.08.30:528][476]LogAudioMixer: Display: FMixerPlatformXAudio2::SubmitBuffer() called for the first time
[2025.12.10-20.08.30:528][476]LogInit: FAudioDevice initialized.
[2025.12.10-20.08.30:528][476]LogAudio: Display: Audio Device (ID: 9) registered with world 'StartMenu'.
[2025.12.10-20.08.30:576][476]LogSlate: Updating window title bar state: overlay mode, drag disabled, window buttons hidden, title bar hidden
[2025.12.10-20.08.30:577][476]LogLoad: Game class is 'BP_GameMode_C'
[2025.12.10-20.08.30:577][476]LogWorld: Bringing World /Game/Workplace/Maps/UEDPIE_0_StartMenu.StartMenu up for play (max tick rate 0) at 2025.12.10-23.08.30
[2025.12.10-20.08.30:578][476]LogWorld: Bringing up level for play took: 0.000316
[2025.12.10-20.08.30:578][476]LogOnline: OSS: Creating online subsystem instance for: :Context_20
[2025.12.10-20.08.30:580][476]LogSpawn: Warning: SpawnActor failed because no class was specified
[2025.12.10-20.08.30:581][476]LogPlayerController: Error: InputMode:UIOnly - Attempting to focus Non-Focusable widget SObjectWidget [Widget.cpp(799)]!
[2025.12.10-20.08.30:581][476]LogViewport: Display: Viewport MouseLockMode Changed, LockOnCapture -> DoNotLock
[2025.12.10-20.08.30:581][476]LogViewport: Display: Viewport MouseCaptureMode Changed, CapturePermanently_IncludingInitialMouseDown -> NoCapture
[2025.12.10-20.08.30:582][476]PIE: Server logged in
[2025.12.10-20.08.30:583][476]PIE: Play in editor total start time 0,106 seconds.
[2025.12.10-20.08.31:397][540]LogViewport: Display: Viewport MouseLockMode Changed, DoNotLock -> LockOnCapture
[2025.12.10-20.08.31:397][540]LogViewport: Display: Viewport MouseCaptureMode Changed, NoCapture -> CapturePermanently
[2025.12.10-20.08.31:398][540]LogNet: Browse: /Game/Workplace/Maps/FirstLevel
[2025.12.10-20.08.31:398][540]LogLoad: LoadMap: /Game/Workplace/Maps/FirstLevel
[2025.12.10-20.08.31:398][540]LogWorld: BeginTearingDown for /Game/Workplace/Maps/UEDPIE_0_StartMenu
[2025.12.10-20.08.31:398][540]LogWorld: UWorld::CleanupWorld for StartMenu, bSessionEnded=true, bCleanupResources=true
[2025.12.10-20.08.31:399][540]LogSlate: InvalidateAllWidgets triggered.  All widgets were invalidated
[2025.12.10-20.08.31:449][540]LogAudio: Display: Audio Device unregistered from world 'None'.
[2025.12.10-20.08.31:452][540]LogUObjectHash: Compacting FUObjectHashTables data took   2.46ms
[2025.12.10-20.08.31:457][540]LogAudio: Display: Audio Device (ID: 9) registered with world 'FirstLevel'.
[2025.12.10-20.08.31:458][540]LogAIModule: Creating AISystem for world FirstLevel
[2025.12.10-20.08.31:458][540]LogLoad: Game class is 'BP_GameMode_C'
[2025.12.10-20.08.31:462][540]LogWorld: Bringing World /Game/Workplace/Maps/UEDPIE_0_FirstLevel.FirstLevel up for play (max tick rate 0) at 2025.12.10-23.08.31
[2025.12.10-20.08.31:462][540]LogWorld: Bringing up level for play took: 0.003182
[2025.12.10-20.08.31:462][540]LogSpawn: Warning: SpawnActor failed because no class was specified
[2025.12.10-20.08.31:463][540]LogLoad: Took 0.065381 seconds to LoadMap(/Game/Workplace/Maps/FirstLevel)
[2025.12.10-20.08.32:661][654]LogBlueprintUserMessages: [BP_TestClickActor1_2] BP_TestClickActor1 was clicked
[2025.12.10-20.08.32:671][655]LogBlueprintUserMessages: [BP_TestClickActor1_2] BP_TestClickActor1 was clicked
[2025.12.10-20.08.32:681][656]LogBlueprintUserMessages: [BP_TestClickActor1_2] BP_TestClickActor1 was clicked
[2025.12.10-20.08.32:692][657]LogBlueprintUserMessages: [BP_TestClickActor1_2] BP_TestClickActor1 was clicked
[2025.12.10-20.08.32:703][658]LogBlueprintUserMessages: [BP_TestClickActor1_2] BP_TestClickActor1 was clicked
[2025.12.10-20.08.32:712][659]LogBlueprintUserMessages: [BP_TestClickActor1_2] BP_TestClickActor1 was clicked
[2025.12.10-20.08.33:023][689]LogBlueprintUserMessages: [BP_TestClickActor1_2] BP_TestClickActor1 was clicked
[2025.12.10-20.08.33:034][690]LogBlueprintUserMessages: [BP_TestClickActor1_2] BP_TestClickActor1 was clicked
[2025.12.10-20.08.33:043][691]LogBlueprintUserMessages: [BP_TestClickActor1_2] BP_TestClickActor1 was clicked
[2025.12.10-20.08.33:054][692]LogBlueprintUserMessages: [BP_TestClickActor1_2] BP_TestClickActor1 was clicked
[2025.12.10-20.08.34:024][779]LogBlueprintUserMessages: [BP_TestClickActor2_2] BP_TestClickActor2
[2025.12.10-20.08.34:029][780]LogBlueprintUserMessages: [BP_TestClickActor2_2] BP_TestClickActor2
[2025.12.10-20.08.34:169][793]LogBlueprintUserMessages: [BP_TestClickActor2_2] BP_TestClickActor2
[2025.12.10-20.08.34:179][794]LogBlueprintUserMessages: [BP_TestClickActor2_2] BP_TestClickActor2
[2025.12.10-20.08.34:189][795]LogBlueprintUserMessages: [BP_TestClickActor2_2] BP_TestClickActor2
[2025.12.10-20.08.34:201][796]LogBlueprintUserMessages: [BP_TestClickActor2_2] BP_TestClickActor2
[2025.12.10-20.08.34:213][797]LogBlueprintUserMessages: [BP_TestClickActor2_2] BP_TestClickActor2
[2025.12.10-20.08.34:730][845]LogBlueprintUserMessages: [BP_TestClickActor2_2] BP_TestClickActor2
[2025.12.10-20.08.34:740][846]LogBlueprintUserMessages: [BP_TestClickActor2_2] BP_TestClickActor2
[2025.12.10-20.08.34:751][847]LogBlueprintUserMessages: [BP_TestClickActor2_2] BP_TestClickActor2
[2025.12.10-20.08.34:762][848]LogBlueprintUserMessages: [BP_TestClickActor2_2] BP_TestClickActor2
[2025.12.10-20.08.34:771][849]LogBlueprintUserMessages: [BP_TestClickActor2_2] BP_TestClickActor2
[2025.12.10-20.08.34:867][858]LogBlueprintUserMessages: [BP_TestClickActor2_2] BP_TestClickActor2
[2025.12.10-20.08.34:876][859]LogBlueprintUserMessages: [BP_TestClickActor2_2] BP_TestClickActor2
[2025.12.10-20.08.34:887][860]LogBlueprintUserMessages: [BP_TestClickActor2_2] BP_TestClickActor2
[2025.12.10-20.08.34:897][861]LogBlueprintUserMessages: [BP_TestClickActor2_2] BP_TestClickActor2
[2025.12.10-20.08.34:907][862]LogBlueprintUserMessages: [BP_TestClickActor2_2] BP_TestClickActor2
[2025.12.10-20.08.34:919][863]LogBlueprintUserMessages: [BP_TestClickActor2_2] BP_TestClickActor2
[2025.12.10-20.08.35:030][873]LogBlueprintUserMessages: [BP_TestClickActor2_2] BP_TestClickActor2
[2025.12.10-20.08.35:039][874]LogBlueprintUserMessages: [BP_TestClickActor2_2] BP_TestClickActor2
[2025.12.10-20.08.35:051][875]LogBlueprintUserMessages: [BP_TestClickActor2_2] BP_TestClickActor2
[2025.12.10-20.08.35:062][876]LogBlueprintUserMessages: [BP_TestClickActor2_2] BP_TestClickActor2
[2025.12.10-20.08.35:071][877]LogBlueprintUserMessages: [BP_TestClickActor2_2] BP_TestClickActor2
[2025.12.10-20.08.35:083][878]LogBlueprintUserMessages: [BP_TestClickActor2_2] BP_TestClickActor2
[2025.12.10-20.08.36:264][983]LogSlate: Updating window title bar state: overlay mode, drag disabled, window buttons hidden, title bar hidden
[2025.12.10-20.08.36:264][983]LogWorld: BeginTearingDown for /Game/Workplace/Maps/UEDPIE_0_FirstLevel
[2025.12.10-20.08.36:264][983]LogSlate: Window 'Mini_laboratory Preview [NetMode: Standalone]  (64-bit/Windows) ' being destroyed
[2025.12.10-20.08.36:269][983]LogWorld: UWorld::CleanupWorld for FirstLevel, bSessionEnded=true, bCleanupResources=true
[2025.12.10-20.08.36:269][983]LogSlate: InvalidateAllWidgets triggered.  All widgets were invalidated
[2025.12.10-20.08.36:279][983]LogPlayLevel: Display: Shutting down PIE online subsystems
[2025.12.10-20.08.36:285][983]LogSlate: InvalidateAllWidgets triggered.  All widgets were invalidated
[2025.12.10-20.08.36:314][983]LogAudio: Display: Audio Device unregistered from world 'None'.
[2025.12.10-20.08.36:314][983]LogAudioMixer: FMixerPlatformXAudio2::StopAudioStream() called
[2025.12.10-20.08.36:315][983]LogAudioMixer: FMixerPlatformXAudio2::StopAudioStream() called
[2025.12.10-20.08.36:321][983]LogUObjectHash: Compacting FUObjectHashTables data took   2.67ms
[2025.12.10-20.08.36:336][984]LogPlayLevel: Display: Destroying online subsystem :Context_20
[2025.12.10-20.08.40:013][252]LogTemp: Repeating last play command: New Editor Window (PIE)
[2025.12.10-20.08.40:019][252]LogPlayLevel: PlayLevel: No blueprints needed recompiling
[2025.12.10-20.08.40:019][252]PIE: New page: PIE session: StartMenu (11 дек. 2025 г., 02:08:40)
[2025.12.10-20.08.40:019][252]LogPlayLevel: Creating play world package: /Game/Workplace/Maps/UEDPIE_0_StartMenu
[2025.12.10-20.08.40:020][252]LogPlayLevel: PIE: StaticDuplicateObject took: (0.000885s)
[2025.12.10-20.08.40:021][252]LogAIModule: Creating AISystem for world StartMenu
[2025.12.10-20.08.40:021][252]LogPlayLevel: PIE: World Init took: (0.000782s)
[2025.12.10-20.08.40:021][252]LogPlayLevel: PIE: Created PIE world by copying editor world from /Game/Workplace/Maps/StartMenu.StartMenu to /Game/Workplace/Maps/UEDPIE_0_StartMenu.StartMenu (0.001744s)
[2025.12.10-20.08.40:052][252]LogUObjectHash: Compacting FUObjectHashTables data took   2.33ms
[2025.12.10-20.08.40:052][252]LogAudio: Display: Creating Audio Device:                 Id: 10, Scope: Unique, Realtime: True
[2025.12.10-20.08.40:052][252]LogAudioMixer: Display: Audio Mixer Platform Settings:
[2025.12.10-20.08.40:052][252]LogAudioMixer: Display: 	Sample Rate:						  48000
[2025.12.10-20.08.40:052][252]LogAudioMixer: Display: 	Callback Buffer Frame Size Requested: 1024
[2025.12.10-20.08.40:052][252]LogAudioMixer: Display: 	Callback Buffer Frame Size To Use:	  1024
[2025.12.10-20.08.40:052][252]LogAudioMixer: Display: 	Number of buffers to queue:			  2
[2025.12.10-20.08.40:052][252]LogAudioMixer: Display: 	Max Channels (voices):				  32
[2025.12.10-20.08.40:052][252]LogAudioMixer: Display: 	Number of Async Source Workers:		  0
[2025.12.10-20.08.40:052][252]LogAudio: Display: AudioDevice MaxSources: 32
[2025.12.10-20.08.40:053][252]LogAudio: Display: Audio Spatialization Plugin: None (built-in).
[2025.12.10-20.08.40:053][252]LogAudio: Display: Audio Reverb Plugin: None (built-in).
[2025.12.10-20.08.40:053][252]LogAudio: Display: Audio Occlusion Plugin: None (built-in).
[2025.12.10-20.08.40:053][252]LogAudioMixer: Display: Initializing audio mixer.
[2025.12.10-20.08.40:055][252]LogAudioMixer: Display: 0: FrontLeft
[2025.12.10-20.08.40:055][252]LogAudioMixer: Display: 1: FrontRight
[2025.12.10-20.08.40:064][252]LogAudioMixer: Display: Using Audio Device Наушники (Realtek(R) Audio)
[2025.12.10-20.08.40:065][252]LogAudioMixer: Display: Initializing Sound Submixes...
[2025.12.10-20.08.40:065][252]LogAudioMixer: Display: Creating Master Submix 'MasterSubmixDefault'
[2025.12.10-20.08.40:065][252]LogAudioMixer: Display: Creating Master Submix 'MasterReverbSubmixDefault'
[2025.12.10-20.08.40:065][252]LogAudioMixer: Display: Creating Master Submix 'MasterEQSubmixDefault'
[2025.12.10-20.08.40:065][252]LogAudioMixer: FMixerPlatformXAudio2::StartAudioStream() called
[2025.12.10-20.08.40:065][252]LogAudioMixer: Display: Output buffers initialized: Frames=1024, Channels=2, Samples=2048
[2025.12.10-20.08.40:066][252]LogAudioMixer: Display: Starting AudioMixerPlatformInterface::RunInternal()
[2025.12.10-20.08.40:066][252]LogAudioMixer: Display: FMixerPlatformXAudio2::SubmitBuffer() called for the first time
[2025.12.10-20.08.40:066][252]LogInit: FAudioDevice initialized.
[2025.12.10-20.08.40:066][252]LogAudio: Display: Audio Device (ID: 10) registered with world 'StartMenu'.
[2025.12.10-20.08.40:116][252]LogSlate: Updating window title bar state: overlay mode, drag disabled, window buttons hidden, title bar hidden
[2025.12.10-20.08.40:116][252]LogLoad: Game class is 'BP_GameMode_C'
[2025.12.10-20.08.40:117][252]LogWorld: Bringing World /Game/Workplace/Maps/UEDPIE_0_StartMenu.StartMenu up for play (max tick rate 0) at 2025.12.10-23.08.40
[2025.12.10-20.08.40:117][252]LogWorld: Bringing up level for play took: 0.000355
[2025.12.10-20.08.40:117][252]LogOnline: OSS: Creating online subsystem instance for: :Context_21
[2025.12.10-20.08.40:119][252]LogSpawn: Warning: SpawnActor failed because no class was specified
[2025.12.10-20.08.40:120][252]LogPlayerController: Error: InputMode:UIOnly - Attempting to focus Non-Focusable widget SObjectWidget [Widget.cpp(799)]!
[2025.12.10-20.08.40:120][252]LogViewport: Display: Viewport MouseLockMode Changed, LockOnCapture -> DoNotLock
[2025.12.10-20.08.40:120][252]LogViewport: Display: Viewport MouseCaptureMode Changed, CapturePermanently_IncludingInitialMouseDown -> NoCapture
[2025.12.10-20.08.40:121][252]PIE: Server logged in
[2025.12.10-20.08.40:123][252]PIE: Play in editor total start time 0,104 seconds.
[2025.12.10-20.08.40:934][320]LogViewport: Display: Viewport MouseLockMode Changed, DoNotLock -> LockOnCapture
[2025.12.10-20.08.40:934][320]LogViewport: Display: Viewport MouseCaptureMode Changed, NoCapture -> CapturePermanently
[2025.12.10-20.08.40:935][320]LogNet: Browse: /Game/Workplace/Maps/FirstLevel
[2025.12.10-20.08.40:935][320]LogLoad: LoadMap: /Game/Workplace/Maps/FirstLevel
[2025.12.10-20.08.40:935][320]LogWorld: BeginTearingDown for /Game/Workplace/Maps/UEDPIE_0_StartMenu
[2025.12.10-20.08.40:935][320]LogWorld: UWorld::CleanupWorld for StartMenu, bSessionEnded=true, bCleanupResources=true
[2025.12.10-20.08.40:936][320]LogSlate: InvalidateAllWidgets triggered.  All widgets were invalidated
[2025.12.10-20.08.40:989][320]LogAudio: Display: Audio Device unregistered from world 'None'.
[2025.12.10-20.08.40:992][320]LogUObjectHash: Compacting FUObjectHashTables data took   2.51ms
[2025.12.10-20.08.40:996][320]LogAudio: Display: Audio Device (ID: 10) registered with world 'FirstLevel'.
[2025.12.10-20.08.40:997][320]LogAIModule: Creating AISystem for world FirstLevel
[2025.12.10-20.08.40:997][320]LogLoad: Game class is 'BP_GameMode_C'
[2025.12.10-20.08.41:001][320]LogWorld: Bringing World /Game/Workplace/Maps/UEDPIE_0_FirstLevel.FirstLevel up for play (max tick rate 0) at 2025.12.10-23.08.41
[2025.12.10-20.08.41:001][320]LogWorld: Bringing up level for play took: 0.003323
[2025.12.10-20.08.41:002][320]LogSpawn: Warning: SpawnActor failed because no class was specified
[2025.12.10-20.08.41:003][320]LogLoad: Took 0.067876 seconds to LoadMap(/Game/Workplace/Maps/FirstLevel)
[2025.12.10-20.08.41:958][400]LogBlueprintUserMessages: [BP_TestClickActor2_2] BP_TestClickActor2
[2025.12.10-20.08.41:968][401]LogBlueprintUserMessages: [BP_TestClickActor2_2] BP_TestClickActor2
[2025.12.10-20.08.42:192][422]LogBlueprintUserMessages: [BP_TestClickActor2_2] BP_TestClickActor2
[2025.12.10-20.08.42:201][423]LogBlueprintUserMessages: [BP_TestClickActor2_2] BP_TestClickActor2
[2025.12.10-20.08.42:213][424]LogBlueprintUserMessages: [BP_TestClickActor2_2] BP_TestClickActor2
[2025.12.10-20.08.42:225][425]LogBlueprintUserMessages: [BP_TestClickActor2_2] BP_TestClickActor2
[2025.12.10-20.08.42:234][426]LogBlueprintUserMessages: [BP_TestClickActor2_2] BP_TestClickActor2
[2025.12.10-20.08.42:994][493]LogSlate: Updating window title bar state: overlay mode, drag disabled, window buttons hidden, title bar hidden
[2025.12.10-20.08.42:994][493]LogWorld: BeginTearingDown for /Game/Workplace/Maps/UEDPIE_0_FirstLevel
[2025.12.10-20.08.42:995][493]LogSlate: Window 'Mini_laboratory Preview [NetMode: Standalone]  (64-bit/Windows) ' being destroyed
[2025.12.10-20.08.42:999][493]LogWorld: UWorld::CleanupWorld for FirstLevel, bSessionEnded=true, bCleanupResources=true
[2025.12.10-20.08.42:999][493]LogSlate: InvalidateAllWidgets triggered.  All widgets were invalidated
[2025.12.10-20.08.43:014][493]LogPlayLevel: Display: Shutting down PIE online subsystems
[2025.12.10-20.08.43:021][493]LogSlate: InvalidateAllWidgets triggered.  All widgets were invalidated
[2025.12.10-20.08.43:053][493]LogAudioMixer: FMixerPlatformXAudio2::StopAudioStream() called
[2025.12.10-20.08.43:056][493]LogAudioMixer: FMixerPlatformXAudio2::StopAudioStream() called
[2025.12.10-20.08.43:063][493]LogUObjectHash: Compacting FUObjectHashTables data took   2.36ms
[2025.12.10-20.08.43:077][494]LogPlayLevel: Display: Destroying online subsystem :Context_21
[2025.12.10-20.08.55:787][426]LogUObjectHash: Compacting FUObjectHashTables data took   4.44ms
[2025.12.10-20.08.55:819][426]LogAssetEditorSubsystem: Opening Asset editor for World /Game/Workplace/Maps/FirstLevel.FirstLevel
[2025.12.10-20.08.55:819][426]Cmd: MAP LOAD FILE="../../../../../../WORKPLACE/Mini_laboratory/MEPhI_VR_term_1/Mini_laboratory/Content/Workplace/Maps/FirstLevel.umap" TEMPLATE=0 SHOWPROGRESS=1 FEATURELEVEL=3
[2025.12.10-20.08.55:819][426]LightingResults: New page: Lighting Build
[2025.12.10-20.08.55:819][426]LoadErrors: New page: Loading map: FirstLevel.umap
[2025.12.10-20.08.55:854][426]LogWorld: UWorld::CleanupWorld for StartMenu, bSessionEnded=true, bCleanupResources=true
[2025.12.10-20.08.55:854][426]LogSlate: InvalidateAllWidgets triggered.  All widgets were invalidated
[2025.12.10-20.08.55:854][426]MapCheck: New page: Map Check
[2025.12.10-20.08.55:854][426]LightingResults: New page: Lighting Build
[2025.12.10-20.08.55:881][426]LogAudio: Display: Audio Device unregistered from world 'None'.
[2025.12.10-20.08.55:884][426]LogUObjectHash: Compacting FUObjectHashTables data took   2.63ms
[2025.12.10-20.08.55:884][426]LogAudio: Display: Audio Device (ID: 1) registered with world 'FirstLevel'.
[2025.12.10-20.08.55:961][426]LogEditorServer: Finished looking for orphan Actors (0.000 secs)
[2025.12.10-20.08.55:961][426]LogAIModule: Creating AISystem for world FirstLevel
[2025.12.10-20.08.55:991][426]LogUObjectHash: Compacting FUObjectHashTables data took   2.37ms
[2025.12.10-20.08.55:995][426]Cmd: MAP CHECKDEP NOCLEARLOG
[2025.12.10-20.08.55:995][426]MapCheck: Map check complete: 0 Error(s), 0 Warning(s), took 0,065ms to complete.
[2025.12.10-20.08.55:995][426]LogFileHelpers: Loading map 'FirstLevel' took 0.177
[2025.12.10-20.09.07:692][270]LogEditorViewport: Clicking on Actor (LMB): BP_Sky_Sphere_C (Sky Sphere)
[2025.12.10-20.09.08:985][358]LogTemp: Repeating last play command: New Editor Window (PIE)
[2025.12.10-20.09.08:990][358]LogPlayLevel: PlayLevel: No blueprints needed recompiling
[2025.12.10-20.09.08:991][358]PIE: New page: PIE session: FirstLevel (11 дек. 2025 г., 02:09:08)
[2025.12.10-20.09.08:991][358]LogPlayLevel: Creating play world package: /Game/Workplace/Maps/UEDPIE_0_FirstLevel
[2025.12.10-20.09.08:993][358]LogPlayLevel: PIE: StaticDuplicateObject took: (0.002346s)
[2025.12.10-20.09.08:994][358]LogAIModule: Creating AISystem for world FirstLevel
[2025.12.10-20.09.08:994][358]LogPlayLevel: PIE: World Init took: (0.001252s)
[2025.12.10-20.09.08:994][358]LogPlayLevel: PIE: Created PIE world by copying editor world from /Game/Workplace/Maps/FirstLevel.FirstLevel to /Game/Workplace/Maps/UEDPIE_0_FirstLevel.FirstLevel (0.003748s)
[2025.12.10-20.09.09:024][358]LogUObjectHash: Compacting FUObjectHashTables data took   2.22ms
[2025.12.10-20.09.09:027][358]LogAudio: Display: Creating Audio Device:                 Id: 11, Scope: Unique, Realtime: True
[2025.12.10-20.09.09:027][358]LogAudioMixer: Display: Audio Mixer Platform Settings:
[2025.12.10-20.09.09:027][358]LogAudioMixer: Display: 	Sample Rate:						  48000
[2025.12.10-20.09.09:027][358]LogAudioMixer: Display: 	Callback Buffer Frame Size Requested: 1024
[2025.12.10-20.09.09:027][358]LogAudioMixer: Display: 	Callback Buffer Frame Size To Use:	  1024
[2025.12.10-20.09.09:027][358]LogAudioMixer: Display: 	Number of buffers to queue:			  2
[2025.12.10-20.09.09:027][358]LogAudioMixer: Display: 	Max Channels (voices):				  32
[2025.12.10-20.09.09:027][358]LogAudioMixer: Display: 	Number of Async Source Workers:		  0
[2025.12.10-20.09.09:027][358]LogAudio: Display: AudioDevice MaxSources: 32
[2025.12.10-20.09.09:028][358]LogAudio: Display: Audio Spatialization Plugin: None (built-in).
[2025.12.10-20.09.09:028][358]LogAudio: Display: Audio Reverb Plugin: None (built-in).
[2025.12.10-20.09.09:028][358]LogAudio: Display: Audio Occlusion Plugin: None (built-in).
[2025.12.10-20.09.09:028][358]LogAudioMixer: Display: Initializing audio mixer.
[2025.12.10-20.09.09:030][358]LogAudioMixer: Display: 0: FrontLeft
[2025.12.10-20.09.09:030][358]LogAudioMixer: Display: 1: FrontRight
[2025.12.10-20.09.09:040][358]LogAudioMixer: Display: Using Audio Device Наушники (Realtek(R) Audio)
[2025.12.10-20.09.09:040][358]LogAudioMixer: Display: Initializing Sound Submixes...
[2025.12.10-20.09.09:040][358]LogAudioMixer: Display: Creating Master Submix 'MasterSubmixDefault'
[2025.12.10-20.09.09:040][358]LogAudioMixer: Display: Creating Master Submix 'MasterReverbSubmixDefault'
[2025.12.10-20.09.09:040][358]LogAudioMixer: Display: Creating Master Submix 'MasterEQSubmixDefault'
[2025.12.10-20.09.09:040][358]LogAudioMixer: FMixerPlatformXAudio2::StartAudioStream() called
[2025.12.10-20.09.09:040][358]LogAudioMixer: Display: Output buffers initialized: Frames=1024, Channels=2, Samples=2048
[2025.12.10-20.09.09:041][358]LogAudioMixer: Display: Starting AudioMixerPlatformInterface::RunInternal()
[2025.12.10-20.09.09:041][358]LogAudioMixer: Display: FMixerPlatformXAudio2::SubmitBuffer() called for the first time
[2025.12.10-20.09.09:041][358]LogInit: FAudioDevice initialized.
[2025.12.10-20.09.09:041][358]LogAudio: Display: Audio Device (ID: 11) registered with world 'FirstLevel'.
[2025.12.10-20.09.09:086][358]LogSlate: Updating window title bar state: overlay mode, drag disabled, window buttons hidden, title bar hidden
[2025.12.10-20.09.09:086][358]LogLoad: Game class is 'BP_GameMode_C'
[2025.12.10-20.09.09:087][358]LogWorld: Bringing World /Game/Workplace/Maps/UEDPIE_0_FirstLevel.FirstLevel up for play (max tick rate 0) at 2025.12.10-23.09.09
[2025.12.10-20.09.09:087][358]LogWorld: Bringing up level for play took: 0.001086
[2025.12.10-20.09.09:088][358]LogOnline: OSS: Creating online subsystem instance for: :Context_22
[2025.12.10-20.09.09:090][358]LogSpawn: Warning: SpawnActor failed because no class was specified
[2025.12.10-20.09.09:092][358]PIE: Server logged in
[2025.12.10-20.09.09:093][358]PIE: Play in editor total start time 0,104 seconds.
[2025.12.10-20.09.12:794][690]LogSlate: Updating window title bar state: overlay mode, drag disabled, window buttons hidden, title bar hidden
[2025.12.10-20.09.12:794][690]LogWorld: BeginTearingDown for /Game/Workplace/Maps/UEDPIE_0_FirstLevel
[2025.12.10-20.09.12:794][690]LogSlate: Window 'Mini_laboratory Preview [NetMode: Standalone]  (64-bit/Windows) ' being destroyed
[2025.12.10-20.09.12:799][690]LogWorld: UWorld::CleanupWorld for FirstLevel, bSessionEnded=true, bCleanupResources=true
[2025.12.10-20.09.12:799][690]LogSlate: InvalidateAllWidgets triggered.  All widgets were invalidated
[2025.12.10-20.09.12:818][690]LogPlayLevel: Display: Shutting down PIE online subsystems
[2025.12.10-20.09.12:827][690]LogSlate: InvalidateAllWidgets triggered.  All widgets were invalidated
[2025.12.10-20.09.12:859][690]LogAudio: Display: Audio Device unregistered from world 'None'.
[2025.12.10-20.09.12:860][690]LogAudioMixer: FMixerPlatformXAudio2::StopAudioStream() called
[2025.12.10-20.09.12:861][690]LogAudioMixer: FMixerPlatformXAudio2::StopAudioStream() called
[2025.12.10-20.09.12:866][690]LogUObjectHash: Compacting FUObjectHashTables data took   2.38ms
[2025.12.10-20.09.12:895][691]LogPlayLevel: Display: Destroying online subsystem :Context_22
[2025.12.10-20.09.47:844][843]LogUObjectHash: Compacting FUObjectHashTables data took   3.53ms
[2025.12.10-20.09.49:334][843]LogSlate: Window 'Save Content' being destroyed
[2025.12.10-20.09.49:392][843]LogUObjectHash: Compacting FUObjectHashTables data took   0.55ms
[2025.12.10-20.09.49:399][843]LogSavePackage: Moving '../../../../../../WORKPLACE/Mini_laboratory/MEPhI_VR_term_1/Mini_laboratory/Saved/FirstLevelCA4028AB43DDDB6593B93AA0F7238446.tmp' to '../../../../../../WORKPLACE/Mini_laboratory/MEPhI_VR_term_1/Mini_laboratory/Content/Workplace/Maps/FirstLevel.umap'
[2025.12.10-20.09.49:403][843]LogFileHelpers: Saving map 'FirstLevel' took 0.040
[2025.12.10-20.09.49:438][843]LogAssetEditorSubsystem: Opening Asset editor for World /Game/Workplace/Maps/StartMenu.StartMenu
[2025.12.10-20.09.49:438][843]Cmd: MAP LOAD FILE="../../../../../../WORKPLACE/Mini_laboratory/MEPhI_VR_term_1/Mini_laboratory/Content/Workplace/Maps/StartMenu.umap" TEMPLATE=0 SHOWPROGRESS=1 FEATURELEVEL=3
[2025.12.10-20.09.49:438][843]LightingResults: New page: Lighting Build
[2025.12.10-20.09.49:438][843]LoadErrors: New page: Loading map: StartMenu.umap
[2025.12.10-20.09.49:440][843]LogWorld: UWorld::CleanupWorld for FirstLevel, bSessionEnded=true, bCleanupResources=true
[2025.12.10-20.09.49:440][843]LogSlate: InvalidateAllWidgets triggered.  All widgets were invalidated
[2025.12.10-20.09.49:440][843]MapCheck: New page: Map Check
[2025.12.10-20.09.49:440][843]LightingResults: New page: Lighting Build
[2025.12.10-20.09.49:471][843]LogAudio: Display: Audio Device unregistered from world 'None'.
[2025.12.10-20.09.49:477][843]LogUObjectHash: Compacting FUObjectHashTables data took   5.65ms
[2025.12.10-20.09.49:477][843]LogAudio: Display: Audio Device (ID: 1) registered with world 'StartMenu'.
[2025.12.10-20.09.49:498][843]LogEditorServer: Finished looking for orphan Actors (0.000 secs)
[2025.12.10-20.09.49:498][843]LogAIModule: Creating AISystem for world StartMenu
[2025.12.10-20.09.49:532][843]LogUObjectHash: Compacting FUObjectHashTables data took   2.30ms
[2025.12.10-20.09.49:535][843]Cmd: MAP CHECKDEP NOCLEARLOG
[2025.12.10-20.09.49:535][843]MapCheck: Map check complete: 0 Error(s), 0 Warning(s), took 0,061ms to complete.
[2025.12.10-20.09.49:535][843]LogFileHelpers: Loading map 'StartMenu' took 0.097
[2025.12.10-20.09.49:560][843]AssetCheck: New page: Asset Save: FirstLevel
[2025.12.10-20.09.49:560][843]LogContentValidation: Display: Validating World /Game/Workplace/Maps/FirstLevel.FirstLevel
[2025.12.10-20.09.50:720][922]LogTemp: Repeating last play command: New Editor Window (PIE)
[2025.12.10-20.09.50:725][922]LogPlayLevel: PlayLevel: No blueprints needed recompiling
[2025.12.10-20.09.50:725][922]PIE: New page: PIE session: StartMenu (11 дек. 2025 г., 02:09:50)
[2025.12.10-20.09.50:725][922]LogPlayLevel: Creating play world package: /Game/Workplace/Maps/UEDPIE_0_StartMenu
[2025.12.10-20.09.50:726][922]LogPlayLevel: PIE: StaticDuplicateObject took: (0.000899s)
[2025.12.10-20.09.50:727][922]LogAIModule: Creating AISystem for world StartMenu
[2025.12.10-20.09.50:727][922]LogPlayLevel: PIE: World Init took: (0.000765s)
[2025.12.10-20.09.50:727][922]LogPlayLevel: PIE: Created PIE world by copying editor world from /Game/Workplace/Maps/StartMenu.StartMenu to /Game/Workplace/Maps/UEDPIE_0_StartMenu.StartMenu (0.001740s)
[2025.12.10-20.09.50:759][922]LogUObjectHash: Compacting FUObjectHashTables data took   2.49ms
[2025.12.10-20.09.50:760][922]LogAudio: Display: Creating Audio Device:                 Id: 12, Scope: Unique, Realtime: True
[2025.12.10-20.09.50:760][922]LogAudioMixer: Display: Audio Mixer Platform Settings:
[2025.12.10-20.09.50:760][922]LogAudioMixer: Display: 	Sample Rate:						  48000
[2025.12.10-20.09.50:760][922]LogAudioMixer: Display: 	Callback Buffer Frame Size Requested: 1024
[2025.12.10-20.09.50:760][922]LogAudioMixer: Display: 	Callback Buffer Frame Size To Use:	  1024
[2025.12.10-20.09.50:760][922]LogAudioMixer: Display: 	Number of buffers to queue:			  2
[2025.12.10-20.09.50:760][922]LogAudioMixer: Display: 	Max Channels (voices):				  32
[2025.12.10-20.09.50:760][922]LogAudioMixer: Display: 	Number of Async Source Workers:		  0
[2025.12.10-20.09.50:760][922]LogAudio: Display: AudioDevice MaxSources: 32
[2025.12.10-20.09.50:761][922]LogAudio: Display: Audio Spatialization Plugin: None (built-in).
[2025.12.10-20.09.50:761][922]LogAudio: Display: Audio Reverb Plugin: None (built-in).
[2025.12.10-20.09.50:761][922]LogAudio: Display: Audio Occlusion Plugin: None (built-in).
[2025.12.10-20.09.50:761][922]LogAudioMixer: Display: Initializing audio mixer.
[2025.12.10-20.09.50:763][922]LogAudioMixer: Display: 0: FrontLeft
[2025.12.10-20.09.50:763][922]LogAudioMixer: Display: 1: FrontRight
[2025.12.10-20.09.50:774][922]LogAudioMixer: Display: Using Audio Device Наушники (Realtek(R) Audio)
[2025.12.10-20.09.50:774][922]LogAudioMixer: Display: Initializing Sound Submixes...
[2025.12.10-20.09.50:774][922]LogAudioMixer: Display: Creating Master Submix 'MasterSubmixDefault'
[2025.12.10-20.09.50:774][922]LogAudioMixer: Display: Creating Master Submix 'MasterReverbSubmixDefault'
[2025.12.10-20.09.50:775][922]LogAudioMixer: Display: Creating Master Submix 'MasterEQSubmixDefault'
[2025.12.10-20.09.50:775][922]LogAudioMixer: FMixerPlatformXAudio2::StartAudioStream() called
[2025.12.10-20.09.50:775][922]LogAudioMixer: Display: Output buffers initialized: Frames=1024, Channels=2, Samples=2048
[2025.12.10-20.09.50:776][922]LogAudioMixer: Display: Starting AudioMixerPlatformInterface::RunInternal()
[2025.12.10-20.09.50:776][922]LogAudioMixer: Display: FMixerPlatformXAudio2::SubmitBuffer() called for the first time
[2025.12.10-20.09.50:776][922]LogInit: FAudioDevice initialized.
[2025.12.10-20.09.50:776][922]LogAudio: Display: Audio Device (ID: 12) registered with world 'StartMenu'.
[2025.12.10-20.09.50:823][922]LogSlate: Updating window title bar state: overlay mode, drag disabled, window buttons hidden, title bar hidden
[2025.12.10-20.09.50:823][922]LogLoad: Game class is 'BP_GameMode_C'
[2025.12.10-20.09.50:824][922]LogWorld: Bringing World /Game/Workplace/Maps/UEDPIE_0_StartMenu.StartMenu up for play (max tick rate 0) at 2025.12.10-23.09.50
[2025.12.10-20.09.50:824][922]LogWorld: Bringing up level for play took: 0.000349
[2025.12.10-20.09.50:824][922]LogOnline: OSS: Creating online subsystem instance for: :Context_23
[2025.12.10-20.09.50:826][922]LogSpawn: Warning: SpawnActor failed because no class was specified
[2025.12.10-20.09.50:827][922]LogPlayerController: Error: InputMode:UIOnly - Attempting to focus Non-Focusable widget SObjectWidget [Widget.cpp(799)]!
[2025.12.10-20.09.50:827][922]LogViewport: Display: Viewport MouseLockMode Changed, LockOnCapture -> DoNotLock
[2025.12.10-20.09.50:827][922]LogViewport: Display: Viewport MouseCaptureMode Changed, CapturePermanently_IncludingInitialMouseDown -> NoCapture
[2025.12.10-20.09.50:828][922]PIE: Server logged in
[2025.12.10-20.09.50:829][922]PIE: Play in editor total start time 0,105 seconds.
[2025.12.10-20.09.51:646][984]LogViewport: Display: Viewport MouseLockMode Changed, DoNotLock -> LockOnCapture
[2025.12.10-20.09.51:646][984]LogViewport: Display: Viewport MouseCaptureMode Changed, NoCapture -> CapturePermanently
[2025.12.10-20.09.51:647][984]LogNet: Browse: /Game/Workplace/Maps/FirstLevel
[2025.12.10-20.09.51:647][984]LogLoad: LoadMap: /Game/Workplace/Maps/FirstLevel
[2025.12.10-20.09.51:647][984]LogWorld: BeginTearingDown for /Game/Workplace/Maps/UEDPIE_0_StartMenu
[2025.12.10-20.09.51:647][984]LogWorld: UWorld::CleanupWorld for StartMenu, bSessionEnded=true, bCleanupResources=true
[2025.12.10-20.09.51:647][984]LogSlate: InvalidateAllWidgets triggered.  All widgets were invalidated
[2025.12.10-20.09.51:700][984]LogAudio: Display: Audio Device unregistered from world 'None'.
[2025.12.10-20.09.51:702][984]LogUObjectHash: Compacting FUObjectHashTables data took   2.21ms
[2025.12.10-20.09.51:702][984]LogPlayLevel: Creating play world package: /Game/Workplace/Maps/UEDPIE_0_FirstLevel
[2025.12.10-20.09.51:704][984]LogPlayLevel: PIE: StaticDuplicateObject took: (0.002450s)
[2025.12.10-20.09.51:705][984]LogAIModule: Creating AISystem for world FirstLevel
[2025.12.10-20.09.51:705][984]LogPlayLevel: PIE: World Init took: (0.000962s)
[2025.12.10-20.09.51:705][984]LogPlayLevel: PIE: Created PIE world by copying editor world from /Game/Workplace/Maps/FirstLevel.FirstLevel to /Game/Workplace/Maps/UEDPIE_0_FirstLevel.FirstLevel (0.003523s)
[2025.12.10-20.09.51:705][984]LogAudio: Display: Audio Device (ID: 12) registered with world 'FirstLevel'.
[2025.12.10-20.09.51:706][984]LogLoad: Game class is 'BP_GameMode_C'
[2025.12.10-20.09.51:706][984]LogWorld: Bringing World /Game/Workplace/Maps/UEDPIE_0_FirstLevel.FirstLevel up for play (max tick rate 0) at 2025.12.10-23.09.51
[2025.12.10-20.09.51:707][984]LogWorld: Bringing up level for play took: 0.000520
[2025.12.10-20.09.51:707][984]LogSpawn: Warning: SpawnActor failed because no class was specified
[2025.12.10-20.09.51:709][984]LogLoad: Took 0.061220 seconds to LoadMap(/Game/Workplace/Maps/UEDPIE_0_FirstLevel)
[2025.12.10-20.09.53:331][139]LogBlueprintUserMessages: [BP_TestClickActor2_2] BP_TestClickActor2
[2025.12.10-20.09.53:340][140]LogBlueprintUserMessages: [BP_TestClickActor2_2] BP_TestClickActor2
[2025.12.10-20.09.53:351][141]LogBlueprintUserMessages: [BP_TestClickActor2_2] BP_TestClickActor2
[2025.12.10-20.09.53:505][156]LogBlueprintUserMessages: [BP_TestClickActor2_2] BP_TestClickActor2
[2025.12.10-20.09.53:515][157]LogBlueprintUserMessages: [BP_TestClickActor2_2] BP_TestClickActor2
[2025.12.10-20.09.53:524][158]LogBlueprintUserMessages: [BP_TestClickActor2_2] BP_TestClickActor2
[2025.12.10-20.09.53:535][159]LogBlueprintUserMessages: [BP_TestClickActor2_2] BP_TestClickActor2
[2025.12.10-20.09.53:544][160]LogBlueprintUserMessages: [BP_TestClickActor2_2] BP_TestClickActor2
[2025.12.10-20.09.53:555][161]LogBlueprintUserMessages: [BP_TestClickActor2_2] BP_TestClickActor2
[2025.12.10-20.09.55:171][318]LogBlueprintUserMessages: [BP_TestClickActor3_2] BP_TestClickActor3
[2025.12.10-20.09.55:182][319]LogBlueprintUserMessages: [BP_TestClickActor3_2] BP_TestClickActor3
[2025.12.10-20.09.55:194][320]LogBlueprintUserMessages: [BP_TestClickActor3_2] BP_TestClickActor3
[2025.12.10-20.09.55:204][321]LogBlueprintUserMessages: [BP_TestClickActor3_2] BP_TestClickActor3
[2025.12.10-20.09.55:214][322]LogBlueprintUserMessages: [BP_TestClickActor3_2] BP_TestClickActor3
[2025.12.10-20.09.55:225][323]LogBlueprintUserMessages: [BP_TestClickActor3_2] BP_TestClickActor3
[2025.12.10-20.09.55:319][332]LogBlueprintUserMessages: [BP_TestClickActor3_2] BP_TestClickActor3
[2025.12.10-20.09.55:330][333]LogBlueprintUserMessages: [BP_TestClickActor3_2] BP_TestClickActor3
[2025.12.10-20.09.55:339][334]LogBlueprintUserMessages: [BP_TestClickActor3_2] BP_TestClickActor3
[2025.12.10-20.09.55:350][335]LogBlueprintUserMessages: [BP_TestClickActor3_2] BP_TestClickActor3
[2025.12.10-20.09.55:363][336]LogBlueprintUserMessages: [BP_TestClickActor3_2] BP_TestClickActor3
[2025.12.10-20.09.55:372][337]LogBlueprintUserMessages: [BP_TestClickActor3_2] BP_TestClickActor3
[2025.12.10-20.09.55:384][338]LogBlueprintUserMessages: [BP_TestClickActor3_2] BP_TestClickActor3
[2025.12.10-20.09.55:947][392]LogBlueprintUserMessages: [BP_TestClickActor3_2] BP_TestClickActor3
[2025.12.10-20.09.55:957][393]LogBlueprintUserMessages: [BP_TestClickActor3_2] BP_TestClickActor3
[2025.12.10-20.09.55:967][394]LogBlueprintUserMessages: [BP_TestClickActor3_2] BP_TestClickActor3
[2025.12.10-20.09.55:977][395]LogBlueprintUserMessages: [BP_TestClickActor3_2] BP_TestClickActor3
[2025.12.10-20.09.55:986][396]LogBlueprintUserMessages: [BP_TestClickActor3_2] BP_TestClickActor3
[2025.12.10-20.09.55:998][397]LogBlueprintUserMessages: [BP_TestClickActor3_2] BP_TestClickActor3
[2025.12.10-20.09.56:103][407]LogBlueprintUserMessages: [BP_TestClickActor3_2] BP_TestClickActor3
[2025.12.10-20.09.56:113][408]LogBlueprintUserMessages: [BP_TestClickActor3_2] BP_TestClickActor3
[2025.12.10-20.09.56:124][409]LogBlueprintUserMessages: [BP_TestClickActor3_2] BP_TestClickActor3
[2025.12.10-20.09.56:134][410]LogBlueprintUserMessages: [BP_TestClickActor3_2] BP_TestClickActor3
[2025.12.10-20.09.56:145][411]LogBlueprintUserMessages: [BP_TestClickActor3_2] BP_TestClickActor3
[2025.12.10-20.09.56:155][412]LogBlueprintUserMessages: [BP_TestClickActor3_2] BP_TestClickActor3
[2025.12.10-20.09.58:136][599]LogBlueprintUserMessages: [BP_TestClickActor2_2] BP_TestClickActor2
[2025.12.10-20.09.58:145][600]LogBlueprintUserMessages: [BP_TestClickActor2_2] BP_TestClickActor2
[2025.12.10-20.09.58:156][601]LogBlueprintUserMessages: [BP_TestClickActor2_2] BP_TestClickActor2
[2025.12.10-20.09.58:167][602]LogBlueprintUserMessages: [BP_TestClickActor2_2] BP_TestClickActor2
[2025.12.10-20.09.58:176][603]LogBlueprintUserMessages: [BP_TestClickActor2_2] BP_TestClickActor2
[2025.12.10-20.09.58:187][604]LogBlueprintUserMessages: [BP_TestClickActor2_2] BP_TestClickActor2
[2025.12.10-20.09.58:289][614]LogBlueprintUserMessages: [BP_TestClickActor2_2] BP_TestClickActor2
[2025.12.10-20.09.58:300][615]LogBlueprintUserMessages: [BP_TestClickActor2_2] BP_TestClickActor2
[2025.12.10-20.09.58:309][616]LogBlueprintUserMessages: [BP_TestClickActor2_2] BP_TestClickActor2
[2025.12.10-20.09.58:321][617]LogBlueprintUserMessages: [BP_TestClickActor2_2] BP_TestClickActor2
[2025.12.10-20.09.58:330][618]LogBlueprintUserMessages: [BP_TestClickActor2_2] BP_TestClickActor2
[2025.12.10-20.09.58:341][619]LogBlueprintUserMessages: [BP_TestClickActor2_2] BP_TestClickActor2
[2025.12.10-20.09.58:469][631]LogBlueprintUserMessages: [BP_TestClickActor2_2] BP_TestClickActor2
[2025.12.10-20.09.58:476][632]LogBlueprintUserMessages: [BP_TestClickActor2_2] BP_TestClickActor2
[2025.12.10-20.09.58:487][633]LogBlueprintUserMessages: [BP_TestClickActor2_2] BP_TestClickActor2
[2025.12.10-20.09.58:497][634]LogBlueprintUserMessages: [BP_TestClickActor2_2] BP_TestClickActor2
[2025.12.10-20.09.58:508][635]LogBlueprintUserMessages: [BP_TestClickActor2_2] BP_TestClickActor2
[2025.12.10-20.09.58:519][636]LogBlueprintUserMessages: [BP_TestClickActor2_2] BP_TestClickActor2
[2025.12.10-20.09.58:529][637]LogBlueprintUserMessages: [BP_TestClickActor2_2] BP_TestClickActor2
[2025.12.10-20.10.02:010][975]LogBlueprintUserMessages: [BP_TestClickActor2_2] BP_TestClickActor2
[2025.12.10-20.10.02:019][976]LogBlueprintUserMessages: [BP_TestClickActor2_2] BP_TestClickActor2
[2025.12.10-20.10.02:031][977]LogBlueprintUserMessages: [BP_TestClickActor2_2] BP_TestClickActor2
[2025.12.10-20.10.02:041][978]LogBlueprintUserMessages: [BP_TestClickActor2_2] BP_TestClickActor2
[2025.12.10-20.10.02:050][979]LogBlueprintUserMessages: [BP_TestClickActor2_2] BP_TestClickActor2
[2025.12.10-20.10.02:062][980]LogBlueprintUserMessages: [BP_TestClickActor2_2] BP_TestClickActor2
[2025.12.10-20.10.02:073][981]LogBlueprintUserMessages: [BP_TestClickActor2_2] BP_TestClickActor2
[2025.12.10-20.10.02:082][982]LogBlueprintUserMessages: [BP_TestClickActor2_2] BP_TestClickActor2
[2025.12.10-20.10.02:178][991]LogBlueprintUserMessages: [BP_TestClickActor2_2] BP_TestClickActor2
[2025.12.10-20.10.02:186][992]LogBlueprintUserMessages: [BP_TestClickActor2_2] BP_TestClickActor2
[2025.12.10-20.10.02:197][993]LogBlueprintUserMessages: [BP_TestClickActor2_2] BP_TestClickActor2
[2025.12.10-20.10.02:208][994]LogBlueprintUserMessages: [BP_TestClickActor2_2] BP_TestClickActor2
[2025.12.10-20.10.02:218][995]LogBlueprintUserMessages: [BP_TestClickActor2_2] BP_TestClickActor2
[2025.12.10-20.10.02:229][996]LogBlueprintUserMessages: [BP_TestClickActor2_2] BP_TestClickActor2
[2025.12.10-20.10.02:240][997]LogBlueprintUserMessages: [BP_TestClickActor2_2] BP_TestClickActor2
[2025.12.10-20.10.02:249][998]LogBlueprintUserMessages: [BP_TestClickActor2_2] BP_TestClickActor2
[2025.12.10-20.10.05:336][298]LogBlueprintUserMessages: [BP_TestClickActor3_2] BP_TestClickActor3
[2025.12.10-20.10.05:347][299]LogBlueprintUserMessages: [BP_TestClickActor3_2] BP_TestClickActor3
[2025.12.10-20.10.05:357][300]LogBlueprintUserMessages: [BP_TestClickActor3_2] BP_TestClickActor3
[2025.12.10-20.10.05:368][301]LogBlueprintUserMessages: [BP_TestClickActor3_2] BP_TestClickActor3
[2025.12.10-20.10.05:377][302]LogBlueprintUserMessages: [BP_TestClickActor3_2] BP_TestClickActor3
[2025.12.10-20.10.05:388][303]LogBlueprintUserMessages: [BP_TestClickActor3_2] BP_TestClickActor3
[2025.12.10-20.10.05:399][304]LogBlueprintUserMessages: [BP_TestClickActor3_2] BP_TestClickActor3
[2025.12.10-20.10.05:484][312]LogBlueprintUserMessages: [BP_TestClickActor3_2] BP_TestClickActor3
[2025.12.10-20.10.05:492][313]LogBlueprintUserMessages: [BP_TestClickActor3_2] BP_TestClickActor3
[2025.12.10-20.10.05:504][314]LogBlueprintUserMessages: [BP_TestClickActor3_2] BP_TestClickActor3
[2025.12.10-20.10.05:512][315]LogBlueprintUserMessages: [BP_TestClickActor3_2] BP_TestClickActor3
[2025.12.10-20.10.05:523][316]LogBlueprintUserMessages: [BP_TestClickActor3_2] BP_TestClickActor3
[2025.12.10-20.10.05:534][317]LogBlueprintUserMessages: [BP_TestClickActor3_2] BP_TestClickActor3
[2025.12.10-20.10.05:542][318]LogBlueprintUserMessages: [BP_TestClickActor3_2] BP_TestClickActor3
[2025.12.10-20.10.05:554][319]LogBlueprintUserMessages: [BP_TestClickActor3_2] BP_TestClickActor3
[2025.12.10-20.10.05:658][329]LogBlueprintUserMessages: [BP_TestClickActor3_2] BP_TestClickActor3
[2025.12.10-20.10.05:669][330]LogBlueprintUserMessages: [BP_TestClickActor3_2] BP_TestClickActor3
[2025.12.10-20.10.05:680][331]LogBlueprintUserMessages: [BP_TestClickActor3_2] BP_TestClickActor3
[2025.12.10-20.10.05:688][332]LogBlueprintUserMessages: [BP_TestClickActor3_2] BP_TestClickActor3
[2025.12.10-20.10.05:698][333]LogBlueprintUserMessages: [BP_TestClickActor3_2] BP_TestClickActor3
[2025.12.10-20.10.08:628][617]LogBlueprintUserMessages: [BP_TestClickActor3_2] BP_TestClickActor3
[2025.12.10-20.10.08:638][618]LogBlueprintUserMessages: [BP_TestClickActor3_2] BP_TestClickActor3
[2025.12.10-20.10.08:647][619]LogBlueprintUserMessages: [BP_TestClickActor3_2] BP_TestClickActor3
[2025.12.10-20.10.08:658][620]LogBlueprintUserMessages: [BP_TestClickActor3_2] BP_TestClickActor3
[2025.12.10-20.10.08:667][621]LogBlueprintUserMessages: [BP_TestClickActor3_2] BP_TestClickActor3
[2025.12.10-20.10.08:678][622]LogBlueprintUserMessages: [BP_TestClickActor3_2] BP_TestClickActor3
[2025.12.10-20.10.08:794][633]LogBlueprintUserMessages: [BP_TestClickActor3_2] BP_TestClickActor3
[2025.12.10-20.10.08:804][634]LogBlueprintUserMessages: [BP_TestClickActor3_2] BP_TestClickActor3
[2025.12.10-20.10.08:813][635]LogBlueprintUserMessages: [BP_TestClickActor3_2] BP_TestClickActor3
[2025.12.10-20.10.08:824][636]LogBlueprintUserMessages: [BP_TestClickActor3_2] BP_TestClickActor3
[2025.12.10-20.10.08:833][637]LogBlueprintUserMessages: [BP_TestClickActor3_2] BP_TestClickActor3
[2025.12.10-20.10.08:844][638]LogBlueprintUserMessages: [BP_TestClickActor3_2] BP_TestClickActor3
[2025.12.10-20.10.08:948][648]LogBlueprintUserMessages: [BP_TestClickActor3_2] BP_TestClickActor3
[2025.12.10-20.10.08:959][649]LogBlueprintUserMessages: [BP_TestClickActor3_2] BP_TestClickActor3
[2025.12.10-20.10.08:968][650]LogBlueprintUserMessages: [BP_TestClickActor3_2] BP_TestClickActor3
[2025.12.10-20.10.08:980][651]LogBlueprintUserMessages: [BP_TestClickActor3_2] BP_TestClickActor3
[2025.12.10-20.10.08:990][652]LogBlueprintUserMessages: [BP_TestClickActor3_2] BP_TestClickActor3
[2025.12.10-20.10.09:097][662]LogBlueprintUserMessages: [BP_TestClickActor3_2] BP_TestClickActor3
[2025.12.10-20.10.09:107][663]LogBlueprintUserMessages: [BP_TestClickActor3_2] BP_TestClickActor3
[2025.12.10-20.10.09:117][664]LogBlueprintUserMessages: [BP_TestClickActor3_2] BP_TestClickActor3
[2025.12.10-20.10.09:128][665]LogBlueprintUserMessages: [BP_TestClickActor3_2] BP_TestClickActor3
[2025.12.10-20.10.09:139][666]LogBlueprintUserMessages: [BP_TestClickActor3_2] BP_TestClickActor3
[2025.12.10-20.10.09:148][667]LogBlueprintUserMessages: [BP_TestClickActor3_2] BP_TestClickActor3
[2025.12.10-20.10.13:502][ 83]LogBlueprintUserMessages: [BP_TestClickActor2_2] BP_TestClickActor2
[2025.12.10-20.10.13:513][ 84]LogBlueprintUserMessages: [BP_TestClickActor2_2] BP_TestClickActor2
[2025.12.10-20.10.13:522][ 85]LogBlueprintUserMessages: [BP_TestClickActor2_2] BP_TestClickActor2
[2025.12.10-20.10.13:533][ 86]LogBlueprintUserMessages: [BP_TestClickActor2_2] BP_TestClickActor2
[2025.12.10-20.10.13:544][ 87]LogBlueprintUserMessages: [BP_TestClickActor2_2] BP_TestClickActor2
[2025.12.10-20.10.13:553][ 88]LogBlueprintUserMessages: [BP_TestClickActor2_2] BP_TestClickActor2
[2025.12.10-20.10.13:668][ 99]LogBlueprintUserMessages: [BP_TestClickActor2_2] BP_TestClickActor2
[2025.12.10-20.10.13:679][100]LogBlueprintUserMessages: [BP_TestClickActor2_2] BP_TestClickActor2
[2025.12.10-20.10.13:688][101]LogBlueprintUserMessages: [BP_TestClickActor2_2] BP_TestClickActor2
[2025.12.10-20.10.13:699][102]LogBlueprintUserMessages: [BP_TestClickActor2_2] BP_TestClickActor2
[2025.12.10-20.10.13:806][112]LogBlueprintUserMessages: [BP_TestClickActor2_2] BP_TestClickActor2
[2025.12.10-20.10.13:817][113]LogBlueprintUserMessages: [BP_TestClickActor2_2] BP_TestClickActor2
[2025.12.10-20.10.13:827][114]LogBlueprintUserMessages: [BP_TestClickActor2_2] BP_TestClickActor2
[2025.12.10-20.10.13:836][115]LogBlueprintUserMessages: [BP_TestClickActor2_2] BP_TestClickActor2
[2025.12.10-20.10.13:847][116]LogBlueprintUserMessages: [BP_TestClickActor2_2] BP_TestClickActor2
[2025.12.10-20.10.13:945][125]LogBlueprintUserMessages: [BP_TestClickActor2_2] BP_TestClickActor2
[2025.12.10-20.10.13:954][126]LogBlueprintUserMessages: [BP_TestClickActor2_2] BP_TestClickActor2
[2025.12.10-20.10.13:965][127]LogBlueprintUserMessages: [BP_TestClickActor2_2] BP_TestClickActor2
[2025.12.10-20.10.13:977][128]LogBlueprintUserMessages: [BP_TestClickActor2_2] BP_TestClickActor2
[2025.12.10-20.10.16:587][378]LogBlueprintUserMessages: [BP_TestClickActor3_2] BP_TestClickActor3
[2025.12.10-20.10.16:596][379]LogBlueprintUserMessages: [BP_TestClickActor3_2] BP_TestClickActor3
[2025.12.10-20.10.16:607][380]LogBlueprintUserMessages: [BP_TestClickActor3_2] BP_TestClickActor3
[2025.12.10-20.10.16:617][381]LogBlueprintUserMessages: [BP_TestClickActor3_2] BP_TestClickActor3
[2025.12.10-20.10.16:626][382]LogBlueprintUserMessages: [BP_TestClickActor3_2] BP_TestClickActor3
[2025.12.10-20.10.16:637][383]LogBlueprintUserMessages: [BP_TestClickActor3_2] BP_TestClickActor3
[2025.12.10-20.10.18:715][584]LogBlueprintUserMessages: [BP_TestClickActor3_2] BP_TestClickActor3
[2025.12.10-20.10.18:723][585]LogBlueprintUserMessages: [BP_TestClickActor3_2] BP_TestClickActor3
[2025.12.10-20.10.18:734][586]LogBlueprintUserMessages: [BP_TestClickActor3_2] BP_TestClickActor3
[2025.12.10-20.10.18:744][587]LogBlueprintUserMessages: [BP_TestClickActor3_2] BP_TestClickActor3
[2025.12.10-20.10.18:753][588]LogBlueprintUserMessages: [BP_TestClickActor3_2] BP_TestClickActor3
[2025.12.10-20.10.18:877][600]LogBlueprintUserMessages: [BP_TestClickActor3_2] BP_TestClickActor3
[2025.12.10-20.10.18:886][601]LogBlueprintUserMessages: [BP_TestClickActor3_2] BP_TestClickActor3
[2025.12.10-20.10.18:896][602]LogBlueprintUserMessages: [BP_TestClickActor3_2] BP_TestClickActor3
[2025.12.10-20.10.18:906][603]LogBlueprintUserMessages: [BP_TestClickActor3_2] BP_TestClickActor3
[2025.12.10-20.10.18:917][604]LogBlueprintUserMessages: [BP_TestClickActor3_2] BP_TestClickActor3
[2025.12.10-20.10.21:961][905]LogBlueprintUserMessages: [BP_TestClickActor3_2] BP_TestClickActor3
[2025.12.10-20.10.21:972][906]LogBlueprintUserMessages: [BP_TestClickActor3_2] BP_TestClickActor3
[2025.12.10-20.10.21:981][907]LogBlueprintUserMessages: [BP_TestClickActor3_2] BP_TestClickActor3
[2025.12.10-20.10.21:992][908]LogBlueprintUserMessages: [BP_TestClickActor3_2] BP_TestClickActor3
[2025.12.10-20.10.22:004][909]LogBlueprintUserMessages: [BP_TestClickActor3_2] BP_TestClickActor3
[2025.12.10-20.10.22:014][910]LogBlueprintUserMessages: [BP_TestClickActor3_2] BP_TestClickActor3
[2025.12.10-20.10.22:136][922]LogBlueprintUserMessages: [BP_TestClickActor3_2] BP_TestClickActor3
[2025.12.10-20.10.22:145][923]LogBlueprintUserMessages: [BP_TestClickActor3_2] BP_TestClickActor3
[2025.12.10-20.10.22:156][924]LogBlueprintUserMessages: [BP_TestClickActor3_2] BP_TestClickActor3
[2025.12.10-20.10.22:165][925]LogBlueprintUserMessages: [BP_TestClickActor3_2] BP_TestClickActor3
[2025.12.10-20.10.22:176][926]LogBlueprintUserMessages: [BP_TestClickActor3_2] BP_TestClickActor3
[2025.12.10-20.10.22:185][927]LogBlueprintUserMessages: [BP_TestClickActor3_2] BP_TestClickActor3
[2025.12.10-20.10.23:540][ 61]LogBlueprintUserMessages: [BP_TestClickActor3_2] BP_TestClickActor3
[2025.12.10-20.10.23:550][ 62]LogBlueprintUserMessages: [BP_TestClickActor3_2] BP_TestClickActor3
[2025.12.10-20.10.23:560][ 63]LogBlueprintUserMessages: [BP_TestClickActor3_2] BP_TestClickActor3
[2025.12.10-20.10.23:572][ 64]LogBlueprintUserMessages: [BP_TestClickActor3_2] BP_TestClickActor3
[2025.12.10-20.10.23:582][ 65]LogBlueprintUserMessages: [BP_TestClickActor3_2] BP_TestClickActor3
[2025.12.10-20.10.23:591][ 66]LogBlueprintUserMessages: [BP_TestClickActor3_2] BP_TestClickActor3
[2025.12.10-20.10.23:602][ 67]LogBlueprintUserMessages: [BP_TestClickActor3_2] BP_TestClickActor3
[2025.12.10-20.10.23:611][ 68]LogBlueprintUserMessages: [BP_TestClickActor3_2] BP_TestClickActor3
[2025.12.10-20.10.23:748][ 81]LogBlueprintUserMessages: [BP_TestClickActor3_2] BP_TestClickActor3
[2025.12.10-20.10.23:757][ 82]LogBlueprintUserMessages: [BP_TestClickActor3_2] BP_TestClickActor3
[2025.12.10-20.10.23:768][ 83]LogBlueprintUserMessages: [BP_TestClickActor3_2] BP_TestClickActor3
[2025.12.10-20.10.23:776][ 84]LogBlueprintUserMessages: [BP_TestClickActor3_2] BP_TestClickActor3
[2025.12.10-20.10.23:787][ 85]LogBlueprintUserMessages: [BP_TestClickActor3_2] BP_TestClickActor3
[2025.12.10-20.10.23:798][ 86]LogBlueprintUserMessages: [BP_TestClickActor3_2] BP_TestClickActor3
[2025.12.10-20.10.23:922][ 98]LogBlueprintUserMessages: [BP_TestClickActor3_2] BP_TestClickActor3
[2025.12.10-20.10.23:933][ 99]LogBlueprintUserMessages: [BP_TestClickActor3_2] BP_TestClickActor3
[2025.12.10-20.10.23:942][100]LogBlueprintUserMessages: [BP_TestClickActor3_2] BP_TestClickActor3
[2025.12.10-20.10.23:953][101]LogBlueprintUserMessages: [BP_TestClickActor3_2] BP_TestClickActor3
[2025.12.10-20.10.24:416][146]LogBlueprintUserMessages: [BP_TestClickActor3_2] BP_TestClickActor3
[2025.12.10-20.10.24:425][147]LogBlueprintUserMessages: [BP_TestClickActor3_2] BP_TestClickActor3
[2025.12.10-20.10.24:436][148]LogBlueprintUserMessages: [BP_TestClickActor3_2] BP_TestClickActor3
[2025.12.10-20.10.24:447][149]LogBlueprintUserMessages: [BP_TestClickActor3_2] BP_TestClickActor3
[2025.12.10-20.10.24:456][150]LogBlueprintUserMessages: [BP_TestClickActor3_2] BP_TestClickActor3
[2025.12.10-20.10.24:467][151]LogBlueprintUserMessages: [BP_TestClickActor3_2] BP_TestClickActor3
[2025.12.10-20.10.24:901][193]LogBlueprintUserMessages: [BP_TestClickActor3_2] BP_TestClickActor3
[2025.12.10-20.10.24:911][194]LogBlueprintUserMessages: [BP_TestClickActor3_2] BP_TestClickActor3
[2025.12.10-20.10.24:921][195]LogBlueprintUserMessages: [BP_TestClickActor3_2] BP_TestClickActor3
[2025.12.10-20.10.24:932][196]LogBlueprintUserMessages: [BP_TestClickActor3_2] BP_TestClickActor3
[2025.12.10-20.10.24:941][197]LogBlueprintUserMessages: [BP_TestClickActor3_2] BP_TestClickActor3
[2025.12.10-20.10.25:079][210]LogBlueprintUserMessages: [BP_TestClickActor3_2] BP_TestClickActor3
[2025.12.10-20.10.25:087][211]LogBlueprintUserMessages: [BP_TestClickActor3_2] BP_TestClickActor3
[2025.12.10-20.10.25:098][212]LogBlueprintUserMessages: [BP_TestClickActor3_2] BP_TestClickActor3
[2025.12.10-20.10.25:107][213]LogBlueprintUserMessages: [BP_TestClickActor3_2] BP_TestClickActor3
[2025.12.10-20.10.25:235][225]LogBlueprintUserMessages: [BP_TestClickActor3_2] BP_TestClickActor3
[2025.12.10-20.10.25:244][226]LogBlueprintUserMessages: [BP_TestClickActor3_2] BP_TestClickActor3
[2025.12.10-20.10.25:254][227]LogBlueprintUserMessages: [BP_TestClickActor3_2] BP_TestClickActor3
[2025.12.10-20.10.27:277][425]LogBlueprintUserMessages: [BP_TestClickActor3_2] BP_TestClickActor3
[2025.12.10-20.10.27:287][426]LogBlueprintUserMessages: [BP_TestClickActor3_2] BP_TestClickActor3
[2025.12.10-20.10.27:296][427]LogBlueprintUserMessages: [BP_TestClickActor3_2] BP_TestClickActor3
[2025.12.10-20.10.27:306][428]LogBlueprintUserMessages: [BP_TestClickActor3_2] BP_TestClickActor3
[2025.12.10-20.10.27:316][429]LogBlueprintUserMessages: [BP_TestClickActor3_2] BP_TestClickActor3
[2025.12.10-20.10.27:326][430]LogBlueprintUserMessages: [BP_TestClickActor3_2] BP_TestClickActor3
[2025.12.10-20.10.27:428][440]LogBlueprintUserMessages: [BP_TestClickActor3_2] BP_TestClickActor3
[2025.12.10-20.10.27:439][441]LogBlueprintUserMessages: [BP_TestClickActor3_2] BP_TestClickActor3
[2025.12.10-20.10.27:447][442]LogBlueprintUserMessages: [BP_TestClickActor3_2] BP_TestClickActor3
[2025.12.10-20.10.27:458][443]LogBlueprintUserMessages: [BP_TestClickActor3_2] BP_TestClickActor3
[2025.12.10-20.10.27:466][444]LogBlueprintUserMessages: [BP_TestClickActor3_2] BP_TestClickActor3
[2025.12.10-20.10.27:477][445]LogBlueprintUserMessages: [BP_TestClickActor3_2] BP_TestClickActor3
[2025.12.10-20.10.27:771][474]LogBlueprintUserMessages: [BP_TestClickActor3_2] BP_TestClickActor3
[2025.12.10-20.10.27:781][475]LogBlueprintUserMessages: [BP_TestClickActor3_2] BP_TestClickActor3
[2025.12.10-20.10.27:791][476]LogBlueprintUserMessages: [BP_TestClickActor3_2] BP_TestClickActor3
[2025.12.10-20.10.27:800][477]LogBlueprintUserMessages: [BP_TestClickActor3_2] BP_TestClickActor3
[2025.12.10-20.10.27:811][478]LogBlueprintUserMessages: [BP_TestClickActor3_2] BP_TestClickActor3
[2025.12.10-20.10.27:822][479]LogBlueprintUserMessages: [BP_TestClickActor3_2] BP_TestClickActor3
[2025.12.10-20.10.29:094][602]LogSlate: Updating window title bar state: overlay mode, drag disabled, window buttons hidden, title bar hidden
[2025.12.10-20.10.29:094][602]LogWorld: BeginTearingDown for /Game/Workplace/Maps/UEDPIE_0_FirstLevel
[2025.12.10-20.10.29:094][602]LogSlate: Window 'Mini_laboratory Preview [NetMode: Standalone]  (64-bit/Windows) ' being destroyed
[2025.12.10-20.10.29:100][602]LogWorld: UWorld::CleanupWorld for FirstLevel, bSessionEnded=true, bCleanupResources=true
[2025.12.10-20.10.29:100][602]LogSlate: InvalidateAllWidgets triggered.  All widgets were invalidated
[2025.12.10-20.10.29:109][602]LogPlayLevel: Display: Shutting down PIE online subsystems
[2025.12.10-20.10.29:114][602]LogSlate: InvalidateAllWidgets triggered.  All widgets were invalidated
[2025.12.10-20.10.29:144][602]LogAudioMixer: FMixerPlatformXAudio2::StopAudioStream() called
[2025.12.10-20.10.29:145][602]LogAudioMixer: FMixerPlatformXAudio2::StopAudioStream() called
[2025.12.10-20.10.29:154][602]LogUObjectHash: Compacting FUObjectHashTables data took   2.61ms
[2025.12.10-20.10.29:169][603]LogPlayLevel: Display: Destroying online subsystem :Context_23
[2025.12.10-20.10.36:658][407]LogUObjectHash: Compacting FUObjectHashTables data took   2.20ms
[2025.12.10-20.10.36:684][407]LogAssetEditorSubsystem: Opening Asset editor for World /Game/Workplace/Maps/FirstLevel.FirstLevel
[2025.12.10-20.10.36:684][407]Cmd: MAP LOAD FILE="../../../../../../WORKPLACE/Mini_laboratory/MEPhI_VR_term_1/Mini_laboratory/Content/Workplace/Maps/FirstLevel.umap" TEMPLATE=0 SHOWPROGRESS=1 FEATURELEVEL=3
[2025.12.10-20.10.36:684][407]LightingResults: New page: Lighting Build
[2025.12.10-20.10.36:684][407]LoadErrors: New page: Loading map: FirstLevel.umap
[2025.12.10-20.10.36:714][407]LogWorld: UWorld::CleanupWorld for StartMenu, bSessionEnded=true, bCleanupResources=true
[2025.12.10-20.10.36:714][407]LogSlate: InvalidateAllWidgets triggered.  All widgets were invalidated
[2025.12.10-20.10.36:714][407]MapCheck: New page: Map Check
[2025.12.10-20.10.36:714][407]LightingResults: New page: Lighting Build
[2025.12.10-20.10.36:740][407]LogAudio: Display: Audio Device unregistered from world 'None'.
[2025.12.10-20.10.36:743][407]LogUObjectHash: Compacting FUObjectHashTables data took   2.41ms
[2025.12.10-20.10.36:743][407]LogAudio: Display: Audio Device (ID: 1) registered with world 'FirstLevel'.
[2025.12.10-20.10.36:812][407]LogEditorServer: Finished looking for orphan Actors (0.000 secs)
[2025.12.10-20.10.36:812][407]LogAIModule: Creating AISystem for world FirstLevel
[2025.12.10-20.10.36:841][407]LogUObjectHash: Compacting FUObjectHashTables data took   2.26ms
[2025.12.10-20.10.36:845][407]Cmd: MAP CHECKDEP NOCLEARLOG
[2025.12.10-20.10.36:845][407]MapCheck: Map check complete: 0 Error(s), 0 Warning(s), took 0,065ms to complete.
[2025.12.10-20.10.36:845][407]LogFileHelpers: Loading map 'FirstLevel' took 0.161
[2025.12.10-20.10.59:223][629]LogWorld: UWorld::CleanupWorld for World_3, bSessionEnded=true, bCleanupResources=true
[2025.12.10-20.10.59:223][629]LogSlate: InvalidateAllWidgets triggered.  All widgets were invalidated
[2025.12.10-20.11.00:055][695]LogActorComponent: UnregisterComponent: (/Engine/Transient.EditorFloorComp) Not registered. Aborting.
[2025.12.10-20.11.00:055][695]LogWorld: UWorld::CleanupWorld for World_11, bSessionEnded=true, bCleanupResources=true
[2025.12.10-20.11.00:055][695]LogSlate: InvalidateAllWidgets triggered.  All widgets were invalidated
[2025.12.10-20.11.08:186][398]BlueprintLog: New page: Compile BP_Button
[2025.12.10-20.11.08:236][398]LogUObjectHash: Compacting FUObjectHashTables data took   3.41ms
[2025.12.10-20.11.08:889][437]LogSavePackage: Moving '../../../../../../WORKPLACE/Mini_laboratory/MEPhI_VR_term_1/Mini_laboratory/Saved/BP_ButtonFFB89C6A430EF12F3E722A962683D802.tmp' to '../../../../../../WORKPLACE/Mini_laboratory/MEPhI_VR_term_1/Mini_laboratory/Content/Workplace/Blueprints/BP_Button.uasset'
[2025.12.10-20.11.08:956][437]AssetCheck: New page: Asset Save: BP_Button
[2025.12.10-20.11.08:956][437]LogContentValidation: Display: Validating Blueprint /Game/Workplace/Blueprints/BP_Button.BP_Button
[2025.12.10-20.11.34:255][415]BlueprintLog: New page: Compile BP_Button
[2025.12.10-20.11.34:300][415]LogUObjectHash: Compacting FUObjectHashTables data took   3.19ms
[2025.12.10-20.11.34:709][437]LogSavePackage: Moving '../../../../../../WORKPLACE/Mini_laboratory/MEPhI_VR_term_1/Mini_laboratory/Saved/BP_Button06747FC54DA8B53BD0FCA0AB26715E01.tmp' to '../../../../../../WORKPLACE/Mini_laboratory/MEPhI_VR_term_1/Mini_laboratory/Content/Workplace/Blueprints/BP_Button.uasset'
[2025.12.10-20.11.34:829][437]AssetCheck: New page: Asset Save: BP_Button
[2025.12.10-20.11.34:829][437]LogContentValidation: Display: Validating Blueprint /Game/Workplace/Blueprints/BP_Button.BP_Button
[2025.12.10-20.11.35:185][464]BlueprintLog: New page: Compile BP_Button
[2025.12.10-20.11.35:235][464]LogUObjectHash: Compacting FUObjectHashTables data took   3.54ms
[2025.12.10-20.11.35:899][508]LogSavePackage: Moving '../../../../../../WORKPLACE/Mini_laboratory/MEPhI_VR_term_1/Mini_laboratory/Saved/BP_ButtonEFC9945440CECC61F89615A4A6D723A7.tmp' to '../../../../../../WORKPLACE/Mini_laboratory/MEPhI_VR_term_1/Mini_laboratory/Content/Workplace/Blueprints/BP_Button.uasset'
[2025.12.10-20.11.35:946][508]AssetCheck: New page: Asset Save: BP_Button
[2025.12.10-20.11.35:946][508]LogContentValidation: Display: Validating Blueprint /Game/Workplace/Blueprints/BP_Button.BP_Button
[2025.12.10-20.11.36:419][540]BlueprintLog: New page: Compile BP_Button
[2025.12.10-20.11.36:461][540]LogUObjectHash: Compacting FUObjectHashTables data took   3.07ms
[2025.12.10-20.11.36:832][558]LogSavePackage: Moving '../../../../../../WORKPLACE/Mini_laboratory/MEPhI_VR_term_1/Mini_laboratory/Saved/BP_ButtonF69FDE85494CB0A4CF3C0489FA1C3C08.tmp' to '../../../../../../WORKPLACE/Mini_laboratory/MEPhI_VR_term_1/Mini_laboratory/Content/Workplace/Blueprints/BP_Button.uasset'
[2025.12.10-20.11.36:850][558]AssetCheck: New page: Asset Save: BP_Button
[2025.12.10-20.11.36:850][558]LogContentValidation: Display: Validating Blueprint /Game/Workplace/Blueprints/BP_Button.BP_Button
[2025.12.10-20.11.37:149][575]BlueprintLog: New page: Compile BP_Button
[2025.12.10-20.11.37:190][575]LogUObjectHash: Compacting FUObjectHashTables data took   3.12ms
[2025.12.10-20.11.37:619][596]LogSavePackage: Moving '../../../../../../WORKPLACE/Mini_laboratory/MEPhI_VR_term_1/Mini_laboratory/Saved/BP_Button65A3ACF6437215A04AF1DF89E42053BC.tmp' to '../../../../../../WORKPLACE/Mini_laboratory/MEPhI_VR_term_1/Mini_laboratory/Content/Workplace/Blueprints/BP_Button.uasset'
[2025.12.10-20.11.37:637][596]AssetCheck: New page: Asset Save: BP_Button
[2025.12.10-20.11.37:637][596]LogContentValidation: Display: Validating Blueprint /Game/Workplace/Blueprints/BP_Button.BP_Button
[2025.12.10-20.11.37:928][613]BlueprintLog: New page: Compile BP_Button
[2025.12.10-20.11.37:971][613]LogUObjectHash: Compacting FUObjectHashTables data took   3.24ms
[2025.12.10-20.11.38:333][630]LogSavePackage: Moving '../../../../../../WORKPLACE/Mini_laboratory/MEPhI_VR_term_1/Mini_laboratory/Saved/BP_ButtonC06630E744911BF4E4E5E5B51A7CBBAA.tmp' to '../../../../../../WORKPLACE/Mini_laboratory/MEPhI_VR_term_1/Mini_laboratory/Content/Workplace/Blueprints/BP_Button.uasset'
[2025.12.10-20.11.38:373][630]AssetCheck: New page: Asset Save: BP_Button
[2025.12.10-20.11.38:373][630]LogContentValidation: Display: Validating Blueprint /Game/Workplace/Blueprints/BP_Button.BP_Button
[2025.12.10-20.11.38:653][645]BlueprintLog: New page: Compile BP_Button
[2025.12.10-20.11.38:696][645]LogUObjectHash: Compacting FUObjectHashTables data took   3.30ms
[2025.12.10-20.11.39:051][660]LogSavePackage: Moving '../../../../../../WORKPLACE/Mini_laboratory/MEPhI_VR_term_1/Mini_laboratory/Saved/BP_ButtonB11F7B3B407DE479C8727E93470605EB.tmp' to '../../../../../../WORKPLACE/Mini_laboratory/MEPhI_VR_term_1/Mini_laboratory/Content/Workplace/Blueprints/BP_Button.uasset'
[2025.12.10-20.11.39:116][660]AssetCheck: New page: Asset Save: BP_Button
[2025.12.10-20.11.39:116][660]LogContentValidation: Display: Validating Blueprint /Game/Workplace/Blueprints/BP_Button.BP_Button
[2025.12.10-20.11.39:312][672]BlueprintLog: New page: Compile BP_Button
[2025.12.10-20.11.39:355][672]LogUObjectHash: Compacting FUObjectHashTables data took   3.16ms
[2025.12.10-20.11.39:712][689]LogSavePackage: Moving '../../../../../../WORKPLACE/Mini_laboratory/MEPhI_VR_term_1/Mini_laboratory/Saved/BP_Button336065694BABAC2AEE897780AD1D60E1.tmp' to '../../../../../../WORKPLACE/Mini_laboratory/MEPhI_VR_term_1/Mini_laboratory/Content/Workplace/Blueprints/BP_Button.uasset'
[2025.12.10-20.11.39:753][689]AssetCheck: New page: Asset Save: BP_Button
[2025.12.10-20.11.39:753][689]LogContentValidation: Display: Validating Blueprint /Game/Workplace/Blueprints/BP_Button.BP_Button
[2025.12.10-20.12.08:431][331]BlueprintLog: New page: Compile BP_Button
[2025.12.10-20.12.08:476][331]LogUObjectHash: Compacting FUObjectHashTables data took   3.46ms
[2025.12.10-20.12.08:961][355]LogSavePackage: Moving '../../../../../../WORKPLACE/Mini_laboratory/MEPhI_VR_term_1/Mini_laboratory/Saved/BP_Button09749F9248BE8078AEAFB086FF4B8E9E.tmp' to '../../../../../../WORKPLACE/Mini_laboratory/MEPhI_VR_term_1/Mini_laboratory/Content/Workplace/Blueprints/BP_Button.uasset'
[2025.12.10-20.12.09:010][355]AssetCheck: New page: Asset Save: BP_Button
[2025.12.10-20.12.09:010][355]LogContentValidation: Display: Validating Blueprint /Game/Workplace/Blueprints/BP_Button.BP_Button
[2025.12.10-20.12.36:993][379]BlueprintLog: New page: Compile BP_Button
[2025.12.10-20.12.37:039][379]LogUObjectHash: Compacting FUObjectHashTables data took   3.34ms
[2025.12.10-20.12.37:524][403]LogSavePackage: Moving '../../../../../../WORKPLACE/Mini_laboratory/MEPhI_VR_term_1/Mini_laboratory/Saved/BP_ButtonF8F23BF649A52CA8EF4D17A8CB781F52.tmp' to '../../../../../../WORKPLACE/Mini_laboratory/MEPhI_VR_term_1/Mini_laboratory/Content/Workplace/Blueprints/BP_Button.uasset'
[2025.12.10-20.12.37:548][403]AssetCheck: New page: Asset Save: BP_Button
[2025.12.10-20.12.37:548][403]LogContentValidation: Display: Validating Blueprint /Game/Workplace/Blueprints/BP_Button.BP_Button
[2025.12.10-20.12.37:973][429]BlueprintLog: New page: Compile BP_Button
[2025.12.10-20.12.38:021][429]LogUObjectHash: Compacting FUObjectHashTables data took   3.30ms
[2025.12.10-20.12.38:513][448]LogSavePackage: Moving '../../../../../../WORKPLACE/Mini_laboratory/MEPhI_VR_term_1/Mini_laboratory/Saved/BP_ButtonB8CE69694AC61196903F568685F0E948.tmp' to '../../../../../../WORKPLACE/Mini_laboratory/MEPhI_VR_term_1/Mini_laboratory/Content/Workplace/Blueprints/BP_Button.uasset'
[2025.12.10-20.12.38:595][448]AssetCheck: New page: Asset Save: BP_Button
[2025.12.10-20.12.38:595][448]LogContentValidation: Display: Validating Blueprint /Game/Workplace/Blueprints/BP_Button.BP_Button
[2025.12.10-20.12.56:837][403]BlueprintLog: New page: Compile BP_Button
[2025.12.10-20.12.56:840][403]LogBlueprint: Error: [AssetLog] D:\WORKPLACE\Mini_laboratory\MEPhI_VR_term_1\Mini_laboratory\Content\Workplace\Blueprints\BP_Button.uasset: [Compiler] This blueprint (self) is not a GlobalVariables_C, therefore ' Target ' must have a connection.
[2025.12.10-20.12.56:841][403]LogBlueprint: Error: [AssetLog] D:\WORKPLACE\Mini_laboratory\MEPhI_VR_term_1\Mini_laboratory\Content\Workplace\Blueprints\BP_Button.uasset: [Compiler] Variable node  Get LeftMousePressed  uses an invalid target.  It may depend on a node that is not connected to the execution chain, and got purged.
[2025.12.10-20.12.56:890][403]LogUObjectHash: Compacting FUObjectHashTables data took   3.22ms
[2025.12.10-20.12.57:430][430]LogSavePackage: Moving '../../../../../../WORKPLACE/Mini_laboratory/MEPhI_VR_term_1/Mini_laboratory/Saved/BP_Button80102B9C40B8A5242279D8BDE9ED74C7.tmp' to '../../../../../../WORKPLACE/Mini_laboratory/MEPhI_VR_term_1/Mini_laboratory/Content/Workplace/Blueprints/BP_Button.uasset'
[2025.12.10-20.12.57:454][430]AssetCheck: New page: Asset Save: BP_Button
[2025.12.10-20.12.57:454][430]LogContentValidation: Display: Validating Blueprint /Game/Workplace/Blueprints/BP_Button.BP_Button
[2025.12.10-20.13.11:032][234]BlueprintLog: New page: Compile BP_Button
[2025.12.10-20.13.11:079][234]LogUObjectHash: Compacting FUObjectHashTables data took   3.54ms
[2025.12.10-20.13.11:565][258]LogSavePackage: Moving '../../../../../../WORKPLACE/Mini_laboratory/MEPhI_VR_term_1/Mini_laboratory/Saved/BP_Button50915B4A4BC5E163F0D9428C220111A0.tmp' to '../../../../../../WORKPLACE/Mini_laboratory/MEPhI_VR_term_1/Mini_laboratory/Content/Workplace/Blueprints/BP_Button.uasset'
[2025.12.10-20.13.11:589][258]AssetCheck: New page: Asset Save: BP_Button
[2025.12.10-20.13.11:589][258]LogContentValidation: Display: Validating Blueprint /Game/Workplace/Blueprints/BP_Button.BP_Button
[2025.12.10-20.13.39:083][830]LogWindowsTextInputMethodSystem: Display: IME system deactivated.
[2025.12.10-20.13.39:083][830]LogWindowsTextInputMethodSystem: Display: IME system deactivated.
[2025.12.10-20.13.55:225][772]LogWindowsTextInputMethodSystem: Display: IME system deactivated.
[2025.12.10-20.13.55:226][772]LogWindowsTextInputMethodSystem: Display: IME system deactivated.
[2025.12.10-20.14.09:069][533]BlueprintLog: New page: Compile BP_Button
[2025.12.10-20.14.09:114][533]LogUObjectHash: Compacting FUObjectHashTables data took   3.66ms
[2025.12.10-20.14.09:607][558]LogSavePackage: Moving '../../../../../../WORKPLACE/Mini_laboratory/MEPhI_VR_term_1/Mini_laboratory/Saved/BP_Button326B229A4EB1C4CB963355BC2A2C7634.tmp' to '../../../../../../WORKPLACE/Mini_laboratory/MEPhI_VR_term_1/Mini_laboratory/Content/Workplace/Blueprints/BP_Button.uasset'
[2025.12.10-20.14.09:628][558]AssetCheck: New page: Asset Save: BP_Button
[2025.12.10-20.14.09:628][558]LogContentValidation: Display: Validating Blueprint /Game/Workplace/Blueprints/BP_Button.BP_Button
[2025.12.10-20.14.09:936][577]BlueprintLog: New page: Compile BP_Button
[2025.12.10-20.14.09:981][577]LogUObjectHash: Compacting FUObjectHashTables data took   3.79ms
[2025.12.10-20.14.10:405][598]LogSavePackage: Moving '../../../../../../WORKPLACE/Mini_laboratory/MEPhI_VR_term_1/Mini_laboratory/Saved/BP_Button7773CFC042F21C69CAAF0DAD45CB63CD.tmp' to '../../../../../../WORKPLACE/Mini_laboratory/MEPhI_VR_term_1/Mini_laboratory/Content/Workplace/Blueprints/BP_Button.uasset'
[2025.12.10-20.14.10:425][598]AssetCheck: New page: Asset Save: BP_Button
[2025.12.10-20.14.10:425][598]LogContentValidation: Display: Validating Blueprint /Game/Workplace/Blueprints/BP_Button.BP_Button
[2025.12.10-20.14.10:734][617]BlueprintLog: New page: Compile BP_Button
[2025.12.10-20.14.10:780][617]LogUObjectHash: Compacting FUObjectHashTables data took   3.35ms
[2025.12.10-20.15.22:632][608]BlueprintLog: New page: Compile BP_Button
[2025.12.10-20.15.22:686][608]LogUObjectHash: Compacting FUObjectHashTables data took   3.15ms
[2025.12.10-20.15.23:281][623]LogSavePackage: Moving '../../../../../../WORKPLACE/Mini_laboratory/MEPhI_VR_term_1/Mini_laboratory/Saved/BP_Button6D4277714119C944AD282FA40D54D6D8.tmp' to '../../../../../../WORKPLACE/Mini_laboratory/MEPhI_VR_term_1/Mini_laboratory/Content/Workplace/Blueprints/BP_Button.uasset'
[2025.12.10-20.15.23:313][623]AssetCheck: New page: Asset Save: BP_Button
[2025.12.10-20.15.23:313][623]LogContentValidation: Display: Validating Blueprint /Game/Workplace/Blueprints/BP_Button.BP_Button
[2025.12.10-20.15.23:655][644]BlueprintLog: New page: Compile BP_Button
[2025.12.10-20.15.23:702][644]LogUObjectHash: Compacting FUObjectHashTables data took   3.12ms
[2025.12.10-20.15.24:163][667]LogSavePackage: Moving '../../../../../../WORKPLACE/Mini_laboratory/MEPhI_VR_term_1/Mini_laboratory/Saved/BP_ButtonA2344C074351471FD0422787D58C0C69.tmp' to '../../../../../../WORKPLACE/Mini_laboratory/MEPhI_VR_term_1/Mini_laboratory/Content/Workplace/Blueprints/BP_Button.uasset'
[2025.12.10-20.15.24:197][667]AssetCheck: New page: Asset Save: BP_Button
[2025.12.10-20.15.24:197][667]LogContentValidation: Display: Validating Blueprint /Game/Workplace/Blueprints/BP_Button.BP_Button
[2025.12.10-20.15.55:632][479]BlueprintLog: New page: Compile BP_Button
[2025.12.10-20.15.55:678][479]LogUObjectHash: Compacting FUObjectHashTables data took   3.36ms
[2025.12.10-20.15.56:133][501]LogSavePackage: Moving '../../../../../../WORKPLACE/Mini_laboratory/MEPhI_VR_term_1/Mini_laboratory/Saved/BP_Button611DACC34C1E2B97AD54A8B415FD0089.tmp' to '../../../../../../WORKPLACE/Mini_laboratory/MEPhI_VR_term_1/Mini_laboratory/Content/Workplace/Blueprints/BP_Button.uasset'
[2025.12.10-20.15.56:155][501]AssetCheck: New page: Asset Save: BP_Button
[2025.12.10-20.15.56:155][501]LogContentValidation: Display: Validating Blueprint /Game/Workplace/Blueprints/BP_Button.BP_Button
[2025.12.10-20.15.56:479][521]BlueprintLog: New page: Compile BP_Button
[2025.12.10-20.15.56:524][521]LogUObjectHash: Compacting FUObjectHashTables data took   3.16ms
[2025.12.10-20.15.56:980][543]LogSavePackage: Moving '../../../../../../WORKPLACE/Mini_laboratory/MEPhI_VR_term_1/Mini_laboratory/Saved/BP_ButtonA0AFF4F74A7097860C42C180FA75A474.tmp' to '../../../../../../WORKPLACE/Mini_laboratory/MEPhI_VR_term_1/Mini_laboratory/Content/Workplace/Blueprints/BP_Button.uasset'
[2025.12.10-20.15.57:021][543]AssetCheck: New page: Asset Save: BP_Button
[2025.12.10-20.15.57:021][543]LogContentValidation: Display: Validating Blueprint /Game/Workplace/Blueprints/BP_Button.BP_Button
[2025.12.10-20.15.57:273][557]BlueprintLog: New page: Compile BP_Button
[2025.12.10-20.15.57:318][557]LogUObjectHash: Compacting FUObjectHashTables data took   3.41ms
[2025.12.10-20.15.57:745][578]LogSavePackage: Moving '../../../../../../WORKPLACE/Mini_laboratory/MEPhI_VR_term_1/Mini_laboratory/Saved/BP_Button76612EFE496871274F8CEE9B3734289A.tmp' to '../../../../../../WORKPLACE/Mini_laboratory/MEPhI_VR_term_1/Mini_laboratory/Content/Workplace/Blueprints/BP_Button.uasset'
[2025.12.10-20.15.57:854][578]AssetCheck: New page: Asset Save: BP_Button
[2025.12.10-20.15.57:854][578]LogContentValidation: Display: Validating Blueprint /Game/Workplace/Blueprints/BP_Button.BP_Button
[2025.12.10-20.15.58:088][592]BlueprintLog: New page: Compile BP_Button
[2025.12.10-20.15.58:138][592]LogUObjectHash: Compacting FUObjectHashTables data took   6.33ms
[2025.12.10-20.15.58:510][610]LogSavePackage: Moving '../../../../../../WORKPLACE/Mini_laboratory/MEPhI_VR_term_1/Mini_laboratory/Saved/BP_Button4578023E480BBD682699449FC4B5CA69.tmp' to '../../../../../../WORKPLACE/Mini_laboratory/MEPhI_VR_term_1/Mini_laboratory/Content/Workplace/Blueprints/BP_Button.uasset'
[2025.12.10-20.15.58:532][610]AssetCheck: New page: Asset Save: BP_Button
[2025.12.10-20.15.58:532][610]LogContentValidation: Display: Validating Blueprint /Game/Workplace/Blueprints/BP_Button.BP_Button
[2025.12.10-20.15.58:839][629]BlueprintLog: New page: Compile BP_Button
[2025.12.10-20.15.58:887][629]LogUObjectHash: Compacting FUObjectHashTables data took   3.27ms
[2025.12.10-20.15.59:241][646]LogSavePackage: Moving '../../../../../../WORKPLACE/Mini_laboratory/MEPhI_VR_term_1/Mini_laboratory/Saved/BP_Button91BE9D6E4E57ED2287589BA61630F13C.tmp' to '../../../../../../WORKPLACE/Mini_laboratory/MEPhI_VR_term_1/Mini_laboratory/Content/Workplace/Blueprints/BP_Button.uasset'
[2025.12.10-20.15.59:265][646]AssetCheck: New page: Asset Save: BP_Button
[2025.12.10-20.15.59:265][646]LogContentValidation: Display: Validating Blueprint /Game/Workplace/Blueprints/BP_Button.BP_Button
[2025.12.10-20.15.59:621][668]BlueprintLog: New page: Compile BP_Button
[2025.12.10-20.15.59:668][668]LogUObjectHash: Compacting FUObjectHashTables data took   3.27ms
[2025.12.10-20.16.00:139][686]LogSavePackage: Moving '../../../../../../WORKPLACE/Mini_laboratory/MEPhI_VR_term_1/Mini_laboratory/Saved/BP_ButtonC2A5F7CA4CF39B163539A9B399E734A6.tmp' to '../../../../../../WORKPLACE/Mini_laboratory/MEPhI_VR_term_1/Mini_laboratory/Content/Workplace/Blueprints/BP_Button.uasset'
[2025.12.10-20.16.00:160][686]AssetCheck: New page: Asset Save: BP_Button
[2025.12.10-20.16.00:160][686]LogContentValidation: Display: Validating Blueprint /Game/Workplace/Blueprints/BP_Button.BP_Button
[2025.12.10-20.16.35:244][715]BlueprintLog: New page: Compile BP_Button
[2025.12.10-20.16.35:291][715]LogUObjectHash: Compacting FUObjectHashTables data took   3.30ms
[2025.12.10-20.16.36:201][766]BlueprintLog: New page: Compile BP_Button
[2025.12.10-20.16.36:244][766]LogUObjectHash: Compacting FUObjectHashTables data took   3.12ms
[2025.12.10-20.16.36:655][786]LogSavePackage: Moving '../../../../../../WORKPLACE/Mini_laboratory/MEPhI_VR_term_1/Mini_laboratory/Saved/BP_Button96500A344654380F4B998595B073BEB4.tmp' to '../../../../../../WORKPLACE/Mini_laboratory/MEPhI_VR_term_1/Mini_laboratory/Content/Workplace/Blueprints/BP_Button.uasset'
[2025.12.10-20.16.36:676][786]AssetCheck: New page: Asset Save: BP_Button
[2025.12.10-20.16.36:676][786]LogContentValidation: Display: Validating Blueprint /Game/Workplace/Blueprints/BP_Button.BP_Button
[2025.12.10-20.16.37:034][808]BlueprintLog: New page: Compile BP_Button
[2025.12.10-20.16.37:081][808]LogUObjectHash: Compacting FUObjectHashTables data took   3.19ms
[2025.12.10-20.16.37:445][824]LogSavePackage: Moving '../../../../../../WORKPLACE/Mini_laboratory/MEPhI_VR_term_1/Mini_laboratory/Saved/BP_ButtonB89547814D090C4D34B361B18C3DBBB0.tmp' to '../../../../../../WORKPLACE/Mini_laboratory/MEPhI_VR_term_1/Mini_laboratory/Content/Workplace/Blueprints/BP_Button.uasset'
[2025.12.10-20.16.37:467][824]AssetCheck: New page: Asset Save: BP_Button
[2025.12.10-20.16.37:467][824]LogContentValidation: Display: Validating Blueprint /Game/Workplace/Blueprints/BP_Button.BP_Button
[2025.12.10-20.16.37:731][840]BlueprintLog: New page: Compile BP_Button
[2025.12.10-20.16.37:774][840]LogUObjectHash: Compacting FUObjectHashTables data took   3.50ms
[2025.12.10-20.16.38:127][857]LogSavePackage: Moving '../../../../../../WORKPLACE/Mini_laboratory/MEPhI_VR_term_1/Mini_laboratory/Saved/BP_Button04AC3EFB42D8BF4C198C3FA865D1B7CB.tmp' to '../../../../../../WORKPLACE/Mini_laboratory/MEPhI_VR_term_1/Mini_laboratory/Content/Workplace/Blueprints/BP_Button.uasset'
[2025.12.10-20.16.38:148][857]AssetCheck: New page: Asset Save: BP_Button
[2025.12.10-20.16.38:148][857]LogContentValidation: Display: Validating Blueprint /Game/Workplace/Blueprints/BP_Button.BP_Button
[2025.12.10-20.16.38:543][876]BlueprintLog: New page: Compile BP_Button
[2025.12.10-20.16.38:599][876]LogUObjectHash: Compacting FUObjectHashTables data took   3.26ms
[2025.12.10-20.16.38:893][890]LogSavePackage: Moving '../../../../../../WORKPLACE/Mini_laboratory/MEPhI_VR_term_1/Mini_laboratory/Saved/BP_Button0F1DF5BF48E489A961FDE8BE34475CE6.tmp' to '../../../../../../WORKPLACE/Mini_laboratory/MEPhI_VR_term_1/Mini_laboratory/Content/Workplace/Blueprints/BP_Button.uasset'
[2025.12.10-20.16.38:913][890]AssetCheck: New page: Asset Save: BP_Button
[2025.12.10-20.16.38:913][890]LogContentValidation: Display: Validating Blueprint /Game/Workplace/Blueprints/BP_Button.BP_Button
[2025.12.10-20.16.39:225][909]BlueprintLog: New page: Compile BP_Button
[2025.12.10-20.16.39:269][909]LogUObjectHash: Compacting FUObjectHashTables data took   3.10ms
[2025.12.10-20.16.39:631][926]LogSavePackage: Moving '../../../../../../WORKPLACE/Mini_laboratory/MEPhI_VR_term_1/Mini_laboratory/Saved/BP_Button091CCB76497A3F4E9DC3FDA767F4A98C.tmp' to '../../../../../../WORKPLACE/Mini_laboratory/MEPhI_VR_term_1/Mini_laboratory/Content/Workplace/Blueprints/BP_Button.uasset'
[2025.12.10-20.16.39:654][926]AssetCheck: New page: Asset Save: BP_Button
[2025.12.10-20.16.39:654][926]LogContentValidation: Display: Validating Blueprint /Game/Workplace/Blueprints/BP_Button.BP_Button
[2025.12.10-20.16.39:960][945]BlueprintLog: New page: Compile BP_Button
[2025.12.10-20.16.40:006][945]LogUObjectHash: Compacting FUObjectHashTables data took   3.58ms
[2025.12.10-20.16.40:778][985]LogSavePackage: Moving '../../../../../../WORKPLACE/Mini_laboratory/MEPhI_VR_term_1/Mini_laboratory/Saved/BP_Button62FD75CE4F6623DA644EB69E371BC837.tmp' to '../../../../../../WORKPLACE/Mini_laboratory/MEPhI_VR_term_1/Mini_laboratory/Content/Workplace/Blueprints/BP_Button.uasset'
[2025.12.10-20.16.40:797][985]AssetCheck: New page: Asset Save: BP_Button
[2025.12.10-20.16.40:797][985]LogContentValidation: Display: Validating Blueprint /Game/Workplace/Blueprints/BP_Button.BP_Button
[2025.12.10-20.18.13:182][258]LogSavePackage: Moving '../../../../../../WORKPLACE/Mini_laboratory/MEPhI_VR_term_1/Mini_laboratory/Saved/BP_Button09F741394CCD51AAFAD2A4AC98482519.tmp' to '../../../../../../WORKPLACE/Mini_laboratory/MEPhI_VR_term_1/Mini_laboratory/Content/Workplace/Blueprints/BP_Button.uasset'
[2025.12.10-20.18.13:203][258]AssetCheck: New page: Asset Save: BP_Button
[2025.12.10-20.18.13:203][258]LogContentValidation: Display: Validating Blueprint /Game/Workplace/Blueprints/BP_Button.BP_Button
[2025.12.10-20.18.13:965][303]BlueprintLog: New page: Compile BP_Button
[2025.12.10-20.18.14:012][303]LogUObjectHash: Compacting FUObjectHashTables data took   3.75ms
[2025.12.10-20.18.14:754][338]LogSavePackage: Moving '../../../../../../WORKPLACE/Mini_laboratory/MEPhI_VR_term_1/Mini_laboratory/Saved/BP_ButtonA0C457554A6C7796B8DB90980AC5923E.tmp' to '../../../../../../WORKPLACE/Mini_laboratory/MEPhI_VR_term_1/Mini_laboratory/Content/Workplace/Blueprints/BP_Button.uasset'
[2025.12.10-20.18.14:802][338]AssetCheck: New page: Asset Save: BP_Button
[2025.12.10-20.18.14:802][338]LogContentValidation: Display: Validating Blueprint /Game/Workplace/Blueprints/BP_Button.BP_Button
[2025.12.10-20.19.32:340][841]BlueprintLog: New page: Compile BP_Button
[2025.12.10-20.19.32:387][841]LogUObjectHash: Compacting FUObjectHashTables data took   3.27ms
[2025.12.10-20.19.32:827][862]LogSavePackage: Moving '../../../../../../WORKPLACE/Mini_laboratory/MEPhI_VR_term_1/Mini_laboratory/Saved/BP_ButtonE8F284824D402E3D70C96594375E5D3B.tmp' to '../../../../../../WORKPLACE/Mini_laboratory/MEPhI_VR_term_1/Mini_laboratory/Content/Workplace/Blueprints/BP_Button.uasset'
[2025.12.10-20.19.32:850][862]AssetCheck: New page: Asset Save: BP_Button
[2025.12.10-20.19.32:850][862]LogContentValidation: Display: Validating Blueprint /Game/Workplace/Blueprints/BP_Button.BP_Button
[2025.12.10-20.20.14:259][145]BlueprintLog: New page: Compile BP_Button
[2025.12.10-20.20.14:306][145]LogUObjectHash: Compacting FUObjectHashTables data took   3.27ms
[2025.12.10-20.20.14:746][165]LogSavePackage: Moving '../../../../../../WORKPLACE/Mini_laboratory/MEPhI_VR_term_1/Mini_laboratory/Saved/BP_ButtonDDB762994798C83D1F592190A5E65833.tmp' to '../../../../../../WORKPLACE/Mini_laboratory/MEPhI_VR_term_1/Mini_laboratory/Content/Workplace/Blueprints/BP_Button.uasset'
[2025.12.10-20.20.14:769][165]AssetCheck: New page: Asset Save: BP_Button
[2025.12.10-20.20.14:769][165]LogContentValidation: Display: Validating Blueprint /Game/Workplace/Blueprints/BP_Button.BP_Button
[2025.12.10-20.20.15:061][183]BlueprintLog: New page: Compile BP_Button
[2025.12.10-20.20.15:107][183]LogUObjectHash: Compacting FUObjectHashTables data took   3.26ms
[2025.12.10-20.20.15:578][204]LogSavePackage: Moving '../../../../../../WORKPLACE/Mini_laboratory/MEPhI_VR_term_1/Mini_laboratory/Saved/BP_ButtonC165AB4F4178F5B4B877FCBD161E4A47.tmp' to '../../../../../../WORKPLACE/Mini_laboratory/MEPhI_VR_term_1/Mini_laboratory/Content/Workplace/Blueprints/BP_Button.uasset'
[2025.12.10-20.20.15:627][204]AssetCheck: New page: Asset Save: BP_Button
[2025.12.10-20.20.15:627][204]LogContentValidation: Display: Validating Blueprint /Game/Workplace/Blueprints/BP_Button.BP_Button
[2025.12.10-20.20.18:148][334]BlueprintLog: New page: Compile BP_Button
[2025.12.10-20.20.18:194][334]LogUObjectHash: Compacting FUObjectHashTables data took   3.50ms
[2025.12.10-20.20.18:719][360]LogSavePackage: Moving '../../../../../../WORKPLACE/Mini_laboratory/MEPhI_VR_term_1/Mini_laboratory/Saved/BP_ButtonEC6AFF8D420C8FB187DB138E98912CD8.tmp' to '../../../../../../WORKPLACE/Mini_laboratory/MEPhI_VR_term_1/Mini_laboratory/Content/Workplace/Blueprints/BP_Button.uasset'
[2025.12.10-20.20.18:739][360]AssetCheck: New page: Asset Save: BP_Button
[2025.12.10-20.20.18:739][360]LogContentValidation: Display: Validating Blueprint /Game/Workplace/Blueprints/BP_Button.BP_Button
[2025.12.10-20.20.34:083][204]BlueprintLog: New page: Compile BP_Button
[2025.12.10-20.20.34:132][204]LogUObjectHash: Compacting FUObjectHashTables data took   4.12ms
[2025.12.10-20.20.34:785][235]LogSavePackage: Moving '../../../../../../WORKPLACE/Mini_laboratory/MEPhI_VR_term_1/Mini_laboratory/Saved/BP_Button11EDBD0A40904D407371C196C9E830D2.tmp' to '../../../../../../WORKPLACE/Mini_laboratory/MEPhI_VR_term_1/Mini_laboratory/Content/Workplace/Blueprints/BP_Button.uasset'
[2025.12.10-20.20.34:807][235]AssetCheck: New page: Asset Save: BP_Button
[2025.12.10-20.20.34:807][235]LogContentValidation: Display: Validating Blueprint /Game/Workplace/Blueprints/BP_Button.BP_Button
[2025.12.10-20.20.35:130][251]BlueprintLog: New page: Compile BP_Button
[2025.12.10-20.20.35:177][251]LogUObjectHash: Compacting FUObjectHashTables data took   3.56ms
[2025.12.10-20.20.35:806][281]LogSavePackage: Moving '../../../../../../WORKPLACE/Mini_laboratory/MEPhI_VR_term_1/Mini_laboratory/Saved/BP_Button123DFD634491EBC9F947688F4AA251FD.tmp' to '../../../../../../WORKPLACE/Mini_laboratory/MEPhI_VR_term_1/Mini_laboratory/Content/Workplace/Blueprints/BP_Button.uasset'
[2025.12.10-20.20.35:829][281]AssetCheck: New page: Asset Save: BP_Button
[2025.12.10-20.20.35:829][281]LogContentValidation: Display: Validating Blueprint /Game/Workplace/Blueprints/BP_Button.BP_Button
[2025.12.10-20.20.36:119][299]BlueprintLog: New page: Compile BP_Button
[2025.12.10-20.20.36:163][299]LogUObjectHash: Compacting FUObjectHashTables data took   3.09ms
[2025.12.10-20.20.36:853][333]LogSavePackage: Moving '../../../../../../WORKPLACE/Mini_laboratory/MEPhI_VR_term_1/Mini_laboratory/Saved/BP_Button28A45B0849AB2B434F089D9E97C6F216.tmp' to '../../../../../../WORKPLACE/Mini_laboratory/MEPhI_VR_term_1/Mini_laboratory/Content/Workplace/Blueprints/BP_Button.uasset'
[2025.12.10-20.20.36:875][333]AssetCheck: New page: Asset Save: BP_Button
[2025.12.10-20.20.36:875][333]LogContentValidation: Display: Validating Blueprint /Game/Workplace/Blueprints/BP_Button.BP_Button
[2025.12.10-20.20.37:199][353]BlueprintLog: New page: Compile BP_Button
[2025.12.10-20.20.37:245][353]LogUObjectHash: Compacting FUObjectHashTables data took   3.37ms
[2025.12.10-20.20.38:168][402]LogSavePackage: Moving '../../../../../../WORKPLACE/Mini_laboratory/MEPhI_VR_term_1/Mini_laboratory/Saved/BP_ButtonECA49EE14E145020049B918E7A155BA8.tmp' to '../../../../../../WORKPLACE/Mini_laboratory/MEPhI_VR_term_1/Mini_laboratory/Content/Workplace/Blueprints/BP_Button.uasset'
[2025.12.10-20.20.38:189][402]AssetCheck: New page: Asset Save: BP_Button
[2025.12.10-20.20.38:189][402]LogContentValidation: Display: Validating Blueprint /Game/Workplace/Blueprints/BP_Button.BP_Button
[2025.12.10-20.20.38:520][415]BlueprintLog: New page: Compile BP_Button
[2025.12.10-20.20.38:574][415]LogUObjectHash: Compacting FUObjectHashTables data took   3.30ms
[2025.12.10-20.20.39:024][437]LogSavePackage: Moving '../../../../../../WORKPLACE/Mini_laboratory/MEPhI_VR_term_1/Mini_laboratory/Saved/BP_Button3FFA15904F0A00BE5B07448755D4B467.tmp' to '../../../../../../WORKPLACE/Mini_laboratory/MEPhI_VR_term_1/Mini_laboratory/Content/Workplace/Blueprints/BP_Button.uasset'
[2025.12.10-20.20.39:052][437]AssetCheck: New page: Asset Save: BP_Button
[2025.12.10-20.20.39:052][437]LogContentValidation: Display: Validating Blueprint /Game/Workplace/Blueprints/BP_Button.BP_Button
[2025.12.10-20.20.57:394][489]BlueprintLog: New page: Compile BP_Button
[2025.12.10-20.20.57:442][489]LogUObjectHash: Compacting FUObjectHashTables data took   3.70ms
[2025.12.10-20.20.58:063][516]LogSavePackage: Moving '../../../../../../WORKPLACE/Mini_laboratory/MEPhI_VR_term_1/Mini_laboratory/Saved/BP_Button107452D74C5B2B6EB711229B996C6413.tmp' to '../../../../../../WORKPLACE/Mini_laboratory/MEPhI_VR_term_1/Mini_laboratory/Content/Workplace/Blueprints/BP_Button.uasset'
[2025.12.10-20.20.58:085][516]AssetCheck: New page: Asset Save: BP_Button
[2025.12.10-20.20.58:085][516]LogContentValidation: Display: Validating Blueprint /Game/Workplace/Blueprints/BP_Button.BP_Button
[2025.12.10-20.20.58:542][544]BlueprintLog: New page: Compile BP_Button
[2025.12.10-20.20.58:588][544]LogUObjectHash: Compacting FUObjectHashTables data took   3.27ms
[2025.12.10-20.20.59:008][564]LogSavePackage: Moving '../../../../../../WORKPLACE/Mini_laboratory/MEPhI_VR_term_1/Mini_laboratory/Saved/BP_ButtonAA14C388442BF267184186A4AD55064A.tmp' to '../../../../../../WORKPLACE/Mini_laboratory/MEPhI_VR_term_1/Mini_laboratory/Content/Workplace/Blueprints/BP_Button.uasset'
[2025.12.10-20.20.59:028][564]AssetCheck: New page: Asset Save: BP_Button
[2025.12.10-20.20.59:028][564]LogContentValidation: Display: Validating Blueprint /Game/Workplace/Blueprints/BP_Button.BP_Button
[2025.12.10-20.20.59:430][578]BlueprintLog: New page: Compile BP_Button
[2025.12.10-20.20.59:481][578]LogUObjectHash: Compacting FUObjectHashTables data took   3.50ms
[2025.12.10-20.20.59:875][597]LogSavePackage: Moving '../../../../../../WORKPLACE/Mini_laboratory/MEPhI_VR_term_1/Mini_laboratory/Saved/BP_ButtonA6834F0A43B0E46825C287B0B179C99A.tmp' to '../../../../../../WORKPLACE/Mini_laboratory/MEPhI_VR_term_1/Mini_laboratory/Content/Workplace/Blueprints/BP_Button.uasset'
[2025.12.10-20.20.59:897][597]AssetCheck: New page: Asset Save: BP_Button
[2025.12.10-20.20.59:897][597]LogContentValidation: Display: Validating Blueprint /Game/Workplace/Blueprints/BP_Button.BP_Button
[2025.12.10-20.21.00:198][615]BlueprintLog: New page: Compile BP_Button
[2025.12.10-20.21.00:246][615]LogUObjectHash: Compacting FUObjectHashTables data took   3.73ms
[2025.12.10-20.21.00:605][632]LogSavePackage: Moving '../../../../../../WORKPLACE/Mini_laboratory/MEPhI_VR_term_1/Mini_laboratory/Saved/BP_ButtonCB2668844FF233521F3F5BA5FF9FBDD6.tmp' to '../../../../../../WORKPLACE/Mini_laboratory/MEPhI_VR_term_1/Mini_laboratory/Content/Workplace/Blueprints/BP_Button.uasset'
[2025.12.10-20.21.00:627][632]AssetCheck: New page: Asset Save: BP_Button
[2025.12.10-20.21.00:627][632]LogContentValidation: Display: Validating Blueprint /Game/Workplace/Blueprints/BP_Button.BP_Button
[2025.12.10-20.21.01:369][677]BlueprintLog: New page: Compile BP_Button
[2025.12.10-20.21.01:415][677]LogUObjectHash: Compacting FUObjectHashTables data took   3.34ms
[2025.12.10-20.21.01:818][696]LogSavePackage: Moving '../../../../../../WORKPLACE/Mini_laboratory/MEPhI_VR_term_1/Mini_laboratory/Saved/BP_ButtonB01F26D14854018AA798ECA5D83C54A5.tmp' to '../../../../../../WORKPLACE/Mini_laboratory/MEPhI_VR_term_1/Mini_laboratory/Content/Workplace/Blueprints/BP_Button.uasset'
[2025.12.10-20.21.01:837][696]AssetCheck: New page: Asset Save: BP_Button
[2025.12.10-20.21.01:837][696]LogContentValidation: Display: Validating Blueprint /Game/Workplace/Blueprints/BP_Button.BP_Button
[2025.12.10-20.21.02:156][709]BlueprintLog: New page: Compile BP_Button
[2025.12.10-20.21.02:209][709]LogUObjectHash: Compacting FUObjectHashTables data took   3.27ms
[2025.12.10-20.21.02:748][736]LogSavePackage: Moving '../../../../../../WORKPLACE/Mini_laboratory/MEPhI_VR_term_1/Mini_laboratory/Saved/BP_Button1C22468F4F753BC423F0FB88E077DA0D.tmp' to '../../../../../../WORKPLACE/Mini_laboratory/MEPhI_VR_term_1/Mini_laboratory/Content/Workplace/Blueprints/BP_Button.uasset'
[2025.12.10-20.21.02:767][736]AssetCheck: New page: Asset Save: BP_Button
[2025.12.10-20.21.02:767][736]LogContentValidation: Display: Validating Blueprint /Game/Workplace/Blueprints/BP_Button.BP_Button
[2025.12.10-20.21.03:138][758]BlueprintLog: New page: Compile BP_Button
[2025.12.10-20.21.03:184][758]LogUObjectHash: Compacting FUObjectHashTables data took   3.75ms
[2025.12.10-20.21.03:523][773]LogSavePackage: Moving '../../../../../../WORKPLACE/Mini_laboratory/MEPhI_VR_term_1/Mini_laboratory/Saved/BP_ButtonB180156649B39FFCD07AB3A4C48E1ED5.tmp' to '../../../../../../WORKPLACE/Mini_laboratory/MEPhI_VR_term_1/Mini_laboratory/Content/Workplace/Blueprints/BP_Button.uasset'
[2025.12.10-20.21.03:552][773]AssetCheck: New page: Asset Save: BP_Button
[2025.12.10-20.21.03:552][773]LogContentValidation: Display: Validating Blueprint /Game/Workplace/Blueprints/BP_Button.BP_Button
[2025.12.10-20.21.09:925][133]BlueprintLog: New page: Compile BP_Button
[2025.12.10-20.21.09:972][133]LogUObjectHash: Compacting FUObjectHashTables data took   3.49ms
[2025.12.10-20.21.10:695][171]LogSavePackage: Moving '../../../../../../WORKPLACE/Mini_laboratory/MEPhI_VR_term_1/Mini_laboratory/Saved/BP_Button235D3D5B4C0806DDEDEB7B99F2646B4F.tmp' to '../../../../../../WORKPLACE/Mini_laboratory/MEPhI_VR_term_1/Mini_laboratory/Content/Workplace/Blueprints/BP_Button.uasset'
[2025.12.10-20.21.10:717][171]AssetCheck: New page: Asset Save: BP_Button
[2025.12.10-20.21.10:717][171]LogContentValidation: Display: Validating Blueprint /Game/Workplace/Blueprints/BP_Button.BP_Button
[2025.12.10-20.21.11:067][191]BlueprintLog: New page: Compile BP_Button
[2025.12.10-20.21.11:117][191]LogUObjectHash: Compacting FUObjectHashTables data took   3.28ms
[2025.12.10-20.21.11:674][212]LogSavePackage: Moving '../../../../../../WORKPLACE/Mini_laboratory/MEPhI_VR_term_1/Mini_laboratory/Saved/BP_Button16D72BA94C6E44D47A6D5A8260999BA9.tmp' to '../../../../../../WORKPLACE/Mini_laboratory/MEPhI_VR_term_1/Mini_laboratory/Content/Workplace/Blueprints/BP_Button.uasset'
[2025.12.10-20.21.11:693][212]AssetCheck: New page: Asset Save: BP_Button
[2025.12.10-20.21.11:694][212]LogContentValidation: Display: Validating Blueprint /Game/Workplace/Blueprints/BP_Button.BP_Button
[2025.12.10-20.21.15:569][420]BlueprintLog: New page: Compile BP_Button
[2025.12.10-20.21.15:625][420]LogUObjectHash: Compacting FUObjectHashTables data took   3.27ms
[2025.12.10-20.21.16:213][451]LogSavePackage: Moving '../../../../../../WORKPLACE/Mini_laboratory/MEPhI_VR_term_1/Mini_laboratory/Saved/BP_Button8657E9004F509886CAF2189C3C12E9E2.tmp' to '../../../../../../WORKPLACE/Mini_laboratory/MEPhI_VR_term_1/Mini_laboratory/Content/Workplace/Blueprints/BP_Button.uasset'
[2025.12.10-20.21.16:262][451]AssetCheck: New page: Asset Save: BP_Button
[2025.12.10-20.21.16:262][451]LogContentValidation: Display: Validating Blueprint /Game/Workplace/Blueprints/BP_Button.BP_Button
[2025.12.10-20.21.16:617][470]BlueprintLog: New page: Compile BP_Button
[2025.12.10-20.21.16:669][470]LogUObjectHash: Compacting FUObjectHashTables data took   3.16ms
[2025.12.10-20.21.17:045][487]LogSavePackage: Moving '../../../../../../WORKPLACE/Mini_laboratory/MEPhI_VR_term_1/Mini_laboratory/Saved/BP_Button3F31265E46D88E788FB8218C6B55B3A5.tmp' to '../../../../../../WORKPLACE/Mini_laboratory/MEPhI_VR_term_1/Mini_laboratory/Content/Workplace/Blueprints/BP_Button.uasset'
[2025.12.10-20.21.17:106][487]AssetCheck: New page: Asset Save: BP_Button
[2025.12.10-20.21.17:107][487]LogContentValidation: Display: Validating Blueprint /Game/Workplace/Blueprints/BP_Button.BP_Button
[2025.12.10-20.21.17:452][508]BlueprintLog: New page: Compile BP_Button
[2025.12.10-20.21.17:499][508]LogUObjectHash: Compacting FUObjectHashTables data took   3.10ms
[2025.12.10-20.21.18:000][524]LogSavePackage: Moving '../../../../../../WORKPLACE/Mini_laboratory/MEPhI_VR_term_1/Mini_laboratory/Saved/BP_Button65B141F745DBDE1EB67D3AB0EDF62527.tmp' to '../../../../../../WORKPLACE/Mini_laboratory/MEPhI_VR_term_1/Mini_laboratory/Content/Workplace/Blueprints/BP_Button.uasset'
[2025.12.10-20.21.18:019][524]AssetCheck: New page: Asset Save: BP_Button
[2025.12.10-20.21.18:020][524]LogContentValidation: Display: Validating Blueprint /Game/Workplace/Blueprints/BP_Button.BP_Button
[2025.12.10-20.21.46:473][178]BlueprintLog: New page: Compile BP_Button
[2025.12.10-20.21.46:519][178]LogUObjectHash: Compacting FUObjectHashTables data took   3.42ms
[2025.12.10-20.21.47:061][204]LogSavePackage: Moving '../../../../../../WORKPLACE/Mini_laboratory/MEPhI_VR_term_1/Mini_laboratory/Saved/BP_Button0E73AE2E465E494AFBE0F58E8C04C3D0.tmp' to '../../../../../../WORKPLACE/Mini_laboratory/MEPhI_VR_term_1/Mini_laboratory/Content/Workplace/Blueprints/BP_Button.uasset'
[2025.12.10-20.21.47:086][204]AssetCheck: New page: Asset Save: BP_Button
[2025.12.10-20.21.47:086][204]LogContentValidation: Display: Validating Blueprint /Game/Workplace/Blueprints/BP_Button.BP_Button
[2025.12.10-20.21.47:500][223]BlueprintLog: New page: Compile BP_Button
[2025.12.10-20.21.47:545][223]LogUObjectHash: Compacting FUObjectHashTables data took   3.37ms
[2025.12.10-20.21.47:993][245]LogSavePackage: Moving '../../../../../../WORKPLACE/Mini_laboratory/MEPhI_VR_term_1/Mini_laboratory/Saved/BP_ButtonE9AB6C674EAC714463F4EFB0A30384E3.tmp' to '../../../../../../WORKPLACE/Mini_laboratory/MEPhI_VR_term_1/Mini_laboratory/Content/Workplace/Blueprints/BP_Button.uasset'
[2025.12.10-20.21.48:015][245]AssetCheck: New page: Asset Save: BP_Button
[2025.12.10-20.21.48:015][245]LogContentValidation: Display: Validating Blueprint /Game/Workplace/Blueprints/BP_Button.BP_Button
[2025.12.10-20.21.48:305][263]BlueprintLog: New page: Compile BP_Button
[2025.12.10-20.21.48:352][263]LogUObjectHash: Compacting FUObjectHashTables data took   3.30ms
[2025.12.10-20.21.48:709][279]LogSavePackage: Moving '../../../../../../WORKPLACE/Mini_laboratory/MEPhI_VR_term_1/Mini_laboratory/Saved/BP_Button59073FA941BD05CC482CE4A1E4570346.tmp' to '../../../../../../WORKPLACE/Mini_laboratory/MEPhI_VR_term_1/Mini_laboratory/Content/Workplace/Blueprints/BP_Button.uasset'
[2025.12.10-20.21.48:730][279]AssetCheck: New page: Asset Save: BP_Button
[2025.12.10-20.21.48:730][279]LogContentValidation: Display: Validating Blueprint /Game/Workplace/Blueprints/BP_Button.BP_Button
[2025.12.10-20.22.00:082][946]BlueprintLog: New page: Compile BP_Button
[2025.12.10-20.22.00:125][946]LogUObjectHash: Compacting FUObjectHashTables data took   3.19ms
[2025.12.10-20.22.00:724][971]LogSavePackage: Moving '../../../../../../WORKPLACE/Mini_laboratory/MEPhI_VR_term_1/Mini_laboratory/Saved/BP_ButtonD26DDF184934ECF96318EE98E37AB64A.tmp' to '../../../../../../WORKPLACE/Mini_laboratory/MEPhI_VR_term_1/Mini_laboratory/Content/Workplace/Blueprints/BP_Button.uasset'
[2025.12.10-20.22.00:788][971]AssetCheck: New page: Asset Save: BP_Button
[2025.12.10-20.22.00:789][971]LogContentValidation: Display: Validating Blueprint /Game/Workplace/Blueprints/BP_Button.BP_Button
[2025.12.10-20.22.01:029][983]BlueprintLog: New page: Compile BP_Button
[2025.12.10-20.22.01:072][983]LogUObjectHash: Compacting FUObjectHashTables data took   3.21ms
[2025.12.10-20.22.01:490][999]LogSavePackage: Moving '../../../../../../WORKPLACE/Mini_laboratory/MEPhI_VR_term_1/Mini_laboratory/Saved/BP_Button620F2E864D4F66C7B782BEA5FD5F132A.tmp' to '../../../../../../WORKPLACE/Mini_laboratory/MEPhI_VR_term_1/Mini_laboratory/Content/Workplace/Blueprints/BP_Button.uasset'
[2025.12.10-20.22.01:514][999]AssetCheck: New page: Asset Save: BP_Button
[2025.12.10-20.22.01:514][999]LogContentValidation: Display: Validating Blueprint /Game/Workplace/Blueprints/BP_Button.BP_Button
[2025.12.10-20.22.24:384][297]BlueprintLog: New page: Compile BP_Button
[2025.12.10-20.22.24:429][297]LogUObjectHash: Compacting FUObjectHashTables data took   3.57ms
[2025.12.10-20.22.24:924][322]LogSavePackage: Moving '../../../../../../WORKPLACE/Mini_laboratory/MEPhI_VR_term_1/Mini_laboratory/Saved/BP_Button1D2E22BC459EC781CD39EBB32C83551E.tmp' to '../../../../../../WORKPLACE/Mini_laboratory/MEPhI_VR_term_1/Mini_laboratory/Content/Workplace/Blueprints/BP_Button.uasset'
[2025.12.10-20.22.24:947][322]AssetCheck: New page: Asset Save: BP_Button
[2025.12.10-20.22.24:947][322]LogContentValidation: Display: Validating Blueprint /Game/Workplace/Blueprints/BP_Button.BP_Button
[2025.12.10-20.22.47:892][663]BlueprintLog: New page: Compile BP_Button
[2025.12.10-20.22.47:938][663]LogUObjectHash: Compacting FUObjectHashTables data took   3.11ms
[2025.12.10-20.22.48:657][698]LogSavePackage: Moving '../../../../../../WORKPLACE/Mini_laboratory/MEPhI_VR_term_1/Mini_laboratory/Saved/BP_ButtonE845D4284B56928030BFBE8B98575AD5.tmp' to '../../../../../../WORKPLACE/Mini_laboratory/MEPhI_VR_term_1/Mini_laboratory/Content/Workplace/Blueprints/BP_Button.uasset'
[2025.12.10-20.22.48:681][698]AssetCheck: New page: Asset Save: BP_Button
[2025.12.10-20.22.48:681][698]LogContentValidation: Display: Validating Blueprint /Game/Workplace/Blueprints/BP_Button.BP_Button
[2025.12.10-20.22.49:164][721]BlueprintLog: New page: Compile BP_Button
[2025.12.10-20.22.49:214][721]LogUObjectHash: Compacting FUObjectHashTables data took   4.27ms
[2025.12.10-20.22.49:860][754]LogSavePackage: Moving '../../../../../../WORKPLACE/Mini_laboratory/MEPhI_VR_term_1/Mini_laboratory/Saved/BP_Button4353265A4A3AEC9C5DBF96B8DB4364F8.tmp' to '../../../../../../WORKPLACE/Mini_laboratory/MEPhI_VR_term_1/Mini_laboratory/Content/Workplace/Blueprints/BP_Button.uasset'
[2025.12.10-20.22.49:933][754]AssetCheck: New page: Asset Save: BP_Button
[2025.12.10-20.22.49:933][754]LogContentValidation: Display: Validating Blueprint /Game/Workplace/Blueprints/BP_Button.BP_Button
[2025.12.10-20.22.55:518][ 23]BlueprintLog: New page: Compile BP_Button
[2025.12.10-20.22.55:565][ 23]LogUObjectHash: Compacting FUObjectHashTables data took   3.62ms
[2025.12.10-20.22.56:625][ 77]LogSavePackage: Moving '../../../../../../WORKPLACE/Mini_laboratory/MEPhI_VR_term_1/Mini_laboratory/Saved/BP_ButtonD63C78F3407DB12068CBAE929F3B85D2.tmp' to '../../../../../../WORKPLACE/Mini_laboratory/MEPhI_VR_term_1/Mini_laboratory/Content/Workplace/Blueprints/BP_Button.uasset'
[2025.12.10-20.22.56:646][ 77]AssetCheck: New page: Asset Save: BP_Button
[2025.12.10-20.22.56:646][ 77]LogContentValidation: Display: Validating Blueprint /Game/Workplace/Blueprints/BP_Button.BP_Button
[2025.12.10-20.22.57:158][ 96]BlueprintLog: New page: Compile BP_Button
[2025.12.10-20.22.57:211][ 96]LogUObjectHash: Compacting FUObjectHashTables data took   3.76ms
[2025.12.10-20.22.57:755][114]LogSavePackage: Moving '../../../../../../WORKPLACE/Mini_laboratory/MEPhI_VR_term_1/Mini_laboratory/Saved/BP_ButtonFC2A70D949EA6F297CAF58AADB899780.tmp' to '../../../../../../WORKPLACE/Mini_laboratory/MEPhI_VR_term_1/Mini_laboratory/Content/Workplace/Blueprints/BP_Button.uasset'
[2025.12.10-20.22.57:776][114]AssetCheck: New page: Asset Save: BP_Button
[2025.12.10-20.22.57:776][114]LogContentValidation: Display: Validating Blueprint /Game/Workplace/Blueprints/BP_Button.BP_Button
[2025.12.10-20.23.19:388][348]BlueprintLog: New page: Compile BP_Button
[2025.12.10-20.23.19:435][348]LogUObjectHash: Compacting FUObjectHashTables data took   3.30ms
[2025.12.10-20.23.19:943][373]LogSavePackage: Moving '../../../../../../WORKPLACE/Mini_laboratory/MEPhI_VR_term_1/Mini_laboratory/Saved/BP_Button249FF0F54DBF05A0B2527AB6A829C1ED.tmp' to '../../../../../../WORKPLACE/Mini_laboratory/MEPhI_VR_term_1/Mini_laboratory/Content/Workplace/Blueprints/BP_Button.uasset'
[2025.12.10-20.23.19:965][373]AssetCheck: New page: Asset Save: BP_Button
[2025.12.10-20.23.19:965][373]LogContentValidation: Display: Validating Blueprint /Game/Workplace/Blueprints/BP_Button.BP_Button
[2025.12.10-20.23.28:014][838]BlueprintLog: New page: Compile BP_Button
[2025.12.10-20.23.28:061][838]LogUObjectHash: Compacting FUObjectHashTables data took   3.27ms
[2025.12.10-20.23.28:468][857]LogSavePackage: Moving '../../../../../../WORKPLACE/Mini_laboratory/MEPhI_VR_term_1/Mini_laboratory/Saved/BP_Button18B07E0244BABB11D70C71A262F34546.tmp' to '../../../../../../WORKPLACE/Mini_laboratory/MEPhI_VR_term_1/Mini_laboratory/Content/Workplace/Blueprints/BP_Button.uasset'
[2025.12.10-20.23.28:493][857]AssetCheck: New page: Asset Save: BP_Button
[2025.12.10-20.23.28:493][857]LogContentValidation: Display: Validating Blueprint /Game/Workplace/Blueprints/BP_Button.BP_Button
[2025.12.10-20.23.29:776][926]LogUObjectHash: Compacting FUObjectHashTables data took   2.90ms
[2025.12.10-20.23.29:785][926]LogSavePackage: Moving '../../../../../../WORKPLACE/Mini_laboratory/MEPhI_VR_term_1/Mini_laboratory/Saved/FirstLevelCF6E1FAF42BDF2A69A15B9BC41DC3BD7.tmp' to '../../../../../../WORKPLACE/Mini_laboratory/MEPhI_VR_term_1/Mini_laboratory/Content/Workplace/Maps/FirstLevel.umap'
[2025.12.10-20.23.29:813][926]LogSavePackage: Moving '../../../../../../WORKPLACE/Mini_laboratory/MEPhI_VR_term_1/Mini_laboratory/Saved/FirstLevel_BuiltData5F3B926E4B24A88EEC992F884A719233.tmp' to '../../../../../../WORKPLACE/Mini_laboratory/MEPhI_VR_term_1/Mini_laboratory/Content/Workplace/Maps/FirstLevel_BuiltData.uasset'
[2025.12.10-20.23.29:836][926]AssetCheck: New page: Asset Save: multiple assets
[2025.12.10-20.23.29:836][926]LogContentValidation: Display: Validating World /Game/Workplace/Maps/FirstLevel.FirstLevel
[2025.12.10-20.23.29:836][926]LogContentValidation: Display: Validating MapBuildDataRegistry /Game/Workplace/Maps/FirstLevel_BuiltData.FirstLevel_BuiltData
[2025.12.10-20.23.30:671][976]LogTemp: Repeating last play command: New Editor Window (PIE)
[2025.12.10-20.23.30:676][976]LogPlayLevel: PlayLevel: No blueprints needed recompiling
[2025.12.10-20.23.30:676][976]PIE: New page: PIE session: FirstLevel (11 дек. 2025 г., 02:23:30)
[2025.12.10-20.23.30:676][976]LogPlayLevel: Creating play world package: /Game/Workplace/Maps/UEDPIE_0_FirstLevel
[2025.12.10-20.23.30:678][976]LogPlayLevel: PIE: StaticDuplicateObject took: (0.002183s)
[2025.12.10-20.23.30:679][976]LogAIModule: Creating AISystem for world FirstLevel
[2025.12.10-20.23.30:679][976]LogPlayLevel: PIE: World Init took: (0.001042s)
[2025.12.10-20.23.30:679][976]LogPlayLevel: PIE: Created PIE world by copying editor world from /Game/Workplace/Maps/FirstLevel.FirstLevel to /Game/Workplace/Maps/UEDPIE_0_FirstLevel.FirstLevel (0.003314s)
[2025.12.10-20.23.30:704][976]LogUObjectHash: Compacting FUObjectHashTables data took   2.52ms
[2025.12.10-20.23.30:705][976]LogAudio: Display: Creating Audio Device:                 Id: 13, Scope: Unique, Realtime: True
[2025.12.10-20.23.30:705][976]LogAudioMixer: Display: Audio Mixer Platform Settings:
[2025.12.10-20.23.30:705][976]LogAudioMixer: Display: 	Sample Rate:						  48000
[2025.12.10-20.23.30:705][976]LogAudioMixer: Display: 	Callback Buffer Frame Size Requested: 1024
[2025.12.10-20.23.30:705][976]LogAudioMixer: Display: 	Callback Buffer Frame Size To Use:	  1024
[2025.12.10-20.23.30:705][976]LogAudioMixer: Display: 	Number of buffers to queue:			  2
[2025.12.10-20.23.30:705][976]LogAudioMixer: Display: 	Max Channels (voices):				  32
[2025.12.10-20.23.30:705][976]LogAudioMixer: Display: 	Number of Async Source Workers:		  0
[2025.12.10-20.23.30:705][976]LogAudio: Display: AudioDevice MaxSources: 32
[2025.12.10-20.23.30:705][976]LogAudio: Display: Audio Spatialization Plugin: None (built-in).
[2025.12.10-20.23.30:705][976]LogAudio: Display: Audio Reverb Plugin: None (built-in).
[2025.12.10-20.23.30:705][976]LogAudio: Display: Audio Occlusion Plugin: None (built-in).
[2025.12.10-20.23.30:705][976]LogAudioMixer: Display: Initializing audio mixer.
[2025.12.10-20.23.30:894][976]LogAudioMixer: Display: 0: FrontLeft
[2025.12.10-20.23.30:894][976]LogAudioMixer: Display: 1: FrontRight
[2025.12.10-20.23.30:906][976]LogAudioMixer: Display: Using Audio Device Наушники (Realtek(R) Audio)
[2025.12.10-20.23.30:906][976]LogAudioMixer: Display: Initializing Sound Submixes...
[2025.12.10-20.23.30:906][976]LogAudioMixer: Display: Creating Master Submix 'MasterSubmixDefault'
[2025.12.10-20.23.30:907][976]LogAudioMixer: Display: Creating Master Submix 'MasterReverbSubmixDefault'
[2025.12.10-20.23.30:907][976]LogAudioMixer: Display: Creating Master Submix 'MasterEQSubmixDefault'
[2025.12.10-20.23.30:907][976]LogAudioMixer: FMixerPlatformXAudio2::StartAudioStream() called
[2025.12.10-20.23.30:907][976]LogAudioMixer: Display: Output buffers initialized: Frames=1024, Channels=2, Samples=2048
[2025.12.10-20.23.30:908][976]LogInit: FAudioDevice initialized.
[2025.12.10-20.23.30:908][976]LogAudioMixer: Display: Starting AudioMixerPlatformInterface::RunInternal()
[2025.12.10-20.23.30:908][976]LogAudioMixer: Display: FMixerPlatformXAudio2::SubmitBuffer() called for the first time
[2025.12.10-20.23.30:908][976]LogAudio: Display: Audio Device (ID: 13) registered with world 'FirstLevel'.
[2025.12.10-20.23.30:935][976]LogSlate: Updating window title bar state: overlay mode, drag disabled, window buttons hidden, title bar hidden
[2025.12.10-20.23.30:935][976]LogLoad: Game class is 'BP_GameMode_C'
[2025.12.10-20.23.30:937][976]LogWorld: Bringing World /Game/Workplace/Maps/UEDPIE_0_FirstLevel.FirstLevel up for play (max tick rate 60) at 2025.12.10-23.23.30
[2025.12.10-20.23.30:937][976]LogWorld: Bringing up level for play took: 0.001156
[2025.12.10-20.23.30:937][976]LogOnline: OSS: Creating online subsystem instance for: :Context_24
[2025.12.10-20.23.30:939][976]LogSpawn: Warning: SpawnActor failed because no class was specified
[2025.12.10-20.23.30:942][976]PIE: Server logged in
[2025.12.10-20.23.30:943][976]PIE: Play in editor total start time 0,268 seconds.
[2025.12.10-20.23.32:853][ 87]LogSlate: Updating window title bar state: overlay mode, drag disabled, window buttons hidden, title bar hidden
[2025.12.10-20.23.32:853][ 87]LogWorld: BeginTearingDown for /Game/Workplace/Maps/UEDPIE_0_FirstLevel
[2025.12.10-20.23.32:854][ 87]LogSlate: Window 'Mini_laboratory Preview [NetMode: Standalone]  (64-bit/Windows) ' being destroyed
[2025.12.10-20.23.32:859][ 87]LogWorld: UWorld::CleanupWorld for FirstLevel, bSessionEnded=true, bCleanupResources=true
[2025.12.10-20.23.32:860][ 87]LogSlate: InvalidateAllWidgets triggered.  All widgets were invalidated
[2025.12.10-20.23.32:879][ 87]LogPlayLevel: Display: Shutting down PIE online subsystems
[2025.12.10-20.23.32:887][ 87]LogSlate: InvalidateAllWidgets triggered.  All widgets were invalidated
[2025.12.10-20.23.32:918][ 87]LogAudio: Display: Audio Device unregistered from world 'None'.
[2025.12.10-20.23.32:918][ 87]LogAudioMixer: FMixerPlatformXAudio2::StopAudioStream() called
[2025.12.10-20.23.32:919][ 87]LogAudioMixer: FMixerPlatformXAudio2::StopAudioStream() called
[2025.12.10-20.23.32:925][ 87]LogUObjectHash: Compacting FUObjectHashTables data took   2.90ms
[2025.12.10-20.23.32:949][ 88]LogPlayLevel: Display: Destroying online subsystem :Context_24
[2025.12.10-20.23.37:184][330]LogUObjectHash: Compacting FUObjectHashTables data took   5.13ms
[2025.12.10-20.23.37:231][330]LogAssetEditorSubsystem: Opening Asset editor for World /Game/Workplace/Maps/FirstLevel.FirstLevel
[2025.12.10-20.23.37:232][330]Cmd: MAP LOAD FILE="../../../../../../WORKPLACE/Mini_laboratory/MEPhI_VR_term_1/Mini_laboratory/Content/Workplace/Maps/FirstLevel.umap" TEMPLATE=0 SHOWPROGRESS=1 FEATURELEVEL=3
[2025.12.10-20.23.37:233][330]LightingResults: New page: Lighting Build
[2025.12.10-20.23.37:233][330]LoadErrors: New page: Loading map: FirstLevel.umap
[2025.12.10-20.23.37:234][330]LogWorld: UWorld::CleanupWorld for FirstLevel, bSessionEnded=true, bCleanupResources=true
[2025.12.10-20.23.37:234][330]LogSlate: InvalidateAllWidgets triggered.  All widgets were invalidated
[2025.12.10-20.23.37:235][330]MapCheck: New page: Map Check
[2025.12.10-20.23.37:235][330]LightingResults: New page: Lighting Build
[2025.12.10-20.23.37:259][330]LogAudio: Display: Audio Device unregistered from world 'None'.
[2025.12.10-20.23.37:262][330]LogUObjectHash: Compacting FUObjectHashTables data took   2.43ms
[2025.12.10-20.23.37:277][330]LogAudio: Display: Audio Device (ID: 1) registered with world 'FirstLevel'.
[2025.12.10-20.23.37:278][330]LogAIModule: Creating AISystem for world FirstLevel
[2025.12.10-20.23.37:356][330]LogEditorServer: Finished looking for orphan Actors (0.000 secs)
[2025.12.10-20.23.37:383][330]LogUObjectHash: Compacting FUObjectHashTables data took   2.42ms
[2025.12.10-20.23.37:386][330]Cmd: MAP CHECKDEP NOCLEARLOG
[2025.12.10-20.23.37:386][330]MapCheck: Map check complete: 0 Error(s), 0 Warning(s), took 0,062ms to complete.
[2025.12.10-20.23.37:386][330]LogFileHelpers: Loading map 'FirstLevel' took 0.154
[2025.12.10-20.23.38:652][404]LogUObjectHash: Compacting FUObjectHashTables data took   0.55ms
[2025.12.10-20.23.38:673][404]LogAssetEditorSubsystem: Opening Asset editor for World /Game/Workplace/Maps/StartMenu.StartMenu
[2025.12.10-20.23.38:673][404]Cmd: MAP LOAD FILE="../../../../../../WORKPLACE/Mini_laboratory/MEPhI_VR_term_1/Mini_laboratory/Content/Workplace/Maps/StartMenu.umap" TEMPLATE=0 SHOWPROGRESS=1 FEATURELEVEL=3
[2025.12.10-20.23.38:673][404]LightingResults: New page: Lighting Build
[2025.12.10-20.23.38:673][404]LoadErrors: New page: Loading map: StartMenu.umap
[2025.12.10-20.23.38:674][404]LogWorld: UWorld::CleanupWorld for FirstLevel, bSessionEnded=true, bCleanupResources=true
[2025.12.10-20.23.38:674][404]LogSlate: InvalidateAllWidgets triggered.  All widgets were invalidated
[2025.12.10-20.23.38:674][404]MapCheck: New page: Map Check
[2025.12.10-20.23.38:674][404]LightingResults: New page: Lighting Build
[2025.12.10-20.23.38:698][404]LogAudio: Display: Audio Device unregistered from world 'None'.
[2025.12.10-20.23.38:701][404]LogUObjectHash: Compacting FUObjectHashTables data took   2.60ms
[2025.12.10-20.23.38:701][404]LogAudio: Display: Audio Device (ID: 1) registered with world 'StartMenu'.
[2025.12.10-20.23.38:722][404]LogEditorServer: Finished looking for orphan Actors (0.000 secs)
[2025.12.10-20.23.38:722][404]LogAIModule: Creating AISystem for world StartMenu
[2025.12.10-20.23.38:748][404]LogUObjectHash: Compacting FUObjectHashTables data took   2.36ms
[2025.12.10-20.23.38:752][404]Cmd: MAP CHECKDEP NOCLEARLOG
[2025.12.10-20.23.38:752][404]MapCheck: Map check complete: 0 Error(s), 0 Warning(s), took 0,063ms to complete.
[2025.12.10-20.23.38:752][404]LogFileHelpers: Loading map 'StartMenu' took 0.079
[2025.12.10-20.23.40:046][471]LogTemp: Repeating last play command: New Editor Window (PIE)
[2025.12.10-20.23.40:050][471]LogPlayLevel: PlayLevel: No blueprints needed recompiling
[2025.12.10-20.23.40:050][471]PIE: New page: PIE session: StartMenu (11 дек. 2025 г., 02:23:40)
[2025.12.10-20.23.40:051][471]LogPlayLevel: Creating play world package: /Game/Workplace/Maps/UEDPIE_0_StartMenu
[2025.12.10-20.23.40:052][471]LogPlayLevel: PIE: StaticDuplicateObject took: (0.000999s)
[2025.12.10-20.23.40:052][471]LogAIModule: Creating AISystem for world StartMenu
[2025.12.10-20.23.40:053][471]LogPlayLevel: PIE: World Init took: (0.000844s)
[2025.12.10-20.23.40:053][471]LogPlayLevel: PIE: Created PIE world by copying editor world from /Game/Workplace/Maps/StartMenu.StartMenu to /Game/Workplace/Maps/UEDPIE_0_StartMenu.StartMenu (0.001930s)
[2025.12.10-20.23.40:078][471]LogUObjectHash: Compacting FUObjectHashTables data took   2.30ms
[2025.12.10-20.23.40:078][471]LogAudio: Display: Creating Audio Device:                 Id: 14, Scope: Unique, Realtime: True
[2025.12.10-20.23.40:078][471]LogAudioMixer: Display: Audio Mixer Platform Settings:
[2025.12.10-20.23.40:078][471]LogAudioMixer: Display: 	Sample Rate:						  48000
[2025.12.10-20.23.40:078][471]LogAudioMixer: Display: 	Callback Buffer Frame Size Requested: 1024
[2025.12.10-20.23.40:078][471]LogAudioMixer: Display: 	Callback Buffer Frame Size To Use:	  1024
[2025.12.10-20.23.40:078][471]LogAudioMixer: Display: 	Number of buffers to queue:			  2
[2025.12.10-20.23.40:078][471]LogAudioMixer: Display: 	Max Channels (voices):				  32
[2025.12.10-20.23.40:078][471]LogAudioMixer: Display: 	Number of Async Source Workers:		  0
[2025.12.10-20.23.40:078][471]LogAudio: Display: AudioDevice MaxSources: 32
[2025.12.10-20.23.40:079][471]LogAudio: Display: Audio Spatialization Plugin: None (built-in).
[2025.12.10-20.23.40:079][471]LogAudio: Display: Audio Reverb Plugin: None (built-in).
[2025.12.10-20.23.40:079][471]LogAudio: Display: Audio Occlusion Plugin: None (built-in).
[2025.12.10-20.23.40:079][471]LogAudioMixer: Display: Initializing audio mixer.
[2025.12.10-20.23.40:081][471]LogAudioMixer: Display: 0: FrontLeft
[2025.12.10-20.23.40:081][471]LogAudioMixer: Display: 1: FrontRight
[2025.12.10-20.23.40:090][471]LogAudioMixer: Display: Using Audio Device Наушники (Realtek(R) Audio)
[2025.12.10-20.23.40:090][471]LogAudioMixer: Display: Initializing Sound Submixes...
[2025.12.10-20.23.40:090][471]LogAudioMixer: Display: Creating Master Submix 'MasterSubmixDefault'
[2025.12.10-20.23.40:090][471]LogAudioMixer: Display: Creating Master Submix 'MasterReverbSubmixDefault'
[2025.12.10-20.23.40:090][471]LogAudioMixer: Display: Creating Master Submix 'MasterEQSubmixDefault'
[2025.12.10-20.23.40:090][471]LogAudioMixer: FMixerPlatformXAudio2::StartAudioStream() called
[2025.12.10-20.23.40:090][471]LogAudioMixer: Display: Output buffers initialized: Frames=1024, Channels=2, Samples=2048
[2025.12.10-20.23.40:091][471]LogAudioMixer: Display: Starting AudioMixerPlatformInterface::RunInternal()
[2025.12.10-20.23.40:091][471]LogAudioMixer: Display: FMixerPlatformXAudio2::SubmitBuffer() called for the first time
[2025.12.10-20.23.40:091][471]LogInit: FAudioDevice initialized.
[2025.12.10-20.23.40:091][471]LogAudio: Display: Audio Device (ID: 14) registered with world 'StartMenu'.
[2025.12.10-20.23.40:126][471]LogSlate: Updating window title bar state: overlay mode, drag disabled, window buttons hidden, title bar hidden
[2025.12.10-20.23.40:127][471]LogLoad: Game class is 'BP_GameMode_C'
[2025.12.10-20.23.40:127][471]LogWorld: Bringing World /Game/Workplace/Maps/UEDPIE_0_StartMenu.StartMenu up for play (max tick rate 60) at 2025.12.10-23.23.40
[2025.12.10-20.23.40:127][471]LogWorld: Bringing up level for play took: 0.000346
[2025.12.10-20.23.40:128][471]LogOnline: OSS: Creating online subsystem instance for: :Context_25
[2025.12.10-20.23.40:129][471]LogSpawn: Warning: SpawnActor failed because no class was specified
[2025.12.10-20.23.40:130][471]LogPlayerController: Error: InputMode:UIOnly - Attempting to focus Non-Focusable widget SObjectWidget [Widget.cpp(799)]!
[2025.12.10-20.23.40:130][471]LogViewport: Display: Viewport MouseLockMode Changed, LockOnCapture -> DoNotLock
[2025.12.10-20.23.40:130][471]LogViewport: Display: Viewport MouseCaptureMode Changed, CapturePermanently_IncludingInitialMouseDown -> NoCapture
[2025.12.10-20.23.40:132][471]PIE: Server logged in
[2025.12.10-20.23.40:133][471]PIE: Play in editor total start time 0,084 seconds.
[2025.12.10-20.23.40:914][517]LogViewport: Display: Viewport MouseLockMode Changed, DoNotLock -> LockOnCapture
[2025.12.10-20.23.40:914][517]LogViewport: Display: Viewport MouseCaptureMode Changed, NoCapture -> CapturePermanently
[2025.12.10-20.23.40:915][517]LogNet: Browse: /Game/Workplace/Maps/FirstLevel
[2025.12.10-20.23.40:915][517]LogLoad: LoadMap: /Game/Workplace/Maps/FirstLevel
[2025.12.10-20.23.40:915][517]LogWorld: BeginTearingDown for /Game/Workplace/Maps/UEDPIE_0_StartMenu
[2025.12.10-20.23.40:915][517]LogWorld: UWorld::CleanupWorld for StartMenu, bSessionEnded=true, bCleanupResources=true
[2025.12.10-20.23.40:915][517]LogSlate: InvalidateAllWidgets triggered.  All widgets were invalidated
[2025.12.10-20.23.40:967][517]LogAudio: Display: Audio Device unregistered from world 'None'.
[2025.12.10-20.23.40:971][517]LogUObjectHash: Compacting FUObjectHashTables data took   2.87ms
[2025.12.10-20.23.40:976][517]LogAudio: Display: Audio Device (ID: 14) registered with world 'FirstLevel'.
[2025.12.10-20.23.40:977][517]LogAIModule: Creating AISystem for world FirstLevel
[2025.12.10-20.23.40:977][517]LogLoad: Game class is 'BP_GameMode_C'
[2025.12.10-20.23.40:983][517]LogWorld: Bringing World /Game/Workplace/Maps/UEDPIE_0_FirstLevel.FirstLevel up for play (max tick rate 60) at 2025.12.10-23.23.40
[2025.12.10-20.23.40:983][517]LogWorld: Bringing up level for play took: 0.004655
[2025.12.10-20.23.40:983][517]LogSpawn: Warning: SpawnActor failed because no class was specified
[2025.12.10-20.23.40:984][517]LogLoad: Took 0.070212 seconds to LoadMap(/Game/Workplace/Maps/FirstLevel)
[2025.12.10-20.23.42:617][613]LogBlueprintUserMessages: [BP_TestClickActor2_2] BP_TestClickActor2
[2025.12.10-20.23.42:630][614]LogBlueprintUserMessages: [BP_TestClickActor2_2] BP_TestClickActor2
[2025.12.10-20.23.42:647][615]LogBlueprintUserMessages: [BP_TestClickActor2_2] BP_TestClickActor2
[2025.12.10-20.23.42:664][616]LogBlueprintUserMessages: [BP_TestClickActor2_2] BP_TestClickActor2
[2025.12.10-20.23.42:783][623]LogBlueprintUserMessages: [BP_TestClickActor2_2] BP_TestClickActor2
[2025.12.10-20.23.42:797][624]LogBlueprintUserMessages: [BP_TestClickActor2_2] BP_TestClickActor2
[2025.12.10-20.23.42:813][625]LogBlueprintUserMessages: [BP_TestClickActor2_2] BP_TestClickActor2
[2025.12.10-20.23.42:830][626]LogBlueprintUserMessages: [BP_TestClickActor2_2] BP_TestClickActor2
[2025.12.10-20.24.05:666][995]LogBlueprintUserMessages: [BP_TestClickActor2_2] BP_TestClickActor2
[2025.12.10-20.24.05:683][996]LogBlueprintUserMessages: [BP_TestClickActor2_2] BP_TestClickActor2
[2025.12.10-20.24.05:700][997]LogBlueprintUserMessages: [BP_TestClickActor2_2] BP_TestClickActor2
[2025.12.10-20.24.05:802][  3]LogBlueprintUserMessages: [BP_TestClickActor2_2] BP_TestClickActor2
[2025.12.10-20.24.05:817][  4]LogBlueprintUserMessages: [BP_TestClickActor2_2] BP_TestClickActor2
[2025.12.10-20.24.05:833][  5]LogBlueprintUserMessages: [BP_TestClickActor2_2] BP_TestClickActor2
[2025.12.10-20.24.05:850][  6]LogBlueprintUserMessages: [BP_TestClickActor2_2] BP_TestClickActor2
[2025.12.10-20.24.05:867][  7]LogBlueprintUserMessages: [BP_TestClickActor2_2] BP_TestClickActor2
[2025.12.10-20.24.06:054][ 18]LogBlueprintUserMessages: [BP_TestClickActor2_2] BP_TestClickActor2
[2025.12.10-20.24.06:067][ 19]LogBlueprintUserMessages: [BP_TestClickActor2_2] BP_TestClickActor2
[2025.12.10-20.24.06:083][ 20]LogBlueprintUserMessages: [BP_TestClickActor2_2] BP_TestClickActor2
[2025.12.10-20.24.06:100][ 21]LogBlueprintUserMessages: [BP_TestClickActor2_2] BP_TestClickActor2
[2025.12.10-20.24.06:220][ 28]LogBlueprintUserMessages: [BP_TestClickActor2_2] BP_TestClickActor2
[2025.12.10-20.24.06:234][ 29]LogBlueprintUserMessages: [BP_TestClickActor2_2] BP_TestClickActor2
[2025.12.10-20.24.06:250][ 30]LogBlueprintUserMessages: [BP_TestClickActor2_2] BP_TestClickActor2
[2025.12.10-20.24.06:267][ 31]LogBlueprintUserMessages: [BP_TestClickActor2_2] BP_TestClickActor2
[2025.12.10-20.24.06:284][ 32]LogBlueprintUserMessages: [BP_TestClickActor2_2] BP_TestClickActor2
[2025.12.10-20.24.51:573][741]LogSlate: Updating window title bar state: overlay mode, drag disabled, window buttons hidden, title bar hidden
[2025.12.10-20.24.51:573][741]LogWorld: BeginTearingDown for /Game/Workplace/Maps/UEDPIE_0_FirstLevel
[2025.12.10-20.24.51:573][741]LogSlate: Window 'Mini_laboratory Preview [NetMode: Standalone]  (64-bit/Windows) ' being destroyed
[2025.12.10-20.24.51:583][741]LogWorld: UWorld::CleanupWorld for FirstLevel, bSessionEnded=true, bCleanupResources=true
[2025.12.10-20.24.51:584][741]LogSlate: InvalidateAllWidgets triggered.  All widgets were invalidated
[2025.12.10-20.24.51:596][741]LogPlayLevel: Display: Shutting down PIE online subsystems
[2025.12.10-20.24.51:601][741]LogSlate: InvalidateAllWidgets triggered.  All widgets were invalidated
[2025.12.10-20.24.51:624][741]LogAudioMixer: FMixerPlatformXAudio2::StopAudioStream() called
[2025.12.10-20.24.51:625][741]LogAudioMixer: FMixerPlatformXAudio2::StopAudioStream() called
[2025.12.10-20.24.51:634][741]LogUObjectHash: Compacting FUObjectHashTables data took   2.89ms
[2025.12.10-20.24.51:650][742]LogPlayLevel: Display: Destroying online subsystem :Context_25
[2025.12.10-20.25.40:556][589]BlueprintLog: New page: Compile BP_Button
[2025.12.10-20.25.40:599][589]LogUObjectHash: Compacting FUObjectHashTables data took   2.60ms
[2025.12.10-20.25.41:279][620]LogSavePackage: Moving '../../../../../../WORKPLACE/Mini_laboratory/MEPhI_VR_term_1/Mini_laboratory/Saved/BP_ButtonD44410E24F87CC2305AFE882FE571673.tmp' to '../../../../../../WORKPLACE/Mini_laboratory/MEPhI_VR_term_1/Mini_laboratory/Content/Workplace/Blueprints/BP_Button.uasset'
[2025.12.10-20.25.41:302][620]AssetCheck: New page: Asset Save: BP_Button
[2025.12.10-20.25.41:302][620]LogContentValidation: Display: Validating Blueprint /Game/Workplace/Blueprints/BP_Button.BP_Button
[2025.12.10-20.25.42:483][691]LogTemp: Repeating last play command: New Editor Window (PIE)
[2025.12.10-20.25.42:487][691]LogPlayLevel: PlayLevel: No blueprints needed recompiling
[2025.12.10-20.25.42:487][691]PIE: New page: PIE session: StartMenu (11 дек. 2025 г., 02:25:42)
[2025.12.10-20.25.42:487][691]LogPlayLevel: Creating play world package: /Game/Workplace/Maps/UEDPIE_0_StartMenu
[2025.12.10-20.25.42:489][691]LogPlayLevel: PIE: StaticDuplicateObject took: (0.001295s)
[2025.12.10-20.25.42:490][691]LogAIModule: Creating AISystem for world StartMenu
[2025.12.10-20.25.42:491][691]LogPlayLevel: PIE: World Init took: (0.002141s)
[2025.12.10-20.25.42:491][691]LogPlayLevel: PIE: Created PIE world by copying editor world from /Game/Workplace/Maps/StartMenu.StartMenu to /Game/Workplace/Maps/UEDPIE_0_StartMenu.StartMenu (0.003627s)
[2025.12.10-20.25.42:518][691]LogUObjectHash: Compacting FUObjectHashTables data took   3.19ms
[2025.12.10-20.25.42:518][691]LogAudio: Display: Creating Audio Device:                 Id: 15, Scope: Unique, Realtime: True
[2025.12.10-20.25.42:518][691]LogAudioMixer: Display: Audio Mixer Platform Settings:
[2025.12.10-20.25.42:518][691]LogAudioMixer: Display: 	Sample Rate:						  48000
[2025.12.10-20.25.42:518][691]LogAudioMixer: Display: 	Callback Buffer Frame Size Requested: 1024
[2025.12.10-20.25.42:518][691]LogAudioMixer: Display: 	Callback Buffer Frame Size To Use:	  1024
[2025.12.10-20.25.42:518][691]LogAudioMixer: Display: 	Number of buffers to queue:			  2
[2025.12.10-20.25.42:518][691]LogAudioMixer: Display: 	Max Channels (voices):				  32
[2025.12.10-20.25.42:518][691]LogAudioMixer: Display: 	Number of Async Source Workers:		  0
[2025.12.10-20.25.42:518][691]LogAudio: Display: AudioDevice MaxSources: 32
[2025.12.10-20.25.42:518][691]LogAudio: Display: Audio Spatialization Plugin: None (built-in).
[2025.12.10-20.25.42:519][691]LogAudio: Display: Audio Reverb Plugin: None (built-in).
[2025.12.10-20.25.42:519][691]LogAudio: Display: Audio Occlusion Plugin: None (built-in).
[2025.12.10-20.25.42:519][691]LogAudioMixer: Display: Initializing audio mixer.
[2025.12.10-20.25.42:520][691]LogAudioMixer: Display: 0: FrontLeft
[2025.12.10-20.25.42:520][691]LogAudioMixer: Display: 1: FrontRight
[2025.12.10-20.25.42:530][691]LogAudioMixer: Display: Using Audio Device Наушники (Realtek(R) Audio)
[2025.12.10-20.25.42:530][691]LogAudioMixer: Display: Initializing Sound Submixes...
[2025.12.10-20.25.42:530][691]LogAudioMixer: Display: Creating Master Submix 'MasterSubmixDefault'
[2025.12.10-20.25.42:530][691]LogAudioMixer: Display: Creating Master Submix 'MasterReverbSubmixDefault'
[2025.12.10-20.25.42:530][691]LogAudioMixer: Display: Creating Master Submix 'MasterEQSubmixDefault'
[2025.12.10-20.25.42:532][691]LogAudioMixer: FMixerPlatformXAudio2::StartAudioStream() called
[2025.12.10-20.25.42:532][691]LogAudioMixer: Display: Output buffers initialized: Frames=1024, Channels=2, Samples=2048
[2025.12.10-20.25.42:532][691]LogAudioMixer: Display: Starting AudioMixerPlatformInterface::RunInternal()
[2025.12.10-20.25.42:532][691]LogAudioMixer: Display: FMixerPlatformXAudio2::SubmitBuffer() called for the first time
[2025.12.10-20.25.42:532][691]LogInit: FAudioDevice initialized.
[2025.12.10-20.25.42:532][691]LogAudio: Display: Audio Device (ID: 15) registered with world 'StartMenu'.
[2025.12.10-20.25.42:577][691]LogSlate: Updating window title bar state: overlay mode, drag disabled, window buttons hidden, title bar hidden
[2025.12.10-20.25.42:577][691]LogLoad: Game class is 'BP_GameMode_C'
[2025.12.10-20.25.42:578][691]LogWorld: Bringing World /Game/Workplace/Maps/UEDPIE_0_StartMenu.StartMenu up for play (max tick rate 60) at 2025.12.10-23.25.42
[2025.12.10-20.25.42:578][691]LogWorld: Bringing up level for play took: 0.000308
[2025.12.10-20.25.42:578][691]LogOnline: OSS: Creating online subsystem instance for: :Context_26
[2025.12.10-20.25.42:580][691]LogSpawn: Warning: SpawnActor failed because no class was specified
[2025.12.10-20.25.42:581][691]LogPlayerController: Error: InputMode:UIOnly - Attempting to focus Non-Focusable widget SObjectWidget [Widget.cpp(799)]!
[2025.12.10-20.25.42:581][691]LogViewport: Display: Viewport MouseLockMode Changed, LockOnCapture -> DoNotLock
[2025.12.10-20.25.42:581][691]LogViewport: Display: Viewport MouseCaptureMode Changed, CapturePermanently_IncludingInitialMouseDown -> NoCapture
[2025.12.10-20.25.42:583][691]PIE: Server logged in
[2025.12.10-20.25.42:584][691]PIE: Play in editor total start time 0,097 seconds.
[2025.12.10-20.25.43:494][745]LogViewport: Display: Viewport MouseLockMode Changed, DoNotLock -> LockOnCapture
[2025.12.10-20.25.43:494][745]LogViewport: Display: Viewport MouseCaptureMode Changed, NoCapture -> CapturePermanently
[2025.12.10-20.25.43:494][745]LogNet: Browse: /Game/Workplace/Maps/FirstLevel
[2025.12.10-20.25.43:494][745]LogLoad: LoadMap: /Game/Workplace/Maps/FirstLevel
[2025.12.10-20.25.43:494][745]LogWorld: BeginTearingDown for /Game/Workplace/Maps/UEDPIE_0_StartMenu
[2025.12.10-20.25.43:495][745]LogWorld: UWorld::CleanupWorld for StartMenu, bSessionEnded=true, bCleanupResources=true
[2025.12.10-20.25.43:495][745]LogSlate: InvalidateAllWidgets triggered.  All widgets were invalidated
[2025.12.10-20.25.43:518][745]LogAudio: Display: Audio Device unregistered from world 'None'.
[2025.12.10-20.25.43:522][745]LogUObjectHash: Compacting FUObjectHashTables data took   2.29ms
[2025.12.10-20.25.43:526][745]LogAudio: Display: Audio Device (ID: 15) registered with world 'FirstLevel'.
[2025.12.10-20.25.43:527][745]LogAIModule: Creating AISystem for world FirstLevel
[2025.12.10-20.25.43:527][745]LogLoad: Game class is 'BP_GameMode_C'
[2025.12.10-20.25.43:531][745]LogWorld: Bringing World /Game/Workplace/Maps/UEDPIE_0_FirstLevel.FirstLevel up for play (max tick rate 60) at 2025.12.10-23.25.43
[2025.12.10-20.25.43:531][745]LogWorld: Bringing up level for play took: 0.003468
[2025.12.10-20.25.43:532][745]LogSpawn: Warning: SpawnActor failed because no class was specified
[2025.12.10-20.25.43:533][745]LogLoad: Took 0.038701 seconds to LoadMap(/Game/Workplace/Maps/FirstLevel)
[2025.12.10-20.26.15:444][651]LogSlate: Updating window title bar state: overlay mode, drag disabled, window buttons hidden, title bar hidden
[2025.12.10-20.26.15:444][651]LogWorld: BeginTearingDown for /Game/Workplace/Maps/UEDPIE_0_FirstLevel
[2025.12.10-20.26.15:444][651]LogSlate: Window 'Mini_laboratory Preview [NetMode: Standalone]  (64-bit/Windows) ' being destroyed
[2025.12.10-20.26.15:448][651]LogWorld: UWorld::CleanupWorld for FirstLevel, bSessionEnded=true, bCleanupResources=true
[2025.12.10-20.26.15:449][651]LogSlate: InvalidateAllWidgets triggered.  All widgets were invalidated
[2025.12.10-20.26.15:464][651]LogPlayLevel: Display: Shutting down PIE online subsystems
[2025.12.10-20.26.15:470][651]LogSlate: InvalidateAllWidgets triggered.  All widgets were invalidated
[2025.12.10-20.26.15:492][651]LogAudio: Display: Audio Device unregistered from world 'None'.
[2025.12.10-20.26.15:492][651]LogAudioMixer: FMixerPlatformXAudio2::StopAudioStream() called
[2025.12.10-20.26.15:493][651]LogAudioMixer: FMixerPlatformXAudio2::StopAudioStream() called
[2025.12.10-20.26.15:499][651]LogUObjectHash: Compacting FUObjectHashTables data took   3.06ms
[2025.12.10-20.26.15:530][653]LogPlayLevel: Display: Destroying online subsystem :Context_26
[2025.12.10-20.26.17:611][769]LogTemp: Repeating last play command: New Editor Window (PIE)
[2025.12.10-20.26.17:616][769]LogPlayLevel: PlayLevel: No blueprints needed recompiling
[2025.12.10-20.26.17:616][769]PIE: New page: PIE session: StartMenu (11 дек. 2025 г., 02:26:17)
[2025.12.10-20.26.17:616][769]LogPlayLevel: Creating play world package: /Game/Workplace/Maps/UEDPIE_0_StartMenu
[2025.12.10-20.26.17:617][769]LogPlayLevel: PIE: StaticDuplicateObject took: (0.000857s)
[2025.12.10-20.26.17:618][769]LogAIModule: Creating AISystem for world StartMenu
[2025.12.10-20.26.17:618][769]LogPlayLevel: PIE: World Init took: (0.000770s)
[2025.12.10-20.26.17:618][769]LogPlayLevel: PIE: Created PIE world by copying editor world from /Game/Workplace/Maps/StartMenu.StartMenu to /Game/Workplace/Maps/UEDPIE_0_StartMenu.StartMenu (0.001701s)
[2025.12.10-20.26.17:641][769]LogUObjectHash: Compacting FUObjectHashTables data took   2.51ms
[2025.12.10-20.26.17:642][769]LogAudio: Display: Creating Audio Device:                 Id: 16, Scope: Unique, Realtime: True
[2025.12.10-20.26.17:642][769]LogAudioMixer: Display: Audio Mixer Platform Settings:
[2025.12.10-20.26.17:642][769]LogAudioMixer: Display: 	Sample Rate:						  48000
[2025.12.10-20.26.17:642][769]LogAudioMixer: Display: 	Callback Buffer Frame Size Requested: 1024
[2025.12.10-20.26.17:643][769]LogAudioMixer: Display: 	Callback Buffer Frame Size To Use:	  1024
[2025.12.10-20.26.17:643][769]LogAudioMixer: Display: 	Number of buffers to queue:			  2
[2025.12.10-20.26.17:643][769]LogAudioMixer: Display: 	Max Channels (voices):				  32
[2025.12.10-20.26.17:643][769]LogAudioMixer: Display: 	Number of Async Source Workers:		  0
[2025.12.10-20.26.17:643][769]LogAudio: Display: AudioDevice MaxSources: 32
[2025.12.10-20.26.17:643][769]LogAudio: Display: Audio Spatialization Plugin: None (built-in).
[2025.12.10-20.26.17:643][769]LogAudio: Display: Audio Reverb Plugin: None (built-in).
[2025.12.10-20.26.17:643][769]LogAudio: Display: Audio Occlusion Plugin: None (built-in).
[2025.12.10-20.26.17:643][769]LogAudioMixer: Display: Initializing audio mixer.
[2025.12.10-20.26.17:645][769]LogAudioMixer: Display: 0: FrontLeft
[2025.12.10-20.26.17:645][769]LogAudioMixer: Display: 1: FrontRight
[2025.12.10-20.26.17:655][769]LogAudioMixer: Display: Using Audio Device Наушники (Realtek(R) Audio)
[2025.12.10-20.26.17:655][769]LogAudioMixer: Display: Initializing Sound Submixes...
[2025.12.10-20.26.17:655][769]LogAudioMixer: Display: Creating Master Submix 'MasterSubmixDefault'
[2025.12.10-20.26.17:655][769]LogAudioMixer: Display: Creating Master Submix 'MasterReverbSubmixDefault'
[2025.12.10-20.26.17:655][769]LogAudioMixer: Display: Creating Master Submix 'MasterEQSubmixDefault'
[2025.12.10-20.26.17:655][769]LogAudioMixer: FMixerPlatformXAudio2::StartAudioStream() called
[2025.12.10-20.26.17:655][769]LogAudioMixer: Display: Output buffers initialized: Frames=1024, Channels=2, Samples=2048
[2025.12.10-20.26.17:656][769]LogAudioMixer: Display: Starting AudioMixerPlatformInterface::RunInternal()
[2025.12.10-20.26.17:656][769]LogAudioMixer: Display: FMixerPlatformXAudio2::SubmitBuffer() called for the first time
[2025.12.10-20.26.17:656][769]LogInit: FAudioDevice initialized.
[2025.12.10-20.26.17:656][769]LogAudio: Display: Audio Device (ID: 16) registered with world 'StartMenu'.
[2025.12.10-20.26.17:722][769]LogSlate: Updating window title bar state: overlay mode, drag disabled, window buttons hidden, title bar hidden
[2025.12.10-20.26.17:723][769]LogLoad: Game class is 'BP_GameMode_C'
[2025.12.10-20.26.17:725][769]LogWorld: Bringing World /Game/Workplace/Maps/UEDPIE_0_StartMenu.StartMenu up for play (max tick rate 60) at 2025.12.10-23.26.17
[2025.12.10-20.26.17:726][769]LogWorld: Bringing up level for play took: 0.001431
[2025.12.10-20.26.17:726][769]LogOnline: OSS: Creating online subsystem instance for: :Context_27
[2025.12.10-20.26.17:732][769]LogSpawn: Warning: SpawnActor failed because no class was specified
[2025.12.10-20.26.17:736][769]LogPlayerController: Error: InputMode:UIOnly - Attempting to focus Non-Focusable widget SObjectWidget [Widget.cpp(799)]!
[2025.12.10-20.26.17:736][769]LogViewport: Display: Viewport MouseLockMode Changed, LockOnCapture -> DoNotLock
[2025.12.10-20.26.17:736][769]LogViewport: Display: Viewport MouseCaptureMode Changed, CapturePermanently_IncludingInitialMouseDown -> NoCapture
[2025.12.10-20.26.17:738][769]PIE: Server logged in
[2025.12.10-20.26.17:739][769]PIE: Play in editor total start time 0,123 seconds.
[2025.12.10-20.26.18:653][822]LogViewport: Display: Viewport MouseLockMode Changed, DoNotLock -> LockOnCapture
[2025.12.10-20.26.18:653][822]LogViewport: Display: Viewport MouseCaptureMode Changed, NoCapture -> CapturePermanently
[2025.12.10-20.26.18:654][822]LogNet: Browse: /Game/Workplace/Maps/FirstLevel
[2025.12.10-20.26.18:654][822]LogLoad: LoadMap: /Game/Workplace/Maps/FirstLevel
[2025.12.10-20.26.18:654][822]LogWorld: BeginTearingDown for /Game/Workplace/Maps/UEDPIE_0_StartMenu
[2025.12.10-20.26.18:654][822]LogWorld: UWorld::CleanupWorld for StartMenu, bSessionEnded=true, bCleanupResources=true
[2025.12.10-20.26.18:654][822]LogSlate: InvalidateAllWidgets triggered.  All widgets were invalidated
[2025.12.10-20.26.18:704][822]LogAudio: Display: Audio Device unregistered from world 'None'.
[2025.12.10-20.26.18:708][822]LogUObjectHash: Compacting FUObjectHashTables data took   3.10ms
[2025.12.10-20.26.18:712][822]LogAudio: Display: Audio Device (ID: 16) registered with world 'FirstLevel'.
[2025.12.10-20.26.18:713][822]LogAIModule: Creating AISystem for world FirstLevel
[2025.12.10-20.26.18:713][822]LogLoad: Game class is 'BP_GameMode_C'
[2025.12.10-20.26.18:717][822]LogWorld: Bringing World /Game/Workplace/Maps/UEDPIE_0_FirstLevel.FirstLevel up for play (max tick rate 60) at 2025.12.10-23.26.18
[2025.12.10-20.26.18:717][822]LogWorld: Bringing up level for play took: 0.003485
[2025.12.10-20.26.18:718][822]LogSpawn: Warning: SpawnActor failed because no class was specified
[2025.12.10-20.26.18:719][822]LogLoad: Took 0.064815 seconds to LoadMap(/Game/Workplace/Maps/FirstLevel)
[2025.12.10-20.26.27:753][361]LogSlate: Updating window title bar state: overlay mode, drag disabled, window buttons hidden, title bar hidden
[2025.12.10-20.26.27:753][361]LogWorld: BeginTearingDown for /Game/Workplace/Maps/UEDPIE_0_FirstLevel
[2025.12.10-20.26.27:754][361]LogSlate: Window 'Mini_laboratory Preview [NetMode: Standalone]  (64-bit/Windows) ' being destroyed
[2025.12.10-20.26.27:759][361]LogWorld: UWorld::CleanupWorld for FirstLevel, bSessionEnded=true, bCleanupResources=true
[2025.12.10-20.26.27:760][361]LogSlate: InvalidateAllWidgets triggered.  All widgets were invalidated
[2025.12.10-20.26.27:765][361]LogPlayLevel: Display: Shutting down PIE online subsystems
[2025.12.10-20.26.27:773][361]LogSlate: InvalidateAllWidgets triggered.  All widgets were invalidated
[2025.12.10-20.26.27:799][361]LogAudioMixer: FMixerPlatformXAudio2::StopAudioStream() called
[2025.12.10-20.26.27:803][361]LogAudioMixer: FMixerPlatformXAudio2::StopAudioStream() called
[2025.12.10-20.26.27:808][361]LogUObjectHash: Compacting FUObjectHashTables data took   2.35ms
[2025.12.10-20.26.27:823][362]LogPlayLevel: Display: Destroying online subsystem :Context_27
[2025.12.10-20.26.29:433][452]LogTemp: Repeating last play command: New Editor Window (PIE)
[2025.12.10-20.26.29:438][452]LogPlayLevel: PlayLevel: No blueprints needed recompiling
[2025.12.10-20.26.29:438][452]PIE: New page: PIE session: StartMenu (11 дек. 2025 г., 02:26:29)
[2025.12.10-20.26.29:438][452]LogPlayLevel: Creating play world package: /Game/Workplace/Maps/UEDPIE_0_StartMenu
[2025.12.10-20.26.29:439][452]LogPlayLevel: PIE: StaticDuplicateObject took: (0.000868s)
[2025.12.10-20.26.29:440][452]LogAIModule: Creating AISystem for world StartMenu
[2025.12.10-20.26.29:440][452]LogPlayLevel: PIE: World Init took: (0.000774s)
[2025.12.10-20.26.29:440][452]LogPlayLevel: PIE: Created PIE world by copying editor world from /Game/Workplace/Maps/StartMenu.StartMenu to /Game/Workplace/Maps/UEDPIE_0_StartMenu.StartMenu (0.001716s)
[2025.12.10-20.26.29:464][452]LogUObjectHash: Compacting FUObjectHashTables data took   2.31ms
[2025.12.10-20.26.29:465][452]LogAudio: Display: Creating Audio Device:                 Id: 17, Scope: Unique, Realtime: True
[2025.12.10-20.26.29:465][452]LogAudioMixer: Display: Audio Mixer Platform Settings:
[2025.12.10-20.26.29:465][452]LogAudioMixer: Display: 	Sample Rate:						  48000
[2025.12.10-20.26.29:465][452]LogAudioMixer: Display: 	Callback Buffer Frame Size Requested: 1024
[2025.12.10-20.26.29:465][452]LogAudioMixer: Display: 	Callback Buffer Frame Size To Use:	  1024
[2025.12.10-20.26.29:465][452]LogAudioMixer: Display: 	Number of buffers to queue:			  2
[2025.12.10-20.26.29:465][452]LogAudioMixer: Display: 	Max Channels (voices):				  32
[2025.12.10-20.26.29:465][452]LogAudioMixer: Display: 	Number of Async Source Workers:		  0
[2025.12.10-20.26.29:465][452]LogAudio: Display: AudioDevice MaxSources: 32
[2025.12.10-20.26.29:465][452]LogAudio: Display: Audio Spatialization Plugin: None (built-in).
[2025.12.10-20.26.29:465][452]LogAudio: Display: Audio Reverb Plugin: None (built-in).
[2025.12.10-20.26.29:465][452]LogAudio: Display: Audio Occlusion Plugin: None (built-in).
[2025.12.10-20.26.29:465][452]LogAudioMixer: Display: Initializing audio mixer.
[2025.12.10-20.26.29:467][452]LogAudioMixer: Display: 0: FrontLeft
[2025.12.10-20.26.29:467][452]LogAudioMixer: Display: 1: FrontRight
[2025.12.10-20.26.29:477][452]LogAudioMixer: Display: Using Audio Device Наушники (Realtek(R) Audio)
[2025.12.10-20.26.29:477][452]LogAudioMixer: Display: Initializing Sound Submixes...
[2025.12.10-20.26.29:478][452]LogAudioMixer: Display: Creating Master Submix 'MasterSubmixDefault'
[2025.12.10-20.26.29:478][452]LogAudioMixer: Display: Creating Master Submix 'MasterReverbSubmixDefault'
[2025.12.10-20.26.29:478][452]LogAudioMixer: Display: Creating Master Submix 'MasterEQSubmixDefault'
[2025.12.10-20.26.29:478][452]LogAudioMixer: FMixerPlatformXAudio2::StartAudioStream() called
[2025.12.10-20.26.29:478][452]LogAudioMixer: Display: Output buffers initialized: Frames=1024, Channels=2, Samples=2048
[2025.12.10-20.26.29:479][452]LogAudioMixer: Display: Starting AudioMixerPlatformInterface::RunInternal()
[2025.12.10-20.26.29:479][452]LogAudioMixer: Display: FMixerPlatformXAudio2::SubmitBuffer() called for the first time
[2025.12.10-20.26.29:479][452]LogInit: FAudioDevice initialized.
[2025.12.10-20.26.29:479][452]LogAudio: Display: Audio Device (ID: 17) registered with world 'StartMenu'.
[2025.12.10-20.26.29:515][452]LogSlate: Updating window title bar state: overlay mode, drag disabled, window buttons hidden, title bar hidden
[2025.12.10-20.26.29:515][452]LogLoad: Game class is 'BP_GameMode_C'
[2025.12.10-20.26.29:516][452]LogWorld: Bringing World /Game/Workplace/Maps/UEDPIE_0_StartMenu.StartMenu up for play (max tick rate 60) at 2025.12.10-23.26.29
[2025.12.10-20.26.29:516][452]LogWorld: Bringing up level for play took: 0.000366
[2025.12.10-20.26.29:516][452]LogOnline: OSS: Creating online subsystem instance for: :Context_28
[2025.12.10-20.26.29:518][452]LogSpawn: Warning: SpawnActor failed because no class was specified
[2025.12.10-20.26.29:519][452]LogPlayerController: Error: InputMode:UIOnly - Attempting to focus Non-Focusable widget SObjectWidget [Widget.cpp(799)]!
[2025.12.10-20.26.29:519][452]LogViewport: Display: Viewport MouseLockMode Changed, LockOnCapture -> DoNotLock
[2025.12.10-20.26.29:519][452]LogViewport: Display: Viewport MouseCaptureMode Changed, CapturePermanently_IncludingInitialMouseDown -> NoCapture
[2025.12.10-20.26.29:520][452]PIE: Server logged in
[2025.12.10-20.26.29:521][452]PIE: Play in editor total start time 0,083 seconds.
[2025.12.10-20.26.30:303][498]LogViewport: Display: Viewport MouseLockMode Changed, DoNotLock -> LockOnCapture
[2025.12.10-20.26.30:303][498]LogViewport: Display: Viewport MouseCaptureMode Changed, NoCapture -> CapturePermanently
[2025.12.10-20.26.30:305][498]LogNet: Browse: /Game/Workplace/Maps/FirstLevel
[2025.12.10-20.26.30:305][498]LogLoad: LoadMap: /Game/Workplace/Maps/FirstLevel
[2025.12.10-20.26.30:305][498]LogWorld: BeginTearingDown for /Game/Workplace/Maps/UEDPIE_0_StartMenu
[2025.12.10-20.26.30:305][498]LogWorld: UWorld::CleanupWorld for StartMenu, bSessionEnded=true, bCleanupResources=true
[2025.12.10-20.26.30:305][498]LogSlate: InvalidateAllWidgets triggered.  All widgets were invalidated
[2025.12.10-20.26.30:355][498]LogAudio: Display: Audio Device unregistered from world 'None'.
[2025.12.10-20.26.30:359][498]LogUObjectHash: Compacting FUObjectHashTables data took   2.95ms
[2025.12.10-20.26.30:363][498]LogAudio: Display: Audio Device (ID: 17) registered with world 'FirstLevel'.
[2025.12.10-20.26.30:364][498]LogAIModule: Creating AISystem for world FirstLevel
[2025.12.10-20.26.30:364][498]LogLoad: Game class is 'BP_GameMode_C'
[2025.12.10-20.26.30:368][498]LogWorld: Bringing World /Game/Workplace/Maps/UEDPIE_0_FirstLevel.FirstLevel up for play (max tick rate 60) at 2025.12.10-23.26.30
[2025.12.10-20.26.30:368][498]LogWorld: Bringing up level for play took: 0.003556
[2025.12.10-20.26.30:368][498]LogSpawn: Warning: SpawnActor failed because no class was specified
[2025.12.10-20.26.30:369][498]LogLoad: Took 0.064047 seconds to LoadMap(/Game/Workplace/Maps/FirstLevel)
[2025.12.10-20.26.36:555][869]LogBlueprintUserMessages: [BP_TestClickActor1_2] BP_TestClickActor1 was clicked
[2025.12.10-20.26.36:570][870]LogBlueprintUserMessages: [BP_TestClickActor1_2] BP_TestClickActor1 was clicked
[2025.12.10-20.26.36:587][871]LogBlueprintUserMessages: [BP_TestClickActor1_2] BP_TestClickActor1 was clicked
[2025.12.10-20.26.36:604][872]LogBlueprintUserMessages: [BP_TestClickActor1_2] BP_TestClickActor1 was clicked
[2025.12.10-20.26.36:620][873]LogBlueprintUserMessages: [BP_TestClickActor1_2] BP_TestClickActor1 was clicked
[2025.12.10-20.26.36:637][874]LogBlueprintUserMessages: [BP_TestClickActor1_2] BP_TestClickActor1 was clicked
[2025.12.10-20.26.36:654][875]LogBlueprintUserMessages: [BP_TestClickActor1_2] BP_TestClickActor1 was clicked
[2025.12.10-20.26.36:670][876]LogBlueprintUserMessages: [BP_TestClickActor1_2] BP_TestClickActor1 was clicked
[2025.12.10-20.26.36:687][877]LogBlueprintUserMessages: [BP_TestClickActor1_2] BP_TestClickActor1 was clicked
[2025.12.10-20.26.36:704][878]LogBlueprintUserMessages: [BP_TestClickActor1_2] BP_TestClickActor1 was clicked
[2025.12.10-20.26.36:721][879]LogBlueprintUserMessages: [BP_TestClickActor1_2] BP_TestClickActor1 was clicked
[2025.12.10-20.26.36:737][880]LogBlueprintUserMessages: [BP_TestClickActor1_2] BP_TestClickActor1 was clicked
[2025.12.10-20.26.36:754][881]LogBlueprintUserMessages: [BP_TestClickActor1_2] BP_TestClickActor1 was clicked
[2025.12.10-20.26.36:771][882]LogBlueprintUserMessages: [BP_TestClickActor1_2] BP_TestClickActor1 was clicked
[2025.12.10-20.26.36:788][883]LogBlueprintUserMessages: [BP_TestClickActor1_2] BP_TestClickActor1 was clicked
[2025.12.10-20.26.36:804][884]LogBlueprintUserMessages: [BP_TestClickActor1_2] BP_TestClickActor1 was clicked
[2025.12.10-20.26.36:820][885]LogBlueprintUserMessages: [BP_TestClickActor1_2] BP_TestClickActor1 was clicked
[2025.12.10-20.26.36:837][886]LogBlueprintUserMessages: [BP_TestClickActor1_2] BP_TestClickActor1 was clicked
[2025.12.10-20.26.36:854][887]LogBlueprintUserMessages: [BP_TestClickActor1_2] BP_TestClickActor1 was clicked
[2025.12.10-20.26.36:870][888]LogBlueprintUserMessages: [BP_TestClickActor1_2] BP_TestClickActor1 was clicked
[2025.12.10-20.26.36:887][889]LogBlueprintUserMessages: [BP_TestClickActor1_2] BP_TestClickActor1 was clicked
[2025.12.10-20.26.36:904][890]LogBlueprintUserMessages: [BP_TestClickActor1_2] BP_TestClickActor1 was clicked
[2025.12.10-20.26.36:921][891]LogBlueprintUserMessages: [BP_TestClickActor1_2] BP_TestClickActor1 was clicked
[2025.12.10-20.26.36:937][892]LogBlueprintUserMessages: [BP_TestClickActor1_2] BP_TestClickActor1 was clicked
[2025.12.10-20.26.36:954][893]LogBlueprintUserMessages: [BP_TestClickActor1_2] BP_TestClickActor1 was clicked
[2025.12.10-20.26.36:971][894]LogBlueprintUserMessages: [BP_TestClickActor1_2] BP_TestClickActor1 was clicked
[2025.12.10-20.26.36:987][895]LogBlueprintUserMessages: [BP_TestClickActor1_2] BP_TestClickActor1 was clicked
[2025.12.10-20.26.37:004][896]LogBlueprintUserMessages: [BP_TestClickActor1_2] BP_TestClickActor1 was clicked
[2025.12.10-20.26.37:021][897]LogBlueprintUserMessages: [BP_TestClickActor1_2] BP_TestClickActor1 was clicked
[2025.12.10-20.26.37:037][898]LogBlueprintUserMessages: [BP_TestClickActor1_2] BP_TestClickActor1 was clicked
[2025.12.10-20.26.37:054][899]LogBlueprintUserMessages: [BP_TestClickActor1_2] BP_TestClickActor1 was clicked
[2025.12.10-20.26.37:071][900]LogBlueprintUserMessages: [BP_TestClickActor1_2] BP_TestClickActor1 was clicked
[2025.12.10-20.26.37:087][901]LogBlueprintUserMessages: [BP_TestClickActor1_2] BP_TestClickActor1 was clicked
[2025.12.10-20.26.37:104][902]LogBlueprintUserMessages: [BP_TestClickActor1_2] BP_TestClickActor1 was clicked
[2025.12.10-20.26.37:121][903]LogBlueprintUserMessages: [BP_TestClickActor1_2] BP_TestClickActor1 was clicked
[2025.12.10-20.26.37:138][904]LogBlueprintUserMessages: [BP_TestClickActor1_2] BP_TestClickActor1 was clicked
[2025.12.10-20.26.37:154][905]LogBlueprintUserMessages: [BP_TestClickActor1_2] BP_TestClickActor1 was clicked
[2025.12.10-20.26.37:171][906]LogBlueprintUserMessages: [BP_TestClickActor1_2] BP_TestClickActor1 was clicked
[2025.12.10-20.26.37:188][907]LogBlueprintUserMessages: [BP_TestClickActor1_2] BP_TestClickActor1 was clicked
[2025.12.10-20.26.37:204][908]LogBlueprintUserMessages: [BP_TestClickActor1_2] BP_TestClickActor1 was clicked
[2025.12.10-20.26.37:220][909]LogBlueprintUserMessages: [BP_TestClickActor1_2] BP_TestClickActor1 was clicked
[2025.12.10-20.26.37:238][910]LogBlueprintUserMessages: [BP_TestClickActor1_2] BP_TestClickActor1 was clicked
[2025.12.10-20.26.37:254][911]LogBlueprintUserMessages: [BP_TestClickActor1_2] BP_TestClickActor1 was clicked
[2025.12.10-20.26.37:271][912]LogBlueprintUserMessages: [BP_TestClickActor1_2] BP_TestClickActor1 was clicked
[2025.12.10-20.26.37:288][913]LogBlueprintUserMessages: [BP_TestClickActor1_2] BP_TestClickActor1 was clicked
[2025.12.10-20.26.37:304][914]LogBlueprintUserMessages: [BP_TestClickActor1_2] BP_TestClickActor1 was clicked
[2025.12.10-20.26.37:321][915]LogBlueprintUserMessages: [BP_TestClickActor1_2] BP_TestClickActor1 was clicked
[2025.12.10-20.26.37:338][916]LogBlueprintUserMessages: [BP_TestClickActor1_2] BP_TestClickActor1 was clicked
[2025.12.10-20.26.37:357][917]LogBlueprintUserMessages: [BP_TestClickActor1_2] BP_TestClickActor1 was clicked
[2025.12.10-20.26.37:373][918]LogBlueprintUserMessages: [BP_TestClickActor1_2] BP_TestClickActor1 was clicked
[2025.12.10-20.26.37:388][919]LogBlueprintUserMessages: [BP_TestClickActor1_2] BP_TestClickActor1 was clicked
[2025.12.10-20.26.37:403][920]LogBlueprintUserMessages: [BP_TestClickActor1_2] BP_TestClickActor1 was clicked
[2025.12.10-20.26.37:420][921]LogBlueprintUserMessages: [BP_TestClickActor1_2] BP_TestClickActor1 was clicked
[2025.12.10-20.26.37:437][922]LogBlueprintUserMessages: [BP_TestClickActor1_2] BP_TestClickActor1 was clicked
[2025.12.10-20.26.37:454][923]LogBlueprintUserMessages: [BP_TestClickActor1_2] BP_TestClickActor1 was clicked
[2025.12.10-20.26.37:470][924]LogBlueprintUserMessages: [BP_TestClickActor1_2] BP_TestClickActor1 was clicked
[2025.12.10-20.26.37:487][925]LogBlueprintUserMessages: [BP_TestClickActor1_2] BP_TestClickActor1 was clicked
[2025.12.10-20.26.37:504][926]LogBlueprintUserMessages: [BP_TestClickActor1_2] BP_TestClickActor1 was clicked
[2025.12.10-20.26.37:524][927]LogBlueprintUserMessages: [BP_TestClickActor1_2] BP_TestClickActor1 was clicked
[2025.12.10-20.26.37:545][928]LogBlueprintUserMessages: [BP_TestClickActor1_2] BP_TestClickActor1 was clicked
[2025.12.10-20.26.37:563][929]LogBlueprintUserMessages: [BP_TestClickActor1_2] BP_TestClickActor1 was clicked
[2025.12.10-20.26.37:578][930]LogBlueprintUserMessages: [BP_TestClickActor1_2] BP_TestClickActor1 was clicked
[2025.12.10-20.26.37:596][931]LogBlueprintUserMessages: [BP_TestClickActor1_2] BP_TestClickActor1 was clicked
[2025.12.10-20.26.37:612][932]LogBlueprintUserMessages: [BP_TestClickActor1_2] BP_TestClickActor1 was clicked
[2025.12.10-20.26.37:629][933]LogBlueprintUserMessages: [BP_TestClickActor1_2] BP_TestClickActor1 was clicked
[2025.12.10-20.26.37:646][934]LogBlueprintUserMessages: [BP_TestClickActor1_2] BP_TestClickActor1 was clicked
[2025.12.10-20.26.37:662][935]LogBlueprintUserMessages: [BP_TestClickActor1_2] BP_TestClickActor1 was clicked
[2025.12.10-20.26.37:678][936]LogBlueprintUserMessages: [BP_TestClickActor1_2] BP_TestClickActor1 was clicked
[2025.12.10-20.26.37:694][937]LogBlueprintUserMessages: [BP_TestClickActor1_2] BP_TestClickActor1 was clicked
[2025.12.10-20.26.37:711][938]LogBlueprintUserMessages: [BP_TestClickActor1_2] BP_TestClickActor1 was clicked
[2025.12.10-20.26.37:728][939]LogBlueprintUserMessages: [BP_TestClickActor1_2] BP_TestClickActor1 was clicked
[2025.12.10-20.26.37:744][940]LogBlueprintUserMessages: [BP_TestClickActor1_2] BP_TestClickActor1 was clicked
[2025.12.10-20.26.37:761][941]LogBlueprintUserMessages: [BP_TestClickActor1_2] BP_TestClickActor1 was clicked
[2025.12.10-20.26.37:778][942]LogBlueprintUserMessages: [BP_TestClickActor1_2] BP_TestClickActor1 was clicked
[2025.12.10-20.26.37:795][943]LogBlueprintUserMessages: [BP_TestClickActor1_2] BP_TestClickActor1 was clicked
[2025.12.10-20.26.37:811][944]LogBlueprintUserMessages: [BP_TestClickActor1_2] BP_TestClickActor1 was clicked
[2025.12.10-20.26.37:829][945]LogBlueprintUserMessages: [BP_TestClickActor1_2] BP_TestClickActor1 was clicked
[2025.12.10-20.26.37:845][946]LogBlueprintUserMessages: [BP_TestClickActor1_2] BP_TestClickActor1 was clicked
[2025.12.10-20.26.37:861][947]LogBlueprintUserMessages: [BP_TestClickActor1_2] BP_TestClickActor1 was clicked
[2025.12.10-20.26.37:878][948]LogBlueprintUserMessages: [BP_TestClickActor1_2] BP_TestClickActor1 was clicked
[2025.12.10-20.26.37:895][949]LogBlueprintUserMessages: [BP_TestClickActor1_2] BP_TestClickActor1 was clicked
[2025.12.10-20.26.37:911][950]LogBlueprintUserMessages: [BP_TestClickActor1_2] BP_TestClickActor1 was clicked
[2025.12.10-20.26.37:928][951]LogBlueprintUserMessages: [BP_TestClickActor1_2] BP_TestClickActor1 was clicked
[2025.12.10-20.26.37:945][952]LogBlueprintUserMessages: [BP_TestClickActor1_2] BP_TestClickActor1 was clicked
[2025.12.10-20.26.37:962][953]LogBlueprintUserMessages: [BP_TestClickActor1_2] BP_TestClickActor1 was clicked
[2025.12.10-20.26.37:978][954]LogBlueprintUserMessages: [BP_TestClickActor1_2] BP_TestClickActor1 was clicked
[2025.12.10-20.26.37:996][955]LogBlueprintUserMessages: [BP_TestClickActor1_2] BP_TestClickActor1 was clicked
[2025.12.10-20.26.38:011][956]LogBlueprintUserMessages: [BP_TestClickActor1_2] BP_TestClickActor1 was clicked
[2025.12.10-20.26.38:028][957]LogBlueprintUserMessages: [BP_TestClickActor1_2] BP_TestClickActor1 was clicked
[2025.12.10-20.26.38:045][958]LogBlueprintUserMessages: [BP_TestClickActor1_2] BP_TestClickActor1 was clicked
[2025.12.10-20.26.38:061][959]LogBlueprintUserMessages: [BP_TestClickActor1_2] BP_TestClickActor1 was clicked
[2025.12.10-20.26.38:078][960]LogBlueprintUserMessages: [BP_TestClickActor1_2] BP_TestClickActor1 was clicked
[2025.12.10-20.26.38:095][961]LogBlueprintUserMessages: [BP_TestClickActor1_2] BP_TestClickActor1 was clicked
[2025.12.10-20.26.38:111][962]LogBlueprintUserMessages: [BP_TestClickActor1_2] BP_TestClickActor1 was clicked
[2025.12.10-20.26.38:128][963]LogBlueprintUserMessages: [BP_TestClickActor1_2] BP_TestClickActor1 was clicked
[2025.12.10-20.26.38:144][964]LogBlueprintUserMessages: [BP_TestClickActor1_2] BP_TestClickActor1 was clicked
[2025.12.10-20.26.38:161][965]LogBlueprintUserMessages: [BP_TestClickActor1_2] BP_TestClickActor1 was clicked
[2025.12.10-20.26.38:177][966]LogBlueprintUserMessages: [BP_TestClickActor1_2] BP_TestClickActor1 was clicked
[2025.12.10-20.26.38:195][967]LogBlueprintUserMessages: [BP_TestClickActor1_2] BP_TestClickActor1 was clicked
[2025.12.10-20.26.38:212][968]LogBlueprintUserMessages: [BP_TestClickActor1_2] BP_TestClickActor1 was clicked
[2025.12.10-20.26.38:228][969]LogBlueprintUserMessages: [BP_TestClickActor1_2] BP_TestClickActor1 was clicked
[2025.12.10-20.26.38:244][970]LogBlueprintUserMessages: [BP_TestClickActor1_2] BP_TestClickActor1 was clicked
[2025.12.10-20.26.38:261][971]LogBlueprintUserMessages: [BP_TestClickActor1_2] BP_TestClickActor1 was clicked
[2025.12.10-20.26.38:278][972]LogBlueprintUserMessages: [BP_TestClickActor1_2] BP_TestClickActor1 was clicked
[2025.12.10-20.26.38:295][973]LogBlueprintUserMessages: [BP_TestClickActor1_2] BP_TestClickActor1 was clicked
[2025.12.10-20.26.38:311][974]LogBlueprintUserMessages: [BP_TestClickActor1_2] BP_TestClickActor1 was clicked
[2025.12.10-20.26.38:328][975]LogBlueprintUserMessages: [BP_TestClickActor1_2] BP_TestClickActor1 was clicked
[2025.12.10-20.26.38:344][976]LogBlueprintUserMessages: [BP_TestClickActor1_2] BP_TestClickActor1 was clicked
[2025.12.10-20.26.38:361][977]LogBlueprintUserMessages: [BP_TestClickActor1_2] BP_TestClickActor1 was clicked
[2025.12.10-20.26.38:377][978]LogBlueprintUserMessages: [BP_TestClickActor1_2] BP_TestClickActor1 was clicked
[2025.12.10-20.26.38:394][979]LogBlueprintUserMessages: [BP_TestClickActor1_2] BP_TestClickActor1 was clicked
[2025.12.10-20.26.38:411][980]LogBlueprintUserMessages: [BP_TestClickActor1_2] BP_TestClickActor1 was clicked
[2025.12.10-20.26.38:427][981]LogBlueprintUserMessages: [BP_TestClickActor1_2] BP_TestClickActor1 was clicked
[2025.12.10-20.26.38:444][982]LogBlueprintUserMessages: [BP_TestClickActor1_2] BP_TestClickActor1 was clicked
[2025.12.10-20.26.38:461][983]LogBlueprintUserMessages: [BP_TestClickActor1_2] BP_TestClickActor1 was clicked
[2025.12.10-20.26.38:477][984]LogBlueprintUserMessages: [BP_TestClickActor1_2] BP_TestClickActor1 was clicked
[2025.12.10-20.26.38:494][985]LogBlueprintUserMessages: [BP_TestClickActor1_2] BP_TestClickActor1 was clicked
[2025.12.10-20.26.38:511][986]LogBlueprintUserMessages: [BP_TestClickActor1_2] BP_TestClickActor1 was clicked
[2025.12.10-20.26.38:527][987]LogBlueprintUserMessages: [BP_TestClickActor1_2] BP_TestClickActor1 was clicked
[2025.12.10-20.26.38:544][988]LogBlueprintUserMessages: [BP_TestClickActor1_2] BP_TestClickActor1 was clicked
[2025.12.10-20.26.38:561][989]LogBlueprintUserMessages: [BP_TestClickActor1_2] BP_TestClickActor1 was clicked
[2025.12.10-20.26.38:578][990]LogBlueprintUserMessages: [BP_TestClickActor1_2] BP_TestClickActor1 was clicked
[2025.12.10-20.26.38:595][991]LogBlueprintUserMessages: [BP_TestClickActor1_2] BP_TestClickActor1 was clicked
[2025.12.10-20.26.38:611][992]LogBlueprintUserMessages: [BP_TestClickActor1_2] BP_TestClickActor1 was clicked
[2025.12.10-20.26.38:628][993]LogBlueprintUserMessages: [BP_TestClickActor1_2] BP_TestClickActor1 was clicked
[2025.12.10-20.26.38:644][994]LogBlueprintUserMessages: [BP_TestClickActor1_2] BP_TestClickActor1 was clicked
[2025.12.10-20.26.38:661][995]LogBlueprintUserMessages: [BP_TestClickActor1_2] BP_TestClickActor1 was clicked
[2025.12.10-20.26.38:677][996]LogBlueprintUserMessages: [BP_TestClickActor1_2] BP_TestClickActor1 was clicked
[2025.12.10-20.26.38:694][997]LogBlueprintUserMessages: [BP_TestClickActor1_2] BP_TestClickActor1 was clicked
[2025.12.10-20.26.38:711][998]LogBlueprintUserMessages: [BP_TestClickActor1_2] BP_TestClickActor1 was clicked
[2025.12.10-20.26.38:727][999]LogBlueprintUserMessages: [BP_TestClickActor1_2] BP_TestClickActor1 was clicked
[2025.12.10-20.26.38:744][  0]LogBlueprintUserMessages: [BP_TestClickActor1_2] BP_TestClickActor1 was clicked
[2025.12.10-20.26.38:761][  1]LogBlueprintUserMessages: [BP_TestClickActor1_2] BP_TestClickActor1 was clicked
[2025.12.10-20.26.38:778][  2]LogBlueprintUserMessages: [BP_TestClickActor1_2] BP_TestClickActor1 was clicked
[2025.12.10-20.26.38:794][  3]LogBlueprintUserMessages: [BP_TestClickActor1_2] BP_TestClickActor1 was clicked
[2025.12.10-20.26.38:811][  4]LogBlueprintUserMessages: [BP_TestClickActor1_2] BP_TestClickActor1 was clicked
[2025.12.10-20.26.38:828][  5]LogBlueprintUserMessages: [BP_TestClickActor1_2] BP_TestClickActor1 was clicked
[2025.12.10-20.26.38:845][  6]LogBlueprintUserMessages: [BP_TestClickActor1_2] BP_TestClickActor1 was clicked
[2025.12.10-20.26.38:861][  7]LogBlueprintUserMessages: [BP_TestClickActor1_2] BP_TestClickActor1 was clicked
[2025.12.10-20.26.38:877][  8]LogBlueprintUserMessages: [BP_TestClickActor1_2] BP_TestClickActor1 was clicked
[2025.12.10-20.26.38:894][  9]LogBlueprintUserMessages: [BP_TestClickActor1_2] BP_TestClickActor1 was clicked
[2025.12.10-20.26.38:911][ 10]LogBlueprintUserMessages: [BP_TestClickActor1_2] BP_TestClickActor1 was clicked
[2025.12.10-20.26.38:927][ 11]LogBlueprintUserMessages: [BP_TestClickActor1_2] BP_TestClickActor1 was clicked
[2025.12.10-20.26.38:944][ 12]LogBlueprintUserMessages: [BP_TestClickActor1_2] BP_TestClickActor1 was clicked
[2025.12.10-20.26.38:961][ 13]LogBlueprintUserMessages: [BP_TestClickActor1_2] BP_TestClickActor1 was clicked
[2025.12.10-20.26.38:978][ 14]LogBlueprintUserMessages: [BP_TestClickActor1_2] BP_TestClickActor1 was clicked
[2025.12.10-20.26.38:994][ 15]LogBlueprintUserMessages: [BP_TestClickActor1_2] BP_TestClickActor1 was clicked
[2025.12.10-20.26.39:011][ 16]LogBlueprintUserMessages: [BP_TestClickActor1_2] BP_TestClickActor1 was clicked
[2025.12.10-20.26.39:027][ 17]LogBlueprintUserMessages: [BP_TestClickActor1_2] BP_TestClickActor1 was clicked
[2025.12.10-20.26.39:044][ 18]LogBlueprintUserMessages: [BP_TestClickActor1_2] BP_TestClickActor1 was clicked
[2025.12.10-20.26.39:062][ 19]LogBlueprintUserMessages: [BP_TestClickActor1_2] BP_TestClickActor1 was clicked
[2025.12.10-20.26.39:078][ 20]LogBlueprintUserMessages: [BP_TestClickActor1_2] BP_TestClickActor1 was clicked
[2025.12.10-20.26.39:095][ 21]LogBlueprintUserMessages: [BP_TestClickActor1_2] BP_TestClickActor1 was clicked
[2025.12.10-20.26.39:112][ 22]LogBlueprintUserMessages: [BP_TestClickActor1_2] BP_TestClickActor1 was clicked
[2025.12.10-20.26.39:127][ 23]LogBlueprintUserMessages: [BP_TestClickActor1_2] BP_TestClickActor1 was clicked
[2025.12.10-20.26.39:144][ 24]LogBlueprintUserMessages: [BP_TestClickActor1_2] BP_TestClickActor1 was clicked
[2025.12.10-20.26.39:160][ 25]LogBlueprintUserMessages: [BP_TestClickActor1_2] BP_TestClickActor1 was clicked
[2025.12.10-20.26.39:178][ 26]LogBlueprintUserMessages: [BP_TestClickActor1_2] BP_TestClickActor1 was clicked
[2025.12.10-20.26.39:195][ 27]LogBlueprintUserMessages: [BP_TestClickActor1_2] BP_TestClickActor1 was clicked
[2025.12.10-20.26.39:211][ 28]LogBlueprintUserMessages: [BP_TestClickActor1_2] BP_TestClickActor1 was clicked
[2025.12.10-20.26.39:227][ 29]LogBlueprintUserMessages: [BP_TestClickActor1_2] BP_TestClickActor1 was clicked
[2025.12.10-20.26.39:244][ 30]LogBlueprintUserMessages: [BP_TestClickActor1_2] BP_TestClickActor1 was clicked
[2025.12.10-20.26.39:261][ 31]LogBlueprintUserMessages: [BP_TestClickActor1_2] BP_TestClickActor1 was clicked
[2025.12.10-20.26.39:277][ 32]LogBlueprintUserMessages: [BP_TestClickActor1_2] BP_TestClickActor1 was clicked
[2025.12.10-20.26.39:294][ 33]LogBlueprintUserMessages: [BP_TestClickActor1_2] BP_TestClickActor1 was clicked
[2025.12.10-20.26.39:311][ 34]LogBlueprintUserMessages: [BP_TestClickActor1_2] BP_TestClickActor1 was clicked
[2025.12.10-20.26.39:327][ 35]LogBlueprintUserMessages: [BP_TestClickActor1_2] BP_TestClickActor1 was clicked
[2025.12.10-20.26.39:344][ 36]LogBlueprintUserMessages: [BP_TestClickActor1_2] BP_TestClickActor1 was clicked
[2025.12.10-20.26.39:361][ 37]LogBlueprintUserMessages: [BP_TestClickActor1_2] BP_TestClickActor1 was clicked
[2025.12.10-20.26.39:378][ 38]LogBlueprintUserMessages: [BP_TestClickActor1_2] BP_TestClickActor1 was clicked
[2025.12.10-20.26.39:395][ 39]LogBlueprintUserMessages: [BP_TestClickActor1_2] BP_TestClickActor1 was clicked
[2025.12.10-20.26.39:411][ 40]LogBlueprintUserMessages: [BP_TestClickActor1_2] BP_TestClickActor1 was clicked
[2025.12.10-20.26.39:428][ 41]LogBlueprintUserMessages: [BP_TestClickActor1_2] BP_TestClickActor1 was clicked
[2025.12.10-20.26.39:445][ 42]LogBlueprintUserMessages: [BP_TestClickActor1_2] BP_TestClickActor1 was clicked
[2025.12.10-20.26.39:461][ 43]LogBlueprintUserMessages: [BP_TestClickActor1_2] BP_TestClickActor1 was clicked
[2025.12.10-20.26.39:478][ 44]LogBlueprintUserMessages: [BP_TestClickActor1_2] BP_TestClickActor1 was clicked
[2025.12.10-20.26.39:495][ 45]LogBlueprintUserMessages: [BP_TestClickActor1_2] BP_TestClickActor1 was clicked
[2025.12.10-20.26.39:511][ 46]LogBlueprintUserMessages: [BP_TestClickActor1_2] BP_TestClickActor1 was clicked
[2025.12.10-20.26.39:528][ 47]LogBlueprintUserMessages: [BP_TestClickActor1_2] BP_TestClickActor1 was clicked
[2025.12.10-20.26.39:545][ 48]LogBlueprintUserMessages: [BP_TestClickActor1_2] BP_TestClickActor1 was clicked
[2025.12.10-20.26.39:561][ 49]LogBlueprintUserMessages: [BP_TestClickActor1_2] BP_TestClickActor1 was clicked
[2025.12.10-20.26.39:578][ 50]LogBlueprintUserMessages: [BP_TestClickActor1_2] BP_TestClickActor1 was clicked
[2025.12.10-20.26.39:595][ 51]LogBlueprintUserMessages: [BP_TestClickActor1_2] BP_TestClickActor1 was clicked
[2025.12.10-20.26.39:611][ 52]LogBlueprintUserMessages: [BP_TestClickActor1_2] BP_TestClickActor1 was clicked
[2025.12.10-20.26.39:628][ 53]LogBlueprintUserMessages: [BP_TestClickActor1_2] BP_TestClickActor1 was clicked
[2025.12.10-20.26.39:644][ 54]LogBlueprintUserMessages: [BP_TestClickActor1_2] BP_TestClickActor1 was clicked
[2025.12.10-20.26.39:661][ 55]LogBlueprintUserMessages: [BP_TestClickActor1_2] BP_TestClickActor1 was clicked
[2025.12.10-20.26.39:677][ 56]LogBlueprintUserMessages: [BP_TestClickActor1_2] BP_TestClickActor1 was clicked
[2025.12.10-20.26.39:694][ 57]LogBlueprintUserMessages: [BP_TestClickActor1_2] BP_TestClickActor1 was clicked
[2025.12.10-20.26.39:711][ 58]LogBlueprintUserMessages: [BP_TestClickActor1_2] BP_TestClickActor1 was clicked
[2025.12.10-20.26.39:728][ 59]LogBlueprintUserMessages: [BP_TestClickActor1_2] BP_TestClickActor1 was clicked
[2025.12.10-20.26.39:744][ 60]LogBlueprintUserMessages: [BP_TestClickActor1_2] BP_TestClickActor1 was clicked
[2025.12.10-20.26.39:761][ 61]LogBlueprintUserMessages: [BP_TestClickActor1_2] BP_TestClickActor1 was clicked
[2025.12.10-20.27.10:074][877]LogSlate: Updating window title bar state: overlay mode, drag disabled, window buttons hidden, title bar hidden
[2025.12.10-20.27.10:074][877]LogWorld: BeginTearingDown for /Game/Workplace/Maps/UEDPIE_0_FirstLevel
[2025.12.10-20.27.10:074][877]LogSlate: Window 'Mini_laboratory Preview [NetMode: Standalone]  (64-bit/Windows) ' being destroyed
[2025.12.10-20.27.10:078][877]LogWorld: UWorld::CleanupWorld for FirstLevel, bSessionEnded=true, bCleanupResources=true
[2025.12.10-20.27.10:079][877]LogSlate: InvalidateAllWidgets triggered.  All widgets were invalidated
[2025.12.10-20.27.10:090][877]LogPlayLevel: Display: Shutting down PIE online subsystems
[2025.12.10-20.27.10:098][877]LogSlate: InvalidateAllWidgets triggered.  All widgets were invalidated
[2025.12.10-20.27.10:121][877]LogAudioMixer: FMixerPlatformXAudio2::StopAudioStream() called
[2025.12.10-20.27.10:122][877]LogAudioMixer: FMixerPlatformXAudio2::StopAudioStream() called
[2025.12.10-20.27.10:127][877]LogUObjectHash: Compacting FUObjectHashTables data took   2.39ms
[2025.12.10-20.27.10:160][879]LogPlayLevel: Display: Destroying online subsystem :Context_28
[2025.12.10-20.27.57:220][504]LogWindowsTextInputMethodSystem: Display: IME system deactivated.
[2025.12.10-20.27.57:221][504]LogWindowsTextInputMethodSystem: Display: IME system deactivated.
[2025.12.10-20.28.08:414][127]BlueprintLog: New page: Compile BP_Button
[2025.12.10-20.28.08:460][127]LogUObjectHash: Compacting FUObjectHashTables data took   4.11ms
[2025.12.10-20.28.08:963][152]LogSavePackage: Moving '../../../../../../WORKPLACE/Mini_laboratory/MEPhI_VR_term_1/Mini_laboratory/Saved/BP_Button1F409C4746F9EDABE134469AB7440601.tmp' to '../../../../../../WORKPLACE/Mini_laboratory/MEPhI_VR_term_1/Mini_laboratory/Content/Workplace/Blueprints/BP_Button.uasset'
[2025.12.10-20.28.08:986][152]AssetCheck: New page: Asset Save: BP_Button
[2025.12.10-20.28.08:986][152]LogContentValidation: Display: Validating Blueprint /Game/Workplace/Blueprints/BP_Button.BP_Button
[2025.12.10-20.28.09:313][172]BlueprintLog: New page: Compile BP_Button
[2025.12.10-20.28.09:358][172]LogUObjectHash: Compacting FUObjectHashTables data took   3.70ms
[2025.12.10-20.28.09:975][193]LogSavePackage: Moving '../../../../../../WORKPLACE/Mini_laboratory/MEPhI_VR_term_1/Mini_laboratory/Saved/BP_Button6AE549AC4691A9D46D418A85ACADC4E8.tmp' to '../../../../../../WORKPLACE/Mini_laboratory/MEPhI_VR_term_1/Mini_laboratory/Content/Workplace/Blueprints/BP_Button.uasset'
[2025.12.10-20.28.10:028][193]AssetCheck: New page: Asset Save: BP_Button
[2025.12.10-20.28.10:028][193]LogContentValidation: Display: Validating Blueprint /Game/Workplace/Blueprints/BP_Button.BP_Button
[2025.12.10-20.28.10:275][208]BlueprintLog: New page: Compile BP_Button
[2025.12.10-20.28.10:323][208]LogUObjectHash: Compacting FUObjectHashTables data took   6.20ms
[2025.12.10-20.28.10:710][226]LogSavePackage: Moving '../../../../../../WORKPLACE/Mini_laboratory/MEPhI_VR_term_1/Mini_laboratory/Saved/BP_Button19DBBC9E498AF51D84A5039DC2A60712.tmp' to '../../../../../../WORKPLACE/Mini_laboratory/MEPhI_VR_term_1/Mini_laboratory/Content/Workplace/Blueprints/BP_Button.uasset'
[2025.12.10-20.28.10:737][226]AssetCheck: New page: Asset Save: BP_Button
[2025.12.10-20.28.10:737][226]LogContentValidation: Display: Validating Blueprint /Game/Workplace/Blueprints/BP_Button.BP_Button
[2025.12.10-20.28.11:316][261]LogActorComponent: UnregisterComponent: (/Engine/Transient.EditorFloorComp) Not registered. Aborting.
[2025.12.10-20.28.11:316][261]LogWorld: UWorld::CleanupWorld for World_0, bSessionEnded=true, bCleanupResources=true
[2025.12.10-20.28.11:316][261]LogSlate: InvalidateAllWidgets triggered.  All widgets were invalidated
[2025.12.10-20.28.14:996][445]LogTemp: Repeating last play command: New Editor Window (PIE)
[2025.12.10-20.28.15:002][445]LogPlayLevel: PlayLevel: No blueprints needed recompiling
[2025.12.10-20.28.15:002][445]PIE: New page: PIE session: StartMenu (11 дек. 2025 г., 02:28:15)
[2025.12.10-20.28.15:002][445]LogPlayLevel: Creating play world package: /Game/Workplace/Maps/UEDPIE_0_StartMenu
[2025.12.10-20.28.15:002][445]LogPlayLevel: PIE: StaticDuplicateObject took: (0.000896s)
[2025.12.10-20.28.15:003][445]LogAIModule: Creating AISystem for world StartMenu
[2025.12.10-20.28.15:003][445]LogPlayLevel: PIE: World Init took: (0.000806s)
[2025.12.10-20.28.15:003][445]LogPlayLevel: PIE: Created PIE world by copying editor world from /Game/Workplace/Maps/StartMenu.StartMenu to /Game/Workplace/Maps/UEDPIE_0_StartMenu.StartMenu (0.001776s)
[2025.12.10-20.28.15:063][445]LogUObjectHash: Compacting FUObjectHashTables data took   2.98ms
[2025.12.10-20.28.15:064][445]LogAudio: Display: Creating Audio Device:                 Id: 18, Scope: Unique, Realtime: True
[2025.12.10-20.28.15:064][445]LogAudioMixer: Display: Audio Mixer Platform Settings:
[2025.12.10-20.28.15:064][445]LogAudioMixer: Display: 	Sample Rate:						  48000
[2025.12.10-20.28.15:064][445]LogAudioMixer: Display: 	Callback Buffer Frame Size Requested: 1024
[2025.12.10-20.28.15:064][445]LogAudioMixer: Display: 	Callback Buffer Frame Size To Use:	  1024
[2025.12.10-20.28.15:064][445]LogAudioMixer: Display: 	Number of buffers to queue:			  2
[2025.12.10-20.28.15:064][445]LogAudioMixer: Display: 	Max Channels (voices):				  32
[2025.12.10-20.28.15:064][445]LogAudioMixer: Display: 	Number of Async Source Workers:		  0
[2025.12.10-20.28.15:064][445]LogAudio: Display: AudioDevice MaxSources: 32
[2025.12.10-20.28.15:065][445]LogAudio: Display: Audio Spatialization Plugin: None (built-in).
[2025.12.10-20.28.15:065][445]LogAudio: Display: Audio Reverb Plugin: None (built-in).
[2025.12.10-20.28.15:065][445]LogAudio: Display: Audio Occlusion Plugin: None (built-in).
[2025.12.10-20.28.15:065][445]LogAudioMixer: Display: Initializing audio mixer.
[2025.12.10-20.28.15:067][445]LogAudioMixer: Display: 0: FrontLeft
[2025.12.10-20.28.15:067][445]LogAudioMixer: Display: 1: FrontRight
[2025.12.10-20.28.15:077][445]LogAudioMixer: Display: Using Audio Device Наушники (Realtek(R) Audio)
[2025.12.10-20.28.15:078][445]LogAudioMixer: Display: Initializing Sound Submixes...
[2025.12.10-20.28.15:078][445]LogAudioMixer: Display: Creating Master Submix 'MasterSubmixDefault'
[2025.12.10-20.28.15:078][445]LogAudioMixer: Display: Creating Master Submix 'MasterReverbSubmixDefault'
[2025.12.10-20.28.15:078][445]LogAudioMixer: Display: Creating Master Submix 'MasterEQSubmixDefault'
[2025.12.10-20.28.15:078][445]LogAudioMixer: FMixerPlatformXAudio2::StartAudioStream() called
[2025.12.10-20.28.15:078][445]LogAudioMixer: Display: Output buffers initialized: Frames=1024, Channels=2, Samples=2048
[2025.12.10-20.28.15:079][445]LogAudioMixer: Display: Starting AudioMixerPlatformInterface::RunInternal()
[2025.12.10-20.28.15:079][445]LogAudioMixer: Display: FMixerPlatformXAudio2::SubmitBuffer() called for the first time
[2025.12.10-20.28.15:079][445]LogInit: FAudioDevice initialized.
[2025.12.10-20.28.15:079][445]LogAudio: Display: Audio Device (ID: 18) registered with world 'StartMenu'.
[2025.12.10-20.28.15:127][445]LogSlate: Updating window title bar state: overlay mode, drag disabled, window buttons hidden, title bar hidden
[2025.12.10-20.28.15:127][445]LogLoad: Game class is 'BP_GameMode_C'
[2025.12.10-20.28.15:127][445]LogWorld: Bringing World /Game/Workplace/Maps/UEDPIE_0_StartMenu.StartMenu up for play (max tick rate 60) at 2025.12.10-23.28.15
[2025.12.10-20.28.15:127][445]LogWorld: Bringing up level for play took: 0.000326
[2025.12.10-20.28.15:128][445]LogOnline: OSS: Creating online subsystem instance for: :Context_29
[2025.12.10-20.28.15:130][445]LogSpawn: Warning: SpawnActor failed because no class was specified
[2025.12.10-20.28.15:131][445]LogPlayerController: Error: InputMode:UIOnly - Attempting to focus Non-Focusable widget SObjectWidget [Widget.cpp(799)]!
[2025.12.10-20.28.15:131][445]LogViewport: Display: Viewport MouseLockMode Changed, LockOnCapture -> DoNotLock
[2025.12.10-20.28.15:131][445]LogViewport: Display: Viewport MouseCaptureMode Changed, CapturePermanently_IncludingInitialMouseDown -> NoCapture
[2025.12.10-20.28.15:132][445]PIE: Server logged in
[2025.12.10-20.28.15:133][445]PIE: Play in editor total start time 0,132 seconds.
[2025.12.10-20.28.16:145][504]LogViewport: Display: Viewport MouseLockMode Changed, DoNotLock -> LockOnCapture
[2025.12.10-20.28.16:145][504]LogViewport: Display: Viewport MouseCaptureMode Changed, NoCapture -> CapturePermanently
[2025.12.10-20.28.16:146][504]LogNet: Browse: /Game/Workplace/Maps/FirstLevel
[2025.12.10-20.28.16:146][504]LogLoad: LoadMap: /Game/Workplace/Maps/FirstLevel
[2025.12.10-20.28.16:146][504]LogWorld: BeginTearingDown for /Game/Workplace/Maps/UEDPIE_0_StartMenu
[2025.12.10-20.28.16:146][504]LogWorld: UWorld::CleanupWorld for StartMenu, bSessionEnded=true, bCleanupResources=true
[2025.12.10-20.28.16:146][504]LogSlate: InvalidateAllWidgets triggered.  All widgets were invalidated
[2025.12.10-20.28.16:174][504]LogAudio: Display: Audio Device unregistered from world 'None'.
[2025.12.10-20.28.16:206][504]LogUObjectHash: Compacting FUObjectHashTables data took   2.94ms
[2025.12.10-20.28.16:212][504]LogAudio: Display: Audio Device (ID: 18) registered with world 'FirstLevel'.
[2025.12.10-20.28.16:213][504]LogAIModule: Creating AISystem for world FirstLevel
[2025.12.10-20.28.16:213][504]LogLoad: Game class is 'BP_GameMode_C'
[2025.12.10-20.28.16:217][504]LogWorld: Bringing World /Game/Workplace/Maps/UEDPIE_0_FirstLevel.FirstLevel up for play (max tick rate 60) at 2025.12.10-23.28.16
[2025.12.10-20.28.16:217][504]LogWorld: Bringing up level for play took: 0.003548
[2025.12.10-20.28.16:218][504]LogSpawn: Warning: SpawnActor failed because no class was specified
[2025.12.10-20.28.16:221][504]LogLoad: Took 0.074368 seconds to LoadMap(/Game/Workplace/Maps/FirstLevel)
[2025.12.10-20.28.41:984][ 45]LogSlate: Updating window title bar state: overlay mode, drag disabled, window buttons hidden, title bar hidden
[2025.12.10-20.28.41:984][ 45]LogWorld: BeginTearingDown for /Game/Workplace/Maps/UEDPIE_0_FirstLevel
[2025.12.10-20.28.41:984][ 45]LogSlate: Window 'Mini_laboratory Preview [NetMode: Standalone]  (64-bit/Windows) ' being destroyed
[2025.12.10-20.28.41:988][ 45]LogWorld: UWorld::CleanupWorld for FirstLevel, bSessionEnded=true, bCleanupResources=true
[2025.12.10-20.28.41:988][ 45]LogSlate: InvalidateAllWidgets triggered.  All widgets were invalidated
[2025.12.10-20.28.41:993][ 45]LogPlayLevel: Display: Shutting down PIE online subsystems
[2025.12.10-20.28.41:997][ 45]LogSlate: InvalidateAllWidgets triggered.  All widgets were invalidated
[2025.12.10-20.28.42:019][ 45]LogAudioMixer: FMixerPlatformXAudio2::StopAudioStream() called
[2025.12.10-20.28.42:020][ 45]LogAudioMixer: FMixerPlatformXAudio2::StopAudioStream() called
[2025.12.10-20.28.42:024][ 45]LogUObjectHash: Compacting FUObjectHashTables data took   1.58ms
[2025.12.10-20.28.42:052][ 47]LogPlayLevel: Display: Destroying online subsystem :Context_29
[2025.12.10-20.28.44:086][167]LogUObjectHash: Compacting FUObjectHashTables data took   1.67ms
[2025.12.10-20.28.44:091][167]LogSavePackage: Moving '../../../../../../WORKPLACE/Mini_laboratory/MEPhI_VR_term_1/Mini_laboratory/Saved/StartMenu9370B6144EA74257E0F9529953001612.tmp' to '../../../../../../WORKPLACE/Mini_laboratory/MEPhI_VR_term_1/Mini_laboratory/Content/Workplace/Maps/StartMenu.umap'
[2025.12.10-20.28.44:115][167]AssetCheck: New page: Asset Save: StartMenu
[2025.12.10-20.28.44:115][167]LogContentValidation: Display: Validating World /Game/Workplace/Maps/StartMenu.StartMenu
[2025.12.10-20.28.44:539][191]LogUObjectHash: Compacting FUObjectHashTables data took   2.52ms
[2025.12.10-20.28.44:544][191]LogSavePackage: Moving '../../../../../../WORKPLACE/Mini_laboratory/MEPhI_VR_term_1/Mini_laboratory/Saved/StartMenuAFFDF84B425FE9A96EEC12B314E24802.tmp' to '../../../../../../WORKPLACE/Mini_laboratory/MEPhI_VR_term_1/Mini_laboratory/Content/Workplace/Maps/StartMenu.umap'
[2025.12.10-20.28.44:565][191]AssetCheck: New page: Asset Save: StartMenu
[2025.12.10-20.28.44:565][191]LogContentValidation: Display: Validating World /Game/Workplace/Maps/StartMenu.StartMenu
[2025.12.10-20.28.44:735][196]LogUObjectHash: Compacting FUObjectHashTables data took   1.53ms
[2025.12.10-20.28.44:740][196]LogSavePackage: Moving '../../../../../../WORKPLACE/Mini_laboratory/MEPhI_VR_term_1/Mini_laboratory/Saved/StartMenuC49E3FA14D7BCF80407AD199B52AD0E4.tmp' to '../../../../../../WORKPLACE/Mini_laboratory/MEPhI_VR_term_1/Mini_laboratory/Content/Workplace/Maps/StartMenu.umap'
[2025.12.10-20.28.44:762][196]AssetCheck: New page: Asset Save: StartMenu
[2025.12.10-20.28.44:762][196]LogContentValidation: Display: Validating World /Game/Workplace/Maps/StartMenu.StartMenu
[2025.12.10-20.28.44:923][202]LogUObjectHash: Compacting FUObjectHashTables data took   0.47ms
[2025.12.10-20.28.44:929][202]LogSavePackage: Moving '../../../../../../WORKPLACE/Mini_laboratory/MEPhI_VR_term_1/Mini_laboratory/Saved/StartMenu3D3CEE0C4A7171168D3D3DAE6AC80294.tmp' to '../../../../../../WORKPLACE/Mini_laboratory/MEPhI_VR_term_1/Mini_laboratory/Content/Workplace/Maps/StartMenu.umap'
[2025.12.10-20.28.45:003][202]AssetCheck: New page: Asset Save: StartMenu
[2025.12.10-20.28.45:003][202]LogContentValidation: Display: Validating World /Game/Workplace/Maps/StartMenu.StartMenu
[2025.12.10-20.28.45:232][214]LogUObjectHash: Compacting FUObjectHashTables data took   0.45ms
[2025.12.10-20.28.45:237][214]LogSavePackage: Moving '../../../../../../WORKPLACE/Mini_laboratory/MEPhI_VR_term_1/Mini_laboratory/Saved/StartMenu16BE82A3404E4226CDBC489AAC0DB38D.tmp' to '../../../../../../WORKPLACE/Mini_laboratory/MEPhI_VR_term_1/Mini_laboratory/Content/Workplace/Maps/StartMenu.umap'
[2025.12.10-20.28.45:256][214]AssetCheck: New page: Asset Save: StartMenu
[2025.12.10-20.28.45:256][214]LogContentValidation: Display: Validating World /Game/Workplace/Maps/StartMenu.StartMenu
[2025.12.10-20.28.45:417][221]LogUObjectHash: Compacting FUObjectHashTables data took   0.47ms
[2025.12.10-20.28.45:421][221]LogSavePackage: Moving '../../../../../../WORKPLACE/Mini_laboratory/MEPhI_VR_term_1/Mini_laboratory/Saved/StartMenuD9912B50437578D1E90AA196CF6B228E.tmp' to '../../../../../../WORKPLACE/Mini_laboratory/MEPhI_VR_term_1/Mini_laboratory/Content/Workplace/Maps/StartMenu.umap'
[2025.12.10-20.28.45:444][221]AssetCheck: New page: Asset Save: StartMenu
[2025.12.10-20.28.45:444][221]LogContentValidation: Display: Validating World /Game/Workplace/Maps/StartMenu.StartMenu
[2025.12.10-20.28.45:632][226]LogUObjectHash: Compacting FUObjectHashTables data took   0.44ms
[2025.12.10-20.28.45:636][226]LogSavePackage: Moving '../../../../../../WORKPLACE/Mini_laboratory/MEPhI_VR_term_1/Mini_laboratory/Saved/StartMenu18D1DCA048C856387221AB82992BE8F7.tmp' to '../../../../../../WORKPLACE/Mini_laboratory/MEPhI_VR_term_1/Mini_laboratory/Content/Workplace/Maps/StartMenu.umap'
[2025.12.10-20.28.45:659][226]AssetCheck: New page: Asset Save: StartMenu
[2025.12.10-20.28.45:659][226]LogContentValidation: Display: Validating World /Game/Workplace/Maps/StartMenu.StartMenu
[2025.12.10-20.28.55:190][778]LogUObjectHash: Compacting FUObjectHashTables data took   0.44ms
[2025.12.10-20.28.56:230][839]LogUObjectHash: Compacting FUObjectHashTables data took   0.42ms
[2025.12.10-20.28.56:247][839]LogSlate: Window 'Mini_laboratory - Unreal Editor' being destroyed
[2025.12.10-20.28.56:381][840]Cmd: QUIT_EDITOR
[2025.12.10-20.28.56:381][840]LogCore: Engine exit requested (reason: UUnrealEdEngine::CloseEditor())
[2025.12.10-20.28.56:387][840]LogCore: Engine exit requested (reason: EngineExit() was called; note: exit was already requested)
[2025.12.10-20.28.56:979][840]LogAudio: Display: Beginning Audio Device Manager Shutdown (Module: AudioMixerXAudio2)...
[2025.12.10-20.28.56:979][840]LogAudio: Display: Destroying 1 Remaining Audio Device(s)...
[2025.12.10-20.28.56:979][840]LogAudio: Display: Audio Device unregistered from world 'StartMenu'.
[2025.12.10-20.28.56:980][840]LogAudioMixer: FMixerPlatformXAudio2::StopAudioStream() called
[2025.12.10-20.28.56:983][840]LogAudioMixer: FMixerPlatformXAudio2::StopAudioStream() called
[2025.12.10-20.28.57:002][840]LogAudio: Display: Audio Device Manager Shutdown
[2025.12.10-20.28.57:002][840]LogWindowsTextInputMethodSystem: Display: IME system deactivated.
[2025.12.10-20.28.57:009][840]LogExit: Preparing to exit.
[2025.12.10-20.28.57:938][840]LogUObjectHash: Compacting FUObjectHashTables data took   2.29ms
[2025.12.10-20.28.58:133][840]LogWorld: UWorld::CleanupWorld for World_1, bSessionEnded=true, bCleanupResources=true
[2025.12.10-20.28.58:135][840]LogWorld: UWorld::CleanupWorld for World_4, bSessionEnded=true, bCleanupResources=true
[2025.12.10-20.28.58:136][840]LogWorld: UWorld::CleanupWorld for World_5, bSessionEnded=true, bCleanupResources=true
[2025.12.10-20.28.58:139][840]LogWorld: UWorld::CleanupWorld for World_6, bSessionEnded=true, bCleanupResources=true
[2025.12.10-20.28.58:142][840]LogWorld: UWorld::CleanupWorld for World_7, bSessionEnded=true, bCleanupResources=true
[2025.12.10-20.28.58:143][840]LogWorld: UWorld::CleanupWorld for World_8, bSessionEnded=true, bCleanupResources=true
[2025.12.10-20.28.58:144][840]LogActorComponent: UnregisterComponent: (None.None) Not registered. Aborting.
[2025.12.10-20.28.58:144][840]LogActorComponent: UnregisterComponent: (None.None) Not registered. Aborting.
[2025.12.10-20.28.58:144][840]LogActorComponent: UnregisterComponent: (None.None) Not registered. Aborting.
[2025.12.10-20.28.58:144][840]LogActorComponent: UnregisterComponent: (None.None) Not registered. Aborting.
[2025.12.10-20.28.58:144][840]LogWorld: UWorld::CleanupWorld for World_2, bSessionEnded=true, bCleanupResources=true
[2025.12.10-20.28.58:145][840]LogWorld: UWorld::CleanupWorld for World_9, bSessionEnded=true, bCleanupResources=true
[2025.12.10-20.28.58:206][840]LogDemo: Cleaned up 0 splitscreen connections with owner deletion
[2025.12.10-20.28.58:233][840]LogWorld: UWorld::CleanupWorld for None, bSessionEnded=true, bCleanupResources=true
[2025.12.10-20.28.58:233][840]LogExit: Editor shut down
[2025.12.10-20.28.58:234][840]LogExit: Transaction tracking system shut down
[2025.12.10-20.28.58:685][840]LogExit: Object subsystem successfully closed.
[2025.12.10-20.28.58:701][840]LogShaderCompilers: Display: === FShaderJobCache stats ===
[2025.12.10-20.28.58:701][840]LogShaderCompilers: Display: Total job queries 0, among them cache hits 0 (0.00%)
[2025.12.10-20.28.58:701][840]LogShaderCompilers: Display: Tracking 0 distinct input hashes that result in 0 distinct outputs (0.00%)
[2025.12.10-20.28.58:702][840]LogShaderCompilers: Display: RAM used: 0.00 MB (0.00 GB) of 409.60 MB (0.40 GB) budget. Usage: 0.00%
[2025.12.10-20.28.58:702][840]LogShaderCompilers: Display: ================================================
[2025.12.10-20.28.58:731][840]LogShaderCompilers: Display: Shaders left to compile 0
[2025.12.10-20.28.58:803][840]LogModuleManager: Shutting down and abandoning module MovieSceneCapture (876)
[2025.12.10-20.28.58:804][840]LogModuleManager: Shutting down and abandoning module Voice (874)
[2025.12.10-20.28.58:804][840]LogModuleManager: Shutting down and abandoning module BlueprintGraph (872)
[2025.12.10-20.28.58:805][840]LogModuleManager: Shutting down and abandoning module HierarchicalLODOutliner (870)
[2025.12.10-20.28.58:805][840]LogModuleManager: Shutting down and abandoning module SceneOutliner (868)
[2025.12.10-20.28.58:805][840]LogModuleManager: Shutting down and abandoning module AddContentDialog (866)
[2025.12.10-20.28.58:808][840]LogModuleManager: Shutting down and abandoning module WidgetCarousel (865)
[2025.12.10-20.28.58:808][840]LogModuleManager: Shutting down and abandoning module EditorWidgets (862)
[2025.12.10-20.28.58:808][840]LogModuleManager: Shutting down and abandoning module StatsViewer (860)
[2025.12.10-20.28.58:809][840]LogModuleManager: Shutting down and abandoning module PIEPreviewDeviceProfileSelector (858)
[2025.12.10-20.28.58:810][840]LogModuleManager: Shutting down and abandoning module SequenceRecorderSections (856)
[2025.12.10-20.28.58:810][840]LogModuleManager: Shutting down and abandoning module AutomationWorker (854)
[2025.12.10-20.28.58:811][840]LogModuleManager: Shutting down and abandoning module SteamVREditor (852)
[2025.12.10-20.28.58:811][840]LogModuleManager: Shutting down and abandoning module OculusMR (850)
[2025.12.10-20.28.58:811][840]LogModuleManager: Shutting down and abandoning module MagicLeapMediaCodecFactory (848)
[2025.12.10-20.28.58:811][840]LogModuleManager: Shutting down and abandoning module MagicLeapMediaFactory (846)
[2025.12.10-20.28.58:811][840]LogModuleManager: Shutting down and abandoning module MagicLeapMediaEditor (844)
[2025.12.10-20.28.58:811][840]LogModuleManager: Shutting down and abandoning module TakeRecorderSources (842)
[2025.12.10-20.28.58:813][840]LogModuleManager: Shutting down and abandoning module TakeRecorder (841)
[2025.12.10-20.28.58:816][840]LogModuleManager: Shutting down and abandoning module TakeTrackRecorders (838)
[2025.12.10-20.28.58:816][840]LogModuleManager: Shutting down and abandoning module TakesCore (836)
[2025.12.10-20.28.58:817][840]LogModuleManager: Shutting down and abandoning module OpenXRInput (834)
[2025.12.10-20.28.58:817][840]LogModuleManager: Shutting down and abandoning module GooglePADEditor (832)
[2025.12.10-20.28.58:817][840]LogModuleManager: Shutting down and abandoning module AudioCaptureEditor (830)
[2025.12.10-20.28.58:817][840]LogModuleManager: Shutting down and abandoning module TemplateSequenceEditor (828)
[2025.12.10-20.28.58:818][840]LogModuleManager: Shutting down and abandoning module MatineeToLevelSequence (826)
[2025.12.10-20.28.58:819][840]LogModuleManager: Shutting down and abandoning module ActorSequenceEditor (824)
[2025.12.10-20.28.58:820][840]LogModuleManager: Shutting down and abandoning module LevelSequenceEditor (822)
[2025.12.10-20.28.58:821][840]LogModuleManager: Shutting down and abandoning module WmfMediaFactory (820)
[2025.12.10-20.28.58:821][840]LogModuleManager: Shutting down and abandoning module WmfMediaEditor (818)
[2025.12.10-20.28.58:822][840]LogModuleManager: Shutting down and abandoning module WebMMediaFactory (816)
[2025.12.10-20.28.58:822][840]LogModuleManager: Shutting down and abandoning module WebMMediaEditor (814)
[2025.12.10-20.28.58:822][840]LogModuleManager: Shutting down and abandoning module WebMMedia (812)
[2025.12.10-20.28.58:822][840]LogModuleManager: Shutting down and abandoning module MediaPlayerEditor (810)
[2025.12.10-20.28.58:824][840]LogModuleManager: Shutting down and abandoning module OpenExrWrapper (808)
[2025.12.10-20.28.58:824][840]LogModuleManager: Shutting down and abandoning module ImgMediaFactory (806)
[2025.12.10-20.28.58:824][840]LogModuleManager: Shutting down and abandoning module ImgMediaEditor (804)
[2025.12.10-20.28.58:824][840]LogModuleManager: Shutting down and abandoning module MediaCompositingEditor (802)
[2025.12.10-20.28.58:826][840]LogModuleManager: Shutting down and abandoning module SequenceRecorder (801)
[2025.12.10-20.28.58:826][840]LogModuleManager: Shutting down and abandoning module AvfMediaFactory (798)
[2025.12.10-20.28.58:826][840]LogModuleManager: Shutting down and abandoning module AvfMediaEditor (796)
[2025.12.10-20.28.58:826][840]LogModuleManager: Shutting down and abandoning module AndroidMediaFactory (794)
[2025.12.10-20.28.58:826][840]LogModuleManager: Shutting down and abandoning module AndroidMediaEditor (792)
[2025.12.10-20.28.58:826][840]LogModuleManager: Shutting down and abandoning module TextureAlignMode (790)
[2025.12.10-20.28.58:826][840]LogModuleManager: Shutting down and abandoning module BspMode (788)
[2025.12.10-20.28.58:827][840]LogModuleManager: Shutting down and abandoning module GeometryMode (786)
[2025.12.10-20.28.58:827][840]LogModuleManager: Shutting down and abandoning module PlanarCut (784)
[2025.12.10-20.28.58:828][840]LogModuleManager: Shutting down and abandoning module CharacterAI (782)
[2025.12.10-20.28.58:828][840]LogModuleManager: Shutting down and abandoning module CameraShakePreviewer (780)
[2025.12.10-20.28.58:829][840]LogModuleManager: Shutting down and abandoning module SmartSnapping (778)
[2025.12.10-20.28.58:829][840]LogModuleManager: Shutting down and abandoning module SessionServices (776)
[2025.12.10-20.28.58:829][840]LogModuleManager: Shutting down and abandoning module MeshPaint (774)
[2025.12.10-20.28.58:830][840]LogModuleManager: Shutting down and abandoning module VirtualTexturingEditor (772)
[2025.12.10-20.28.58:830][840]LogModuleManager: Shutting down and abandoning module FoliageEdit (770)
[2025.12.10-20.28.58:831][840]LogModuleManager: Shutting down and abandoning module LandscapeEditor (768)
[2025.12.10-20.28.58:833][840]LogModuleManager: Shutting down and abandoning module MeshPaintMode (766)
[2025.12.10-20.28.58:833][840]LogModuleManager: Shutting down and abandoning module SceneDepthPickerMode (764)
[2025.12.10-20.28.58:833][840]LogModuleManager: Shutting down and abandoning module ActorPickerMode (762)
[2025.12.10-20.28.58:833][840]LogModuleManager: Shutting down and abandoning module PlacementMode (760)
[2025.12.10-20.28.58:833][840]LogModuleManager: Shutting down and abandoning module ViewportSnapping (758)
[2025.12.10-20.28.58:833][840]LogModuleManager: Shutting down and abandoning module ViewportInteraction (756)
[2025.12.10-20.28.58:833][840]LogModuleManager: Shutting down and abandoning module ClothPainter (754)
[2025.12.10-20.28.58:835][840]LogModuleManager: Shutting down and abandoning module SkeletalMeshEditor (753)
[2025.12.10-20.28.58:836][840]LogModuleManager: Shutting down and abandoning module LogVisualizer (750)
[2025.12.10-20.28.58:839][840]LogModuleManager: Shutting down and abandoning module IntroTutorials (748)
[2025.12.10-20.28.58:839][840]LogModuleManager: Shutting down and abandoning module GameProjectGeneration (747)
[2025.12.10-20.28.58:840][840]LogModuleManager: Shutting down and abandoning module LuminPlatformEditor (744)
[2025.12.10-20.28.58:840][840]LogModuleManager: Shutting down and abandoning module IOSPlatformEditor (742)
[2025.12.10-20.28.58:840][840]LogModuleManager: Shutting down and abandoning module AndroidPlatformEditor (740)
[2025.12.10-20.28.58:840][840]LogModuleManager: Shutting down and abandoning module AndroidDeviceDetection (739)
[2025.12.10-20.29.00:014][840]LogModuleManager: Shutting down and abandoning module WindowsPlatformEditor (736)
[2025.12.10-20.29.00:014][840]LogModuleManager: Shutting down and abandoning module LuminRuntimeSettings (734)
[2025.12.10-20.29.00:014][840]LogModuleManager: Shutting down and abandoning module IOSRuntimeSettings (732)
[2025.12.10-20.29.00:014][840]LogModuleManager: Shutting down and abandoning module AndroidRuntimeSettings (730)
[2025.12.10-20.29.00:014][840]LogModuleManager: Shutting down and abandoning module TraceInsights (728)
[2025.12.10-20.29.00:018][840]MemoryProfiler: Shutdown
[2025.12.10-20.29.00:019][840]NetworkingProfiler: Shutdown
[2025.12.10-20.29.00:019][840]LoadingProfiler: Shutdown
[2025.12.10-20.29.00:020][840]TimingProfiler: Shutdown
[2025.12.10-20.29.00:022][840]LogModuleManager: Shutting down and abandoning module TraceServices (727)
[2025.12.10-20.29.00:023][840]LogModuleManager: Shutting down and abandoning module EditorInteractiveToolsFramework (724)
[2025.12.10-20.29.00:023][840]LogModuleManager: Shutting down and abandoning module TimeManagementEditor (722)
[2025.12.10-20.29.00:023][840]LogModuleManager: Shutting down and abandoning module InputBindingEditor (720)
[2025.12.10-20.29.00:024][840]LogModuleManager: Shutting down and abandoning module MergeActors (718)
[2025.12.10-20.29.00:025][840]LogModuleManager: Shutting down and abandoning module LocalizationDashboard (716)
[2025.12.10-20.29.00:026][840]LogModuleManager: Shutting down and abandoning module LocalizationService (715)
[2025.12.10-20.29.00:026][840]LogModuleManager: Shutting down and abandoning module HardwareTargeting (712)
[2025.12.10-20.29.00:026][840]LogModuleManager: Shutting down and abandoning module DeviceProfileEditor (710)
[2025.12.10-20.29.00:026][840]LogModuleManager: Shutting down and abandoning module UndoHistory (708)
[2025.12.10-20.29.00:027][840]LogModuleManager: Shutting down and abandoning module XmlParser (706)
[2025.12.10-20.29.00:027][840]LogModuleManager: Shutting down and abandoning module Blutility (704)
[2025.12.10-20.29.00:028][840]LogModuleManager: Shutting down and abandoning module ProjectSettingsViewer (702)
[2025.12.10-20.29.00:028][840]LogModuleManager: Shutting down and abandoning module ProjectTargetPlatformEditor (701)
[2025.12.10-20.29.00:028][840]LogModuleManager: Shutting down and abandoning module EditorSettingsViewer (698)
[2025.12.10-20.29.00:028][840]LogModuleManager: Shutting down and abandoning module InternationalizationSettings (697)
[2025.12.10-20.29.00:028][840]LogModuleManager: Shutting down and abandoning module SettingsEditor (694)
[2025.12.10-20.29.00:029][840]LogModuleManager: Shutting down and abandoning module ProjectLauncher (692)
[2025.12.10-20.29.00:030][840]LogModuleManager: Shutting down and abandoning module SessionFrontend (690)
[2025.12.10-20.29.00:030][840]LogModuleManager: Shutting down and abandoning module ProfilerClient (688)
[2025.12.10-20.29.00:031][840]LogModuleManager: Shutting down and abandoning module DeviceManager (686)
[2025.12.10-20.29.00:032][840]LogModuleManager: Shutting down and abandoning module TargetDeviceServices (685)
[2025.12.10-20.29.00:065][840]LogModuleManager: Shutting down and abandoning module AutomationController (682)
[2025.12.10-20.29.00:066][840]LogModuleManager: Shutting down and abandoning module AutomationWindow (680)
[2025.12.10-20.29.00:066][840]LogModuleManager: Shutting down and abandoning module Layers (678)
[2025.12.10-20.29.00:068][840]LogModuleManager: Shutting down and abandoning module ComponentVisualizers (676)
[2025.12.10-20.29.00:068][840]LogModuleManager: Shutting down and abandoning module DetailCustomizations (674)
[2025.12.10-20.29.00:068][840]LogModuleManager: Shutting down and abandoning module PackagesDialog (672)
[2025.12.10-20.29.00:069][840]LogModuleManager: Shutting down and abandoning module AnimationBlueprintEditor (670)
[2025.12.10-20.29.00:070][840]LogModuleManager: Shutting down and abandoning module Persona (668)
[2025.12.10-20.29.00:072][840]LogModuleManager: Shutting down and abandoning module AdvancedPreviewScene (667)
[2025.12.10-20.29.00:072][840]LogModuleManager: Shutting down and abandoning module AnimGraph (665)
[2025.12.10-20.29.00:073][840]LogModuleManager: Shutting down and abandoning module Kismet (662)
[2025.12.10-20.29.00:088][840]LogModuleManager: Shutting down and abandoning module KismetWidgets (661)
[2025.12.10-20.29.00:088][840]LogModuleManager: Shutting down and abandoning module GraphEditor (658)
[2025.12.10-20.29.00:088][840]LogModuleManager: Shutting down and abandoning module StructViewer (656)
[2025.12.10-20.29.00:089][840]LogModuleManager: Shutting down and abandoning module ClassViewer (654)
[2025.12.10-20.29.00:089][840]LogModuleManager: Shutting down and abandoning module Toolbox (652)
[2025.12.10-20.29.00:089][840]LogModuleManager: Shutting down and abandoning module ModuleUI (650)
[2025.12.10-20.29.00:089][840]LogModuleManager: Shutting down and abandoning module OutputLog (648)
[2025.12.10-20.29.00:092][840]LogModuleManager: Shutting down and abandoning module GammaUI (646)
[2025.12.10-20.29.00:092][840]LogModuleManager: Shutting down and abandoning module Documentation (644)
[2025.12.10-20.29.00:092][840]LogModuleManager: Shutting down and abandoning module LiveCoding (642)
[2025.12.10-20.29.00:093][840]LogModuleManager: Shutting down and abandoning module LevelSequence (640)
[2025.12.10-20.29.00:093][840]LogModuleManager: Shutting down and abandoning module MovieSceneTracks (638)
[2025.12.10-20.29.00:093][840]LogModuleManager: Shutting down and abandoning module MovieScene (636)
[2025.12.10-20.29.00:096][840]LogModuleManager: Shutting down and abandoning module StreamingPauseRendering (634)
[2025.12.10-20.29.00:097][840]LogModuleManager: Shutting down and abandoning module LauncherPlatform (632)
[2025.12.10-20.29.00:097][840]LogModuleManager: Shutting down and abandoning module AnalyticsET (630)
[2025.12.10-20.29.00:097][840]LogModuleManager: Shutting down and abandoning module PortalServices (628)
[2025.12.10-20.29.00:097][840]LogModuleManager: Shutting down and abandoning module PortalRpc (626)
[2025.12.10-20.29.00:097][840]LogModuleManager: Shutting down and abandoning module MessagingRpc (624)
[2025.12.10-20.29.00:097][840]LogModuleManager: Shutting down and abandoning module AudioMixerXAudio2 (622)
[2025.12.10-20.29.00:097][840]LogModuleManager: Shutting down and abandoning module AudioMixerCore (621)
[2025.12.10-20.29.00:097][840]LogModuleManager: Shutting down and abandoning module AIModule (618)
[2025.12.10-20.29.00:098][840]LogModuleManager: Shutting down and abandoning module GameplayDebugger (617)
[2025.12.10-20.29.00:098][840]LogModuleManager: Shutting down and abandoning module AITestSuite (615)
[2025.12.10-20.29.00:098][840]LogModuleManager: Shutting down and abandoning module NavigationSystem (613)
[2025.12.10-20.29.00:098][840]LogModuleManager: Shutting down and abandoning module ImageWriteQueue (610)
[2025.12.10-20.29.00:098][840]LogModuleManager: Shutting down and abandoning module ProfilerService (608)
[2025.12.10-20.29.00:254][840]LogModuleManager: Shutting down and abandoning module TaskGraph (606)
[2025.12.10-20.29.00:257][840]LogModuleManager: Shutting down and abandoning module AudioSynesthesiaEditor (604)
[2025.12.10-20.29.00:257][840]LogModuleManager: Shutting down and abandoning module OculusEditor (602)
[2025.12.10-20.29.00:262][840]LogModuleManager: Shutting down and abandoning module OculusInput (600)
[2025.12.10-20.29.00:262][840]LogModuleManager: Shutting down and abandoning module ContentBrowserFileDataSource (598)
[2025.12.10-20.29.00:262][840]LogModuleManager: Shutting down and abandoning module ContentBrowserClassDataSource (596)
[2025.12.10-20.29.00:262][840]LogModuleManager: Shutting down and abandoning module ContentBrowserAssetDataSource (594)
[2025.12.10-20.29.00:262][840]LogModuleManager: Shutting down and abandoning module CollectionManager (593)
[2025.12.10-20.29.00:264][840]LogModuleManager: Shutting down and abandoning module MagicLeapSharedWorld (590)
[2025.12.10-20.29.00:264][840]LogModuleManager: Shutting down and abandoning module MagicLeapLightEstimation (588)
[2025.12.10-20.29.00:264][840]LogModuleManager: Shutting down and abandoning module MagicLeapHelperVulkan (586)
[2025.12.10-20.29.00:264][840]LogModuleManager: Shutting down and abandoning module MagicLeapHelperOpenGL (584)
[2025.12.10-20.29.00:264][840]LogModuleManager: Shutting down and abandoning module MagicLeapAudio (582)
[2025.12.10-20.29.00:265][840]LogModuleManager: Shutting down and abandoning module SynthesisEditor (580)
[2025.12.10-20.29.00:265][840]LogModuleManager: Shutting down and abandoning module Synthesis (578)
[2025.12.10-20.29.00:266][840]LogModuleManager: Shutting down and abandoning module ProceduralMeshComponentEditor (576)
[2025.12.10-20.29.00:267][840]LogModuleManager: Shutting down and abandoning module ProceduralMeshComponent (574)
[2025.12.10-20.29.00:267][840]LogModuleManager: Shutting down and abandoning module TakeSequencer (572)
[2025.12.10-20.29.00:267][840]LogModuleManager: Shutting down and abandoning module TakeMovieScene (570)
[2025.12.10-20.29.00:267][840]LogModuleManager: Shutting down and abandoning module OpenXREditor (568)
[2025.12.10-20.29.00:268][840]LogModuleManager: Shutting down and abandoning module ScreenshotTools (566)
[2025.12.10-20.29.00:268][840]LogModuleManager: Shutting down and abandoning module MobilePatchingUtils (564)
[2025.12.10-20.29.00:268][840]LogModuleManager: Shutting down and abandoning module GooglePAD (562)
[2025.12.10-20.29.00:268][840]LogModuleManager: Shutting down and abandoning module CableComponent (560)
[2025.12.10-20.29.00:268][840]LogModuleManager: Shutting down and abandoning module EditableMesh (558)
[2025.12.10-20.29.00:269][840]LogModuleManager: Shutting down and abandoning module CustomMeshComponent (556)
[2025.12.10-20.29.00:269][840]LogModuleManager: Shutting down and abandoning module AssetTags (554)
[2025.12.10-20.29.00:269][840]LogModuleManager: Shutting down and abandoning module AudioCapture (552)
[2025.12.10-20.29.00:269][840]LogModuleManager: Shutting down and abandoning module AudioCaptureRtAudio (551)
[2025.12.10-20.29.00:270][840]LogModuleManager: Shutting down and abandoning module ArchVisCharacter (548)
[2025.12.10-20.29.00:270][840]LogModuleManager: Shutting down and abandoning module AppleImageUtilsBlueprintSupport (546)
[2025.12.10-20.29.00:270][840]LogModuleManager: Shutting down and abandoning module AppleImageUtils (544)
[2025.12.10-20.29.00:270][840]LogModuleManager: Shutting down and abandoning module AndroidPermission (542)
[2025.12.10-20.29.00:270][840]LogModuleManager: Shutting down and abandoning module ActorLayerUtilitiesEditor (540)
[2025.12.10-20.29.00:270][840]LogModuleManager: Shutting down and abandoning module ActorLayerUtilities (538)
[2025.12.10-20.29.00:270][840]LogModuleManager: Shutting down and abandoning module TemplateSequence (536)
[2025.12.10-20.29.00:270][840]LogModuleManager: Shutting down and abandoning module NiagaraEditorWidgets (534)
[2025.12.10-20.29.00:275][840]LogModuleManager: Shutting down and abandoning module ImgMedia (532)
[2025.12.10-20.29.00:275][840]LogModuleManager: Shutting down and abandoning module MediaCompositing (530)
[2025.12.10-20.29.00:275][840]LogModuleManager: Shutting down and abandoning module SpeedTreeImporter (528)
[2025.12.10-20.29.00:275][840]LogModuleManager: Shutting down and abandoning module MobileLauncherProfileWizard (526)
[2025.12.10-20.29.00:277][840]LogModuleManager: Shutting down and abandoning module PluginBrowser (524)
[2025.12.10-20.29.00:279][840]LogModuleManager: Shutting down and abandoning module MaterialAnalyzer (522)
[2025.12.10-20.29.00:280][840]LogModuleManager: Shutting down and abandoning module CurveEditorTools (520)
[2025.12.10-20.29.00:281][840]LogModuleManager: Shutting down and abandoning module CryptoKeysOpenSSL (518)
[2025.12.10-20.29.00:282][840]LogModuleManager: Shutting down and abandoning module CryptoKeys (516)
[2025.12.10-20.29.00:282][840]LogModuleManager: Shutting down and abandoning module OpenImageDenoise (514)
[2025.12.10-20.29.00:282][840]LogOpenImageDenoise: OIDN shutting down
[2025.12.10-20.29.00:282][840]LogModuleManager: Shutting down and abandoning module MotoSynthEditor (512)
[2025.12.10-20.29.00:282][840]LogModuleManager: Shutting down and abandoning module MotoSynth (510)
[2025.12.10-20.29.00:282][840]LogModuleManager: Shutting down and abandoning module MeshConversion (508)
[2025.12.10-20.29.00:283][840]LogModuleManager: Shutting down and abandoning module DynamicMesh (506)
[2025.12.10-20.29.00:284][840]LogModuleManager: Shutting down and abandoning module GeometryAlgorithms (504)
[2025.12.10-20.29.00:285][840]LogModuleManager: Shutting down and abandoning module GeometricObjects (502)
[2025.12.10-20.29.00:286][840]LogModuleManager: Shutting down and abandoning module GeometryCollectionTracks (500)
[2025.12.10-20.29.00:286][840]LogModuleManager: Shutting down and abandoning module GeometryCollectionSequencer (499)
[2025.12.10-20.29.00:286][840]LogModuleManager: Shutting down and abandoning module GeometryCollectionEditor (496)
[2025.12.10-20.29.00:286][840]LogModuleManager: Shutting down and abandoning module GeometryCacheTracks (494)
[2025.12.10-20.29.00:286][840]LogModuleManager: Shutting down and abandoning module GeometryCacheStreamer (492)
[2025.12.10-20.29.00:286][840]LogModuleManager: Shutting down and abandoning module GeometryCacheSequencer (490)
[2025.12.10-20.29.00:286][840]LogModuleManager: Shutting down and abandoning module ChaosNiagara (488)
[2025.12.10-20.29.00:286][840]LogModuleManager: Shutting down and abandoning module ChaosSolverEditor (486)
[2025.12.10-20.29.00:286][840]LogModuleManager: Shutting down and abandoning module FractureEditor (484)
[2025.12.10-20.29.00:287][840]LogModuleManager: Shutting down and abandoning module FieldSystemEngine (483)
[2025.12.10-20.29.00:287][840]LogModuleManager: Shutting down and abandoning module ChaosClothEditor (480)
[2025.12.10-20.29.00:288][840]LogModuleManager: Shutting down and abandoning module BackChannel (478)
[2025.12.10-20.29.00:288][840]LogModuleManager: Shutting down and abandoning module AutomationUtilsEditor (476)
[2025.12.10-20.29.00:289][840]LogModuleManager: Shutting down and abandoning module AutomationUtils (474)
[2025.12.10-20.29.00:289][840]LogModuleManager: Shutting down and abandoning module AlembicImporter (472)
[2025.12.10-20.29.00:289][840]LogModuleManager: Shutting down and abandoning module AlembicLibrary (471)
[2025.12.10-20.29.00:289][840]LogModuleManager: Shutting down and abandoning module GeometryCache (470)
[2025.12.10-20.29.00:289][840]LogModuleManager: Shutting down and abandoning module GeometryCacheEd (469)
[2025.12.10-20.29.00:289][840]LogModuleManager: Shutting down and abandoning module VisualStudioSourceCodeAccess (464)
[2025.12.10-20.29.00:289][840]LogModuleManager: Shutting down and abandoning module VariantManagerContentEditor (462)
[2025.12.10-20.29.00:290][840]LogModuleManager: Shutting down and abandoning module VisualStudioCodeSourceCodeAccess (460)
[2025.12.10-20.29.00:290][840]LogModuleManager: Shutting down and abandoning module UObjectPlugin (458)
[2025.12.10-20.29.00:290][840]LogModuleManager: Shutting down and abandoning module SubversionSourceControl (456)
[2025.12.10-20.29.00:292][840]LogModuleManager: Shutting down and abandoning module DatasmithContentEditor (454)
[2025.12.10-20.29.00:293][840]LogModuleManager: Shutting down and abandoning module RiderSourceCodeAccess (452)
[2025.12.10-20.29.00:293][840]LogModuleManager: Shutting down and abandoning module PluginUtils (450)
[2025.12.10-20.29.00:294][840]LogModuleManager: Shutting down and abandoning module PerforceSourceControl (448)
[2025.12.10-20.29.00:296][840]LogModuleManager: Shutting down and abandoning module PlasticSourceControl (446)
[2025.12.10-20.29.00:298][840]LogModuleManager: Shutting down and abandoning module GitSourceControl (444)
[2025.12.10-20.29.00:299][840]LogModuleManager: Shutting down and abandoning module SourceControl (443)
[2025.12.10-20.29.00:299][840]LogModuleManager: Shutting down and abandoning module CLionSourceCodeAccess (440)
[2025.12.10-20.29.00:300][840]LogModuleManager: Shutting down and abandoning module AnimationSharingEd (438)
[2025.12.10-20.29.00:300][840]LogModuleManager: Shutting down and abandoning module OodleNetworkHandlerComponent (436)
[2025.12.10-20.29.00:300][840]LogModuleManager: Shutting down and abandoning module LightPropagationVolumeEditor (434)
[2025.12.10-20.29.00:300][840]LogModuleManager: Shutting down and abandoning module LiveLinkSequencer (432)
[2025.12.10-20.29.00:300][840]LogModuleManager: Shutting down and abandoning module LiveLinkMovieScene (430)
[2025.12.10-20.29.00:300][840]LogModuleManager: Shutting down and abandoning module LiveLinkGraphNode (428)
[2025.12.10-20.29.00:300][840]LogModuleManager: Shutting down and abandoning module LiveLinkEditor (426)
[2025.12.10-20.29.00:301][840]LogModuleManager: Shutting down and abandoning module LiveLinkComponents (424)
[2025.12.10-20.29.00:301][840]LogModuleManager: Shutting down and abandoning module LiveLink (422)
[2025.12.10-20.29.01:279][840]LogModuleManager: Shutting down and abandoning module PaperTiledImporter (420)
[2025.12.10-20.29.01:279][840]LogModuleManager: Shutting down and abandoning module PaperSpriteSheetImporter (418)
[2025.12.10-20.29.01:280][840]LogModuleManager: Shutting down and abandoning module Paper2DEditor (416)
[2025.12.10-20.29.01:283][840]LogModuleManager: Shutting down and abandoning module MeshPaintingToolset (414)
[2025.12.10-20.29.01:284][840]LogModuleManager: Shutting down and abandoning module MeshPaintEditorMode (412)
[2025.12.10-20.29.01:285][840]LogModuleManager: Shutting down and abandoning module MagicLeapARPin (410)
[2025.12.10-20.29.01:286][840]LogModuleManager: Shutting down and abandoning module MagicLeapHandMeshing (408)
[2025.12.10-20.29.01:286][840]LogModuleManager: Shutting down and abandoning module MagicLeapSecureStorage (406)
[2025.12.10-20.29.01:286][840]LogModuleManager: Shutting down and abandoning module MagicLeapPrivileges (404)
[2025.12.10-20.29.01:287][840]LogModuleManager: Shutting down and abandoning module MagicLeapPlanes (402)
[2025.12.10-20.29.01:287][840]LogMagicLeapPlanes: Planes tracker already destroyed.
[2025.12.10-20.29.01:287][840]LogModuleManager: Shutting down and abandoning module MagicLeapImageTracker (400)
[2025.12.10-20.29.01:287][840]LogModuleManager: Shutting down and abandoning module MagicLeapIdentity (398)
[2025.12.10-20.29.01:287][840]LogModuleManager: Shutting down and abandoning module MagicLeapHandTracking (396)
[2025.12.10-20.29.01:288][840]LogModuleManager: Shutting down and abandoning module MagicLeapEyeTracker (394)
[2025.12.10-20.29.01:288][840]LogModuleManager: Shutting down and abandoning module MagicLeapController (392)
[2025.12.10-20.29.01:288][840]LogModuleManager: Shutting down and abandoning module MagicLeapARPinImpl (390)
[2025.12.10-20.29.01:288][840]LogModuleManager: Shutting down and abandoning module MagicLeapAR (388)
[2025.12.10-20.29.01:288][840]LogModuleManager: Shutting down and abandoning module SoundFields (386)
[2025.12.10-20.29.01:288][840]LogModuleManager: Shutting down and abandoning module SignificanceManager (384)
[2025.12.10-20.29.01:288][840]LogModuleManager: Shutting down and abandoning module RuntimePhysXCooking (382)
[2025.12.10-20.29.01:288][840]LogModuleManager: Shutting down and abandoning module PropertyAccessEditor (380)
[2025.12.10-20.29.01:290][840]LogModuleManager: Shutting down and abandoning module PhysXVehiclesEditor (378)
[2025.12.10-20.29.01:290][840]LogModuleManager: Shutting down and abandoning module LocationServicesBPLibrary (374)
[2025.12.10-20.29.01:290][840]LogModuleManager: Shutting down and abandoning module AudioSynesthesia (372)
[2025.12.10-20.29.01:290][840]LogModuleManager: Shutting down and abandoning module AudioSynesthesiaCore (370)
[2025.12.10-20.29.01:290][840]LogModuleManager: Shutting down and abandoning module ActorSequence (368)
[2025.12.10-20.29.01:290][840]LogModuleManager: Shutting down and abandoning module NiagaraAnimNotifies (366)
[2025.12.10-20.29.01:290][840]LogModuleManager: Shutting down and abandoning module Niagara (364)
[2025.12.10-20.29.01:292][840]LogModuleManager: Shutting down and abandoning module SignalProcessing (363)
[2025.12.10-20.29.01:292][840]LogModuleManager: Shutting down and abandoning module NiagaraEditor (361)
[2025.12.10-20.29.01:294][840]LogModuleManager: Shutting down and abandoning module NiagaraCore (358)
[2025.12.10-20.29.01:294][840]LogModuleManager: Shutting down and abandoning module UdpMessaging (356)
[2025.12.10-20.29.01:395][840]LogModuleManager: Shutting down and abandoning module TcpMessaging (354)
[2025.12.10-20.29.01:497][840]LogModuleManager: Shutting down and abandoning module ImgMediaEngine (352)
[2025.12.10-20.29.01:497][840]LogModuleManager: Shutting down and abandoning module GameplayTagsEditor (350)
[2025.12.10-20.29.01:498][840]LogModuleManager: Shutting down and abandoning module FacialAnimationEditor (348)
[2025.12.10-20.29.01:498][840]LogModuleManager: Shutting down and abandoning module FacialAnimation (346)
[2025.12.10-20.29.01:498][840]LogModuleManager: Shutting down and abandoning module DataValidation (344)
[2025.12.10-20.29.01:498][840]LogModuleManager: Shutting down and abandoning module PythonScriptPlugin (342)
[2025.12.10-20.29.01:498][840]LogModuleManager: Shutting down and abandoning module AssetManagerEditor (340)
[2025.12.10-20.29.01:499][840]LogModuleManager: Shutting down and abandoning module LevelEditor (339)
[2025.12.10-20.29.01:504][840]LogModuleManager: Shutting down and abandoning module PixelInspectorModule (338)
[2025.12.10-20.29.01:505][840]LogModuleManager: Shutting down and abandoning module CommonMenuExtensions (336)
[2025.12.10-20.29.01:505][840]LogModuleManager: Shutting down and abandoning module MainFrame (334)
[2025.12.10-20.29.01:505][840]LogModuleManager: Shutting down and abandoning module HotReload (333)
[2025.12.10-20.29.01:506][840]LogModuleManager: Shutting down and abandoning module ToolMenus (329)
[2025.12.10-20.29.01:506][840]LogModuleManager: Shutting down and abandoning module ContentBrowser (327)
[2025.12.10-20.29.01:506][840]LogModuleManager: Shutting down and abandoning module ContentBrowserData (326)
[2025.12.10-20.29.01:506][840]LogModuleManager: Shutting down and abandoning module TreeMap (323)
[2025.12.10-20.29.01:506][840]LogModuleManager: Shutting down and abandoning module PropertyAccessNode (320)
[2025.12.10-20.29.01:506][840]LogModuleManager: Shutting down and abandoning module AnimationSharing (318)
[2025.12.10-20.29.01:506][840]LogModuleManager: Shutting down and abandoning module GameplayCameras (316)
[2025.12.10-20.29.01:506][840]LogModuleManager: Shutting down and abandoning module LightPropagationVolumeRuntime (314)
[2025.12.10-20.29.01:506][840]LogModuleManager: Shutting down and abandoning module EnvironmentQueryEditor (312)
[2025.12.10-20.29.01:507][840]LogModuleManager: Shutting down and abandoning module Paper2D (310)
[2025.12.10-20.29.01:507][840]LogModuleManager: Shutting down and abandoning module WindowsMoviePlayer (308)
[2025.12.10-20.29.01:517][840]LogModuleManager: Shutting down and abandoning module WebMMoviePlayer (306)
[2025.12.10-20.29.01:517][840]LogModuleManager: Shutting down and abandoning module NetworkReplayStreaming (304)
[2025.12.10-20.29.01:517][840]LogModuleManager: Shutting down and abandoning module PacketHandler (302)
[2025.12.10-20.29.01:517][840]LogModuleManager: Shutting down and abandoning module ClothingSystemEditor (300)
[2025.12.10-20.29.01:517][840]LogModuleManager: Shutting down and abandoning module ClothingSystemRuntimeNv (298)
[2025.12.10-20.29.01:518][840]LogModuleManager: Shutting down and abandoning module MediaAssets (296)
[2025.12.10-20.29.01:518][840]LogModuleManager: Shutting down and abandoning module Overlay (294)
[2025.12.10-20.29.01:518][840]LogModuleManager: Shutting down and abandoning module OverlayEditor (293)
[2025.12.10-20.29.01:518][840]LogModuleManager: Shutting down and abandoning module VREditor (290)
[2025.12.10-20.29.01:518][840]LogModuleManager: Shutting down and abandoning module StringTableEditor (288)
[2025.12.10-20.29.01:519][840]LogModuleManager: Shutting down and abandoning module GameplayTasksEditor (286)
[2025.12.10-20.29.01:519][840]LogModuleManager: Shutting down and abandoning module BehaviorTreeEditor (284)
[2025.12.10-20.29.01:520][840]LogModuleManager: Shutting down and abandoning module FunctionalTesting (282)
[2025.12.10-20.29.01:520][840]LogModuleManager: Shutting down and abandoning module CollisionAnalyzer (280)
[2025.12.10-20.29.01:521][840]LogModuleManager: Shutting down and abandoning module WorkspaceMenuStructure (279)
[2025.12.10-20.29.01:521][840]LogModuleManager: Shutting down and abandoning module UMG (276)
[2025.12.10-20.29.01:521][840]LogModuleManager: Shutting down and abandoning module UMGEditor (275)
[2025.12.10-20.29.01:522][840]LogModuleManager: Shutting down and abandoning module MessageLog (273)
[2025.12.10-20.29.01:522][840]LogModuleManager: Shutting down and abandoning module SlateReflector (268)
[2025.12.10-20.29.01:524][840]LogModuleManager: Shutting down and abandoning module Slate (266)
[2025.12.10-20.29.01:524][840]LogModuleManager: Shutting down and abandoning module SlateCore (264)
[2025.12.10-20.29.01:524][840]LogModuleManager: Shutting down and abandoning module LandscapeEditorUtilities (262)
[2025.12.10-20.29.01:524][840]LogModuleManager: Shutting down and abandoning module UnrealEd (260)
[2025.12.10-20.29.01:524][840]LogModuleManager: Shutting down and abandoning module MRMesh (258)
[2025.12.10-20.29.01:525][840]LogModuleManager: Shutting down and abandoning module SourceCodeAccess (256)
[2025.12.10-20.29.01:525][840]LogModuleManager: Shutting down and abandoning module HeadMountedDisplay (254)
[2025.12.10-20.29.01:525][840]LogModuleManager: Shutting down and abandoning module XAudio2 (252)
[2025.12.10-20.29.01:525][840]LogModuleManager: Shutting down and abandoning module Networking (250)
[2025.12.10-20.29.01:525][840]LogModuleManager: Shutting down and abandoning module Core (248)
[2025.12.10-20.29.01:525][840]LogModuleManager: Shutting down and abandoning module MaterialEditor (246)
[2025.12.10-20.29.01:526][840]LogModuleManager: Shutting down and abandoning module MovieSceneTools (244)
[2025.12.10-20.29.01:527][840]LogModuleManager: Shutting down and abandoning module CurveEditor (243)
[2025.12.10-20.29.01:528][840]LogModuleManager: Shutting down and abandoning module Sequencer (241)
[2025.12.10-20.29.01:529][840]LogModuleManager: Shutting down and abandoning module EditorStyle (240)
[2025.12.10-20.29.01:532][840]LogModuleManager: Shutting down and abandoning module KismetCompiler (236)
[2025.12.10-20.29.01:532][840]LogModuleManager: Shutting down and abandoning module MeshBuilder (234)
[2025.12.10-20.29.01:532][840]LogModuleManager: Shutting down and abandoning module MeshUtilities (232)
[2025.12.10-20.29.01:533][840]LogModuleManager: Shutting down and abandoning module MeshMergeUtilities (231)
[2025.12.10-20.29.01:533][840]LogModuleManager: Shutting down and abandoning module MeshReductionInterface (230)
[2025.12.10-20.29.01:533][840]LogModuleManager: Shutting down and abandoning module MeshBoneReduction (229)
[2025.12.10-20.29.01:533][840]LogModuleManager: Shutting down and abandoning module SkeletalMeshReduction (227)
[2025.12.10-20.29.01:533][840]LogModuleManager: Shutting down and abandoning module ProxyLODMeshReduction (225)
[2025.12.10-20.29.01:534][840]LogModuleManager: Shutting down and abandoning module QuadricMeshReduction (223)
[2025.12.10-20.29.01:534][840]LogModuleManager: Shutting down and abandoning module MaterialBaking (219)
[2025.12.10-20.29.01:535][840]LogModuleManager: Shutting down and abandoning module NullInstallBundleManager (214)
[2025.12.10-20.29.01:535][840]LogModuleManager: Shutting down and abandoning module DerivedDataCache (212)
[2025.12.10-20.29.01:535][840]LogModuleManager: Shutting down and abandoning module TargetPlatform (210)
[2025.12.10-20.29.01:536][840]LogModuleManager: Shutting down and abandoning module VulkanShaderFormat (209)
[2025.12.10-20.29.01:540][840]LogModuleManager: Shutting down and abandoning module ShaderFormatVectorVM (207)
[2025.12.10-20.29.01:542][840]LogModuleManager: Shutting down and abandoning module ShaderFormatOpenGL (205)
[2025.12.10-20.29.01:543][840]LogModuleManager: Shutting down and abandoning module ShaderFormatD3D (203)
[2025.12.10-20.29.01:544][840]LogModuleManager: Shutting down and abandoning module MetalShaderFormat (201)
[2025.12.10-20.29.01:545][840]LogModuleManager: Shutting down and abandoning module TextureFormatOodle (199)
[2025.12.10-20.29.01:546][840]LogModuleManager: Shutting down and abandoning module TextureFormatUncompressed (197)
[2025.12.10-20.29.01:546][840]LogModuleManager: Shutting down and abandoning module TextureFormatPVR (195)
[2025.12.10-20.29.01:546][840]LogModuleManager: Shutting down and abandoning module TextureFormatETC2 (193)
[2025.12.10-20.29.01:546][840]LogModuleManager: Shutting down and abandoning module TextureFormatDXT (191)
[2025.12.10-20.29.01:546][840]LogModuleManager: Shutting down and abandoning module TextureFormatIntelISPCTexComp (189)
[2025.12.10-20.29.01:547][840]LogModuleManager: Shutting down and abandoning module TextureFormatASTC (187)
[2025.12.10-20.29.01:548][840]LogModuleManager: Shutting down and abandoning module ImageWrapper (186)
[2025.12.10-20.29.01:548][840]LogModuleManager: Shutting down and abandoning module AudioFormatOpus (183)
[2025.12.10-20.29.01:548][840]LogModuleManager: Shutting down and abandoning module AudioFormatOgg (181)
[2025.12.10-20.29.01:548][840]LogModuleManager: Shutting down and abandoning module AudioFormatADPCM (179)
[2025.12.10-20.29.01:548][840]LogModuleManager: Shutting down and abandoning module WindowsServerTargetPlatform (177)
[2025.12.10-20.29.01:548][840]LogModuleManager: Shutting down and abandoning module WindowsClientTargetPlatform (175)
[2025.12.10-20.29.01:549][840]LogModuleManager: Shutting down and abandoning module WindowsTargetPlatform (173)
[2025.12.10-20.29.01:549][840]LogModuleManager: Shutting down and abandoning module WindowsNoEditorTargetPlatform (171)
[2025.12.10-20.29.01:549][840]LogModuleManager: Shutting down and abandoning module TVOSTargetPlatform (169)
[2025.12.10-20.29.01:571][840]LogModuleManager: Shutting down and abandoning module MacServerTargetPlatform (167)
[2025.12.10-20.29.01:571][840]LogModuleManager: Shutting down and abandoning module MacClientTargetPlatform (165)
[2025.12.10-20.29.01:571][840]LogModuleManager: Shutting down and abandoning module MacTargetPlatform (163)
[2025.12.10-20.29.01:571][840]LogModuleManager: Shutting down and abandoning module MacNoEditorTargetPlatform (161)
[2025.12.10-20.29.01:571][840]LogModuleManager: Shutting down and abandoning module LuminTargetPlatform (159)
[2025.12.10-20.29.01:589][840]LogModuleManager: Shutting down and abandoning module LinuxAArch64ServerTargetPlatform (157)
[2025.12.10-20.29.01:590][840]LogModuleManager: Shutting down and abandoning module LinuxAArch64ClientTargetPlatform (155)
[2025.12.10-20.29.01:590][840]LogModuleManager: Shutting down and abandoning module LinuxAArch64NoEditorTargetPlatform (153)
[2025.12.10-20.29.01:590][840]LogModuleManager: Shutting down and abandoning module LinuxServerTargetPlatform (151)
[2025.12.10-20.29.01:590][840]LogModuleManager: Shutting down and abandoning module LinuxClientTargetPlatform (149)
[2025.12.10-20.29.01:590][840]LogModuleManager: Shutting down and abandoning module LinuxNoEditorTargetPlatform (147)
[2025.12.10-20.29.01:590][840]LogModuleManager: Shutting down and abandoning module LinuxTargetPlatform (145)
[2025.12.10-20.29.01:590][840]LogModuleManager: Shutting down and abandoning module Messaging (143)
[2025.12.10-20.29.01:590][840]LogModuleManager: Shutting down and abandoning module IOSTargetPlatform (141)
[2025.12.10-20.29.01:596][840]LogModuleManager: Shutting down and abandoning module AndroidTargetPlatform (139)
[2025.12.10-20.29.01:613][840]LogModuleManager: Shutting down and abandoning module AllDesktopTargetPlatform (137)
[2025.12.10-20.29.01:613][840]LogModuleManager: Shutting down and abandoning module D3D11RHI (134)
[2025.12.10-20.29.01:613][840]LogModuleManager: Shutting down and abandoning module InputCore (132)
[2025.12.10-20.29.01:613][840]LogModuleManager: Shutting down and abandoning module Settings (130)
[2025.12.10-20.29.01:613][840]LogModuleManager: Shutting down and abandoning module DirectoryWatcher (128)
[2025.12.10-20.29.01:614][840]LogModuleManager: Shutting down and abandoning module PhysXCooking (126)
[2025.12.10-20.29.01:614][840]LogModuleManager: Shutting down and abandoning module Chaos (124)
[2025.12.10-20.29.01:615][840]LogModuleManager: Shutting down and abandoning module WindowsPlatformFeatures (122)
[2025.12.10-20.29.01:616][840]LogModuleManager: Shutting down and abandoning module GameplayMediaEncoder (121)
[2025.12.10-20.29.01:616][840]LogModuleManager: Shutting down and abandoning module AVEncoder (120)
[2025.12.10-20.29.01:616][840]LogModuleManager: Shutting down and abandoning module SteamVRInputDevice (116)
[2025.12.10-20.29.01:617][840]LogModuleManager: Shutting down and abandoning module SteamVRInput (114)
[2025.12.10-20.29.01:617][840]LogModuleManager: Shutting down and abandoning module SteamVR (112)
[2025.12.10-20.29.01:618][840]LogHMD: Freeing OpenVRDLLHandle.
[2025.12.10-20.29.01:618][840]LogModuleManager: Shutting down and abandoning module OculusHMD (110)
[2025.12.10-20.29.01:619][840]LogModuleManager: Shutting down and abandoning module MLSDK (108)
[2025.12.10-20.29.01:619][840]LogModuleManager: Shutting down and abandoning module MagicLeap (106)
[2025.12.10-20.29.01:619][840]LogModuleManager: Shutting down and abandoning module OpenXRHandTracking (104)
[2025.12.10-20.29.01:619][840]LogSlate: Slate User Destroyed.  User Index 0, Is Virtual User: 0
[2025.12.10-20.29.01:620][840]LogModuleManager: Shutting down and abandoning module OpenXREyeTracker (102)
[2025.12.10-20.29.01:620][840]LogModuleManager: Shutting down and abandoning module OpenXRAR (100)
[2025.12.10-20.29.01:620][840]LogModuleManager: Shutting down and abandoning module AugmentedReality (99)
[2025.12.10-20.29.01:620][840]LogModuleManager: Shutting down and abandoning module OpenXRHMD (96)
[2025.12.10-20.29.01:622][840]LogModuleManager: Shutting down and abandoning module ExampleDeviceProfileSelector (94)
[2025.12.10-20.29.01:622][840]LogModuleManager: Shutting down and abandoning module ChunkDownloader (92)
[2025.12.10-20.29.01:623][840]LogModuleManager: Shutting down and abandoning module LauncherChunkInstaller (90)
[2025.12.10-20.29.01:623][840]LogModuleManager: Shutting down and abandoning module OnlineBlueprintSupport (88)
[2025.12.10-20.29.01:623][840]LogModuleManager: Shutting down and abandoning module OnlineSubsystem (84)
[2025.12.10-20.29.01:624][840]LogModuleManager: Shutting down and abandoning module XMPP (79)
[2025.12.10-20.29.01:626][840]LogModuleManager: Shutting down and abandoning module WebSockets (78)
[2025.12.10-20.29.01:636][840]LogModuleManager: Shutting down and abandoning module HTTP (75)
[2025.12.10-20.29.01:636][840]LogHttp: Display: Http module shutting down, but needs to wait on 1 outstanding Http requests:
[2025.12.10-20.29.01:637][840]LogHttp: Display: 	verb=[POST] url=[https://datarouter.ol.epicgames.com/datarouter/api/v1/public/data?SessionID=%7B85A682F8-4D39-CF1D-2205-7D8C08608CFE%7D&AppID=UEEditor.Rocket.Release&AppVersion=4.27.2-18319896%2B%2B%2BUE4%2BRelease-4.27&UserID=b04b7cc342cbf28028732289d7babebf%7C984fab8377564a2eb8bdb4af4726766f%7C7b2af634-a612-4e7f-9a50-30bec8fc931d&AppEnvironment=datacollector-binary&UploadType=eteventstream] refs=[1] status=Processing
[2025.12.10-20.29.01:637][840]LogHttp: Display: cleaning up 1 outstanding Http requests.
[2025.12.10-20.29.01:656][840]LogModuleManager: Shutting down and abandoning module SSL (74)
[2025.12.10-20.29.01:657][840]LogModuleManager: Shutting down and abandoning module NiagaraVertexFactories (70)
[2025.12.10-20.29.01:657][840]LogModuleManager: Shutting down and abandoning module NiagaraShader (68)
[2025.12.10-20.29.01:658][840]LogModuleManager: Shutting down and abandoning module WmfMedia (66)
[2025.12.10-20.29.01:661][840]LogModuleManager: Shutting down and abandoning module Media (65)
[2025.12.10-20.29.01:664][840]LogModuleManager: Shutting down and abandoning module MediaInfo (64)
[2025.12.10-20.29.01:664][840]LogModuleManager: Shutting down and abandoning module ExrReaderGpu (60)
[2025.12.10-20.29.01:665][840]LogModuleManager: Shutting down and abandoning module ChaosCloth (58)
[2025.12.10-20.29.01:666][840]LogModuleManager: Shutting down and abandoning module VariantManagerContent (56)
[2025.12.10-20.29.01:666][840]LogModuleManager: Shutting down and abandoning module DatasmithContent (54)
[2025.12.10-20.29.01:666][840]LogModuleManager: Shutting down and abandoning module PixWinPlugin (52)
[2025.12.10-20.29.01:667][840]LogModuleManager: Shutting down and abandoning module AISupportModule (50)
[2025.12.10-20.29.01:667][840]LogModuleManager: Shutting down and abandoning module DesktopPlatform (48)
[2025.12.10-20.29.01:667][840]LogModuleManager: Shutting down and abandoning module PythonScriptPluginPreload (46)
[2025.12.10-20.29.01:667][840]LogModuleManager: Shutting down and abandoning module PlatformCryptoOpenSSL (44)
[2025.12.10-20.29.01:667][840]LogModuleManager: Shutting down and abandoning module PlatformCryptoTypes (42)
[2025.12.10-20.29.01:667][840]LogModuleManager: Shutting down and abandoning module PlatformCrypto (40)
[2025.12.10-20.29.01:667][840]LogModuleManager: Shutting down and abandoning module OodleDataCompressionFormat (38)
[2025.12.10-20.29.01:668][840]LogModuleManager: Shutting down and abandoning module XGEController (36)
[2025.12.10-20.29.01:668][840]LogXGEController: Cleaning working directory: C:/Users/Владислав/AppData/Local/Temp/UnrealXGEWorkingDir/
[2025.12.10-20.29.01:669][840]LogModuleManager: Shutting down and abandoning module AnimationModifiers (34)
[2025.12.10-20.29.01:669][840]LogModuleManager: Shutting down and abandoning module AudioEditor (32)
[2025.12.10-20.29.01:672][840]LogModuleManager: Shutting down and abandoning module PropertyEditor (31)
[2025.12.10-20.29.01:672][840]LogModuleManager: Shutting down and abandoning module TextureCompressor (28)
[2025.12.10-20.29.01:673][840]LogModuleManager: Shutting down and abandoning module RenderCore (26)
[2025.12.10-20.29.01:673][840]LogModuleManager: Shutting down and abandoning module Landscape (24)
[2025.12.10-20.29.01:673][840]LogModuleManager: Shutting down and abandoning module SlateRHIRenderer (22)
[2025.12.10-20.29.01:675][840]LogModuleManager: Shutting down and abandoning module AnimGraphRuntime (20)
[2025.12.10-20.29.01:678][840]LogModuleManager: Shutting down and abandoning module Renderer (18)
[2025.12.10-20.29.01:678][840]LogModuleManager: Shutting down and abandoning module Engine (16)
[2025.12.10-20.29.01:678][840]LogModuleManager: Shutting down and abandoning module CoreUObject (14)
[2025.12.10-20.29.01:678][840]LogModuleManager: Shutting down and abandoning module NetworkFile (12)
[2025.12.10-20.29.01:678][840]LogModuleManager: Shutting down and abandoning module CookedIterativeFile (10)
[2025.12.10-20.29.01:678][840]LogModuleManager: Shutting down and abandoning module StreamingFile (8)
[2025.12.10-20.29.01:679][840]LogModuleManager: Shutting down and abandoning module SandboxFile (6)
[2025.12.10-20.29.01:679][840]LogModuleManager: Shutting down and abandoning module PakFile (4)
[2025.12.10-20.29.01:679][840]LogModuleManager: Shutting down and abandoning module RSA (3)
[2025.12.10-20.29.01:680][840]LogContentStreaming: Display: There are 1 unreleased StreamingManagers
[2025.12.10-20.29.01:696][840]LogD3D11RHI: Shutdown
[2025.12.10-20.29.01:696][840]LogD3D11RHI: CleanupD3DDevice
[2025.12.10-20.29.01:703][840]LogExit: Exiting.
[2025.12.10-20.29.01:720][840]Log file closed, 12/10/25 23:29:01
