Log file open, 12/21/25 16:21:11
LogWindows: Failed to load 'aqProf.dll' (GetLastError=126)
LogWindows: File 'aqProf.dll' does not exist
LogWindows: Failed to load 'VtuneApi.dll' (GetLastError=126)
LogWindows: File 'VtuneApi.dll' does not exist
LogWindows: Failed to load 'VtuneApi32e.dll' (GetLastError=126)
LogWindows: File 'VtuneApi32e.dll' does not exist
LogConsoleResponse: Display: Failed to find resolution value strings in scalability ini. Falling back to default.
LogConsoleResponse: Display: Failed to find resolution value strings in scalability ini. Falling back to default.
LogInit: Display: Running engine for game: Mini_laboratory
LogPlatformFile: Not using cached read wrapper
LogTaskGraph: Started task graph with 5 named threads and 23 total threads with 3 sets of task threads.
LogStats: Stats thread started at 0.293142
LogICUInternationalization: ICU TimeZone Detection - Raw Offset: +3:00, Platform Override: ''
LogInit: Display: Loading text-based GConfig....
LogPluginManager: Mounting plugin MeshPainting
LogPluginManager: Mounting plugin XGEController
LogPluginManager: Mounting plugin Paper2D
LogPluginManager: Mounting plugin AISupport
LogPluginManager: Mounting plugin EnvironmentQueryEditor
LogPluginManager: Mounting plugin LiveLink
LogPluginManager: Mounting plugin LightPropagationVolume
LogPluginManager: Mounting plugin GameplayCameras
LogPluginManager: Mounting plugin AnimationSharing
LogPluginManager: Mounting plugin CameraShakePreviewer
LogPluginManager: Mounting plugin CodeLiteSourceCodeAccess
LogPluginManager: Mounting plugin CLionSourceCodeAccess
LogPluginManager: Mounting plugin KDevelopSourceCodeAccess
LogPluginManager: Mounting plugin GitSourceControl
LogPluginManager: Mounting plugin NullSourceCodeAccess
LogPluginManager: Mounting plugin PerforceSourceControl
LogPluginManager: Mounting plugin PlasticSourceControl
LogPluginManager: Mounting plugin PluginUtils
LogPluginManager: Mounting plugin RiderSourceCodeAccess
LogPluginManager: Mounting plugin PixWinPlugin
LogPluginManager: Mounting plugin PropertyAccessNode
LogPluginManager: Mounting plugin SubversionSourceControl
LogPluginManager: Mounting plugin TextureFormatOodle
LogPluginManager: Mounting plugin UObjectPlugin
LogPluginManager: Mounting plugin VisualStudioCodeSourceCodeAccess
LogPluginManager: Mounting plugin VisualStudioSourceCodeAccess
LogPluginManager: Mounting plugin AssetManagerEditor
LogPluginManager: Mounting plugin XCodeSourceCodeAccess
LogPluginManager: Mounting plugin Niagara
LogPluginManager: Mounting plugin CryptoKeys
LogPluginManager: Mounting plugin CurveEditorTools
LogPluginManager: Mounting plugin FacialAnimation
LogPluginManager: Mounting plugin DataValidation
LogPluginManager: Mounting plugin GameplayTagsEditor
LogPluginManager: Mounting plugin GeometryMode
LogPluginManager: Mounting plugin MacGraphicsSwitching
LogPluginManager: Mounting plugin MaterialAnalyzer
LogPluginManager: Mounting plugin MobileLauncherProfileWizard
LogPluginManager: Mounting plugin PluginBrowser
LogPluginManager: Mounting plugin DatasmithContent
LogPluginManager: Mounting plugin LuminPlatformFeatures
LogPluginManager: Mounting plugin MagicLeap
LogPluginManager: Mounting plugin MagicLeapLightEstimation
LogPluginManager: Mounting plugin SpeedTreeImporter
LogPluginManager: Mounting plugin MagicLeapMedia
LogPluginManager: Mounting plugin VariantManagerContent
LogPluginManager: Mounting plugin MagicLeapPassableWorld
LogPluginManager: Mounting plugin MLSDK
LogPluginManager: Mounting plugin AlembicImporter
LogPluginManager: Mounting plugin AutomationUtils
LogPluginManager: Mounting plugin BackChannel
LogPluginManager: Mounting plugin ChaosCloth
LogPluginManager: Mounting plugin ChaosClothEditor
LogPluginManager: Mounting plugin ChaosEditor
LogPluginManager: Mounting plugin ChaosNiagara
LogPluginManager: Mounting plugin ChaosSolverPlugin
LogPluginManager: Mounting plugin CharacterAI
LogPluginManager: Mounting plugin GeometryCache
LogPluginManager: Mounting plugin GeometryCollectionPlugin
LogPluginManager: Mounting plugin GeometryProcessing
LogPluginManager: Mounting plugin AndroidMedia
LogPluginManager: Mounting plugin MotoSynth
LogPluginManager: Mounting plugin OpenImageDenoise
LogPluginManager: Mounting plugin PlanarCut
LogPluginManager: Mounting plugin PlatformCrypto
LogPluginManager: Mounting plugin ProxyLODPlugin
LogPluginManager: Mounting plugin PythonScriptPlugin
LogPluginManager: Mounting plugin AvfMedia
LogPluginManager: Mounting plugin SkeletalReduction
LogPluginManager: Mounting plugin ImgMedia
LogPluginManager: Mounting plugin MediaCompositing
LogPluginManager: Mounting plugin MediaPlayerEditor
LogPluginManager: Mounting plugin WebMMedia
LogPluginManager: Mounting plugin WmfMedia
LogPluginManager: Mounting plugin TcpMessaging
LogPluginManager: Mounting plugin ActorSequence
LogPluginManager: Mounting plugin UdpMessaging
LogPluginManager: Mounting plugin LevelSequenceEditor
LogPluginManager: Mounting plugin MatineeToLevelSequence
LogPluginManager: Mounting plugin TemplateSequence
LogPluginManager: Mounting plugin LauncherChunkInstaller
LogPluginManager: Mounting plugin OnlineSubsystem
LogPluginManager: Mounting plugin OnlineSubsystemNull
LogPluginManager: Mounting plugin OnlineSubsystemUtils
LogPluginManager: Mounting plugin ActorLayerUtilities
LogPluginManager: Mounting plugin AndroidDeviceProfileSelector
LogPluginManager: Mounting plugin AndroidMoviePlayer
LogPluginManager: Mounting plugin AndroidPermission
LogPluginManager: Mounting plugin AppleMoviePlayer
LogPluginManager: Mounting plugin ArchVisCharacter
LogPluginManager: Mounting plugin AssetTags
LogPluginManager: Mounting plugin AudioCapture
LogPluginManager: Mounting plugin AudioSynesthesia
LogPluginManager: Mounting plugin CableComponent
LogPluginManager: Mounting plugin ChunkDownloader
LogPluginManager: Mounting plugin CustomMeshComponent
LogPluginManager: Mounting plugin EditableMesh
LogPluginManager: Mounting plugin ExampleDeviceProfileSelector
LogPluginManager: Mounting plugin GoogleCloudMessaging
LogPluginManager: Mounting plugin GooglePAD
LogPluginManager: Mounting plugin IOSDeviceProfileSelector
LogPluginManager: Mounting plugin LinuxDeviceProfileSelector
LogPluginManager: Mounting plugin LocationServicesBPLibrary
LogPluginManager: Mounting plugin AppleImageUtils
LogPluginManager: Mounting plugin MobilePatchingUtils
LogPluginManager: Mounting plugin OpenXR
LogPluginManager: Mounting plugin OpenXREyeTracker
LogPluginManager: Mounting plugin OpenXRHandTracking
LogPluginManager: Mounting plugin PhysXVehicles
LogPluginManager: Mounting plugin ScreenshotTools
LogPluginManager: Mounting plugin PostSplashScreen
LogPluginManager: Mounting plugin ProceduralMeshComponent
LogPluginManager: Mounting plugin PropertyAccessEditor
LogPluginManager: Mounting plugin RuntimePhysXCooking
LogPluginManager: Mounting plugin SignificanceManager
LogPluginManager: Mounting plugin SoundFields
LogPluginManager: Mounting plugin Takes
LogPluginManager: Mounting plugin Synthesis
LogPluginManager: Mounting plugin WebMMoviePlayer
LogPluginManager: Mounting plugin OodleNetwork
LogPluginManager: Mounting plugin OodleData
LogPluginManager: Mounting plugin WindowsMoviePlayer
LogPluginManager: Mounting plugin ContentBrowserAssetDataSource
LogPluginManager: Mounting plugin ContentBrowserClassDataSource
LogPluginManager: Mounting plugin ContentBrowserFileDataSource
LogPluginManager: Mounting plugin OnlineSubsystemGooglePlay
LogPluginManager: Mounting plugin OnlineSubsystemIOS
LogPluginManager: Mounting plugin OculusVR
LogPluginManager: Mounting plugin SteamVR
PixWinPlugin: PIX capture plugin failed to initialize! Check that the process is launched from PIX.
LogInit: Using libcurl 7.55.1-DEV
LogInit:  - built for x86_64-pc-win32
LogInit:  - supports SSL with OpenSSL/1.1.1
LogInit:  - supports HTTP deflate (compression) using libz 1.2.8
LogInit:  - other features:
LogInit:      CURL_VERSION_SSL
LogInit:      CURL_VERSION_LIBZ
LogInit:      CURL_VERSION_IPV6
LogInit:      CURL_VERSION_ASYNCHDNS
LogInit:      CURL_VERSION_LARGEFILE
LogInit:      CURL_VERSION_IDN
LogInit:  CurlRequestOptions (configurable via config and command line):
LogInit:  - bVerifyPeer = true  - Libcurl will verify peer certificate
LogInit:  - bUseHttpProxy = false  - Libcurl will NOT use HTTP proxy
LogInit:  - bDontReuseConnections = false  - Libcurl will reuse connections
LogInit:  - MaxHostConnections = 16  - Libcurl will limit the number of connections to a host
LogInit:  - LocalHostAddr = Default
LogInit:  - BufferSize = 65536
LogOnline: OSS: Creating online subsystem instance for: NULL
LogInit: WinSock: version 1.1 (2.2), MaxSocks=32767, MaxUdp=65467
LogOnline: OSS: TryLoadSubsystemAndSetDefault: Loaded subsystem for module [NULL]
LogOculusPluginWrapper: OculusPlugin initialized successfully
LogHMD: Failed initializing OVRPlugin 1.59.0
LogInit: Build: ++UE4+Release-4.27-CL-18319896
LogInit: Engine Version: 4.27.2-18319896+++UE4+Release-4.27
LogInit: Compatible Engine Version: 4.27.0-17155196+++UE4+Release-4.27
LogInit: Net CL: 17155196
LogInit: OS: Windows 10 (Release 2009) (), CPU: Intel(R) Core(TM) i5-10300H CPU @ 2.50GHz, GPU: Intel(R) UHD Graphics
LogInit: Compiled (64-bit): Nov 30 2021 07:12:08
LogInit: Compiled with Visual C++: 19.24.28315.00
LogInit: Build Configuration: Development
LogInit: Branch Name: ++UE4+Release-4.27
LogInit: Command Line: 
LogInit: Base Directory: D:/Progams on PC/Unreal/UE_4.27/Engine/Binaries/Win64/
LogInit: Allocator: TBB
LogInit: Installed Engine Build: 1
LogDevObjectVersion: Number of dev versions registered: 29
LogDevObjectVersion:   Dev-Blueprints (B0D832E4-1F89-4F0D-ACCF-7EB736FD4AA2): 10
LogDevObjectVersion:   Dev-Build (E1C64328-A22C-4D53-A36C-8E866417BD8C): 0
LogDevObjectVersion:   Dev-Core (375EC13C-06E4-48FB-B500-84F0262A717E): 4
LogDevObjectVersion:   Dev-Editor (E4B068ED-F494-42E9-A231-DA0B2E46BB41): 40
LogDevObjectVersion:   Dev-Framework (CFFC743F-43B0-4480-9391-14DF171D2073): 37
LogDevObjectVersion:   Dev-Mobile (B02B49B5-BB20-44E9-A304-32B752E40360): 3
LogDevObjectVersion:   Dev-Networking (A4E4105C-59A1-49B5-A7C5-40C4547EDFEE): 0
LogDevObjectVersion:   Dev-Online (39C831C9-5AE6-47DC-9A44-9C173E1C8E7C): 0
LogDevObjectVersion:   Dev-Physics (78F01B33-EBEA-4F98-B9B4-84EACCB95AA2): 14
LogDevObjectVersion:   Dev-Platform (6631380F-2D4D-43E0-8009-CF276956A95A): 0
LogDevObjectVersion:   Dev-Rendering (12F88B9F-8875-4AFC-A67C-D90C383ABD29): 45
LogDevObjectVersion:   Dev-Sequencer (7B5AE74C-D270-4C10-A958-57980B212A5A): 13
LogDevObjectVersion:   Dev-VR (D7296918-1DD6-4BDD-9DE2-64A83CC13884): 3
LogDevObjectVersion:   Dev-LoadTimes (C2A15278-BFE7-4AFE-6C17-90FF531DF755): 1
LogDevObjectVersion:   Private-Geometry (6EACA3D4-40EC-4CC1-B786-8BED09428FC5): 3
LogDevObjectVersion:   Dev-AnimPhys (29E575DD-E0A3-4627-9D10-D276232CDCEA): 17
LogDevObjectVersion:   Dev-Anim (AF43A65D-7FD3-4947-9873-3E8ED9C1BB05): 15
LogDevObjectVersion:   Dev-ReflectionCapture (6B266CEC-1EC7-4B8F-A30B-E4D90942FC07): 1
LogDevObjectVersion:   Dev-Automation (0DF73D61-A23F-47EA-B727-89E90C41499A): 1
LogDevObjectVersion:   FortniteMain (601D1886-AC64-4F84-AA16-D3DE0DEAC7D6): 47
LogDevObjectVersion:   FortniteRelease (E7086368-6B23-4C58-8439-1B7016265E91): 1
LogDevObjectVersion:   Dev-Enterprise (9DFFBCD6-494F-0158-E221-12823C92A888): 10
LogDevObjectVersion:   Dev-Niagara (F2AED0AC-9AFE-416F-8664-AA7FFA26D6FC): 1
LogDevObjectVersion:   Dev-Destruction (174F1F0B-B4C6-45A5-B13F-2EE8D0FB917D): 10
LogDevObjectVersion:   Dev-Physics-Ext (35F94A83-E258-406C-A318-09F59610247C): 41
LogDevObjectVersion:   Dev-PhysicsMaterial-Chaos (B68FC16E-8B1B-42E2-B453-215C058844FE): 1
LogDevObjectVersion:   Dev-CineCamera (B2E18506-4273-CFC2-A54E-F4BB758BBA07): 1
LogDevObjectVersion:   Dev-VirtualProduction (64F58936-FD1B-42BA-BA96-7289D5D0FA4E): 1
LogDevObjectVersion:   Dev-MediaFramework (6F0ED827-A609-4895-9C91-998D90180EA4): 2
LogInit: Presizing for max 25165824 objects, including 0 objects not considered by GC, pre-allocating 0 bytes for permanent pool.
LogConfig: Applying CVar settings from Section [/Script/Engine.StreamingSettings] File [D:/WORKPLACE/Mini_laboratory/MEPhI_VR_term_1/Mini_laboratory/Saved/Config/Windows/Engine.ini]
LogConfig: Setting CVar [[s.MinBulkDataSizeForAsyncLoading:131072]]
LogConfig: Setting CVar [[s.AsyncLoadingThreadEnabled:0]]
LogConfig: Setting CVar [[s.EventDrivenLoaderEnabled:1]]
LogConfig: Setting CVar [[s.WarnIfTimeLimitExceeded:0]]
LogConfig: Setting CVar [[s.TimeLimitExceededMultiplier:1.5]]
LogConfig: Setting CVar [[s.TimeLimitExceededMinTime:0.005]]
LogConfig: Setting CVar [[s.UseBackgroundLevelStreaming:1]]
LogConfig: Setting CVar [[s.PriorityAsyncLoadingExtraTime:15.0]]
LogConfig: Setting CVar [[s.LevelStreamingActorsUpdateTimeLimit:5.0]]
LogConfig: Setting CVar [[s.PriorityLevelStreamingActorsUpdateExtraTime:5.0]]
LogConfig: Setting CVar [[s.LevelStreamingComponentsRegistrationGranularity:10]]
LogConfig: Setting CVar [[s.UnregisterComponentsTimeLimit:1.0]]
LogConfig: Setting CVar [[s.LevelStreamingComponentsUnregistrationGranularity:5]]
LogConfig: Setting CVar [[s.FlushStreamingOnExit:1]]
LogInit: Object subsystem initialized
LogConfig: Setting CVar [[con.DebugEarlyDefault:1]]
LogConfig: Setting CVar [[r.setres:1280x720]]
[2025.12.21-13.21.11:884][  0]LogConfig: Setting CVar [[r.VSync:0]]
[2025.12.21-13.21.11:884][  0]LogConfig: Setting CVar [[r.RHICmdBypass:0]]
[2025.12.21-13.21.11:884][  0]LogConfig: Applying CVar settings from Section [/Script/Engine.RendererSettings] File [D:/WORKPLACE/Mini_laboratory/MEPhI_VR_term_1/Mini_laboratory/Saved/Config/Windows/Engine.ini]
[2025.12.21-13.21.11:884][  0]LogConfig: Setting CVar [[r.GPUCrashDebugging:0]]
[2025.12.21-13.21.11:884][  0]LogConfig: Applying CVar settings from Section [/Script/Engine.RendererOverrideSettings] File [D:/WORKPLACE/Mini_laboratory/MEPhI_VR_term_1/Mini_laboratory/Saved/Config/Windows/Engine.ini]
[2025.12.21-13.21.11:884][  0]LogConfig: Applying CVar settings from Section [/Script/Engine.StreamingSettings] File [D:/WORKPLACE/Mini_laboratory/MEPhI_VR_term_1/Mini_laboratory/Saved/Config/Windows/Engine.ini]
[2025.12.21-13.21.11:884][  0]LogConfig: Setting CVar [[s.MinBulkDataSizeForAsyncLoading:131072]]
[2025.12.21-13.21.11:884][  0]LogConfig: Setting CVar [[s.AsyncLoadingThreadEnabled:0]]
[2025.12.21-13.21.11:884][  0]LogConfig: Setting CVar [[s.EventDrivenLoaderEnabled:1]]
[2025.12.21-13.21.11:884][  0]LogConfig: Setting CVar [[s.WarnIfTimeLimitExceeded:0]]
[2025.12.21-13.21.11:884][  0]LogConfig: Setting CVar [[s.TimeLimitExceededMultiplier:1.5]]
[2025.12.21-13.21.11:884][  0]LogConfig: Setting CVar [[s.TimeLimitExceededMinTime:0.005]]
[2025.12.21-13.21.11:884][  0]LogConfig: Setting CVar [[s.UseBackgroundLevelStreaming:1]]
[2025.12.21-13.21.11:884][  0]LogConfig: Setting CVar [[s.PriorityAsyncLoadingExtraTime:15.0]]
[2025.12.21-13.21.11:884][  0]LogConfig: Setting CVar [[s.LevelStreamingActorsUpdateTimeLimit:5.0]]
[2025.12.21-13.21.11:884][  0]LogConfig: Setting CVar [[s.PriorityLevelStreamingActorsUpdateExtraTime:5.0]]
[2025.12.21-13.21.11:884][  0]LogConfig: Setting CVar [[s.LevelStreamingComponentsRegistrationGranularity:10]]
[2025.12.21-13.21.11:884][  0]LogConfig: Setting CVar [[s.UnregisterComponentsTimeLimit:1.0]]
[2025.12.21-13.21.11:884][  0]LogConfig: Setting CVar [[s.LevelStreamingComponentsUnregistrationGranularity:5]]
[2025.12.21-13.21.11:884][  0]LogConfig: Setting CVar [[s.FlushStreamingOnExit:1]]
[2025.12.21-13.21.11:884][  0]LogConfig: Applying CVar settings from Section [/Script/Engine.GarbageCollectionSettings] File [D:/WORKPLACE/Mini_laboratory/MEPhI_VR_term_1/Mini_laboratory/Saved/Config/Windows/Engine.ini]
[2025.12.21-13.21.11:884][  0]LogConfig: Setting CVar [[gc.MaxObjectsNotConsideredByGC:1]]
[2025.12.21-13.21.11:884][  0]LogConfig: Setting CVar [[gc.SizeOfPermanentObjectPool:0]]
[2025.12.21-13.21.11:884][  0]LogConfig: Setting CVar [[gc.FlushStreamingOnGC:0]]
[2025.12.21-13.21.11:884][  0]LogConfig: Setting CVar [[gc.NumRetriesBeforeForcingGC:10]]
[2025.12.21-13.21.11:884][  0]LogConfig: Setting CVar [[gc.AllowParallelGC:1]]
[2025.12.21-13.21.11:884][  0]LogConfig: Setting CVar [[gc.TimeBetweenPurgingPendingKillObjects:61.1]]
[2025.12.21-13.21.11:884][  0]LogConfig: Setting CVar [[gc.MaxObjectsInEditor:25165824]]
[2025.12.21-13.21.11:884][  0]LogConfig: Setting CVar [[gc.IncrementalBeginDestroyEnabled:1]]
[2025.12.21-13.21.11:884][  0]LogConfig: Setting CVar [[gc.CreateGCClusters:1]]
[2025.12.21-13.21.11:884][  0]LogConfig: Setting CVar [[gc.MinGCClusterSize:5]]
[2025.12.21-13.21.11:884][  0]LogConfig: Setting CVar [[gc.ActorClusteringEnabled:0]]
[2025.12.21-13.21.11:884][  0]LogConfig: Setting CVar [[gc.BlueprintClusteringEnabled:0]]
[2025.12.21-13.21.11:884][  0]LogConfig: Setting CVar [[gc.UseDisregardForGCOnDedicatedServers:0]]
[2025.12.21-13.21.11:884][  0]LogConfig: Setting CVar [[gc.MultithreadedDestructionEnabled:1]]
[2025.12.21-13.21.11:884][  0]LogConfig: Applying CVar settings from Section [/Script/Engine.NetworkSettings] File [D:/WORKPLACE/Mini_laboratory/MEPhI_VR_term_1/Mini_laboratory/Saved/Config/Windows/Engine.ini]
[2025.12.21-13.21.11:884][  0]LogConfig: Applying CVar settings from Section [/Script/UnrealEd.CookerSettings] File [D:/WORKPLACE/Mini_laboratory/MEPhI_VR_term_1/Mini_laboratory/Saved/Config/Windows/Engine.ini]
[2025.12.21-13.21.11:931][  0]LogConfig: Applying CVar settings from Section [ViewDistanceQuality@3] File [D:/WORKPLACE/Mini_laboratory/MEPhI_VR_term_1/Mini_laboratory/Saved/Config/Windows/Scalability.ini]
[2025.12.21-13.21.11:931][  0]LogConfig: Setting CVar [[r.SkeletalMeshLODBias:0]]
[2025.12.21-13.21.11:931][  0]LogConfig: Setting CVar [[r.ViewDistanceScale:1.0]]
[2025.12.21-13.21.11:931][  0]LogConfig: Applying CVar settings from Section [AntiAliasingQuality@3] File [D:/WORKPLACE/Mini_laboratory/MEPhI_VR_term_1/Mini_laboratory/Saved/Config/Windows/Scalability.ini]
[2025.12.21-13.21.11:931][  0]LogConfig: Setting CVar [[r.PostProcessAAQuality:4]]
[2025.12.21-13.21.11:931][  0]LogConfig: Applying CVar settings from Section [ShadowQuality@3] File [D:/WORKPLACE/Mini_laboratory/MEPhI_VR_term_1/Mini_laboratory/Saved/Config/Windows/Scalability.ini]
[2025.12.21-13.21.11:931][  0]LogConfig: Setting CVar [[r.LightFunctionQuality:1]]
[2025.12.21-13.21.11:931][  0]LogConfig: Setting CVar [[r.ShadowQuality:5]]
[2025.12.21-13.21.11:931][  0]LogConfig: Setting CVar [[r.Shadow.CSM.MaxCascades:10]]
[2025.12.21-13.21.11:931][  0]LogConfig: Setting CVar [[r.Shadow.MaxResolution:2048]]
[2025.12.21-13.21.11:931][  0]LogConfig: Setting CVar [[r.Shadow.MaxCSMResolution:2048]]
[2025.12.21-13.21.11:931][  0]LogConfig: Setting CVar [[r.Shadow.RadiusThreshold:0.01]]
[2025.12.21-13.21.11:931][  0]LogConfig: Setting CVar [[r.Shadow.DistanceScale:1.0]]
[2025.12.21-13.21.11:931][  0]LogConfig: Setting CVar [[r.Shadow.CSM.TransitionScale:1.0]]
[2025.12.21-13.21.11:931][  0]LogConfig: Setting CVar [[r.Shadow.PreShadowResolutionFactor:1.0]]
[2025.12.21-13.21.11:931][  0]LogConfig: Setting CVar [[r.DistanceFieldShadowing:1]]
[2025.12.21-13.21.11:931][  0]LogConfig: Setting CVar [[r.DistanceFieldAO:1]]
[2025.12.21-13.21.11:931][  0]LogConfig: Setting CVar [[r.AOQuality:2]]
[2025.12.21-13.21.11:931][  0]LogConfig: Setting CVar [[r.VolumetricFog:1]]
[2025.12.21-13.21.11:931][  0]LogConfig: Setting CVar [[r.VolumetricFog.GridPixelSize:8]]
[2025.12.21-13.21.11:931][  0]LogConfig: Setting CVar [[r.VolumetricFog.GridSizeZ:128]]
[2025.12.21-13.21.11:931][  0]LogConfig: Setting CVar [[r.VolumetricFog.HistoryMissSupersampleCount:4]]
[2025.12.21-13.21.11:931][  0]LogConfig: Setting CVar [[r.LightMaxDrawDistanceScale:1]]
[2025.12.21-13.21.11:931][  0]LogConfig: Setting CVar [[r.CapsuleShadows:1]]
[2025.12.21-13.21.11:931][  0]LogConfig: Applying CVar settings from Section [PostProcessQuality@3] File [D:/WORKPLACE/Mini_laboratory/MEPhI_VR_term_1/Mini_laboratory/Saved/Config/Windows/Scalability.ini]
[2025.12.21-13.21.11:931][  0]LogConfig: Setting CVar [[r.MotionBlurQuality:4]]
[2025.12.21-13.21.11:931][  0]LogConfig: Setting CVar [[r.AmbientOcclusionMipLevelFactor:0.4]]
[2025.12.21-13.21.11:931][  0]LogConfig: Setting CVar [[r.AmbientOcclusionMaxQuality:100]]
[2025.12.21-13.21.11:931][  0]LogConfig: Setting CVar [[r.AmbientOcclusionLevels:-1]]
[2025.12.21-13.21.11:931][  0]LogConfig: Setting CVar [[r.AmbientOcclusionRadiusScale:1.0]]
[2025.12.21-13.21.11:931][  0]LogConfig: Setting CVar [[r.DepthOfFieldQuality:2]]
[2025.12.21-13.21.11:931][  0]LogConfig: Setting CVar [[r.RenderTargetPoolMin:400]]
[2025.12.21-13.21.11:931][  0]LogConfig: Setting CVar [[r.LensFlareQuality:2]]
[2025.12.21-13.21.11:931][  0]LogConfig: Setting CVar [[r.SceneColorFringeQuality:1]]
[2025.12.21-13.21.11:931][  0]LogConfig: Setting CVar [[r.EyeAdaptationQuality:2]]
[2025.12.21-13.21.11:931][  0]LogConfig: Setting CVar [[r.BloomQuality:5]]
[2025.12.21-13.21.11:931][  0]LogConfig: Setting CVar [[r.FastBlurThreshold:100]]
[2025.12.21-13.21.11:931][  0]LogConfig: Setting CVar [[r.Upscale.Quality:3]]
[2025.12.21-13.21.11:931][  0]LogConfig: Setting CVar [[r.Tonemapper.GrainQuantization:1]]
[2025.12.21-13.21.11:931][  0]LogConfig: Setting CVar [[r.LightShaftQuality:1]]
[2025.12.21-13.21.11:931][  0]LogConfig: Setting CVar [[r.Filter.SizeScale:1]]
[2025.12.21-13.21.11:932][  0]LogConfig: Setting CVar [[r.Tonemapper.Quality:5]]
[2025.12.21-13.21.11:932][  0]LogConfig: Setting CVar [[r.DOF.Gather.AccumulatorQuality:1        ; higher gathering accumulator quality]]
[2025.12.21-13.21.11:932][  0]LogConfig: Setting CVar [[r.DOF.Gather.PostfilterMethod:1          ; Median3x3 postfilering method]]
[2025.12.21-13.21.11:932][  0]LogConfig: Setting CVar [[r.DOF.Gather.EnableBokehSettings:0       ; no bokeh simulation when gathering]]
[2025.12.21-13.21.11:932][  0]LogConfig: Setting CVar [[r.DOF.Gather.RingCount:4                 ; medium number of samples when gathering]]
[2025.12.21-13.21.11:932][  0]LogConfig: Setting CVar [[r.DOF.Scatter.ForegroundCompositing:1    ; additive foreground scattering]]
[2025.12.21-13.21.11:932][  0]LogConfig: Setting CVar [[r.DOF.Scatter.BackgroundCompositing:2    ; additive background scattering]]
[2025.12.21-13.21.11:932][  0]LogConfig: Setting CVar [[r.DOF.Scatter.EnableBokehSettings:1      ; bokeh simulation when scattering]]
[2025.12.21-13.21.11:932][  0]LogConfig: Setting CVar [[r.DOF.Scatter.MaxSpriteRatio:0.1         ; only a maximum of 10% of scattered bokeh]]
[2025.12.21-13.21.11:932][  0]LogConfig: Setting CVar [[r.DOF.Recombine.Quality:1                ; cheap slight out of focus]]
[2025.12.21-13.21.11:932][  0]LogConfig: Setting CVar [[r.DOF.Recombine.EnableBokehSettings:0    ; no bokeh simulation on slight out of focus]]
[2025.12.21-13.21.11:932][  0]LogConfig: Setting CVar [[r.DOF.TemporalAAQuality:1                ; more stable temporal accumulation]]
[2025.12.21-13.21.11:932][  0]LogConfig: Setting CVar [[r.DOF.Kernel.MaxForegroundRadius:0.025]]
[2025.12.21-13.21.11:932][  0]LogConfig: Setting CVar [[r.DOF.Kernel.MaxBackgroundRadius:0.025]]
[2025.12.21-13.21.11:932][  0]LogConfig: Applying CVar settings from Section [TextureQuality@3] File [D:/WORKPLACE/Mini_laboratory/MEPhI_VR_term_1/Mini_laboratory/Saved/Config/Windows/Scalability.ini]
[2025.12.21-13.21.11:932][  0]LogConfig: Setting CVar [[r.Streaming.MipBias:0]]
[2025.12.21-13.21.11:932][  0]LogConfig: Setting CVar [[r.Streaming.AmortizeCPUToGPUCopy:0]]
[2025.12.21-13.21.11:932][  0]LogConfig: Setting CVar [[r.Streaming.MaxNumTexturesToStreamPerFrame:0]]
[2025.12.21-13.21.11:932][  0]LogConfig: Setting CVar [[r.Streaming.Boost:1]]
[2025.12.21-13.21.11:932][  0]LogConfig: Setting CVar [[r.MaxAnisotropy:8]]
[2025.12.21-13.21.11:932][  0]LogConfig: Setting CVar [[r.VT.MaxAnisotropy:8]]
[2025.12.21-13.21.11:932][  0]LogConfig: Setting CVar [[r.Streaming.LimitPoolSizeToVRAM:0]]
[2025.12.21-13.21.11:932][  0]LogConfig: Setting CVar [[r.Streaming.PoolSize:1000]]
[2025.12.21-13.21.11:932][  0]LogConfig: Setting CVar [[r.Streaming.MaxEffectiveScreenSize:0]]
[2025.12.21-13.21.11:932][  0]LogConfig: Applying CVar settings from Section [EffectsQuality@3] File [D:/WORKPLACE/Mini_laboratory/MEPhI_VR_term_1/Mini_laboratory/Saved/Config/Windows/Scalability.ini]
[2025.12.21-13.21.11:932][  0]LogConfig: Setting CVar [[r.TranslucencyLightingVolumeDim:64]]
[2025.12.21-13.21.11:932][  0]LogConfig: Setting CVar [[r.RefractionQuality:2]]
[2025.12.21-13.21.11:932][  0]LogConfig: Setting CVar [[r.SSR.Quality:3]]
[2025.12.21-13.21.11:932][  0]LogConfig: Setting CVar [[r.SSR.HalfResSceneColor:0]]
[2025.12.21-13.21.11:932][  0]LogConfig: Setting CVar [[r.SceneColorFormat:4]]
[2025.12.21-13.21.11:932][  0]LogConfig: Setting CVar [[r.DetailMode:2]]
[2025.12.21-13.21.11:932][  0]LogConfig: Setting CVar [[r.TranslucencyVolumeBlur:1]]
[2025.12.21-13.21.11:932][  0]LogConfig: Setting CVar [[r.MaterialQualityLevel:1 ; High quality]]
[2025.12.21-13.21.11:932][  0]LogConfig: Setting CVar [[r.AnisotropicMaterials:1]]
[2025.12.21-13.21.11:932][  0]LogConfig: Setting CVar [[r.SSS.Scale:1]]
[2025.12.21-13.21.11:932][  0]LogConfig: Setting CVar [[r.SSS.SampleSet:2]]
[2025.12.21-13.21.11:932][  0]LogConfig: Setting CVar [[r.SSS.Quality:1]]
[2025.12.21-13.21.11:932][  0]LogConfig: Setting CVar [[r.SSS.HalfRes:0]]
[2025.12.21-13.21.11:932][  0]LogConfig: Setting CVar [[r.SSGI.Quality:3]]
[2025.12.21-13.21.11:932][  0]LogConfig: Setting CVar [[r.EmitterSpawnRateScale:1.0]]
[2025.12.21-13.21.11:932][  0]LogConfig: Setting CVar [[r.ParticleLightQuality:2]]
[2025.12.21-13.21.11:932][  0]LogConfig: Setting CVar [[r.SkyAtmosphere.AerialPerspectiveLUT.FastApplyOnOpaque:1 ; Always have FastSkyLUT 1 in this case to avoid wrong sky]]
[2025.12.21-13.21.11:932][  0]LogConfig: Setting CVar [[r.SkyAtmosphere.AerialPerspectiveLUT.SampleCountMaxPerSlice:4]]
[2025.12.21-13.21.11:932][  0]LogConfig: Setting CVar [[r.SkyAtmosphere.AerialPerspectiveLUT.DepthResolution:16.0]]
[2025.12.21-13.21.11:932][  0]LogConfig: Setting CVar [[r.SkyAtmosphere.FastSkyLUT:1]]
[2025.12.21-13.21.11:932][  0]LogConfig: Setting CVar [[r.SkyAtmosphere.FastSkyLUT.SampleCountMin:4.0]]
[2025.12.21-13.21.11:932][  0]LogConfig: Setting CVar [[r.SkyAtmosphere.FastSkyLUT.SampleCountMax:128.0]]
[2025.12.21-13.21.11:932][  0]LogConfig: Setting CVar [[r.SkyAtmosphere.SampleCountMin:4.0]]
[2025.12.21-13.21.11:932][  0]LogConfig: Setting CVar [[r.SkyAtmosphere.SampleCountMax:128.0]]
[2025.12.21-13.21.11:932][  0]LogConfig: Setting CVar [[r.SkyAtmosphere.TransmittanceLUT.UseSmallFormat:0]]
[2025.12.21-13.21.11:932][  0]LogConfig: Setting CVar [[r.SkyAtmosphere.TransmittanceLUT.SampleCount:10.0]]
[2025.12.21-13.21.11:932][  0]LogConfig: Setting CVar [[r.SkyAtmosphere.MultiScatteringLUT.SampleCount:15.0]]
[2025.12.21-13.21.11:932][  0]LogConfig: Setting CVar [[r.SkyLight.RealTimeReflectionCapture:1]]
[2025.12.21-13.21.11:932][  0]LogConfig: Applying CVar settings from Section [FoliageQuality@3] File [D:/WORKPLACE/Mini_laboratory/MEPhI_VR_term_1/Mini_laboratory/Saved/Config/Windows/Scalability.ini]
[2025.12.21-13.21.11:932][  0]LogConfig: Setting CVar [[foliage.DensityScale:1.0]]
[2025.12.21-13.21.11:933][  0]LogConfig: Setting CVar [[grass.DensityScale:1.0]]
[2025.12.21-13.21.11:933][  0]LogConfig: Applying CVar settings from Section [ShadingQuality@3] File [D:/WORKPLACE/Mini_laboratory/MEPhI_VR_term_1/Mini_laboratory/Saved/Config/Windows/Scalability.ini]
[2025.12.21-13.21.11:933][  0]LogConfig: Setting CVar [[r.HairStrands.SkyLighting.IntegrationType:2]]
[2025.12.21-13.21.11:933][  0]LogConfig: Setting CVar [[r.HairStrands.SkyAO.SampleCount:4]]
[2025.12.21-13.21.11:933][  0]LogConfig: Setting CVar [[r.HairStrands.Visibility.MSAA.SamplePerPixel:4]]
[2025.12.21-13.21.11:933][  0]LogInit: Selected Device Profile: [Windows]
[2025.12.21-13.21.11:933][  0]LogInit: Applying CVar settings loaded from the selected device profile: [Windows]
[2025.12.21-13.21.11:933][  0]LogHAL: Display: Platform has ~ 8 GB [8451309568 / 8589934592 / 8], which maps to Default [LargestMinGB=32, LargerMinGB=12, DefaultMinGB=8, SmallerMinGB=6, SmallestMinGB=0)
[2025.12.21-13.21.11:933][  0]LogInit: Going up to parent DeviceProfile []
[2025.12.21-13.21.11:933][  0]LogConfig: Applying CVar settings from Section [ViewDistanceQuality@3] File [D:/WORKPLACE/Mini_laboratory/MEPhI_VR_term_1/Mini_laboratory/Saved/Config/Windows/Scalability.ini]
[2025.12.21-13.21.11:933][  0]LogConfig: Setting CVar [[r.SkeletalMeshLODBias:0]]
[2025.12.21-13.21.11:933][  0]LogConfig: Setting CVar [[r.ViewDistanceScale:1.0]]
[2025.12.21-13.21.11:933][  0]LogConfig: Applying CVar settings from Section [AntiAliasingQuality@3] File [D:/WORKPLACE/Mini_laboratory/MEPhI_VR_term_1/Mini_laboratory/Saved/Config/Windows/Scalability.ini]
[2025.12.21-13.21.11:933][  0]LogConfig: Setting CVar [[r.PostProcessAAQuality:4]]
[2025.12.21-13.21.11:933][  0]LogConfig: Applying CVar settings from Section [ShadowQuality@3] File [D:/WORKPLACE/Mini_laboratory/MEPhI_VR_term_1/Mini_laboratory/Saved/Config/Windows/Scalability.ini]
[2025.12.21-13.21.11:933][  0]LogConfig: Setting CVar [[r.LightFunctionQuality:1]]
[2025.12.21-13.21.11:933][  0]LogConfig: Setting CVar [[r.ShadowQuality:5]]
[2025.12.21-13.21.11:933][  0]LogConfig: Setting CVar [[r.Shadow.CSM.MaxCascades:10]]
[2025.12.21-13.21.11:933][  0]LogConfig: Setting CVar [[r.Shadow.MaxResolution:2048]]
[2025.12.21-13.21.11:933][  0]LogConfig: Setting CVar [[r.Shadow.MaxCSMResolution:2048]]
[2025.12.21-13.21.11:933][  0]LogConfig: Setting CVar [[r.Shadow.RadiusThreshold:0.01]]
[2025.12.21-13.21.11:933][  0]LogConfig: Setting CVar [[r.Shadow.DistanceScale:1.0]]
[2025.12.21-13.21.11:933][  0]LogConfig: Setting CVar [[r.Shadow.CSM.TransitionScale:1.0]]
[2025.12.21-13.21.11:933][  0]LogConfig: Setting CVar [[r.Shadow.PreShadowResolutionFactor:1.0]]
[2025.12.21-13.21.11:933][  0]LogConfig: Setting CVar [[r.DistanceFieldShadowing:1]]
[2025.12.21-13.21.11:933][  0]LogConfig: Setting CVar [[r.DistanceFieldAO:1]]
[2025.12.21-13.21.11:933][  0]LogConfig: Setting CVar [[r.AOQuality:2]]
[2025.12.21-13.21.11:933][  0]LogConfig: Setting CVar [[r.VolumetricFog:1]]
[2025.12.21-13.21.11:933][  0]LogConfig: Setting CVar [[r.VolumetricFog.GridPixelSize:8]]
[2025.12.21-13.21.11:933][  0]LogConfig: Setting CVar [[r.VolumetricFog.GridSizeZ:128]]
[2025.12.21-13.21.11:933][  0]LogConfig: Setting CVar [[r.VolumetricFog.HistoryMissSupersampleCount:4]]
[2025.12.21-13.21.11:933][  0]LogConfig: Setting CVar [[r.LightMaxDrawDistanceScale:1]]
[2025.12.21-13.21.11:933][  0]LogConfig: Setting CVar [[r.CapsuleShadows:1]]
[2025.12.21-13.21.11:933][  0]LogConfig: Applying CVar settings from Section [PostProcessQuality@3] File [D:/WORKPLACE/Mini_laboratory/MEPhI_VR_term_1/Mini_laboratory/Saved/Config/Windows/Scalability.ini]
[2025.12.21-13.21.11:933][  0]LogConfig: Setting CVar [[r.MotionBlurQuality:4]]
[2025.12.21-13.21.11:933][  0]LogConfig: Setting CVar [[r.AmbientOcclusionMipLevelFactor:0.4]]
[2025.12.21-13.21.11:933][  0]LogConfig: Setting CVar [[r.AmbientOcclusionMaxQuality:100]]
[2025.12.21-13.21.11:933][  0]LogConfig: Setting CVar [[r.AmbientOcclusionLevels:-1]]
[2025.12.21-13.21.11:933][  0]LogConfig: Setting CVar [[r.AmbientOcclusionRadiusScale:1.0]]
[2025.12.21-13.21.11:933][  0]LogConfig: Setting CVar [[r.DepthOfFieldQuality:2]]
[2025.12.21-13.21.11:933][  0]LogConfig: Setting CVar [[r.RenderTargetPoolMin:400]]
[2025.12.21-13.21.11:933][  0]LogConfig: Setting CVar [[r.LensFlareQuality:2]]
[2025.12.21-13.21.11:933][  0]LogConfig: Setting CVar [[r.SceneColorFringeQuality:1]]
[2025.12.21-13.21.11:933][  0]LogConfig: Setting CVar [[r.EyeAdaptationQuality:2]]
[2025.12.21-13.21.11:933][  0]LogConfig: Setting CVar [[r.BloomQuality:5]]
[2025.12.21-13.21.11:933][  0]LogConfig: Setting CVar [[r.FastBlurThreshold:100]]
[2025.12.21-13.21.11:933][  0]LogConfig: Setting CVar [[r.Upscale.Quality:3]]
[2025.12.21-13.21.11:934][  0]LogConfig: Setting CVar [[r.Tonemapper.GrainQuantization:1]]
[2025.12.21-13.21.11:934][  0]LogConfig: Setting CVar [[r.LightShaftQuality:1]]
[2025.12.21-13.21.11:934][  0]LogConfig: Setting CVar [[r.Filter.SizeScale:1]]
[2025.12.21-13.21.11:934][  0]LogConfig: Setting CVar [[r.Tonemapper.Quality:5]]
[2025.12.21-13.21.11:934][  0]LogConfig: Setting CVar [[r.DOF.Gather.AccumulatorQuality:1        ; higher gathering accumulator quality]]
[2025.12.21-13.21.11:934][  0]LogConfig: Setting CVar [[r.DOF.Gather.PostfilterMethod:1          ; Median3x3 postfilering method]]
[2025.12.21-13.21.11:934][  0]LogConfig: Setting CVar [[r.DOF.Gather.EnableBokehSettings:0       ; no bokeh simulation when gathering]]
[2025.12.21-13.21.11:934][  0]LogConfig: Setting CVar [[r.DOF.Gather.RingCount:4                 ; medium number of samples when gathering]]
[2025.12.21-13.21.11:934][  0]LogConfig: Setting CVar [[r.DOF.Scatter.ForegroundCompositing:1    ; additive foreground scattering]]
[2025.12.21-13.21.11:934][  0]LogConfig: Setting CVar [[r.DOF.Scatter.BackgroundCompositing:2    ; additive background scattering]]
[2025.12.21-13.21.11:934][  0]LogConfig: Setting CVar [[r.DOF.Scatter.EnableBokehSettings:1      ; bokeh simulation when scattering]]
[2025.12.21-13.21.11:934][  0]LogConfig: Setting CVar [[r.DOF.Scatter.MaxSpriteRatio:0.1         ; only a maximum of 10% of scattered bokeh]]
[2025.12.21-13.21.11:934][  0]LogConfig: Setting CVar [[r.DOF.Recombine.Quality:1                ; cheap slight out of focus]]
[2025.12.21-13.21.11:934][  0]LogConfig: Setting CVar [[r.DOF.Recombine.EnableBokehSettings:0    ; no bokeh simulation on slight out of focus]]
[2025.12.21-13.21.11:934][  0]LogConfig: Setting CVar [[r.DOF.TemporalAAQuality:1                ; more stable temporal accumulation]]
[2025.12.21-13.21.11:934][  0]LogConfig: Setting CVar [[r.DOF.Kernel.MaxForegroundRadius:0.025]]
[2025.12.21-13.21.11:934][  0]LogConfig: Setting CVar [[r.DOF.Kernel.MaxBackgroundRadius:0.025]]
[2025.12.21-13.21.11:934][  0]LogConfig: Applying CVar settings from Section [TextureQuality@3] File [D:/WORKPLACE/Mini_laboratory/MEPhI_VR_term_1/Mini_laboratory/Saved/Config/Windows/Scalability.ini]
[2025.12.21-13.21.11:934][  0]LogConfig: Setting CVar [[r.Streaming.MipBias:0]]
[2025.12.21-13.21.11:934][  0]LogConfig: Setting CVar [[r.Streaming.AmortizeCPUToGPUCopy:0]]
[2025.12.21-13.21.11:934][  0]LogConfig: Setting CVar [[r.Streaming.MaxNumTexturesToStreamPerFrame:0]]
[2025.12.21-13.21.11:934][  0]LogConfig: Setting CVar [[r.Streaming.Boost:1]]
[2025.12.21-13.21.11:934][  0]LogConfig: Setting CVar [[r.MaxAnisotropy:8]]
[2025.12.21-13.21.11:934][  0]LogConfig: Setting CVar [[r.VT.MaxAnisotropy:8]]
[2025.12.21-13.21.11:934][  0]LogConfig: Setting CVar [[r.Streaming.LimitPoolSizeToVRAM:0]]
[2025.12.21-13.21.11:934][  0]LogConfig: Setting CVar [[r.Streaming.PoolSize:1000]]
[2025.12.21-13.21.11:934][  0]LogConfig: Setting CVar [[r.Streaming.MaxEffectiveScreenSize:0]]
[2025.12.21-13.21.11:934][  0]LogConfig: Applying CVar settings from Section [EffectsQuality@3] File [D:/WORKPLACE/Mini_laboratory/MEPhI_VR_term_1/Mini_laboratory/Saved/Config/Windows/Scalability.ini]
[2025.12.21-13.21.11:934][  0]LogConfig: Setting CVar [[r.TranslucencyLightingVolumeDim:64]]
[2025.12.21-13.21.11:934][  0]LogConfig: Setting CVar [[r.RefractionQuality:2]]
[2025.12.21-13.21.11:934][  0]LogConfig: Setting CVar [[r.SSR.Quality:3]]
[2025.12.21-13.21.11:934][  0]LogConfig: Setting CVar [[r.SSR.HalfResSceneColor:0]]
[2025.12.21-13.21.11:934][  0]LogConfig: Setting CVar [[r.SceneColorFormat:4]]
[2025.12.21-13.21.11:934][  0]LogConfig: Setting CVar [[r.DetailMode:2]]
[2025.12.21-13.21.11:934][  0]LogConfig: Setting CVar [[r.TranslucencyVolumeBlur:1]]
[2025.12.21-13.21.11:934][  0]LogConfig: Setting CVar [[r.MaterialQualityLevel:1 ; High quality]]
[2025.12.21-13.21.11:934][  0]LogConfig: Setting CVar [[r.AnisotropicMaterials:1]]
[2025.12.21-13.21.11:934][  0]LogConfig: Setting CVar [[r.SSS.Scale:1]]
[2025.12.21-13.21.11:934][  0]LogConfig: Setting CVar [[r.SSS.SampleSet:2]]
[2025.12.21-13.21.11:934][  0]LogConfig: Setting CVar [[r.SSS.Quality:1]]
[2025.12.21-13.21.11:934][  0]LogConfig: Setting CVar [[r.SSS.HalfRes:0]]
[2025.12.21-13.21.11:934][  0]LogConfig: Setting CVar [[r.SSGI.Quality:3]]
[2025.12.21-13.21.11:934][  0]LogConfig: Setting CVar [[r.EmitterSpawnRateScale:1.0]]
[2025.12.21-13.21.11:934][  0]LogConfig: Setting CVar [[r.ParticleLightQuality:2]]
[2025.12.21-13.21.11:934][  0]LogConfig: Setting CVar [[r.SkyAtmosphere.AerialPerspectiveLUT.FastApplyOnOpaque:1 ; Always have FastSkyLUT 1 in this case to avoid wrong sky]]
[2025.12.21-13.21.11:934][  0]LogConfig: Setting CVar [[r.SkyAtmosphere.AerialPerspectiveLUT.SampleCountMaxPerSlice:4]]
[2025.12.21-13.21.11:934][  0]LogConfig: Setting CVar [[r.SkyAtmosphere.AerialPerspectiveLUT.DepthResolution:16.0]]
[2025.12.21-13.21.11:934][  0]LogConfig: Setting CVar [[r.SkyAtmosphere.FastSkyLUT:1]]
[2025.12.21-13.21.11:934][  0]LogConfig: Setting CVar [[r.SkyAtmosphere.FastSkyLUT.SampleCountMin:4.0]]
[2025.12.21-13.21.11:934][  0]LogConfig: Setting CVar [[r.SkyAtmosphere.FastSkyLUT.SampleCountMax:128.0]]
[2025.12.21-13.21.11:934][  0]LogConfig: Setting CVar [[r.SkyAtmosphere.SampleCountMin:4.0]]
[2025.12.21-13.21.11:934][  0]LogConfig: Setting CVar [[r.SkyAtmosphere.SampleCountMax:128.0]]
[2025.12.21-13.21.11:934][  0]LogConfig: Setting CVar [[r.SkyAtmosphere.TransmittanceLUT.UseSmallFormat:0]]
[2025.12.21-13.21.11:934][  0]LogConfig: Setting CVar [[r.SkyAtmosphere.TransmittanceLUT.SampleCount:10.0]]
[2025.12.21-13.21.11:934][  0]LogConfig: Setting CVar [[r.SkyAtmosphere.MultiScatteringLUT.SampleCount:15.0]]
[2025.12.21-13.21.11:935][  0]LogConfig: Setting CVar [[r.SkyLight.RealTimeReflectionCapture:1]]
[2025.12.21-13.21.11:935][  0]LogConfig: Applying CVar settings from Section [FoliageQuality@3] File [D:/WORKPLACE/Mini_laboratory/MEPhI_VR_term_1/Mini_laboratory/Saved/Config/Windows/Scalability.ini]
[2025.12.21-13.21.11:935][  0]LogConfig: Setting CVar [[foliage.DensityScale:1.0]]
[2025.12.21-13.21.11:935][  0]LogConfig: Setting CVar [[grass.DensityScale:1.0]]
[2025.12.21-13.21.11:935][  0]LogConfig: Applying CVar settings from Section [ShadingQuality@3] File [D:/WORKPLACE/Mini_laboratory/MEPhI_VR_term_1/Mini_laboratory/Saved/Config/Windows/Scalability.ini]
[2025.12.21-13.21.11:935][  0]LogConfig: Setting CVar [[r.HairStrands.SkyLighting.IntegrationType:2]]
[2025.12.21-13.21.11:935][  0]LogConfig: Setting CVar [[r.HairStrands.SkyAO.SampleCount:4]]
[2025.12.21-13.21.11:935][  0]LogConfig: Setting CVar [[r.HairStrands.Visibility.MSAA.SamplePerPixel:4]]
[2025.12.21-13.21.11:935][  0]LogConfig: Applying CVar settings from Section [Startup] File [../../../Engine/Config/ConsoleVariables.ini]
[2025.12.21-13.21.11:937][  0]LogConfig: Setting CVar [[net.UseAdaptiveNetUpdateFrequency:0]]
[2025.12.21-13.21.11:937][  0]LogConfig: Setting CVar [[p.chaos.AllowCreatePhysxBodies:1]]
[2025.12.21-13.21.11:937][  0]LogConfig: Setting CVar [[fx.SkipVectorVMBackendOptimizations:1]]
[2025.12.21-13.21.11:937][  0]LogConfig: Applying CVar settings from Section [ConsoleVariables] File [D:/WORKPLACE/Mini_laboratory/MEPhI_VR_term_1/Mini_laboratory/Saved/Config/Windows/Engine.ini]
[2025.12.21-13.21.11:937][  0]LogConfig: Applying CVar settings from Section [ConsoleVariables] File [D:/WORKPLACE/Mini_laboratory/MEPhI_VR_term_1/Mini_laboratory/Saved/Config/Windows/Editor.ini]
[2025.12.21-13.21.11:937][  0]LogInit: Computer: LAPTOP-RE3L13LG
[2025.12.21-13.21.11:937][  0]LogInit: User: Vladislav
[2025.12.21-13.21.11:937][  0]LogInit: CPU Page size=4096, Cores=4
[2025.12.21-13.21.11:937][  0]LogInit: High frequency timer resolution =10.000000 MHz
[2025.12.21-13.21.11:937][  0]LogMemory: Memory total: Physical=7.9GB (8GB approx)
[2025.12.21-13.21.11:937][  0]LogMemory: Platform Memory Stats for Windows
[2025.12.21-13.21.11:937][  0]LogMemory: Process Physical Memory: 143.39 MB used, 143.39 MB peak
[2025.12.21-13.21.11:937][  0]LogMemory: Process Virtual Memory: 128.41 MB used, 128.41 MB peak
[2025.12.21-13.21.11:937][  0]LogMemory: Physical Memory: 5340.04 MB used,  2719.75 MB free, 8059.80 MB total
[2025.12.21-13.21.11:937][  0]LogMemory: Virtual Memory: 134211360.00 MB used,  6365.56 MB free, 134217728.00 MB total
[2025.12.21-13.21.11:944][  0]LogWindows: WindowsPlatformFeatures enabled
[2025.12.21-13.21.12:022][  0]LogInit: Physics initialised using underlying interface: PhysX
[2025.12.21-13.21.12:027][  0]LogInit: Using OS detected language (ru-RU).
[2025.12.21-13.21.12:027][  0]LogInit: Using OS detected locale (ru-RU).
[2025.12.21-13.21.12:030][  0]LogTextLocalizationManager: No specific localization for 'ru-RU' exists, so the 'ru' localization will be used.
[2025.12.21-13.21.12:030][  0]LogTextLocalizationResource: LocRes '../../../Engine/Content/Localization/Editor/ru/Editor.locres' could not be opened for reading!
[2025.12.21-13.21.12:030][  0]LogTextLocalizationResource: LocRes '../../../Engine/Content/Localization/EditorTutorials/ru/EditorTutorials.locres' could not be opened for reading!
[2025.12.21-13.21.12:030][  0]LogTextLocalizationResource: LocRes '../../../Engine/Content/Localization/Keywords/ru/Keywords.locres' could not be opened for reading!
[2025.12.21-13.21.12:030][  0]LogTextLocalizationResource: LocRes '../../../Engine/Content/Localization/Category/ru/Category.locres' could not be opened for reading!
[2025.12.21-13.21.12:031][  0]LogTextLocalizationResource: LocRes '../../../Engine/Content/Localization/ToolTips/ru/ToolTips.locres' could not be opened for reading!
[2025.12.21-13.21.12:031][  0]LogTextLocalizationResource: LocRes '../../../Engine/Content/Localization/PropertyNames/ru/PropertyNames.locres' could not be opened for reading!
[2025.12.21-13.21.12:031][  0]LogTextLocalizationResource: LocRes '../../../Engine/Content/Localization/Engine/ru/Engine.locres' could not be opened for reading!
[2025.12.21-13.21.12:033][  0]LogInit: Setting process to per monitor DPI aware
[2025.12.21-13.21.12:050][  0]LogWindowsTextInputMethodSystem: Display: IME system deactivated.
[2025.12.21-13.21.12:077][  0]LogSlate: New Slate User Created.  User Index 0, Is Virtual User: 0
[2025.12.21-13.21.12:077][  0]LogSlate: Slate User Registered.  User Index 0, Is Virtual User: 0
[2025.12.21-13.21.12:477][  0]LogD3D11RHI: Loaded GFSDK_Aftermath_Lib.x64.dll
[2025.12.21-13.21.12:497][  0]LogHMD: Failed to initialize OpenVR with code 110
[2025.12.21-13.21.12:497][  0]LogD3D11RHI: D3D11 min allowed feature level: 11_0
[2025.12.21-13.21.12:497][  0]LogD3D11RHI: D3D11 max allowed feature level: 11_0
[2025.12.21-13.21.12:497][  0]LogD3D11RHI: D3D11 adapters:
[2025.12.21-13.21.13:360][  0]LogD3D11RHI:    0. 'NVIDIA GeForce GTX 1650 Ti' (Feature Level 11_0)
[2025.12.21-13.21.13:360][  0]LogD3D11RHI:       3935/0/4029 MB DedicatedVideo/DedicatedSystem/SharedSystem, Outputs:1, VendorId:0x10de
[2025.12.21-13.21.13:414][  0]LogD3D11RHI:    1. 'Intel(R) UHD Graphics' (Feature Level 11_0)
[2025.12.21-13.21.13:414][  0]LogD3D11RHI:       128/0/4029 MB DedicatedVideo/DedicatedSystem/SharedSystem, Outputs:0, VendorId:0x8086
[2025.12.21-13.21.13:419][  0]LogD3D11RHI:    2. 'Microsoft Basic Render Driver' (Feature Level 11_0)
[2025.12.21-13.21.13:419][  0]LogD3D11RHI:       0/0/4029 MB DedicatedVideo/DedicatedSystem/SharedSystem, Outputs:0, VendorId:0x1414
[2025.12.21-13.21.13:419][  0]LogD3D11RHI: Chosen D3D11 Adapter:
[2025.12.21-13.21.13:419][  0]LogD3D11RHI:     Description : NVIDIA GeForce GTX 1650 Ti
[2025.12.21-13.21.13:419][  0]LogD3D11RHI:     VendorId    : 10de
[2025.12.21-13.21.13:419][  0]LogD3D11RHI:     DeviceId    : 1f95
[2025.12.21-13.21.13:419][  0]LogD3D11RHI:     SubSysId    : 3fa317aa
[2025.12.21-13.21.13:419][  0]LogD3D11RHI:     Revision    : 00a1
[2025.12.21-13.21.13:419][  0]LogD3D11RHI:     DedicatedVideoMemory : 4126146560 bytes
[2025.12.21-13.21.13:419][  0]LogD3D11RHI:     DedicatedSystemMemory : 0 bytes
[2025.12.21-13.21.13:419][  0]LogD3D11RHI:     SharedSystemMemory : 4225654784 bytes
[2025.12.21-13.21.13:419][  0]LogD3D11RHI:     AdapterLuid : 0 69445
[2025.12.21-13.21.13:425][  0]LogD3D11RHI: Creating new Direct3DDevice
[2025.12.21-13.21.13:425][  0]LogD3D11RHI:     GPU DeviceId: 0x1f95 (for the marketing name, search the web for "GPU Device Id")
[2025.12.21-13.21.13:425][  0]LogWindows: EnumDisplayDevices:
[2025.12.21-13.21.13:425][  0]LogWindows:    0. 'Intel(R) UHD Graphics' (P:1 D:1)
[2025.12.21-13.21.13:426][  0]LogWindows:    1. 'Intel(R) UHD Graphics' (P:0 D:0)
[2025.12.21-13.21.13:426][  0]LogWindows:    2. 'Intel(R) UHD Graphics' (P:0 D:0)
[2025.12.21-13.21.13:426][  0]LogWindows:    3. 'NVIDIA GeForce GTX 1650 Ti' (P:0 D:0)
[2025.12.21-13.21.13:426][  0]LogWindows: DebugString: PrimaryIsNotTheChoosenAdapter PrimaryIsNotTheChoosenAdapter PrimaryIsNotTheChoosenAdapter 
[2025.12.21-13.21.13:426][  0]LogD3D11RHI:     Adapter Name: NVIDIA GeForce GTX 1650 Ti
[2025.12.21-13.21.13:426][  0]LogD3D11RHI:   Driver Version: 560.76 (internal:32.0.15.6076, unified:560.76)
[2025.12.21-13.21.13:426][  0]LogD3D11RHI:      Driver Date: 7-23-2024
[2025.12.21-13.21.13:426][  0]LogRHI: Texture pool is 2754 MB (70% of 3935 MB)
[2025.12.21-13.21.13:427][  0]LogD3D11RHI: Creating D3DDevice using adapter:
[2025.12.21-13.21.13:427][  0]LogD3D11RHI:     Description : NVIDIA GeForce GTX 1650 Ti
[2025.12.21-13.21.13:427][  0]LogD3D11RHI:     VendorId    : 10de
[2025.12.21-13.21.13:427][  0]LogD3D11RHI:     DeviceId    : 1f95
[2025.12.21-13.21.13:427][  0]LogD3D11RHI:     SubSysId    : 3fa317aa
[2025.12.21-13.21.13:427][  0]LogD3D11RHI:     Revision    : 00a1
[2025.12.21-13.21.13:427][  0]LogD3D11RHI:     DedicatedVideoMemory : 4126146560 bytes
[2025.12.21-13.21.13:427][  0]LogD3D11RHI:     DedicatedSystemMemory : 0 bytes
[2025.12.21-13.21.13:427][  0]LogD3D11RHI:     SharedSystemMemory : 4225654784 bytes
[2025.12.21-13.21.13:427][  0]LogD3D11RHI:     AdapterLuid : 0 69445
[2025.12.21-13.21.13:548][  0]LogD3D11RHI: RHI has support for 64 bit atomics
[2025.12.21-13.21.13:549][  0]LogD3D11RHI: Async texture creation enabled
[2025.12.21-13.21.13:549][  0]LogD3D11RHI: Array index from any shader is supported
[2025.12.21-13.21.13:564][  0]LogD3D11RHI: GPU Timing Frequency: 1000.000000 (Debug: 2 1)
[2025.12.21-13.21.13:648][  0]LogRHI: GeForceNow SDK initialized: 1
[2025.12.21-13.21.16:184][  0]LogTargetPlatformManager: Display: Loaded TargetPlatform 'AllDesktop'
[2025.12.21-13.21.16:209][  0]LogTargetPlatformManager: Display: Loaded TargetPlatform 'Android'
[2025.12.21-13.21.16:209][  0]LogTargetPlatformManager: Display: Loaded TargetPlatform 'Android_ASTC'
[2025.12.21-13.21.16:209][  0]LogTargetPlatformManager: Display: Loaded TargetPlatform 'Android_DXT'
[2025.12.21-13.21.16:209][  0]LogTargetPlatformManager: Display: Loaded TargetPlatform 'Android_ETC2'
[2025.12.21-13.21.16:209][  0]LogTargetPlatformManager: Display: Loaded TargetPlatform 'AndroidClient'
[2025.12.21-13.21.16:209][  0]LogTargetPlatformManager: Display: Loaded TargetPlatform 'Android_ASTCClient'
[2025.12.21-13.21.16:209][  0]LogTargetPlatformManager: Display: Loaded TargetPlatform 'Android_DXTClient'
[2025.12.21-13.21.16:209][  0]LogTargetPlatformManager: Display: Loaded TargetPlatform 'Android_ETC2Client'
[2025.12.21-13.21.16:209][  0]LogTargetPlatformManager: Display: Loaded TargetPlatform 'Android_Multi'
[2025.12.21-13.21.16:209][  0]LogTargetPlatformManager: Display: Loaded TargetPlatform 'Android_MultiClient'
[2025.12.21-13.21.16:233][  0]LogTargetPlatformManager: Display: Loaded TargetPlatform 'IOSClient'
[2025.12.21-13.21.16:234][  0]LogTargetPlatformManager: Display: Loaded TargetPlatform 'IOS'
[2025.12.21-13.21.16:246][  0]LogTargetPlatformManager: Display: Loaded TargetPlatform 'Linux'
[2025.12.21-13.21.16:252][  0]LogTargetPlatformManager: Display: Loaded TargetPlatform 'LinuxNoEditor'
[2025.12.21-13.21.16:259][  0]LogTargetPlatformManager: Display: Loaded TargetPlatform 'LinuxClient'
[2025.12.21-13.21.16:265][  0]LogTargetPlatformManager: Display: Loaded TargetPlatform 'LinuxServer'
[2025.12.21-13.21.16:277][  0]LogTargetPlatformManager: Display: Loaded TargetPlatform 'LinuxAArch64NoEditor'
[2025.12.21-13.21.16:283][  0]LogTargetPlatformManager: Display: Loaded TargetPlatform 'LinuxAArch64Client'
[2025.12.21-13.21.16:289][  0]LogTargetPlatformManager: Display: Loaded TargetPlatform 'LinuxAArch64Server'
[2025.12.21-13.21.16:316][  0]LogTargetPlatformManager: Display: Loaded TargetPlatform 'Lumin'
[2025.12.21-13.21.16:316][  0]LogTargetPlatformManager: Display: Loaded TargetPlatform 'LuminClient'
[2025.12.21-13.21.16:327][  0]LogTargetPlatformManager: Display: Loaded TargetPlatform 'MacNoEditor'
[2025.12.21-13.21.16:332][  0]LogTargetPlatformManager: Display: Loaded TargetPlatform 'Mac'
[2025.12.21-13.21.16:337][  0]LogTargetPlatformManager: Display: Loaded TargetPlatform 'MacClient'
[2025.12.21-13.21.16:341][  0]LogTargetPlatformManager: Display: Loaded TargetPlatform 'MacServer'
[2025.12.21-13.21.16:353][  0]LogTargetPlatformManager: Display: Loaded TargetPlatform 'TVOSClient'
[2025.12.21-13.21.16:353][  0]LogTargetPlatformManager: Display: Loaded TargetPlatform 'TVOS'
[2025.12.21-13.21.16:364][  0]LogTargetPlatformManager: Display: Loaded TargetPlatform 'WindowsNoEditor'
[2025.12.21-13.21.16:371][  0]LogTargetPlatformManager: Display: Loaded TargetPlatform 'Windows'
[2025.12.21-13.21.16:377][  0]LogTargetPlatformManager: Display: Loaded TargetPlatform 'WindowsClient'
[2025.12.21-13.21.16:384][  0]LogTargetPlatformManager: Display: Loaded TargetPlatform 'WindowsServer'
[2025.12.21-13.21.16:384][  0]LogTargetPlatformManager: Display: Building Assets For Windows
[2025.12.21-13.21.16:397][  0]LogAudioDebug: Display: Lib vorbis DLL was dynamically loaded.
[2025.12.21-13.21.16:450][  0]LogTextureFormatOodle: Display: Oodle Texture 2.9.0 init RDO Off
[2025.12.21-13.21.16:506][  0]LogRendererCore: Ray tracing is disabled. Reason: r.RayTracing=0.
[2025.12.21-13.21.16:506][  0]LogShaderCompilers: Guid format shader working directory is -26 characters bigger than the processId version (../../../../../../WORKPLACE/Mini_laboratory/MEPhI_VR_term_1/Mini_laboratory/Intermediate/Shaders/WorkingDirectory/16260/).
[2025.12.21-13.21.16:506][  0]LogShaderCompilers: Cleaned the shader compiler working directory 'C:/Users/Владислав/AppData/Local/Temp/UnrealShaderWorkingDir/E216C16B4AC636ADFB9FF5AF32717345/'.
[2025.12.21-13.21.16:506][  0]LogXGEController: Cannot use XGE Controller as Incredibuild is not installed on this machine.
[2025.12.21-13.21.16:506][  0]LogShaderCompilers: Cannot use XGE Shader Compiler as Incredibuild is not installed on this machine.
[2025.12.21-13.21.16:506][  0]LogShaderCompilers: Display: Using Local Shader Compiler.
[2025.12.21-13.21.17:613][  0]LogDerivedDataCache: Display: Max Cache Size: 512 MB
[2025.12.21-13.21.17:747][  0]LogDerivedDataCache: Loaded boot cache 0.13s 94MB C:/Users/Владислав/AppData/Local/UnrealEngine/4.27/DerivedDataCache/Boot.ddc.
[2025.12.21-13.21.17:747][  0]LogDerivedDataCache: Display: Loaded Boot cache: C:/Users/Владислав/AppData/Local/UnrealEngine/4.27/DerivedDataCache/Boot.ddc
[2025.12.21-13.21.17:747][  0]LogDerivedDataCache: FDerivedDataBackendGraph:  Pak pak cache file ../../../../../../WORKPLACE/Mini_laboratory/MEPhI_VR_term_1/Mini_laboratory/DerivedDataCache/DDC.ddp not found, will not use a pak cache.
[2025.12.21-13.21.17:747][  0]LogDerivedDataCache: Unable to find inner node Pak for hierarchical cache Hierarchy.
[2025.12.21-13.21.17:748][  0]LogDerivedDataCache: FDerivedDataBackendGraph:  CompressedPak pak cache file ../../../../../../WORKPLACE/Mini_laboratory/MEPhI_VR_term_1/Mini_laboratory/DerivedDataCache/Compressed.ddp not found, will not use a pak cache.
[2025.12.21-13.21.17:748][  0]LogDerivedDataCache: Unable to find inner node CompressedPak for hierarchical cache Hierarchy.
[2025.12.21-13.21.17:766][  0]LogDerivedDataCache: Display: Pak cache opened for reading ../../../Engine/DerivedDataCache/Compressed.ddp.
[2025.12.21-13.21.17:766][  0]LogDerivedDataCache: FDerivedDataBackendGraph:  EnterprisePak pak cache file ../../../Enterprise/DerivedDataCache/Compressed.ddp not found, will not use a pak cache.
[2025.12.21-13.21.17:767][  0]LogDerivedDataCache: Unable to find inner node EnterprisePak for hierarchical cache Hierarchy.
[2025.12.21-13.21.17:788][  0]LogDerivedDataCache: Speed tests for C:/Users/Владислав/AppData/Local/UnrealEngine/Common/DerivedDataCache took 0.02 seconds
[2025.12.21-13.21.17:789][  0]LogDerivedDataCache: Display: Performance to C:/Users/Владислав/AppData/Local/UnrealEngine/Common/DerivedDataCache: Latency=0.03ms. RandomReadSpeed=90.78MBs, RandomWriteSpeed=83.91MBs. Assigned SpeedClass 'Local'
[2025.12.21-13.21.17:789][  0]LogDerivedDataCache: Using Local data cache path C:/Users/Владислав/AppData/Local/UnrealEngine/Common/DerivedDataCache: Writable
[2025.12.21-13.21.17:789][  0]LogDerivedDataCache: Shared data cache path not found in *engine.ini, will not use an Shared cache.
[2025.12.21-13.21.17:790][  0]LogDerivedDataCache: Unable to find inner node Shared for hierarchical cache Hierarchy.
[2025.12.21-13.21.17:851][  0]LogSlate: Using FreeType 2.10.0
[2025.12.21-13.21.17:853][  0]LogSlate: SlateFontServices - WITH_FREETYPE: 1, WITH_HARFBUZZ: 1
[2025.12.21-13.21.17:897][  0]LogAssetRegistry: FAssetRegistry took 0.0030 seconds to start up
[2025.12.21-13.21.18:200][  0]LogInit: Selected Device Profile: [Windows]
[2025.12.21-13.21.18:200][  0]LogInit: Active device profile: [0000017979A01100][0000017977CE8B80 49] Windows
[2025.12.21-13.21.18:200][  0]LogInit: Profiles: [0000017979A01100][0000017977CE8B80 49] Windows, [00000179799BAC00][0000017977CECCC0 49] WindowsNoEditor, [0000017979A02200][0000017976220E40 49] WindowsServer, [00000179799B9E00][0000017976224FC0 49] WindowsClient, [0000017979A01700][0000017976229140 49] IOS, [00000179799BAE00][000001797622D2C0 49] iPadAir, [0000017979A03C00][0000017976231440 49] iPadAir2, [000001797996D400][0000017978859700 49] IPadPro, [000001797996D500][0000017978855740 49] iPadAir3, [00000179799BBF00][000001797885D8C0 49] iPadAir4, [000001797996E300][0000017978861A40 49] iPadMini2, [00000179799BB600][0000017978865BC0 49] iPadMini3, [000001797996EF00][00000179788681C0 49] iPadMini4, [00000179799BA300][000001797886C340 49] iPadMini5, [0000017979985000][0000017978874600 49] iPhone6, [0000017979985100][0000017978870640 49] iPodTouch6, [0000017979A03900][000001797887C900 49] iPhone7, [0000017979A02900][0000017978878940 49] iPodTouch7, [000001797996D000][0000017978880AC0 49] iPhone5S, [0000017979A02F00][000001797621CC00 49] iPhone6Plus, [000001797996F600][0000017978884D40 49] iPhone6S, [0000017979A00C00][0000017978888E80 49] iPhone6SPlus, [0000017979A01D00][000001797888CFC0 49] iPhone7Plus, [0000017979984800][0000017978895140 49] iPhoneSE, [0000017979A00400][00000179788992C0 49] iPhone8, [0000017979984900][000001797889D440 49] iPhone8Plus, [0000017979986E00][00000179788A15C0 49] iPhoneX, [000001797996DD00][00000179788A5740 49] iPhoneXS, [0000017979986700][00000179788A98C0 49] iPhoneXSMax, [000001797996DC00][00000179788ADA40 49] iPhoneXR, [0000017979986800][00000179788B1BC0 49] iPhone11, [000001797996CF00][00000179788B41C0 49] iPhone11Pro, [0000017979984B00][00000179788B8340 49] iPhone11ProMax, [000001797996CD00][00000179788BC4C0 49] iPhoneSE2, [0000017979984E00][00000179788C0640 49] iPhone12Mini, [0000017979A03800][00000179788C47C0 49] iPhone12, [0000017979987000][00000179788C8940 49] iPhone12Pro, [0000017979A03700][00000179788CCAC0 49] iPhone12ProMax, [0000017979985E00][00000179788D0C40 49] iPadPro105, [0000017979A01300][0000017978890D80 49] iPadPro129, [0000017979987E00][00000179788D4EC0 49] iPadPro97, [0000017979A01C00][00000179788D9000 49] iPadPro2_129, [0000017979986000][00000179788DD140 49] iPad5, [0000017979A02300][00000179788E52C0 49] iPad6, [0000017979987B00][00000179788E9440 49] iPad7, [0000017979A01E00][00000179788ED5C0 49] iPad8, [0000017979984A00][00000179788F1740 49] iPadPro11, [0000017979A02600][00000179788F58C0 49] iPadPro2_11, [0000017979984F00][00000179788F9A40 49] iPadPro3_129, [0000017979A02800][00000179788FDBC0 49] iPadPro4_129, [0000017979987C00][00000179789001C0 49] AppleTV, [0000017979A01A00][0000017978904340 49] AppleTV4K, [0000017979986600][00000179789084C0 49] TVOS, [0000017979A02100][000001797890C640 49] Mac, [0000017979986F00][00000179789107C0 49] MacClient, [0000017979A02A00][0000017978914940 49] MacNoEditor, [0000017979986C00][0000017978918AC0 49] MacServer, [0000017979A03000][000001797891CC40 49] Linux, [0000017979984400][0000017978110DC0 49] LinuxAArch64, [0000017979A00700][0000017978114F40 49] LinuxNoEditor, [0000017979987700][00000179788E1080 49] LinuxAArch64NoEditor, [0000017979A03B00][00000179781191C0 49] LinuxClient, [0000017979987400][000001797811D300 49] LinuxAArch64Client, [0000017979A03E00][0000017978125480 49] LinuxServer, [0000017979984700][0000017978129600 49] LinuxAArch64Server, [0000017979A01F00][000001797812D780 49] Android, [0000017979986A00][0000017978131900 49] Android_Low, [0000017979A02D00][0000017978135A80 49] Android_Mid, [0000017979985F00][0000017978139C00 49] Android_High, [0000017979A02B00][000001797813C200 49] Android_Default, [0000017979984100][0000017978140380 49] Android_Adreno4xx, [0000017979A00500][0000017978144500 49] Android_Adreno5xx_Low, [0000017979985400][0000017978148680 49] Android_Adreno5xx, [0000017979A03400][000001797814C800 49] Android_Adreno6xx, [0000017979986300][0000017978150980 49] Android_Adreno6xx_Vulkan, [0000017979A03D00][0000017978154B00 49] Android_Mali_T6xx, [0000017979984200][0000017978158C80 49] Android_Mali_T7xx, [0000017979A03600][000001797815CE00 49] Android_Mali_T8xx, [0000017979987200][0000017978160F80 49] Android_Mali_G71, [000001797996F100][0000017978165100 49] Android_Mali_G72, [00000179799BB400][0000017978121240 49] Android_Mali_G72_Vulkan, [000001797996EB00][0000017978169380 49] Android_Mali_G76, [00000179799B8500][000001797816D4C0 49] Android_Mali_G76_Vulkan, [000001797996CC00][0000017978175640 49] Android_Mali_G77, [00000179799B8600][00000179781797C0 49] Android_Mali_G77_Vulkan, [000001797996E400][000001797817D940 49] Android_Mali_G78, [00000179799B8D00][0000017978181AC0 49] Android_Mali_G78_Vulkan, [000001797996FD00][00000179781840C0 49] Android_Mali_G710, [00000179799BB000][0000017978188240 49] Android_Mali_G710_Vulkan, [000001797996EA00][000001797818C3C0 49] Android_Vulkan_SM5, [00000179799B9F00][0000017978190540 49] Android_PowerVR_G6xxx, [000001797996C500][00000179781946C0 49] Android_PowerVR_GT7xxx, [00000179799B8200][0000017978198840 49] Android_PowerVR_GE8xxx, [000001797996FB00][000001797819C9C0 49] Android_PowerVR_GM9xxx, [00000179799BA600][00000179781A0B40 49] Android_PowerVR_GM9xxx_Vulkan, [000001797996DF00][00000179781A4CC0 49] Android_TegraK1, [00000179799B8A00][00000179781A8E40 49] Android_Unknown_Vulkan, [000001797996F900][00000179781ACFC0 49] Lumin, [00000179799B9100][00000179781B1140 49] Lumin_Desktop, [000001797996E000][00000179781B52C0 49] HoloLens, 
[2025.12.21-13.21.18:382][  0]LogMeshReduction: Using QuadricMeshReduction for automatic static mesh reduction
[2025.12.21-13.21.18:382][  0]LogMeshReduction: Using SimplygonMeshReduction for automatic skeletal mesh reduction
[2025.12.21-13.21.18:382][  0]LogMeshReduction: Using ProxyLODMeshReduction for automatic mesh merging
[2025.12.21-13.21.18:382][  0]LogMeshReduction: No distributed automatic mesh merging module available
[2025.12.21-13.21.18:382][  0]LogMeshMerging: No distributed automatic mesh merging module available
[2025.12.21-13.21.18:407][  0]LogNetVersion: Mini_laboratory 1.0.0, NetCL: 17155196, EngineNetVer: 17, GameNetVer: 0 (Checksum: 65826005)
[2025.12.21-13.21.19:084][  0]LogTexture: Default maximum texture size for cubemaps generated from long-lat sources has been changed from 512 to unlimited. In order to preserve old behaiour for '/Engine/MapTemplates/Sky/DaylightAmbientCubemap.DaylightAmbientCubemap', its maximum texture size has been explicitly set to 512.
[2025.12.21-13.21.19:169][  0]LogHMD: PokeAHoleMaterial loaded successfully
[2025.12.21-13.21.19:177][  0]LogUObjectArray: 17178 objects as part of root set at end of initial load.
[2025.12.21-13.21.19:177][  0]LogUObjectAllocator: 4302048 out of 0 bytes used by permanent object pool.
[2025.12.21-13.21.19:177][  0]LogUObjectArray: CloseDisregardForGC: 0/0 objects in disregard for GC pool
[2025.12.21-13.21.19:596][  0]LogNiagaraDebuggerClient: Niagara Debugger Client Initialized | Session: B235668246F54AF447B3718EC66A6368 | Instance: 3FA756654E011C524F08818320FF38E2 (LAPTOP-RE3L13LG-16260).
[2025.12.21-13.21.19:785][  0]LogPython: Using Python 3.7.7
[2025.12.21-13.21.20:432][  0]LogTcpMessaging: Initializing TcpMessaging bridge
[2025.12.21-13.21.20:445][  0]LogUdpMessaging: Initializing bridge on interface 0.0.0.0:0 to multicast group 230.0.0.1:6666.
[2025.12.21-13.21.20:659][  0]SourceControl: Source control is disabled
[2025.12.21-13.21.20:659][  0]SourceControl: Source control is disabled
[2025.12.21-13.21.20:665][  0]SourceControl: Source control is disabled
[2025.12.21-13.21.20:670][  0]SourceControl: Source control is disabled
[2025.12.21-13.21.20:685][  0]SourceControl: Source control is disabled
[2025.12.21-13.21.20:695][  0]LogUProjectInfo: Found projects:
[2025.12.21-13.21.21:037][  0]LogOpenImageDenoise: OIDN starting up
[2025.12.21-13.21.21:077][  0]LogAndroidPermission: UAndroidPermissionCallbackProxy::GetInstance
[2025.12.21-13.21.21:098][  0]LogAudioCaptureCore: Display: No Audio Capture implementations found. Audio input will be silent.
[2025.12.21-13.21.21:098][  0]LogAudioCaptureCore: Display: No Audio Capture implementations found. Audio input will be silent.
[2025.12.21-13.21.21:313][  0]LogCollectionManager: Loaded 0 collections in 0.001188 seconds
[2025.12.21-13.21.21:346][  0]LogFileCache: Scanning file cache for directory 'D:/WORKPLACE/Mini_laboratory/MEPhI_VR_term_1/Mini_laboratory/Saved/Collections/' took 0.00s
[2025.12.21-13.21.21:346][  0]LogFileCache: Scanning file cache for directory 'D:/WORKPLACE/Mini_laboratory/MEPhI_VR_term_1/Mini_laboratory/Content/Developers/Vladislav/Collections/' took 0.00s
[2025.12.21-13.21.21:346][  0]LogFileCache: Scanning file cache for directory 'D:/WORKPLACE/Mini_laboratory/MEPhI_VR_term_1/Mini_laboratory/Content/Collections/' took 0.00s
[2025.12.21-13.21.21:346][  0]LogOcInput: OculusInput pre-init called
[2025.12.21-13.21.21:711][  0]LogEngine: Initializing Engine...
[2025.12.21-13.21.21:715][  0]LogHMD: Failed to enumerate extensions. Please check that you have a valid OpenXR runtime installed.
[2025.12.21-13.21.21:715][  0]LogHMD: Failed to initialize OpenVR with code 110
[2025.12.21-13.21.21:715][  0]LogMagicLeap: Warning: VR disabled because ZI is not enabled.  To enable, in the editor, Edit -> Project Settings -> Plugins -> Magic Leap Plugin -> Enable Zero Iteration
[2025.12.21-13.21.21:716][  0]LogStats: UGameplayTagsManager::InitializeManager -  0.000 s
[2025.12.21-13.21.21:890][  0]LogInit: Initializing FReadOnlyCVARCache
[2025.12.21-13.21.21:901][  0]LogAIModule: Creating AISystem for world Untitled
[2025.12.21-13.21.21:909][  0]LogAudio: Display: Initializing Audio Device Manager...
[2025.12.21-13.21.21:915][  0]LogAudio: Display: Loading Default Audio Settings Objects...
[2025.12.21-13.21.21:917][  0]LogAudio: Display: No default SoundConcurrencyObject specified (or failed to load).
[2025.12.21-13.21.21:918][  0]LogAudio: Display: Audio Device Manager Initialized
[2025.12.21-13.21.21:918][  0]LogAudio: Display: Creating Audio Device:                 Id: 1, Scope: Shared, Realtime: True
[2025.12.21-13.21.21:918][  0]LogAudioMixer: Display: Audio Mixer Platform Settings:
[2025.12.21-13.21.21:918][  0]LogAudioMixer: Display: 	Sample Rate:						  48000
[2025.12.21-13.21.21:918][  0]LogAudioMixer: Display: 	Callback Buffer Frame Size Requested: 1024
[2025.12.21-13.21.21:918][  0]LogAudioMixer: Display: 	Callback Buffer Frame Size To Use:	  1024
[2025.12.21-13.21.21:918][  0]LogAudioMixer: Display: 	Number of buffers to queue:			  2
[2025.12.21-13.21.21:918][  0]LogAudioMixer: Display: 	Max Channels (voices):				  32
[2025.12.21-13.21.21:918][  0]LogAudioMixer: Display: 	Number of Async Source Workers:		  0
[2025.12.21-13.21.21:918][  0]LogAudio: Display: AudioDevice MaxSources: 32
[2025.12.21-13.21.21:918][  0]LogAudio: Display: Audio Spatialization Plugin: None (built-in).
[2025.12.21-13.21.21:918][  0]LogAudio: Display: Audio Reverb Plugin: None (built-in).
[2025.12.21-13.21.21:918][  0]LogAudio: Display: Audio Occlusion Plugin: None (built-in).
[2025.12.21-13.21.21:918][  0]LogAudioMixer: Display: Initializing audio mixer.
[2025.12.21-13.21.21:936][  0]LogAudioMixer: Display: 0: FrontLeft
[2025.12.21-13.21.21:936][  0]LogAudioMixer: Display: 1: FrontRight
[2025.12.21-13.21.22:200][  0]LogAudioMixer: Display: Using Audio Device Динамики (Realtek(R) Audio)
[2025.12.21-13.21.22:204][  0]LogAudioMixer: Display: Initializing Sound Submixes...
[2025.12.21-13.21.22:211][  0]LogAudioMixer: Display: Creating Master Submix 'MasterSubmixDefault'
[2025.12.21-13.21.22:212][  0]LogAudioMixer: Display: Creating Master Submix 'MasterReverbSubmixDefault'
[2025.12.21-13.21.22:213][  0]LogAudioMixer: Display: Creating Master Submix 'MasterEQSubmixDefault'
[2025.12.21-13.21.22:213][  0]LogAudioMixer: FMixerPlatformXAudio2::StartAudioStream() called
[2025.12.21-13.21.22:213][  0]LogAudioMixer: Display: Output buffers initialized: Frames=1024, Channels=2, Samples=2048
[2025.12.21-13.21.22:215][  0]LogAudioMixer: Display: Starting AudioMixerPlatformInterface::RunInternal()
[2025.12.21-13.21.22:215][  0]LogAudioMixer: Display: FMixerPlatformXAudio2::SubmitBuffer() called for the first time
[2025.12.21-13.21.22:215][  0]LogInit: FAudioDevice initialized.
[2025.12.21-13.21.22:215][  0]LogAudio: Display: Audio Device (ID: 1) registered with world 'Untitled'.
[2025.12.21-13.21.22:215][  0]LogNetVersion: Set ProjectVersion to 1.0.0.0. Version Checksum will be recalculated on next use.
[2025.12.21-13.21.22:295][  0]LogDerivedDataCache: Saved boot cache 0.08s 94MB C:/Users/Владислав/AppData/Local/UnrealEngine/4.27/DerivedDataCache/Boot.ddc.
[2025.12.21-13.21.22:300][  0]LogInit: Texture streaming: Enabled
[2025.12.21-13.21.22:318][  0]LogAnalytics: Display: [UEEditor.Rocket.Release] APIServer = https://datarouter.ol.epicgames.com/. AppVersion = 4.27.2-18319896+++UE4+Release-4.27
[2025.12.21-13.21.22:322][  0]LogEngineSessionManager: EngineSessionManager initialized
[2025.12.21-13.21.22:322][  0]LogEditorSessionSummary: Verbose: Initializing EditorSessionSummaryWriter for editor session tracking
[2025.12.21-13.21.22:324][  0]LogEditorSessionSummary: EditorSessionSummaryWriter initialized
[2025.12.21-13.21.22:359][  0]LogInit: Transaction tracking system initialized
[2025.12.21-13.21.22:396][  0]BlueprintLog: New page: Editor Load
[2025.12.21-13.21.22:492][  0]LocalizationService: Localization service is disabled
[2025.12.21-13.21.22:532][  0]TimingProfiler: Initialize
[2025.12.21-13.21.22:532][  0]TimingProfiler: OnSessionChanged
[2025.12.21-13.21.22:532][  0]LoadingProfiler: Initialize
[2025.12.21-13.21.22:532][  0]LoadingProfiler: OnSessionChanged
[2025.12.21-13.21.22:532][  0]NetworkingProfiler: Initialize
[2025.12.21-13.21.22:533][  0]NetworkingProfiler: OnSessionChanged
[2025.12.21-13.21.22:533][  0]MemoryProfiler: Initialize
[2025.12.21-13.21.22:533][  0]MemoryProfiler: OnSessionChanged
[2025.12.21-13.21.22:752][  0]LogCook: Display: CookSettings for Memory: MemoryMaxUsedVirtual 0MiB, MemoryMaxUsedPhysical 16384MiB, MemoryMinFreeVirtual 0MiB, MemoryMinFreePhysical 1024MiB
[2025.12.21-13.21.22:752][  0]LogCook: Display: Mobile HDR setting 1
[2025.12.21-13.21.22:849][  0]LogFileCache: Scanning file cache for directory 'D:/WORKPLACE/Mini_laboratory/MEPhI_VR_term_1/Mini_laboratory/Content/' took 0.01s
[2025.12.21-13.21.23:368][  0]LogInit: Display: Engine is initialized. Leaving FEngineLoop::Init()
[2025.12.21-13.21.23:376][  0]SourceControl: Source control is disabled
[2025.12.21-13.21.23:376][  0]LogUnrealEdMisc: Loading editor; pre map load, took 13.079
[2025.12.21-13.21.23:377][  0]Cmd: MAP LOAD FILE="../../../../../../WORKPLACE/Mini_laboratory/MEPhI_VR_term_1/Mini_laboratory/Content/Workplace/Maps/StartMenu.umap" TEMPLATE=0 SHOWPROGRESS=1 FEATURELEVEL=3
[2025.12.21-13.21.23:379][  0]LightingResults: New page: Lighting Build
[2025.12.21-13.21.23:383][  0]LogWorld: UWorld::CleanupWorld for Untitled, bSessionEnded=true, bCleanupResources=true
[2025.12.21-13.21.23:383][  0]LogSlate: InvalidateAllWidgets triggered.  All widgets were invalidated
[2025.12.21-13.21.23:384][  0]MapCheck: New page: Map Check
[2025.12.21-13.21.23:384][  0]LightingResults: New page: Lighting Build
[2025.12.21-13.21.23:394][  0]LogAudio: Display: Audio Device unregistered from world 'None'.
[2025.12.21-13.21.23:400][  0]LogUObjectHash: Compacting FUObjectHashTables data took   2.16ms
[2025.12.21-13.21.23:560][  0]LogAudio: Display: Audio Device (ID: 1) registered with world 'StartMenu'.
[2025.12.21-13.21.23:562][  0]LogAIModule: Creating AISystem for world StartMenu
[2025.12.21-13.21.23:562][  0]LogEditorServer: Finished looking for orphan Actors (0.000 secs)
[2025.12.21-13.21.23:571][  0]LogUObjectHash: Compacting FUObjectHashTables data took   1.03ms
[2025.12.21-13.21.23:571][  0]Cmd: MAP CHECKDEP NOCLEARLOG
[2025.12.21-13.21.23:571][  0]MapCheck: Map check complete: 0 Error(s), 0 Warning(s), took 0,101ms to complete.
[2025.12.21-13.21.23:571][  0]LogFileHelpers: Loading map 'StartMenu' took 0.194
[2025.12.21-13.21.23:573][  0]LogUnrealEdMisc: Total Editor Startup Time, took 13.275
[2025.12.21-13.21.23:705][  0]LogSlate: Updating window title bar state: overlay mode, drag disabled, window buttons hidden, title bar hidden
[2025.12.21-13.21.23:713][  0]LogSlate: Updating window title bar state: overlay mode, drag disabled, window buttons hidden, title bar hidden
[2025.12.21-13.21.23:721][  0]LogSlate: Updating window title bar state: overlay mode, drag disabled, window buttons hidden, title bar hidden
[2025.12.21-13.21.23:728][  0]LogSlate: Updating window title bar state: overlay mode, drag disabled, window buttons hidden, title bar hidden
[2025.12.21-13.21.23:745][  0]LogNativeClassHierarchy: Verbose: Native class hierarchy populated in 0.0101 seconds. Added 3822 classes and 928 folders.
[2025.12.21-13.21.23:751][  0]LogNativeClassHierarchy: Verbose: Native class hierarchy updated for 'WidgetCarousel' in 0.0007 seconds. Added 0 classes and 0 folders.
[2025.12.21-13.21.23:754][  0]LogPakFile: PakFile PrimaryIndexSize=187
[2025.12.21-13.21.23:754][  0]LogPakFile: PakFile PathHashIndexSize=101
[2025.12.21-13.21.23:754][  0]LogPakFile: PakFile FullDirectoryIndexSize=148
[2025.12.21-13.21.23:754][  0]LogShaderLibrary: Display: ShaderCodeLibraryPakFileMountedCallback: PakFile 'D:/Progams on PC/Unreal/UE_4.27/FeaturePacks/FP_FirstPerson.upack' (chunk index -1, root 'root:/') mounted
[2025.12.21-13.21.23:754][  0]LogShaderLibrary: Display: ShaderCodeLibraryPakFileMountedCallback: pending pak file info (ChunkID:-1 Root:root:/ File:D:/Progams on PC/Unreal/UE_4.27/FeaturePacks/FP_FirstPerson.upack)
[2025.12.21-13.21.23:754][  0]LogPakFile: OnPakFileMounted2Time == 0.000060
[2025.12.21-13.21.23:757][  0]LogPakFile: PakFile PrimaryIndexSize=189
[2025.12.21-13.21.23:757][  0]LogPakFile: PakFile PathHashIndexSize=101
[2025.12.21-13.21.23:757][  0]LogPakFile: PakFile FullDirectoryIndexSize=152
[2025.12.21-13.21.23:757][  0]LogShaderLibrary: Display: ShaderCodeLibraryPakFileMountedCallback: PakFile 'D:/Progams on PC/Unreal/UE_4.27/FeaturePacks/FP_FirstPersonBP.upack' (chunk index -1, root 'root:/') mounted
[2025.12.21-13.21.23:757][  0]LogShaderLibrary: Display: ShaderCodeLibraryPakFileMountedCallback: pending pak file info (ChunkID:-1 Root:root:/ File:D:/Progams on PC/Unreal/UE_4.27/FeaturePacks/FP_FirstPersonBP.upack)
[2025.12.21-13.21.23:757][  0]LogPakFile: OnPakFileMounted2Time == 0.000068
[2025.12.21-13.21.23:760][  0]LogPakFile: PakFile PrimaryIndexSize=191
[2025.12.21-13.21.23:760][  0]LogPakFile: PakFile PathHashIndexSize=101
[2025.12.21-13.21.23:760][  0]LogPakFile: PakFile FullDirectoryIndexSize=160
[2025.12.21-13.21.23:760][  0]LogShaderLibrary: Display: ShaderCodeLibraryPakFileMountedCallback: PakFile 'D:/Progams on PC/Unreal/UE_4.27/FeaturePacks/MobileStarterContent.upack' (chunk index -1, root 'root:/') mounted
[2025.12.21-13.21.23:760][  0]LogShaderLibrary: Display: ShaderCodeLibraryPakFileMountedCallback: pending pak file info (ChunkID:-1 Root:root:/ File:D:/Progams on PC/Unreal/UE_4.27/FeaturePacks/MobileStarterContent.upack)
[2025.12.21-13.21.23:760][  0]LogPakFile: OnPakFileMounted2Time == 0.000050
[2025.12.21-13.21.23:762][  0]LogPakFile: PakFile PrimaryIndexSize=185
[2025.12.21-13.21.23:762][  0]LogPakFile: PakFile PathHashIndexSize=101
[2025.12.21-13.21.23:762][  0]LogPakFile: PakFile FullDirectoryIndexSize=148
[2025.12.21-13.21.23:762][  0]LogShaderLibrary: Display: ShaderCodeLibraryPakFileMountedCallback: PakFile 'D:/Progams on PC/Unreal/UE_4.27/FeaturePacks/StarterContent.upack' (chunk index -1, root 'root:/') mounted
[2025.12.21-13.21.23:762][  0]LogShaderLibrary: Display: ShaderCodeLibraryPakFileMountedCallback: pending pak file info (ChunkID:-1 Root:root:/ File:D:/Progams on PC/Unreal/UE_4.27/FeaturePacks/StarterContent.upack)
[2025.12.21-13.21.23:762][  0]LogPakFile: OnPakFileMounted2Time == 0.000058
[2025.12.21-13.21.23:765][  0]LogPakFile: PakFile PrimaryIndexSize=190
[2025.12.21-13.21.23:765][  0]LogPakFile: PakFile PathHashIndexSize=101
[2025.12.21-13.21.23:765][  0]LogPakFile: PakFile FullDirectoryIndexSize=154
[2025.12.21-13.21.23:765][  0]LogShaderLibrary: Display: ShaderCodeLibraryPakFileMountedCallback: PakFile 'D:/Progams on PC/Unreal/UE_4.27/FeaturePacks/TP_2DSideScroller.upack' (chunk index -1, root 'root:/') mounted
[2025.12.21-13.21.23:765][  0]LogShaderLibrary: Display: ShaderCodeLibraryPakFileMountedCallback: pending pak file info (ChunkID:-1 Root:root:/ File:D:/Progams on PC/Unreal/UE_4.27/FeaturePacks/TP_2DSideScroller.upack)
[2025.12.21-13.21.23:765][  0]LogPakFile: OnPakFileMounted2Time == 0.000058
[2025.12.21-13.21.23:767][  0]LogPakFile: PakFile PrimaryIndexSize=192
[2025.12.21-13.21.23:767][  0]LogPakFile: PakFile PathHashIndexSize=101
[2025.12.21-13.21.23:767][  0]LogPakFile: PakFile FullDirectoryIndexSize=158
[2025.12.21-13.21.23:767][  0]LogShaderLibrary: Display: ShaderCodeLibraryPakFileMountedCallback: PakFile 'D:/Progams on PC/Unreal/UE_4.27/FeaturePacks/TP_2DSideScrollerBP.upack' (chunk index -1, root 'root:/') mounted
[2025.12.21-13.21.23:767][  0]LogShaderLibrary: Display: ShaderCodeLibraryPakFileMountedCallback: pending pak file info (ChunkID:-1 Root:root:/ File:D:/Progams on PC/Unreal/UE_4.27/FeaturePacks/TP_2DSideScrollerBP.upack)
[2025.12.21-13.21.23:767][  0]LogPakFile: OnPakFileMounted2Time == 0.000077
[2025.12.21-13.21.23:769][  0]LogPakFile: PakFile PrimaryIndexSize=182
[2025.12.21-13.21.23:769][  0]LogPakFile: PakFile PathHashIndexSize=101
[2025.12.21-13.21.23:769][  0]LogPakFile: PakFile FullDirectoryIndexSize=138
[2025.12.21-13.21.23:769][  0]LogShaderLibrary: Display: ShaderCodeLibraryPakFileMountedCallback: PakFile 'D:/Progams on PC/Unreal/UE_4.27/FeaturePacks/TP_Flying.upack' (chunk index -1, root 'root:/') mounted
[2025.12.21-13.21.23:769][  0]LogShaderLibrary: Display: ShaderCodeLibraryPakFileMountedCallback: pending pak file info (ChunkID:-1 Root:root:/ File:D:/Progams on PC/Unreal/UE_4.27/FeaturePacks/TP_Flying.upack)
[2025.12.21-13.21.23:769][  0]LogPakFile: OnPakFileMounted2Time == 0.000047
[2025.12.21-13.21.23:771][  0]LogPakFile: PakFile PrimaryIndexSize=184
[2025.12.21-13.21.23:771][  0]LogPakFile: PakFile PathHashIndexSize=101
[2025.12.21-13.21.23:771][  0]LogPakFile: PakFile FullDirectoryIndexSize=142
[2025.12.21-13.21.23:771][  0]LogShaderLibrary: Display: ShaderCodeLibraryPakFileMountedCallback: PakFile 'D:/Progams on PC/Unreal/UE_4.27/FeaturePacks/TP_FlyingBP.upack' (chunk index -1, root 'root:/') mounted
[2025.12.21-13.21.23:771][  0]LogShaderLibrary: Display: ShaderCodeLibraryPakFileMountedCallback: pending pak file info (ChunkID:-1 Root:root:/ File:D:/Progams on PC/Unreal/UE_4.27/FeaturePacks/TP_FlyingBP.upack)
[2025.12.21-13.21.23:771][  0]LogPakFile: OnPakFileMounted2Time == 0.000050
[2025.12.21-13.21.23:774][  0]LogPakFile: PakFile PrimaryIndexSize=188
[2025.12.21-13.21.23:774][  0]LogPakFile: PakFile PathHashIndexSize=101
[2025.12.21-13.21.23:774][  0]LogPakFile: PakFile FullDirectoryIndexSize=150
[2025.12.21-13.21.23:774][  0]LogShaderLibrary: Display: ShaderCodeLibraryPakFileMountedCallback: PakFile 'D:/Progams on PC/Unreal/UE_4.27/FeaturePacks/TP_HandheldARBP.upack' (chunk index -1, root 'root:/') mounted
[2025.12.21-13.21.23:774][  0]LogShaderLibrary: Display: ShaderCodeLibraryPakFileMountedCallback: pending pak file info (ChunkID:-1 Root:root:/ File:D:/Progams on PC/Unreal/UE_4.27/FeaturePacks/TP_HandheldARBP.upack)
[2025.12.21-13.21.23:774][  0]LogPakFile: OnPakFileMounted2Time == 0.000049
[2025.12.21-13.21.23:778][  0]LogPakFile: PakFile PrimaryIndexSize=182
[2025.12.21-13.21.23:778][  0]LogPakFile: PakFile PathHashIndexSize=101
[2025.12.21-13.21.23:778][  0]LogPakFile: PakFile FullDirectoryIndexSize=138
[2025.12.21-13.21.23:778][  0]LogShaderLibrary: Display: ShaderCodeLibraryPakFileMountedCallback: PakFile 'D:/Progams on PC/Unreal/UE_4.27/FeaturePacks/TP_Puzzle.upack' (chunk index -1, root 'root:/') mounted
[2025.12.21-13.21.23:778][  0]LogShaderLibrary: Display: ShaderCodeLibraryPakFileMountedCallback: pending pak file info (ChunkID:-1 Root:root:/ File:D:/Progams on PC/Unreal/UE_4.27/FeaturePacks/TP_Puzzle.upack)
[2025.12.21-13.21.23:778][  0]LogPakFile: OnPakFileMounted2Time == 0.000049
[2025.12.21-13.21.23:780][  0]LogPakFile: PakFile PrimaryIndexSize=184
[2025.12.21-13.21.23:780][  0]LogPakFile: PakFile PathHashIndexSize=101
[2025.12.21-13.21.23:780][  0]LogPakFile: PakFile FullDirectoryIndexSize=142
[2025.12.21-13.21.23:780][  0]LogShaderLibrary: Display: ShaderCodeLibraryPakFileMountedCallback: PakFile 'D:/Progams on PC/Unreal/UE_4.27/FeaturePacks/TP_PuzzleBP.upack' (chunk index -1, root 'root:/') mounted
[2025.12.21-13.21.23:780][  0]LogShaderLibrary: Display: ShaderCodeLibraryPakFileMountedCallback: pending pak file info (ChunkID:-1 Root:root:/ File:D:/Progams on PC/Unreal/UE_4.27/FeaturePacks/TP_PuzzleBP.upack)
[2025.12.21-13.21.23:780][  0]LogPakFile: OnPakFileMounted2Time == 0.000055
[2025.12.21-13.21.23:782][  0]LogPakFile: PakFile PrimaryIndexSize=183
[2025.12.21-13.21.23:782][  0]LogPakFile: PakFile PathHashIndexSize=101
[2025.12.21-13.21.23:782][  0]LogPakFile: PakFile FullDirectoryIndexSize=140
[2025.12.21-13.21.23:782][  0]LogShaderLibrary: Display: ShaderCodeLibraryPakFileMountedCallback: PakFile 'D:/Progams on PC/Unreal/UE_4.27/FeaturePacks/TP_Rolling.upack' (chunk index -1, root 'root:/') mounted
[2025.12.21-13.21.23:782][  0]LogShaderLibrary: Display: ShaderCodeLibraryPakFileMountedCallback: pending pak file info (ChunkID:-1 Root:root:/ File:D:/Progams on PC/Unreal/UE_4.27/FeaturePacks/TP_Rolling.upack)
[2025.12.21-13.21.23:782][  0]LogPakFile: OnPakFileMounted2Time == 0.000050
[2025.12.21-13.21.23:785][  0]LogPakFile: PakFile PrimaryIndexSize=185
[2025.12.21-13.21.23:785][  0]LogPakFile: PakFile PathHashIndexSize=101
[2025.12.21-13.21.23:785][  0]LogPakFile: PakFile FullDirectoryIndexSize=144
[2025.12.21-13.21.23:785][  0]LogShaderLibrary: Display: ShaderCodeLibraryPakFileMountedCallback: PakFile 'D:/Progams on PC/Unreal/UE_4.27/FeaturePacks/TP_RollingBP.upack' (chunk index -1, root 'root:/') mounted
[2025.12.21-13.21.23:785][  0]LogShaderLibrary: Display: ShaderCodeLibraryPakFileMountedCallback: pending pak file info (ChunkID:-1 Root:root:/ File:D:/Progams on PC/Unreal/UE_4.27/FeaturePacks/TP_RollingBP.upack)
[2025.12.21-13.21.23:785][  0]LogPakFile: OnPakFileMounted2Time == 0.000049
[2025.12.21-13.21.23:786][  0]LogPakFile: PakFile PrimaryIndexSize=188
[2025.12.21-13.21.23:786][  0]LogPakFile: PakFile PathHashIndexSize=101
[2025.12.21-13.21.23:786][  0]LogPakFile: PakFile FullDirectoryIndexSize=150
[2025.12.21-13.21.23:787][  0]LogShaderLibrary: Display: ShaderCodeLibraryPakFileMountedCallback: PakFile 'D:/Progams on PC/Unreal/UE_4.27/FeaturePacks/TP_SideScroller.upack' (chunk index -1, root 'root:/') mounted
[2025.12.21-13.21.23:787][  0]LogShaderLibrary: Display: ShaderCodeLibraryPakFileMountedCallback: pending pak file info (ChunkID:-1 Root:root:/ File:D:/Progams on PC/Unreal/UE_4.27/FeaturePacks/TP_SideScroller.upack)
[2025.12.21-13.21.23:787][  0]LogPakFile: OnPakFileMounted2Time == 0.000050
[2025.12.21-13.21.23:789][  0]LogPakFile: PakFile PrimaryIndexSize=190
[2025.12.21-13.21.23:789][  0]LogPakFile: PakFile PathHashIndexSize=101
[2025.12.21-13.21.23:789][  0]LogPakFile: PakFile FullDirectoryIndexSize=154
[2025.12.21-13.21.23:789][  0]LogShaderLibrary: Display: ShaderCodeLibraryPakFileMountedCallback: PakFile 'D:/Progams on PC/Unreal/UE_4.27/FeaturePacks/TP_SideScrollerBP.upack' (chunk index -1, root 'root:/') mounted
[2025.12.21-13.21.23:789][  0]LogShaderLibrary: Display: ShaderCodeLibraryPakFileMountedCallback: pending pak file info (ChunkID:-1 Root:root:/ File:D:/Progams on PC/Unreal/UE_4.27/FeaturePacks/TP_SideScrollerBP.upack)
[2025.12.21-13.21.23:789][  0]LogPakFile: OnPakFileMounted2Time == 0.000092
[2025.12.21-13.21.23:791][  0]LogPakFile: PakFile PrimaryIndexSize=187
[2025.12.21-13.21.23:791][  0]LogPakFile: PakFile PathHashIndexSize=101
[2025.12.21-13.21.23:791][  0]LogPakFile: PakFile FullDirectoryIndexSize=148
[2025.12.21-13.21.23:791][  0]LogShaderLibrary: Display: ShaderCodeLibraryPakFileMountedCallback: PakFile 'D:/Progams on PC/Unreal/UE_4.27/FeaturePacks/TP_ThirdPerson.upack' (chunk index -1, root 'root:/') mounted
[2025.12.21-13.21.23:791][  0]LogShaderLibrary: Display: ShaderCodeLibraryPakFileMountedCallback: pending pak file info (ChunkID:-1 Root:root:/ File:D:/Progams on PC/Unreal/UE_4.27/FeaturePacks/TP_ThirdPerson.upack)
[2025.12.21-13.21.23:791][  0]LogPakFile: OnPakFileMounted2Time == 0.000047
[2025.12.21-13.21.23:793][  0]LogPakFile: PakFile PrimaryIndexSize=189
[2025.12.21-13.21.23:793][  0]LogPakFile: PakFile PathHashIndexSize=101
[2025.12.21-13.21.23:793][  0]LogPakFile: PakFile FullDirectoryIndexSize=152
[2025.12.21-13.21.23:793][  0]LogShaderLibrary: Display: ShaderCodeLibraryPakFileMountedCallback: PakFile 'D:/Progams on PC/Unreal/UE_4.27/FeaturePacks/TP_ThirdPersonBP.upack' (chunk index -1, root 'root:/') mounted
[2025.12.21-13.21.23:793][  0]LogShaderLibrary: Display: ShaderCodeLibraryPakFileMountedCallback: pending pak file info (ChunkID:-1 Root:root:/ File:D:/Progams on PC/Unreal/UE_4.27/FeaturePacks/TP_ThirdPersonBP.upack)
[2025.12.21-13.21.23:793][  0]LogPakFile: OnPakFileMounted2Time == 0.000046
[2025.12.21-13.21.23:795][  0]LogPakFile: PakFile PrimaryIndexSize=183
[2025.12.21-13.21.23:795][  0]LogPakFile: PakFile PathHashIndexSize=101
[2025.12.21-13.21.23:795][  0]LogPakFile: PakFile FullDirectoryIndexSize=140
[2025.12.21-13.21.23:795][  0]LogShaderLibrary: Display: ShaderCodeLibraryPakFileMountedCallback: PakFile 'D:/Progams on PC/Unreal/UE_4.27/FeaturePacks/TP_TopDown.upack' (chunk index -1, root 'root:/') mounted
[2025.12.21-13.21.23:795][  0]LogShaderLibrary: Display: ShaderCodeLibraryPakFileMountedCallback: pending pak file info (ChunkID:-1 Root:root:/ File:D:/Progams on PC/Unreal/UE_4.27/FeaturePacks/TP_TopDown.upack)
[2025.12.21-13.21.23:795][  0]LogPakFile: OnPakFileMounted2Time == 0.000057
[2025.12.21-13.21.23:797][  0]LogPakFile: PakFile PrimaryIndexSize=185
[2025.12.21-13.21.23:797][  0]LogPakFile: PakFile PathHashIndexSize=101
[2025.12.21-13.21.23:797][  0]LogPakFile: PakFile FullDirectoryIndexSize=144
[2025.12.21-13.21.23:797][  0]LogShaderLibrary: Display: ShaderCodeLibraryPakFileMountedCallback: PakFile 'D:/Progams on PC/Unreal/UE_4.27/FeaturePacks/TP_TopDownBP.upack' (chunk index -1, root 'root:/') mounted
[2025.12.21-13.21.23:797][  0]LogShaderLibrary: Display: ShaderCodeLibraryPakFileMountedCallback: pending pak file info (ChunkID:-1 Root:root:/ File:D:/Progams on PC/Unreal/UE_4.27/FeaturePacks/TP_TopDownBP.upack)
[2025.12.21-13.21.23:797][  0]LogPakFile: OnPakFileMounted2Time == 0.000045
[2025.12.21-13.21.23:799][  0]LogPakFile: PakFile PrimaryIndexSize=185
[2025.12.21-13.21.23:799][  0]LogPakFile: PakFile PathHashIndexSize=101
[2025.12.21-13.21.23:799][  0]LogPakFile: PakFile FullDirectoryIndexSize=144
[2025.12.21-13.21.23:799][  0]LogShaderLibrary: Display: ShaderCodeLibraryPakFileMountedCallback: PakFile 'D:/Progams on PC/Unreal/UE_4.27/FeaturePacks/TP_TwinStick.upack' (chunk index -1, root 'root:/') mounted
[2025.12.21-13.21.23:799][  0]LogShaderLibrary: Display: ShaderCodeLibraryPakFileMountedCallback: pending pak file info (ChunkID:-1 Root:root:/ File:D:/Progams on PC/Unreal/UE_4.27/FeaturePacks/TP_TwinStick.upack)
[2025.12.21-13.21.23:799][  0]LogPakFile: OnPakFileMounted2Time == 0.000055
[2025.12.21-13.21.23:802][  0]LogPakFile: PakFile PrimaryIndexSize=187
[2025.12.21-13.21.23:802][  0]LogPakFile: PakFile PathHashIndexSize=101
[2025.12.21-13.21.23:802][  0]LogPakFile: PakFile FullDirectoryIndexSize=148
[2025.12.21-13.21.23:802][  0]LogShaderLibrary: Display: ShaderCodeLibraryPakFileMountedCallback: PakFile 'D:/Progams on PC/Unreal/UE_4.27/FeaturePacks/TP_TwinStickBP.upack' (chunk index -1, root 'root:/') mounted
[2025.12.21-13.21.23:802][  0]LogShaderLibrary: Display: ShaderCodeLibraryPakFileMountedCallback: pending pak file info (ChunkID:-1 Root:root:/ File:D:/Progams on PC/Unreal/UE_4.27/FeaturePacks/TP_TwinStickBP.upack)
[2025.12.21-13.21.23:802][  0]LogPakFile: OnPakFileMounted2Time == 0.000057
[2025.12.21-13.21.23:803][  0]LogPakFile: PakFile PrimaryIndexSize=183
[2025.12.21-13.21.23:803][  0]LogPakFile: PakFile PathHashIndexSize=101
[2025.12.21-13.21.23:804][  0]LogPakFile: PakFile FullDirectoryIndexSize=140
[2025.12.21-13.21.23:804][  0]LogShaderLibrary: Display: ShaderCodeLibraryPakFileMountedCallback: PakFile 'D:/Progams on PC/Unreal/UE_4.27/FeaturePacks/TP_Vehicle.upack' (chunk index -1, root 'root:/') mounted
[2025.12.21-13.21.23:804][  0]LogShaderLibrary: Display: ShaderCodeLibraryPakFileMountedCallback: pending pak file info (ChunkID:-1 Root:root:/ File:D:/Progams on PC/Unreal/UE_4.27/FeaturePacks/TP_Vehicle.upack)
[2025.12.21-13.21.23:804][  0]LogPakFile: OnPakFileMounted2Time == 0.000069
[2025.12.21-13.21.23:806][  0]LogPakFile: PakFile PrimaryIndexSize=186
[2025.12.21-13.21.23:806][  0]LogPakFile: PakFile PathHashIndexSize=101
[2025.12.21-13.21.23:806][  0]LogPakFile: PakFile FullDirectoryIndexSize=146
[2025.12.21-13.21.23:806][  0]LogShaderLibrary: Display: ShaderCodeLibraryPakFileMountedCallback: PakFile 'D:/Progams on PC/Unreal/UE_4.27/FeaturePacks/TP_VehicleAdv.upack' (chunk index -1, root 'root:/') mounted
[2025.12.21-13.21.23:806][  0]LogShaderLibrary: Display: ShaderCodeLibraryPakFileMountedCallback: pending pak file info (ChunkID:-1 Root:root:/ File:D:/Progams on PC/Unreal/UE_4.27/FeaturePacks/TP_VehicleAdv.upack)
[2025.12.21-13.21.23:806][  0]LogPakFile: OnPakFileMounted2Time == 0.000063
[2025.12.21-13.21.23:808][  0]LogPakFile: PakFile PrimaryIndexSize=188
[2025.12.21-13.21.23:808][  0]LogPakFile: PakFile PathHashIndexSize=101
[2025.12.21-13.21.23:808][  0]LogPakFile: PakFile FullDirectoryIndexSize=150
[2025.12.21-13.21.23:808][  0]LogShaderLibrary: Display: ShaderCodeLibraryPakFileMountedCallback: PakFile 'D:/Progams on PC/Unreal/UE_4.27/FeaturePacks/TP_VehicleAdvBP.upack' (chunk index -1, root 'root:/') mounted
[2025.12.21-13.21.23:808][  0]LogShaderLibrary: Display: ShaderCodeLibraryPakFileMountedCallback: pending pak file info (ChunkID:-1 Root:root:/ File:D:/Progams on PC/Unreal/UE_4.27/FeaturePacks/TP_VehicleAdvBP.upack)
[2025.12.21-13.21.23:808][  0]LogPakFile: OnPakFileMounted2Time == 0.000063
[2025.12.21-13.21.23:810][  0]LogPakFile: PakFile PrimaryIndexSize=185
[2025.12.21-13.21.23:810][  0]LogPakFile: PakFile PathHashIndexSize=101
[2025.12.21-13.21.23:810][  0]LogPakFile: PakFile FullDirectoryIndexSize=144
[2025.12.21-13.21.23:810][  0]LogShaderLibrary: Display: ShaderCodeLibraryPakFileMountedCallback: PakFile 'D:/Progams on PC/Unreal/UE_4.27/FeaturePacks/TP_VehicleBP.upack' (chunk index -1, root 'root:/') mounted
[2025.12.21-13.21.23:810][  0]LogShaderLibrary: Display: ShaderCodeLibraryPakFileMountedCallback: pending pak file info (ChunkID:-1 Root:root:/ File:D:/Progams on PC/Unreal/UE_4.27/FeaturePacks/TP_VehicleBP.upack)
[2025.12.21-13.21.23:810][  0]LogPakFile: OnPakFileMounted2Time == 0.000059
[2025.12.21-13.21.23:813][  0]LogPakFile: PakFile PrimaryIndexSize=192
[2025.12.21-13.21.23:813][  0]LogPakFile: PakFile PathHashIndexSize=101
[2025.12.21-13.21.23:813][  0]LogPakFile: PakFile FullDirectoryIndexSize=158
[2025.12.21-13.21.23:813][  0]LogShaderLibrary: Display: ShaderCodeLibraryPakFileMountedCallback: PakFile 'D:/Progams on PC/Unreal/UE_4.27/FeaturePacks/TP_VirtualRealityBP.upack' (chunk index -1, root 'root:/') mounted
[2025.12.21-13.21.23:813][  0]LogShaderLibrary: Display: ShaderCodeLibraryPakFileMountedCallback: pending pak file info (ChunkID:-1 Root:root:/ File:D:/Progams on PC/Unreal/UE_4.27/FeaturePacks/TP_VirtualRealityBP.upack)
[2025.12.21-13.21.23:813][  0]LogPakFile: OnPakFileMounted2Time == 0.000061
[2025.12.21-13.21.23:947][  0]LogNativeClassHierarchy: Verbose: Native class hierarchy updated for 'AddContentDialog' in 0.0004 seconds. Added 0 classes and 0 folders.
[2025.12.21-13.21.23:948][  0]LogNativeClassHierarchy: Verbose: Native class hierarchy updated for 'SceneOutliner' in 0.0003 seconds. Added 2 classes and 0 folders.
[2025.12.21-13.21.24:091][  0]LogNativeClassHierarchy: Verbose: Native class hierarchy updated for 'HierarchicalLODOutliner' in 0.0003 seconds. Added 0 classes and 0 folders.
[2025.12.21-13.21.24:091][  0]LogLoad: (Engine Initialization) Total time: 13.79 seconds
[2025.12.21-13.21.24:091][  0]LogLoad: (Engine Initialization) Total Blueprint compile time: 0.00 seconds
[2025.12.21-13.21.24:157][  0]LogContentStreaming: Texture pool size now 1000 MB
[2025.12.21-13.21.24:159][  0]LogSlate: Took 0.000812 seconds to synchronously load lazily loaded font '../../../Engine/Content/Slate/Fonts/Roboto-Regular.ttf' (155K)
[2025.12.21-13.21.24:163][  0]LogSlate: Took 0.002468 seconds to synchronously load lazily loaded font '../../../Engine/Content/Editor/Slate/Fonts/FontAwesome.ttf' (139K)
[2025.12.21-13.21.24:164][  0]LogSlate: Took 0.000785 seconds to synchronously load lazily loaded font '../../../Engine/Content/Slate/Fonts/Roboto-Bold.ttf' (160K)
[2025.12.21-13.21.24:448][  0]LogSlate: Took 0.000891 seconds to synchronously load lazily loaded font '../../../Engine/Content/Slate/Fonts/Roboto-Light.ttf' (167K)
[2025.12.21-13.21.24:488][  1]LogRenderer: Reallocating scene render targets to support 912x348 Format 10 NumSamples 1 (Frame:1).
[2025.12.21-13.21.24:488][  1]LogAssetRegistry: Asset discovery search completed in 6.5909 seconds
[2025.12.21-13.21.24:499][  1]LogCollectionManager: Fixed up redirectors for 0 collections in 0.000004 seconds (updated 0 objects)
[2025.12.21-13.21.25:119][ 63]LogSlate: Took 0.000285 seconds to synchronously load lazily loaded font '../../../Engine/Content/Slate/Fonts/Roboto-Light.ttf' (167K)
[2025.12.21-13.21.36:406][760]LogUObjectHash: Compacting FUObjectHashTables data took   1.11ms
[2025.12.21-13.21.39:198][760]LogSlate: Window 'Delete Assets' being destroyed
[2025.12.21-13.21.39:240][760]LogUObjectGlobals: Force Deleting 5 Package(s):
	Asset Name: /Game/Workplace/Meshes/TestBP.TestBP
	Asset Name: /Game/Workplace/Meshes/3D_printer.3D_printer
	Asset Name: /Game/Workplace/Meshes/3D_printer_Anim.3D_printer_Anim
	Asset Name: /Game/Workplace/Meshes/ABP_Test.ABP_Test
	Asset Name: /Game/Workplace/Meshes/3D_printer_Skeleton.3D_printer_Skeleton
[2025.12.21-13.21.40:001][760]LogUObjectHash: Compacting FUObjectHashTables data took   0.77ms
[2025.12.21-13.21.40:011][760]LogUObjectHash: Compacting FUObjectHashTables data took   0.25ms
[2025.12.21-13.21.40:018][760]LogUObjectHash: Compacting FUObjectHashTables data took   0.29ms
[2025.12.21-13.21.40:024][760]LogUObjectHash: Compacting FUObjectHashTables data took   0.26ms
[2025.12.21-13.21.40:031][760]LogUObjectHash: Compacting FUObjectHashTables data took   0.28ms
[2025.12.21-13.21.40:038][760]LogUObjectHash: Compacting FUObjectHashTables data took   0.90ms
[2025.12.21-13.21.40:045][760]LogUObjectHash: Compacting FUObjectHashTables data took   0.35ms
[2025.12.21-13.21.48:573][252]LogPackageName: Error: DoesPackageExist: DoesPackageExist FAILED: '/Game/Workplace/Meshes/SK/3D_printer_Direction Z1_Skeleton' is not a standard unreal filename or a long path name. Reason: Name may not contain the following characters: ' '
[2025.12.21-13.21.48:617][252]LogLinker: Warning: [AssetLog] D:\WORKPLACE\Mini_laboratory\MEPhI_VR_term_1\Mini_laboratory\Content\Workplace\Meshes\SK\3D_printer.uasset: Failed to load '/Game/Workplace/Meshes/SK/3D_printer_Direction Z1_Skeleton': Can't find file.
[2025.12.21-13.21.48:617][252]LogPackageName: Error: DoesPackageExist: DoesPackageExist FAILED: '/Game/Workplace/Meshes/SK/3D_printer_Direction Z1_Skeleton' is not a standard unreal filename or a long path name. Reason: Name may not contain the following characters: ' '
[2025.12.21-13.21.48:618][252]LogPackageName: Error: DoesPackageExist: DoesPackageExist FAILED: '/Game/Workplace/Meshes/SK/3D_printer_Direction Z1_Skeleton' is not a standard unreal filename or a long path name. Reason: Name may not contain the following characters: ' '
[2025.12.21-13.21.48:618][252]LogLinker: Warning: [AssetLog] D:\WORKPLACE\Mini_laboratory\MEPhI_VR_term_1\Mini_laboratory\Content\Workplace\Meshes\SK\3D_printer.uasset: Failed to load '/Game/Workplace/Meshes/SK/3D_printer_Direction Z1_Skeleton': Can't find file.
[2025.12.21-13.21.48:618][252]LogPackageName: Error: DoesPackageExist: DoesPackageExist FAILED: '/Game/Workplace/Meshes/SK/3D_printer_Direction Z2_Skeleton' is not a standard unreal filename or a long path name. Reason: Name may not contain the following characters: ' '
[2025.12.21-13.21.48:618][252]LogLinker: Warning: [AssetLog] D:\WORKPLACE\Mini_laboratory\MEPhI_VR_term_1\Mini_laboratory\Content\Workplace\Meshes\SK\3D_printer.uasset: Failed to load '/Game/Workplace/Meshes/SK/3D_printer_Direction Z2_Skeleton': Can't find file.
[2025.12.21-13.21.48:618][252]LogPackageName: Error: DoesPackageExist: DoesPackageExist FAILED: '/Game/Workplace/Meshes/SK/3D_printer_Direction Z2_Skeleton' is not a standard unreal filename or a long path name. Reason: Name may not contain the following characters: ' '
[2025.12.21-13.21.48:618][252]LogPackageName: Error: DoesPackageExist: DoesPackageExist FAILED: '/Game/Workplace/Meshes/SK/3D_printer_Direction Z2_Skeleton' is not a standard unreal filename or a long path name. Reason: Name may not contain the following characters: ' '
[2025.12.21-13.21.48:619][252]LogLinker: Warning: [AssetLog] D:\WORKPLACE\Mini_laboratory\MEPhI_VR_term_1\Mini_laboratory\Content\Workplace\Meshes\SK\3D_printer.uasset: Failed to load '/Game/Workplace/Meshes/SK/3D_printer_Direction Z2_Skeleton': Can't find file.
[2025.12.21-13.21.48:619][252]LogPackageName: Error: DoesPackageExist: DoesPackageExist FAILED: '/Game/Workplace/Meshes/SK/3D_printer_Direction Z3_Skeleton' is not a standard unreal filename or a long path name. Reason: Name may not contain the following characters: ' '
[2025.12.21-13.21.48:619][252]LogLinker: Warning: [AssetLog] D:\WORKPLACE\Mini_laboratory\MEPhI_VR_term_1\Mini_laboratory\Content\Workplace\Meshes\SK\3D_printer.uasset: Failed to load '/Game/Workplace/Meshes/SK/3D_printer_Direction Z3_Skeleton': Can't find file.
[2025.12.21-13.21.48:619][252]LogPackageName: Error: DoesPackageExist: DoesPackageExist FAILED: '/Game/Workplace/Meshes/SK/3D_printer_Direction Z3_Skeleton' is not a standard unreal filename or a long path name. Reason: Name may not contain the following characters: ' '
[2025.12.21-13.21.48:619][252]LogPackageName: Error: DoesPackageExist: DoesPackageExist FAILED: '/Game/Workplace/Meshes/SK/3D_printer_Direction Z3_Skeleton' is not a standard unreal filename or a long path name. Reason: Name may not contain the following characters: ' '
[2025.12.21-13.21.48:619][252]LogLinker: Warning: [AssetLog] D:\WORKPLACE\Mini_laboratory\MEPhI_VR_term_1\Mini_laboratory\Content\Workplace\Meshes\SK\3D_printer.uasset: Failed to load '/Game/Workplace/Meshes/SK/3D_printer_Direction Z3_Skeleton': Can't find file.
[2025.12.21-13.21.48:623][252]LogPackageName: Error: DoesPackageExist: DoesPackageExist FAILED: '/Game/Workplace/Meshes/SK/3D_printer_Direction Z1_Skeleton' is not a standard unreal filename or a long path name. Reason: Name may not contain the following characters: ' '
[2025.12.21-13.21.48:623][252]LogLinker: Warning: [AssetLog] D:\WORKPLACE\Mini_laboratory\MEPhI_VR_term_1\Mini_laboratory\Content\Workplace\Meshes\SK\3D_printer.uasset: Failed to load '/Game/Workplace/Meshes/SK/3D_printer_Direction Z1_Skeleton': Can't find file.
[2025.12.21-13.21.48:623][252]LogPackageName: Error: DoesPackageExist: DoesPackageExist FAILED: '/Game/Workplace/Meshes/SK/3D_printer_Direction Z2_Skeleton' is not a standard unreal filename or a long path name. Reason: Name may not contain the following characters: ' '
[2025.12.21-13.21.48:623][252]LogLinker: Warning: [AssetLog] D:\WORKPLACE\Mini_laboratory\MEPhI_VR_term_1\Mini_laboratory\Content\Workplace\Meshes\SK\3D_printer.uasset: Failed to load '/Game/Workplace/Meshes/SK/3D_printer_Direction Z2_Skeleton': Can't find file.
[2025.12.21-13.21.48:624][252]LogPackageName: Error: DoesPackageExist: DoesPackageExist FAILED: '/Game/Workplace/Meshes/SK/3D_printer_Direction Z3_Skeleton' is not a standard unreal filename or a long path name. Reason: Name may not contain the following characters: ' '
[2025.12.21-13.21.48:624][252]LogLinker: Warning: [AssetLog] D:\WORKPLACE\Mini_laboratory\MEPhI_VR_term_1\Mini_laboratory\Content\Workplace\Meshes\SK\3D_printer.uasset: Failed to load '/Game/Workplace/Meshes/SK/3D_printer_Direction Z3_Skeleton': Can't find file.
[2025.12.21-13.21.48:634][252]LogPackageName: Error: DoesPackageExist: DoesPackageExist FAILED: '/Game/Workplace/Meshes/SK/3D_printer_Direction Z1_Skeleton' is not a standard unreal filename or a long path name. Reason: Name may not contain the following characters: ' '
[2025.12.21-13.21.48:634][252]LogLinker: Warning: [AssetLog] D:\WORKPLACE\Mini_laboratory\MEPhI_VR_term_1\Mini_laboratory\Content\Workplace\Meshes\SK\3D_printer.uasset: Failed to load '/Game/Workplace/Meshes/SK/3D_printer_Direction Z1_Skeleton': Can't find file.
[2025.12.21-13.21.48:634][252]LoadErrors: Failed to load /Game/Workplace/Meshes/SK/3D_printer_Direction Z1_Skeleton.3D_printer_Direction Z1_Skeleton Referenced by 3D_printer_Direction Z1
[2025.12.21-13.21.48:636][252]LogPackageName: Error: DoesPackageExist: DoesPackageExist FAILED: '/Game/Workplace/Meshes/SK/3D_printer_Direction Z2_Skeleton' is not a standard unreal filename or a long path name. Reason: Name may not contain the following characters: ' '
[2025.12.21-13.21.48:636][252]LogLinker: Warning: [AssetLog] D:\WORKPLACE\Mini_laboratory\MEPhI_VR_term_1\Mini_laboratory\Content\Workplace\Meshes\SK\3D_printer.uasset: Failed to load '/Game/Workplace/Meshes/SK/3D_printer_Direction Z2_Skeleton': Can't find file.
[2025.12.21-13.21.48:636][252]LoadErrors: Failed to load /Game/Workplace/Meshes/SK/3D_printer_Direction Z2_Skeleton.3D_printer_Direction Z2_Skeleton Referenced by 3D_printer_Direction Z2
[2025.12.21-13.21.48:637][252]LogPackageName: Error: DoesPackageExist: DoesPackageExist FAILED: '/Game/Workplace/Meshes/SK/3D_printer_Direction Z3_Skeleton' is not a standard unreal filename or a long path name. Reason: Name may not contain the following characters: ' '
[2025.12.21-13.21.48:637][252]LogLinker: Warning: [AssetLog] D:\WORKPLACE\Mini_laboratory\MEPhI_VR_term_1\Mini_laboratory\Content\Workplace\Meshes\SK\3D_printer.uasset: Failed to load '/Game/Workplace/Meshes/SK/3D_printer_Direction Z3_Skeleton': Can't find file.
[2025.12.21-13.21.48:638][252]LoadErrors: Failed to load /Game/Workplace/Meshes/SK/3D_printer_Direction Z3_Skeleton.3D_printer_Direction Z3_Skeleton Referenced by 3D_printer_Direction Z3
[2025.12.21-13.21.48:756][252]LogUObjectHash: Compacting FUObjectHashTables data took   0.78ms
[2025.12.21-13.21.50:380][252]LogSlate: Window 'Delete Assets' being destroyed
[2025.12.21-13.21.50:499][252]LogUObjectHash: Compacting FUObjectHashTables data took   0.96ms
[2025.12.21-13.21.50:508][252]LogUObjectHash: Compacting FUObjectHashTables data took   0.35ms
[2025.12.21-13.21.50:517][252]LogUObjectHash: Compacting FUObjectHashTables data took   0.38ms
[2025.12.21-13.21.50:524][252]LogUObjectHash: Compacting FUObjectHashTables data took   0.36ms
[2025.12.21-13.21.50:533][252]LogUObjectHash: Compacting FUObjectHashTables data took   0.35ms
[2025.12.21-13.21.50:558][252]LogUObjectHash: Compacting FUObjectHashTables data took   0.29ms
[2025.12.21-13.21.50:567][252]LogUObjectHash: Compacting FUObjectHashTables data took   0.31ms
[2025.12.21-13.21.54:259][499]LogUObjectHash: Compacting FUObjectHashTables data took   0.36ms
[2025.12.21-13.21.57:470][726]LogUObjectHash: Compacting FUObjectHashTables data took   0.41ms
[2025.12.21-13.21.57:836][726]LogLinker: Warning: [AssetLog] D:\WORKPLACE\Mini_laboratory\MEPhI_VR_term_1\Mini_laboratory\Content\Workplace\Maps\FirstLevel.umap: Failed to load '/Game/Workplace/Meshes/TestBP': Can't find file.
[2025.12.21-13.21.57:836][726]LogLinker: Warning: [AssetLog] D:\WORKPLACE\Mini_laboratory\MEPhI_VR_term_1\Mini_laboratory\Content\Workplace\Maps\FirstLevel.umap: Failed to load '/Game/Workplace/Meshes/TestBP': Can't find file.
[2025.12.21-13.21.57:840][726]LogLinker: Warning: [AssetLog] D:\WORKPLACE\Mini_laboratory\MEPhI_VR_term_1\Mini_laboratory\Content\Workplace\Maps\FirstLevel.umap: Failed to load '/Game/Workplace/Meshes/TestBP': Can't find file.
[2025.12.21-13.21.57:840][726]LogLinker: Warning: [AssetLog] D:\WORKPLACE\Mini_laboratory\MEPhI_VR_term_1\Mini_laboratory\Content\Workplace\Maps\FirstLevel.umap: Failed to load '/Game/Workplace/Meshes/TestBP': Can't find file.
[2025.12.21-13.21.57:840][726]LogLinker: Warning: [AssetLog] D:\WORKPLACE\Mini_laboratory\MEPhI_VR_term_1\Mini_laboratory\Content\Workplace\Maps\FirstLevel.umap: Failed to load '/Game/Workplace/Meshes/TestBP': Can't find file.
[2025.12.21-13.21.57:841][726]LogLinker: Warning: Failed to load '/Game/Workplace/Meshes/TestBP': Can't find file.
[2025.12.21-13.21.57:841][726]LogLinker: Warning: Failed to load '/Game/Workplace/Meshes/TestBP': Can't find file.
[2025.12.21-13.21.57:841][726]LogLinker: Warning: Failed to load '/Game/Workplace/Meshes/TestBP': Can't find file.
[2025.12.21-13.21.57:841][726]LogLinker: Warning: Failed to load '/Game/Workplace/Meshes/TestBP': Can't find file.
[2025.12.21-13.21.57:865][726]LogLinker: Warning: Failed to load '/Game/Workplace/Meshes/TestBP': Can't find file.
[2025.12.21-13.21.57:865][726]LogLinker: Warning: Failed to load '/Game/Workplace/Meshes/TestBP': Can't find file.
[2025.12.21-13.21.58:002][726]LogAssetEditorSubsystem: Opening Asset editor for World /Game/Workplace/Maps/FirstLevel.FirstLevel
[2025.12.21-13.21.58:003][726]Cmd: MAP LOAD FILE="../../../../../../WORKPLACE/Mini_laboratory/MEPhI_VR_term_1/Mini_laboratory/Content/Workplace/Maps/FirstLevel.umap" TEMPLATE=0 SHOWPROGRESS=1 FEATURELEVEL=3
[2025.12.21-13.21.58:003][726]LightingResults: New page: Lighting Build
[2025.12.21-13.21.58:003][726]LoadErrors: New page: Loading map: FirstLevel.umap
[2025.12.21-13.21.58:028][726]LogWorld: UWorld::CleanupWorld for StartMenu, bSessionEnded=true, bCleanupResources=true
[2025.12.21-13.21.58:029][726]LogSlate: InvalidateAllWidgets triggered.  All widgets were invalidated
[2025.12.21-13.21.58:029][726]MapCheck: New page: Map Check
[2025.12.21-13.21.58:029][726]LightingResults: New page: Lighting Build
[2025.12.21-13.21.58:036][726]LogAudio: Display: Audio Device unregistered from world 'None'.
[2025.12.21-13.21.58:041][726]LogUObjectHash: Compacting FUObjectHashTables data took   1.28ms
[2025.12.21-13.21.58:042][726]LogAudio: Display: Audio Device (ID: 1) registered with world 'FirstLevel'.
[2025.12.21-13.21.58:134][726]LogEditorServer: Finished looking for orphan Actors (0.000 secs)
[2025.12.21-13.21.58:134][726]LogAIModule: Creating AISystem for world FirstLevel
[2025.12.21-13.21.58:145][726]LogUObjectHash: Compacting FUObjectHashTables data took   0.98ms
[2025.12.21-13.21.58:151][726]Cmd: MAP CHECKDEP NOCLEARLOG
[2025.12.21-13.21.58:151][726]MapCheck: Map check complete: 0 Error(s), 0 Warning(s), took 0,093ms to complete.
[2025.12.21-13.21.58:151][726]LogFileHelpers: Loading map 'FirstLevel' took 0.149
[2025.12.21-13.21.58:171][726]LoadErrors: Warning: CreateExport: Failed to load Outer for resource 'DefaultSceneRoot': TestBP_C /Game/Workplace/Maps/FirstLevel.FirstLevel:PersistentLevel.TestBP_2
[2025.12.21-13.21.58:171][726]LoadErrors: Warning: CreateExport: Failed to load Outer for resource 'SkeletalMesh': TestBP_C /Game/Workplace/Maps/FirstLevel.FirstLevel:PersistentLevel.TestBP_2
[2025.12.21-13.22.12:037][534]LogFactory: FactoryCreateFile: StaticMesh with FbxFactory (0 0 ../../../../../../WORKPLACE/Mini_laboratory/MEPhI_VR_term_1/blender_FBX/3D_printer.fbx)
[2025.12.21-13.22.12:084][534]LogFbx: Loading FBX Scene from ../../../../../../WORKPLACE/Mini_laboratory/MEPhI_VR_term_1/blender_FBX/3D_printer.fbx
[2025.12.21-13.22.12:114][534]LogFbx: FBX Scene Loaded Succesfully
[2025.12.21-13.22.20:832][534]LogSlate: Window 'FBX Import Options' being destroyed
[2025.12.21-13.22.20:899][534]LogFbx: Valid bind pose for Pose (Plane) - Corpus
[2025.12.21-13.22.20:899][534]LogFbx: Valid bind pose for Pose (Plane.006) - Corpus
[2025.12.21-13.22.20:899][534]LogFbx: Valid bind pose for Pose (Cylinder.004) - Corpus
[2025.12.21-13.22.20:899][534]LogFbx: Valid bind pose for Pose (Cylinder.005) - Corpus
[2025.12.21-13.22.20:899][534]LogFbx: Valid bind pose for Pose (Cylinder.006) - Corpus
[2025.12.21-13.22.20:899][534]LogFbx: Valid bind pose for Pose (Cube) - Corpus
[2025.12.21-13.22.20:899][534]LogFbx: Valid bind pose for Pose (Cube.001) - Corpus
[2025.12.21-13.22.20:899][534]LogFbx: Valid bind pose for Pose (Plane.005) - Corpus
[2025.12.21-13.22.20:901][534]LogFbx: Triangulating skeletal mesh Corpus
[2025.12.21-13.22.20:917][534]LogFbx: Triangulating skeletal mesh Direction X
[2025.12.21-13.22.20:920][534]LogFbx: Triangulating skeletal mesh Direction Z1
[2025.12.21-13.22.20:921][534]LogFbx: Triangulating skeletal mesh Direction Z2
[2025.12.21-13.22.20:923][534]LogFbx: Triangulating skeletal mesh Direction Z3
[2025.12.21-13.22.20:924][534]LogFbx: Triangulating skeletal mesh Door
[2025.12.21-13.22.20:925][534]LogFbx: Triangulating skeletal mesh Extruder
[2025.12.21-13.22.20:931][534]LogFbx: Triangulating skeletal mesh Table
[2025.12.21-13.22.20:938][534]LogFbx: Warning: Bones digested - 16  Depth of hierarchy - 5
[2025.12.21-13.22.20:971][534]LogSkeletalMesh: Section 0: Material=0, 1530 triangles
[2025.12.21-13.22.20:974][534]LogFbx: SortedLinks :(0) Bone_001
[2025.12.21-13.22.20:974][534]LogFbx: SortedLinks :(1) Bone
[2025.12.21-13.22.20:974][534]LogFbx: SortedLinks :(2) Bone_004
[2025.12.21-13.22.20:974][534]LogFbx: SortedLinks :(3) Bone_004_end
[2025.12.21-13.22.20:975][534]LogFbx: SortedLinks :(4) Bone_006
[2025.12.21-13.22.20:975][534]LogFbx: SortedLinks :(5) Bone_007
[2025.12.21-13.22.20:975][534]LogFbx: SortedLinks :(6) Bone_007_end
[2025.12.21-13.22.20:975][534]LogFbx: SortedLinks :(7) Bone_002
[2025.12.21-13.22.20:975][534]LogFbx: SortedLinks :(8) Bone_003
[2025.12.21-13.22.20:975][534]LogFbx: SortedLinks :(9) Bone_003_end
[2025.12.21-13.22.20:975][534]LogFbx: SortedLinks :(10) Bone_005
[2025.12.21-13.22.20:975][534]LogFbx: SortedLinks :(11) Bone_009
[2025.12.21-13.22.20:975][534]LogFbx: SortedLinks :(12) Bone_008
[2025.12.21-13.22.20:975][534]LogFbx: SortedLinks :(13) Bone_008_end
[2025.12.21-13.22.20:975][534]LogFbx: SortedLinks :(14) Bone_010
[2025.12.21-13.22.20:975][534]LogFbx: SortedLinks :(15) Bone_010_end
[2025.12.21-13.22.20:976][534]LogFbx: Parsing AnimStack Armature|ArmatureAction
[2025.12.21-13.22.21:168][534]LogAnimationCompression: Building Anim DDC data for AnimSequence /Game/Workplace/Meshes/SK/3D_printer_Anim.3D_printer_Anim
[2025.12.21-13.22.21:168][534]LogFbx: Warning: IMPORT TRANSFORM ERROR : Bone (Bone_001:0) 
Source Global Transform (0.000000,0.000000,0.000000|90.000000,0.000000,90.000000|63.651920,63.651924,63.651924), 
Converted Global Transform (0.000000,0.000000,0.000000|0.000007,-90.000008,-45.024014|1.000000,1.000000,1.000000)
[2025.12.21-13.22.21:173][534]LogSkeletalMesh: Building Skeletal Mesh 3D_printer...
[2025.12.21-13.22.21:200][534]LogSkeletalMesh: Section 0: Material=0, 1530 triangles
[2025.12.21-13.22.21:210][534]LogSkeletalMesh: Built Skeletal Mesh [0.04s] /Game/Workplace/Meshes/SK/3D_printer.3D_printer
[2025.12.21-13.22.21:216][534]FBXImport: Warning: No smoothing group information was found in this FBX scene.  Please make sure to enable the 'Export Smoothing Groups' option in the FBX Exporter plug-in before exporting the file.  Even for tools that don't support smoothing groups, the FBX Exporter will generate appropriate smoothing data at export-time so that correct vertex normals can be inferred while importing. 
[2025.12.21-13.22.21:217][534]FBXImport: Warning: The following bones are missing from the bind pose:
Bone.004_end  
Bone.007_end  
Bone.003_end  
Bone.008_end  
Bone.010_end  

This can happen for bones that are not vert weighted. If they are not in the correct orientation after importing,
please set the "Use T0 as ref pose" option or add them to the bind pose and reimport the skeletal mesh. 
[2025.12.21-13.22.21:217][534]FBXImport: Warning: Imported bone transform is different from original. Please check Output Log to see detail of error.  
[2025.12.21-13.22.21:315][534]LogSlate: Took 0.000783 seconds to synchronously load lazily loaded font '../../../Engine/Content/Slate/Fonts/DroidSansMono.ttf' (77K)
[2025.12.21-13.22.23:095][649]LogSlate: Window 'Message Log' being destroyed
[2025.12.21-13.22.23:105][649]LogSlate: Window 'Message Log' being destroyed
[2025.12.21-13.22.50:606][108]LogWindowsTextInputMethodSystem: Display: IME system deactivated.
[2025.12.21-13.22.50:606][108]LogWindowsTextInputMethodSystem: Display: IME system deactivated.
[2025.12.21-13.23.41:044][756]LogContentBrowser: Deferred new asset folder creation: NewFolder
[2025.12.21-13.23.41:053][756]LogContentBrowser: Creating deferred item: NewFolder
[2025.12.21-13.23.43:492][980]LogWindowsTextInputMethodSystem: Display: IME system deactivated.
[2025.12.21-13.23.43:492][980]LogWindowsTextInputMethodSystem: Display: IME system deactivated.
[2025.12.21-13.23.45:917][237]LogContentBrowser: Attempting asset rename: NewFolder -> Animation
[2025.12.21-13.23.45:918][237]LogContentBrowser: End creating deferred item NewFolder
[2025.12.21-13.23.48:950][505]LogUObjectHash: Compacting FUObjectHashTables data took   0.89ms
[2025.12.21-13.23.49:022][505]LogSavePackage: Moving '../../../../../../WORKPLACE/Mini_laboratory/MEPhI_VR_term_1/Mini_laboratory/Saved/3D_printer96B7C3DE4C7F8EA039F281B96DAC19DD.tmp' to '../../../../../../WORKPLACE/Mini_laboratory/MEPhI_VR_term_1/Mini_laboratory/Content/Workplace/Meshes/SK/3D_printer.uasset'
[2025.12.21-13.23.49:024][505]LogSavePackage: Moving '../../../../../../WORKPLACE/Mini_laboratory/MEPhI_VR_term_1/Mini_laboratory/Saved/3D_printer_Skeleton0DE4F09D43D4C005F2BBBF9907851D70.tmp' to '../../../../../../WORKPLACE/Mini_laboratory/MEPhI_VR_term_1/Mini_laboratory/Content/Workplace/Meshes/SK/3D_printer_Skeleton.uasset'
[2025.12.21-13.23.49:043][505]LogSavePackage: Moving '../../../../../../WORKPLACE/Mini_laboratory/MEPhI_VR_term_1/Mini_laboratory/Saved/3D_printer_AnimF6A752C040C5C5DE06BC9CB7E7259351.tmp' to '../../../../../../WORKPLACE/Mini_laboratory/MEPhI_VR_term_1/Mini_laboratory/Content/Workplace/Meshes/SK/3D_printer_Anim.uasset'
[2025.12.21-13.23.49:113][505]AssetCheck: New page: Asset Save: multiple assets
[2025.12.21-13.23.49:113][505]LogContentValidation: Display: Validating AnimSequence /Game/Workplace/Meshes/SK/3D_printer_Anim.3D_printer_Anim
[2025.12.21-13.23.49:114][505]LogContentValidation: Display: Validating Skeleton /Game/Workplace/Meshes/SK/3D_printer_Skeleton.3D_printer_Skeleton
[2025.12.21-13.23.49:114][505]LogContentValidation: Display: Validating SkeletalMesh /Game/Workplace/Meshes/SK/3D_printer.3D_printer
[2025.12.21-13.23.50:443][623]LogUObjectHash: Compacting FUObjectHashTables data took   0.99ms
[2025.12.21-13.23.52:051][775]LogUObjectHash: Compacting FUObjectHashTables data took   2.25ms
[2025.12.21-13.23.53:440][901]LogUObjectHash: Compacting FUObjectHashTables data took   0.76ms
[2025.12.21-13.24.02:787][805]LogEditorClassViewer: Warning: Class /Engine/Tutorial/InWorldBlueprintEditing/TutorialAssets/IWBE_Blutility.IWBE_Blutility_C has parent /Script/Blutility.PlacedEditorUtilityBase, but this parent is not found. The Class will not be shown in ClassViewer.
[2025.12.21-13.24.02:892][805]LogContentBrowser: Verbose: The majority of assets in the view are of type: Skeleton
[2025.12.21-13.24.08:169][805]LogSlate: Window 'Create Animation Blueprint' being destroyed
[2025.12.21-13.24.08:182][805]LogContentBrowser: Deferred new asset file creation: NewAnimBlueprint
[2025.12.21-13.24.08:195][805]LogContentBrowser: Creating deferred item: NewAnimBlueprint
[2025.12.21-13.24.15:610][545]LogContentBrowser: Attempting asset rename: NewAnimBlueprint -> ABP_3DPrinter
[2025.12.21-13.24.15:617][545]LogContentBrowser: End creating deferred item NewAnimBlueprint
[2025.12.21-13.24.16:814][618]LogAssetEditorSubsystem: Opening Asset editor for AnimBlueprint /Game/Workplace/Animation/ABP_3DPrinter.ABP_3DPrinter
[2025.12.21-13.24.16:864][618]LogNativeClassHierarchy: Verbose: Native class hierarchy updated for 'SkeletonEditor' in 0.0004 seconds. Added 1 classes and 2 folders.
[2025.12.21-13.24.16:869][618]LogTexture: Default maximum texture size for cubemaps generated from long-lat sources has been changed from 512 to unlimited. In order to preserve old behaiour for '/Engine/EditorMaterials/AssetViewer/EpicQuadPanorama_CC+EV1.EpicQuadPanorama_CC+EV1', its maximum texture size has been explicitly set to 512.
[2025.12.21-13.24.16:985][618]LogTexture: Default maximum texture size for cubemaps generated from long-lat sources has been changed from 512 to unlimited. In order to preserve old behaiour for '/Engine/MapTemplates/Sky/SunsetAmbientCubemap.SunsetAmbientCubemap', its maximum texture size has been explicitly set to 512.
[2025.12.21-13.24.17:083][618]LogActorComponent: RegisterComponentWithWorld: (/Engine/Transient.World_14:PersistentLevel.AnimationEditorPreviewActor_0.DebugSkelMeshComponent_0) Already registered. Aborting.
[2025.12.21-13.24.17:085][618]LogNativeClassHierarchy: Verbose: Native class hierarchy updated for 'PinnedCommandList' in 0.0006 seconds. Added 1 classes and 0 folders.
[2025.12.21-13.24.17:440][618]LogNativeClassHierarchy: Verbose: Native class hierarchy updated for 'BlueprintGraph' in 0.0007 seconds. Added 126 classes and 0 folders.
[2025.12.21-13.24.18:786][618]LogSlate: Took 0.001276 seconds to synchronously load lazily loaded font '../../../Engine/Content/Slate/Fonts/Roboto-BoldCondensed.ttf' (158K)
[2025.12.21-13.24.18:885][618]LogContentBrowser: Verbose: The majority of assets in the view are of type: AnimSequence
[2025.12.21-13.24.18:914][619]LogSlate: Took 0.000929 seconds to synchronously load lazily loaded font '../../../Engine/Content/Slate/Fonts/Roboto-Italic.ttf' (157K)
[2025.12.21-13.24.21:463][760]LogSlate: Window 'ABP_3DPrinter' being destroyed
[2025.12.21-13.24.22:351][828]BlueprintLog: New page: Compile ABP_3DPrinter
[2025.12.21-13.24.22:403][828]LogUObjectHash: Compacting FUObjectHashTables data took   2.64ms
[2025.12.21-13.24.22:876][860]LogSavePackage: Moving '../../../../../../WORKPLACE/Mini_laboratory/MEPhI_VR_term_1/Mini_laboratory/Saved/ABP_3DPrinter3F5B193B4D5E078F3F4BB4AEADD9263A.tmp' to '../../../../../../WORKPLACE/Mini_laboratory/MEPhI_VR_term_1/Mini_laboratory/Content/Workplace/Animation/ABP_3DPrinter.uasset'
[2025.12.21-13.24.22:957][860]AssetCheck: New page: Asset Save: ABP_3DPrinter
[2025.12.21-13.24.22:957][860]LogContentValidation: Display: Validating AnimBlueprint /Game/Workplace/Animation/ABP_3DPrinter.ABP_3DPrinter
[2025.12.21-13.24.53:284][553]LogWindows: LaunchURL https://docs.unrealengine.com/4.27/ru//Engine/Animation/Persona/index.html?utm_source=editor&utm_medium=docs&utm_campaign=help_menu_asset
[2025.12.21-13.25.15:096][ 49]BlueprintLog: New page: Compile ABP_3DPrinter
[2025.12.21-13.25.15:216][ 49]LogUObjectHash: Compacting FUObjectHashTables data took   7.97ms
[2025.12.21-13.25.15:935][ 80]LogSavePackage: Moving '../../../../../../WORKPLACE/Mini_laboratory/MEPhI_VR_term_1/Mini_laboratory/Saved/ABP_3DPrinterD0C29A3D4BEE5687D962688C27DEC683.tmp' to '../../../../../../WORKPLACE/Mini_laboratory/MEPhI_VR_term_1/Mini_laboratory/Content/Workplace/Animation/ABP_3DPrinter.uasset'
[2025.12.21-13.25.15:962][ 80]AssetCheck: New page: Asset Save: ABP_3DPrinter
[2025.12.21-13.25.15:962][ 80]LogContentValidation: Display: Validating AnimBlueprint /Game/Workplace/Animation/ABP_3DPrinter.ABP_3DPrinter
[2025.12.21-13.25.16:534][132]BlueprintLog: New page: Compile ABP_3DPrinter
[2025.12.21-13.25.16:674][132]LogUObjectHash: Compacting FUObjectHashTables data took   7.69ms
[2025.12.21-13.25.17:235][157]LogSavePackage: Moving '../../../../../../WORKPLACE/Mini_laboratory/MEPhI_VR_term_1/Mini_laboratory/Saved/ABP_3DPrinter41BDD27D4972275564FF47B8AC2DDD05.tmp' to '../../../../../../WORKPLACE/Mini_laboratory/MEPhI_VR_term_1/Mini_laboratory/Content/Workplace/Animation/ABP_3DPrinter.uasset'
[2025.12.21-13.25.17:264][157]AssetCheck: New page: Asset Save: ABP_3DPrinter
[2025.12.21-13.25.17:264][157]LogContentValidation: Display: Validating AnimBlueprint /Game/Workplace/Animation/ABP_3DPrinter.ABP_3DPrinter
[2025.12.21-13.25.17:740][202]BlueprintLog: New page: Compile ABP_3DPrinter
[2025.12.21-13.25.17:787][202]LogUObjectHash: Compacting FUObjectHashTables data took   3.47ms
[2025.12.21-13.25.18:348][242]LogSavePackage: Moving '../../../../../../WORKPLACE/Mini_laboratory/MEPhI_VR_term_1/Mini_laboratory/Saved/ABP_3DPrinter03E9DFB04DF8496FD3F062856C177E14.tmp' to '../../../../../../WORKPLACE/Mini_laboratory/MEPhI_VR_term_1/Mini_laboratory/Content/Workplace/Animation/ABP_3DPrinter.uasset'
[2025.12.21-13.25.18:374][242]AssetCheck: New page: Asset Save: ABP_3DPrinter
[2025.12.21-13.25.18:374][242]LogContentValidation: Display: Validating AnimBlueprint /Game/Workplace/Animation/ABP_3DPrinter.ABP_3DPrinter
[2025.12.21-13.25.21:915][516]LogUObjectHash: Compacting FUObjectHashTables data took   3.46ms
[2025.12.21-13.25.37:338][904]LogContentBrowser: Attempting asset rename: Animation -> Animations
[2025.12.21-13.25.37:387][904]LogMetaData: Removing '/Game/Workplace/Animations/ABP_3DPrinter.ABP_3DPrinter:AnimGraph.AnimGraphNode_Root_0' ref from Metadata '/Game/Workplace/Animation/ABP_3DPrinter.PackageMetaData'
[2025.12.21-13.25.37:387][904]LogMetaData: Removing '/Game/Workplace/Animations/ABP_3DPrinter.SKEL_ABP_3DPrinter_C' ref from Metadata '/Game/Workplace/Animation/ABP_3DPrinter.PackageMetaData'
[2025.12.21-13.25.37:387][904]LogMetaData: Removing '/Game/Workplace/Animations/ABP_3DPrinter.ABP_3DPrinter:AnimGraph.AnimGraphNode_StateMachine_0.New State Machine.AnimStateEntryNode_0' ref from Metadata '/Game/Workplace/Animation/ABP_3DPrinter.PackageMetaData'
[2025.12.21-13.25.37:387][904]LogMetaData: Removing '/Game/Workplace/Animations/ABP_3DPrinter.ABP_3DPrinter_C' ref from Metadata '/Game/Workplace/Animation/ABP_3DPrinter.PackageMetaData'
[2025.12.21-13.25.37:387][904]LogMetaData: Removing '/Game/Workplace/Animations/ABP_3DPrinter.ABP_3DPrinter:EventGraph.K2Node_Event_0' ref from Metadata '/Game/Workplace/Animation/ABP_3DPrinter.PackageMetaData'
[2025.12.21-13.25.37:387][904]LogMetaData: Removing '/Game/Workplace/Animations/ABP_3DPrinter.ABP_3DPrinter:EventGraph.K2Node_CallFunction_0' ref from Metadata '/Game/Workplace/Animation/ABP_3DPrinter.PackageMetaData'
[2025.12.21-13.25.37:387][904]LogMetaData: Removing '/Game/Workplace/Animations/ABP_3DPrinter.ABP_3DPrinter:AnimGraph.AnimGraphNode_StateMachine_0.New State Machine.AnimStateNode_0.State1.AnimGraphNode_StateResult_0' ref from Metadata '/Game/Workplace/Animation/ABP_3DPrinter.PackageMetaData'
[2025.12.21-13.25.37:388][904]LogMetaData: Removing '/Game/Workplace/Animations/ABP_3DPrinter.ABP_3DPrinter_C:AnimGraph' ref from Metadata '/Game/Workplace/Animation/ABP_3DPrinter.PackageMetaData'
[2025.12.21-13.25.37:388][904]LogMetaData: Removing '/Game/Workplace/Animations/ABP_3DPrinter.SKEL_ABP_3DPrinter_C:AnimGraph' ref from Metadata '/Game/Workplace/Animation/ABP_3DPrinter.PackageMetaData'
[2025.12.21-13.25.37:388][904]LogMetaData: Removing '/Game/Workplace/Animations/ABP_3DPrinter.SKEL_ABP_3DPrinter_C:BlueprintUpdateAnimation' ref from Metadata '/Game/Workplace/Animation/ABP_3DPrinter.PackageMetaData'
[2025.12.21-13.25.37:442][904]LogSavePackage: Moving '../../../../../../WORKPLACE/Mini_laboratory/MEPhI_VR_term_1/Mini_laboratory/Saved/ABP_3DPrinter87DD94A642E602D7031FDDB3AAC24A8C.tmp' to '../../../../../../WORKPLACE/Mini_laboratory/MEPhI_VR_term_1/Mini_laboratory/Content/Workplace/Animations/ABP_3DPrinter.uasset'
[2025.12.21-13.25.37:543][904]LogUObjectHash: Compacting FUObjectHashTables data took   2.02ms
[2025.12.21-13.25.37:578][904]LogUObjectHash: Compacting FUObjectHashTables data took   2.22ms
[2025.12.21-13.25.37:602][904]LogUObjectHash: Compacting FUObjectHashTables data took   0.68ms
[2025.12.21-13.25.37:744][904]AssetCheck: New page: Asset Save: ABP_3DPrinter
[2025.12.21-13.25.37:744][904]LogContentValidation: Display: Validating AnimBlueprint /Game/Workplace/Animations/ABP_3DPrinter.ABP_3DPrinter
[2025.12.21-13.25.50:940][ 95]LogEditorViewport: Clicking on Actor (LMB): StaticMeshActor (Floor)
[2025.12.21-13.25.51:729][162]LogEditorViewport: Clicking on Actor (LMB): SkeletalMeshActor (ABP_3DPrinter)
[2025.12.21-13.26.08:815][846]LogEditorViewport: Clicking on Actor (LMB): StaticMeshActor (Floor)
[2025.12.21-13.26.12:626][161]LogUObjectHash: Compacting FUObjectHashTables data took   2.70ms
[2025.12.21-13.26.12:725][161]LogUObjectHash: Compacting FUObjectHashTables data took   0.82ms
[2025.12.21-13.26.12:781][161]LogSavePackage: Moving '../../../../../../WORKPLACE/Mini_laboratory/MEPhI_VR_term_1/Mini_laboratory/Saved/FirstLevel59921C7E4D7C5D542DB5E29D89BE942C.tmp' to '../../../../../../WORKPLACE/Mini_laboratory/MEPhI_VR_term_1/Mini_laboratory/Content/Workplace/Maps/FirstLevel.umap'
[2025.12.21-13.26.12:789][161]LogFileHelpers: Saving map 'FirstLevel' took 0.094
[2025.12.21-13.26.12:819][161]AssetCheck: New page: Asset Save: FirstLevel
[2025.12.21-13.26.12:819][161]LogContentValidation: Display: Validating World /Game/Workplace/Maps/FirstLevel.FirstLevel
[2025.12.21-13.26.14:109][290]LogEditorViewport: Clicking on Actor (LMB): SkeletalMeshActor (ABP_3DPrinter)
[2025.12.21-13.26.18:834][694]LogTemp: Repeating last play command: Selected Viewport
[2025.12.21-13.26.18:859][694]LogPlayLevel: PlayLevel: No blueprints needed recompiling
[2025.12.21-13.26.18:860][694]PIE: New page: PIE session: FirstLevel (21 дек. 2025 г., 19:26:18)
[2025.12.21-13.26.18:872][694]LogOnline: OSS: Creating online subsystem instance for: NULL
[2025.12.21-13.26.18:876][694]LogOnline: OSS: TryLoadSubsystemAndSetDefault: Loaded subsystem for module [NULL]
[2025.12.21-13.26.18:878][694]LogPlayLevel: Creating play world package: /Game/Workplace/Maps/UEDPIE_0_FirstLevel
[2025.12.21-13.26.18:899][694]LogPlayLevel: PIE: StaticDuplicateObject took: (0.020800s)
[2025.12.21-13.26.18:901][694]LogAIModule: Creating AISystem for world FirstLevel
[2025.12.21-13.26.18:902][694]LogPlayLevel: PIE: World Init took: (0.002611s)
[2025.12.21-13.26.18:902][694]LogPlayLevel: PIE: Created PIE world by copying editor world from /Game/Workplace/Maps/FirstLevel.FirstLevel to /Game/Workplace/Maps/UEDPIE_0_FirstLevel.FirstLevel (0.024062s)
[2025.12.21-13.26.18:926][694]LogUObjectHash: Compacting FUObjectHashTables data took   2.30ms
[2025.12.21-13.26.18:928][694]LogAudio: Display: Creating Audio Device:                 Id: 2, Scope: Unique, Realtime: True
[2025.12.21-13.26.18:929][694]LogAudioMixer: Display: Audio Mixer Platform Settings:
[2025.12.21-13.26.18:929][694]LogAudioMixer: Display: 	Sample Rate:						  48000
[2025.12.21-13.26.18:929][694]LogAudioMixer: Display: 	Callback Buffer Frame Size Requested: 1024
[2025.12.21-13.26.18:929][694]LogAudioMixer: Display: 	Callback Buffer Frame Size To Use:	  1024
[2025.12.21-13.26.18:929][694]LogAudioMixer: Display: 	Number of buffers to queue:			  2
[2025.12.21-13.26.18:929][694]LogAudioMixer: Display: 	Max Channels (voices):				  32
[2025.12.21-13.26.18:929][694]LogAudioMixer: Display: 	Number of Async Source Workers:		  0
[2025.12.21-13.26.18:929][694]LogAudio: Display: AudioDevice MaxSources: 32
[2025.12.21-13.26.18:929][694]LogAudio: Display: Audio Spatialization Plugin: None (built-in).
[2025.12.21-13.26.18:929][694]LogAudio: Display: Audio Reverb Plugin: None (built-in).
[2025.12.21-13.26.18:929][694]LogAudio: Display: Audio Occlusion Plugin: None (built-in).
[2025.12.21-13.26.18:929][694]LogAudioMixer: Display: Initializing audio mixer.
[2025.12.21-13.26.18:933][694]LogAudioMixer: Display: 0: FrontLeft
[2025.12.21-13.26.18:933][694]LogAudioMixer: Display: 1: FrontRight
[2025.12.21-13.26.18:949][694]LogAudioMixer: Display: Using Audio Device Динамики (Realtek(R) Audio)
[2025.12.21-13.26.18:949][694]LogAudioMixer: Display: Initializing Sound Submixes...
[2025.12.21-13.26.18:949][694]LogAudioMixer: Display: Creating Master Submix 'MasterSubmixDefault'
[2025.12.21-13.26.18:949][694]LogAudioMixer: Display: Creating Master Submix 'MasterReverbSubmixDefault'
[2025.12.21-13.26.18:949][694]LogAudioMixer: Display: Creating Master Submix 'MasterEQSubmixDefault'
[2025.12.21-13.26.18:949][694]LogAudioMixer: FMixerPlatformXAudio2::StartAudioStream() called
[2025.12.21-13.26.18:949][694]LogAudioMixer: Display: Output buffers initialized: Frames=1024, Channels=2, Samples=2048
[2025.12.21-13.26.18:951][694]LogAudioMixer: Display: Starting AudioMixerPlatformInterface::RunInternal()
[2025.12.21-13.26.18:951][694]LogAudioMixer: Display: FMixerPlatformXAudio2::SubmitBuffer() called for the first time
[2025.12.21-13.26.18:951][694]LogInit: FAudioDevice initialized.
[2025.12.21-13.26.18:951][694]LogAudio: Display: Audio Device (ID: 2) registered with world 'FirstLevel'.
[2025.12.21-13.26.19:033][694]LogLoad: Game class is 'BP_GameMode_C'
[2025.12.21-13.26.19:040][694]LogWorld: Bringing World /Game/Workplace/Maps/UEDPIE_0_FirstLevel.FirstLevel up for play (max tick rate 0) at 2025.12.21-16.26.19
[2025.12.21-13.26.19:042][694]LogWorld: Bringing up level for play took: 0.006473
[2025.12.21-13.26.19:043][694]LogOnline: OSS: Creating online subsystem instance for: :Context_18
[2025.12.21-13.26.19:064][694]LogSpawn: Warning: SpawnActor failed because no class was specified
[2025.12.21-13.26.19:083][694]LogNativeClassHierarchy: Verbose: Native class hierarchy updated for 'MovieSceneCapture' in 0.0005 seconds. Added 20 classes and 0 folders.
[2025.12.21-13.26.19:117][694]PIE: Server logged in
[2025.12.21-13.26.19:119][694]PIE: Play in editor total start time 0,268 seconds.
[2025.12.21-13.26.35:876][466]LogSlate: Updating window title bar state: overlay mode, drag disabled, window buttons hidden, title bar hidden
[2025.12.21-13.26.35:876][466]LogWorld: BeginTearingDown for /Game/Workplace/Maps/UEDPIE_0_FirstLevel
[2025.12.21-13.26.35:881][466]LogWorld: UWorld::CleanupWorld for FirstLevel, bSessionEnded=true, bCleanupResources=true
[2025.12.21-13.26.35:883][466]LogSlate: InvalidateAllWidgets triggered.  All widgets were invalidated
[2025.12.21-13.26.35:903][466]LogPlayLevel: Display: Shutting down PIE online subsystems
[2025.12.21-13.26.35:944][466]LogSlate: InvalidateAllWidgets triggered.  All widgets were invalidated
[2025.12.21-13.26.35:976][466]LogSlate: Updating window title bar state: overlay mode, drag disabled, window buttons hidden, title bar hidden
[2025.12.21-13.26.35:987][466]LogAudioMixer: FMixerPlatformXAudio2::StopAudioStream() called
[2025.12.21-13.26.35:989][466]LogAudioMixer: FMixerPlatformXAudio2::StopAudioStream() called
[2025.12.21-13.26.36:026][466]LogUObjectHash: Compacting FUObjectHashTables data took   4.84ms
[2025.12.21-13.26.36:063][467]LogPlayLevel: Display: Destroying online subsystem :Context_18
[2025.12.21-13.26.50:684][584]LogWindowsTextInputMethodSystem: Display: IME system deactivated.
[2025.12.21-13.26.50:685][584]LogWindowsTextInputMethodSystem: Display: IME system deactivated.
[2025.12.21-13.26.52:301][712]LogTemp: Repeating last play command: Selected Viewport
[2025.12.21-13.26.52:313][712]LogPlayLevel: PlayLevel: No blueprints needed recompiling
[2025.12.21-13.26.52:313][712]PIE: New page: PIE session: FirstLevel (21 дек. 2025 г., 19:26:52)
[2025.12.21-13.26.52:346][712]LogPlayLevel: Creating play world package: /Game/Workplace/Maps/UEDPIE_0_FirstLevel
[2025.12.21-13.26.52:369][712]LogPlayLevel: PIE: StaticDuplicateObject took: (0.022990s)
[2025.12.21-13.26.52:372][712]LogAIModule: Creating AISystem for world FirstLevel
[2025.12.21-13.26.52:373][712]LogPlayLevel: PIE: World Init took: (0.003143s)
[2025.12.21-13.26.52:373][712]LogPlayLevel: PIE: Created PIE world by copying editor world from /Game/Workplace/Maps/FirstLevel.FirstLevel to /Game/Workplace/Maps/UEDPIE_0_FirstLevel.FirstLevel (0.026514s)
[2025.12.21-13.26.52:448][712]LogUObjectHash: Compacting FUObjectHashTables data took   9.56ms
[2025.12.21-13.26.52:450][712]LogAudio: Display: Creating Audio Device:                 Id: 3, Scope: Unique, Realtime: True
[2025.12.21-13.26.52:450][712]LogAudioMixer: Display: Audio Mixer Platform Settings:
[2025.12.21-13.26.52:450][712]LogAudioMixer: Display: 	Sample Rate:						  48000
[2025.12.21-13.26.52:450][712]LogAudioMixer: Display: 	Callback Buffer Frame Size Requested: 1024
[2025.12.21-13.26.52:450][712]LogAudioMixer: Display: 	Callback Buffer Frame Size To Use:	  1024
[2025.12.21-13.26.52:450][712]LogAudioMixer: Display: 	Number of buffers to queue:			  2
[2025.12.21-13.26.52:450][712]LogAudioMixer: Display: 	Max Channels (voices):				  32
[2025.12.21-13.26.52:450][712]LogAudioMixer: Display: 	Number of Async Source Workers:		  0
[2025.12.21-13.26.52:450][712]LogAudio: Display: AudioDevice MaxSources: 32
[2025.12.21-13.26.52:451][712]LogAudio: Display: Audio Spatialization Plugin: None (built-in).
[2025.12.21-13.26.52:451][712]LogAudio: Display: Audio Reverb Plugin: None (built-in).
[2025.12.21-13.26.52:451][712]LogAudio: Display: Audio Occlusion Plugin: None (built-in).
[2025.12.21-13.26.52:452][712]LogAudioMixer: Display: Initializing audio mixer.
[2025.12.21-13.26.52:458][712]LogAudioMixer: Display: 0: FrontLeft
[2025.12.21-13.26.52:458][712]LogAudioMixer: Display: 1: FrontRight
[2025.12.21-13.26.52:492][712]LogAudioMixer: Display: Using Audio Device Динамики (Realtek(R) Audio)
[2025.12.21-13.26.52:492][712]LogAudioMixer: Display: Initializing Sound Submixes...
[2025.12.21-13.26.52:493][712]LogAudioMixer: Display: Creating Master Submix 'MasterSubmixDefault'
[2025.12.21-13.26.52:493][712]LogAudioMixer: Display: Creating Master Submix 'MasterReverbSubmixDefault'
[2025.12.21-13.26.52:494][712]LogAudioMixer: Display: Creating Master Submix 'MasterEQSubmixDefault'
[2025.12.21-13.26.52:494][712]LogAudioMixer: FMixerPlatformXAudio2::StartAudioStream() called
[2025.12.21-13.26.52:494][712]LogAudioMixer: Display: Output buffers initialized: Frames=1024, Channels=2, Samples=2048
[2025.12.21-13.26.52:497][712]LogAudioMixer: Display: Starting AudioMixerPlatformInterface::RunInternal()
[2025.12.21-13.26.52:497][712]LogAudioMixer: Display: FMixerPlatformXAudio2::SubmitBuffer() called for the first time
[2025.12.21-13.26.52:497][712]LogInit: FAudioDevice initialized.
[2025.12.21-13.26.52:497][712]LogAudio: Display: Audio Device (ID: 3) registered with world 'FirstLevel'.
[2025.12.21-13.26.52:512][712]LogLoad: Game class is 'BP_GameMode_C'
[2025.12.21-13.26.52:518][712]LogWorld: Bringing World /Game/Workplace/Maps/UEDPIE_0_FirstLevel.FirstLevel up for play (max tick rate 0) at 2025.12.21-16.26.52
[2025.12.21-13.26.52:518][712]LogWorld: Bringing up level for play took: 0.004200
[2025.12.21-13.26.52:519][712]LogOnline: OSS: Creating online subsystem instance for: :Context_19
[2025.12.21-13.26.52:523][712]LogSpawn: Warning: SpawnActor failed because no class was specified
[2025.12.21-13.26.52:528][712]PIE: Server logged in
[2025.12.21-13.26.52:530][712]PIE: Play in editor total start time 0,218 seconds.
[2025.12.21-13.27.08:180][533]LogSlate: Updating window title bar state: overlay mode, drag disabled, window buttons hidden, title bar hidden
[2025.12.21-13.27.08:180][533]LogWorld: BeginTearingDown for /Game/Workplace/Maps/UEDPIE_0_FirstLevel
[2025.12.21-13.27.08:180][533]LogWorld: UWorld::CleanupWorld for FirstLevel, bSessionEnded=true, bCleanupResources=true
[2025.12.21-13.27.08:181][533]LogSlate: InvalidateAllWidgets triggered.  All widgets were invalidated
[2025.12.21-13.27.08:196][533]LogPlayLevel: Display: Shutting down PIE online subsystems
[2025.12.21-13.27.08:238][533]LogSlate: InvalidateAllWidgets triggered.  All widgets were invalidated
[2025.12.21-13.27.08:266][533]LogSlate: Updating window title bar state: overlay mode, drag disabled, window buttons hidden, title bar hidden
[2025.12.21-13.27.08:266][533]LogAudioMixer: FMixerPlatformXAudio2::StopAudioStream() called
[2025.12.21-13.27.08:268][533]LogAudioMixer: FMixerPlatformXAudio2::StopAudioStream() called
[2025.12.21-13.27.08:274][533]LogUObjectHash: Compacting FUObjectHashTables data took   2.61ms
[2025.12.21-13.27.08:304][534]LogPlayLevel: Display: Destroying online subsystem :Context_19
[2025.12.21-13.27.21:453][809]LogTemp: Repeating last play command: Selected Viewport
[2025.12.21-13.27.21:462][809]LogPlayLevel: PlayLevel: No blueprints needed recompiling
[2025.12.21-13.27.21:462][809]PIE: New page: PIE session: FirstLevel (21 дек. 2025 г., 19:27:21)
[2025.12.21-13.27.21:485][809]LogPlayLevel: Creating play world package: /Game/Workplace/Maps/UEDPIE_0_FirstLevel
[2025.12.21-13.27.21:498][809]LogPlayLevel: PIE: StaticDuplicateObject took: (0.012756s)
[2025.12.21-13.27.21:500][809]LogAIModule: Creating AISystem for world FirstLevel
[2025.12.21-13.27.21:500][809]LogPlayLevel: PIE: World Init took: (0.001769s)
[2025.12.21-13.27.21:500][809]LogPlayLevel: PIE: Created PIE world by copying editor world from /Game/Workplace/Maps/FirstLevel.FirstLevel to /Game/Workplace/Maps/UEDPIE_0_FirstLevel.FirstLevel (0.014839s)
[2025.12.21-13.27.21:537][809]LogUObjectHash: Compacting FUObjectHashTables data took   4.09ms
[2025.12.21-13.27.21:538][809]LogAudio: Display: Creating Audio Device:                 Id: 4, Scope: Unique, Realtime: True
[2025.12.21-13.27.21:538][809]LogAudioMixer: Display: Audio Mixer Platform Settings:
[2025.12.21-13.27.21:538][809]LogAudioMixer: Display: 	Sample Rate:						  48000
[2025.12.21-13.27.21:538][809]LogAudioMixer: Display: 	Callback Buffer Frame Size Requested: 1024
[2025.12.21-13.27.21:538][809]LogAudioMixer: Display: 	Callback Buffer Frame Size To Use:	  1024
[2025.12.21-13.27.21:538][809]LogAudioMixer: Display: 	Number of buffers to queue:			  2
[2025.12.21-13.27.21:538][809]LogAudioMixer: Display: 	Max Channels (voices):				  32
[2025.12.21-13.27.21:538][809]LogAudioMixer: Display: 	Number of Async Source Workers:		  0
[2025.12.21-13.27.21:538][809]LogAudio: Display: AudioDevice MaxSources: 32
[2025.12.21-13.27.21:539][809]LogAudio: Display: Audio Spatialization Plugin: None (built-in).
[2025.12.21-13.27.21:539][809]LogAudio: Display: Audio Reverb Plugin: None (built-in).
[2025.12.21-13.27.21:539][809]LogAudio: Display: Audio Occlusion Plugin: None (built-in).
[2025.12.21-13.27.21:539][809]LogAudioMixer: Display: Initializing audio mixer.
[2025.12.21-13.27.21:542][809]LogAudioMixer: Display: 0: FrontLeft
[2025.12.21-13.27.21:542][809]LogAudioMixer: Display: 1: FrontRight
[2025.12.21-13.27.21:559][809]LogAudioMixer: Display: Using Audio Device Динамики (Realtek(R) Audio)
[2025.12.21-13.27.21:559][809]LogAudioMixer: Display: Initializing Sound Submixes...
[2025.12.21-13.27.21:560][809]LogAudioMixer: Display: Creating Master Submix 'MasterSubmixDefault'
[2025.12.21-13.27.21:560][809]LogAudioMixer: Display: Creating Master Submix 'MasterReverbSubmixDefault'
[2025.12.21-13.27.21:560][809]LogAudioMixer: Display: Creating Master Submix 'MasterEQSubmixDefault'
[2025.12.21-13.27.21:560][809]LogAudioMixer: FMixerPlatformXAudio2::StartAudioStream() called
[2025.12.21-13.27.21:560][809]LogAudioMixer: Display: Output buffers initialized: Frames=1024, Channels=2, Samples=2048
[2025.12.21-13.27.21:562][809]LogAudioMixer: Display: Starting AudioMixerPlatformInterface::RunInternal()
[2025.12.21-13.27.21:562][809]LogAudioMixer: Display: FMixerPlatformXAudio2::SubmitBuffer() called for the first time
[2025.12.21-13.27.21:562][809]LogInit: FAudioDevice initialized.
[2025.12.21-13.27.21:562][809]LogAudio: Display: Audio Device (ID: 4) registered with world 'FirstLevel'.
[2025.12.21-13.27.21:572][809]LogLoad: Game class is 'BP_GameMode_C'
[2025.12.21-13.27.21:574][809]LogWorld: Bringing World /Game/Workplace/Maps/UEDPIE_0_FirstLevel.FirstLevel up for play (max tick rate 0) at 2025.12.21-16.27.21
[2025.12.21-13.27.21:574][809]LogWorld: Bringing up level for play took: 0.001967
[2025.12.21-13.27.21:574][809]LogOnline: OSS: Creating online subsystem instance for: :Context_20
[2025.12.21-13.27.21:577][809]LogSpawn: Warning: SpawnActor failed because no class was specified
[2025.12.21-13.27.21:578][809]PIE: Server logged in
[2025.12.21-13.27.21:579][809]PIE: Play in editor total start time 0,119 seconds.
[2025.12.21-13.27.55:139][648]LogSlate: Updating window title bar state: overlay mode, drag disabled, window buttons hidden, title bar hidden
[2025.12.21-13.27.55:139][648]LogWorld: BeginTearingDown for /Game/Workplace/Maps/UEDPIE_0_FirstLevel
[2025.12.21-13.27.55:140][648]LogWorld: UWorld::CleanupWorld for FirstLevel, bSessionEnded=true, bCleanupResources=true
[2025.12.21-13.27.55:141][648]LogSlate: InvalidateAllWidgets triggered.  All widgets were invalidated
[2025.12.21-13.27.55:158][648]LogPlayLevel: Display: Shutting down PIE online subsystems
[2025.12.21-13.27.55:207][648]LogSlate: InvalidateAllWidgets triggered.  All widgets were invalidated
[2025.12.21-13.27.55:236][648]LogSlate: Updating window title bar state: overlay mode, drag disabled, window buttons hidden, title bar hidden
[2025.12.21-13.27.55:236][648]LogAudioMixer: FMixerPlatformXAudio2::StopAudioStream() called
[2025.12.21-13.27.55:238][648]LogAudioMixer: FMixerPlatformXAudio2::StopAudioStream() called
[2025.12.21-13.27.55:245][648]LogUObjectHash: Compacting FUObjectHashTables data took   3.33ms
[2025.12.21-13.27.55:280][649]LogPlayLevel: Display: Destroying online subsystem :Context_20
[2025.12.21-13.28.11:159][748]LogUObjectHash: Compacting FUObjectHashTables data took   4.29ms
[2025.12.21-13.28.16:936][181]LogAssetEditorSubsystem: Opening Asset editor for SkeletalMesh /Game/Workplace/Meshes/SK/3D_printer.3D_printer
[2025.12.21-13.28.16:963][181]LogActorComponent: RegisterComponentWithWorld: (/Engine/Transient.World_17:PersistentLevel.AnimationEditorPreviewActor_0.DebugSkelMeshComponent_0) Already registered. Aborting.
[2025.12.21-13.28.17:425][182]LogRenderer: Reallocating scene render targets to support 912x544 Format 10 NumSamples 1 (Frame:1).
[2025.12.21-13.28.21:917][493]LogWindowsTextInputMethodSystem: Display: IME system deactivated.
[2025.12.21-13.28.21:917][493]LogWindowsTextInputMethodSystem: Display: IME system deactivated.
[2025.12.21-13.28.32:351][233]LogWindowsTextInputMethodSystem: Display: IME system deactivated.
[2025.12.21-13.28.32:351][233]LogWindowsTextInputMethodSystem: Display: IME system deactivated.
[2025.12.21-13.28.35:951][409]LogWindowsTextInputMethodSystem: Display: IME system deactivated.
[2025.12.21-13.28.35:951][409]LogWindowsTextInputMethodSystem: Display: IME system deactivated.
[2025.12.21-13.28.38:051][511]LogMaterial: Display: Material /Game/Workplace/Materials/PlasticMaterial.PlasticMaterial needed to have new flag set bUsedWithSkeletalMesh !
[2025.12.21-13.28.38:055][511]LogMaterial: Display: Missing cached shadermap for PlasticMaterial in PCD3D_SM5, Default, SM5 (DDC key hash: C04A98903549E90B66E4A97B07946E20ECE7AC8E), compiling. 
[2025.12.21-13.28.38:178][511]LogShaderCompilers: Display: Submitted 32 shader compile jobs with 'Low' priority
[2025.12.21-13.28.38:187][511]LogShaderCompilers: Display: Worker (1/5): shaders left to compile 32
[2025.12.21-13.28.38:187][511]LogShaderCompilers: Display: Worker (2/5): shaders left to compile 23
[2025.12.21-13.28.38:187][511]LogShaderCompilers: Display: Worker (3/5): shaders left to compile 14
[2025.12.21-13.28.38:187][511]LogShaderCompilers: Display: Worker (4/5): shaders left to compile 5
[2025.12.21-13.28.38:187][511]LogShaderCompilers: Display: Started 32 'Local' shader compile jobs with 'Low' priority
[2025.12.21-13.28.42:549][797]LogUObjectHash: Compacting FUObjectHashTables data took   5.78ms
[2025.12.21-13.28.44:645][797]LogShaderCompilers: Display: === FShaderJobCache stats ===
[2025.12.21-13.28.44:645][797]LogShaderCompilers: Display: Total job queries 32, among them cache hits 0 (0.00%)
[2025.12.21-13.28.44:645][797]LogShaderCompilers: Display: Tracking 32 distinct input hashes that result in 23 distinct outputs (71.88%)
[2025.12.21-13.28.44:645][797]LogShaderCompilers: Display: RAM used: 0.13 MB (0.00 GB) of 409.60 MB (0.40 GB) budget. Usage: 0.03%
[2025.12.21-13.28.44:645][797]LogShaderCompilers: Display: ================================================
[2025.12.21-13.28.44:678][797]LogSavePackage: Moving '../../../../../../WORKPLACE/Mini_laboratory/MEPhI_VR_term_1/Mini_laboratory/Saved/PlasticMaterialA92C3CBB473D752BB8C2F8A25EEF144E.tmp' to '../../../../../../WORKPLACE/Mini_laboratory/MEPhI_VR_term_1/Mini_laboratory/Content/Workplace/Materials/PlasticMaterial.uasset'
[2025.12.21-13.28.44:733][797]LogSavePackage: Moving '../../../../../../WORKPLACE/Mini_laboratory/MEPhI_VR_term_1/Mini_laboratory/Saved/3D_printerFDD4BE58480E9334E7CD38A342497B39.tmp' to '../../../../../../WORKPLACE/Mini_laboratory/MEPhI_VR_term_1/Mini_laboratory/Content/Workplace/Meshes/SK/3D_printer.uasset'
[2025.12.21-13.28.44:776][797]AssetCheck: New page: Asset Save: multiple assets
[2025.12.21-13.28.44:776][797]LogContentValidation: Display: Validating Material /Game/Workplace/Materials/PlasticMaterial.PlasticMaterial
[2025.12.21-13.28.44:776][797]LogContentValidation: Display: Validating SkeletalMesh /Game/Workplace/Meshes/SK/3D_printer.3D_printer
[2025.12.21-13.28.46:489][942]LogTemp: Repeating last play command: Selected Viewport
[2025.12.21-13.28.46:509][942]LogPlayLevel: PlayLevel: No blueprints needed recompiling
[2025.12.21-13.28.46:509][942]PIE: New page: PIE session: FirstLevel (21 дек. 2025 г., 19:28:46)
[2025.12.21-13.28.46:509][942]LogPlayLevel: Creating play world package: /Game/Workplace/Maps/UEDPIE_0_FirstLevel
[2025.12.21-13.28.46:529][942]LogPlayLevel: PIE: StaticDuplicateObject took: (0.019208s)
[2025.12.21-13.28.46:530][942]LogAIModule: Creating AISystem for world FirstLevel
[2025.12.21-13.28.46:531][942]LogPlayLevel: PIE: World Init took: (0.002049s)
[2025.12.21-13.28.46:531][942]LogPlayLevel: PIE: Created PIE world by copying editor world from /Game/Workplace/Maps/FirstLevel.FirstLevel to /Game/Workplace/Maps/UEDPIE_0_FirstLevel.FirstLevel (0.021494s)
[2025.12.21-13.28.46:566][942]LogUObjectHash: Compacting FUObjectHashTables data took   3.69ms
[2025.12.21-13.28.46:567][942]LogAudio: Display: Creating Audio Device:                 Id: 5, Scope: Unique, Realtime: True
[2025.12.21-13.28.46:567][942]LogAudioMixer: Display: Audio Mixer Platform Settings:
[2025.12.21-13.28.46:567][942]LogAudioMixer: Display: 	Sample Rate:						  48000
[2025.12.21-13.28.46:567][942]LogAudioMixer: Display: 	Callback Buffer Frame Size Requested: 1024
[2025.12.21-13.28.46:567][942]LogAudioMixer: Display: 	Callback Buffer Frame Size To Use:	  1024
[2025.12.21-13.28.46:567][942]LogAudioMixer: Display: 	Number of buffers to queue:			  2
[2025.12.21-13.28.46:567][942]LogAudioMixer: Display: 	Max Channels (voices):				  32
[2025.12.21-13.28.46:567][942]LogAudioMixer: Display: 	Number of Async Source Workers:		  0
[2025.12.21-13.28.46:567][942]LogAudio: Display: AudioDevice MaxSources: 32
[2025.12.21-13.28.46:568][942]LogAudio: Display: Audio Spatialization Plugin: None (built-in).
[2025.12.21-13.28.46:568][942]LogAudio: Display: Audio Reverb Plugin: None (built-in).
[2025.12.21-13.28.46:568][942]LogAudio: Display: Audio Occlusion Plugin: None (built-in).
[2025.12.21-13.28.46:568][942]LogAudioMixer: Display: Initializing audio mixer.
[2025.12.21-13.28.46:571][942]LogAudioMixer: Display: 0: FrontLeft
[2025.12.21-13.28.46:571][942]LogAudioMixer: Display: 1: FrontRight
[2025.12.21-13.28.46:585][942]LogAudioMixer: Display: Using Audio Device Динамики (Realtek(R) Audio)
[2025.12.21-13.28.46:585][942]LogAudioMixer: Display: Initializing Sound Submixes...
[2025.12.21-13.28.46:585][942]LogAudioMixer: Display: Creating Master Submix 'MasterSubmixDefault'
[2025.12.21-13.28.46:585][942]LogAudioMixer: Display: Creating Master Submix 'MasterReverbSubmixDefault'
[2025.12.21-13.28.46:586][942]LogAudioMixer: Display: Creating Master Submix 'MasterEQSubmixDefault'
[2025.12.21-13.28.46:586][942]LogAudioMixer: FMixerPlatformXAudio2::StartAudioStream() called
[2025.12.21-13.28.46:586][942]LogAudioMixer: Display: Output buffers initialized: Frames=1024, Channels=2, Samples=2048
[2025.12.21-13.28.46:587][942]LogAudioMixer: Display: Starting AudioMixerPlatformInterface::RunInternal()
[2025.12.21-13.28.46:587][942]LogAudioMixer: Display: FMixerPlatformXAudio2::SubmitBuffer() called for the first time
[2025.12.21-13.28.46:587][942]LogInit: FAudioDevice initialized.
[2025.12.21-13.28.46:587][942]LogAudio: Display: Audio Device (ID: 5) registered with world 'FirstLevel'.
[2025.12.21-13.28.46:600][942]LogLoad: Game class is 'BP_GameMode_C'
[2025.12.21-13.28.46:602][942]LogWorld: Bringing World /Game/Workplace/Maps/UEDPIE_0_FirstLevel.FirstLevel up for play (max tick rate 0) at 2025.12.21-16.28.46
[2025.12.21-13.28.46:603][942]LogWorld: Bringing up level for play took: 0.001971
[2025.12.21-13.28.46:603][942]LogOnline: OSS: Creating online subsystem instance for: :Context_22
[2025.12.21-13.28.46:606][942]LogSpawn: Warning: SpawnActor failed because no class was specified
[2025.12.21-13.28.46:608][942]PIE: Server logged in
[2025.12.21-13.28.46:608][942]PIE: Play in editor total start time 0,102 seconds.
[2025.12.21-13.29.25:037][221]LogSlate: Updating window title bar state: overlay mode, drag disabled, window buttons hidden, title bar hidden
[2025.12.21-13.29.25:037][221]LogWorld: BeginTearingDown for /Game/Workplace/Maps/UEDPIE_0_FirstLevel
[2025.12.21-13.29.25:037][221]LogWorld: UWorld::CleanupWorld for FirstLevel, bSessionEnded=true, bCleanupResources=true
[2025.12.21-13.29.25:038][221]LogSlate: InvalidateAllWidgets triggered.  All widgets were invalidated
[2025.12.21-13.29.25:052][221]LogPlayLevel: Display: Shutting down PIE online subsystems
[2025.12.21-13.29.25:093][221]LogSlate: InvalidateAllWidgets triggered.  All widgets were invalidated
[2025.12.21-13.29.25:122][221]LogSlate: Updating window title bar state: overlay mode, drag disabled, window buttons hidden, title bar hidden
[2025.12.21-13.29.25:122][221]LogAudioMixer: FMixerPlatformXAudio2::StopAudioStream() called
[2025.12.21-13.29.25:123][221]LogAudioMixer: FMixerPlatformXAudio2::StopAudioStream() called
[2025.12.21-13.29.25:146][221]LogUObjectHash: Compacting FUObjectHashTables data took   3.46ms
[2025.12.21-13.29.25:181][222]LogPlayLevel: Display: Destroying online subsystem :Context_22
[2025.12.21-13.29.27:515][403]LogUObjectHash: Compacting FUObjectHashTables data took   4.06ms
[2025.12.21-13.29.29:270][531]LogUObjectHash: Compacting FUObjectHashTables data took   2.87ms
[2025.12.21-13.29.30:888][647]LogUObjectHash: Compacting FUObjectHashTables data took   2.87ms
[2025.12.21-13.29.38:175][319]LogWorld: UWorld::CleanupWorld for World_14, bSessionEnded=true, bCleanupResources=true
[2025.12.21-13.29.38:175][319]LogSlate: InvalidateAllWidgets triggered.  All widgets were invalidated
[2025.12.21-13.29.38:199][319]LogWorld: UWorld::CleanupWorld for World_13, bSessionEnded=true, bCleanupResources=true
[2025.12.21-13.29.38:199][319]LogSlate: InvalidateAllWidgets triggered.  All widgets were invalidated
[2025.12.21-13.29.38:364][319]LogWorld: UWorld::CleanupWorld for World_15, bSessionEnded=true, bCleanupResources=true
[2025.12.21-13.29.38:364][319]LogSlate: InvalidateAllWidgets triggered.  All widgets were invalidated
[2025.12.21-13.29.38:876][356]LogWorld: UWorld::CleanupWorld for World_17, bSessionEnded=true, bCleanupResources=true
[2025.12.21-13.29.38:876][356]LogSlate: InvalidateAllWidgets triggered.  All widgets were invalidated
[2025.12.21-13.29.40:155][458]LogUObjectHash: Compacting FUObjectHashTables data took   3.93ms
[2025.12.21-13.29.40:179][458]LogSlate: Window 'Mini_laboratory - Unreal Editor' being destroyed
[2025.12.21-13.29.40:332][459]Cmd: QUIT_EDITOR
[2025.12.21-13.29.40:332][459]LogCore: Engine exit requested (reason: UUnrealEdEngine::CloseEditor())
[2025.12.21-13.29.40:338][459]LogCore: Engine exit requested (reason: EngineExit() was called; note: exit was already requested)
[2025.12.21-13.29.41:046][459]LogAudio: Display: Beginning Audio Device Manager Shutdown (Module: AudioMixerXAudio2)...
[2025.12.21-13.29.41:046][459]LogAudio: Display: Destroying 1 Remaining Audio Device(s)...
[2025.12.21-13.29.41:046][459]LogAudio: Display: Audio Device unregistered from world 'FirstLevel'.
[2025.12.21-13.29.41:046][459]LogAudioMixer: FMixerPlatformXAudio2::StopAudioStream() called
[2025.12.21-13.29.41:049][459]LogAudioMixer: FMixerPlatformXAudio2::StopAudioStream() called
[2025.12.21-13.29.41:103][459]LogAudio: Display: Audio Device Manager Shutdown
[2025.12.21-13.29.41:104][459]LogWindowsTextInputMethodSystem: Display: IME system deactivated.
[2025.12.21-13.29.41:115][459]LogExit: Preparing to exit.
[2025.12.21-13.29.41:816][459]LogUObjectHash: Compacting FUObjectHashTables data took   4.01ms
[2025.12.21-13.29.41:952][459]LogWorld: UWorld::CleanupWorld for World_3, bSessionEnded=true, bCleanupResources=true
[2025.12.21-13.29.41:955][459]LogWorld: UWorld::CleanupWorld for World_4, bSessionEnded=true, bCleanupResources=true
[2025.12.21-13.29.41:958][459]LogWorld: UWorld::CleanupWorld for World_5, bSessionEnded=true, bCleanupResources=true
[2025.12.21-13.29.41:962][459]LogWorld: UWorld::CleanupWorld for World_6, bSessionEnded=true, bCleanupResources=true
[2025.12.21-13.29.41:965][459]LogWorld: UWorld::CleanupWorld for World_7, bSessionEnded=true, bCleanupResources=true
[2025.12.21-13.29.41:967][459]LogWorld: UWorld::CleanupWorld for World_8, bSessionEnded=true, bCleanupResources=true
[2025.12.21-13.29.41:971][459]LogWorld: UWorld::CleanupWorld for World_9, bSessionEnded=true, bCleanupResources=true
[2025.12.21-13.29.41:974][459]LogWorld: UWorld::CleanupWorld for World_10, bSessionEnded=true, bCleanupResources=true
[2025.12.21-13.29.41:977][459]LogWorld: UWorld::CleanupWorld for World_11, bSessionEnded=true, bCleanupResources=true
[2025.12.21-13.29.41:982][459]LogWorld: UWorld::CleanupWorld for World_16, bSessionEnded=true, bCleanupResources=true
[2025.12.21-13.29.41:986][459]LogWorld: UWorld::CleanupWorld for World_0, bSessionEnded=true, bCleanupResources=true
[2025.12.21-13.29.41:989][459]LogWorld: UWorld::CleanupWorld for World_2, bSessionEnded=true, bCleanupResources=true
[2025.12.21-13.29.41:992][459]LogWorld: UWorld::CleanupWorld for World_1, bSessionEnded=true, bCleanupResources=true
[2025.12.21-13.29.41:995][459]LogWorld: UWorld::CleanupWorld for World_12, bSessionEnded=true, bCleanupResources=true
[2025.12.21-13.29.42:075][459]LogWorld: UWorld::CleanupWorld for None, bSessionEnded=true, bCleanupResources=true
[2025.12.21-13.29.42:076][459]LogExit: Editor shut down
[2025.12.21-13.29.42:076][459]LogExit: Transaction tracking system shut down
[2025.12.21-13.29.42:085][459]LogDemo: Cleaned up 0 splitscreen connections with owner deletion
[2025.12.21-13.29.42:564][459]LogExit: Object subsystem successfully closed.
[2025.12.21-13.29.42:581][459]LogShaderCompilers: Display: === FShaderJobCache stats ===
[2025.12.21-13.29.42:581][459]LogShaderCompilers: Display: Total job queries 32, among them cache hits 0 (0.00%)
[2025.12.21-13.29.42:581][459]LogShaderCompilers: Display: Tracking 32 distinct input hashes that result in 23 distinct outputs (71.88%)
[2025.12.21-13.29.42:581][459]LogShaderCompilers: Display: RAM used: 0.13 MB (0.00 GB) of 409.60 MB (0.40 GB) budget. Usage: 0.03%
[2025.12.21-13.29.42:581][459]LogShaderCompilers: Display: ================================================
[2025.12.21-13.29.42:608][459]LogShaderCompilers: Display: Shaders left to compile 0
[2025.12.21-13.29.42:690][459]LogModuleManager: Shutting down and abandoning module MovieSceneCapture (880)
[2025.12.21-13.29.42:690][459]LogModuleManager: Shutting down and abandoning module Voice (878)
[2025.12.21-13.29.42:690][459]LogModuleManager: Shutting down and abandoning module BlueprintGraph (876)
[2025.12.21-13.29.42:690][459]LogModuleManager: Shutting down and abandoning module PinnedCommandList (874)
[2025.12.21-13.29.42:690][459]LogModuleManager: Shutting down and abandoning module SkeletonEditor (872)
[2025.12.21-13.29.42:690][459]LogModuleManager: Shutting down and abandoning module HierarchicalLODOutliner (870)
[2025.12.21-13.29.42:690][459]LogModuleManager: Shutting down and abandoning module SceneOutliner (868)
[2025.12.21-13.29.42:690][459]LogModuleManager: Shutting down and abandoning module AddContentDialog (866)
[2025.12.21-13.29.42:692][459]LogModuleManager: Shutting down and abandoning module WidgetCarousel (865)
[2025.12.21-13.29.42:692][459]LogModuleManager: Shutting down and abandoning module EditorWidgets (862)
[2025.12.21-13.29.42:692][459]LogModuleManager: Shutting down and abandoning module StatsViewer (860)
[2025.12.21-13.29.42:693][459]LogModuleManager: Shutting down and abandoning module PIEPreviewDeviceProfileSelector (858)
[2025.12.21-13.29.42:694][459]LogModuleManager: Shutting down and abandoning module SequenceRecorderSections (856)
[2025.12.21-13.29.42:694][459]LogModuleManager: Shutting down and abandoning module AutomationWorker (854)
[2025.12.21-13.29.42:695][459]LogModuleManager: Shutting down and abandoning module SteamVREditor (852)
[2025.12.21-13.29.42:695][459]LogModuleManager: Shutting down and abandoning module OculusMR (850)
[2025.12.21-13.29.42:695][459]LogModuleManager: Shutting down and abandoning module TakeRecorderSources (848)
[2025.12.21-13.29.42:697][459]LogModuleManager: Shutting down and abandoning module TakeRecorder (847)
[2025.12.21-13.29.42:699][459]LogModuleManager: Shutting down and abandoning module TakeTrackRecorders (844)
[2025.12.21-13.29.42:699][459]LogModuleManager: Shutting down and abandoning module TakesCore (842)
[2025.12.21-13.29.42:700][459]LogModuleManager: Shutting down and abandoning module OpenXRInput (840)
[2025.12.21-13.29.42:700][459]LogModuleManager: Shutting down and abandoning module GooglePADEditor (838)
[2025.12.21-13.29.42:700][459]LogModuleManager: Shutting down and abandoning module AudioCaptureEditor (836)
[2025.12.21-13.29.42:700][459]LogModuleManager: Shutting down and abandoning module TemplateSequenceEditor (834)
[2025.12.21-13.29.42:700][459]LogModuleManager: Shutting down and abandoning module MatineeToLevelSequence (832)
[2025.12.21-13.29.42:701][459]LogModuleManager: Shutting down and abandoning module LevelSequenceEditor (830)
[2025.12.21-13.29.42:703][459]LogModuleManager: Shutting down and abandoning module ActorSequenceEditor (828)
[2025.12.21-13.29.42:703][459]LogModuleManager: Shutting down and abandoning module WmfMediaFactory (826)
[2025.12.21-13.29.42:703][459]LogModuleManager: Shutting down and abandoning module WmfMediaEditor (824)
[2025.12.21-13.29.42:703][459]LogModuleManager: Shutting down and abandoning module WebMMediaFactory (822)
[2025.12.21-13.29.42:703][459]LogModuleManager: Shutting down and abandoning module WebMMediaEditor (820)
[2025.12.21-13.29.42:703][459]LogModuleManager: Shutting down and abandoning module WebMMedia (818)
[2025.12.21-13.29.42:704][459]LogModuleManager: Shutting down and abandoning module MediaPlayerEditor (816)
[2025.12.21-13.29.42:705][459]LogModuleManager: Shutting down and abandoning module MediaCompositingEditor (814)
[2025.12.21-13.29.42:706][459]LogModuleManager: Shutting down and abandoning module SequenceRecorder (813)
[2025.12.21-13.29.42:706][459]LogModuleManager: Shutting down and abandoning module OpenExrWrapper (810)
[2025.12.21-13.29.42:706][459]LogModuleManager: Shutting down and abandoning module ImgMediaFactory (808)
[2025.12.21-13.29.42:706][459]LogModuleManager: Shutting down and abandoning module ImgMediaEditor (806)
[2025.12.21-13.29.42:706][459]LogModuleManager: Shutting down and abandoning module AvfMediaFactory (804)
[2025.12.21-13.29.42:706][459]LogModuleManager: Shutting down and abandoning module AvfMediaEditor (802)
[2025.12.21-13.29.42:706][459]LogModuleManager: Shutting down and abandoning module PlanarCut (800)
[2025.12.21-13.29.42:708][459]LogModuleManager: Shutting down and abandoning module AndroidMediaFactory (798)
[2025.12.21-13.29.42:708][459]LogModuleManager: Shutting down and abandoning module AndroidMediaEditor (796)
[2025.12.21-13.29.42:708][459]LogModuleManager: Shutting down and abandoning module CharacterAI (794)
[2025.12.21-13.29.42:708][459]LogModuleManager: Shutting down and abandoning module MagicLeapMediaCodecFactory (792)
[2025.12.21-13.29.42:708][459]LogModuleManager: Shutting down and abandoning module MagicLeapMediaFactory (790)
[2025.12.21-13.29.42:708][459]LogModuleManager: Shutting down and abandoning module MagicLeapMediaEditor (788)
[2025.12.21-13.29.42:708][459]LogModuleManager: Shutting down and abandoning module TextureAlignMode (786)
[2025.12.21-13.29.42:708][459]LogModuleManager: Shutting down and abandoning module BspMode (784)
[2025.12.21-13.29.42:708][459]LogModuleManager: Shutting down and abandoning module GeometryMode (782)
[2025.12.21-13.29.42:708][459]LogModuleManager: Shutting down and abandoning module CameraShakePreviewer (780)
[2025.12.21-13.29.42:709][459]LogModuleManager: Shutting down and abandoning module SmartSnapping (778)
[2025.12.21-13.29.42:709][459]LogModuleManager: Shutting down and abandoning module SessionServices (776)
[2025.12.21-13.29.42:709][459]LogModuleManager: Shutting down and abandoning module MeshPaint (774)
[2025.12.21-13.29.42:710][459]LogModuleManager: Shutting down and abandoning module VirtualTexturingEditor (772)
[2025.12.21-13.29.42:711][459]LogModuleManager: Shutting down and abandoning module FoliageEdit (770)
[2025.12.21-13.29.42:711][459]LogModuleManager: Shutting down and abandoning module LandscapeEditor (768)
[2025.12.21-13.29.42:714][459]LogModuleManager: Shutting down and abandoning module MeshPaintMode (766)
[2025.12.21-13.29.42:714][459]LogModuleManager: Shutting down and abandoning module SceneDepthPickerMode (764)
[2025.12.21-13.29.42:714][459]LogModuleManager: Shutting down and abandoning module ActorPickerMode (762)
[2025.12.21-13.29.42:714][459]LogModuleManager: Shutting down and abandoning module PlacementMode (760)
[2025.12.21-13.29.42:714][459]LogModuleManager: Shutting down and abandoning module ViewportSnapping (758)
[2025.12.21-13.29.42:714][459]LogModuleManager: Shutting down and abandoning module ViewportInteraction (756)
[2025.12.21-13.29.42:714][459]LogModuleManager: Shutting down and abandoning module ClothPainter (754)
[2025.12.21-13.29.42:715][459]LogModuleManager: Shutting down and abandoning module SkeletalMeshEditor (753)
[2025.12.21-13.29.42:715][459]LogModuleManager: Shutting down and abandoning module LogVisualizer (750)
[2025.12.21-13.29.42:717][459]LogModuleManager: Shutting down and abandoning module IntroTutorials (748)
[2025.12.21-13.29.42:717][459]LogModuleManager: Shutting down and abandoning module GameProjectGeneration (747)
[2025.12.21-13.29.42:717][459]LogModuleManager: Shutting down and abandoning module LuminPlatformEditor (744)
[2025.12.21-13.29.42:717][459]LogModuleManager: Shutting down and abandoning module IOSPlatformEditor (742)
[2025.12.21-13.29.42:718][459]LogModuleManager: Shutting down and abandoning module AndroidPlatformEditor (740)
[2025.12.21-13.29.42:718][459]LogModuleManager: Shutting down and abandoning module AndroidDeviceDetection (739)
[2025.12.21-13.29.42:864][459]LogModuleManager: Shutting down and abandoning module WindowsPlatformEditor (736)
[2025.12.21-13.29.42:864][459]LogModuleManager: Shutting down and abandoning module LuminRuntimeSettings (734)
[2025.12.21-13.29.42:864][459]LogModuleManager: Shutting down and abandoning module IOSRuntimeSettings (732)
[2025.12.21-13.29.42:864][459]LogModuleManager: Shutting down and abandoning module AndroidRuntimeSettings (730)
[2025.12.21-13.29.42:864][459]LogModuleManager: Shutting down and abandoning module TraceInsights (728)
[2025.12.21-13.29.42:904][459]MemoryProfiler: Shutdown
[2025.12.21-13.29.42:904][459]NetworkingProfiler: Shutdown
[2025.12.21-13.29.42:904][459]LoadingProfiler: Shutdown
[2025.12.21-13.29.42:905][459]TimingProfiler: Shutdown
[2025.12.21-13.29.42:908][459]LogModuleManager: Shutting down and abandoning module TraceServices (727)
[2025.12.21-13.29.42:910][459]LogModuleManager: Shutting down and abandoning module EditorInteractiveToolsFramework (724)
[2025.12.21-13.29.42:910][459]LogModuleManager: Shutting down and abandoning module TimeManagementEditor (722)
[2025.12.21-13.29.42:910][459]LogModuleManager: Shutting down and abandoning module InputBindingEditor (720)
[2025.12.21-13.29.42:911][459]LogModuleManager: Shutting down and abandoning module MergeActors (718)
[2025.12.21-13.29.42:912][459]LogModuleManager: Shutting down and abandoning module LocalizationDashboard (716)
[2025.12.21-13.29.42:913][459]LogModuleManager: Shutting down and abandoning module LocalizationService (715)
[2025.12.21-13.29.42:913][459]LogModuleManager: Shutting down and abandoning module HardwareTargeting (712)
[2025.12.21-13.29.42:913][459]LogModuleManager: Shutting down and abandoning module DeviceProfileEditor (710)
[2025.12.21-13.29.42:914][459]LogModuleManager: Shutting down and abandoning module UndoHistory (708)
[2025.12.21-13.29.42:914][459]LogModuleManager: Shutting down and abandoning module XmlParser (706)
[2025.12.21-13.29.42:915][459]LogModuleManager: Shutting down and abandoning module Blutility (704)
[2025.12.21-13.29.42:915][459]LogModuleManager: Shutting down and abandoning module ProjectSettingsViewer (702)
[2025.12.21-13.29.42:915][459]LogModuleManager: Shutting down and abandoning module ProjectTargetPlatformEditor (701)
[2025.12.21-13.29.42:915][459]LogModuleManager: Shutting down and abandoning module EditorSettingsViewer (698)
[2025.12.21-13.29.42:916][459]LogModuleManager: Shutting down and abandoning module InternationalizationSettings (697)
[2025.12.21-13.29.42:916][459]LogModuleManager: Shutting down and abandoning module SettingsEditor (694)
[2025.12.21-13.29.42:917][459]LogModuleManager: Shutting down and abandoning module ProjectLauncher (692)
[2025.12.21-13.29.42:917][459]LogModuleManager: Shutting down and abandoning module SessionFrontend (690)
[2025.12.21-13.29.42:917][459]LogModuleManager: Shutting down and abandoning module ProfilerClient (688)
[2025.12.21-13.29.42:918][459]LogModuleManager: Shutting down and abandoning module DeviceManager (686)
[2025.12.21-13.29.42:919][459]LogModuleManager: Shutting down and abandoning module TargetDeviceServices (685)
[2025.12.21-13.29.42:952][459]LogModuleManager: Shutting down and abandoning module AutomationController (682)
[2025.12.21-13.29.42:953][459]LogModuleManager: Shutting down and abandoning module AutomationWindow (680)
[2025.12.21-13.29.42:954][459]LogModuleManager: Shutting down and abandoning module Layers (678)
[2025.12.21-13.29.42:956][459]LogModuleManager: Shutting down and abandoning module ComponentVisualizers (676)
[2025.12.21-13.29.42:956][459]LogModuleManager: Shutting down and abandoning module DetailCustomizations (674)
[2025.12.21-13.29.42:957][459]LogModuleManager: Shutting down and abandoning module PackagesDialog (672)
[2025.12.21-13.29.42:957][459]LogModuleManager: Shutting down and abandoning module AnimationBlueprintEditor (670)
[2025.12.21-13.29.42:958][459]LogModuleManager: Shutting down and abandoning module Persona (668)
[2025.12.21-13.29.42:959][459]LogModuleManager: Shutting down and abandoning module AdvancedPreviewScene (667)
[2025.12.21-13.29.42:959][459]LogModuleManager: Shutting down and abandoning module AnimGraph (665)
[2025.12.21-13.29.42:959][459]LogModuleManager: Shutting down and abandoning module Kismet (662)
[2025.12.21-13.29.42:989][459]LogModuleManager: Shutting down and abandoning module KismetWidgets (661)
[2025.12.21-13.29.42:989][459]LogModuleManager: Shutting down and abandoning module GraphEditor (658)
[2025.12.21-13.29.42:989][459]LogModuleManager: Shutting down and abandoning module StructViewer (656)
[2025.12.21-13.29.42:989][459]LogModuleManager: Shutting down and abandoning module ClassViewer (654)
[2025.12.21-13.29.42:991][459]LogModuleManager: Shutting down and abandoning module Toolbox (652)
[2025.12.21-13.29.42:991][459]LogModuleManager: Shutting down and abandoning module ModuleUI (650)
[2025.12.21-13.29.42:992][459]LogModuleManager: Shutting down and abandoning module OutputLog (648)
[2025.12.21-13.29.42:993][459]LogModuleManager: Shutting down and abandoning module GammaUI (646)
[2025.12.21-13.29.42:993][459]LogModuleManager: Shutting down and abandoning module Documentation (644)
[2025.12.21-13.29.42:993][459]LogModuleManager: Shutting down and abandoning module LiveCoding (642)
[2025.12.21-13.29.42:994][459]LogModuleManager: Shutting down and abandoning module LevelSequence (640)
[2025.12.21-13.29.42:994][459]LogModuleManager: Shutting down and abandoning module MovieSceneTracks (638)
[2025.12.21-13.29.42:994][459]LogModuleManager: Shutting down and abandoning module MovieScene (636)
[2025.12.21-13.29.42:997][459]LogModuleManager: Shutting down and abandoning module StreamingPauseRendering (634)
[2025.12.21-13.29.42:998][459]LogModuleManager: Shutting down and abandoning module LauncherPlatform (632)
[2025.12.21-13.29.42:998][459]LogModuleManager: Shutting down and abandoning module AnalyticsET (630)
[2025.12.21-13.29.42:998][459]LogModuleManager: Shutting down and abandoning module PortalServices (628)
[2025.12.21-13.29.42:998][459]LogModuleManager: Shutting down and abandoning module PortalRpc (626)
[2025.12.21-13.29.42:998][459]LogModuleManager: Shutting down and abandoning module MessagingRpc (624)
[2025.12.21-13.29.42:998][459]LogModuleManager: Shutting down and abandoning module AudioMixerXAudio2 (622)
[2025.12.21-13.29.42:998][459]LogModuleManager: Shutting down and abandoning module AudioMixerCore (621)
[2025.12.21-13.29.42:998][459]LogModuleManager: Shutting down and abandoning module AIModule (618)
[2025.12.21-13.29.42:998][459]LogModuleManager: Shutting down and abandoning module GameplayDebugger (617)
[2025.12.21-13.29.42:998][459]LogModuleManager: Shutting down and abandoning module AITestSuite (615)
[2025.12.21-13.29.42:999][459]LogModuleManager: Shutting down and abandoning module NavigationSystem (613)
[2025.12.21-13.29.42:999][459]LogModuleManager: Shutting down and abandoning module ImageWriteQueue (610)
[2025.12.21-13.29.42:999][459]LogModuleManager: Shutting down and abandoning module ProfilerService (608)
[2025.12.21-13.29.43:156][459]LogModuleManager: Shutting down and abandoning module TaskGraph (606)
[2025.12.21-13.29.43:158][459]LogModuleManager: Shutting down and abandoning module AudioSynesthesiaEditor (604)
[2025.12.21-13.29.43:158][459]LogModuleManager: Shutting down and abandoning module OculusEditor (602)
[2025.12.21-13.29.43:163][459]LogModuleManager: Shutting down and abandoning module OculusInput (600)
[2025.12.21-13.29.43:163][459]LogModuleManager: Shutting down and abandoning module ContentBrowserFileDataSource (598)
[2025.12.21-13.29.43:163][459]LogModuleManager: Shutting down and abandoning module ContentBrowserClassDataSource (596)
[2025.12.21-13.29.43:163][459]LogModuleManager: Shutting down and abandoning module ContentBrowserAssetDataSource (594)
[2025.12.21-13.29.43:163][459]LogModuleManager: Shutting down and abandoning module CollectionManager (593)
[2025.12.21-13.29.43:165][459]LogModuleManager: Shutting down and abandoning module OodleNetworkHandlerComponent (590)
[2025.12.21-13.29.43:165][459]LogModuleManager: Shutting down and abandoning module SynthesisEditor (588)
[2025.12.21-13.29.43:165][459]LogModuleManager: Shutting down and abandoning module Synthesis (586)
[2025.12.21-13.29.43:166][459]LogModuleManager: Shutting down and abandoning module TakeSequencer (584)
[2025.12.21-13.29.43:166][459]LogModuleManager: Shutting down and abandoning module TakeMovieScene (582)
[2025.12.21-13.29.43:166][459]LogModuleManager: Shutting down and abandoning module ProceduralMeshComponentEditor (580)
[2025.12.21-13.29.43:167][459]LogModuleManager: Shutting down and abandoning module ProceduralMeshComponent (578)
[2025.12.21-13.29.43:167][459]LogModuleManager: Shutting down and abandoning module ScreenshotTools (576)
[2025.12.21-13.29.43:167][459]LogModuleManager: Shutting down and abandoning module OpenXREditor (574)
[2025.12.21-13.29.43:168][459]LogModuleManager: Shutting down and abandoning module MobilePatchingUtils (572)
[2025.12.21-13.29.43:168][459]LogModuleManager: Shutting down and abandoning module AppleImageUtilsBlueprintSupport (570)
[2025.12.21-13.29.43:168][459]LogModuleManager: Shutting down and abandoning module AppleImageUtils (568)
[2025.12.21-13.29.43:168][459]LogModuleManager: Shutting down and abandoning module GooglePAD (566)
[2025.12.21-13.29.43:168][459]LogModuleManager: Shutting down and abandoning module EditableMesh (564)
[2025.12.21-13.29.43:169][459]LogModuleManager: Shutting down and abandoning module CustomMeshComponent (562)
[2025.12.21-13.29.43:169][459]LogModuleManager: Shutting down and abandoning module CableComponent (560)
[2025.12.21-13.29.43:169][459]LogModuleManager: Shutting down and abandoning module AudioCapture (558)
[2025.12.21-13.29.43:169][459]LogModuleManager: Shutting down and abandoning module AudioCaptureRtAudio (557)
[2025.12.21-13.29.43:170][459]LogModuleManager: Shutting down and abandoning module AssetTags (554)
[2025.12.21-13.29.43:170][459]LogModuleManager: Shutting down and abandoning module ArchVisCharacter (552)
[2025.12.21-13.29.43:170][459]LogModuleManager: Shutting down and abandoning module AndroidPermission (550)
[2025.12.21-13.29.43:170][459]LogModuleManager: Shutting down and abandoning module ActorLayerUtilitiesEditor (548)
[2025.12.21-13.29.43:170][459]LogModuleManager: Shutting down and abandoning module ActorLayerUtilities (546)
[2025.12.21-13.29.43:170][459]LogModuleManager: Shutting down and abandoning module TemplateSequence (544)
[2025.12.21-13.29.43:171][459]LogModuleManager: Shutting down and abandoning module MediaCompositing (542)
[2025.12.21-13.29.43:171][459]LogModuleManager: Shutting down and abandoning module ImgMedia (540)
[2025.12.21-13.29.43:171][459]LogModuleManager: Shutting down and abandoning module OpenImageDenoise (538)
[2025.12.21-13.29.43:171][459]LogOpenImageDenoise: OIDN shutting down
[2025.12.21-13.29.43:171][459]LogModuleManager: Shutting down and abandoning module MotoSynthEditor (536)
[2025.12.21-13.29.43:171][459]LogModuleManager: Shutting down and abandoning module MotoSynth (534)
[2025.12.21-13.29.43:171][459]LogModuleManager: Shutting down and abandoning module MeshConversion (532)
[2025.12.21-13.29.43:172][459]LogModuleManager: Shutting down and abandoning module DynamicMesh (530)
[2025.12.21-13.29.43:173][459]LogModuleManager: Shutting down and abandoning module GeometryAlgorithms (528)
[2025.12.21-13.29.43:174][459]LogModuleManager: Shutting down and abandoning module GeometricObjects (526)
[2025.12.21-13.29.43:175][459]LogModuleManager: Shutting down and abandoning module GeometryCollectionTracks (524)
[2025.12.21-13.29.43:175][459]LogModuleManager: Shutting down and abandoning module GeometryCollectionSequencer (523)
[2025.12.21-13.29.43:175][459]LogModuleManager: Shutting down and abandoning module GeometryCollectionEditor (520)
[2025.12.21-13.29.43:175][459]LogModuleManager: Shutting down and abandoning module GeometryCacheTracks (518)
[2025.12.21-13.29.43:175][459]LogModuleManager: Shutting down and abandoning module GeometryCacheStreamer (516)
[2025.12.21-13.29.43:176][459]LogModuleManager: Shutting down and abandoning module GeometryCacheSequencer (514)
[2025.12.21-13.29.43:176][459]LogModuleManager: Shutting down and abandoning module ChaosSolverEditor (512)
[2025.12.21-13.29.43:176][459]LogModuleManager: Shutting down and abandoning module ChaosNiagara (510)
[2025.12.21-13.29.43:177][459]LogModuleManager: Shutting down and abandoning module FractureEditor (508)
[2025.12.21-13.29.43:178][459]LogModuleManager: Shutting down and abandoning module FieldSystemEngine (507)
[2025.12.21-13.29.43:178][459]LogModuleManager: Shutting down and abandoning module ChaosClothEditor (504)
[2025.12.21-13.29.43:179][459]LogModuleManager: Shutting down and abandoning module BackChannel (502)
[2025.12.21-13.29.43:179][459]LogModuleManager: Shutting down and abandoning module AutomationUtilsEditor (500)
[2025.12.21-13.29.43:179][459]LogModuleManager: Shutting down and abandoning module AutomationUtils (498)
[2025.12.21-13.29.43:179][459]LogModuleManager: Shutting down and abandoning module AlembicImporter (496)
[2025.12.21-13.29.43:180][459]LogModuleManager: Shutting down and abandoning module AlembicLibrary (495)
[2025.12.21-13.29.43:180][459]LogModuleManager: Shutting down and abandoning module GeometryCache (494)
[2025.12.21-13.29.43:180][459]LogModuleManager: Shutting down and abandoning module GeometryCacheEd (493)
[2025.12.21-13.29.43:180][459]LogModuleManager: Shutting down and abandoning module MagicLeapSharedWorld (488)
[2025.12.21-13.29.43:180][459]LogModuleManager: Shutting down and abandoning module VariantManagerContentEditor (486)
[2025.12.21-13.29.43:181][459]LogModuleManager: Shutting down and abandoning module SpeedTreeImporter (484)
[2025.12.21-13.29.43:181][459]LogModuleManager: Shutting down and abandoning module MagicLeapLightEstimation (482)
[2025.12.21-13.29.43:181][459]LogModuleManager: Shutting down and abandoning module MagicLeapHelperVulkan (480)
[2025.12.21-13.29.43:181][459]LogModuleManager: Shutting down and abandoning module MagicLeapHelperOpenGL (478)
[2025.12.21-13.29.43:181][459]LogModuleManager: Shutting down and abandoning module MagicLeapAudio (476)
[2025.12.21-13.29.43:182][459]LogModuleManager: Shutting down and abandoning module DatasmithContentEditor (474)
[2025.12.21-13.29.43:183][459]LogModuleManager: Shutting down and abandoning module PluginBrowser (472)
[2025.12.21-13.29.43:186][459]LogModuleManager: Shutting down and abandoning module MobileLauncherProfileWizard (470)
[2025.12.21-13.29.43:187][459]LogModuleManager: Shutting down and abandoning module MaterialAnalyzer (468)
[2025.12.21-13.29.43:187][459]LogModuleManager: Shutting down and abandoning module CurveEditorTools (466)
[2025.12.21-13.29.43:189][459]LogModuleManager: Shutting down and abandoning module CryptoKeysOpenSSL (464)
[2025.12.21-13.29.43:189][459]LogModuleManager: Shutting down and abandoning module CryptoKeys (462)
[2025.12.21-13.29.43:189][459]LogModuleManager: Shutting down and abandoning module NiagaraEditorWidgets (460)
[2025.12.21-13.29.43:194][459]LogModuleManager: Shutting down and abandoning module VisualStudioSourceCodeAccess (458)
[2025.12.21-13.29.43:194][459]LogModuleManager: Shutting down and abandoning module VisualStudioCodeSourceCodeAccess (456)
[2025.12.21-13.29.43:194][459]LogModuleManager: Shutting down and abandoning module UObjectPlugin (454)
[2025.12.21-13.29.43:194][459]LogModuleManager: Shutting down and abandoning module SubversionSourceControl (452)
[2025.12.21-13.29.43:196][459]LogModuleManager: Shutting down and abandoning module RiderSourceCodeAccess (450)
[2025.12.21-13.29.43:196][459]LogModuleManager: Shutting down and abandoning module PluginUtils (448)
[2025.12.21-13.29.43:198][459]LogModuleManager: Shutting down and abandoning module PlasticSourceControl (446)
[2025.12.21-13.29.43:199][459]LogModuleManager: Shutting down and abandoning module PerforceSourceControl (444)
[2025.12.21-13.29.43:202][459]LogModuleManager: Shutting down and abandoning module GitSourceControl (442)
[2025.12.21-13.29.43:203][459]LogModuleManager: Shutting down and abandoning module SourceControl (441)
[2025.12.21-13.29.43:204][459]LogModuleManager: Shutting down and abandoning module CLionSourceCodeAccess (438)
[2025.12.21-13.29.43:204][459]LogModuleManager: Shutting down and abandoning module AnimationSharingEd (436)
[2025.12.21-13.29.43:204][459]LogModuleManager: Shutting down and abandoning module LightPropagationVolumeEditor (434)
[2025.12.21-13.29.43:204][459]LogModuleManager: Shutting down and abandoning module LiveLinkSequencer (432)
[2025.12.21-13.29.43:204][459]LogModuleManager: Shutting down and abandoning module LiveLinkMovieScene (430)
[2025.12.21-13.29.43:204][459]LogModuleManager: Shutting down and abandoning module LiveLinkGraphNode (428)
[2025.12.21-13.29.43:204][459]LogModuleManager: Shutting down and abandoning module LiveLinkEditor (426)
[2025.12.21-13.29.43:205][459]LogModuleManager: Shutting down and abandoning module LiveLinkComponents (424)
[2025.12.21-13.29.43:205][459]LogModuleManager: Shutting down and abandoning module LiveLink (422)
[2025.12.21-13.29.43:850][459]LogModuleManager: Shutting down and abandoning module PaperTiledImporter (420)
[2025.12.21-13.29.43:850][459]LogModuleManager: Shutting down and abandoning module PaperSpriteSheetImporter (418)
[2025.12.21-13.29.43:851][459]LogModuleManager: Shutting down and abandoning module Paper2DEditor (416)
[2025.12.21-13.29.43:853][459]LogModuleManager: Shutting down and abandoning module MeshPaintingToolset (414)
[2025.12.21-13.29.43:854][459]LogModuleManager: Shutting down and abandoning module MeshPaintEditorMode (412)
[2025.12.21-13.29.43:854][459]LogModuleManager: Shutting down and abandoning module SoundFields (410)
[2025.12.21-13.29.43:855][459]LogModuleManager: Shutting down and abandoning module SignificanceManager (408)
[2025.12.21-13.29.43:855][459]LogModuleManager: Shutting down and abandoning module RuntimePhysXCooking (406)
[2025.12.21-13.29.43:855][459]LogModuleManager: Shutting down and abandoning module PropertyAccessEditor (404)
[2025.12.21-13.29.43:855][459]LogModuleManager: Shutting down and abandoning module PhysXVehiclesEditor (402)
[2025.12.21-13.29.43:855][459]LogModuleManager: Shutting down and abandoning module LocationServicesBPLibrary (398)
[2025.12.21-13.29.43:855][459]LogModuleManager: Shutting down and abandoning module AudioSynesthesia (396)
[2025.12.21-13.29.43:856][459]LogModuleManager: Shutting down and abandoning module AudioSynesthesiaCore (394)
[2025.12.21-13.29.43:856][459]LogModuleManager: Shutting down and abandoning module UdpMessaging (392)
[2025.12.21-13.29.43:957][459]LogModuleManager: Shutting down and abandoning module ActorSequence (390)
[2025.12.21-13.29.43:957][459]LogModuleManager: Shutting down and abandoning module TcpMessaging (388)
[2025.12.21-13.29.44:057][459]LogModuleManager: Shutting down and abandoning module ImgMediaEngine (386)
[2025.12.21-13.29.44:057][459]LogModuleManager: Shutting down and abandoning module PythonScriptPlugin (384)
[2025.12.21-13.29.44:057][459]LogModuleManager: Shutting down and abandoning module MagicLeapARPin (382)
[2025.12.21-13.29.44:057][459]LogModuleManager: Shutting down and abandoning module MagicLeapHandMeshing (380)
[2025.12.21-13.29.44:057][459]LogModuleManager: Shutting down and abandoning module MagicLeapSecureStorage (378)
[2025.12.21-13.29.44:057][459]LogModuleManager: Shutting down and abandoning module MagicLeapPrivileges (376)
[2025.12.21-13.29.44:058][459]LogModuleManager: Shutting down and abandoning module MagicLeapPlanes (374)
[2025.12.21-13.29.44:058][459]LogMagicLeapPlanes: Planes tracker already destroyed.
[2025.12.21-13.29.44:058][459]LogModuleManager: Shutting down and abandoning module MagicLeapImageTracker (372)
[2025.12.21-13.29.44:058][459]LogModuleManager: Shutting down and abandoning module MagicLeapIdentity (370)
[2025.12.21-13.29.44:058][459]LogModuleManager: Shutting down and abandoning module MagicLeapHandTracking (368)
[2025.12.21-13.29.44:059][459]LogModuleManager: Shutting down and abandoning module MagicLeapEyeTracker (366)
[2025.12.21-13.29.44:059][459]LogModuleManager: Shutting down and abandoning module MagicLeapController (364)
[2025.12.21-13.29.44:059][459]LogModuleManager: Shutting down and abandoning module MagicLeapARPinImpl (362)
[2025.12.21-13.29.44:059][459]LogModuleManager: Shutting down and abandoning module MagicLeapAR (360)
[2025.12.21-13.29.44:059][459]LogModuleManager: Shutting down and abandoning module GameplayTagsEditor (358)
[2025.12.21-13.29.44:059][459]LogModuleManager: Shutting down and abandoning module DataValidation (356)
[2025.12.21-13.29.44:059][459]LogModuleManager: Shutting down and abandoning module FacialAnimationEditor (354)
[2025.12.21-13.29.44:059][459]LogModuleManager: Shutting down and abandoning module FacialAnimation (352)
[2025.12.21-13.29.44:059][459]LogModuleManager: Shutting down and abandoning module NiagaraAnimNotifies (350)
[2025.12.21-13.29.44:059][459]LogModuleManager: Shutting down and abandoning module Niagara (348)
[2025.12.21-13.29.44:061][459]LogModuleManager: Shutting down and abandoning module SignalProcessing (347)
[2025.12.21-13.29.44:061][459]LogModuleManager: Shutting down and abandoning module NiagaraEditor (345)
[2025.12.21-13.29.44:062][459]LogModuleManager: Shutting down and abandoning module NiagaraCore (342)
[2025.12.21-13.29.44:062][459]LogModuleManager: Shutting down and abandoning module AssetManagerEditor (340)
[2025.12.21-13.29.44:064][459]LogModuleManager: Shutting down and abandoning module LevelEditor (339)
[2025.12.21-13.29.44:066][459]LogModuleManager: Shutting down and abandoning module PixelInspectorModule (338)
[2025.12.21-13.29.44:067][459]LogModuleManager: Shutting down and abandoning module CommonMenuExtensions (336)
[2025.12.21-13.29.44:067][459]LogModuleManager: Shutting down and abandoning module MainFrame (334)
[2025.12.21-13.29.44:068][459]LogModuleManager: Shutting down and abandoning module HotReload (333)
[2025.12.21-13.29.44:068][459]LogModuleManager: Shutting down and abandoning module ToolMenus (329)
[2025.12.21-13.29.44:068][459]LogModuleManager: Shutting down and abandoning module ContentBrowser (327)
[2025.12.21-13.29.44:068][459]LogModuleManager: Shutting down and abandoning module ContentBrowserData (326)
[2025.12.21-13.29.44:068][459]LogModuleManager: Shutting down and abandoning module TreeMap (323)
[2025.12.21-13.29.44:069][459]LogModuleManager: Shutting down and abandoning module PropertyAccessNode (320)
[2025.12.21-13.29.44:069][459]LogModuleManager: Shutting down and abandoning module AnimationSharing (318)
[2025.12.21-13.29.44:069][459]LogModuleManager: Shutting down and abandoning module GameplayCameras (316)
[2025.12.21-13.29.44:069][459]LogModuleManager: Shutting down and abandoning module LightPropagationVolumeRuntime (314)
[2025.12.21-13.29.44:069][459]LogModuleManager: Shutting down and abandoning module EnvironmentQueryEditor (312)
[2025.12.21-13.29.44:070][459]LogModuleManager: Shutting down and abandoning module Paper2D (310)
[2025.12.21-13.29.44:070][459]LogModuleManager: Shutting down and abandoning module WindowsMoviePlayer (308)
[2025.12.21-13.29.44:073][459]LogModuleManager: Shutting down and abandoning module WebMMoviePlayer (306)
[2025.12.21-13.29.44:073][459]LogModuleManager: Shutting down and abandoning module NetworkReplayStreaming (304)
[2025.12.21-13.29.44:073][459]LogModuleManager: Shutting down and abandoning module PacketHandler (302)
[2025.12.21-13.29.44:073][459]LogModuleManager: Shutting down and abandoning module ClothingSystemEditor (300)
[2025.12.21-13.29.44:073][459]LogModuleManager: Shutting down and abandoning module ClothingSystemRuntimeNv (298)
[2025.12.21-13.29.44:074][459]LogModuleManager: Shutting down and abandoning module MediaAssets (296)
[2025.12.21-13.29.44:074][459]LogModuleManager: Shutting down and abandoning module Overlay (294)
[2025.12.21-13.29.44:074][459]LogModuleManager: Shutting down and abandoning module OverlayEditor (293)
[2025.12.21-13.29.44:074][459]LogModuleManager: Shutting down and abandoning module VREditor (290)
[2025.12.21-13.29.44:075][459]LogModuleManager: Shutting down and abandoning module StringTableEditor (288)
[2025.12.21-13.29.44:075][459]LogModuleManager: Shutting down and abandoning module GameplayTasksEditor (286)
[2025.12.21-13.29.44:075][459]LogModuleManager: Shutting down and abandoning module BehaviorTreeEditor (284)
[2025.12.21-13.29.44:077][459]LogModuleManager: Shutting down and abandoning module FunctionalTesting (282)
[2025.12.21-13.29.44:077][459]LogModuleManager: Shutting down and abandoning module CollisionAnalyzer (280)
[2025.12.21-13.29.44:078][459]LogModuleManager: Shutting down and abandoning module WorkspaceMenuStructure (279)
[2025.12.21-13.29.44:078][459]LogModuleManager: Shutting down and abandoning module UMG (276)
[2025.12.21-13.29.44:079][459]LogModuleManager: Shutting down and abandoning module UMGEditor (275)
[2025.12.21-13.29.44:079][459]LogModuleManager: Shutting down and abandoning module MessageLog (273)
[2025.12.21-13.29.44:079][459]LogModuleManager: Shutting down and abandoning module SlateReflector (268)
[2025.12.21-13.29.44:082][459]LogModuleManager: Shutting down and abandoning module Slate (266)
[2025.12.21-13.29.44:082][459]LogModuleManager: Shutting down and abandoning module SlateCore (264)
[2025.12.21-13.29.44:083][459]LogModuleManager: Shutting down and abandoning module LandscapeEditorUtilities (262)
[2025.12.21-13.29.44:083][459]LogModuleManager: Shutting down and abandoning module UnrealEd (260)
[2025.12.21-13.29.44:083][459]LogModuleManager: Shutting down and abandoning module MRMesh (258)
[2025.12.21-13.29.44:083][459]LogModuleManager: Shutting down and abandoning module SourceCodeAccess (256)
[2025.12.21-13.29.44:083][459]LogModuleManager: Shutting down and abandoning module HeadMountedDisplay (254)
[2025.12.21-13.29.44:083][459]LogModuleManager: Shutting down and abandoning module XAudio2 (252)
[2025.12.21-13.29.44:084][459]LogModuleManager: Shutting down and abandoning module Networking (250)
[2025.12.21-13.29.44:084][459]LogModuleManager: Shutting down and abandoning module Core (248)
[2025.12.21-13.29.44:084][459]LogModuleManager: Shutting down and abandoning module MaterialEditor (246)
[2025.12.21-13.29.44:085][459]LogModuleManager: Shutting down and abandoning module MovieSceneTools (244)
[2025.12.21-13.29.44:086][459]LogModuleManager: Shutting down and abandoning module CurveEditor (243)
[2025.12.21-13.29.44:087][459]LogModuleManager: Shutting down and abandoning module Sequencer (241)
[2025.12.21-13.29.44:090][459]LogModuleManager: Shutting down and abandoning module EditorStyle (240)
[2025.12.21-13.29.44:092][459]LogModuleManager: Shutting down and abandoning module KismetCompiler (236)
[2025.12.21-13.29.44:092][459]LogModuleManager: Shutting down and abandoning module MeshBuilder (234)
[2025.12.21-13.29.44:092][459]LogModuleManager: Shutting down and abandoning module MeshUtilities (232)
[2025.12.21-13.29.44:092][459]LogModuleManager: Shutting down and abandoning module MeshMergeUtilities (231)
[2025.12.21-13.29.44:093][459]LogModuleManager: Shutting down and abandoning module MeshReductionInterface (230)
[2025.12.21-13.29.44:093][459]LogModuleManager: Shutting down and abandoning module MeshBoneReduction (229)
[2025.12.21-13.29.44:093][459]LogModuleManager: Shutting down and abandoning module SkeletalMeshReduction (227)
[2025.12.21-13.29.44:094][459]LogModuleManager: Shutting down and abandoning module ProxyLODMeshReduction (225)
[2025.12.21-13.29.44:094][459]LogModuleManager: Shutting down and abandoning module QuadricMeshReduction (223)
[2025.12.21-13.29.44:095][459]LogModuleManager: Shutting down and abandoning module MaterialBaking (219)
[2025.12.21-13.29.44:095][459]LogModuleManager: Shutting down and abandoning module NullInstallBundleManager (214)
[2025.12.21-13.29.44:095][459]LogModuleManager: Shutting down and abandoning module DerivedDataCache (212)
[2025.12.21-13.29.44:096][459]LogModuleManager: Shutting down and abandoning module TargetPlatform (210)
[2025.12.21-13.29.44:096][459]LogModuleManager: Shutting down and abandoning module VulkanShaderFormat (209)
[2025.12.21-13.29.44:097][459]LogModuleManager: Shutting down and abandoning module ShaderFormatVectorVM (207)
[2025.12.21-13.29.44:098][459]LogModuleManager: Shutting down and abandoning module ShaderFormatOpenGL (205)
[2025.12.21-13.29.44:098][459]LogModuleManager: Shutting down and abandoning module ShaderFormatD3D (203)
[2025.12.21-13.29.44:099][459]LogModuleManager: Shutting down and abandoning module MetalShaderFormat (201)
[2025.12.21-13.29.44:099][459]LogModuleManager: Shutting down and abandoning module TextureFormatOodle (199)
[2025.12.21-13.29.44:099][459]LogModuleManager: Shutting down and abandoning module TextureFormatUncompressed (197)
[2025.12.21-13.29.44:099][459]LogModuleManager: Shutting down and abandoning module TextureFormatPVR (195)
[2025.12.21-13.29.44:099][459]LogModuleManager: Shutting down and abandoning module TextureFormatETC2 (193)
[2025.12.21-13.29.44:100][459]LogModuleManager: Shutting down and abandoning module TextureFormatDXT (191)
[2025.12.21-13.29.44:100][459]LogModuleManager: Shutting down and abandoning module TextureFormatIntelISPCTexComp (189)
[2025.12.21-13.29.44:100][459]LogModuleManager: Shutting down and abandoning module TextureFormatASTC (187)
[2025.12.21-13.29.44:100][459]LogModuleManager: Shutting down and abandoning module ImageWrapper (186)
[2025.12.21-13.29.44:100][459]LogModuleManager: Shutting down and abandoning module AudioFormatOpus (183)
[2025.12.21-13.29.44:100][459]LogModuleManager: Shutting down and abandoning module AudioFormatOgg (181)
[2025.12.21-13.29.44:100][459]LogModuleManager: Shutting down and abandoning module AudioFormatADPCM (179)
[2025.12.21-13.29.44:100][459]LogModuleManager: Shutting down and abandoning module WindowsServerTargetPlatform (177)
[2025.12.21-13.29.44:100][459]LogModuleManager: Shutting down and abandoning module WindowsClientTargetPlatform (175)
[2025.12.21-13.29.44:101][459]LogModuleManager: Shutting down and abandoning module WindowsTargetPlatform (173)
[2025.12.21-13.29.44:101][459]LogModuleManager: Shutting down and abandoning module WindowsNoEditorTargetPlatform (171)
[2025.12.21-13.29.44:101][459]LogModuleManager: Shutting down and abandoning module TVOSTargetPlatform (169)
[2025.12.21-13.29.44:102][459]LogModuleManager: Shutting down and abandoning module MacServerTargetPlatform (167)
[2025.12.21-13.29.44:102][459]LogModuleManager: Shutting down and abandoning module MacClientTargetPlatform (165)
[2025.12.21-13.29.44:102][459]LogModuleManager: Shutting down and abandoning module MacTargetPlatform (163)
[2025.12.21-13.29.44:102][459]LogModuleManager: Shutting down and abandoning module MacNoEditorTargetPlatform (161)
[2025.12.21-13.29.44:102][459]LogModuleManager: Shutting down and abandoning module LuminTargetPlatform (159)
[2025.12.21-13.29.44:104][459]LogModuleManager: Shutting down and abandoning module LinuxAArch64ServerTargetPlatform (157)
[2025.12.21-13.29.44:104][459]LogModuleManager: Shutting down and abandoning module LinuxAArch64ClientTargetPlatform (155)
[2025.12.21-13.29.44:104][459]LogModuleManager: Shutting down and abandoning module LinuxAArch64NoEditorTargetPlatform (153)
[2025.12.21-13.29.44:104][459]LogModuleManager: Shutting down and abandoning module LinuxServerTargetPlatform (151)
[2025.12.21-13.29.44:104][459]LogModuleManager: Shutting down and abandoning module LinuxClientTargetPlatform (149)
[2025.12.21-13.29.44:104][459]LogModuleManager: Shutting down and abandoning module LinuxNoEditorTargetPlatform (147)
[2025.12.21-13.29.44:104][459]LogModuleManager: Shutting down and abandoning module LinuxTargetPlatform (145)
[2025.12.21-13.29.44:104][459]LogModuleManager: Shutting down and abandoning module Messaging (143)
[2025.12.21-13.29.44:104][459]LogModuleManager: Shutting down and abandoning module IOSTargetPlatform (141)
[2025.12.21-13.29.44:105][459]LogModuleManager: Shutting down and abandoning module AndroidTargetPlatform (139)
[2025.12.21-13.29.44:110][459]LogModuleManager: Shutting down and abandoning module AllDesktopTargetPlatform (137)
[2025.12.21-13.29.44:110][459]LogModuleManager: Shutting down and abandoning module D3D11RHI (134)
[2025.12.21-13.29.44:110][459]LogModuleManager: Shutting down and abandoning module InputCore (132)
[2025.12.21-13.29.44:110][459]LogModuleManager: Shutting down and abandoning module Settings (130)
[2025.12.21-13.29.44:110][459]LogModuleManager: Shutting down and abandoning module DirectoryWatcher (128)
[2025.12.21-13.29.44:111][459]LogModuleManager: Shutting down and abandoning module PhysXCooking (126)
[2025.12.21-13.29.44:111][459]LogModuleManager: Shutting down and abandoning module Chaos (124)
[2025.12.21-13.29.44:111][459]LogModuleManager: Shutting down and abandoning module WindowsPlatformFeatures (122)
[2025.12.21-13.29.44:111][459]LogModuleManager: Shutting down and abandoning module GameplayMediaEncoder (121)
[2025.12.21-13.29.44:112][459]LogModuleManager: Shutting down and abandoning module AVEncoder (120)
[2025.12.21-13.29.44:112][459]LogModuleManager: Shutting down and abandoning module SteamVRInputDevice (116)
[2025.12.21-13.29.44:112][459]LogModuleManager: Shutting down and abandoning module SteamVRInput (114)
[2025.12.21-13.29.44:112][459]LogModuleManager: Shutting down and abandoning module SteamVR (112)
[2025.12.21-13.29.44:112][459]LogHMD: Freeing OpenVRDLLHandle.
[2025.12.21-13.29.44:113][459]LogModuleManager: Shutting down and abandoning module OculusHMD (110)
[2025.12.21-13.29.44:113][459]LogModuleManager: Shutting down and abandoning module OpenXRHandTracking (108)
[2025.12.21-13.29.44:114][459]LogSlate: Slate User Destroyed.  User Index 0, Is Virtual User: 0
[2025.12.21-13.29.44:114][459]LogModuleManager: Shutting down and abandoning module OpenXREyeTracker (106)
[2025.12.21-13.29.44:114][459]LogModuleManager: Shutting down and abandoning module OpenXRAR (104)
[2025.12.21-13.29.44:115][459]LogModuleManager: Shutting down and abandoning module AugmentedReality (103)
[2025.12.21-13.29.44:115][459]LogModuleManager: Shutting down and abandoning module OpenXRHMD (100)
[2025.12.21-13.29.44:116][459]LogModuleManager: Shutting down and abandoning module ExampleDeviceProfileSelector (98)
[2025.12.21-13.29.44:116][459]LogModuleManager: Shutting down and abandoning module ChunkDownloader (96)
[2025.12.21-13.29.44:117][459]LogModuleManager: Shutting down and abandoning module OnlineBlueprintSupport (94)
[2025.12.21-13.29.44:117][459]LogModuleManager: Shutting down and abandoning module OnlineSubsystem (90)
[2025.12.21-13.29.44:119][459]LogModuleManager: Shutting down and abandoning module XMPP (85)
[2025.12.21-13.29.44:120][459]LogModuleManager: Shutting down and abandoning module WebSockets (84)
[2025.12.21-13.29.44:136][459]LogModuleManager: Shutting down and abandoning module HTTP (81)
[2025.12.21-13.29.44:136][459]LogHttp: Display: Http module shutting down, but needs to wait on 1 outstanding Http requests:
[2025.12.21-13.29.44:137][459]LogHttp: Display: 	verb=[POST] url=[https://datarouter.ol.epicgames.com/datarouter/api/v1/public/data?SessionID=%7B72FCB6A4-4361-D173-1083-0792A4D1DBE8%7D&AppID=UEEditor.Rocket.Release&AppVersion=4.27.2-18319896%2B%2B%2BUE4%2BRelease-4.27&UserID=b04b7cc342cbf28028732289d7babebf%7C984fab8377564a2eb8bdb4af4726766f%7C7b2af634-a612-4e7f-9a50-30bec8fc931d&AppEnvironment=datacollector-binary&UploadType=eteventstream] refs=[1] status=Processing
[2025.12.21-13.29.44:137][459]LogHttp: Display: cleaning up 1 outstanding Http requests.
[2025.12.21-13.29.44:165][459]LogModuleManager: Shutting down and abandoning module SSL (80)
[2025.12.21-13.29.44:167][459]LogModuleManager: Shutting down and abandoning module LauncherChunkInstaller (76)
[2025.12.21-13.29.44:167][459]LogModuleManager: Shutting down and abandoning module WmfMedia (74)
[2025.12.21-13.29.44:171][459]LogModuleManager: Shutting down and abandoning module Media (73)
[2025.12.21-13.29.44:173][459]LogModuleManager: Shutting down and abandoning module MediaInfo (72)
[2025.12.21-13.29.44:173][459]LogModuleManager: Shutting down and abandoning module ExrReaderGpu (68)
[2025.12.21-13.29.44:173][459]LogModuleManager: Shutting down and abandoning module ChaosCloth (66)
[2025.12.21-13.29.44:174][459]LogModuleManager: Shutting down and abandoning module MLSDK (64)
[2025.12.21-13.29.44:174][459]LogModuleManager: Shutting down and abandoning module VariantManagerContent (62)
[2025.12.21-13.29.44:174][459]LogModuleManager: Shutting down and abandoning module MagicLeap (60)
[2025.12.21-13.29.44:174][459]LogModuleManager: Shutting down and abandoning module DatasmithContent (58)
[2025.12.21-13.29.44:175][459]LogModuleManager: Shutting down and abandoning module NiagaraVertexFactories (56)
[2025.12.21-13.29.44:175][459]LogModuleManager: Shutting down and abandoning module NiagaraShader (54)
[2025.12.21-13.29.44:175][459]LogModuleManager: Shutting down and abandoning module PixWinPlugin (52)
[2025.12.21-13.29.44:175][459]LogModuleManager: Shutting down and abandoning module AISupportModule (50)
[2025.12.21-13.29.44:175][459]LogModuleManager: Shutting down and abandoning module DesktopPlatform (48)
[2025.12.21-13.29.44:175][459]LogModuleManager: Shutting down and abandoning module OodleDataCompressionFormat (46)
[2025.12.21-13.29.44:176][459]LogModuleManager: Shutting down and abandoning module PythonScriptPluginPreload (44)
[2025.12.21-13.29.44:176][459]LogModuleManager: Shutting down and abandoning module PlatformCryptoOpenSSL (42)
[2025.12.21-13.29.44:176][459]LogModuleManager: Shutting down and abandoning module PlatformCryptoTypes (40)
[2025.12.21-13.29.44:176][459]LogModuleManager: Shutting down and abandoning module PlatformCrypto (38)
[2025.12.21-13.29.44:176][459]LogModuleManager: Shutting down and abandoning module XGEController (36)
[2025.12.21-13.29.44:177][459]LogXGEController: Cleaning working directory: C:/Users/Владислав/AppData/Local/Temp/UnrealXGEWorkingDir/
[2025.12.21-13.29.44:177][459]LogModuleManager: Shutting down and abandoning module AnimationModifiers (34)
[2025.12.21-13.29.44:177][459]LogModuleManager: Shutting down and abandoning module AudioEditor (32)
[2025.12.21-13.29.44:179][459]LogModuleManager: Shutting down and abandoning module PropertyEditor (31)
[2025.12.21-13.29.44:179][459]LogModuleManager: Shutting down and abandoning module TextureCompressor (28)
[2025.12.21-13.29.44:179][459]LogModuleManager: Shutting down and abandoning module RenderCore (26)
[2025.12.21-13.29.44:179][459]LogModuleManager: Shutting down and abandoning module Landscape (24)
[2025.12.21-13.29.44:179][459]LogModuleManager: Shutting down and abandoning module SlateRHIRenderer (22)
[2025.12.21-13.29.44:180][459]LogModuleManager: Shutting down and abandoning module AnimGraphRuntime (20)
[2025.12.21-13.29.44:181][459]LogModuleManager: Shutting down and abandoning module Renderer (18)
[2025.12.21-13.29.44:181][459]LogModuleManager: Shutting down and abandoning module Engine (16)
[2025.12.21-13.29.44:181][459]LogModuleManager: Shutting down and abandoning module CoreUObject (14)
[2025.12.21-13.29.44:181][459]LogModuleManager: Shutting down and abandoning module NetworkFile (12)
[2025.12.21-13.29.44:181][459]LogModuleManager: Shutting down and abandoning module CookedIterativeFile (10)
[2025.12.21-13.29.44:181][459]LogModuleManager: Shutting down and abandoning module StreamingFile (8)
[2025.12.21-13.29.44:182][459]LogModuleManager: Shutting down and abandoning module SandboxFile (6)
[2025.12.21-13.29.44:182][459]LogModuleManager: Shutting down and abandoning module PakFile (4)
[2025.12.21-13.29.44:182][459]LogModuleManager: Shutting down and abandoning module RSA (3)
[2025.12.21-13.29.44:182][459]LogContentStreaming: Display: There are 1 unreleased StreamingManagers
[2025.12.21-13.29.44:208][459]LogD3D11RHI: Shutdown
[2025.12.21-13.29.44:208][459]LogD3D11RHI: CleanupD3DDevice
[2025.12.21-13.29.44:215][459]LogExit: Exiting.
[2025.12.21-13.29.44:222][459]Log file closed, 12/21/25 16:29:44
