Log file open, 12/18/25 22:48:13
LogWindows: Failed to load 'aqProf.dll' (GetLastError=126)
LogWindows: File 'aqProf.dll' does not exist
LogWindows: Failed to load 'VtuneApi.dll' (GetLastError=126)
LogWindows: File 'VtuneApi.dll' does not exist
LogWindows: Failed to load 'VtuneApi32e.dll' (GetLastError=126)
LogWindows: File 'VtuneApi32e.dll' does not exist
LogConsoleResponse: Display: Failed to find resolution value strings in scalability ini. Falling back to default.
LogConsoleResponse: Display: Failed to find resolution value strings in scalability ini. Falling back to default.
LogInit: Display: Running engine for game: Mini_laboratory
LogPlatformFile: Not using cached read wrapper
LogTaskGraph: Started task graph with 5 named threads and 23 total threads with 3 sets of task threads.
LogStats: Stats thread started at 0.413587
LogICUInternationalization: ICU TimeZone Detection - Raw Offset: +3:00, Platform Override: ''
LogInit: Display: Loading text-based GConfig....
LogPluginManager: Mounting plugin MeshPainting
LogPluginManager: Mounting plugin XGEController
LogPluginManager: Mounting plugin AISupport
LogPluginManager: Mounting plugin LiveLink
LogPluginManager: Mounting plugin Paper2D
LogPluginManager: Mounting plugin LightPropagationVolume
LogPluginManager: Mounting plugin CameraShakePreviewer
LogPluginManager: Mounting plugin EnvironmentQueryEditor
LogPluginManager: Mounting plugin OodleData
LogPluginManager: Mounting plugin GameplayCameras
LogPluginManager: Mounting plugin OodleNetwork
LogPluginManager: Mounting plugin AnimationSharing
LogPluginManager: Mounting plugin Niagara
LogPluginManager: Mounting plugin CLionSourceCodeAccess
LogPluginManager: Mounting plugin AssetManagerEditor
LogPluginManager: Mounting plugin CryptoKeys
LogPluginManager: Mounting plugin GeometryMode
LogPluginManager: Mounting plugin DataValidation
LogPluginManager: Mounting plugin FacialAnimation
LogPluginManager: Mounting plugin CurveEditorTools
LogPluginManager: Mounting plugin CodeLiteSourceCodeAccess
LogPluginManager: Mounting plugin GameplayTagsEditor
LogPluginManager: Mounting plugin GitSourceControl
LogPluginManager: Mounting plugin MacGraphicsSwitching
LogPluginManager: Mounting plugin KDevelopSourceCodeAccess
LogPluginManager: Mounting plugin MaterialAnalyzer
LogPluginManager: Mounting plugin NullSourceCodeAccess
LogPluginManager: Mounting plugin SpeedTreeImporter
LogPluginManager: Mounting plugin MobileLauncherProfileWizard
LogPluginManager: Mounting plugin PerforceSourceControl
LogPluginManager: Mounting plugin PixWinPlugin
LogPluginManager: Mounting plugin PlasticSourceControl
LogPluginManager: Mounting plugin PluginUtils
LogPluginManager: Mounting plugin PropertyAccessNode
LogPluginManager: Mounting plugin SubversionSourceControl
LogPluginManager: Mounting plugin PluginBrowser
LogPluginManager: Mounting plugin TextureFormatOodle
LogPluginManager: Mounting plugin RiderSourceCodeAccess
LogPluginManager: Mounting plugin VisualStudioCodeSourceCodeAccess
LogPluginManager: Mounting plugin UObjectPlugin
LogPluginManager: Mounting plugin XCodeSourceCodeAccess
LogPluginManager: Mounting plugin VisualStudioSourceCodeAccess
LogPluginManager: Mounting plugin TcpMessaging
LogPluginManager: Mounting plugin DatasmithContent
LogPluginManager: Mounting plugin UdpMessaging
LogPluginManager: Mounting plugin VariantManagerContent
LogPluginManager: Mounting plugin LuminPlatformFeatures
LogPluginManager: Mounting plugin MagicLeap
LogPluginManager: Mounting plugin MagicLeapMedia
LogPluginManager: Mounting plugin MagicLeapPassableWorld
LogPluginManager: Mounting plugin MagicLeapLightEstimation
LogPluginManager: Mounting plugin MLSDK
LogPluginManager: Mounting plugin AlembicImporter
LogPluginManager: Mounting plugin ChaosClothEditor
LogPluginManager: Mounting plugin AutomationUtils
LogPluginManager: Mounting plugin BackChannel
LogPluginManager: Mounting plugin ChaosSolverPlugin
LogPluginManager: Mounting plugin ChaosCloth
LogPluginManager: Mounting plugin ChaosEditor
LogPluginManager: Mounting plugin ChaosNiagara
LogPluginManager: Mounting plugin CharacterAI
LogPluginManager: Mounting plugin GeometryCache
LogPluginManager: Mounting plugin LauncherChunkInstaller
LogPluginManager: Mounting plugin GeometryCollectionPlugin
LogPluginManager: Mounting plugin AndroidMedia
LogPluginManager: Mounting plugin AvfMedia
LogPluginManager: Mounting plugin MediaCompositing
LogPluginManager: Mounting plugin ImgMedia
LogPluginManager: Mounting plugin MediaPlayerEditor
LogPluginManager: Mounting plugin WebMMedia
LogPluginManager: Mounting plugin WmfMedia
LogPluginManager: Mounting plugin ActorSequence
LogPluginManager: Mounting plugin LevelSequenceEditor
LogPluginManager: Mounting plugin MatineeToLevelSequence
LogPluginManager: Mounting plugin TemplateSequence
LogPluginManager: Mounting plugin OnlineSubsystem
LogPluginManager: Mounting plugin OnlineSubsystemNull
LogPluginManager: Mounting plugin OnlineSubsystemUtils
LogPluginManager: Mounting plugin GeometryProcessing
LogPluginManager: Mounting plugin MotoSynth
LogPluginManager: Mounting plugin OpenImageDenoise
LogPluginManager: Mounting plugin PlatformCrypto
LogPluginManager: Mounting plugin PlanarCut
LogPluginManager: Mounting plugin PythonScriptPlugin
LogPluginManager: Mounting plugin ProxyLODPlugin
LogPluginManager: Mounting plugin SkeletalReduction
LogPluginManager: Mounting plugin ActorLayerUtilities
LogPluginManager: Mounting plugin AndroidDeviceProfileSelector
LogPluginManager: Mounting plugin AndroidPermission
LogPluginManager: Mounting plugin AndroidMoviePlayer
LogPluginManager: Mounting plugin AppleImageUtils
LogPluginManager: Mounting plugin AppleMoviePlayer
LogPluginManager: Mounting plugin AudioSynesthesia
LogPluginManager: Mounting plugin AssetTags
LogPluginManager: Mounting plugin ArchVisCharacter
LogPluginManager: Mounting plugin AudioCapture
LogPluginManager: Mounting plugin CableComponent
LogPluginManager: Mounting plugin CustomMeshComponent
LogPluginManager: Mounting plugin ChunkDownloader
LogPluginManager: Mounting plugin EditableMesh
LogPluginManager: Mounting plugin ExampleDeviceProfileSelector
LogPluginManager: Mounting plugin GoogleCloudMessaging
LogPluginManager: Mounting plugin GooglePAD
LogPluginManager: Mounting plugin IOSDeviceProfileSelector
LogPluginManager: Mounting plugin LinuxDeviceProfileSelector
LogPluginManager: Mounting plugin LocationServicesBPLibrary
LogPluginManager: Mounting plugin MobilePatchingUtils
LogPluginManager: Mounting plugin OpenXR
LogPluginManager: Mounting plugin OpenXREyeTracker
LogPluginManager: Mounting plugin OpenXRHandTracking
LogPluginManager: Mounting plugin PhysXVehicles
LogPluginManager: Mounting plugin ScreenshotTools
LogPluginManager: Mounting plugin Takes
LogPluginManager: Mounting plugin PostSplashScreen
LogPluginManager: Mounting plugin PropertyAccessEditor
LogPluginManager: Mounting plugin ProceduralMeshComponent
LogPluginManager: Mounting plugin RuntimePhysXCooking
LogPluginManager: Mounting plugin SignificanceManager
LogPluginManager: Mounting plugin SoundFields
LogPluginManager: Mounting plugin Synthesis
LogPluginManager: Mounting plugin WebMMoviePlayer
LogPluginManager: Mounting plugin WindowsMoviePlayer
LogPluginManager: Mounting plugin ContentBrowserAssetDataSource
LogPluginManager: Mounting plugin ContentBrowserClassDataSource
LogPluginManager: Mounting plugin ContentBrowserFileDataSource
LogPluginManager: Mounting plugin OnlineSubsystemGooglePlay
LogPluginManager: Mounting plugin OnlineSubsystemIOS
LogPluginManager: Mounting plugin OculusVR
LogPluginManager: Mounting plugin SteamVR
PixWinPlugin: PIX capture plugin failed to initialize! Check that the process is launched from PIX.
LogInit: Using libcurl 7.55.1-DEV
LogInit:  - built for x86_64-pc-win32
LogInit:  - supports SSL with OpenSSL/1.1.1
LogInit:  - supports HTTP deflate (compression) using libz 1.2.8
LogInit:  - other features:
LogInit:      CURL_VERSION_SSL
LogInit:      CURL_VERSION_LIBZ
LogInit:      CURL_VERSION_IPV6
LogInit:      CURL_VERSION_ASYNCHDNS
LogInit:      CURL_VERSION_LARGEFILE
LogInit:      CURL_VERSION_IDN
LogInit:  CurlRequestOptions (configurable via config and command line):
LogInit:  - bVerifyPeer = true  - Libcurl will verify peer certificate
LogInit:  - bUseHttpProxy = false  - Libcurl will NOT use HTTP proxy
LogInit:  - bDontReuseConnections = false  - Libcurl will reuse connections
LogInit:  - MaxHostConnections = 16  - Libcurl will limit the number of connections to a host
LogInit:  - LocalHostAddr = Default
LogInit:  - BufferSize = 65536
LogOnline: OSS: Creating online subsystem instance for: NULL
LogInit: WinSock: version 1.1 (2.2), MaxSocks=32767, MaxUdp=65467
LogOnline: OSS: TryLoadSubsystemAndSetDefault: Loaded subsystem for module [NULL]
LogOculusPluginWrapper: OculusPlugin initialized successfully
LogHMD: Failed initializing OVRPlugin 1.59.0
LogInit: Build: ++UE4+Release-4.27-CL-18319896
LogInit: Engine Version: 4.27.2-18319896+++UE4+Release-4.27
LogInit: Compatible Engine Version: 4.27.0-17155196+++UE4+Release-4.27
LogInit: Net CL: 17155196
LogInit: OS: Windows 10 (Release 2009) (), CPU: Intel(R) Core(TM) i5-10300H CPU @ 2.50GHz, GPU: Intel(R) UHD Graphics
LogInit: Compiled (64-bit): Nov 30 2021 07:12:08
LogInit: Compiled with Visual C++: 19.24.28315.00
LogInit: Build Configuration: Development
LogInit: Branch Name: ++UE4+Release-4.27
LogInit: Command Line: 
LogInit: Base Directory: D:/Progams on PC/Unreal/UE_4.27/Engine/Binaries/Win64/
LogInit: Allocator: TBB
LogInit: Installed Engine Build: 1
LogDevObjectVersion: Number of dev versions registered: 29
LogDevObjectVersion:   Dev-Blueprints (B0D832E4-1F89-4F0D-ACCF-7EB736FD4AA2): 10
LogDevObjectVersion:   Dev-Build (E1C64328-A22C-4D53-A36C-8E866417BD8C): 0
LogDevObjectVersion:   Dev-Core (375EC13C-06E4-48FB-B500-84F0262A717E): 4
LogDevObjectVersion:   Dev-Editor (E4B068ED-F494-42E9-A231-DA0B2E46BB41): 40
LogDevObjectVersion:   Dev-Framework (CFFC743F-43B0-4480-9391-14DF171D2073): 37
LogDevObjectVersion:   Dev-Mobile (B02B49B5-BB20-44E9-A304-32B752E40360): 3
LogDevObjectVersion:   Dev-Networking (A4E4105C-59A1-49B5-A7C5-40C4547EDFEE): 0
LogDevObjectVersion:   Dev-Online (39C831C9-5AE6-47DC-9A44-9C173E1C8E7C): 0
LogDevObjectVersion:   Dev-Physics (78F01B33-EBEA-4F98-B9B4-84EACCB95AA2): 14
LogDevObjectVersion:   Dev-Platform (6631380F-2D4D-43E0-8009-CF276956A95A): 0
LogDevObjectVersion:   Dev-Rendering (12F88B9F-8875-4AFC-A67C-D90C383ABD29): 45
LogDevObjectVersion:   Dev-Sequencer (7B5AE74C-D270-4C10-A958-57980B212A5A): 13
LogDevObjectVersion:   Dev-VR (D7296918-1DD6-4BDD-9DE2-64A83CC13884): 3
LogDevObjectVersion:   Dev-LoadTimes (C2A15278-BFE7-4AFE-6C17-90FF531DF755): 1
LogDevObjectVersion:   Private-Geometry (6EACA3D4-40EC-4CC1-B786-8BED09428FC5): 3
LogDevObjectVersion:   Dev-AnimPhys (29E575DD-E0A3-4627-9D10-D276232CDCEA): 17
LogDevObjectVersion:   Dev-Anim (AF43A65D-7FD3-4947-9873-3E8ED9C1BB05): 15
LogDevObjectVersion:   Dev-ReflectionCapture (6B266CEC-1EC7-4B8F-A30B-E4D90942FC07): 1
LogDevObjectVersion:   Dev-Automation (0DF73D61-A23F-47EA-B727-89E90C41499A): 1
LogDevObjectVersion:   FortniteMain (601D1886-AC64-4F84-AA16-D3DE0DEAC7D6): 47
LogDevObjectVersion:   FortniteRelease (E7086368-6B23-4C58-8439-1B7016265E91): 1
LogDevObjectVersion:   Dev-Enterprise (9DFFBCD6-494F-0158-E221-12823C92A888): 10
LogDevObjectVersion:   Dev-Niagara (F2AED0AC-9AFE-416F-8664-AA7FFA26D6FC): 1
LogDevObjectVersion:   Dev-Destruction (174F1F0B-B4C6-45A5-B13F-2EE8D0FB917D): 10
LogDevObjectVersion:   Dev-Physics-Ext (35F94A83-E258-406C-A318-09F59610247C): 41
LogDevObjectVersion:   Dev-PhysicsMaterial-Chaos (B68FC16E-8B1B-42E2-B453-215C058844FE): 1
LogDevObjectVersion:   Dev-CineCamera (B2E18506-4273-CFC2-A54E-F4BB758BBA07): 1
LogDevObjectVersion:   Dev-VirtualProduction (64F58936-FD1B-42BA-BA96-7289D5D0FA4E): 1
LogDevObjectVersion:   Dev-MediaFramework (6F0ED827-A609-4895-9C91-998D90180EA4): 2
LogInit: Presizing for max 25165824 objects, including 0 objects not considered by GC, pre-allocating 0 bytes for permanent pool.
LogConfig: Applying CVar settings from Section [/Script/Engine.StreamingSettings] File [D:/WORKPLACE/Mini_laboratory/MEPhI_VR_term_1/Mini_laboratory/Saved/Config/Windows/Engine.ini]
LogConfig: Setting CVar [[s.MinBulkDataSizeForAsyncLoading:131072]]
LogConfig: Setting CVar [[s.AsyncLoadingThreadEnabled:0]]
LogConfig: Setting CVar [[s.EventDrivenLoaderEnabled:1]]
LogConfig: Setting CVar [[s.WarnIfTimeLimitExceeded:0]]
LogConfig: Setting CVar [[s.TimeLimitExceededMultiplier:1.5]]
LogConfig: Setting CVar [[s.TimeLimitExceededMinTime:0.005]]
LogConfig: Setting CVar [[s.UseBackgroundLevelStreaming:1]]
LogConfig: Setting CVar [[s.PriorityAsyncLoadingExtraTime:15.0]]
LogConfig: Setting CVar [[s.LevelStreamingActorsUpdateTimeLimit:5.0]]
LogConfig: Setting CVar [[s.PriorityLevelStreamingActorsUpdateExtraTime:5.0]]
LogConfig: Setting CVar [[s.LevelStreamingComponentsRegistrationGranularity:10]]
LogConfig: Setting CVar [[s.UnregisterComponentsTimeLimit:1.0]]
LogConfig: Setting CVar [[s.LevelStreamingComponentsUnregistrationGranularity:5]]
LogConfig: Setting CVar [[s.FlushStreamingOnExit:1]]
LogInit: Object subsystem initialized
LogConfig: Setting CVar [[con.DebugEarlyDefault:1]]
LogConfig: Setting CVar [[r.setres:1280x720]]
[2025.12.18-19.48.16:184][  0]LogConfig: Setting CVar [[r.VSync:0]]
[2025.12.18-19.48.16:184][  0]LogConfig: Setting CVar [[r.RHICmdBypass:0]]
[2025.12.18-19.48.16:184][  0]LogConfig: Applying CVar settings from Section [/Script/Engine.RendererSettings] File [D:/WORKPLACE/Mini_laboratory/MEPhI_VR_term_1/Mini_laboratory/Saved/Config/Windows/Engine.ini]
[2025.12.18-19.48.16:184][  0]LogConfig: Setting CVar [[r.GPUCrashDebugging:0]]
[2025.12.18-19.48.16:184][  0]LogConfig: Applying CVar settings from Section [/Script/Engine.RendererOverrideSettings] File [D:/WORKPLACE/Mini_laboratory/MEPhI_VR_term_1/Mini_laboratory/Saved/Config/Windows/Engine.ini]
[2025.12.18-19.48.16:184][  0]LogConfig: Applying CVar settings from Section [/Script/Engine.StreamingSettings] File [D:/WORKPLACE/Mini_laboratory/MEPhI_VR_term_1/Mini_laboratory/Saved/Config/Windows/Engine.ini]
[2025.12.18-19.48.16:184][  0]LogConfig: Setting CVar [[s.MinBulkDataSizeForAsyncLoading:131072]]
[2025.12.18-19.48.16:184][  0]LogConfig: Setting CVar [[s.AsyncLoadingThreadEnabled:0]]
[2025.12.18-19.48.16:184][  0]LogConfig: Setting CVar [[s.EventDrivenLoaderEnabled:1]]
[2025.12.18-19.48.16:184][  0]LogConfig: Setting CVar [[s.WarnIfTimeLimitExceeded:0]]
[2025.12.18-19.48.16:184][  0]LogConfig: Setting CVar [[s.TimeLimitExceededMultiplier:1.5]]
[2025.12.18-19.48.16:184][  0]LogConfig: Setting CVar [[s.TimeLimitExceededMinTime:0.005]]
[2025.12.18-19.48.16:184][  0]LogConfig: Setting CVar [[s.UseBackgroundLevelStreaming:1]]
[2025.12.18-19.48.16:184][  0]LogConfig: Setting CVar [[s.PriorityAsyncLoadingExtraTime:15.0]]
[2025.12.18-19.48.16:184][  0]LogConfig: Setting CVar [[s.LevelStreamingActorsUpdateTimeLimit:5.0]]
[2025.12.18-19.48.16:184][  0]LogConfig: Setting CVar [[s.PriorityLevelStreamingActorsUpdateExtraTime:5.0]]
[2025.12.18-19.48.16:184][  0]LogConfig: Setting CVar [[s.LevelStreamingComponentsRegistrationGranularity:10]]
[2025.12.18-19.48.16:184][  0]LogConfig: Setting CVar [[s.UnregisterComponentsTimeLimit:1.0]]
[2025.12.18-19.48.16:184][  0]LogConfig: Setting CVar [[s.LevelStreamingComponentsUnregistrationGranularity:5]]
[2025.12.18-19.48.16:184][  0]LogConfig: Setting CVar [[s.FlushStreamingOnExit:1]]
[2025.12.18-19.48.16:184][  0]LogConfig: Applying CVar settings from Section [/Script/Engine.GarbageCollectionSettings] File [D:/WORKPLACE/Mini_laboratory/MEPhI_VR_term_1/Mini_laboratory/Saved/Config/Windows/Engine.ini]
[2025.12.18-19.48.16:184][  0]LogConfig: Setting CVar [[gc.MaxObjectsNotConsideredByGC:1]]
[2025.12.18-19.48.16:184][  0]LogConfig: Setting CVar [[gc.SizeOfPermanentObjectPool:0]]
[2025.12.18-19.48.16:184][  0]LogConfig: Setting CVar [[gc.FlushStreamingOnGC:0]]
[2025.12.18-19.48.16:184][  0]LogConfig: Setting CVar [[gc.NumRetriesBeforeForcingGC:10]]
[2025.12.18-19.48.16:184][  0]LogConfig: Setting CVar [[gc.AllowParallelGC:1]]
[2025.12.18-19.48.16:184][  0]LogConfig: Setting CVar [[gc.TimeBetweenPurgingPendingKillObjects:61.1]]
[2025.12.18-19.48.16:184][  0]LogConfig: Setting CVar [[gc.MaxObjectsInEditor:25165824]]
[2025.12.18-19.48.16:184][  0]LogConfig: Setting CVar [[gc.IncrementalBeginDestroyEnabled:1]]
[2025.12.18-19.48.16:184][  0]LogConfig: Setting CVar [[gc.CreateGCClusters:1]]
[2025.12.18-19.48.16:184][  0]LogConfig: Setting CVar [[gc.MinGCClusterSize:5]]
[2025.12.18-19.48.16:184][  0]LogConfig: Setting CVar [[gc.ActorClusteringEnabled:0]]
[2025.12.18-19.48.16:184][  0]LogConfig: Setting CVar [[gc.BlueprintClusteringEnabled:0]]
[2025.12.18-19.48.16:184][  0]LogConfig: Setting CVar [[gc.UseDisregardForGCOnDedicatedServers:0]]
[2025.12.18-19.48.16:184][  0]LogConfig: Setting CVar [[gc.MultithreadedDestructionEnabled:1]]
[2025.12.18-19.48.16:184][  0]LogConfig: Applying CVar settings from Section [/Script/Engine.NetworkSettings] File [D:/WORKPLACE/Mini_laboratory/MEPhI_VR_term_1/Mini_laboratory/Saved/Config/Windows/Engine.ini]
[2025.12.18-19.48.16:184][  0]LogConfig: Applying CVar settings from Section [/Script/UnrealEd.CookerSettings] File [D:/WORKPLACE/Mini_laboratory/MEPhI_VR_term_1/Mini_laboratory/Saved/Config/Windows/Engine.ini]
[2025.12.18-19.48.16:189][  0]LogConfig: Applying CVar settings from Section [ViewDistanceQuality@3] File [D:/WORKPLACE/Mini_laboratory/MEPhI_VR_term_1/Mini_laboratory/Saved/Config/Windows/Scalability.ini]
[2025.12.18-19.48.16:189][  0]LogConfig: Setting CVar [[r.SkeletalMeshLODBias:0]]
[2025.12.18-19.48.16:189][  0]LogConfig: Setting CVar [[r.ViewDistanceScale:1.0]]
[2025.12.18-19.48.16:189][  0]LogConfig: Applying CVar settings from Section [AntiAliasingQuality@3] File [D:/WORKPLACE/Mini_laboratory/MEPhI_VR_term_1/Mini_laboratory/Saved/Config/Windows/Scalability.ini]
[2025.12.18-19.48.16:189][  0]LogConfig: Setting CVar [[r.PostProcessAAQuality:4]]
[2025.12.18-19.48.16:189][  0]LogConfig: Applying CVar settings from Section [ShadowQuality@3] File [D:/WORKPLACE/Mini_laboratory/MEPhI_VR_term_1/Mini_laboratory/Saved/Config/Windows/Scalability.ini]
[2025.12.18-19.48.16:189][  0]LogConfig: Setting CVar [[r.LightFunctionQuality:1]]
[2025.12.18-19.48.16:189][  0]LogConfig: Setting CVar [[r.ShadowQuality:5]]
[2025.12.18-19.48.16:189][  0]LogConfig: Setting CVar [[r.Shadow.CSM.MaxCascades:10]]
[2025.12.18-19.48.16:189][  0]LogConfig: Setting CVar [[r.Shadow.MaxResolution:2048]]
[2025.12.18-19.48.16:189][  0]LogConfig: Setting CVar [[r.Shadow.MaxCSMResolution:2048]]
[2025.12.18-19.48.16:189][  0]LogConfig: Setting CVar [[r.Shadow.RadiusThreshold:0.01]]
[2025.12.18-19.48.16:189][  0]LogConfig: Setting CVar [[r.Shadow.DistanceScale:1.0]]
[2025.12.18-19.48.16:189][  0]LogConfig: Setting CVar [[r.Shadow.CSM.TransitionScale:1.0]]
[2025.12.18-19.48.16:189][  0]LogConfig: Setting CVar [[r.Shadow.PreShadowResolutionFactor:1.0]]
[2025.12.18-19.48.16:189][  0]LogConfig: Setting CVar [[r.DistanceFieldShadowing:1]]
[2025.12.18-19.48.16:189][  0]LogConfig: Setting CVar [[r.DistanceFieldAO:1]]
[2025.12.18-19.48.16:189][  0]LogConfig: Setting CVar [[r.AOQuality:2]]
[2025.12.18-19.48.16:189][  0]LogConfig: Setting CVar [[r.VolumetricFog:1]]
[2025.12.18-19.48.16:189][  0]LogConfig: Setting CVar [[r.VolumetricFog.GridPixelSize:8]]
[2025.12.18-19.48.16:189][  0]LogConfig: Setting CVar [[r.VolumetricFog.GridSizeZ:128]]
[2025.12.18-19.48.16:189][  0]LogConfig: Setting CVar [[r.VolumetricFog.HistoryMissSupersampleCount:4]]
[2025.12.18-19.48.16:189][  0]LogConfig: Setting CVar [[r.LightMaxDrawDistanceScale:1]]
[2025.12.18-19.48.16:189][  0]LogConfig: Setting CVar [[r.CapsuleShadows:1]]
[2025.12.18-19.48.16:189][  0]LogConfig: Applying CVar settings from Section [PostProcessQuality@3] File [D:/WORKPLACE/Mini_laboratory/MEPhI_VR_term_1/Mini_laboratory/Saved/Config/Windows/Scalability.ini]
[2025.12.18-19.48.16:189][  0]LogConfig: Setting CVar [[r.MotionBlurQuality:4]]
[2025.12.18-19.48.16:189][  0]LogConfig: Setting CVar [[r.AmbientOcclusionMipLevelFactor:0.4]]
[2025.12.18-19.48.16:189][  0]LogConfig: Setting CVar [[r.AmbientOcclusionMaxQuality:100]]
[2025.12.18-19.48.16:189][  0]LogConfig: Setting CVar [[r.AmbientOcclusionLevels:-1]]
[2025.12.18-19.48.16:189][  0]LogConfig: Setting CVar [[r.AmbientOcclusionRadiusScale:1.0]]
[2025.12.18-19.48.16:189][  0]LogConfig: Setting CVar [[r.DepthOfFieldQuality:2]]
[2025.12.18-19.48.16:189][  0]LogConfig: Setting CVar [[r.RenderTargetPoolMin:400]]
[2025.12.18-19.48.16:189][  0]LogConfig: Setting CVar [[r.LensFlareQuality:2]]
[2025.12.18-19.48.16:189][  0]LogConfig: Setting CVar [[r.SceneColorFringeQuality:1]]
[2025.12.18-19.48.16:189][  0]LogConfig: Setting CVar [[r.EyeAdaptationQuality:2]]
[2025.12.18-19.48.16:189][  0]LogConfig: Setting CVar [[r.BloomQuality:5]]
[2025.12.18-19.48.16:189][  0]LogConfig: Setting CVar [[r.FastBlurThreshold:100]]
[2025.12.18-19.48.16:189][  0]LogConfig: Setting CVar [[r.Upscale.Quality:3]]
[2025.12.18-19.48.16:189][  0]LogConfig: Setting CVar [[r.Tonemapper.GrainQuantization:1]]
[2025.12.18-19.48.16:189][  0]LogConfig: Setting CVar [[r.LightShaftQuality:1]]
[2025.12.18-19.48.16:189][  0]LogConfig: Setting CVar [[r.Filter.SizeScale:1]]
[2025.12.18-19.48.16:189][  0]LogConfig: Setting CVar [[r.Tonemapper.Quality:5]]
[2025.12.18-19.48.16:189][  0]LogConfig: Setting CVar [[r.DOF.Gather.AccumulatorQuality:1        ; higher gathering accumulator quality]]
[2025.12.18-19.48.16:189][  0]LogConfig: Setting CVar [[r.DOF.Gather.PostfilterMethod:1          ; Median3x3 postfilering method]]
[2025.12.18-19.48.16:189][  0]LogConfig: Setting CVar [[r.DOF.Gather.EnableBokehSettings:0       ; no bokeh simulation when gathering]]
[2025.12.18-19.48.16:189][  0]LogConfig: Setting CVar [[r.DOF.Gather.RingCount:4                 ; medium number of samples when gathering]]
[2025.12.18-19.48.16:189][  0]LogConfig: Setting CVar [[r.DOF.Scatter.ForegroundCompositing:1    ; additive foreground scattering]]
[2025.12.18-19.48.16:189][  0]LogConfig: Setting CVar [[r.DOF.Scatter.BackgroundCompositing:2    ; additive background scattering]]
[2025.12.18-19.48.16:189][  0]LogConfig: Setting CVar [[r.DOF.Scatter.EnableBokehSettings:1      ; bokeh simulation when scattering]]
[2025.12.18-19.48.16:189][  0]LogConfig: Setting CVar [[r.DOF.Scatter.MaxSpriteRatio:0.1         ; only a maximum of 10% of scattered bokeh]]
[2025.12.18-19.48.16:189][  0]LogConfig: Setting CVar [[r.DOF.Recombine.Quality:1                ; cheap slight out of focus]]
[2025.12.18-19.48.16:189][  0]LogConfig: Setting CVar [[r.DOF.Recombine.EnableBokehSettings:0    ; no bokeh simulation on slight out of focus]]
[2025.12.18-19.48.16:189][  0]LogConfig: Setting CVar [[r.DOF.TemporalAAQuality:1                ; more stable temporal accumulation]]
[2025.12.18-19.48.16:189][  0]LogConfig: Setting CVar [[r.DOF.Kernel.MaxForegroundRadius:0.025]]
[2025.12.18-19.48.16:189][  0]LogConfig: Setting CVar [[r.DOF.Kernel.MaxBackgroundRadius:0.025]]
[2025.12.18-19.48.16:189][  0]LogConfig: Applying CVar settings from Section [TextureQuality@3] File [D:/WORKPLACE/Mini_laboratory/MEPhI_VR_term_1/Mini_laboratory/Saved/Config/Windows/Scalability.ini]
[2025.12.18-19.48.16:189][  0]LogConfig: Setting CVar [[r.Streaming.MipBias:0]]
[2025.12.18-19.48.16:189][  0]LogConfig: Setting CVar [[r.Streaming.AmortizeCPUToGPUCopy:0]]
[2025.12.18-19.48.16:189][  0]LogConfig: Setting CVar [[r.Streaming.MaxNumTexturesToStreamPerFrame:0]]
[2025.12.18-19.48.16:189][  0]LogConfig: Setting CVar [[r.Streaming.Boost:1]]
[2025.12.18-19.48.16:189][  0]LogConfig: Setting CVar [[r.MaxAnisotropy:8]]
[2025.12.18-19.48.16:189][  0]LogConfig: Setting CVar [[r.VT.MaxAnisotropy:8]]
[2025.12.18-19.48.16:189][  0]LogConfig: Setting CVar [[r.Streaming.LimitPoolSizeToVRAM:0]]
[2025.12.18-19.48.16:189][  0]LogConfig: Setting CVar [[r.Streaming.PoolSize:1000]]
[2025.12.18-19.48.16:189][  0]LogConfig: Setting CVar [[r.Streaming.MaxEffectiveScreenSize:0]]
[2025.12.18-19.48.16:189][  0]LogConfig: Applying CVar settings from Section [EffectsQuality@3] File [D:/WORKPLACE/Mini_laboratory/MEPhI_VR_term_1/Mini_laboratory/Saved/Config/Windows/Scalability.ini]
[2025.12.18-19.48.16:189][  0]LogConfig: Setting CVar [[r.TranslucencyLightingVolumeDim:64]]
[2025.12.18-19.48.16:189][  0]LogConfig: Setting CVar [[r.RefractionQuality:2]]
[2025.12.18-19.48.16:189][  0]LogConfig: Setting CVar [[r.SSR.Quality:3]]
[2025.12.18-19.48.16:189][  0]LogConfig: Setting CVar [[r.SSR.HalfResSceneColor:0]]
[2025.12.18-19.48.16:189][  0]LogConfig: Setting CVar [[r.SceneColorFormat:4]]
[2025.12.18-19.48.16:189][  0]LogConfig: Setting CVar [[r.DetailMode:2]]
[2025.12.18-19.48.16:189][  0]LogConfig: Setting CVar [[r.TranslucencyVolumeBlur:1]]
[2025.12.18-19.48.16:189][  0]LogConfig: Setting CVar [[r.MaterialQualityLevel:1 ; High quality]]
[2025.12.18-19.48.16:189][  0]LogConfig: Setting CVar [[r.AnisotropicMaterials:1]]
[2025.12.18-19.48.16:189][  0]LogConfig: Setting CVar [[r.SSS.Scale:1]]
[2025.12.18-19.48.16:189][  0]LogConfig: Setting CVar [[r.SSS.SampleSet:2]]
[2025.12.18-19.48.16:189][  0]LogConfig: Setting CVar [[r.SSS.Quality:1]]
[2025.12.18-19.48.16:189][  0]LogConfig: Setting CVar [[r.SSS.HalfRes:0]]
[2025.12.18-19.48.16:189][  0]LogConfig: Setting CVar [[r.SSGI.Quality:3]]
[2025.12.18-19.48.16:189][  0]LogConfig: Setting CVar [[r.EmitterSpawnRateScale:1.0]]
[2025.12.18-19.48.16:189][  0]LogConfig: Setting CVar [[r.ParticleLightQuality:2]]
[2025.12.18-19.48.16:189][  0]LogConfig: Setting CVar [[r.SkyAtmosphere.AerialPerspectiveLUT.FastApplyOnOpaque:1 ; Always have FastSkyLUT 1 in this case to avoid wrong sky]]
[2025.12.18-19.48.16:189][  0]LogConfig: Setting CVar [[r.SkyAtmosphere.AerialPerspectiveLUT.SampleCountMaxPerSlice:4]]
[2025.12.18-19.48.16:189][  0]LogConfig: Setting CVar [[r.SkyAtmosphere.AerialPerspectiveLUT.DepthResolution:16.0]]
[2025.12.18-19.48.16:189][  0]LogConfig: Setting CVar [[r.SkyAtmosphere.FastSkyLUT:1]]
[2025.12.18-19.48.16:189][  0]LogConfig: Setting CVar [[r.SkyAtmosphere.FastSkyLUT.SampleCountMin:4.0]]
[2025.12.18-19.48.16:189][  0]LogConfig: Setting CVar [[r.SkyAtmosphere.FastSkyLUT.SampleCountMax:128.0]]
[2025.12.18-19.48.16:189][  0]LogConfig: Setting CVar [[r.SkyAtmosphere.SampleCountMin:4.0]]
[2025.12.18-19.48.16:189][  0]LogConfig: Setting CVar [[r.SkyAtmosphere.SampleCountMax:128.0]]
[2025.12.18-19.48.16:189][  0]LogConfig: Setting CVar [[r.SkyAtmosphere.TransmittanceLUT.UseSmallFormat:0]]
[2025.12.18-19.48.16:189][  0]LogConfig: Setting CVar [[r.SkyAtmosphere.TransmittanceLUT.SampleCount:10.0]]
[2025.12.18-19.48.16:189][  0]LogConfig: Setting CVar [[r.SkyAtmosphere.MultiScatteringLUT.SampleCount:15.0]]
[2025.12.18-19.48.16:189][  0]LogConfig: Setting CVar [[r.SkyLight.RealTimeReflectionCapture:1]]
[2025.12.18-19.48.16:189][  0]LogConfig: Applying CVar settings from Section [FoliageQuality@3] File [D:/WORKPLACE/Mini_laboratory/MEPhI_VR_term_1/Mini_laboratory/Saved/Config/Windows/Scalability.ini]
[2025.12.18-19.48.16:189][  0]LogConfig: Setting CVar [[foliage.DensityScale:1.0]]
[2025.12.18-19.48.16:189][  0]LogConfig: Setting CVar [[grass.DensityScale:1.0]]
[2025.12.18-19.48.16:189][  0]LogConfig: Applying CVar settings from Section [ShadingQuality@3] File [D:/WORKPLACE/Mini_laboratory/MEPhI_VR_term_1/Mini_laboratory/Saved/Config/Windows/Scalability.ini]
[2025.12.18-19.48.16:189][  0]LogConfig: Setting CVar [[r.HairStrands.SkyLighting.IntegrationType:2]]
[2025.12.18-19.48.16:189][  0]LogConfig: Setting CVar [[r.HairStrands.SkyAO.SampleCount:4]]
[2025.12.18-19.48.16:189][  0]LogConfig: Setting CVar [[r.HairStrands.Visibility.MSAA.SamplePerPixel:4]]
[2025.12.18-19.48.16:190][  0]LogInit: Selected Device Profile: [Windows]
[2025.12.18-19.48.16:190][  0]LogInit: Applying CVar settings loaded from the selected device profile: [Windows]
[2025.12.18-19.48.16:190][  0]LogHAL: Display: Platform has ~ 8 GB [8451309568 / 8589934592 / 8], which maps to Default [LargestMinGB=32, LargerMinGB=12, DefaultMinGB=8, SmallerMinGB=6, SmallestMinGB=0)
[2025.12.18-19.48.16:190][  0]LogInit: Going up to parent DeviceProfile []
[2025.12.18-19.48.16:190][  0]LogConfig: Applying CVar settings from Section [ViewDistanceQuality@3] File [D:/WORKPLACE/Mini_laboratory/MEPhI_VR_term_1/Mini_laboratory/Saved/Config/Windows/Scalability.ini]
[2025.12.18-19.48.16:190][  0]LogConfig: Setting CVar [[r.SkeletalMeshLODBias:0]]
[2025.12.18-19.48.16:190][  0]LogConfig: Setting CVar [[r.ViewDistanceScale:1.0]]
[2025.12.18-19.48.16:190][  0]LogConfig: Applying CVar settings from Section [AntiAliasingQuality@3] File [D:/WORKPLACE/Mini_laboratory/MEPhI_VR_term_1/Mini_laboratory/Saved/Config/Windows/Scalability.ini]
[2025.12.18-19.48.16:190][  0]LogConfig: Setting CVar [[r.PostProcessAAQuality:4]]
[2025.12.18-19.48.16:190][  0]LogConfig: Applying CVar settings from Section [ShadowQuality@3] File [D:/WORKPLACE/Mini_laboratory/MEPhI_VR_term_1/Mini_laboratory/Saved/Config/Windows/Scalability.ini]
[2025.12.18-19.48.16:190][  0]LogConfig: Setting CVar [[r.LightFunctionQuality:1]]
[2025.12.18-19.48.16:190][  0]LogConfig: Setting CVar [[r.ShadowQuality:5]]
[2025.12.18-19.48.16:190][  0]LogConfig: Setting CVar [[r.Shadow.CSM.MaxCascades:10]]
[2025.12.18-19.48.16:190][  0]LogConfig: Setting CVar [[r.Shadow.MaxResolution:2048]]
[2025.12.18-19.48.16:190][  0]LogConfig: Setting CVar [[r.Shadow.MaxCSMResolution:2048]]
[2025.12.18-19.48.16:190][  0]LogConfig: Setting CVar [[r.Shadow.RadiusThreshold:0.01]]
[2025.12.18-19.48.16:190][  0]LogConfig: Setting CVar [[r.Shadow.DistanceScale:1.0]]
[2025.12.18-19.48.16:190][  0]LogConfig: Setting CVar [[r.Shadow.CSM.TransitionScale:1.0]]
[2025.12.18-19.48.16:190][  0]LogConfig: Setting CVar [[r.Shadow.PreShadowResolutionFactor:1.0]]
[2025.12.18-19.48.16:190][  0]LogConfig: Setting CVar [[r.DistanceFieldShadowing:1]]
[2025.12.18-19.48.16:190][  0]LogConfig: Setting CVar [[r.DistanceFieldAO:1]]
[2025.12.18-19.48.16:190][  0]LogConfig: Setting CVar [[r.AOQuality:2]]
[2025.12.18-19.48.16:190][  0]LogConfig: Setting CVar [[r.VolumetricFog:1]]
[2025.12.18-19.48.16:190][  0]LogConfig: Setting CVar [[r.VolumetricFog.GridPixelSize:8]]
[2025.12.18-19.48.16:190][  0]LogConfig: Setting CVar [[r.VolumetricFog.GridSizeZ:128]]
[2025.12.18-19.48.16:190][  0]LogConfig: Setting CVar [[r.VolumetricFog.HistoryMissSupersampleCount:4]]
[2025.12.18-19.48.16:190][  0]LogConfig: Setting CVar [[r.LightMaxDrawDistanceScale:1]]
[2025.12.18-19.48.16:190][  0]LogConfig: Setting CVar [[r.CapsuleShadows:1]]
[2025.12.18-19.48.16:190][  0]LogConfig: Applying CVar settings from Section [PostProcessQuality@3] File [D:/WORKPLACE/Mini_laboratory/MEPhI_VR_term_1/Mini_laboratory/Saved/Config/Windows/Scalability.ini]
[2025.12.18-19.48.16:190][  0]LogConfig: Setting CVar [[r.MotionBlurQuality:4]]
[2025.12.18-19.48.16:190][  0]LogConfig: Setting CVar [[r.AmbientOcclusionMipLevelFactor:0.4]]
[2025.12.18-19.48.16:190][  0]LogConfig: Setting CVar [[r.AmbientOcclusionMaxQuality:100]]
[2025.12.18-19.48.16:190][  0]LogConfig: Setting CVar [[r.AmbientOcclusionLevels:-1]]
[2025.12.18-19.48.16:190][  0]LogConfig: Setting CVar [[r.AmbientOcclusionRadiusScale:1.0]]
[2025.12.18-19.48.16:190][  0]LogConfig: Setting CVar [[r.DepthOfFieldQuality:2]]
[2025.12.18-19.48.16:190][  0]LogConfig: Setting CVar [[r.RenderTargetPoolMin:400]]
[2025.12.18-19.48.16:190][  0]LogConfig: Setting CVar [[r.LensFlareQuality:2]]
[2025.12.18-19.48.16:190][  0]LogConfig: Setting CVar [[r.SceneColorFringeQuality:1]]
[2025.12.18-19.48.16:190][  0]LogConfig: Setting CVar [[r.EyeAdaptationQuality:2]]
[2025.12.18-19.48.16:190][  0]LogConfig: Setting CVar [[r.BloomQuality:5]]
[2025.12.18-19.48.16:190][  0]LogConfig: Setting CVar [[r.FastBlurThreshold:100]]
[2025.12.18-19.48.16:190][  0]LogConfig: Setting CVar [[r.Upscale.Quality:3]]
[2025.12.18-19.48.16:190][  0]LogConfig: Setting CVar [[r.Tonemapper.GrainQuantization:1]]
[2025.12.18-19.48.16:190][  0]LogConfig: Setting CVar [[r.LightShaftQuality:1]]
[2025.12.18-19.48.16:190][  0]LogConfig: Setting CVar [[r.Filter.SizeScale:1]]
[2025.12.18-19.48.16:190][  0]LogConfig: Setting CVar [[r.Tonemapper.Quality:5]]
[2025.12.18-19.48.16:190][  0]LogConfig: Setting CVar [[r.DOF.Gather.AccumulatorQuality:1        ; higher gathering accumulator quality]]
[2025.12.18-19.48.16:190][  0]LogConfig: Setting CVar [[r.DOF.Gather.PostfilterMethod:1          ; Median3x3 postfilering method]]
[2025.12.18-19.48.16:190][  0]LogConfig: Setting CVar [[r.DOF.Gather.EnableBokehSettings:0       ; no bokeh simulation when gathering]]
[2025.12.18-19.48.16:190][  0]LogConfig: Setting CVar [[r.DOF.Gather.RingCount:4                 ; medium number of samples when gathering]]
[2025.12.18-19.48.16:190][  0]LogConfig: Setting CVar [[r.DOF.Scatter.ForegroundCompositing:1    ; additive foreground scattering]]
[2025.12.18-19.48.16:190][  0]LogConfig: Setting CVar [[r.DOF.Scatter.BackgroundCompositing:2    ; additive background scattering]]
[2025.12.18-19.48.16:190][  0]LogConfig: Setting CVar [[r.DOF.Scatter.EnableBokehSettings:1      ; bokeh simulation when scattering]]
[2025.12.18-19.48.16:190][  0]LogConfig: Setting CVar [[r.DOF.Scatter.MaxSpriteRatio:0.1         ; only a maximum of 10% of scattered bokeh]]
[2025.12.18-19.48.16:190][  0]LogConfig: Setting CVar [[r.DOF.Recombine.Quality:1                ; cheap slight out of focus]]
[2025.12.18-19.48.16:190][  0]LogConfig: Setting CVar [[r.DOF.Recombine.EnableBokehSettings:0    ; no bokeh simulation on slight out of focus]]
[2025.12.18-19.48.16:190][  0]LogConfig: Setting CVar [[r.DOF.TemporalAAQuality:1                ; more stable temporal accumulation]]
[2025.12.18-19.48.16:190][  0]LogConfig: Setting CVar [[r.DOF.Kernel.MaxForegroundRadius:0.025]]
[2025.12.18-19.48.16:190][  0]LogConfig: Setting CVar [[r.DOF.Kernel.MaxBackgroundRadius:0.025]]
[2025.12.18-19.48.16:190][  0]LogConfig: Applying CVar settings from Section [TextureQuality@3] File [D:/WORKPLACE/Mini_laboratory/MEPhI_VR_term_1/Mini_laboratory/Saved/Config/Windows/Scalability.ini]
[2025.12.18-19.48.16:190][  0]LogConfig: Setting CVar [[r.Streaming.MipBias:0]]
[2025.12.18-19.48.16:190][  0]LogConfig: Setting CVar [[r.Streaming.AmortizeCPUToGPUCopy:0]]
[2025.12.18-19.48.16:190][  0]LogConfig: Setting CVar [[r.Streaming.MaxNumTexturesToStreamPerFrame:0]]
[2025.12.18-19.48.16:190][  0]LogConfig: Setting CVar [[r.Streaming.Boost:1]]
[2025.12.18-19.48.16:190][  0]LogConfig: Setting CVar [[r.MaxAnisotropy:8]]
[2025.12.18-19.48.16:190][  0]LogConfig: Setting CVar [[r.VT.MaxAnisotropy:8]]
[2025.12.18-19.48.16:190][  0]LogConfig: Setting CVar [[r.Streaming.LimitPoolSizeToVRAM:0]]
[2025.12.18-19.48.16:190][  0]LogConfig: Setting CVar [[r.Streaming.PoolSize:1000]]
[2025.12.18-19.48.16:190][  0]LogConfig: Setting CVar [[r.Streaming.MaxEffectiveScreenSize:0]]
[2025.12.18-19.48.16:190][  0]LogConfig: Applying CVar settings from Section [EffectsQuality@3] File [D:/WORKPLACE/Mini_laboratory/MEPhI_VR_term_1/Mini_laboratory/Saved/Config/Windows/Scalability.ini]
[2025.12.18-19.48.16:190][  0]LogConfig: Setting CVar [[r.TranslucencyLightingVolumeDim:64]]
[2025.12.18-19.48.16:190][  0]LogConfig: Setting CVar [[r.RefractionQuality:2]]
[2025.12.18-19.48.16:190][  0]LogConfig: Setting CVar [[r.SSR.Quality:3]]
[2025.12.18-19.48.16:190][  0]LogConfig: Setting CVar [[r.SSR.HalfResSceneColor:0]]
[2025.12.18-19.48.16:190][  0]LogConfig: Setting CVar [[r.SceneColorFormat:4]]
[2025.12.18-19.48.16:190][  0]LogConfig: Setting CVar [[r.DetailMode:2]]
[2025.12.18-19.48.16:190][  0]LogConfig: Setting CVar [[r.TranslucencyVolumeBlur:1]]
[2025.12.18-19.48.16:191][  0]LogConfig: Setting CVar [[r.MaterialQualityLevel:1 ; High quality]]
[2025.12.18-19.48.16:191][  0]LogConfig: Setting CVar [[r.AnisotropicMaterials:1]]
[2025.12.18-19.48.16:191][  0]LogConfig: Setting CVar [[r.SSS.Scale:1]]
[2025.12.18-19.48.16:191][  0]LogConfig: Setting CVar [[r.SSS.SampleSet:2]]
[2025.12.18-19.48.16:191][  0]LogConfig: Setting CVar [[r.SSS.Quality:1]]
[2025.12.18-19.48.16:191][  0]LogConfig: Setting CVar [[r.SSS.HalfRes:0]]
[2025.12.18-19.48.16:191][  0]LogConfig: Setting CVar [[r.SSGI.Quality:3]]
[2025.12.18-19.48.16:191][  0]LogConfig: Setting CVar [[r.EmitterSpawnRateScale:1.0]]
[2025.12.18-19.48.16:191][  0]LogConfig: Setting CVar [[r.ParticleLightQuality:2]]
[2025.12.18-19.48.16:191][  0]LogConfig: Setting CVar [[r.SkyAtmosphere.AerialPerspectiveLUT.FastApplyOnOpaque:1 ; Always have FastSkyLUT 1 in this case to avoid wrong sky]]
[2025.12.18-19.48.16:191][  0]LogConfig: Setting CVar [[r.SkyAtmosphere.AerialPerspectiveLUT.SampleCountMaxPerSlice:4]]
[2025.12.18-19.48.16:191][  0]LogConfig: Setting CVar [[r.SkyAtmosphere.AerialPerspectiveLUT.DepthResolution:16.0]]
[2025.12.18-19.48.16:191][  0]LogConfig: Setting CVar [[r.SkyAtmosphere.FastSkyLUT:1]]
[2025.12.18-19.48.16:191][  0]LogConfig: Setting CVar [[r.SkyAtmosphere.FastSkyLUT.SampleCountMin:4.0]]
[2025.12.18-19.48.16:191][  0]LogConfig: Setting CVar [[r.SkyAtmosphere.FastSkyLUT.SampleCountMax:128.0]]
[2025.12.18-19.48.16:191][  0]LogConfig: Setting CVar [[r.SkyAtmosphere.SampleCountMin:4.0]]
[2025.12.18-19.48.16:191][  0]LogConfig: Setting CVar [[r.SkyAtmosphere.SampleCountMax:128.0]]
[2025.12.18-19.48.16:191][  0]LogConfig: Setting CVar [[r.SkyAtmosphere.TransmittanceLUT.UseSmallFormat:0]]
[2025.12.18-19.48.16:191][  0]LogConfig: Setting CVar [[r.SkyAtmosphere.TransmittanceLUT.SampleCount:10.0]]
[2025.12.18-19.48.16:191][  0]LogConfig: Setting CVar [[r.SkyAtmosphere.MultiScatteringLUT.SampleCount:15.0]]
[2025.12.18-19.48.16:191][  0]LogConfig: Setting CVar [[r.SkyLight.RealTimeReflectionCapture:1]]
[2025.12.18-19.48.16:191][  0]LogConfig: Applying CVar settings from Section [FoliageQuality@3] File [D:/WORKPLACE/Mini_laboratory/MEPhI_VR_term_1/Mini_laboratory/Saved/Config/Windows/Scalability.ini]
[2025.12.18-19.48.16:191][  0]LogConfig: Setting CVar [[foliage.DensityScale:1.0]]
[2025.12.18-19.48.16:191][  0]LogConfig: Setting CVar [[grass.DensityScale:1.0]]
[2025.12.18-19.48.16:191][  0]LogConfig: Applying CVar settings from Section [ShadingQuality@3] File [D:/WORKPLACE/Mini_laboratory/MEPhI_VR_term_1/Mini_laboratory/Saved/Config/Windows/Scalability.ini]
[2025.12.18-19.48.16:191][  0]LogConfig: Setting CVar [[r.HairStrands.SkyLighting.IntegrationType:2]]
[2025.12.18-19.48.16:191][  0]LogConfig: Setting CVar [[r.HairStrands.SkyAO.SampleCount:4]]
[2025.12.18-19.48.16:191][  0]LogConfig: Setting CVar [[r.HairStrands.Visibility.MSAA.SamplePerPixel:4]]
[2025.12.18-19.48.16:191][  0]LogConfig: Applying CVar settings from Section [Startup] File [../../../Engine/Config/ConsoleVariables.ini]
[2025.12.18-19.48.16:199][  0]LogConfig: Setting CVar [[net.UseAdaptiveNetUpdateFrequency:0]]
[2025.12.18-19.48.16:199][  0]LogConfig: Setting CVar [[p.chaos.AllowCreatePhysxBodies:1]]
[2025.12.18-19.48.16:199][  0]LogConfig: Setting CVar [[fx.SkipVectorVMBackendOptimizations:1]]
[2025.12.18-19.48.16:199][  0]LogConfig: Applying CVar settings from Section [ConsoleVariables] File [D:/WORKPLACE/Mini_laboratory/MEPhI_VR_term_1/Mini_laboratory/Saved/Config/Windows/Engine.ini]
[2025.12.18-19.48.16:199][  0]LogConfig: Applying CVar settings from Section [ConsoleVariables] File [D:/WORKPLACE/Mini_laboratory/MEPhI_VR_term_1/Mini_laboratory/Saved/Config/Windows/Editor.ini]
[2025.12.18-19.48.16:199][  0]LogInit: Computer: LAPTOP-RE3L13LG
[2025.12.18-19.48.16:199][  0]LogInit: User: Vladislav
[2025.12.18-19.48.16:199][  0]LogInit: CPU Page size=4096, Cores=4
[2025.12.18-19.48.16:199][  0]LogInit: High frequency timer resolution =10.000000 MHz
[2025.12.18-19.48.16:199][  0]LogMemory: Memory total: Physical=7.9GB (8GB approx)
[2025.12.18-19.48.16:200][  0]LogMemory: Platform Memory Stats for Windows
[2025.12.18-19.48.16:200][  0]LogMemory: Process Physical Memory: 144.00 MB used, 144.00 MB peak
[2025.12.18-19.48.16:200][  0]LogMemory: Process Virtual Memory: 117.32 MB used, 117.32 MB peak
[2025.12.18-19.48.16:200][  0]LogMemory: Physical Memory: 6469.04 MB used,  1590.76 MB free, 8059.80 MB total
[2025.12.18-19.48.16:200][  0]LogMemory: Virtual Memory: 134212128.00 MB used,  5596.50 MB free, 134217728.00 MB total
[2025.12.18-19.48.16:206][  0]LogWindows: WindowsPlatformFeatures enabled
[2025.12.18-19.48.16:589][  0]LogInit: Physics initialised using underlying interface: PhysX
[2025.12.18-19.48.16:591][  0]LogInit: Using OS detected language (ru-RU).
[2025.12.18-19.48.16:591][  0]LogInit: Using OS detected locale (ru-RU).
[2025.12.18-19.48.16:603][  0]LogTextLocalizationManager: No specific localization for 'ru-RU' exists, so the 'ru' localization will be used.
[2025.12.18-19.48.16:604][  0]LogTextLocalizationResource: LocRes '../../../Engine/Content/Localization/Editor/ru/Editor.locres' could not be opened for reading!
[2025.12.18-19.48.16:604][  0]LogTextLocalizationResource: LocRes '../../../Engine/Content/Localization/EditorTutorials/ru/EditorTutorials.locres' could not be opened for reading!
[2025.12.18-19.48.16:604][  0]LogTextLocalizationResource: LocRes '../../../Engine/Content/Localization/Keywords/ru/Keywords.locres' could not be opened for reading!
[2025.12.18-19.48.16:604][  0]LogTextLocalizationResource: LocRes '../../../Engine/Content/Localization/Category/ru/Category.locres' could not be opened for reading!
[2025.12.18-19.48.16:604][  0]LogTextLocalizationResource: LocRes '../../../Engine/Content/Localization/ToolTips/ru/ToolTips.locres' could not be opened for reading!
[2025.12.18-19.48.16:605][  0]LogTextLocalizationResource: LocRes '../../../Engine/Content/Localization/PropertyNames/ru/PropertyNames.locres' could not be opened for reading!
[2025.12.18-19.48.16:605][  0]LogTextLocalizationResource: LocRes '../../../Engine/Content/Localization/Engine/ru/Engine.locres' could not be opened for reading!
[2025.12.18-19.48.16:609][  0]LogInit: Setting process to per monitor DPI aware
[2025.12.18-19.48.16:637][  0]LogWindowsTextInputMethodSystem: Display: IME system deactivated.
[2025.12.18-19.48.16:724][  0]LogSlate: New Slate User Created.  User Index 0, Is Virtual User: 0
[2025.12.18-19.48.16:724][  0]LogSlate: Slate User Registered.  User Index 0, Is Virtual User: 0
[2025.12.18-19.48.19:734][  0]LogD3D11RHI: Loaded GFSDK_Aftermath_Lib.x64.dll
[2025.12.18-19.48.19:747][  0]LogHMD: Failed to initialize OpenVR with code 110
[2025.12.18-19.48.19:747][  0]LogD3D11RHI: D3D11 min allowed feature level: 11_0
[2025.12.18-19.48.19:747][  0]LogD3D11RHI: D3D11 max allowed feature level: 11_0
[2025.12.18-19.48.19:747][  0]LogD3D11RHI: D3D11 adapters:
[2025.12.18-19.48.19:908][  0]LogD3D11RHI:    0. 'NVIDIA GeForce GTX 1650 Ti' (Feature Level 11_0)
[2025.12.18-19.48.19:908][  0]LogD3D11RHI:       3935/0/4029 MB DedicatedVideo/DedicatedSystem/SharedSystem, Outputs:1, VendorId:0x10de
[2025.12.18-19.48.19:960][  0]LogD3D11RHI:    1. 'Intel(R) UHD Graphics' (Feature Level 11_0)
[2025.12.18-19.48.19:960][  0]LogD3D11RHI:       128/0/4029 MB DedicatedVideo/DedicatedSystem/SharedSystem, Outputs:0, VendorId:0x8086
[2025.12.18-19.48.19:966][  0]LogD3D11RHI:    2. 'Microsoft Basic Render Driver' (Feature Level 11_0)
[2025.12.18-19.48.19:966][  0]LogD3D11RHI:       0/0/4029 MB DedicatedVideo/DedicatedSystem/SharedSystem, Outputs:0, VendorId:0x1414
[2025.12.18-19.48.19:966][  0]LogD3D11RHI: Chosen D3D11 Adapter:
[2025.12.18-19.48.19:966][  0]LogD3D11RHI:     Description : NVIDIA GeForce GTX 1650 Ti
[2025.12.18-19.48.19:966][  0]LogD3D11RHI:     VendorId    : 10de
[2025.12.18-19.48.19:966][  0]LogD3D11RHI:     DeviceId    : 1f95
[2025.12.18-19.48.19:966][  0]LogD3D11RHI:     SubSysId    : 3fa317aa
[2025.12.18-19.48.19:966][  0]LogD3D11RHI:     Revision    : 00a1
[2025.12.18-19.48.19:966][  0]LogD3D11RHI:     DedicatedVideoMemory : 4126146560 bytes
[2025.12.18-19.48.19:966][  0]LogD3D11RHI:     DedicatedSystemMemory : 0 bytes
[2025.12.18-19.48.19:966][  0]LogD3D11RHI:     SharedSystemMemory : 4225654784 bytes
[2025.12.18-19.48.19:966][  0]LogD3D11RHI:     AdapterLuid : 0 75673
[2025.12.18-19.48.19:970][  0]LogD3D11RHI: Creating new Direct3DDevice
[2025.12.18-19.48.19:970][  0]LogD3D11RHI:     GPU DeviceId: 0x1f95 (for the marketing name, search the web for "GPU Device Id")
[2025.12.18-19.48.19:970][  0]LogWindows: EnumDisplayDevices:
[2025.12.18-19.48.19:970][  0]LogWindows:    0. 'Intel(R) UHD Graphics' (P:1 D:1)
[2025.12.18-19.48.19:970][  0]LogWindows:    1. 'Intel(R) UHD Graphics' (P:0 D:0)
[2025.12.18-19.48.19:970][  0]LogWindows:    2. 'Intel(R) UHD Graphics' (P:0 D:0)
[2025.12.18-19.48.19:970][  0]LogWindows:    3. 'NVIDIA GeForce GTX 1650 Ti' (P:0 D:0)
[2025.12.18-19.48.19:970][  0]LogWindows: DebugString: PrimaryIsNotTheChoosenAdapter PrimaryIsNotTheChoosenAdapter PrimaryIsNotTheChoosenAdapter 
[2025.12.18-19.48.19:971][  0]LogD3D11RHI:     Adapter Name: NVIDIA GeForce GTX 1650 Ti
[2025.12.18-19.48.19:971][  0]LogD3D11RHI:   Driver Version: 560.76 (internal:32.0.15.6076, unified:560.76)
[2025.12.18-19.48.19:971][  0]LogD3D11RHI:      Driver Date: 7-23-2024
[2025.12.18-19.48.19:971][  0]LogRHI: Texture pool is 2754 MB (70% of 3935 MB)
[2025.12.18-19.48.19:971][  0]LogD3D11RHI: Creating D3DDevice using adapter:
[2025.12.18-19.48.19:971][  0]LogD3D11RHI:     Description : NVIDIA GeForce GTX 1650 Ti
[2025.12.18-19.48.19:971][  0]LogD3D11RHI:     VendorId    : 10de
[2025.12.18-19.48.19:971][  0]LogD3D11RHI:     DeviceId    : 1f95
[2025.12.18-19.48.19:971][  0]LogD3D11RHI:     SubSysId    : 3fa317aa
[2025.12.18-19.48.19:971][  0]LogD3D11RHI:     Revision    : 00a1
[2025.12.18-19.48.19:971][  0]LogD3D11RHI:     DedicatedVideoMemory : 4126146560 bytes
[2025.12.18-19.48.19:971][  0]LogD3D11RHI:     DedicatedSystemMemory : 0 bytes
[2025.12.18-19.48.19:971][  0]LogD3D11RHI:     SharedSystemMemory : 4225654784 bytes
[2025.12.18-19.48.19:971][  0]LogD3D11RHI:     AdapterLuid : 0 75673
[2025.12.18-19.48.20:075][  0]LogD3D11RHI: RHI has support for 64 bit atomics
[2025.12.18-19.48.20:075][  0]LogD3D11RHI: Async texture creation enabled
[2025.12.18-19.48.20:075][  0]LogD3D11RHI: Array index from any shader is supported
[2025.12.18-19.48.20:094][  0]LogD3D11RHI: GPU Timing Frequency: 1000.000000 (Debug: 2 1)
[2025.12.18-19.48.20:135][  0]LogRHI: GeForceNow SDK initialized: 1
[2025.12.18-19.48.23:195][  0]LogTargetPlatformManager: Display: Loaded TargetPlatform 'AllDesktop'
[2025.12.18-19.48.23:242][  0]LogTargetPlatformManager: Display: Loaded TargetPlatform 'Android'
[2025.12.18-19.48.23:242][  0]LogTargetPlatformManager: Display: Loaded TargetPlatform 'Android_ASTC'
[2025.12.18-19.48.23:242][  0]LogTargetPlatformManager: Display: Loaded TargetPlatform 'Android_DXT'
[2025.12.18-19.48.23:242][  0]LogTargetPlatformManager: Display: Loaded TargetPlatform 'Android_ETC2'
[2025.12.18-19.48.23:242][  0]LogTargetPlatformManager: Display: Loaded TargetPlatform 'AndroidClient'
[2025.12.18-19.48.23:242][  0]LogTargetPlatformManager: Display: Loaded TargetPlatform 'Android_ASTCClient'
[2025.12.18-19.48.23:242][  0]LogTargetPlatformManager: Display: Loaded TargetPlatform 'Android_DXTClient'
[2025.12.18-19.48.23:242][  0]LogTargetPlatformManager: Display: Loaded TargetPlatform 'Android_ETC2Client'
[2025.12.18-19.48.23:242][  0]LogTargetPlatformManager: Display: Loaded TargetPlatform 'Android_Multi'
[2025.12.18-19.48.23:242][  0]LogTargetPlatformManager: Display: Loaded TargetPlatform 'Android_MultiClient'
[2025.12.18-19.48.23:338][  0]LogTargetPlatformManager: Display: Loaded TargetPlatform 'IOSClient'
[2025.12.18-19.48.23:338][  0]LogTargetPlatformManager: Display: Loaded TargetPlatform 'IOS'
[2025.12.18-19.48.23:384][  0]LogTargetPlatformManager: Display: Loaded TargetPlatform 'Linux'
[2025.12.18-19.48.23:411][  0]LogTargetPlatformManager: Display: Loaded TargetPlatform 'LinuxNoEditor'
[2025.12.18-19.48.23:439][  0]LogTargetPlatformManager: Display: Loaded TargetPlatform 'LinuxClient'
[2025.12.18-19.48.23:466][  0]LogTargetPlatformManager: Display: Loaded TargetPlatform 'LinuxServer'
[2025.12.18-19.48.23:504][  0]LogTargetPlatformManager: Display: Loaded TargetPlatform 'LinuxAArch64NoEditor'
[2025.12.18-19.48.23:532][  0]LogTargetPlatformManager: Display: Loaded TargetPlatform 'LinuxAArch64Client'
[2025.12.18-19.48.23:559][  0]LogTargetPlatformManager: Display: Loaded TargetPlatform 'LinuxAArch64Server'
[2025.12.18-19.48.23:606][  0]LogTargetPlatformManager: Display: Loaded TargetPlatform 'Lumin'
[2025.12.18-19.48.23:606][  0]LogTargetPlatformManager: Display: Loaded TargetPlatform 'LuminClient'
[2025.12.18-19.48.23:638][  0]LogTargetPlatformManager: Display: Loaded TargetPlatform 'MacNoEditor'
[2025.12.18-19.48.23:666][  0]LogTargetPlatformManager: Display: Loaded TargetPlatform 'Mac'
[2025.12.18-19.48.23:693][  0]LogTargetPlatformManager: Display: Loaded TargetPlatform 'MacClient'
[2025.12.18-19.48.23:720][  0]LogTargetPlatformManager: Display: Loaded TargetPlatform 'MacServer'
[2025.12.18-19.48.23:750][  0]LogTargetPlatformManager: Display: Loaded TargetPlatform 'TVOSClient'
[2025.12.18-19.48.23:750][  0]LogTargetPlatformManager: Display: Loaded TargetPlatform 'TVOS'
[2025.12.18-19.48.23:782][  0]LogTargetPlatformManager: Display: Loaded TargetPlatform 'WindowsNoEditor'
[2025.12.18-19.48.23:813][  0]LogTargetPlatformManager: Display: Loaded TargetPlatform 'Windows'
[2025.12.18-19.48.23:842][  0]LogTargetPlatformManager: Display: Loaded TargetPlatform 'WindowsClient'
[2025.12.18-19.48.23:875][  0]LogTargetPlatformManager: Display: Loaded TargetPlatform 'WindowsServer'
[2025.12.18-19.48.23:875][  0]LogTargetPlatformManager: Display: Building Assets For Windows
[2025.12.18-19.48.23:988][  0]LogAudioDebug: Display: Lib vorbis DLL was dynamically loaded.
[2025.12.18-19.48.24:400][  0]LogTextureFormatOodle: Display: Oodle Texture 2.9.0 init RDO Off
[2025.12.18-19.48.24:834][  0]LogRendererCore: Ray tracing is disabled. Reason: r.RayTracing=0.
[2025.12.18-19.48.24:836][  0]LogShaderCompilers: Guid format shader working directory is -26 characters bigger than the processId version (../../../../../../WORKPLACE/Mini_laboratory/MEPhI_VR_term_1/Mini_laboratory/Intermediate/Shaders/WorkingDirectory/15880/).
[2025.12.18-19.48.24:836][  0]LogShaderCompilers: Cleaned the shader compiler working directory 'C:/Users/Владислав/AppData/Local/Temp/UnrealShaderWorkingDir/8259F6A04FB7947331F70C8B3286997E/'.
[2025.12.18-19.48.24:837][  0]LogXGEController: Cannot use XGE Controller as Incredibuild is not installed on this machine.
[2025.12.18-19.48.24:837][  0]LogShaderCompilers: Cannot use XGE Shader Compiler as Incredibuild is not installed on this machine.
[2025.12.18-19.48.24:837][  0]LogShaderCompilers: Display: Using Local Shader Compiler.
[2025.12.18-19.48.28:878][  0]LogDerivedDataCache: Display: Max Cache Size: 512 MB
[2025.12.18-19.48.29:000][  0]LogDerivedDataCache: Loaded boot cache 0.12s 94MB C:/Users/Владислав/AppData/Local/UnrealEngine/4.27/DerivedDataCache/Boot.ddc.
[2025.12.18-19.48.29:001][  0]LogDerivedDataCache: Display: Loaded Boot cache: C:/Users/Владислав/AppData/Local/UnrealEngine/4.27/DerivedDataCache/Boot.ddc
[2025.12.18-19.48.29:001][  0]LogDerivedDataCache: FDerivedDataBackendGraph:  Pak pak cache file ../../../../../../WORKPLACE/Mini_laboratory/MEPhI_VR_term_1/Mini_laboratory/DerivedDataCache/DDC.ddp not found, will not use a pak cache.
[2025.12.18-19.48.29:001][  0]LogDerivedDataCache: Unable to find inner node Pak for hierarchical cache Hierarchy.
[2025.12.18-19.48.29:001][  0]LogDerivedDataCache: FDerivedDataBackendGraph:  CompressedPak pak cache file ../../../../../../WORKPLACE/Mini_laboratory/MEPhI_VR_term_1/Mini_laboratory/DerivedDataCache/Compressed.ddp not found, will not use a pak cache.
[2025.12.18-19.48.29:001][  0]LogDerivedDataCache: Unable to find inner node CompressedPak for hierarchical cache Hierarchy.
[2025.12.18-19.48.29:036][  0]LogDerivedDataCache: Display: Pak cache opened for reading ../../../Engine/DerivedDataCache/Compressed.ddp.
[2025.12.18-19.48.29:036][  0]LogDerivedDataCache: FDerivedDataBackendGraph:  EnterprisePak pak cache file ../../../Enterprise/DerivedDataCache/Compressed.ddp not found, will not use a pak cache.
[2025.12.18-19.48.29:036][  0]LogDerivedDataCache: Unable to find inner node EnterprisePak for hierarchical cache Hierarchy.
[2025.12.18-19.48.29:110][  0]LogDerivedDataCache: Speed tests for C:/Users/Владислав/AppData/Local/UnrealEngine/Common/DerivedDataCache took 0.07 seconds
[2025.12.18-19.48.29:110][  0]LogDerivedDataCache: Display: Performance to C:/Users/Владислав/AppData/Local/UnrealEngine/Common/DerivedDataCache: Latency=0.04ms. RandomReadSpeed=13.61MBs, RandomWriteSpeed=200.07MBs. Assigned SpeedClass 'Local'
[2025.12.18-19.48.29:111][  0]LogDerivedDataCache: Using Local data cache path C:/Users/Владислав/AppData/Local/UnrealEngine/Common/DerivedDataCache: Writable
[2025.12.18-19.48.29:111][  0]LogDerivedDataCache: Shared data cache path not found in *engine.ini, will not use an Shared cache.
[2025.12.18-19.48.29:111][  0]LogDerivedDataCache: Unable to find inner node Shared for hierarchical cache Hierarchy.
[2025.12.18-19.48.29:154][  0]LogSlate: Using FreeType 2.10.0
[2025.12.18-19.48.29:175][  0]LogSlate: SlateFontServices - WITH_FREETYPE: 1, WITH_HARFBUZZ: 1
[2025.12.18-19.48.29:420][  0]LogAssetRegistry: FAssetRegistry took 0.0025 seconds to start up
[2025.12.18-19.48.29:735][  0]LogInit: Selected Device Profile: [Windows]
[2025.12.18-19.48.29:735][  0]LogInit: Active device profile: [0000015F3E381100][0000015F3CCBCD40 49] Windows
[2025.12.18-19.48.29:735][  0]LogInit: Profiles: [0000015F3E381100][0000015F3CCBCD40 49] Windows, [0000015F3E336C00][0000015F3E028EC0 49] WindowsNoEditor, [0000015F3E382200][0000015F3E02D040 49] WindowsServer, [0000015F3E335E00][0000015F3E0311C0 49] WindowsClient, [0000015F3E381700][0000015F3E035340 49] IOS, [0000015F3E336E00][0000015F3E0394C0 49] iPadAir, [0000015F3E383C00][0000015F3E03D640 49] iPadAir2, [0000015F3E2F1400][0000015F3E045900 49] IPadPro, [0000015F3E2F1500][0000015F3E041940 49] iPadAir3, [0000015F3E337F00][0000015F3E049AC0 49] iPadAir4, [0000015F3E2F2300][0000015F3E04C0C0 49] iPadMini2, [0000015F3E337600][0000015F3E050240 49] iPadMini3, [0000015F3E2F2F00][0000015F3E0543C0 49] iPadMini4, [0000015F3E336300][0000015F3E058540 49] iPadMini5, [0000015F3E31D000][0000015F3E060800 49] iPhone6, [0000015F3E31D100][0000015F3E05C840 49] iPodTouch6, [0000015F3E383900][0000015F3E068B00 49] iPhone7, [0000015F3E382900][0000015F3E064B40 49] iPodTouch7, [0000015F3E2F1000][0000015F3E024C80 49] iPhone5S, [0000015F3E382F00][0000015F3E06CDC0 49] iPhone6Plus, [0000015F3E2F3600][0000015F3E070F00 49] iPhone6S, [0000015F3E380C00][0000015F3E079080 49] iPhone6SPlus, [0000015F3E381D00][0000015F3E07D200 49] iPhone7Plus, [0000015F3E31C800][0000015F3E081380 49] iPhoneSE, [0000015F3E380400][0000015F3E085500 49] iPhone8, [0000015F3E31C900][0000015F3E089680 49] iPhone8Plus, [0000015F3E31EE00][0000015F3E08D800 49] iPhoneX, [0000015F3E2F1D00][0000015F3E091980 49] iPhoneXS, [0000015F3E31E700][0000015F3E095B00 49] iPhoneXSMax, [0000015F3E2F1C00][0000015F3E098100 49] iPhoneXR, [0000015F3E31E800][0000015F3E09C280 49] iPhone11, [0000015F3E2F0F00][0000015F3E0A0400 49] iPhone11Pro, [0000015F3E31CB00][0000015F3E0A4580 49] iPhone11ProMax, [0000015F3E2F0D00][0000015F3E0A8700 49] iPhoneSE2, [0000015F3E31CE00][0000015F3E0AC880 49] iPhone12Mini, [0000015F3E383800][0000015F3E0B0A00 49] iPhone12, [0000015F3E31F000][0000015F3E0B4B80 49] iPhone12Pro, [0000015F3E383700][0000015F3E0B8D00 49] iPhone12ProMax, [0000015F3E31DE00][0000015F3E074E40 49] iPadPro105, [0000015F3E381300][0000015F3E0BCF80 49] iPadPro129, [0000015F3E31FE00][0000015F3E0C10C0 49] iPadPro97, [0000015F3E381C00][0000015F3E0C9240 49] iPadPro2_129, [0000015F3E31E000][0000015F3E0CD3C0 49] iPad5, [0000015F3E382300][0000015F3F0E1540 49] iPad6, [0000015F3E31FB00][0000015F3F0E56C0 49] iPad7, [0000015F3E381E00][0000015F3F0E9840 49] iPad8, [0000015F3E31CA00][0000015F3F0ED9C0 49] iPadPro11, [0000015F3E382600][0000015F3F0F1B40 49] iPadPro2_11, [0000015F3E31CF00][0000015F3F0F4140 49] iPadPro3_129, [0000015F3E382800][0000015F3F0F82C0 49] iPadPro4_129, [0000015F3E31FC00][0000015F3F0FC440 49] AppleTV, [0000015F3E381A00][0000015F3F1005C0 49] AppleTV4K, [0000015F3E31E600][0000015F3F104740 49] TVOS, [0000015F3E382100][0000015F3F1088C0 49] Mac, [0000015F3E31EF00][0000015F3F10CA40 49] MacClient, [0000015F3E382A00][0000015F3F110BC0 49] MacNoEditor, [0000015F3E31EC00][0000015F3F114D40 49] MacServer, [0000015F3E383000][0000015F3F118EC0 49] Linux, [0000015F3E31C400][0000015F3E0C5000 49] LinuxAArch64, [0000015F3E380700][0000015F3F11D140 49] LinuxNoEditor, [0000015F3E31F700][0000015F3F121280 49] LinuxAArch64NoEditor, [0000015F3E383B00][0000015F3F1253C0 49] LinuxClient, [0000015F3E31F400][0000015F3F12D540 49] LinuxAArch64Client, [0000015F3E383E00][0000015F3F1316C0 49] LinuxServer, [0000015F3E31C700][0000015F3F135840 49] LinuxAArch64Server, [0000015F3E381F00][0000015F3F1399C0 49] Android, [0000015F3E31EA00][0000015F3F13DB40 49] Android_Low, [0000015F3E382D00][0000015F3F140140 49] Android_Mid, [0000015F3E31DF00][0000015F3F1442C0 49] Android_High, [0000015F3E382B00][0000015F3F148440 49] Android_Default, [0000015F3E31C100][0000015F3F14C5C0 49] Android_Adreno4xx, [0000015F3E380500][0000015F3F150740 49] Android_Adreno5xx_Low, [0000015F3E31D400][0000015F3F1548C0 49] Android_Adreno5xx, [0000015F3E383400][0000015F3F158A40 49] Android_Adreno6xx, [0000015F3E31E300][0000015F3F15CBC0 49] Android_Adreno6xx_Vulkan, [0000015F3E383D00][0000015F3F160D40 49] Android_Mali_T6xx, [0000015F3E31C200][0000015F3F164EC0 49] Android_Mali_T7xx, [0000015F3E383600][0000015F3F169040 49] Android_Mali_T8xx, [0000015F3E31F200][0000015F3F129180 49] Android_Mali_G71, [0000015F3E2F3100][0000015F3F16D2C0 49] Android_Mali_G72, [0000015F3E337400][0000015F3F171400 49] Android_Mali_G72_Vulkan, [0000015F3E2F2B00][0000015F3F175540 49] Android_Mali_G76, [0000015F3E334500][0000015F3F17D6C0 49] Android_Mali_G76_Vulkan, [0000015F3E2F0C00][0000015F3F181840 49] Android_Mali_G77, [0000015F3E334600][0000015F3F1859C0 49] Android_Mali_G77_Vulkan, [0000015F3E2F2400][0000015F3F189B40 49] Android_Mali_G78, [0000015F3E334D00][0000015F3F18C140 49] Android_Mali_G78_Vulkan, [0000015F3E2F3D00][0000015F3F1902C0 49] Android_Mali_G710, [0000015F3E337000][0000015F3F194440 49] Android_Mali_G710_Vulkan, [0000015F3E2F2A00][0000015F3F1985C0 49] Android_Vulkan_SM5, [0000015F3E335F00][0000015F3F19C740 49] Android_PowerVR_G6xxx, [0000015F3E2F0500][0000015F3F1A08C0 49] Android_PowerVR_GT7xxx, [0000015F3E334200][0000015F3F1A4A40 49] Android_PowerVR_GE8xxx, [0000015F3E2F3B00][0000015F3F1A8BC0 49] Android_PowerVR_GM9xxx, [0000015F3E336600][0000015F3F1ACD40 49] Android_PowerVR_GM9xxx_Vulkan, [0000015F3E2F1F00][0000015F3F1B0EC0 49] Android_TegraK1, [0000015F3E334A00][0000015F3F1B5040 49] Android_Unknown_Vulkan, [0000015F3E2F3900][0000015F3F1B91C0 49] Lumin, [0000015F3E335100][0000015F3F1BD340 49] Lumin_Desktop, [0000015F3E2F2000][0000015F3F179480 49] HoloLens, 
[2025.12.18-19.48.30:447][  0]LogMeshReduction: Using QuadricMeshReduction for automatic static mesh reduction
[2025.12.18-19.48.30:447][  0]LogMeshReduction: Using SimplygonMeshReduction for automatic skeletal mesh reduction
[2025.12.18-19.48.30:448][  0]LogMeshReduction: Using ProxyLODMeshReduction for automatic mesh merging
[2025.12.18-19.48.30:448][  0]LogMeshReduction: No distributed automatic mesh merging module available
[2025.12.18-19.48.30:448][  0]LogMeshMerging: No distributed automatic mesh merging module available
[2025.12.18-19.48.30:501][  0]LogNetVersion: Mini_laboratory 1.0.0, NetCL: 17155196, EngineNetVer: 17, GameNetVer: 0 (Checksum: 65826005)
[2025.12.18-19.48.33:278][  0]LogTexture: Default maximum texture size for cubemaps generated from long-lat sources has been changed from 512 to unlimited. In order to preserve old behaiour for '/Engine/MapTemplates/Sky/DaylightAmbientCubemap.DaylightAmbientCubemap', its maximum texture size has been explicitly set to 512.
[2025.12.18-19.48.33:388][  0]LogHMD: PokeAHoleMaterial loaded successfully
[2025.12.18-19.48.33:394][  0]LogUObjectArray: 17178 objects as part of root set at end of initial load.
[2025.12.18-19.48.33:394][  0]LogUObjectAllocator: 4302048 out of 0 bytes used by permanent object pool.
[2025.12.18-19.48.33:394][  0]LogUObjectArray: CloseDisregardForGC: 0/0 objects in disregard for GC pool
[2025.12.18-19.48.34:892][  0]LogNiagaraDebuggerClient: Niagara Debugger Client Initialized | Session: D50556E04D4CFAF2C7AADB93A241877B | Instance: 9DE73F01462EECF405F42BB0BD56A152 (LAPTOP-RE3L13LG-15880).
[2025.12.18-19.48.35:990][  0]LogTcpMessaging: Initializing TcpMessaging bridge
[2025.12.18-19.48.36:022][  0]LogUdpMessaging: Initializing bridge on interface 0.0.0.0:0 to multicast group 230.0.0.1:6666.
[2025.12.18-19.48.36:580][  0]LogPython: Using Python 3.7.7
[2025.12.18-19.48.38:700][  0]SourceControl: Source control is disabled
[2025.12.18-19.48.38:700][  0]SourceControl: Source control is disabled
[2025.12.18-19.48.38:946][  0]SourceControl: Source control is disabled
[2025.12.18-19.48.38:976][  0]SourceControl: Source control is disabled
[2025.12.18-19.48.39:032][  0]SourceControl: Source control is disabled
[2025.12.18-19.48.39:142][  0]LogUProjectInfo: Found projects:
[2025.12.18-19.48.40:619][  0]LogOpenImageDenoise: OIDN starting up
[2025.12.18-19.48.40:728][  0]LogAndroidPermission: UAndroidPermissionCallbackProxy::GetInstance
[2025.12.18-19.48.40:896][  0]LogAudioCaptureCore: Display: No Audio Capture implementations found. Audio input will be silent.
[2025.12.18-19.48.40:896][  0]LogAudioCaptureCore: Display: No Audio Capture implementations found. Audio input will be silent.
[2025.12.18-19.48.41:508][  0]LogCollectionManager: Loaded 0 collections in 0.000524 seconds
[2025.12.18-19.48.41:641][  0]LogFileCache: Scanning file cache for directory 'D:/WORKPLACE/Mini_laboratory/MEPhI_VR_term_1/Mini_laboratory/Saved/Collections/' took 0.00s
[2025.12.18-19.48.41:641][  0]LogFileCache: Scanning file cache for directory 'D:/WORKPLACE/Mini_laboratory/MEPhI_VR_term_1/Mini_laboratory/Content/Developers/Vladislav/Collections/' took 0.00s
[2025.12.18-19.48.41:641][  0]LogFileCache: Scanning file cache for directory 'D:/WORKPLACE/Mini_laboratory/MEPhI_VR_term_1/Mini_laboratory/Content/Collections/' took 0.00s
[2025.12.18-19.48.41:641][  0]LogOcInput: OculusInput pre-init called
[2025.12.18-19.48.42:094][  0]LogEngine: Initializing Engine...
[2025.12.18-19.48.42:161][  0]LogHMD: Failed to enumerate extensions. Please check that you have a valid OpenXR runtime installed.
[2025.12.18-19.48.42:161][  0]LogHMD: Failed to initialize OpenVR with code 110
[2025.12.18-19.48.42:162][  0]LogMagicLeap: Warning: VR disabled because ZI is not enabled.  To enable, in the editor, Edit -> Project Settings -> Plugins -> Magic Leap Plugin -> Enable Zero Iteration
[2025.12.18-19.48.42:165][  0]LogStats: UGameplayTagsManager::InitializeManager -  0.002 s
[2025.12.18-19.48.42:451][  0]LogInit: Initializing FReadOnlyCVARCache
[2025.12.18-19.48.42:499][  0]LogAIModule: Creating AISystem for world Untitled
[2025.12.18-19.48.42:499][  0]LogAudio: Display: Initializing Audio Device Manager...
[2025.12.18-19.48.42:529][  0]LogAudio: Display: Loading Default Audio Settings Objects...
[2025.12.18-19.48.42:532][  0]LogAudio: Display: No default SoundConcurrencyObject specified (or failed to load).
[2025.12.18-19.48.42:535][  0]LogAudio: Display: Audio Device Manager Initialized
[2025.12.18-19.48.42:535][  0]LogAudio: Display: Creating Audio Device:                 Id: 1, Scope: Shared, Realtime: True
[2025.12.18-19.48.42:536][  0]LogAudioMixer: Display: Audio Mixer Platform Settings:
[2025.12.18-19.48.42:536][  0]LogAudioMixer: Display: 	Sample Rate:						  48000
[2025.12.18-19.48.42:536][  0]LogAudioMixer: Display: 	Callback Buffer Frame Size Requested: 1024
[2025.12.18-19.48.42:536][  0]LogAudioMixer: Display: 	Callback Buffer Frame Size To Use:	  1024
[2025.12.18-19.48.42:536][  0]LogAudioMixer: Display: 	Number of buffers to queue:			  2
[2025.12.18-19.48.42:536][  0]LogAudioMixer: Display: 	Max Channels (voices):				  32
[2025.12.18-19.48.42:536][  0]LogAudioMixer: Display: 	Number of Async Source Workers:		  0
[2025.12.18-19.48.42:536][  0]LogAudio: Display: AudioDevice MaxSources: 32
[2025.12.18-19.48.42:538][  0]LogAudio: Display: Audio Spatialization Plugin: None (built-in).
[2025.12.18-19.48.42:538][  0]LogAudio: Display: Audio Reverb Plugin: None (built-in).
[2025.12.18-19.48.42:538][  0]LogAudio: Display: Audio Occlusion Plugin: None (built-in).
[2025.12.18-19.48.42:538][  0]LogAudioMixer: Display: Initializing audio mixer.
[2025.12.18-19.48.42:564][  0]LogAudioMixer: Display: 0: FrontLeft
[2025.12.18-19.48.42:564][  0]LogAudioMixer: Display: 1: FrontRight
[2025.12.18-19.48.42:762][  0]LogAudioMixer: Display: Using Audio Device Динамики (Realtek(R) Audio)
[2025.12.18-19.48.42:766][  0]LogAudioMixer: Display: Initializing Sound Submixes...
[2025.12.18-19.48.42:793][  0]LogAudioMixer: Display: Creating Master Submix 'MasterSubmixDefault'
[2025.12.18-19.48.42:793][  0]LogAudioMixer: Display: Creating Master Submix 'MasterReverbSubmixDefault'
[2025.12.18-19.48.42:794][  0]LogAudioMixer: Display: Creating Master Submix 'MasterEQSubmixDefault'
[2025.12.18-19.48.42:794][  0]LogAudioMixer: FMixerPlatformXAudio2::StartAudioStream() called
[2025.12.18-19.48.42:794][  0]LogAudioMixer: Display: Output buffers initialized: Frames=1024, Channels=2, Samples=2048
[2025.12.18-19.48.42:795][  0]LogAudioMixer: Display: Starting AudioMixerPlatformInterface::RunInternal()
[2025.12.18-19.48.42:795][  0]LogAudioMixer: Display: FMixerPlatformXAudio2::SubmitBuffer() called for the first time
[2025.12.18-19.48.42:795][  0]LogInit: FAudioDevice initialized.
[2025.12.18-19.48.42:796][  0]LogAudio: Display: Audio Device (ID: 1) registered with world 'Untitled'.
[2025.12.18-19.48.42:796][  0]LogNetVersion: Set ProjectVersion to 1.0.0.0. Version Checksum will be recalculated on next use.
[2025.12.18-19.48.42:886][  0]LogDerivedDataCache: Saved boot cache 0.09s 94MB C:/Users/Владислав/AppData/Local/UnrealEngine/4.27/DerivedDataCache/Boot.ddc.
[2025.12.18-19.48.42:889][  0]LogInit: Texture streaming: Enabled
[2025.12.18-19.48.42:991][  0]LogAnalytics: Display: [UEEditor.Rocket.Release] APIServer = https://datarouter.ol.epicgames.com/. AppVersion = 4.27.2-18319896+++UE4+Release-4.27
[2025.12.18-19.48.43:021][  0]LogEngineSessionManager: EngineSessionManager initialized
[2025.12.18-19.48.43:021][  0]LogEditorSessionSummary: Verbose: Initializing EditorSessionSummaryWriter for editor session tracking
[2025.12.18-19.48.43:022][  0]LogEditorSessionSummary: EditorSessionSummaryWriter initialized
[2025.12.18-19.48.43:124][  0]LogInit: Transaction tracking system initialized
[2025.12.18-19.48.43:319][  0]BlueprintLog: New page: Editor Load
[2025.12.18-19.48.43:995][  0]LocalizationService: Localization service is disabled
[2025.12.18-19.48.44:433][  0]TimingProfiler: Initialize
[2025.12.18-19.48.44:434][  0]TimingProfiler: OnSessionChanged
[2025.12.18-19.48.44:434][  0]LoadingProfiler: Initialize
[2025.12.18-19.48.44:434][  0]LoadingProfiler: OnSessionChanged
[2025.12.18-19.48.44:434][  0]NetworkingProfiler: Initialize
[2025.12.18-19.48.44:435][  0]NetworkingProfiler: OnSessionChanged
[2025.12.18-19.48.44:435][  0]MemoryProfiler: Initialize
[2025.12.18-19.48.44:435][  0]MemoryProfiler: OnSessionChanged
[2025.12.18-19.48.45:963][  0]LogCook: Display: CookSettings for Memory: MemoryMaxUsedVirtual 0MiB, MemoryMaxUsedPhysical 16384MiB, MemoryMinFreeVirtual 0MiB, MemoryMinFreePhysical 1024MiB
[2025.12.18-19.48.45:963][  0]LogCook: Display: Mobile HDR setting 1
[2025.12.18-19.48.46:763][  0]LogFileCache: Scanning file cache for directory 'D:/WORKPLACE/Mini_laboratory/MEPhI_VR_term_1/Mini_laboratory/Content/' took 0.01s
[2025.12.18-19.48.47:561][  0]LogInit: Display: Engine is initialized. Leaving FEngineLoop::Init()
[2025.12.18-19.48.47:567][  0]SourceControl: Source control is disabled
[2025.12.18-19.48.47:567][  0]LogUnrealEdMisc: Loading editor; pre map load, took 36.238
[2025.12.18-19.48.47:568][  0]Cmd: MAP LOAD FILE="../../../../../../WORKPLACE/Mini_laboratory/MEPhI_VR_term_1/Mini_laboratory/Content/Workplace/Maps/StartMenu.umap" TEMPLATE=0 SHOWPROGRESS=1 FEATURELEVEL=3
[2025.12.18-19.48.47:569][  0]LightingResults: New page: Lighting Build
[2025.12.18-19.48.47:574][  0]LogWorld: UWorld::CleanupWorld for Untitled, bSessionEnded=true, bCleanupResources=true
[2025.12.18-19.48.47:574][  0]LogSlate: InvalidateAllWidgets triggered.  All widgets were invalidated
[2025.12.18-19.48.47:574][  0]MapCheck: New page: Map Check
[2025.12.18-19.48.47:574][  0]LightingResults: New page: Lighting Build
[2025.12.18-19.48.47:579][  0]LogAudio: Display: Audio Device unregistered from world 'None'.
[2025.12.18-19.48.47:581][  0]LogUObjectHash: Compacting FUObjectHashTables data took   0.71ms
[2025.12.18-19.48.47:623][  0]LogAudio: Display: Audio Device (ID: 1) registered with world 'StartMenu'.
[2025.12.18-19.48.47:624][  0]LogAIModule: Creating AISystem for world StartMenu
[2025.12.18-19.48.47:625][  0]LogEditorServer: Finished looking for orphan Actors (0.000 secs)
[2025.12.18-19.48.47:632][  0]LogUObjectHash: Compacting FUObjectHashTables data took   0.71ms
[2025.12.18-19.48.47:633][  0]Cmd: MAP CHECKDEP NOCLEARLOG
[2025.12.18-19.48.47:633][  0]MapCheck: Map check complete: 0 Error(s), 0 Warning(s), took 0,455ms to complete.
[2025.12.18-19.48.47:633][  0]LogFileHelpers: Loading map 'StartMenu' took 0.067
[2025.12.18-19.48.47:636][  0]LogUnrealEdMisc: Total Editor Startup Time, took 36.308
[2025.12.18-19.48.47:787][  0]LogSlate: Updating window title bar state: overlay mode, drag disabled, window buttons hidden, title bar hidden
[2025.12.18-19.48.47:794][  0]LogSlate: Updating window title bar state: overlay mode, drag disabled, window buttons hidden, title bar hidden
[2025.12.18-19.48.47:799][  0]LogSlate: Updating window title bar state: overlay mode, drag disabled, window buttons hidden, title bar hidden
[2025.12.18-19.48.47:805][  0]LogSlate: Updating window title bar state: overlay mode, drag disabled, window buttons hidden, title bar hidden
[2025.12.18-19.48.47:829][  0]LogNativeClassHierarchy: Verbose: Native class hierarchy populated in 0.0077 seconds. Added 3822 classes and 928 folders.
[2025.12.18-19.48.47:838][  0]LogNativeClassHierarchy: Verbose: Native class hierarchy updated for 'WidgetCarousel' in 0.0003 seconds. Added 0 classes and 0 folders.
[2025.12.18-19.48.47:865][  0]LogPakFile: PakFile PrimaryIndexSize=187
[2025.12.18-19.48.47:865][  0]LogPakFile: PakFile PathHashIndexSize=101
[2025.12.18-19.48.47:865][  0]LogPakFile: PakFile FullDirectoryIndexSize=148
[2025.12.18-19.48.47:865][  0]LogShaderLibrary: Display: ShaderCodeLibraryPakFileMountedCallback: PakFile 'D:/Progams on PC/Unreal/UE_4.27/FeaturePacks/FP_FirstPerson.upack' (chunk index -1, root 'root:/') mounted
[2025.12.18-19.48.47:865][  0]LogShaderLibrary: Display: ShaderCodeLibraryPakFileMountedCallback: pending pak file info (ChunkID:-1 Root:root:/ File:D:/Progams on PC/Unreal/UE_4.27/FeaturePacks/FP_FirstPerson.upack)
[2025.12.18-19.48.47:865][  0]LogPakFile: OnPakFileMounted2Time == 0.000408
[2025.12.18-19.48.47:880][  0]LogPakFile: PakFile PrimaryIndexSize=189
[2025.12.18-19.48.47:880][  0]LogPakFile: PakFile PathHashIndexSize=101
[2025.12.18-19.48.47:880][  0]LogPakFile: PakFile FullDirectoryIndexSize=152
[2025.12.18-19.48.47:880][  0]LogShaderLibrary: Display: ShaderCodeLibraryPakFileMountedCallback: PakFile 'D:/Progams on PC/Unreal/UE_4.27/FeaturePacks/FP_FirstPersonBP.upack' (chunk index -1, root 'root:/') mounted
[2025.12.18-19.48.47:880][  0]LogShaderLibrary: Display: ShaderCodeLibraryPakFileMountedCallback: pending pak file info (ChunkID:-1 Root:root:/ File:D:/Progams on PC/Unreal/UE_4.27/FeaturePacks/FP_FirstPersonBP.upack)
[2025.12.18-19.48.47:880][  0]LogPakFile: OnPakFileMounted2Time == 0.000044
[2025.12.18-19.48.47:889][  0]LogPakFile: PakFile PrimaryIndexSize=191
[2025.12.18-19.48.47:889][  0]LogPakFile: PakFile PathHashIndexSize=101
[2025.12.18-19.48.47:889][  0]LogPakFile: PakFile FullDirectoryIndexSize=160
[2025.12.18-19.48.47:889][  0]LogShaderLibrary: Display: ShaderCodeLibraryPakFileMountedCallback: PakFile 'D:/Progams on PC/Unreal/UE_4.27/FeaturePacks/MobileStarterContent.upack' (chunk index -1, root 'root:/') mounted
[2025.12.18-19.48.47:889][  0]LogShaderLibrary: Display: ShaderCodeLibraryPakFileMountedCallback: pending pak file info (ChunkID:-1 Root:root:/ File:D:/Progams on PC/Unreal/UE_4.27/FeaturePacks/MobileStarterContent.upack)
[2025.12.18-19.48.47:889][  0]LogPakFile: OnPakFileMounted2Time == 0.000034
[2025.12.18-19.48.47:899][  0]LogPakFile: PakFile PrimaryIndexSize=185
[2025.12.18-19.48.47:899][  0]LogPakFile: PakFile PathHashIndexSize=101
[2025.12.18-19.48.47:899][  0]LogPakFile: PakFile FullDirectoryIndexSize=148
[2025.12.18-19.48.47:900][  0]LogShaderLibrary: Display: ShaderCodeLibraryPakFileMountedCallback: PakFile 'D:/Progams on PC/Unreal/UE_4.27/FeaturePacks/StarterContent.upack' (chunk index -1, root 'root:/') mounted
[2025.12.18-19.48.47:900][  0]LogShaderLibrary: Display: ShaderCodeLibraryPakFileMountedCallback: pending pak file info (ChunkID:-1 Root:root:/ File:D:/Progams on PC/Unreal/UE_4.27/FeaturePacks/StarterContent.upack)
[2025.12.18-19.48.47:900][  0]LogPakFile: OnPakFileMounted2Time == 0.000040
[2025.12.18-19.48.47:909][  0]LogPakFile: PakFile PrimaryIndexSize=190
[2025.12.18-19.48.47:910][  0]LogPakFile: PakFile PathHashIndexSize=101
[2025.12.18-19.48.47:910][  0]LogPakFile: PakFile FullDirectoryIndexSize=154
[2025.12.18-19.48.47:910][  0]LogShaderLibrary: Display: ShaderCodeLibraryPakFileMountedCallback: PakFile 'D:/Progams on PC/Unreal/UE_4.27/FeaturePacks/TP_2DSideScroller.upack' (chunk index -1, root 'root:/') mounted
[2025.12.18-19.48.47:910][  0]LogShaderLibrary: Display: ShaderCodeLibraryPakFileMountedCallback: pending pak file info (ChunkID:-1 Root:root:/ File:D:/Progams on PC/Unreal/UE_4.27/FeaturePacks/TP_2DSideScroller.upack)
[2025.12.18-19.48.47:910][  0]LogPakFile: OnPakFileMounted2Time == 0.000043
[2025.12.18-19.48.47:919][  0]LogPakFile: PakFile PrimaryIndexSize=192
[2025.12.18-19.48.47:919][  0]LogPakFile: PakFile PathHashIndexSize=101
[2025.12.18-19.48.47:919][  0]LogPakFile: PakFile FullDirectoryIndexSize=158
[2025.12.18-19.48.47:919][  0]LogShaderLibrary: Display: ShaderCodeLibraryPakFileMountedCallback: PakFile 'D:/Progams on PC/Unreal/UE_4.27/FeaturePacks/TP_2DSideScrollerBP.upack' (chunk index -1, root 'root:/') mounted
[2025.12.18-19.48.47:919][  0]LogShaderLibrary: Display: ShaderCodeLibraryPakFileMountedCallback: pending pak file info (ChunkID:-1 Root:root:/ File:D:/Progams on PC/Unreal/UE_4.27/FeaturePacks/TP_2DSideScrollerBP.upack)
[2025.12.18-19.48.47:919][  0]LogPakFile: OnPakFileMounted2Time == 0.000039
[2025.12.18-19.48.47:926][  0]LogPakFile: PakFile PrimaryIndexSize=182
[2025.12.18-19.48.47:926][  0]LogPakFile: PakFile PathHashIndexSize=101
[2025.12.18-19.48.47:926][  0]LogPakFile: PakFile FullDirectoryIndexSize=138
[2025.12.18-19.48.47:926][  0]LogShaderLibrary: Display: ShaderCodeLibraryPakFileMountedCallback: PakFile 'D:/Progams on PC/Unreal/UE_4.27/FeaturePacks/TP_Flying.upack' (chunk index -1, root 'root:/') mounted
[2025.12.18-19.48.47:926][  0]LogShaderLibrary: Display: ShaderCodeLibraryPakFileMountedCallback: pending pak file info (ChunkID:-1 Root:root:/ File:D:/Progams on PC/Unreal/UE_4.27/FeaturePacks/TP_Flying.upack)
[2025.12.18-19.48.47:926][  0]LogPakFile: OnPakFileMounted2Time == 0.000033
[2025.12.18-19.48.47:936][  0]LogPakFile: PakFile PrimaryIndexSize=184
[2025.12.18-19.48.47:936][  0]LogPakFile: PakFile PathHashIndexSize=101
[2025.12.18-19.48.47:936][  0]LogPakFile: PakFile FullDirectoryIndexSize=142
[2025.12.18-19.48.47:936][  0]LogShaderLibrary: Display: ShaderCodeLibraryPakFileMountedCallback: PakFile 'D:/Progams on PC/Unreal/UE_4.27/FeaturePacks/TP_FlyingBP.upack' (chunk index -1, root 'root:/') mounted
[2025.12.18-19.48.47:936][  0]LogShaderLibrary: Display: ShaderCodeLibraryPakFileMountedCallback: pending pak file info (ChunkID:-1 Root:root:/ File:D:/Progams on PC/Unreal/UE_4.27/FeaturePacks/TP_FlyingBP.upack)
[2025.12.18-19.48.47:936][  0]LogPakFile: OnPakFileMounted2Time == 0.000058
[2025.12.18-19.48.47:951][  0]LogPakFile: PakFile PrimaryIndexSize=188
[2025.12.18-19.48.47:951][  0]LogPakFile: PakFile PathHashIndexSize=101
[2025.12.18-19.48.47:951][  0]LogPakFile: PakFile FullDirectoryIndexSize=150
[2025.12.18-19.48.47:951][  0]LogShaderLibrary: Display: ShaderCodeLibraryPakFileMountedCallback: PakFile 'D:/Progams on PC/Unreal/UE_4.27/FeaturePacks/TP_HandheldARBP.upack' (chunk index -1, root 'root:/') mounted
[2025.12.18-19.48.47:951][  0]LogShaderLibrary: Display: ShaderCodeLibraryPakFileMountedCallback: pending pak file info (ChunkID:-1 Root:root:/ File:D:/Progams on PC/Unreal/UE_4.27/FeaturePacks/TP_HandheldARBP.upack)
[2025.12.18-19.48.47:951][  0]LogPakFile: OnPakFileMounted2Time == 0.000034
[2025.12.18-19.48.47:963][  0]LogPakFile: PakFile PrimaryIndexSize=182
[2025.12.18-19.48.47:963][  0]LogPakFile: PakFile PathHashIndexSize=101
[2025.12.18-19.48.47:963][  0]LogPakFile: PakFile FullDirectoryIndexSize=138
[2025.12.18-19.48.47:963][  0]LogShaderLibrary: Display: ShaderCodeLibraryPakFileMountedCallback: PakFile 'D:/Progams on PC/Unreal/UE_4.27/FeaturePacks/TP_Puzzle.upack' (chunk index -1, root 'root:/') mounted
[2025.12.18-19.48.47:963][  0]LogShaderLibrary: Display: ShaderCodeLibraryPakFileMountedCallback: pending pak file info (ChunkID:-1 Root:root:/ File:D:/Progams on PC/Unreal/UE_4.27/FeaturePacks/TP_Puzzle.upack)
[2025.12.18-19.48.47:963][  0]LogPakFile: OnPakFileMounted2Time == 0.000034
[2025.12.18-19.48.47:972][  0]LogPakFile: PakFile PrimaryIndexSize=184
[2025.12.18-19.48.47:972][  0]LogPakFile: PakFile PathHashIndexSize=101
[2025.12.18-19.48.47:972][  0]LogPakFile: PakFile FullDirectoryIndexSize=142
[2025.12.18-19.48.47:972][  0]LogShaderLibrary: Display: ShaderCodeLibraryPakFileMountedCallback: PakFile 'D:/Progams on PC/Unreal/UE_4.27/FeaturePacks/TP_PuzzleBP.upack' (chunk index -1, root 'root:/') mounted
[2025.12.18-19.48.47:972][  0]LogShaderLibrary: Display: ShaderCodeLibraryPakFileMountedCallback: pending pak file info (ChunkID:-1 Root:root:/ File:D:/Progams on PC/Unreal/UE_4.27/FeaturePacks/TP_PuzzleBP.upack)
[2025.12.18-19.48.47:972][  0]LogPakFile: OnPakFileMounted2Time == 0.000033
[2025.12.18-19.48.47:981][  0]LogPakFile: PakFile PrimaryIndexSize=183
[2025.12.18-19.48.47:981][  0]LogPakFile: PakFile PathHashIndexSize=101
[2025.12.18-19.48.47:981][  0]LogPakFile: PakFile FullDirectoryIndexSize=140
[2025.12.18-19.48.47:981][  0]LogShaderLibrary: Display: ShaderCodeLibraryPakFileMountedCallback: PakFile 'D:/Progams on PC/Unreal/UE_4.27/FeaturePacks/TP_Rolling.upack' (chunk index -1, root 'root:/') mounted
[2025.12.18-19.48.47:981][  0]LogShaderLibrary: Display: ShaderCodeLibraryPakFileMountedCallback: pending pak file info (ChunkID:-1 Root:root:/ File:D:/Progams on PC/Unreal/UE_4.27/FeaturePacks/TP_Rolling.upack)
[2025.12.18-19.48.47:981][  0]LogPakFile: OnPakFileMounted2Time == 0.000034
[2025.12.18-19.48.47:988][  0]LogPakFile: PakFile PrimaryIndexSize=185
[2025.12.18-19.48.47:988][  0]LogPakFile: PakFile PathHashIndexSize=101
[2025.12.18-19.48.47:988][  0]LogPakFile: PakFile FullDirectoryIndexSize=144
[2025.12.18-19.48.47:988][  0]LogShaderLibrary: Display: ShaderCodeLibraryPakFileMountedCallback: PakFile 'D:/Progams on PC/Unreal/UE_4.27/FeaturePacks/TP_RollingBP.upack' (chunk index -1, root 'root:/') mounted
[2025.12.18-19.48.47:988][  0]LogShaderLibrary: Display: ShaderCodeLibraryPakFileMountedCallback: pending pak file info (ChunkID:-1 Root:root:/ File:D:/Progams on PC/Unreal/UE_4.27/FeaturePacks/TP_RollingBP.upack)
[2025.12.18-19.48.47:988][  0]LogPakFile: OnPakFileMounted2Time == 0.000034
[2025.12.18-19.48.47:996][  0]LogPakFile: PakFile PrimaryIndexSize=188
[2025.12.18-19.48.47:996][  0]LogPakFile: PakFile PathHashIndexSize=101
[2025.12.18-19.48.47:996][  0]LogPakFile: PakFile FullDirectoryIndexSize=150
[2025.12.18-19.48.47:996][  0]LogShaderLibrary: Display: ShaderCodeLibraryPakFileMountedCallback: PakFile 'D:/Progams on PC/Unreal/UE_4.27/FeaturePacks/TP_SideScroller.upack' (chunk index -1, root 'root:/') mounted
[2025.12.18-19.48.47:996][  0]LogShaderLibrary: Display: ShaderCodeLibraryPakFileMountedCallback: pending pak file info (ChunkID:-1 Root:root:/ File:D:/Progams on PC/Unreal/UE_4.27/FeaturePacks/TP_SideScroller.upack)
[2025.12.18-19.48.47:996][  0]LogPakFile: OnPakFileMounted2Time == 0.000034
[2025.12.18-19.48.48:004][  0]LogPakFile: PakFile PrimaryIndexSize=190
[2025.12.18-19.48.48:004][  0]LogPakFile: PakFile PathHashIndexSize=101
[2025.12.18-19.48.48:004][  0]LogPakFile: PakFile FullDirectoryIndexSize=154
[2025.12.18-19.48.48:004][  0]LogShaderLibrary: Display: ShaderCodeLibraryPakFileMountedCallback: PakFile 'D:/Progams on PC/Unreal/UE_4.27/FeaturePacks/TP_SideScrollerBP.upack' (chunk index -1, root 'root:/') mounted
[2025.12.18-19.48.48:004][  0]LogShaderLibrary: Display: ShaderCodeLibraryPakFileMountedCallback: pending pak file info (ChunkID:-1 Root:root:/ File:D:/Progams on PC/Unreal/UE_4.27/FeaturePacks/TP_SideScrollerBP.upack)
[2025.12.18-19.48.48:004][  0]LogPakFile: OnPakFileMounted2Time == 0.000038
[2025.12.18-19.48.48:013][  0]LogPakFile: PakFile PrimaryIndexSize=187
[2025.12.18-19.48.48:013][  0]LogPakFile: PakFile PathHashIndexSize=101
[2025.12.18-19.48.48:013][  0]LogPakFile: PakFile FullDirectoryIndexSize=148
[2025.12.18-19.48.48:013][  0]LogShaderLibrary: Display: ShaderCodeLibraryPakFileMountedCallback: PakFile 'D:/Progams on PC/Unreal/UE_4.27/FeaturePacks/TP_ThirdPerson.upack' (chunk index -1, root 'root:/') mounted
[2025.12.18-19.48.48:013][  0]LogShaderLibrary: Display: ShaderCodeLibraryPakFileMountedCallback: pending pak file info (ChunkID:-1 Root:root:/ File:D:/Progams on PC/Unreal/UE_4.27/FeaturePacks/TP_ThirdPerson.upack)
[2025.12.18-19.48.48:013][  0]LogPakFile: OnPakFileMounted2Time == 0.000039
[2025.12.18-19.48.48:020][  0]LogPakFile: PakFile PrimaryIndexSize=189
[2025.12.18-19.48.48:020][  0]LogPakFile: PakFile PathHashIndexSize=101
[2025.12.18-19.48.48:020][  0]LogPakFile: PakFile FullDirectoryIndexSize=152
[2025.12.18-19.48.48:020][  0]LogShaderLibrary: Display: ShaderCodeLibraryPakFileMountedCallback: PakFile 'D:/Progams on PC/Unreal/UE_4.27/FeaturePacks/TP_ThirdPersonBP.upack' (chunk index -1, root 'root:/') mounted
[2025.12.18-19.48.48:020][  0]LogShaderLibrary: Display: ShaderCodeLibraryPakFileMountedCallback: pending pak file info (ChunkID:-1 Root:root:/ File:D:/Progams on PC/Unreal/UE_4.27/FeaturePacks/TP_ThirdPersonBP.upack)
[2025.12.18-19.48.48:021][  0]LogPakFile: OnPakFileMounted2Time == 0.000035
[2025.12.18-19.48.48:028][  0]LogPakFile: PakFile PrimaryIndexSize=183
[2025.12.18-19.48.48:029][  0]LogPakFile: PakFile PathHashIndexSize=101
[2025.12.18-19.48.48:029][  0]LogPakFile: PakFile FullDirectoryIndexSize=140
[2025.12.18-19.48.48:029][  0]LogShaderLibrary: Display: ShaderCodeLibraryPakFileMountedCallback: PakFile 'D:/Progams on PC/Unreal/UE_4.27/FeaturePacks/TP_TopDown.upack' (chunk index -1, root 'root:/') mounted
[2025.12.18-19.48.48:029][  0]LogShaderLibrary: Display: ShaderCodeLibraryPakFileMountedCallback: pending pak file info (ChunkID:-1 Root:root:/ File:D:/Progams on PC/Unreal/UE_4.27/FeaturePacks/TP_TopDown.upack)
[2025.12.18-19.48.48:029][  0]LogPakFile: OnPakFileMounted2Time == 0.000073
[2025.12.18-19.48.48:036][  0]LogPakFile: PakFile PrimaryIndexSize=185
[2025.12.18-19.48.48:036][  0]LogPakFile: PakFile PathHashIndexSize=101
[2025.12.18-19.48.48:036][  0]LogPakFile: PakFile FullDirectoryIndexSize=144
[2025.12.18-19.48.48:036][  0]LogShaderLibrary: Display: ShaderCodeLibraryPakFileMountedCallback: PakFile 'D:/Progams on PC/Unreal/UE_4.27/FeaturePacks/TP_TopDownBP.upack' (chunk index -1, root 'root:/') mounted
[2025.12.18-19.48.48:036][  0]LogShaderLibrary: Display: ShaderCodeLibraryPakFileMountedCallback: pending pak file info (ChunkID:-1 Root:root:/ File:D:/Progams on PC/Unreal/UE_4.27/FeaturePacks/TP_TopDownBP.upack)
[2025.12.18-19.48.48:036][  0]LogPakFile: OnPakFileMounted2Time == 0.000037
[2025.12.18-19.48.48:048][  0]LogPakFile: PakFile PrimaryIndexSize=185
[2025.12.18-19.48.48:048][  0]LogPakFile: PakFile PathHashIndexSize=101
[2025.12.18-19.48.48:048][  0]LogPakFile: PakFile FullDirectoryIndexSize=144
[2025.12.18-19.48.48:048][  0]LogShaderLibrary: Display: ShaderCodeLibraryPakFileMountedCallback: PakFile 'D:/Progams on PC/Unreal/UE_4.27/FeaturePacks/TP_TwinStick.upack' (chunk index -1, root 'root:/') mounted
[2025.12.18-19.48.48:048][  0]LogShaderLibrary: Display: ShaderCodeLibraryPakFileMountedCallback: pending pak file info (ChunkID:-1 Root:root:/ File:D:/Progams on PC/Unreal/UE_4.27/FeaturePacks/TP_TwinStick.upack)
[2025.12.18-19.48.48:048][  0]LogPakFile: OnPakFileMounted2Time == 0.000038
[2025.12.18-19.48.48:055][  0]LogPakFile: PakFile PrimaryIndexSize=187
[2025.12.18-19.48.48:055][  0]LogPakFile: PakFile PathHashIndexSize=101
[2025.12.18-19.48.48:055][  0]LogPakFile: PakFile FullDirectoryIndexSize=148
[2025.12.18-19.48.48:055][  0]LogShaderLibrary: Display: ShaderCodeLibraryPakFileMountedCallback: PakFile 'D:/Progams on PC/Unreal/UE_4.27/FeaturePacks/TP_TwinStickBP.upack' (chunk index -1, root 'root:/') mounted
[2025.12.18-19.48.48:055][  0]LogShaderLibrary: Display: ShaderCodeLibraryPakFileMountedCallback: pending pak file info (ChunkID:-1 Root:root:/ File:D:/Progams on PC/Unreal/UE_4.27/FeaturePacks/TP_TwinStickBP.upack)
[2025.12.18-19.48.48:056][  0]LogPakFile: OnPakFileMounted2Time == 0.000047
[2025.12.18-19.48.48:064][  0]LogPakFile: PakFile PrimaryIndexSize=183
[2025.12.18-19.48.48:064][  0]LogPakFile: PakFile PathHashIndexSize=101
[2025.12.18-19.48.48:064][  0]LogPakFile: PakFile FullDirectoryIndexSize=140
[2025.12.18-19.48.48:064][  0]LogShaderLibrary: Display: ShaderCodeLibraryPakFileMountedCallback: PakFile 'D:/Progams on PC/Unreal/UE_4.27/FeaturePacks/TP_Vehicle.upack' (chunk index -1, root 'root:/') mounted
[2025.12.18-19.48.48:064][  0]LogShaderLibrary: Display: ShaderCodeLibraryPakFileMountedCallback: pending pak file info (ChunkID:-1 Root:root:/ File:D:/Progams on PC/Unreal/UE_4.27/FeaturePacks/TP_Vehicle.upack)
[2025.12.18-19.48.48:064][  0]LogPakFile: OnPakFileMounted2Time == 0.000041
[2025.12.18-19.48.48:072][  0]LogPakFile: PakFile PrimaryIndexSize=186
[2025.12.18-19.48.48:072][  0]LogPakFile: PakFile PathHashIndexSize=101
[2025.12.18-19.48.48:072][  0]LogPakFile: PakFile FullDirectoryIndexSize=146
[2025.12.18-19.48.48:072][  0]LogShaderLibrary: Display: ShaderCodeLibraryPakFileMountedCallback: PakFile 'D:/Progams on PC/Unreal/UE_4.27/FeaturePacks/TP_VehicleAdv.upack' (chunk index -1, root 'root:/') mounted
[2025.12.18-19.48.48:072][  0]LogShaderLibrary: Display: ShaderCodeLibraryPakFileMountedCallback: pending pak file info (ChunkID:-1 Root:root:/ File:D:/Progams on PC/Unreal/UE_4.27/FeaturePacks/TP_VehicleAdv.upack)
[2025.12.18-19.48.48:072][  0]LogPakFile: OnPakFileMounted2Time == 0.000041
[2025.12.18-19.48.48:092][  0]LogPakFile: PakFile PrimaryIndexSize=188
[2025.12.18-19.48.48:092][  0]LogPakFile: PakFile PathHashIndexSize=101
[2025.12.18-19.48.48:092][  0]LogPakFile: PakFile FullDirectoryIndexSize=150
[2025.12.18-19.48.48:092][  0]LogShaderLibrary: Display: ShaderCodeLibraryPakFileMountedCallback: PakFile 'D:/Progams on PC/Unreal/UE_4.27/FeaturePacks/TP_VehicleAdvBP.upack' (chunk index -1, root 'root:/') mounted
[2025.12.18-19.48.48:092][  0]LogShaderLibrary: Display: ShaderCodeLibraryPakFileMountedCallback: pending pak file info (ChunkID:-1 Root:root:/ File:D:/Progams on PC/Unreal/UE_4.27/FeaturePacks/TP_VehicleAdvBP.upack)
[2025.12.18-19.48.48:092][  0]LogPakFile: OnPakFileMounted2Time == 0.000037
[2025.12.18-19.48.48:100][  0]LogPakFile: PakFile PrimaryIndexSize=185
[2025.12.18-19.48.48:100][  0]LogPakFile: PakFile PathHashIndexSize=101
[2025.12.18-19.48.48:100][  0]LogPakFile: PakFile FullDirectoryIndexSize=144
[2025.12.18-19.48.48:100][  0]LogShaderLibrary: Display: ShaderCodeLibraryPakFileMountedCallback: PakFile 'D:/Progams on PC/Unreal/UE_4.27/FeaturePacks/TP_VehicleBP.upack' (chunk index -1, root 'root:/') mounted
[2025.12.18-19.48.48:100][  0]LogShaderLibrary: Display: ShaderCodeLibraryPakFileMountedCallback: pending pak file info (ChunkID:-1 Root:root:/ File:D:/Progams on PC/Unreal/UE_4.27/FeaturePacks/TP_VehicleBP.upack)
[2025.12.18-19.48.48:100][  0]LogPakFile: OnPakFileMounted2Time == 0.000034
[2025.12.18-19.48.48:109][  0]LogPakFile: PakFile PrimaryIndexSize=192
[2025.12.18-19.48.48:109][  0]LogPakFile: PakFile PathHashIndexSize=101
[2025.12.18-19.48.48:109][  0]LogPakFile: PakFile FullDirectoryIndexSize=158
[2025.12.18-19.48.48:109][  0]LogShaderLibrary: Display: ShaderCodeLibraryPakFileMountedCallback: PakFile 'D:/Progams on PC/Unreal/UE_4.27/FeaturePacks/TP_VirtualRealityBP.upack' (chunk index -1, root 'root:/') mounted
[2025.12.18-19.48.48:109][  0]LogShaderLibrary: Display: ShaderCodeLibraryPakFileMountedCallback: pending pak file info (ChunkID:-1 Root:root:/ File:D:/Progams on PC/Unreal/UE_4.27/FeaturePacks/TP_VirtualRealityBP.upack)
[2025.12.18-19.48.48:109][  0]LogPakFile: OnPakFileMounted2Time == 0.000034
[2025.12.18-19.48.48:617][  0]LogNativeClassHierarchy: Verbose: Native class hierarchy updated for 'AddContentDialog' in 0.0004 seconds. Added 0 classes and 0 folders.
[2025.12.18-19.48.48:619][  0]LogNativeClassHierarchy: Verbose: Native class hierarchy updated for 'SceneOutliner' in 0.0002 seconds. Added 2 classes and 0 folders.
[2025.12.18-19.48.48:730][  0]LogSlate: Took 0.013132 seconds to synchronously load lazily loaded font '../../../Engine/Content/Slate/Fonts/Roboto-Regular.ttf' (155K)
[2025.12.18-19.48.48:739][  0]LogSlate: Took 0.007709 seconds to synchronously load lazily loaded font '../../../Engine/Content/Editor/Slate/Fonts/FontAwesome.ttf' (139K)
[2025.12.18-19.48.48:748][  0]LogSlate: Took 0.007696 seconds to synchronously load lazily loaded font '../../../Engine/Content/Slate/Fonts/Roboto-Bold.ttf' (160K)
[2025.12.18-19.48.48:859][  0]LogRenderer: Reallocating scene render targets to support 916x364 Format 10 NumSamples 1 (Frame:1).
[2025.12.18-19.48.49:074][  0]LogNativeClassHierarchy: Verbose: Native class hierarchy updated for 'HierarchicalLODOutliner' in 0.0003 seconds. Added 0 classes and 0 folders.
[2025.12.18-19.48.49:074][  0]LogLoad: (Engine Initialization) Total time: 37.75 seconds
[2025.12.18-19.48.49:074][  0]LogLoad: (Engine Initialization) Total Blueprint compile time: 0.00 seconds
[2025.12.18-19.48.49:122][  0]LogAssetRegistry: Asset discovery search completed in 19.7024 seconds
[2025.12.18-19.48.49:160][  0]LogCollectionManager: Fixed up redirectors for 0 collections in 0.000003 seconds (updated 0 objects)
[2025.12.18-19.48.49:162][  0]LogContentStreaming: Texture pool size now 1000 MB
[2025.12.18-19.48.56:027][404]LogSlate: Took 0.009232 seconds to synchronously load lazily loaded font '../../../Engine/Content/Slate/Fonts/Roboto-Italic.ttf' (157K)
[2025.12.18-19.49.01:846][539]LogSlate: Took 0.007565 seconds to synchronously load lazily loaded font '../../../Engine/Content/Slate/Fonts/Roboto-Light.ttf' (167K)
[2025.12.18-19.49.01:864][539]LogFactory: FactoryCreateFile: StaticMesh with FbxFactory (0 0 C:\Users\Владислав\Downloads\untitled.fbx)
[2025.12.18-19.49.01:876][539]LogFbx: Loading FBX Scene from C:\Users\Владислав\Downloads\untitled.fbx
[2025.12.18-19.49.01:888][539]LogFbx: FBX Scene Loaded Succesfully
[2025.12.18-19.49.06:369][539]LogSlate: Window 'FBX Import Options' being destroyed
[2025.12.18-19.49.06:424][539]LogFbx: Triangulating skeletal mesh Table
[2025.12.18-19.49.06:427][539]LogFbx: Warning: Bones digested - 5  Depth of hierarchy - 4
[2025.12.18-19.49.06:429][539]LogSkeletalMesh: Section 0: Material=0, 192 triangles
[2025.12.18-19.49.06:430][539]LogSkeletalMesh: Building Skeletal Mesh untitled_Table...
[2025.12.18-19.49.06:431][539]LogSkeletalMesh: Section 0: Material=0, 192 triangles
[2025.12.18-19.49.06:432][539]LogSkeletalMesh: Built Skeletal Mesh [0.00s] /Game/Workplace/Meshes/untitled.untitled_Table
[2025.12.18-19.49.06:433][539]LogFbx: Triangulating skeletal mesh Direction Z3
[2025.12.18-19.49.06:434][539]LogFbx: Warning: Bones digested - 5  Depth of hierarchy - 4
[2025.12.18-19.49.06:436][539]LogSkeletalMesh: Section 0: Material=0, 76 triangles
[2025.12.18-19.49.06:436][539]LogPackageName: Error: DoesPackageExist: DoesPackageExist FAILED: '/Game/Workplace/Meshes/untitled_Direction Z3_Skeleton' is not a standard unreal filename or a long path name. Reason: Name may not contain the following characters: ' '
[2025.12.18-19.49.06:436][539]LogPackageName: Error: DoesPackageExist: DoesPackageExist FAILED: '/Game/Workplace/Meshes/untitled_Direction Z3_Skeleton' is not a standard unreal filename or a long path name. Reason: Name may not contain the following characters: ' '
[2025.12.18-19.49.06:436][539]LogLinker: Error: AddRedirectList(AddKnownMissing) failed to add redirector from /Game/Workplace/Meshes/untitled_Direction Z3_Skeleton to /Game/Workplace/Meshes/untitled_Direction Z3_Skeleton with invalid characters!
[2025.12.18-19.49.06:438][539]LogSkeletalMesh: Building Skeletal Mesh untitled_Direction Z3...
[2025.12.18-19.49.06:438][539]LogSkeletalMesh: Section 0: Material=0, 76 triangles
[2025.12.18-19.49.06:439][539]LogSkeletalMesh: Built Skeletal Mesh [0.00s] /Game/Workplace/Meshes/untitled.untitled_Direction Z3
[2025.12.18-19.49.06:440][539]LogFbx: Triangulating skeletal mesh Direction Z2
[2025.12.18-19.49.06:441][539]LogFbx: Warning: Bones digested - 5  Depth of hierarchy - 4
[2025.12.18-19.49.06:442][539]LogSkeletalMesh: Section 0: Material=0, 76 triangles
[2025.12.18-19.49.06:442][539]LogPackageName: Error: DoesPackageExist: DoesPackageExist FAILED: '/Game/Workplace/Meshes/untitled_Direction Z2_Skeleton' is not a standard unreal filename or a long path name. Reason: Name may not contain the following characters: ' '
[2025.12.18-19.49.06:442][539]LogPackageName: Error: DoesPackageExist: DoesPackageExist FAILED: '/Game/Workplace/Meshes/untitled_Direction Z2_Skeleton' is not a standard unreal filename or a long path name. Reason: Name may not contain the following characters: ' '
[2025.12.18-19.49.06:442][539]LogLinker: Error: AddRedirectList(AddKnownMissing) failed to add redirector from /Game/Workplace/Meshes/untitled_Direction Z2_Skeleton to /Game/Workplace/Meshes/untitled_Direction Z2_Skeleton with invalid characters!
[2025.12.18-19.49.06:443][539]LogSkeletalMesh: Building Skeletal Mesh untitled_Direction Z2...
[2025.12.18-19.49.06:443][539]LogSkeletalMesh: Section 0: Material=0, 76 triangles
[2025.12.18-19.49.06:444][539]LogSkeletalMesh: Built Skeletal Mesh [0.00s] /Game/Workplace/Meshes/untitled.untitled_Direction Z2
[2025.12.18-19.49.06:444][539]LogFbx: Triangulating skeletal mesh Direction Z1
[2025.12.18-19.49.06:445][539]LogFbx: Warning: Bones digested - 5  Depth of hierarchy - 4
[2025.12.18-19.49.06:446][539]LogSkeletalMesh: Section 0: Material=0, 76 triangles
[2025.12.18-19.49.06:446][539]LogPackageName: Error: DoesPackageExist: DoesPackageExist FAILED: '/Game/Workplace/Meshes/untitled_Direction Z1_Skeleton' is not a standard unreal filename or a long path name. Reason: Name may not contain the following characters: ' '
[2025.12.18-19.49.06:446][539]LogPackageName: Error: DoesPackageExist: DoesPackageExist FAILED: '/Game/Workplace/Meshes/untitled_Direction Z1_Skeleton' is not a standard unreal filename or a long path name. Reason: Name may not contain the following characters: ' '
[2025.12.18-19.49.06:446][539]LogLinker: Error: AddRedirectList(AddKnownMissing) failed to add redirector from /Game/Workplace/Meshes/untitled_Direction Z1_Skeleton to /Game/Workplace/Meshes/untitled_Direction Z1_Skeleton with invalid characters!
[2025.12.18-19.49.06:447][539]LogSkeletalMesh: Building Skeletal Mesh untitled_Direction Z1...
[2025.12.18-19.49.06:447][539]LogSkeletalMesh: Section 0: Material=0, 76 triangles
[2025.12.18-19.49.06:447][539]LogSkeletalMesh: Built Skeletal Mesh [0.00s] /Game/Workplace/Meshes/untitled.untitled_Direction Z1
[2025.12.18-19.49.06:448][539]LogFbx: Triangulating skeletal mesh Extruder
[2025.12.18-19.49.06:451][539]LogFbx: Triangulating skeletal mesh Direction X
[2025.12.18-19.49.06:453][539]LogFbx: Warning: Bones digested - 10  Depth of hierarchy - 5
[2025.12.18-19.49.06:457][539]LogSkeletalMesh: Section 0: Material=0, 392 triangles
[2025.12.18-19.49.06:458][539]LogSkeletalMesh: Building Skeletal Mesh untitled_Extruder...
[2025.12.18-19.49.06:461][539]LogSkeletalMesh: Section 0: Material=0, 392 triangles
[2025.12.18-19.49.06:462][539]LogSkeletalMesh: Built Skeletal Mesh [0.00s] /Game/Workplace/Meshes/untitled.untitled_Extruder
[2025.12.18-19.49.06:463][539]LogFbx: Triangulating skeletal mesh Corpus
[2025.12.18-19.49.06:471][539]LogFbx: Warning: Bones digested - 4  Depth of hierarchy - 3
[2025.12.18-19.49.06:477][539]LogSkeletalMesh: Section 0: Material=0, 670 triangles
[2025.12.18-19.49.06:480][539]LogSkeletalMesh: Building Skeletal Mesh untitled_Corpus...
[2025.12.18-19.49.06:485][539]LogSkeletalMesh: Section 0: Material=0, 670 triangles
[2025.12.18-19.49.06:487][539]LogSkeletalMesh: Built Skeletal Mesh [0.01s] /Game/Workplace/Meshes/untitled.untitled_Corpus
[2025.12.18-19.49.06:489][539]LogFbx: Triangulating skeletal mesh Door
[2025.12.18-19.49.06:490][539]LogFbx: Warning: Bones digested - 1  Depth of hierarchy - 1
[2025.12.18-19.49.06:491][539]LogSkeletalMesh: Section 0: Material=0, 48 triangles
[2025.12.18-19.49.06:492][539]LogSkeletalMesh: Building Skeletal Mesh untitled_Door...
[2025.12.18-19.49.06:493][539]LogSkeletalMesh: Section 0: Material=0, 48 triangles
[2025.12.18-19.49.06:493][539]LogSkeletalMesh: Built Skeletal Mesh [0.00s] /Game/Workplace/Meshes/untitled.untitled_Door
[2025.12.18-19.49.06:496][539]FBXImport: Warning: No smoothing group information was found in this FBX scene.  Please make sure to enable the 'Export Smoothing Groups' option in the FBX Exporter plug-in before exporting the file.  Even for tools that don't support smoothing groups, the FBX Exporter will generate appropriate smoothing data at export-time so that correct vertex normals can be inferred while importing. 
[2025.12.18-19.49.06:496][539]FBXImport: Warning: Could not find the bind pose.  It will use time 0 as bind pose. 
[2025.12.18-19.49.06:496][539]FBXImport: Warning: Could not find the bind pose.  It will use time 0 as bind pose. 
[2025.12.18-19.49.06:496][539]FBXImport: Warning: Could not find the bind pose.  It will use time 0 as bind pose. 
[2025.12.18-19.49.06:496][539]FBXImport: Warning: Could not find the bind pose.  It will use time 0 as bind pose. 
[2025.12.18-19.49.06:496][539]FBXImport: Warning: Could not find the bind pose.  It will use time 0 as bind pose. 
[2025.12.18-19.49.06:496][539]FBXImport: Warning: Could not find the bind pose.  It will use time 0 as bind pose. 
[2025.12.18-19.49.06:497][539]FBXImport: Warning: Could not find the bind pose.  It will use time 0 as bind pose. 
[2025.12.18-19.49.06:591][539]LogPackageName: Error: DoesPackageExist: DoesPackageExist FAILED: '/Game/Workplace/Meshes/untitled_Direction Z3_Skeleton' is not a standard unreal filename or a long path name. Reason: Name may not contain the following characters: ' '
[2025.12.18-19.49.06:591][539]LogPackageName: Error: DoesPackageExist: DoesPackageExist FAILED: '/Game/Workplace/Meshes/untitled_Direction Z2_Skeleton' is not a standard unreal filename or a long path name. Reason: Name may not contain the following characters: ' '
[2025.12.18-19.49.06:592][539]LogPackageName: Error: DoesPackageExist: DoesPackageExist FAILED: '/Game/Workplace/Meshes/untitled_Direction Z1_Skeleton' is not a standard unreal filename or a long path name. Reason: Name may not contain the following characters: ' '
[2025.12.18-19.49.06:598][539]LogSlate: Took 0.000620 seconds to synchronously load lazily loaded font '../../../Engine/Content/Slate/Fonts/DroidSansMono.ttf' (77K)
[2025.12.18-19.49.06:622][541]LogSlate: Took 0.000172 seconds to synchronously load lazily loaded font '../../../Engine/Content/Slate/Fonts/Roboto-Light.ttf' (167K)
[2025.12.18-19.49.06:623][541]LogPackageName: Error: DoesPackageExist: DoesPackageExist FAILED: '/Game/Workplace/Meshes/untitled_Direction Z3_Skeleton' is not a standard unreal filename or a long path name. Reason: Name may not contain the following characters: ' '
[2025.12.18-19.49.06:624][541]LogPackageName: Error: DoesPackageExist: DoesPackageExist FAILED: '/Game/Workplace/Meshes/untitled_Direction Z2_Skeleton' is not a standard unreal filename or a long path name. Reason: Name may not contain the following characters: ' '
[2025.12.18-19.49.06:625][541]LogPackageName: Error: DoesPackageExist: DoesPackageExist FAILED: '/Game/Workplace/Meshes/untitled_Direction Z1_Skeleton' is not a standard unreal filename or a long path name. Reason: Name may not contain the following characters: ' '
[2025.12.18-19.49.06:652][543]LogPackageName: Error: DoesPackageExist: DoesPackageExist FAILED: '/Game/Workplace/Meshes/untitled_Direction Z1_Skeleton' is not a standard unreal filename or a long path name. Reason: Name may not contain the following characters: ' '
[2025.12.18-19.49.06:652][543]LogPackageName: Error: DoesPackageExist: DoesPackageExist FAILED: '/Game/Workplace/Meshes/untitled_Direction Z2_Skeleton' is not a standard unreal filename or a long path name. Reason: Name may not contain the following characters: ' '
[2025.12.18-19.49.06:653][543]LogPackageName: Error: DoesPackageExist: DoesPackageExist FAILED: '/Game/Workplace/Meshes/untitled_Direction Z3_Skeleton' is not a standard unreal filename or a long path name. Reason: Name may not contain the following characters: ' '
[2025.12.18-19.49.09:147][685]LogSlate: Window 'Message Log' being destroyed
[2025.12.18-19.49.09:151][685]LogSlate: Window 'Message Log' being destroyed
[2025.12.18-19.49.14:829][  8]LogUObjectHash: Compacting FUObjectHashTables data took   0.64ms
[2025.12.18-19.49.16:262][  8]LogSlate: Window 'Save Content' being destroyed
[2025.12.18-19.49.16:300][  8]LogSavePackage: Moving '../../../../../../WORKPLACE/Mini_laboratory/MEPhI_VR_term_1/Mini_laboratory/Saved/untitled_Corpus_SkeletonEE1D26344B452652DCEDB5A2F26090A1.tmp' to '../../../../../../WORKPLACE/Mini_laboratory/MEPhI_VR_term_1/Mini_laboratory/Content/Workplace/Meshes/untitled_Corpus_Skeleton.uasset'
[2025.12.18-19.49.16:301][  8]LogSavePackage: Moving '../../../../../../WORKPLACE/Mini_laboratory/MEPhI_VR_term_1/Mini_laboratory/Saved/untitled_Door_Skeleton589DF4A044BEA0332481F8B4F0502737.tmp' to '../../../../../../WORKPLACE/Mini_laboratory/MEPhI_VR_term_1/Mini_laboratory/Content/Workplace/Meshes/untitled_Door_Skeleton.uasset'
[2025.12.18-19.49.16:302][  8]LogSavePackage: Moving '../../../../../../WORKPLACE/Mini_laboratory/MEPhI_VR_term_1/Mini_laboratory/Saved/untitled_Extruder_Skeleton648A985745E98D3C367277BC757D1526.tmp' to '../../../../../../WORKPLACE/Mini_laboratory/MEPhI_VR_term_1/Mini_laboratory/Content/Workplace/Meshes/untitled_Extruder_Skeleton.uasset'
[2025.12.18-19.49.16:449][  8]Cmd: OBJ SAVEPACKAGE PACKAGE="/Game/Workplace/Meshes/untitled" FILE="../../../../../../WORKPLACE/Mini_laboratory/MEPhI_VR_term_1/Mini_laboratory/Content/Workplace/Meshes/untitled.uasset" SILENT=true
[2025.12.18-19.49.16:488][  8]LogSavePackage: Moving '../../../../../../WORKPLACE/Mini_laboratory/MEPhI_VR_term_1/Mini_laboratory/Saved/untitled3AF07372479F0B7E52A9B9BEB9145F7A.tmp' to '../../../../../../WORKPLACE/Mini_laboratory/MEPhI_VR_term_1/Mini_laboratory/Content/Workplace/Meshes/untitled.uasset'
[2025.12.18-19.49.16:489][  8]LogSavePackage: Moving '../../../../../../WORKPLACE/Mini_laboratory/MEPhI_VR_term_1/Mini_laboratory/Saved/untitled_Table_SkeletonC20DAB624E0F5900D279C99B20EF9E5E.tmp' to '../../../../../../WORKPLACE/Mini_laboratory/MEPhI_VR_term_1/Mini_laboratory/Content/Workplace/Meshes/untitled_Table_Skeleton.uasset'
[2025.12.18-19.49.16:821][  8]LogAssetEditorSubsystem: Opening Asset editor for World /Game/Workplace/Maps/FirstLevel.FirstLevel
[2025.12.18-19.49.16:821][  8]Cmd: MAP LOAD FILE="../../../../../../WORKPLACE/Mini_laboratory/MEPhI_VR_term_1/Mini_laboratory/Content/Workplace/Maps/FirstLevel.umap" TEMPLATE=0 SHOWPROGRESS=1 FEATURELEVEL=3
[2025.12.18-19.49.16:821][  8]LightingResults: New page: Lighting Build
[2025.12.18-19.49.16:821][  8]LoadErrors: New page: Loading map: FirstLevel.umap
[2025.12.18-19.49.16:865][  8]LogWorld: UWorld::CleanupWorld for StartMenu, bSessionEnded=true, bCleanupResources=true
[2025.12.18-19.49.16:866][  8]LogSlate: InvalidateAllWidgets triggered.  All widgets were invalidated
[2025.12.18-19.49.16:867][  8]MapCheck: New page: Map Check
[2025.12.18-19.49.16:867][  8]LightingResults: New page: Lighting Build
[2025.12.18-19.49.16:876][  8]LogAudio: Display: Audio Device unregistered from world 'None'.
[2025.12.18-19.49.16:879][  8]LogUObjectHash: Compacting FUObjectHashTables data took   0.86ms
[2025.12.18-19.49.16:879][  8]LogAudio: Display: Audio Device (ID: 1) registered with world 'FirstLevel'.
[2025.12.18-19.49.16:951][  8]LogEditorServer: Finished looking for orphan Actors (0.000 secs)
[2025.12.18-19.49.16:952][  8]LogAIModule: Creating AISystem for world FirstLevel
[2025.12.18-19.49.16:960][  8]LogUObjectHash: Compacting FUObjectHashTables data took   0.65ms
[2025.12.18-19.49.16:964][  8]Cmd: MAP CHECKDEP NOCLEARLOG
[2025.12.18-19.49.16:964][  8]MapCheck: Map check complete: 0 Error(s), 0 Warning(s), took 0,062ms to complete.
[2025.12.18-19.49.16:964][  8]LogFileHelpers: Loading map 'FirstLevel' took 0.143
[2025.12.18-19.49.16:985][  8]AssetCheck: New page: Asset Save: multiple assets
[2025.12.18-19.49.16:985][  8]LogContentValidation: Display: Validating SkeletalMesh /Game/Workplace/Meshes/untitled.untitled_Table
[2025.12.18-19.49.16:986][  8]LogContentValidation: Display: Validating Skeleton /Game/Workplace/Meshes/untitled_Table_Skeleton.untitled_Table_Skeleton
[2025.12.18-19.49.16:986][  8]LogContentValidation: Display: Validating SkeletalMesh /Game/Workplace/Meshes/untitled.untitled_Direction Z3
[2025.12.18-19.49.16:986][  8]LogContentValidation: Display: Validating SkeletalMesh /Game/Workplace/Meshes/untitled.untitled_Direction Z2
[2025.12.18-19.49.16:986][  8]LogContentValidation: Display: Validating SkeletalMesh /Game/Workplace/Meshes/untitled.untitled_Direction Z1
[2025.12.18-19.49.16:986][  8]LogContentValidation: Display: Validating SkeletalMesh /Game/Workplace/Meshes/untitled.untitled_Extruder
[2025.12.18-19.49.16:986][  8]LogContentValidation: Display: Validating Skeleton /Game/Workplace/Meshes/untitled_Extruder_Skeleton.untitled_Extruder_Skeleton
[2025.12.18-19.49.16:986][  8]LogContentValidation: Display: Validating SkeletalMesh /Game/Workplace/Meshes/untitled.untitled_Corpus
[2025.12.18-19.49.16:986][  8]LogContentValidation: Display: Validating Skeleton /Game/Workplace/Meshes/untitled_Corpus_Skeleton.untitled_Corpus_Skeleton
[2025.12.18-19.49.16:986][  8]LogContentValidation: Display: Validating SkeletalMesh /Game/Workplace/Meshes/untitled.untitled_Door
[2025.12.18-19.49.16:986][  8]LogContentValidation: Display: Validating Skeleton /Game/Workplace/Meshes/untitled_Door_Skeleton.untitled_Door_Skeleton
[2025.12.18-19.49.24:904][482]LogPackageName: Error: DoesPackageExist: DoesPackageExist FAILED: '/Game/Workplace/Meshes/untitled_Direction Z1_Skeleton' is not a standard unreal filename or a long path name. Reason: Name may not contain the following characters: ' '
[2025.12.18-19.49.24:905][482]LogPackageName: Error: DoesPackageExist: DoesPackageExist FAILED: '/Game/Workplace/Meshes/untitled_Direction Z2_Skeleton' is not a standard unreal filename or a long path name. Reason: Name may not contain the following characters: ' '
[2025.12.18-19.49.24:906][482]LogPackageName: Error: DoesPackageExist: DoesPackageExist FAILED: '/Game/Workplace/Meshes/untitled_Direction Z3_Skeleton' is not a standard unreal filename or a long path name. Reason: Name may not contain the following characters: ' '
[2025.12.18-19.49.24:915][483]LogPackageName: Error: DoesPackageExist: DoesPackageExist FAILED: '/Game/Workplace/Meshes/untitled_Direction Z3_Skeleton' is not a standard unreal filename or a long path name. Reason: Name may not contain the following characters: ' '
[2025.12.18-19.49.24:915][483]LogPackageName: Error: DoesPackageExist: DoesPackageExist FAILED: '/Game/Workplace/Meshes/untitled_Direction Z2_Skeleton' is not a standard unreal filename or a long path name. Reason: Name may not contain the following characters: ' '
[2025.12.18-19.49.24:915][483]LogPackageName: Error: DoesPackageExist: DoesPackageExist FAILED: '/Game/Workplace/Meshes/untitled_Direction Z1_Skeleton' is not a standard unreal filename or a long path name. Reason: Name may not contain the following characters: ' '
[2025.12.18-19.49.25:859][530]LogAssetEditorSubsystem: Opening Asset editor for SkeletalMesh /Game/Workplace/Meshes/untitled.untitled_Corpus
[2025.12.18-19.49.25:868][530]LogNativeClassHierarchy: Verbose: Native class hierarchy updated for 'SkeletonEditor' in 0.0010 seconds. Added 1 classes and 2 folders.
[2025.12.18-19.49.25:873][530]LogTexture: Default maximum texture size for cubemaps generated from long-lat sources has been changed from 512 to unlimited. In order to preserve old behaiour for '/Engine/EditorMaterials/AssetViewer/EpicQuadPanorama_CC+EV1.EpicQuadPanorama_CC+EV1', its maximum texture size has been explicitly set to 512.
[2025.12.18-19.49.25:957][530]LogTexture: Default maximum texture size for cubemaps generated from long-lat sources has been changed from 512 to unlimited. In order to preserve old behaiour for '/Engine/MapTemplates/Sky/SunsetAmbientCubemap.SunsetAmbientCubemap', its maximum texture size has been explicitly set to 512.
[2025.12.18-19.49.26:041][530]LogActorComponent: RegisterComponentWithWorld: (/Engine/Transient.World_1:PersistentLevel.AnimationEditorPreviewActor_0.DebugSkelMeshComponent_0) Already registered. Aborting.
[2025.12.18-19.49.26:042][530]LogNativeClassHierarchy: Verbose: Native class hierarchy updated for 'PinnedCommandList' in 0.0002 seconds. Added 1 classes and 0 folders.
[2025.12.18-19.49.26:624][530]LogRenderer: Reallocating scene render targets to support 916x568 Format 10 NumSamples 1 (Frame:1).
[2025.12.18-19.49.26:678][532]LogPackageName: Error: DoesPackageExist: DoesPackageExist FAILED: '/Game/Workplace/Meshes/untitled_Direction Z3_Skeleton' is not a standard unreal filename or a long path name. Reason: Name may not contain the following characters: ' '
[2025.12.18-19.49.26:679][532]LogPackageName: Error: DoesPackageExist: DoesPackageExist FAILED: '/Game/Workplace/Meshes/untitled_Direction Z2_Skeleton' is not a standard unreal filename or a long path name. Reason: Name may not contain the following characters: ' '
[2025.12.18-19.49.26:679][532]LogPackageName: Error: DoesPackageExist: DoesPackageExist FAILED: '/Game/Workplace/Meshes/untitled_Direction Z1_Skeleton' is not a standard unreal filename or a long path name. Reason: Name may not contain the following characters: ' '
[2025.12.18-19.49.26:694][533]LogPackageName: Error: DoesPackageExist: DoesPackageExist FAILED: '/Game/Workplace/Meshes/untitled_Direction Z1_Skeleton' is not a standard unreal filename or a long path name. Reason: Name may not contain the following characters: ' '
[2025.12.18-19.49.26:694][533]LogPackageName: Error: DoesPackageExist: DoesPackageExist FAILED: '/Game/Workplace/Meshes/untitled_Direction Z2_Skeleton' is not a standard unreal filename or a long path name. Reason: Name may not contain the following characters: ' '
[2025.12.18-19.49.26:694][533]LogPackageName: Error: DoesPackageExist: DoesPackageExist FAILED: '/Game/Workplace/Meshes/untitled_Direction Z3_Skeleton' is not a standard unreal filename or a long path name. Reason: Name may not contain the following characters: ' '
[2025.12.18-19.49.28:654][632]LogSlate: Window 'untitled_Corpus' being destroyed
[2025.12.18-19.49.28:658][632]LogWorld: UWorld::CleanupWorld for World_1, bSessionEnded=true, bCleanupResources=true
[2025.12.18-19.49.28:658][632]LogSlate: InvalidateAllWidgets triggered.  All widgets were invalidated
[2025.12.18-19.49.31:226][767]LogAssetEditorSubsystem: Opening Asset editor for SkeletalMesh /Game/Workplace/Meshes/untitled.untitled_Extruder
[2025.12.18-19.49.31:229][767]LogActorComponent: RegisterComponentWithWorld: (/Engine/Transient.World_2:PersistentLevel.AnimationEditorPreviewActor_0.DebugSkelMeshComponent_0) Already registered. Aborting.
[2025.12.18-19.49.38:359][167]LogSlate: Window 'untitled_Extruder' being destroyed
[2025.12.18-19.49.38:363][167]LogWorld: UWorld::CleanupWorld for World_2, bSessionEnded=true, bCleanupResources=true
[2025.12.18-19.49.38:363][167]LogSlate: InvalidateAllWidgets triggered.  All widgets were invalidated
[2025.12.18-19.50.04:403][216]LogPackageName: Error: DoesPackageExist: DoesPackageExist FAILED: '/Game/Workplace/Meshes/untitled_Direction Z3_Skeleton' is not a standard unreal filename or a long path name. Reason: Name may not contain the following characters: ' '
[2025.12.18-19.50.04:404][216]LogPackageName: Error: DoesPackageExist: DoesPackageExist FAILED: '/Game/Workplace/Meshes/untitled_Direction Z2_Skeleton' is not a standard unreal filename or a long path name. Reason: Name may not contain the following characters: ' '
[2025.12.18-19.50.04:404][216]LogPackageName: Error: DoesPackageExist: DoesPackageExist FAILED: '/Game/Workplace/Meshes/untitled_Direction Z1_Skeleton' is not a standard unreal filename or a long path name. Reason: Name may not contain the following characters: ' '
[2025.12.18-19.50.04:425][216]LogUObjectHash: Compacting FUObjectHashTables data took   0.71ms
[2025.12.18-19.50.05:810][216]LogSlate: Window 'Delete Assets' being destroyed
[2025.12.18-19.50.05:850][216]LogPackageName: Error: DoesPackageExist: DoesPackageExist FAILED: '/Game/Workplace/Meshes/untitled_Direction Z3_Skeleton' is not a standard unreal filename or a long path name. Reason: Name may not contain the following characters: ' '
[2025.12.18-19.50.05:850][216]LogPackageName: Error: DoesPackageExist: DoesPackageExist FAILED: '/Game/Workplace/Meshes/untitled_Direction Z2_Skeleton' is not a standard unreal filename or a long path name. Reason: Name may not contain the following characters: ' '
[2025.12.18-19.50.05:850][216]LogPackageName: Error: DoesPackageExist: DoesPackageExist FAILED: '/Game/Workplace/Meshes/untitled_Direction Z1_Skeleton' is not a standard unreal filename or a long path name. Reason: Name may not contain the following characters: ' '
[2025.12.18-19.50.05:879][216]LogPackageName: Error: DoesPackageExist: DoesPackageExist FAILED: '/Game/Workplace/Meshes/untitled_Direction Z1_Skeleton' is not a standard unreal filename or a long path name. Reason: Name may not contain the following characters: ' '
[2025.12.18-19.50.05:879][216]LogPackageName: Error: DoesPackageExist: DoesPackageExist FAILED: '/Game/Workplace/Meshes/untitled_Direction Z2_Skeleton' is not a standard unreal filename or a long path name. Reason: Name may not contain the following characters: ' '
[2025.12.18-19.50.05:879][216]LogPackageName: Error: DoesPackageExist: DoesPackageExist FAILED: '/Game/Workplace/Meshes/untitled_Direction Z3_Skeleton' is not a standard unreal filename or a long path name. Reason: Name may not contain the following characters: ' '
[2025.12.18-19.50.05:902][216]LogUObjectHash: Compacting FUObjectHashTables data took   0.61ms
[2025.12.18-19.50.05:907][216]LogUObjectHash: Compacting FUObjectHashTables data took   0.30ms
[2025.12.18-19.50.05:914][216]LogUObjectHash: Compacting FUObjectHashTables data took   0.23ms
[2025.12.18-19.50.05:918][216]LogUObjectHash: Compacting FUObjectHashTables data took   0.23ms
[2025.12.18-19.50.05:923][216]LogUObjectHash: Compacting FUObjectHashTables data took   0.23ms
[2025.12.18-19.50.05:939][216]LogUObjectHash: Compacting FUObjectHashTables data took   0.61ms
[2025.12.18-19.50.05:946][216]LogUObjectHash: Compacting FUObjectHashTables data took   0.23ms
[2025.12.18-19.50.11:735][557]LogUObjectHash: Compacting FUObjectHashTables data took   0.23ms
[2025.12.18-19.50.13:816][679]LogUObjectHash: Compacting FUObjectHashTables data took   0.56ms
[2025.12.18-19.50.15:357][770]LogUObjectHash: Compacting FUObjectHashTables data took   0.62ms
[2025.12.18-19.50.16:787][854]LogUObjectHash: Compacting FUObjectHashTables data took   0.61ms
[2025.12.18-19.50.18:051][926]LogUObjectHash: Compacting FUObjectHashTables data took   0.57ms
[2025.12.18-19.50.28:511][548]LogEditorViewport: Clicking on Actor (LMB): BP_SceneActor_C (BP_SceneActor)
[2025.12.18-19.50.34:244][882]LogEditorViewport: Clicking on Actor (LMB): BP_TestClickActor1_C (BP_TestClickActor1)
[2025.12.18-19.50.39:641][205]LogEditorViewport: Clicking on Actor (LMB): BP_TestShineActor1_C (BP_TestShineActor1)
[2025.12.18-19.50.47:267][662]LogEditorViewport: Clicking on Actor (LMB): BP_TestClickActor2_C (BP_TestClickActor3)
[2025.12.18-19.50.49:924][821]LogEditorViewport: Clicking on Actor (LMB): BP_TestClickActor2_C (BP_TestClickActor2)
[2025.12.18-19.51.00:820][474]LogEditorViewport: Clicking on Actor (LMB): BP_TestShineActor2_C (BP_TestShineActor2)
[2025.12.18-19.51.13:121][203]LogTemp: Repeating last play command: New Editor Window (PIE)
[2025.12.18-19.51.13:135][203]LogPlayLevel: PlayLevel: No blueprints needed recompiling
[2025.12.18-19.51.13:136][203]PIE: New page: PIE session: FirstLevel (19 дек. 2025 г., 01:51:13)
[2025.12.18-19.51.13:140][203]LogOnline: OSS: Creating online subsystem instance for: NULL
[2025.12.18-19.51.13:142][203]LogOnline: OSS: TryLoadSubsystemAndSetDefault: Loaded subsystem for module [NULL]
[2025.12.18-19.51.13:143][203]LogPlayLevel: Creating play world package: /Game/Workplace/Maps/UEDPIE_0_FirstLevel
[2025.12.18-19.51.13:152][203]LogPlayLevel: PIE: StaticDuplicateObject took: (0.009103s)
[2025.12.18-19.51.13:153][203]LogAIModule: Creating AISystem for world FirstLevel
[2025.12.18-19.51.13:154][203]LogPlayLevel: PIE: World Init took: (0.001814s)
[2025.12.18-19.51.13:154][203]LogPlayLevel: PIE: Created PIE world by copying editor world from /Game/Workplace/Maps/FirstLevel.FirstLevel to /Game/Workplace/Maps/UEDPIE_0_FirstLevel.FirstLevel (0.011382s)
[2025.12.18-19.51.13:162][203]LogUObjectHash: Compacting FUObjectHashTables data took   0.67ms
[2025.12.18-19.51.13:165][203]LogAudio: Display: Creating Audio Device:                 Id: 2, Scope: Unique, Realtime: True
[2025.12.18-19.51.13:165][203]LogAudioMixer: Display: Audio Mixer Platform Settings:
[2025.12.18-19.51.13:165][203]LogAudioMixer: Display: 	Sample Rate:						  48000
[2025.12.18-19.51.13:165][203]LogAudioMixer: Display: 	Callback Buffer Frame Size Requested: 1024
[2025.12.18-19.51.13:165][203]LogAudioMixer: Display: 	Callback Buffer Frame Size To Use:	  1024
[2025.12.18-19.51.13:165][203]LogAudioMixer: Display: 	Number of buffers to queue:			  2
[2025.12.18-19.51.13:165][203]LogAudioMixer: Display: 	Max Channels (voices):				  32
[2025.12.18-19.51.13:165][203]LogAudioMixer: Display: 	Number of Async Source Workers:		  0
[2025.12.18-19.51.13:165][203]LogAudio: Display: AudioDevice MaxSources: 32
[2025.12.18-19.51.13:166][203]LogAudio: Display: Audio Spatialization Plugin: None (built-in).
[2025.12.18-19.51.13:166][203]LogAudio: Display: Audio Reverb Plugin: None (built-in).
[2025.12.18-19.51.13:166][203]LogAudio: Display: Audio Occlusion Plugin: None (built-in).
[2025.12.18-19.51.13:166][203]LogAudioMixer: Display: Initializing audio mixer.
[2025.12.18-19.51.13:168][203]LogAudioMixer: Display: 0: FrontLeft
[2025.12.18-19.51.13:168][203]LogAudioMixer: Display: 1: FrontRight
[2025.12.18-19.51.13:180][203]LogAudioMixer: Display: Using Audio Device Динамики (Realtek(R) Audio)
[2025.12.18-19.51.13:180][203]LogAudioMixer: Display: Initializing Sound Submixes...
[2025.12.18-19.51.13:180][203]LogAudioMixer: Display: Creating Master Submix 'MasterSubmixDefault'
[2025.12.18-19.51.13:180][203]LogAudioMixer: Display: Creating Master Submix 'MasterReverbSubmixDefault'
[2025.12.18-19.51.13:180][203]LogAudioMixer: Display: Creating Master Submix 'MasterEQSubmixDefault'
[2025.12.18-19.51.13:180][203]LogAudioMixer: FMixerPlatformXAudio2::StartAudioStream() called
[2025.12.18-19.51.13:180][203]LogAudioMixer: Display: Output buffers initialized: Frames=1024, Channels=2, Samples=2048
[2025.12.18-19.51.13:182][203]LogAudioMixer: Display: Starting AudioMixerPlatformInterface::RunInternal()
[2025.12.18-19.51.13:182][203]LogAudioMixer: Display: FMixerPlatformXAudio2::SubmitBuffer() called for the first time
[2025.12.18-19.51.13:182][203]LogInit: FAudioDevice initialized.
[2025.12.18-19.51.13:182][203]LogAudio: Display: Audio Device (ID: 2) registered with world 'FirstLevel'.
[2025.12.18-19.51.13:211][203]LogSlate: Updating window title bar state: overlay mode, drag disabled, window buttons hidden, title bar hidden
[2025.12.18-19.51.13:264][203]LogLoad: Game class is 'BP_GameMode_C'
[2025.12.18-19.51.13:267][203]LogWorld: Bringing World /Game/Workplace/Maps/UEDPIE_0_FirstLevel.FirstLevel up for play (max tick rate 60) at 2025.12.18-22.51.13
[2025.12.18-19.51.13:269][203]LogWorld: Bringing up level for play took: 0.003727
[2025.12.18-19.51.13:270][203]LogOnline: OSS: Creating online subsystem instance for: :Context_4
[2025.12.18-19.51.13:281][203]LogSpawn: Warning: SpawnActor failed because no class was specified
[2025.12.18-19.51.13:290][203]LogNativeClassHierarchy: Verbose: Native class hierarchy updated for 'MovieSceneCapture' in 0.0004 seconds. Added 20 classes and 0 folders.
[2025.12.18-19.51.13:310][203]PIE: Server logged in
[2025.12.18-19.51.13:311][203]PIE: Play in editor total start time 0,181 seconds.
[2025.12.18-19.51.13:349][204]LogRenderer: Reallocating scene render targets to support 1272x688 Format 10 NumSamples 1 (Frame:1).
[2025.12.18-19.51.19:086][539]LogSlate: Updating window title bar state: overlay mode, drag disabled, window buttons hidden, title bar hidden
[2025.12.18-19.51.19:086][539]LogWorld: BeginTearingDown for /Game/Workplace/Maps/UEDPIE_0_FirstLevel
[2025.12.18-19.51.19:087][539]LogSlate: Window 'Mini_laboratory Preview [NetMode: Standalone]  (64-bit/Windows) ' being destroyed
[2025.12.18-19.51.19:092][539]LogWorld: UWorld::CleanupWorld for FirstLevel, bSessionEnded=true, bCleanupResources=true
[2025.12.18-19.51.19:093][539]LogSlate: InvalidateAllWidgets triggered.  All widgets were invalidated
[2025.12.18-19.51.19:104][539]LogPlayLevel: Display: Shutting down PIE online subsystems
[2025.12.18-19.51.19:110][539]LogSlate: InvalidateAllWidgets triggered.  All widgets were invalidated
[2025.12.18-19.51.19:116][539]LogAudio: Display: Audio Device unregistered from world 'None'.
[2025.12.18-19.51.19:120][539]LogAudioMixer: FMixerPlatformXAudio2::StopAudioStream() called
[2025.12.18-19.51.19:121][539]LogAudioMixer: FMixerPlatformXAudio2::StopAudioStream() called
[2025.12.18-19.51.19:131][539]LogUObjectHash: Compacting FUObjectHashTables data took   0.84ms
[2025.12.18-19.51.19:158][540]LogPlayLevel: Display: Destroying online subsystem :Context_4
[2025.12.18-19.51.24:783][877]LogEditorViewport: Clicking on Actor (LMB): BP_Button_C (BP_Button)
[2025.12.18-19.51.26:747][990]Cmd: DELETE
[2025.12.18-19.51.26:748][990]Cmd: ACTOR DELETE
[2025.12.18-19.51.26:762][990]LogEditorActor: Deleted Actor: BP_Button_C
[2025.12.18-19.51.26:768][990]LogUObjectHash: Compacting FUObjectHashTables data took   0.66ms
[2025.12.18-19.51.26:769][990]LogEditorActor: Deleted 1 Actors (0.011 secs)
[2025.12.18-19.51.49:224][338]LogEditorViewport: Clicking on Actor (LMB): BP_ObjectsTable_C (BP_ObjectsTable)
[2025.12.18-19.51.58:599][900]LogEditorViewport: Clicking on Actor (LMB): BP_Transporter_C (BP_Transporter)
[2025.12.18-19.52.05:789][330]LogEditorViewport: Clicking on Actor (LMB): BP_3DPrinter_C (BP_3DPrinter)
[2025.12.18-19.52.21:420][266]LogEditorViewport: Clicking on Actor (LMB): BP_Button_C (StartPrint_Button)
[2025.12.18-19.52.58:190][467]LogEditorViewport: Clicking on Actor (LMB): BP_Button_C (StartPrint_Button)
[2025.12.18-19.53.05:317][894]LogEditorViewport: Clicking on Actor (LMB): StaticMeshActor (Floor)
[2025.12.18-19.53.11:611][269]LogEditorViewport: Clicking on Actor (LMB): BP_Button_C (Reload_Button)
[2025.12.18-19.53.17:213][604]LogEditorViewport: Clicking on Actor (LMB): BP_Button_C (Exit_Button)
[2025.12.18-19.53.41:697][ 72]LogEditorViewport: Clicking on Actor (LMB): BP_Button_C (StartPrint_Button)
[2025.12.18-19.53.59:259][122]LogUObjectHash: Compacting FUObjectHashTables data took   0.62ms
[2025.12.18-19.54.00:392][122]LogSlate: Window 'Save Content' being destroyed
[2025.12.18-19.54.00:460][122]LogUObjectHash: Compacting FUObjectHashTables data took   0.24ms
[2025.12.18-19.54.00:509][122]LogSavePackage: Moving '../../../../../../WORKPLACE/Mini_laboratory/MEPhI_VR_term_1/Mini_laboratory/Saved/FirstLevelA3E9CECA45A479BD72BE3188AD6F6B94.tmp' to '../../../../../../WORKPLACE/Mini_laboratory/MEPhI_VR_term_1/Mini_laboratory/Content/Workplace/Maps/FirstLevel.umap'
[2025.12.18-19.54.00:515][122]LogFileHelpers: Saving map 'FirstLevel' took 0.063
[2025.12.18-19.54.00:539][122]LogAssetEditorSubsystem: Opening Asset editor for World /Game/Workplace/Maps/FirstLevel.FirstLevel
[2025.12.18-19.54.00:540][122]Cmd: MAP LOAD FILE="../../../../../../WORKPLACE/Mini_laboratory/MEPhI_VR_term_1/Mini_laboratory/Content/Workplace/Maps/FirstLevel.umap" TEMPLATE=0 SHOWPROGRESS=1 FEATURELEVEL=3
[2025.12.18-19.54.00:540][122]LightingResults: New page: Lighting Build
[2025.12.18-19.54.00:540][122]LoadErrors: New page: Loading map: FirstLevel.umap
[2025.12.18-19.54.00:640][122]LogWorld: UWorld::CleanupWorld for FirstLevel, bSessionEnded=true, bCleanupResources=true
[2025.12.18-19.54.00:640][122]LogSlate: InvalidateAllWidgets triggered.  All widgets were invalidated
[2025.12.18-19.54.00:640][122]MapCheck: New page: Map Check
[2025.12.18-19.54.00:640][122]LightingResults: New page: Lighting Build
[2025.12.18-19.54.00:645][122]LogAudio: Display: Audio Device unregistered from world 'None'.
[2025.12.18-19.54.00:649][122]LogUObjectHash: Compacting FUObjectHashTables data took   0.84ms
[2025.12.18-19.54.00:674][122]LogAudio: Display: Audio Device (ID: 1) registered with world 'FirstLevel'.
[2025.12.18-19.54.00:674][122]LogAIModule: Creating AISystem for world FirstLevel
[2025.12.18-19.54.00:737][122]LogEditorServer: Finished looking for orphan Actors (0.000 secs)
[2025.12.18-19.54.00:744][122]LogUObjectHash: Compacting FUObjectHashTables data took   0.76ms
[2025.12.18-19.54.00:750][122]Cmd: MAP CHECKDEP NOCLEARLOG
[2025.12.18-19.54.00:750][122]MapCheck: Map check complete: 0 Error(s), 0 Warning(s), took 0,179ms to complete.
[2025.12.18-19.54.00:750][122]LogFileHelpers: Loading map 'FirstLevel' took 0.211
[2025.12.18-19.54.00:761][122]AssetCheck: New page: Asset Save: FirstLevel
[2025.12.18-19.54.00:761][122]LogContentValidation: Display: Validating World /Game/Workplace/Maps/FirstLevel.FirstLevel
[2025.12.18-19.54.01:562][170]LogUObjectHash: Compacting FUObjectHashTables data took   0.23ms
[2025.12.18-19.54.01:591][170]LogAssetEditorSubsystem: Opening Asset editor for World /Game/Workplace/Maps/StartMenu.StartMenu
[2025.12.18-19.54.01:591][170]Cmd: MAP LOAD FILE="../../../../../../WORKPLACE/Mini_laboratory/MEPhI_VR_term_1/Mini_laboratory/Content/Workplace/Maps/StartMenu.umap" TEMPLATE=0 SHOWPROGRESS=1 FEATURELEVEL=3
[2025.12.18-19.54.01:591][170]LightingResults: New page: Lighting Build
[2025.12.18-19.54.01:591][170]LoadErrors: New page: Loading map: StartMenu.umap
[2025.12.18-19.54.01:593][170]LogWorld: UWorld::CleanupWorld for FirstLevel, bSessionEnded=true, bCleanupResources=true
[2025.12.18-19.54.01:593][170]LogSlate: InvalidateAllWidgets triggered.  All widgets were invalidated
[2025.12.18-19.54.01:593][170]MapCheck: New page: Map Check
[2025.12.18-19.54.01:593][170]LightingResults: New page: Lighting Build
[2025.12.18-19.54.01:597][170]LogAudio: Display: Audio Device unregistered from world 'None'.
[2025.12.18-19.54.01:601][170]LogUObjectHash: Compacting FUObjectHashTables data took   0.79ms
[2025.12.18-19.54.01:601][170]LogAudio: Display: Audio Device (ID: 1) registered with world 'StartMenu'.
[2025.12.18-19.54.01:620][170]LogEditorServer: Finished looking for orphan Actors (0.000 secs)
[2025.12.18-19.54.01:620][170]LogAIModule: Creating AISystem for world StartMenu
[2025.12.18-19.54.01:626][170]LogUObjectHash: Compacting FUObjectHashTables data took   0.55ms
[2025.12.18-19.54.01:630][170]Cmd: MAP CHECKDEP NOCLEARLOG
[2025.12.18-19.54.01:630][170]MapCheck: Map check complete: 0 Error(s), 0 Warning(s), took 0,061ms to complete.
[2025.12.18-19.54.01:630][170]LogFileHelpers: Loading map 'StartMenu' took 0.039
[2025.12.18-19.54.03:680][290]LogTemp: Repeating last play command: New Editor Window (PIE)
[2025.12.18-19.54.03:685][290]LogPlayLevel: PlayLevel: No blueprints needed recompiling
[2025.12.18-19.54.03:685][290]PIE: New page: PIE session: StartMenu (19 дек. 2025 г., 01:54:03)
[2025.12.18-19.54.03:685][290]LogPlayLevel: Creating play world package: /Game/Workplace/Maps/UEDPIE_0_StartMenu
[2025.12.18-19.54.03:686][290]LogPlayLevel: PIE: StaticDuplicateObject took: (0.000870s)
[2025.12.18-19.54.03:686][290]LogAIModule: Creating AISystem for world StartMenu
[2025.12.18-19.54.03:687][290]LogPlayLevel: PIE: World Init took: (0.000833s)
[2025.12.18-19.54.03:687][290]LogPlayLevel: PIE: Created PIE world by copying editor world from /Game/Workplace/Maps/StartMenu.StartMenu to /Game/Workplace/Maps/UEDPIE_0_StartMenu.StartMenu (0.001782s)
[2025.12.18-19.54.03:692][290]LogUObjectHash: Compacting FUObjectHashTables data took   0.65ms
[2025.12.18-19.54.03:692][290]LogAudio: Display: Creating Audio Device:                 Id: 3, Scope: Unique, Realtime: True
[2025.12.18-19.54.03:692][290]LogAudioMixer: Display: Audio Mixer Platform Settings:
[2025.12.18-19.54.03:692][290]LogAudioMixer: Display: 	Sample Rate:						  48000
[2025.12.18-19.54.03:692][290]LogAudioMixer: Display: 	Callback Buffer Frame Size Requested: 1024
[2025.12.18-19.54.03:692][290]LogAudioMixer: Display: 	Callback Buffer Frame Size To Use:	  1024
[2025.12.18-19.54.03:692][290]LogAudioMixer: Display: 	Number of buffers to queue:			  2
[2025.12.18-19.54.03:692][290]LogAudioMixer: Display: 	Max Channels (voices):				  32
[2025.12.18-19.54.03:692][290]LogAudioMixer: Display: 	Number of Async Source Workers:		  0
[2025.12.18-19.54.03:692][290]LogAudio: Display: AudioDevice MaxSources: 32
[2025.12.18-19.54.03:692][290]LogAudio: Display: Audio Spatialization Plugin: None (built-in).
[2025.12.18-19.54.03:692][290]LogAudio: Display: Audio Reverb Plugin: None (built-in).
[2025.12.18-19.54.03:692][290]LogAudio: Display: Audio Occlusion Plugin: None (built-in).
[2025.12.18-19.54.03:692][290]LogAudioMixer: Display: Initializing audio mixer.
[2025.12.18-19.54.03:694][290]LogAudioMixer: Display: 0: FrontLeft
[2025.12.18-19.54.03:695][290]LogAudioMixer: Display: 1: FrontRight
[2025.12.18-19.54.03:706][290]LogAudioMixer: Display: Using Audio Device Динамики (Realtek(R) Audio)
[2025.12.18-19.54.03:706][290]LogAudioMixer: Display: Initializing Sound Submixes...
[2025.12.18-19.54.03:706][290]LogAudioMixer: Display: Creating Master Submix 'MasterSubmixDefault'
[2025.12.18-19.54.03:706][290]LogAudioMixer: Display: Creating Master Submix 'MasterReverbSubmixDefault'
[2025.12.18-19.54.03:707][290]LogAudioMixer: Display: Creating Master Submix 'MasterEQSubmixDefault'
[2025.12.18-19.54.03:707][290]LogAudioMixer: FMixerPlatformXAudio2::StartAudioStream() called
[2025.12.18-19.54.03:707][290]LogAudioMixer: Display: Output buffers initialized: Frames=1024, Channels=2, Samples=2048
[2025.12.18-19.54.03:708][290]LogAudioMixer: Display: Starting AudioMixerPlatformInterface::RunInternal()
[2025.12.18-19.54.03:708][290]LogAudioMixer: Display: FMixerPlatformXAudio2::SubmitBuffer() called for the first time
[2025.12.18-19.54.03:708][290]LogInit: FAudioDevice initialized.
[2025.12.18-19.54.03:708][290]LogAudio: Display: Audio Device (ID: 3) registered with world 'StartMenu'.
[2025.12.18-19.54.03:762][290]LogSlate: Updating window title bar state: overlay mode, drag disabled, window buttons hidden, title bar hidden
[2025.12.18-19.54.03:762][290]LogLoad: Game class is 'BP_GameMode_C'
[2025.12.18-19.54.03:762][290]LogWorld: Bringing World /Game/Workplace/Maps/UEDPIE_0_StartMenu.StartMenu up for play (max tick rate 60) at 2025.12.18-22.54.03
[2025.12.18-19.54.03:763][290]LogWorld: Bringing up level for play took: 0.000319
[2025.12.18-19.54.03:763][290]LogOnline: OSS: Creating online subsystem instance for: :Context_7
[2025.12.18-19.54.03:765][290]LogSpawn: Warning: SpawnActor failed because no class was specified
[2025.12.18-19.54.03:768][290]LogPlayerController: Error: InputMode:UIOnly - Attempting to focus Non-Focusable widget SObjectWidget [Widget.cpp(799)]!
[2025.12.18-19.54.03:768][290]LogViewport: Display: Viewport MouseLockMode Changed, LockOnCapture -> DoNotLock
[2025.12.18-19.54.03:768][290]LogViewport: Display: Viewport MouseCaptureMode Changed, CapturePermanently_IncludingInitialMouseDown -> NoCapture
[2025.12.18-19.54.03:769][290]PIE: Server logged in
[2025.12.18-19.54.03:770][290]PIE: Play in editor total start time 0,086 seconds.
[2025.12.18-19.54.04:809][349]LogSlate: Updating window title bar state: overlay mode, drag disabled, window buttons hidden, title bar hidden
[2025.12.18-19.54.04:810][349]LogWorld: BeginTearingDown for /Game/Workplace/Maps/UEDPIE_0_StartMenu
[2025.12.18-19.54.04:810][349]LogSlate: Window 'Mini_laboratory Preview [NetMode: Standalone]  (64-bit/Windows) ' being destroyed
[2025.12.18-19.54.04:813][349]LogWorld: UWorld::CleanupWorld for StartMenu, bSessionEnded=true, bCleanupResources=true
[2025.12.18-19.54.04:813][349]LogSlate: InvalidateAllWidgets triggered.  All widgets were invalidated
[2025.12.18-19.54.04:820][349]LogPlayLevel: Display: Shutting down PIE online subsystems
[2025.12.18-19.54.04:823][349]LogSlate: InvalidateAllWidgets triggered.  All widgets were invalidated
[2025.12.18-19.54.04:829][349]LogAudioMixer: FMixerPlatformXAudio2::StopAudioStream() called
[2025.12.18-19.54.04:831][349]LogAudioMixer: FMixerPlatformXAudio2::StopAudioStream() called
[2025.12.18-19.54.04:835][349]LogUObjectHash: Compacting FUObjectHashTables data took   0.57ms
[2025.12.18-19.54.04:922][354]LogPlayLevel: Display: Destroying online subsystem :Context_7
[2025.12.18-19.54.05:608][395]LogTemp: Repeating last play command: New Editor Window (PIE)
[2025.12.18-19.54.05:616][395]LogPlayLevel: PlayLevel: No blueprints needed recompiling
[2025.12.18-19.54.05:616][395]PIE: New page: PIE session: StartMenu (19 дек. 2025 г., 01:54:05)
[2025.12.18-19.54.05:616][395]LogPlayLevel: Creating play world package: /Game/Workplace/Maps/UEDPIE_0_StartMenu
[2025.12.18-19.54.05:617][395]LogPlayLevel: PIE: StaticDuplicateObject took: (0.001239s)
[2025.12.18-19.54.05:618][395]LogAIModule: Creating AISystem for world StartMenu
[2025.12.18-19.54.05:618][395]LogPlayLevel: PIE: World Init took: (0.001133s)
[2025.12.18-19.54.05:618][395]LogPlayLevel: PIE: Created PIE world by copying editor world from /Game/Workplace/Maps/StartMenu.StartMenu to /Game/Workplace/Maps/UEDPIE_0_StartMenu.StartMenu (0.002483s)
[2025.12.18-19.54.05:625][395]LogUObjectHash: Compacting FUObjectHashTables data took   0.74ms
[2025.12.18-19.54.05:625][395]LogAudio: Display: Creating Audio Device:                 Id: 4, Scope: Unique, Realtime: True
[2025.12.18-19.54.05:625][395]LogAudioMixer: Display: Audio Mixer Platform Settings:
[2025.12.18-19.54.05:625][395]LogAudioMixer: Display: 	Sample Rate:						  48000
[2025.12.18-19.54.05:625][395]LogAudioMixer: Display: 	Callback Buffer Frame Size Requested: 1024
[2025.12.18-19.54.05:625][395]LogAudioMixer: Display: 	Callback Buffer Frame Size To Use:	  1024
[2025.12.18-19.54.05:625][395]LogAudioMixer: Display: 	Number of buffers to queue:			  2
[2025.12.18-19.54.05:625][395]LogAudioMixer: Display: 	Max Channels (voices):				  32
[2025.12.18-19.54.05:625][395]LogAudioMixer: Display: 	Number of Async Source Workers:		  0
[2025.12.18-19.54.05:625][395]LogAudio: Display: AudioDevice MaxSources: 32
[2025.12.18-19.54.05:626][395]LogAudio: Display: Audio Spatialization Plugin: None (built-in).
[2025.12.18-19.54.05:626][395]LogAudio: Display: Audio Reverb Plugin: None (built-in).
[2025.12.18-19.54.05:626][395]LogAudio: Display: Audio Occlusion Plugin: None (built-in).
[2025.12.18-19.54.05:626][395]LogAudioMixer: Display: Initializing audio mixer.
[2025.12.18-19.54.05:628][395]LogAudioMixer: Display: 0: FrontLeft
[2025.12.18-19.54.05:628][395]LogAudioMixer: Display: 1: FrontRight
[2025.12.18-19.54.05:638][395]LogAudioMixer: Display: Using Audio Device Динамики (Realtek(R) Audio)
[2025.12.18-19.54.05:638][395]LogAudioMixer: Display: Initializing Sound Submixes...
[2025.12.18-19.54.05:638][395]LogAudioMixer: Display: Creating Master Submix 'MasterSubmixDefault'
[2025.12.18-19.54.05:638][395]LogAudioMixer: Display: Creating Master Submix 'MasterReverbSubmixDefault'
[2025.12.18-19.54.05:638][395]LogAudioMixer: Display: Creating Master Submix 'MasterEQSubmixDefault'
[2025.12.18-19.54.05:638][395]LogAudioMixer: FMixerPlatformXAudio2::StartAudioStream() called
[2025.12.18-19.54.05:638][395]LogAudioMixer: Display: Output buffers initialized: Frames=1024, Channels=2, Samples=2048
[2025.12.18-19.54.05:639][395]LogAudioMixer: Display: Starting AudioMixerPlatformInterface::RunInternal()
[2025.12.18-19.54.05:640][395]LogAudioMixer: Display: FMixerPlatformXAudio2::SubmitBuffer() called for the first time
[2025.12.18-19.54.05:640][395]LogInit: FAudioDevice initialized.
[2025.12.18-19.54.05:640][395]LogAudio: Display: Audio Device (ID: 4) registered with world 'StartMenu'.
[2025.12.18-19.54.05:690][395]LogSlate: Updating window title bar state: overlay mode, drag disabled, window buttons hidden, title bar hidden
[2025.12.18-19.54.05:691][395]LogLoad: Game class is 'BP_GameMode_C'
[2025.12.18-19.54.05:691][395]LogWorld: Bringing World /Game/Workplace/Maps/UEDPIE_0_StartMenu.StartMenu up for play (max tick rate 60) at 2025.12.18-22.54.05
[2025.12.18-19.54.05:691][395]LogWorld: Bringing up level for play took: 0.000303
[2025.12.18-19.54.05:691][395]LogOnline: OSS: Creating online subsystem instance for: :Context_8
[2025.12.18-19.54.05:693][395]LogSpawn: Warning: SpawnActor failed because no class was specified
[2025.12.18-19.54.05:695][395]LogPlayerController: Error: InputMode:UIOnly - Attempting to focus Non-Focusable widget SObjectWidget [Widget.cpp(799)]!
[2025.12.18-19.54.05:695][395]LogViewport: Display: Viewport MouseLockMode Changed, LockOnCapture -> DoNotLock
[2025.12.18-19.54.05:695][395]LogViewport: Display: Viewport MouseCaptureMode Changed, CapturePermanently_IncludingInitialMouseDown -> NoCapture
[2025.12.18-19.54.05:696][395]PIE: Server logged in
[2025.12.18-19.54.05:697][395]PIE: Play in editor total start time 0,082 seconds.
[2025.12.18-19.54.06:343][432]LogViewport: Display: Viewport MouseLockMode Changed, DoNotLock -> LockOnCapture
[2025.12.18-19.54.06:343][432]LogViewport: Display: Viewport MouseCaptureMode Changed, NoCapture -> CapturePermanently
[2025.12.18-19.54.06:344][432]LogNet: Browse: /Game/Workplace/Maps/FirstLevel
[2025.12.18-19.54.06:345][432]LogLoad: LoadMap: /Game/Workplace/Maps/FirstLevel
[2025.12.18-19.54.06:345][432]LogWorld: BeginTearingDown for /Game/Workplace/Maps/UEDPIE_0_StartMenu
[2025.12.18-19.54.06:347][432]LogWorld: UWorld::CleanupWorld for StartMenu, bSessionEnded=true, bCleanupResources=true
[2025.12.18-19.54.06:347][432]LogSlate: InvalidateAllWidgets triggered.  All widgets were invalidated
[2025.12.18-19.54.06:376][432]LogAudio: Display: Audio Device unregistered from world 'None'.
[2025.12.18-19.54.06:377][432]LogUObjectHash: Compacting FUObjectHashTables data took   0.59ms
[2025.12.18-19.54.06:402][432]LogAudio: Display: Audio Device (ID: 4) registered with world 'FirstLevel'.
[2025.12.18-19.54.06:403][432]LogAIModule: Creating AISystem for world FirstLevel
[2025.12.18-19.54.06:403][432]LogLoad: Game class is 'BP_GameMode_C'
[2025.12.18-19.54.06:411][432]LogWorld: Bringing World /Game/Workplace/Maps/UEDPIE_0_FirstLevel.FirstLevel up for play (max tick rate 60) at 2025.12.18-22.54.06
[2025.12.18-19.54.06:411][432]LogWorld: Bringing up level for play took: 0.007808
[2025.12.18-19.54.06:412][432]LogSpawn: Warning: SpawnActor failed because no class was specified
[2025.12.18-19.54.06:414][432]LogLoad: Took 0.068252 seconds to LoadMap(/Game/Workplace/Maps/FirstLevel)
[2025.12.18-19.54.08:362][548]LogNet: Browse: /Game/Workplace/Maps/FirstLevel
[2025.12.18-19.54.08:362][548]LogLoad: LoadMap: /Game/Workplace/Maps/FirstLevel
[2025.12.18-19.54.08:362][548]LogWorld: BeginTearingDown for /Game/Workplace/Maps/UEDPIE_0_FirstLevel
[2025.12.18-19.54.08:362][548]LogWorld: UWorld::CleanupWorld for FirstLevel, bSessionEnded=true, bCleanupResources=true
[2025.12.18-19.54.08:363][548]LogSlate: InvalidateAllWidgets triggered.  All widgets were invalidated
[2025.12.18-19.54.08:405][548]LogAudio: Display: Audio Device unregistered from world 'None'.
[2025.12.18-19.54.08:408][548]LogUObjectHash: Compacting FUObjectHashTables data took   0.97ms
[2025.12.18-19.54.08:429][548]LogAudio: Display: Audio Device (ID: 4) registered with world 'FirstLevel'.
[2025.12.18-19.54.08:430][548]LogAIModule: Creating AISystem for world FirstLevel
[2025.12.18-19.54.08:430][548]LogLoad: Game class is 'BP_GameMode_C'
[2025.12.18-19.54.08:437][548]LogWorld: Bringing World /Game/Workplace/Maps/UEDPIE_0_FirstLevel.FirstLevel up for play (max tick rate 60) at 2025.12.18-22.54.08
[2025.12.18-19.54.08:437][548]LogWorld: Bringing up level for play took: 0.006358
[2025.12.18-19.54.08:438][548]LogSpawn: Warning: SpawnActor failed because no class was specified
[2025.12.18-19.54.08:439][548]LogLoad: Took 0.076609 seconds to LoadMap(/Game/Workplace/Maps/FirstLevel)
[2025.12.18-19.54.10:103][648]LogNet: Browse: /Game/Workplace/Maps/FirstLevel
[2025.12.18-19.54.10:103][648]LogLoad: LoadMap: /Game/Workplace/Maps/FirstLevel
[2025.12.18-19.54.10:103][648]LogWorld: BeginTearingDown for /Game/Workplace/Maps/UEDPIE_0_FirstLevel
[2025.12.18-19.54.10:104][648]LogWorld: UWorld::CleanupWorld for FirstLevel, bSessionEnded=true, bCleanupResources=true
[2025.12.18-19.54.10:104][648]LogSlate: InvalidateAllWidgets triggered.  All widgets were invalidated
[2025.12.18-19.54.10:110][648]LogAudio: Display: Audio Device unregistered from world 'None'.
[2025.12.18-19.54.10:112][648]LogUObjectHash: Compacting FUObjectHashTables data took   0.62ms
[2025.12.18-19.54.10:134][648]LogAudio: Display: Audio Device (ID: 4) registered with world 'FirstLevel'.
[2025.12.18-19.54.10:134][648]LogAIModule: Creating AISystem for world FirstLevel
[2025.12.18-19.54.10:135][648]LogLoad: Game class is 'BP_GameMode_C'
[2025.12.18-19.54.10:142][648]LogWorld: Bringing World /Game/Workplace/Maps/UEDPIE_0_FirstLevel.FirstLevel up for play (max tick rate 60) at 2025.12.18-22.54.10
[2025.12.18-19.54.10:142][648]LogWorld: Bringing up level for play took: 0.006412
[2025.12.18-19.54.10:142][648]LogSpawn: Warning: SpawnActor failed because no class was specified
[2025.12.18-19.54.10:143][648]LogLoad: Took 0.039522 seconds to LoadMap(/Game/Workplace/Maps/FirstLevel)
[2025.12.18-19.54.15:010][940]LogBlueprintUserMessages: [BP_TestClickActor2_2] BP_TestClickActor2
[2025.12.18-19.54.15:025][941]LogBlueprintUserMessages: [BP_TestClickActor2_2] BP_TestClickActor2
[2025.12.18-19.54.15:127][947]LogBlueprintUserMessages: [BP_TestClickActor2_2] BP_TestClickActor2
[2025.12.18-19.54.15:142][948]LogBlueprintUserMessages: [BP_TestClickActor2_2] BP_TestClickActor2
[2025.12.18-19.54.15:158][949]LogBlueprintUserMessages: [BP_TestClickActor2_2] BP_TestClickActor2
[2025.12.18-19.54.15:175][950]LogBlueprintUserMessages: [BP_TestClickActor2_2] BP_TestClickActor2
[2025.12.18-19.54.16:518][ 29]LogSlate: Updating window title bar state: overlay mode, drag disabled, window buttons hidden, title bar hidden
[2025.12.18-19.54.16:518][ 29]LogWorld: BeginTearingDown for /Game/Workplace/Maps/UEDPIE_0_FirstLevel
[2025.12.18-19.54.16:519][ 29]LogSlate: Window 'Mini_laboratory Preview [NetMode: Standalone]  (64-bit/Windows) ' being destroyed
[2025.12.18-19.54.16:522][ 29]LogWorld: UWorld::CleanupWorld for FirstLevel, bSessionEnded=true, bCleanupResources=true
[2025.12.18-19.54.16:523][ 29]LogSlate: InvalidateAllWidgets triggered.  All widgets were invalidated
[2025.12.18-19.54.16:530][ 29]LogPlayLevel: Display: Shutting down PIE online subsystems
[2025.12.18-19.54.16:535][ 29]LogSlate: InvalidateAllWidgets triggered.  All widgets were invalidated
[2025.12.18-19.54.16:540][ 29]LogAudioMixer: FMixerPlatformXAudio2::StopAudioStream() called
[2025.12.18-19.54.16:541][ 29]LogAudioMixer: FMixerPlatformXAudio2::StopAudioStream() called
[2025.12.18-19.54.16:545][ 29]LogUObjectHash: Compacting FUObjectHashTables data took   0.67ms
[2025.12.18-19.54.16:603][ 33]LogPlayLevel: Display: Destroying online subsystem :Context_8
[2025.12.18-19.54.47:766][874]LogContentBrowser: Deferred new asset file creation: NewNiagaraParameterDefinitions
[2025.12.18-19.54.47:777][874]LogContentBrowser: Creating deferred item: NewNiagaraParameterDefinitions
[2025.12.18-19.54.48:531][920]LogContentBrowser: Attempting asset rename: NewNiagaraParameterDefinitions -> NewNiagaraParameterDefinitions
[2025.12.18-19.54.48:532][920]LogContentBrowser: End creating deferred item NewNiagaraParameterDefinitions
[2025.12.18-19.54.49:588][981]LogUObjectHash: Compacting FUObjectHashTables data took   0.82ms
[2025.12.18-19.54.50:500][981]LogSlate: Window 'Delete Assets' being destroyed
[2025.12.18-19.54.50:578][981]LogUObjectHash: Compacting FUObjectHashTables data took   0.57ms
[2025.12.18-19.55.06:053][119]LogFactory: FactoryCreateFile: StaticMesh with FbxFactory (0 0 ../../../../../../WORKPLACE/Mini_laboratory/MEPhI_VR_term_1/blender FBX/3D_printer.fbx)
[2025.12.18-19.55.06:063][119]LogFbx: Loading FBX Scene from ../../../../../../WORKPLACE/Mini_laboratory/MEPhI_VR_term_1/blender FBX/3D_printer.fbx
[2025.12.18-19.55.06:073][119]LogFbx: FBX Scene Loaded Succesfully
[2025.12.18-19.55.08:115][119]LogSlate: Window 'FBX Import Options' being destroyed
[2025.12.18-19.55.08:186][119]LogFbx: Display: Triangulating static mesh Table
[2025.12.18-19.55.08:192][119]LogFbx: Display: Triangulating static mesh Direction Z3
[2025.12.18-19.55.08:193][119]LogFbx: Display: Triangulating static mesh Direction Z2
[2025.12.18-19.55.08:194][119]LogFbx: Display: Triangulating static mesh Direction Z1
[2025.12.18-19.55.08:195][119]LogFbx: Display: Triangulating static mesh Extruder
[2025.12.18-19.55.08:198][119]LogFbx: Display: Triangulating static mesh Direction X
[2025.12.18-19.55.08:199][119]LogFbx: Display: Triangulating static mesh Corpus
[2025.12.18-19.55.08:207][119]LogFbx: Display: Triangulating static mesh Door
[2025.12.18-19.55.08:212][119]LogStaticMesh: Building static mesh 3D_printer...
[2025.12.18-19.55.08:230][119]LogStaticMesh: Built static mesh [0.02s] /Game/Workplace/Meshes/3D_printer.3D_printer
[2025.12.18-19.55.08:237][119]LogStaticMesh: Warning: 3D_printer has degenerate tangent bases which will result in incorrect shading.  MikkTSpace relies on tangent bases and may result in mesh corruption, consider disabling this option.
[2025.12.18-19.55.08:237][119]LogStaticMesh: Warning: 3D_printer has some nearly zero bi-normals which can create some issues. (Tolerance of 1E-4)
[2025.12.18-19.55.08:247][119]FBXImport: FBX File Loading: Found name clash, node 'Bone' was renamed to 'Bone1' 
[2025.12.18-19.55.08:247][119]FBXImport: FBX File Loading: Found name clash, node 'Bone' was renamed to 'Bone2' 
[2025.12.18-19.55.08:247][119]FBXImport: FBX File Loading: Found name clash, node 'Bone' was renamed to 'Bone3' 
[2025.12.18-19.55.08:247][119]FBXImport: FBX File Loading: Found name clash, node 'Bone' was renamed to 'Bone4' 
[2025.12.18-19.55.08:247][119]FBXImport: FBX File Loading: Found name clash, node 'Bone' was renamed to 'Bone5' 
[2025.12.18-19.55.08:247][119]FBXImport: FBX File Loading: Found name clash, node 'Bone' was renamed to 'Bone6' 
[2025.12.18-19.55.08:247][119]FBXImport: FBX File Loading: Found name clash, node 'Bone_end' was renamed to 'Bone_end7' 
[2025.12.18-19.55.08:247][119]FBXImport: FBX File Loading: Found name clash, node 'Bone_end' was renamed to 'Bone_end8' 
[2025.12.18-19.55.08:247][119]FBXImport: FBX File Loading: Found name clash, node 'Bone_end' was renamed to 'Bone_end9' 
[2025.12.18-19.55.08:247][119]FBXImport: FBX File Loading: Found name clash, node 'Bone_end' was renamed to 'Bone_end10' 
[2025.12.18-19.55.08:247][119]FBXImport: FBX File Loading: Found name clash, node 'Bone_end' was renamed to 'Bone_end11' 
[2025.12.18-19.55.08:247][119]FBXImport: FBX File Loading: Found name clash, node 'Bone_end' was renamed to 'Bone_end12' 
[2025.12.18-19.55.08:247][119]FBXImport: Warning: No smoothing group information was found in this FBX scene.  Please make sure to enable the 'Export Smoothing Groups' option in the FBX Exporter plug-in before exporting the file.  Even for tools that don't support smoothing groups, the FBX Exporter will generate appropriate smoothing data at export-time so that correct vertex normals can be inferred while importing. 
[2025.12.18-19.55.08:247][119]FBXImport: Warning: 3D_printer has degenerate tangent bases which will result in incorrect shading.  MikkTSpace relies on tangent bases and may result in mesh corruption, consider disabling this option. 
[2025.12.18-19.55.08:247][119]FBXImport: Warning: 3D_printer has some nearly zero bi-normals which can create some issues. (Tolerance of 1E-4) 
[2025.12.18-19.55.11:011][276]LogSlate: Window 'Message Log' being destroyed
[2025.12.18-19.55.11:013][276]LogSlate: Window 'Message Log' being destroyed
[2025.12.18-19.55.19:992][793]LogContentBrowser: Attempting asset rename: 3D_printer -> Static_3D_printer
[2025.12.18-19.55.20:088][793]LogSavePackage: Moving '../../../../../../WORKPLACE/Mini_laboratory/MEPhI_VR_term_1/Mini_laboratory/Saved/Static_3D_printerB136BE58428CDF5B0B82BA83501C628C.tmp' to '../../../../../../WORKPLACE/Mini_laboratory/MEPhI_VR_term_1/Mini_laboratory/Content/Workplace/Meshes/Static_3D_printer.uasset'
[2025.12.18-19.55.20:125][793]LogUObjectHash: Compacting FUObjectHashTables data took   0.60ms
[2025.12.18-19.55.20:135][793]LogUObjectHash: Compacting FUObjectHashTables data took   0.59ms
[2025.12.18-19.55.20:139][793]LogUObjectHash: Compacting FUObjectHashTables data took   0.23ms
[2025.12.18-19.55.20:165][793]AssetCheck: New page: Asset Save: Static_3D_printer
[2025.12.18-19.55.20:165][793]LogContentValidation: Display: Validating StaticMesh /Game/Workplace/Meshes/Static_3D_printer.Static_3D_printer
[2025.12.18-19.55.20:788][829]LogAssetEditorSubsystem: Opening Asset editor for StaticMesh /Game/Workplace/Meshes/Static_3D_printer.Static_3D_printer
[2025.12.18-19.55.24:824][ 31]LogSlate: Window 'Static_3D_printer' being destroyed
[2025.12.18-19.55.40:163][940]LogContentBrowser: Deferred new asset file creation: NewMaterial
[2025.12.18-19.55.40:177][940]LogContentBrowser: Creating deferred item: NewMaterial
[2025.12.18-19.56.18:830][259]LogContentBrowser: Attempting asset rename: NewMaterial -> BP_Test3DPrinterMaterial
[2025.12.18-19.56.18:887][259]LogContentBrowser: End creating deferred item NewMaterial
[2025.12.18-19.56.21:390][405]LogAssetEditorSubsystem: Opening Asset editor for Material /Game/Workplace/Materials/BP_Test3DPrinterMaterial.BP_Test3DPrinterMaterial
[2025.12.18-19.56.21:394][405]LogMaterial: Display: Missing cached shadermap for BP_Test3DPrinterMaterial in PCD3D_SM5, Default, SM5 (DDC key hash: F6FE5154DF7F7C69F7363BD217123CE5E44B5A80), compiling. 
[2025.12.18-19.56.21:422][405]LogShaderCompilers: Display: Submitted 10 shader compile jobs with 'Normal' priority
[2025.12.18-19.56.21:484][405]LogMaterial: Display: Missing cached shadermap for BP_Test3DPrinterMaterial in PCD3D_SM5, Default, SM5 (DDC key hash: E436CDE003E8F1D8344A3C3710A60B02FAD10C8E), compiling. 
[2025.12.18-19.56.21:488][405]LogMaterial: Display: Missing cached shadermap for BP_Test3DPrinterMaterial in PCD3D_SM5, Default, SM5 (DDC key hash: 60F5DC42EC351F5E746125D7458583046258F146), compiling. 
[2025.12.18-19.56.21:498][405]MaterialEditorStats: Texture samplers: 0/16
[2025.12.18-19.56.21:512][405]LogSlate: Took 0.010100 seconds to synchronously load lazily loaded font '../../../Engine/Content/Slate/Fonts/Roboto-BoldCondensed.ttf' (158K)
[2025.12.18-19.56.21:647][406]LogShaderCompilers: Display: Submitted 2 shader compile jobs with 'ForceLocal' priority
[2025.12.18-19.56.21:647][406]LogShaderCompilers: Display: Worker (1/5): shaders left to compile 2
[2025.12.18-19.56.21:647][406]LogShaderCompilers: Display: Worker (2/5): shaders left to compile 1
[2025.12.18-19.56.21:647][406]LogShaderCompilers: Display: Started 2 'Local' shader compile jobs with 'ForceLocal' priority
[2025.12.18-19.56.21:647][406]LogShaderCompilers: Display: Submitted 8 shader compile jobs with 'Normal' priority
[2025.12.18-19.56.21:773][414]LogShaderCompilers: Display: Worker (3/5): shaders left to compile 8
[2025.12.18-19.56.21:774][414]LogShaderCompilers: Display: Worker (4/5): shaders left to compile 5
[2025.12.18-19.56.21:774][414]LogShaderCompilers: Display: Started 6 'Local' shader compile jobs with 'Normal' priority
[2025.12.18-19.56.23:406][504]LogShaderCompilers: Display: Worker (2/5): shaders left to compile 2
[2025.12.18-19.56.23:407][504]LogShaderCompilers: Display: Started 1 'Local' shader compile jobs with 'Normal' priority
[2025.12.18-19.56.23:407][504]LogShaderCompilers: Display: === FShaderJobCache stats ===
[2025.12.18-19.56.23:407][504]LogShaderCompilers: Display: Total job queries 20, among them cache hits 0 (0.00%)
[2025.12.18-19.56.23:407][504]LogShaderCompilers: Display: Tracking 1 distinct input hashes that result in 1 distinct outputs (100.00%)
[2025.12.18-19.56.23:407][504]LogShaderCompilers: Display: RAM used: 0.00 MB (0.00 GB) of 409.60 MB (0.40 GB) budget. Usage: 0.00%
[2025.12.18-19.56.23:407][504]LogShaderCompilers: Display: ================================================
[2025.12.18-19.56.23:583][515]LogShaderCompilers: Display: Worker (1/5): shaders left to compile 1
[2025.12.18-19.56.23:583][515]LogShaderCompilers: Display: Started 1 'Local' shader compile jobs with 'Normal' priority
[2025.12.18-19.56.26:979][716]MaterialEditorStats: Base pass shader: 117 instructions
[2025.12.18-19.56.26:979][716]MaterialEditorStats: Base pass shader with Volumetric Lightmap: 191 instructions
[2025.12.18-19.56.26:979][716]MaterialEditorStats: Base pass vertex shader: 42 instructions
[2025.12.18-19.56.26:979][716]MaterialEditorStats: Texture samplers: 2/16
[2025.12.18-19.56.35:685][232]LogMaterial: Display: Missing cached shadermap for BP_Test3DPrinterMaterial in PCD3D_SM5, Default, SM5 (DDC key hash: 21C7FC658D3D30B0E255DDE8A90548915165E632), compiling. 
[2025.12.18-19.56.35:686][232]LogMaterial: Display: Missing cached shadermap for FMatExpressionPreview MaterialExpressionConstant3Vector_0 in PCD3D_SM5, Default, SM5 (DDC key hash: 38FF311D9C0494150EC474C4F55B419383E0EC23), compiling. 
[2025.12.18-19.56.35:688][232]MaterialEditorStats: Texture samplers: 0/16
[2025.12.18-19.56.35:715][234]LogShaderCompilers: Display: Submitted 2 shader compile jobs with 'ForceLocal' priority
[2025.12.18-19.56.35:718][234]LogShaderCompilers: Display: Worker (1/5): shaders left to compile 2
[2025.12.18-19.56.35:718][234]LogShaderCompilers: Display: Worker (2/5): shaders left to compile 1
[2025.12.18-19.56.35:718][234]LogShaderCompilers: Display: Started 2 'Local' shader compile jobs with 'ForceLocal' priority
[2025.12.18-19.56.35:718][234]MaterialEditorStats: Base pass shader: 117 instructions
[2025.12.18-19.56.35:718][234]MaterialEditorStats: Base pass shader with Volumetric Lightmap: 191 instructions
[2025.12.18-19.56.35:718][234]MaterialEditorStats: Base pass vertex shader: 42 instructions
[2025.12.18-19.56.35:718][234]MaterialEditorStats: Texture samplers: 2/16
[2025.12.18-19.56.42:059][602]LogMaterial: Display: Missing cached shadermap for BP_Test3DPrinterMaterial in PCD3D_SM5, Default, SM5 (DDC key hash: 0EE6ABE42DCDDEF3C35372BDE88F3E312944E1A9), compiling. 
[2025.12.18-19.56.42:060][602]LogMaterial: Display: Missing cached shadermap for FMatExpressionPreview MaterialExpressionConstant3Vector_0 in PCD3D_SM5, Default, SM5 (DDC key hash: 1A6C99923BFD2839EB85D250F17DA256059B63E8), compiling. 
[2025.12.18-19.56.42:063][602]MaterialEditorStats: Texture samplers: 0/16
[2025.12.18-19.56.42:091][604]MaterialEditorStats: Texture samplers: 2/16
[2025.12.18-19.56.42:107][605]MaterialEditorStats: Base pass shader: 117 instructions
[2025.12.18-19.56.42:107][605]MaterialEditorStats: Base pass shader with Volumetric Lightmap: 191 instructions
[2025.12.18-19.56.42:107][605]MaterialEditorStats: Base pass vertex shader: 42 instructions
[2025.12.18-19.56.42:107][605]MaterialEditorStats: Texture samplers: 2/16
[2025.12.18-19.56.45:453][801]LogMaterial: Display: Missing cached shadermap for BP_Test3DPrinterMaterial in PCD3D_SM5, Default, SM5 (DDC key hash: E85C94373100030D50BA2B454543CB7F91FEAA15), compiling. 
[2025.12.18-19.56.45:479][801]LogMaterial: Display: Missing cached shadermap for FMatExpressionPreview MaterialExpressionConstant3Vector_0 in PCD3D_SM5, Default, SM5 (DDC key hash: A794458893EF6284117F8EA0C4B4E90376182255), compiling. 
[2025.12.18-19.56.45:481][801]MaterialEditorStats: Texture samplers: 0/16
[2025.12.18-19.56.45:500][803]LogShaderCompilers: Display: Submitted 2 shader compile jobs with 'ForceLocal' priority
[2025.12.18-19.56.45:518][804]LogShaderCompilers: Display: Worker (1/5): shaders left to compile 2
[2025.12.18-19.56.45:518][804]LogShaderCompilers: Display: Worker (2/5): shaders left to compile 1
[2025.12.18-19.56.45:518][804]LogShaderCompilers: Display: Started 2 'Local' shader compile jobs with 'ForceLocal' priority
[2025.12.18-19.56.45:522][804]MaterialEditorStats: Base pass shader: 117 instructions
[2025.12.18-19.56.45:522][804]MaterialEditorStats: Base pass shader with Volumetric Lightmap: 191 instructions
[2025.12.18-19.56.45:522][804]MaterialEditorStats: Base pass vertex shader: 42 instructions
[2025.12.18-19.56.45:522][804]MaterialEditorStats: Texture samplers: 2/16
[2025.12.18-19.56.55:951][428]LogMaterial: Display: Missing cached shadermap for BP_Test3DPrinterMaterial in PCD3D_SM5, Default, SM5 (DDC key hash: A1CEAFF725E6CB4BB0F0F142C983DD826F98773B), compiling. 
[2025.12.18-19.56.55:991][428]LogMaterial: Display: Missing cached shadermap for FMatExpressionPreview MaterialExpressionConstant3Vector_0 in PCD3D_SM5, Default, SM5 (DDC key hash: 2EC31151B4055C08F7DD5A68CF9321EF384DD6B9), compiling. 
[2025.12.18-19.56.55:994][428]MaterialEditorStats: Texture samplers: 0/16
[2025.12.18-19.56.56:013][430]LogShaderCompilers: Display: Submitted 2 shader compile jobs with 'ForceLocal' priority
[2025.12.18-19.56.56:013][430]LogShaderCompilers: Display: Worker (1/5): shaders left to compile 2
[2025.12.18-19.56.56:013][430]LogShaderCompilers: Display: Worker (2/5): shaders left to compile 1
[2025.12.18-19.56.56:013][430]LogShaderCompilers: Display: Started 2 'Local' shader compile jobs with 'ForceLocal' priority
[2025.12.18-19.56.56:033][431]MaterialEditorStats: Base pass shader: 117 instructions
[2025.12.18-19.56.56:033][431]MaterialEditorStats: Base pass shader with Volumetric Lightmap: 191 instructions
[2025.12.18-19.56.56:033][431]MaterialEditorStats: Base pass vertex shader: 42 instructions
[2025.12.18-19.56.56:033][431]MaterialEditorStats: Texture samplers: 2/16
[2025.12.18-19.56.57:480][512]LogMaterial: Display: Missing cached shadermap for BP_Test3DPrinterMaterial in PCD3D_SM5, Default, SM5 (DDC key hash: BAF0319AB9DBF30C393DE0C0CA7BEAF7BAA3F2E8), compiling. 
[2025.12.18-19.56.57:482][512]LogMaterial: Display: Missing cached shadermap for FMatExpressionPreview MaterialExpressionConstant3Vector_0 in PCD3D_SM5, Default, SM5 (DDC key hash: ACCD9B81C3403A9ADA086ABCFA0C4D16867B1734), compiling. 
[2025.12.18-19.56.57:483][512]LogSlate: Window 'Color Picker' being destroyed
[2025.12.18-19.56.57:489][512]MaterialEditorStats: Texture samplers: 0/16
[2025.12.18-19.56.57:513][514]MaterialEditorStats: Texture samplers: 2/16
[2025.12.18-19.56.57:530][515]MaterialEditorStats: Base pass shader: 117 instructions
[2025.12.18-19.56.57:530][515]MaterialEditorStats: Base pass shader with Volumetric Lightmap: 191 instructions
[2025.12.18-19.56.57:530][515]MaterialEditorStats: Base pass vertex shader: 42 instructions
[2025.12.18-19.56.57:530][515]MaterialEditorStats: Texture samplers: 2/16
[2025.12.18-19.57.02:427][802]LogMaterialEditor: Saving and Compiling material BP_Test3DPrinterMaterial
[2025.12.18-19.57.02:772][802]LogMaterial: Display: Missing cached shadermap for BP_Test3DPrinterMaterial in PCD3D_SM5, Default, SM5 (DDC key hash: 2099B3C5F122F16396C2CA7269A91DAF0FB8C7EC), compiling. 
[2025.12.18-19.57.02:800][802]LogMaterial: Display: Missing cached shadermap for BP_Test3DPrinterMaterial in PCD3D_SM5, Default, SM5 (DDC key hash: 52E36637F1AE118165D7049EF5CF046D7B8D28F9), compiling. 
[2025.12.18-19.57.02:830][802]LogUObjectHash: Compacting FUObjectHashTables data took   0.62ms
[2025.12.18-19.57.02:836][802]LogShaderCompilers: Display: Submitted 1 shader compile jobs with 'ForceLocal' priority
[2025.12.18-19.57.03:057][802]LogShaderCompilers: Display: Worker (1/5): shaders left to compile 1
[2025.12.18-19.57.03:057][802]LogShaderCompilers: Display: Started 1 'Local' shader compile jobs with 'ForceLocal' priority
[2025.12.18-19.57.03:057][802]LogUObjectHash: Compacting FUObjectHashTables data took   0.63ms
[2025.12.18-19.57.03:111][802]LogShaderCompilers: Display: Submitted 5 shader compile jobs with 'Normal' priority
[2025.12.18-19.57.03:113][802]LogShaderCompilers: Display: Worker (1/5): shaders left to compile 5
[2025.12.18-19.57.03:113][802]LogShaderCompilers: Display: Worker (2/5): shaders left to compile 3
[2025.12.18-19.57.03:113][802]LogShaderCompilers: Display: Worker (3/5): shaders left to compile 1
[2025.12.18-19.57.03:113][802]LogShaderCompilers: Display: Started 5 'Local' shader compile jobs with 'Normal' priority
[2025.12.18-19.57.03:129][802]LogSavePackage: Moving '../../../../../../WORKPLACE/Mini_laboratory/MEPhI_VR_term_1/Mini_laboratory/Saved/BP_Test3DPrinterMaterial2982FE63438DC15F922F1C815D77CF69.tmp' to '../../../../../../WORKPLACE/Mini_laboratory/MEPhI_VR_term_1/Mini_laboratory/Content/Workplace/Materials/BP_Test3DPrinterMaterial.uasset'
[2025.12.18-19.57.03:150][802]AssetCheck: New page: Asset Save: BP_Test3DPrinterMaterial
[2025.12.18-19.57.03:150][802]LogContentValidation: Display: Validating Material /Game/Workplace/Materials/BP_Test3DPrinterMaterial.BP_Test3DPrinterMaterial
[2025.12.18-19.57.03:159][802]MaterialEditorStats: Texture samplers: 2/16
[2025.12.18-19.57.05:373][929]LogMaterial: Display: Missing cached shadermap for BP_Test3DPrinterMaterial in PCD3D_SM5, Default, SM5 (DDC key hash: B010BD10E91AB6A5F36491ECAA1F8CDC464F22B4), compiling. 
[2025.12.18-19.57.05:397][929]LogMaterial: Display: Missing cached shadermap for FMatExpressionPreview MaterialExpressionConstant3Vector_0 in PCD3D_SM5, Default, SM5 (DDC key hash: 9B11661B1F412CDC498DF5CDF10B56109B00561D), compiling. 
[2025.12.18-19.57.05:400][929]MaterialEditorStats: Texture samplers: 0/16
[2025.12.18-19.57.05:432][929]LogShaderCompilers: Display: Submitted 2 shader compile jobs with 'ForceLocal' priority
[2025.12.18-19.57.05:432][929]LogShaderCompilers: Display: Submitted 8 shader compile jobs with 'Normal' priority
[2025.12.18-19.57.05:432][929]LogShaderCompilers: Display: Worker (1/5): shaders left to compile 2
[2025.12.18-19.57.05:432][929]LogShaderCompilers: Display: Worker (2/5): shaders left to compile 1
[2025.12.18-19.57.05:432][929]LogShaderCompilers: Display: Worker (3/5): shaders left to compile 8
[2025.12.18-19.57.05:433][929]LogShaderCompilers: Display: Worker (4/5): shaders left to compile 5
[2025.12.18-19.57.05:433][929]LogShaderCompilers: Display: Started 6 'Local' shader compile jobs with 'Normal' priority
[2025.12.18-19.57.05:433][929]LogShaderCompilers: Display: Started 2 'Local' shader compile jobs with 'ForceLocal' priority
[2025.12.18-19.57.06:108][967]LogShaderCompilers: Display: Worker (2/5): shaders left to compile 2
[2025.12.18-19.57.06:108][967]LogShaderCompilers: Display: Started 1 'Local' shader compile jobs with 'Normal' priority
[2025.12.18-19.57.06:168][970]LogMaterialEditor: Saving and Compiling material BP_Test3DPrinterMaterial
[2025.12.18-19.57.06:499][970]LogShaderCompilers: Display: Worker (1/5): shaders left to compile 1
[2025.12.18-19.57.06:499][970]LogShaderCompilers: Display: Started 1 'Local' shader compile jobs with 'Normal' priority
[2025.12.18-19.57.06:516][970]LogMaterial: Display: Missing cached shadermap for BP_Test3DPrinterMaterial in PCD3D_SM5, Default, SM5 (DDC key hash: 7E466B4EEB3E3AB7B345CBE659209EEFD1B96454), compiling. 
[2025.12.18-19.57.06:543][970]LogMaterial: Display: Missing cached shadermap for BP_Test3DPrinterMaterial in PCD3D_SM5, Default, SM5 (DDC key hash: 785BB5B1D3D055491CF3260BFD3843115419D39C), compiling. 
[2025.12.18-19.57.06:552][970]LogUObjectHash: Compacting FUObjectHashTables data took   0.37ms
[2025.12.18-19.57.06:558][970]LogShaderCompilers: Display: Submitted 1 shader compile jobs with 'ForceLocal' priority
[2025.12.18-19.57.06:974][970]LogShaderCompilers: Display: Worker (2/5): shaders left to compile 1
[2025.12.18-19.57.06:974][970]LogShaderCompilers: Display: Started 1 'Local' shader compile jobs with 'ForceLocal' priority
[2025.12.18-19.57.06:974][970]LogUObjectHash: Compacting FUObjectHashTables data took   0.29ms
[2025.12.18-19.57.07:022][970]LogShaderCompilers: Display: Worker (1/5): shaders left to compile 3
[2025.12.18-19.57.07:022][970]LogShaderCompilers: Display: Submitted 5 shader compile jobs with 'Normal' priority
[2025.12.18-19.57.07:023][970]LogShaderCompilers: Display: Worker (2/5): shaders left to compile 4
[2025.12.18-19.57.07:023][970]LogShaderCompilers: Display: Worker (3/5): shaders left to compile 3
[2025.12.18-19.57.07:023][970]LogShaderCompilers: Display: Started 3 'Local' shader compile jobs with 'Normal' priority
[2025.12.18-19.57.07:039][970]LogSavePackage: Moving '../../../../../../WORKPLACE/Mini_laboratory/MEPhI_VR_term_1/Mini_laboratory/Saved/BP_Test3DPrinterMaterialA92E55664551EDE6EB2CBE995E94287F.tmp' to '../../../../../../WORKPLACE/Mini_laboratory/MEPhI_VR_term_1/Mini_laboratory/Content/Workplace/Materials/BP_Test3DPrinterMaterial.uasset'
[2025.12.18-19.57.07:056][970]AssetCheck: New page: Asset Save: BP_Test3DPrinterMaterial
[2025.12.18-19.57.07:056][970]LogContentValidation: Display: Validating Material /Game/Workplace/Materials/BP_Test3DPrinterMaterial.BP_Test3DPrinterMaterial
[2025.12.18-19.57.07:060][970]MaterialEditorStats: Texture samplers: 2/16
[2025.12.18-19.57.07:165][977]LogShaderCompilers: Display: Worker (4/5): shaders left to compile 2
[2025.12.18-19.57.07:165][977]LogShaderCompilers: Display: Started 1 'Local' shader compile jobs with 'Normal' priority
[2025.12.18-19.57.07:321][986]LogShaderCompilers: Display: Worker (1/5): shaders left to compile 1
[2025.12.18-19.57.07:321][986]LogShaderCompilers: Display: Started 1 'Local' shader compile jobs with 'Normal' priority
[2025.12.18-19.57.08:326][ 45]LogUObjectHash: Compacting FUObjectHashTables data took   0.58ms
[2025.12.18-19.57.08:327][ 45]MaterialEditorStats: Base pass shader: 118 instructions
[2025.12.18-19.57.08:327][ 45]MaterialEditorStats: Base pass shader with Volumetric Lightmap: 192 instructions
[2025.12.18-19.57.08:327][ 45]MaterialEditorStats: Base pass vertex shader: 42 instructions
[2025.12.18-19.57.08:327][ 45]MaterialEditorStats: Texture samplers: 3/16
[2025.12.18-19.57.09:667][125]LogWorld: UWorld::CleanupWorld for World_15, bSessionEnded=true, bCleanupResources=true
[2025.12.18-19.57.09:667][125]LogSlate: InvalidateAllWidgets triggered.  All widgets were invalidated
[2025.12.18-19.58.23:914][511]LogUObjectHash: Compacting FUObjectHashTables data took   0.62ms
[2025.12.18-19.58.23:953][511]LogSavePackage: Moving '../../../../../../WORKPLACE/Mini_laboratory/MEPhI_VR_term_1/Mini_laboratory/Saved/Static_3D_printerF6B3F8A845C1B5BC3F3C589B101E209B.tmp' to '../../../../../../WORKPLACE/Mini_laboratory/MEPhI_VR_term_1/Mini_laboratory/Content/Workplace/Meshes/Static_3D_printer.uasset'
[2025.12.18-19.58.23:966][511]AssetCheck: New page: Asset Save: Static_3D_printer
[2025.12.18-19.58.23:966][511]LogContentValidation: Display: Validating StaticMesh /Game/Workplace/Meshes/Static_3D_printer.Static_3D_printer
[2025.12.18-19.58.25:224][587]LogWorld: UWorld::CleanupWorld for World_14, bSessionEnded=true, bCleanupResources=true
[2025.12.18-19.58.25:224][587]LogSlate: InvalidateAllWidgets triggered.  All widgets were invalidated
[2025.12.18-19.58.33:661][ 81]LogAssetEditorSubsystem: Opening Asset editor for Blueprint /Game/Workplace/Blueprints/BP_3DPrinter.BP_3DPrinter
[2025.12.18-19.58.34:369][ 81]LogNativeClassHierarchy: Verbose: Native class hierarchy updated for 'BlueprintGraph' in 0.0005 seconds. Added 126 classes and 0 folders.
[2025.12.18-19.59.14:553][305]BlueprintLog: New page: Compile BP_3DPrinter
[2025.12.18-19.59.14:683][305]LogUObjectHash: Compacting FUObjectHashTables data took   3.64ms
[2025.12.18-19.59.15:080][323]LogSavePackage: Moving '../../../../../../WORKPLACE/Mini_laboratory/MEPhI_VR_term_1/Mini_laboratory/Saved/BP_3DPrinter31CB3A914F176254D50880A6B8EDF52A.tmp' to '../../../../../../WORKPLACE/Mini_laboratory/MEPhI_VR_term_1/Mini_laboratory/Content/Workplace/Blueprints/BP_3DPrinter.uasset'
[2025.12.18-19.59.15:100][323]AssetCheck: New page: Asset Save: BP_3DPrinter
[2025.12.18-19.59.15:100][323]LogContentValidation: Display: Validating Blueprint /Game/Workplace/Blueprints/BP_3DPrinter.BP_3DPrinter
[2025.12.18-19.59.15:438][344]BlueprintLog: New page: Compile BP_3DPrinter
[2025.12.18-19.59.15:485][344]LogUObjectHash: Compacting FUObjectHashTables data took   3.17ms
[2025.12.18-19.59.15:928][365]LogSavePackage: Moving '../../../../../../WORKPLACE/Mini_laboratory/MEPhI_VR_term_1/Mini_laboratory/Saved/BP_3DPrinter61418F3B452C209E02E7D6A0D36B68DB.tmp' to '../../../../../../WORKPLACE/Mini_laboratory/MEPhI_VR_term_1/Mini_laboratory/Content/Workplace/Blueprints/BP_3DPrinter.uasset'
[2025.12.18-19.59.15:946][365]AssetCheck: New page: Asset Save: BP_3DPrinter
[2025.12.18-19.59.15:946][365]LogContentValidation: Display: Validating Blueprint /Game/Workplace/Blueprints/BP_3DPrinter.BP_3DPrinter
[2025.12.18-19.59.16:334][389]BlueprintLog: New page: Compile BP_3DPrinter
[2025.12.18-19.59.16:379][389]LogUObjectHash: Compacting FUObjectHashTables data took   3.08ms
[2025.12.18-19.59.16:842][412]LogSavePackage: Moving '../../../../../../WORKPLACE/Mini_laboratory/MEPhI_VR_term_1/Mini_laboratory/Saved/BP_3DPrinter77B42B50451497B1B281809E59473688.tmp' to '../../../../../../WORKPLACE/Mini_laboratory/MEPhI_VR_term_1/Mini_laboratory/Content/Workplace/Blueprints/BP_3DPrinter.uasset'
[2025.12.18-19.59.16:860][412]AssetCheck: New page: Asset Save: BP_3DPrinter
[2025.12.18-19.59.16:860][412]LogContentValidation: Display: Validating Blueprint /Game/Workplace/Blueprints/BP_3DPrinter.BP_3DPrinter
[2025.12.18-19.59.17:855][470]LogWorld: UWorld::CleanupWorld for World_16, bSessionEnded=true, bCleanupResources=true
[2025.12.18-19.59.17:855][470]LogSlate: InvalidateAllWidgets triggered.  All widgets were invalidated
[2025.12.18-19.59.24:270][848]LogUObjectHash: Compacting FUObjectHashTables data took   2.82ms
[2025.12.18-19.59.24:317][848]LogAssetEditorSubsystem: Opening Asset editor for World /Game/Workplace/Maps/FirstLevel.FirstLevel
[2025.12.18-19.59.24:317][848]Cmd: MAP LOAD FILE="../../../../../../WORKPLACE/Mini_laboratory/MEPhI_VR_term_1/Mini_laboratory/Content/Workplace/Maps/FirstLevel.umap" TEMPLATE=0 SHOWPROGRESS=1 FEATURELEVEL=3
[2025.12.18-19.59.24:317][848]LightingResults: New page: Lighting Build
[2025.12.18-19.59.24:317][848]LoadErrors: New page: Loading map: FirstLevel.umap
[2025.12.18-19.59.24:318][848]LogWorld: UWorld::CleanupWorld for StartMenu, bSessionEnded=true, bCleanupResources=true
[2025.12.18-19.59.24:318][848]LogSlate: InvalidateAllWidgets triggered.  All widgets were invalidated
[2025.12.18-19.59.24:318][848]MapCheck: New page: Map Check
[2025.12.18-19.59.24:318][848]LightingResults: New page: Lighting Build
[2025.12.18-19.59.24:331][848]LogAudio: Display: Audio Device unregistered from world 'None'.
[2025.12.18-19.59.24:369][848]LogUObjectHash: Compacting FUObjectHashTables data took   3.18ms
[2025.12.18-19.59.24:370][848]LogAudio: Display: Audio Device (ID: 1) registered with world 'FirstLevel'.
[2025.12.18-19.59.24:440][848]LogEditorServer: Finished looking for orphan Actors (0.000 secs)
[2025.12.18-19.59.24:440][848]LogAIModule: Creating AISystem for world FirstLevel
[2025.12.18-19.59.24:456][848]LogUObjectHash: Compacting FUObjectHashTables data took   1.45ms
[2025.12.18-19.59.24:460][848]Cmd: MAP CHECKDEP NOCLEARLOG
[2025.12.18-19.59.24:461][848]MapCheck: Map check complete: 0 Error(s), 0 Warning(s), took 0,069ms to complete.
[2025.12.18-19.59.24:461][848]LogFileHelpers: Loading map 'FirstLevel' took 0.144
[2025.12.18-19.59.28:920][115]LogEditorViewport: Clicking on Actor (LMB): BP_3DPrinter_C (BP_3DPrinter)
[2025.12.18-19.59.31:600][275]LogEditorViewport: Clicking on Actor (LMB): BP_Button_C (StartPrint_Button)
[2025.12.18-19.59.33:009][359]LogEditorViewport: Clicking on Actor (LMB): BP_3DPrinter_C (BP_3DPrinter)
[2025.12.18-19.59.55:313][696]LogEditorViewport: Clicking on Actor (LMB): BP_Button_C (StartPrint_Button)
[2025.12.18-20.00.20:424][199]LogUObjectHash: Compacting FUObjectHashTables data took   1.40ms
[2025.12.18-20.00.20:467][199]LogUObjectHash: Compacting FUObjectHashTables data took   0.43ms
[2025.12.18-20.00.20:504][199]LogSavePackage: Moving '../../../../../../WORKPLACE/Mini_laboratory/MEPhI_VR_term_1/Mini_laboratory/Saved/FirstLevelCE0A654C42419A966F7828844D8FE1B2.tmp' to '../../../../../../WORKPLACE/Mini_laboratory/MEPhI_VR_term_1/Mini_laboratory/Content/Workplace/Maps/FirstLevel.umap'
[2025.12.18-20.00.20:509][199]LogFileHelpers: Saving map 'FirstLevel' took 0.057
[2025.12.18-20.00.20:532][199]AssetCheck: New page: Asset Save: FirstLevel
[2025.12.18-20.00.20:532][199]LogContentValidation: Display: Validating World /Game/Workplace/Maps/FirstLevel.FirstLevel
[2025.12.18-20.00.25:605][502]LogUObjectHash: Compacting FUObjectHashTables data took   0.85ms
[2025.12.18-20.00.25:687][502]LogAssetEditorSubsystem: Opening Asset editor for World /Game/Workplace/Maps/StartMenu.StartMenu
[2025.12.18-20.00.25:687][502]Cmd: MAP LOAD FILE="../../../../../../WORKPLACE/Mini_laboratory/MEPhI_VR_term_1/Mini_laboratory/Content/Workplace/Maps/StartMenu.umap" TEMPLATE=0 SHOWPROGRESS=1 FEATURELEVEL=3
[2025.12.18-20.00.25:687][502]LightingResults: New page: Lighting Build
[2025.12.18-20.00.25:687][502]LoadErrors: New page: Loading map: StartMenu.umap
[2025.12.18-20.00.25:690][502]LogWorld: UWorld::CleanupWorld for FirstLevel, bSessionEnded=true, bCleanupResources=true
[2025.12.18-20.00.25:691][502]LogSlate: InvalidateAllWidgets triggered.  All widgets were invalidated
[2025.12.18-20.00.25:691][502]MapCheck: New page: Map Check
[2025.12.18-20.00.25:691][502]LightingResults: New page: Lighting Build
[2025.12.18-20.00.25:709][502]LogAudio: Display: Audio Device unregistered from world 'None'.
[2025.12.18-20.00.25:712][502]LogUObjectHash: Compacting FUObjectHashTables data took   1.78ms
[2025.12.18-20.00.25:713][502]LogAudio: Display: Audio Device (ID: 1) registered with world 'StartMenu'.
[2025.12.18-20.00.25:731][502]LogEditorServer: Finished looking for orphan Actors (0.000 secs)
[2025.12.18-20.00.25:731][502]LogAIModule: Creating AISystem for world StartMenu
[2025.12.18-20.00.25:747][502]LogUObjectHash: Compacting FUObjectHashTables data took   1.43ms
[2025.12.18-20.00.25:752][502]Cmd: MAP CHECKDEP NOCLEARLOG
[2025.12.18-20.00.25:752][502]MapCheck: Map check complete: 0 Error(s), 0 Warning(s), took 0,077ms to complete.
[2025.12.18-20.00.25:752][502]LogFileHelpers: Loading map 'StartMenu' took 0.065
[2025.12.18-20.00.27:036][576]LogTemp: Repeating last play command: New Editor Window (PIE)
[2025.12.18-20.00.27:046][576]LogPlayLevel: PlayLevel: No blueprints needed recompiling
[2025.12.18-20.00.27:046][576]PIE: New page: PIE session: StartMenu (19 дек. 2025 г., 02:00:27)
[2025.12.18-20.00.27:046][576]LogPlayLevel: Creating play world package: /Game/Workplace/Maps/UEDPIE_0_StartMenu
[2025.12.18-20.00.27:049][576]LogPlayLevel: PIE: StaticDuplicateObject took: (0.002349s)
[2025.12.18-20.00.27:050][576]LogAIModule: Creating AISystem for world StartMenu
[2025.12.18-20.00.27:051][576]LogPlayLevel: PIE: World Init took: (0.001953s)
[2025.12.18-20.00.27:051][576]LogPlayLevel: PIE: Created PIE world by copying editor world from /Game/Workplace/Maps/StartMenu.StartMenu to /Game/Workplace/Maps/UEDPIE_0_StartMenu.StartMenu (0.004529s)
[2025.12.18-20.00.27:078][576]LogUObjectHash: Compacting FUObjectHashTables data took   4.04ms
[2025.12.18-20.00.27:079][576]LogAudio: Display: Creating Audio Device:                 Id: 5, Scope: Unique, Realtime: True
[2025.12.18-20.00.27:079][576]LogAudioMixer: Display: Audio Mixer Platform Settings:
[2025.12.18-20.00.27:079][576]LogAudioMixer: Display: 	Sample Rate:						  48000
[2025.12.18-20.00.27:079][576]LogAudioMixer: Display: 	Callback Buffer Frame Size Requested: 1024
[2025.12.18-20.00.27:080][576]LogAudioMixer: Display: 	Callback Buffer Frame Size To Use:	  1024
[2025.12.18-20.00.27:080][576]LogAudioMixer: Display: 	Number of buffers to queue:			  2
[2025.12.18-20.00.27:080][576]LogAudioMixer: Display: 	Max Channels (voices):				  32
[2025.12.18-20.00.27:080][576]LogAudioMixer: Display: 	Number of Async Source Workers:		  0
[2025.12.18-20.00.27:080][576]LogAudio: Display: AudioDevice MaxSources: 32
[2025.12.18-20.00.27:081][576]LogAudio: Display: Audio Spatialization Plugin: None (built-in).
[2025.12.18-20.00.27:081][576]LogAudio: Display: Audio Reverb Plugin: None (built-in).
[2025.12.18-20.00.27:081][576]LogAudio: Display: Audio Occlusion Plugin: None (built-in).
[2025.12.18-20.00.27:081][576]LogAudioMixer: Display: Initializing audio mixer.
[2025.12.18-20.00.27:085][576]LogAudioMixer: Display: 0: FrontLeft
[2025.12.18-20.00.27:085][576]LogAudioMixer: Display: 1: FrontRight
[2025.12.18-20.00.27:099][576]LogAudioMixer: Display: Using Audio Device Динамики (Realtek(R) Audio)
[2025.12.18-20.00.27:099][576]LogAudioMixer: Display: Initializing Sound Submixes...
[2025.12.18-20.00.27:099][576]LogAudioMixer: Display: Creating Master Submix 'MasterSubmixDefault'
[2025.12.18-20.00.27:100][576]LogAudioMixer: Display: Creating Master Submix 'MasterReverbSubmixDefault'
[2025.12.18-20.00.27:100][576]LogAudioMixer: Display: Creating Master Submix 'MasterEQSubmixDefault'
[2025.12.18-20.00.27:100][576]LogAudioMixer: FMixerPlatformXAudio2::StartAudioStream() called
[2025.12.18-20.00.27:100][576]LogAudioMixer: Display: Output buffers initialized: Frames=1024, Channels=2, Samples=2048
[2025.12.18-20.00.27:101][576]LogAudioMixer: Display: Starting AudioMixerPlatformInterface::RunInternal()
[2025.12.18-20.00.27:101][576]LogAudioMixer: Display: FMixerPlatformXAudio2::SubmitBuffer() called for the first time
[2025.12.18-20.00.27:101][576]LogInit: FAudioDevice initialized.
[2025.12.18-20.00.27:101][576]LogAudio: Display: Audio Device (ID: 5) registered with world 'StartMenu'.
[2025.12.18-20.00.27:133][576]LogSlate: Updating window title bar state: overlay mode, drag disabled, window buttons hidden, title bar hidden
[2025.12.18-20.00.27:134][576]LogLoad: Game class is 'BP_GameMode_C'
[2025.12.18-20.00.27:134][576]LogWorld: Bringing World /Game/Workplace/Maps/UEDPIE_0_StartMenu.StartMenu up for play (max tick rate 60) at 2025.12.18-23.00.27
[2025.12.18-20.00.27:134][576]LogWorld: Bringing up level for play took: 0.000318
[2025.12.18-20.00.27:135][576]LogOnline: OSS: Creating online subsystem instance for: :Context_21
[2025.12.18-20.00.27:137][576]LogSpawn: Warning: SpawnActor failed because no class was specified
[2025.12.18-20.00.27:138][576]LogPlayerController: Error: InputMode:UIOnly - Attempting to focus Non-Focusable widget SObjectWidget [Widget.cpp(799)]!
[2025.12.18-20.00.27:138][576]LogViewport: Display: Viewport MouseLockMode Changed, LockOnCapture -> DoNotLock
[2025.12.18-20.00.27:138][576]LogViewport: Display: Viewport MouseCaptureMode Changed, CapturePermanently_IncludingInitialMouseDown -> NoCapture
[2025.12.18-20.00.27:139][576]PIE: Server logged in
[2025.12.18-20.00.27:140][576]PIE: Play in editor total start time 0,095 seconds.
[2025.12.18-20.00.28:054][630]LogViewport: Display: Viewport MouseLockMode Changed, DoNotLock -> LockOnCapture
[2025.12.18-20.00.28:054][630]LogViewport: Display: Viewport MouseCaptureMode Changed, NoCapture -> CapturePermanently
[2025.12.18-20.00.28:055][630]LogNet: Browse: /Game/Workplace/Maps/FirstLevel
[2025.12.18-20.00.28:055][630]LogLoad: LoadMap: /Game/Workplace/Maps/FirstLevel
[2025.12.18-20.00.28:055][630]LogWorld: BeginTearingDown for /Game/Workplace/Maps/UEDPIE_0_StartMenu
[2025.12.18-20.00.28:055][630]LogWorld: UWorld::CleanupWorld for StartMenu, bSessionEnded=true, bCleanupResources=true
[2025.12.18-20.00.28:055][630]LogSlate: InvalidateAllWidgets triggered.  All widgets were invalidated
[2025.12.18-20.00.28:102][630]LogAudio: Display: Audio Device unregistered from world 'None'.
[2025.12.18-20.00.28:105][630]LogUObjectHash: Compacting FUObjectHashTables data took   1.83ms
[2025.12.18-20.00.28:134][630]LogAudio: Display: Audio Device (ID: 5) registered with world 'FirstLevel'.
[2025.12.18-20.00.28:134][630]LogAIModule: Creating AISystem for world FirstLevel
[2025.12.18-20.00.28:135][630]LogLoad: Game class is 'BP_GameMode_C'
[2025.12.18-20.00.28:144][630]LogWorld: Bringing World /Game/Workplace/Maps/UEDPIE_0_FirstLevel.FirstLevel up for play (max tick rate 60) at 2025.12.18-23.00.28
[2025.12.18-20.00.28:144][630]LogWorld: Bringing up level for play took: 0.008310
[2025.12.18-20.00.28:144][630]LogSpawn: Warning: SpawnActor failed because no class was specified
[2025.12.18-20.00.28:146][630]LogLoad: Took 0.090356 seconds to LoadMap(/Game/Workplace/Maps/FirstLevel)
[2025.12.18-20.00.29:900][735]LogNet: Browse: /Game/Workplace/Maps/FirstLevel
[2025.12.18-20.00.29:900][735]LogLoad: LoadMap: /Game/Workplace/Maps/FirstLevel
[2025.12.18-20.00.29:900][735]LogWorld: BeginTearingDown for /Game/Workplace/Maps/UEDPIE_0_FirstLevel
[2025.12.18-20.00.29:900][735]LogWorld: UWorld::CleanupWorld for FirstLevel, bSessionEnded=true, bCleanupResources=true
[2025.12.18-20.00.29:900][735]LogSlate: InvalidateAllWidgets triggered.  All widgets were invalidated
[2025.12.18-20.00.29:915][735]LogAudio: Display: Audio Device unregistered from world 'None'.
[2025.12.18-20.00.29:918][735]LogUObjectHash: Compacting FUObjectHashTables data took   1.61ms
[2025.12.18-20.00.29:941][735]LogAudio: Display: Audio Device (ID: 5) registered with world 'FirstLevel'.
[2025.12.18-20.00.29:941][735]LogAIModule: Creating AISystem for world FirstLevel
[2025.12.18-20.00.29:942][735]LogLoad: Game class is 'BP_GameMode_C'
[2025.12.18-20.00.29:949][735]LogWorld: Bringing World /Game/Workplace/Maps/UEDPIE_0_FirstLevel.FirstLevel up for play (max tick rate 60) at 2025.12.18-23.00.29
[2025.12.18-20.00.29:949][735]LogWorld: Bringing up level for play took: 0.006624
[2025.12.18-20.00.29:949][735]LogSpawn: Warning: SpawnActor failed because no class was specified
[2025.12.18-20.00.29:950][735]LogLoad: Took 0.050571 seconds to LoadMap(/Game/Workplace/Maps/FirstLevel)
[2025.12.18-20.00.32:874][909]LogBlueprintUserMessages: [BP_TestClickActor1_2] BP_TestClickActor1 was clicked
[2025.12.18-20.00.32:889][910]LogBlueprintUserMessages: [BP_TestClickActor1_2] BP_TestClickActor1 was clicked
[2025.12.18-20.00.32:906][911]LogBlueprintUserMessages: [BP_TestClickActor1_2] BP_TestClickActor1 was clicked
[2025.12.18-20.00.32:922][912]LogBlueprintUserMessages: [BP_TestClickActor1_2] BP_TestClickActor1 was clicked
[2025.12.18-20.00.32:939][913]LogBlueprintUserMessages: [BP_TestClickActor1_2] BP_TestClickActor1 was clicked
[2025.12.18-20.00.32:956][914]LogBlueprintUserMessages: [BP_TestClickActor1_2] BP_TestClickActor1 was clicked
[2025.12.18-20.00.32:973][915]LogBlueprintUserMessages: [BP_TestClickActor1_2] BP_TestClickActor1 was clicked
[2025.12.18-20.00.32:989][916]LogBlueprintUserMessages: [BP_TestClickActor1_2] BP_TestClickActor1 was clicked
[2025.12.18-20.00.33:006][917]LogBlueprintUserMessages: [BP_TestClickActor1_2] BP_TestClickActor1 was clicked
[2025.12.18-20.00.33:022][918]LogBlueprintUserMessages: [BP_TestClickActor1_2] BP_TestClickActor1 was clicked
[2025.12.18-20.00.33:039][919]LogBlueprintUserMessages: [BP_TestClickActor1_2] BP_TestClickActor1 was clicked
[2025.12.18-20.00.33:056][920]LogBlueprintUserMessages: [BP_TestClickActor1_2] BP_TestClickActor1 was clicked
[2025.12.18-20.00.33:073][921]LogBlueprintUserMessages: [BP_TestClickActor1_2] BP_TestClickActor1 was clicked
[2025.12.18-20.00.33:089][922]LogBlueprintUserMessages: [BP_TestClickActor1_2] BP_TestClickActor1 was clicked
[2025.12.18-20.00.33:106][923]LogBlueprintUserMessages: [BP_TestClickActor1_2] BP_TestClickActor1 was clicked
[2025.12.18-20.00.33:123][924]LogBlueprintUserMessages: [BP_TestClickActor1_2] BP_TestClickActor1 was clicked
[2025.12.18-20.00.33:139][925]LogBlueprintUserMessages: [BP_TestClickActor1_2] BP_TestClickActor1 was clicked
[2025.12.18-20.00.33:156][926]LogBlueprintUserMessages: [BP_TestClickActor1_2] BP_TestClickActor1 was clicked
[2025.12.18-20.00.33:172][927]LogBlueprintUserMessages: [BP_TestClickActor1_2] BP_TestClickActor1 was clicked
[2025.12.18-20.00.33:189][928]LogBlueprintUserMessages: [BP_TestClickActor1_2] BP_TestClickActor1 was clicked
[2025.12.18-20.00.33:206][929]LogBlueprintUserMessages: [BP_TestClickActor1_2] BP_TestClickActor1 was clicked
[2025.12.18-20.00.33:223][930]LogBlueprintUserMessages: [BP_TestClickActor1_2] BP_TestClickActor1 was clicked
[2025.12.18-20.00.33:239][931]LogBlueprintUserMessages: [BP_TestClickActor1_2] BP_TestClickActor1 was clicked
[2025.12.18-20.00.33:256][932]LogBlueprintUserMessages: [BP_TestClickActor1_2] BP_TestClickActor1 was clicked
[2025.12.18-20.00.33:273][933]LogBlueprintUserMessages: [BP_TestClickActor1_2] BP_TestClickActor1 was clicked
[2025.12.18-20.00.33:289][934]LogBlueprintUserMessages: [BP_TestClickActor1_2] BP_TestClickActor1 was clicked
[2025.12.18-20.00.33:306][935]LogBlueprintUserMessages: [BP_TestClickActor1_2] BP_TestClickActor1 was clicked
[2025.12.18-20.00.33:323][936]LogBlueprintUserMessages: [BP_TestClickActor1_2] BP_TestClickActor1 was clicked
[2025.12.18-20.00.33:339][937]LogBlueprintUserMessages: [BP_TestClickActor1_2] BP_TestClickActor1 was clicked
[2025.12.18-20.00.33:356][938]LogBlueprintUserMessages: [BP_TestClickActor1_2] BP_TestClickActor1 was clicked
[2025.12.18-20.00.33:372][939]LogBlueprintUserMessages: [BP_TestClickActor1_2] BP_TestClickActor1 was clicked
[2025.12.18-20.00.33:389][940]LogBlueprintUserMessages: [BP_TestClickActor1_2] BP_TestClickActor1 was clicked
[2025.12.18-20.00.33:405][941]LogBlueprintUserMessages: [BP_TestClickActor1_2] BP_TestClickActor1 was clicked
[2025.12.18-20.00.33:422][942]LogBlueprintUserMessages: [BP_TestClickActor1_2] BP_TestClickActor1 was clicked
[2025.12.18-20.00.33:440][943]LogBlueprintUserMessages: [BP_TestClickActor1_2] BP_TestClickActor1 was clicked
[2025.12.18-20.00.33:456][944]LogBlueprintUserMessages: [BP_TestClickActor1_2] BP_TestClickActor1 was clicked
[2025.12.18-20.00.33:473][945]LogBlueprintUserMessages: [BP_TestClickActor1_2] BP_TestClickActor1 was clicked
[2025.12.18-20.00.33:489][946]LogBlueprintUserMessages: [BP_TestClickActor1_2] BP_TestClickActor1 was clicked
[2025.12.18-20.00.33:506][947]LogBlueprintUserMessages: [BP_TestClickActor1_2] BP_TestClickActor1 was clicked
[2025.12.18-20.00.33:523][948]LogBlueprintUserMessages: [BP_TestClickActor1_2] BP_TestClickActor1 was clicked
[2025.12.18-20.00.33:539][949]LogBlueprintUserMessages: [BP_TestClickActor1_2] BP_TestClickActor1 was clicked
[2025.12.18-20.00.33:556][950]LogBlueprintUserMessages: [BP_TestClickActor1_2] BP_TestClickActor1 was clicked
[2025.12.18-20.00.33:573][951]LogBlueprintUserMessages: [BP_TestClickActor1_2] BP_TestClickActor1 was clicked
[2025.12.18-20.00.33:589][952]LogBlueprintUserMessages: [BP_TestClickActor1_2] BP_TestClickActor1 was clicked
[2025.12.18-20.00.33:606][953]LogBlueprintUserMessages: [BP_TestClickActor1_2] BP_TestClickActor1 was clicked
[2025.12.18-20.00.36:306][115]LogNet: Browse: /Game/Workplace/Maps/FirstLevel
[2025.12.18-20.00.36:306][115]LogLoad: LoadMap: /Game/Workplace/Maps/FirstLevel
[2025.12.18-20.00.36:306][115]LogWorld: BeginTearingDown for /Game/Workplace/Maps/UEDPIE_0_FirstLevel
[2025.12.18-20.00.36:307][115]LogWorld: UWorld::CleanupWorld for FirstLevel, bSessionEnded=true, bCleanupResources=true
[2025.12.18-20.00.36:307][115]LogSlate: InvalidateAllWidgets triggered.  All widgets were invalidated
[2025.12.18-20.00.36:321][115]LogAudio: Display: Audio Device unregistered from world 'None'.
[2025.12.18-20.00.36:323][115]LogUObjectHash: Compacting FUObjectHashTables data took   1.54ms
[2025.12.18-20.00.36:345][115]LogAudio: Display: Audio Device (ID: 5) registered with world 'FirstLevel'.
[2025.12.18-20.00.36:346][115]LogAIModule: Creating AISystem for world FirstLevel
[2025.12.18-20.00.36:346][115]LogLoad: Game class is 'BP_GameMode_C'
[2025.12.18-20.00.36:353][115]LogWorld: Bringing World /Game/Workplace/Maps/UEDPIE_0_FirstLevel.FirstLevel up for play (max tick rate 60) at 2025.12.18-23.00.36
[2025.12.18-20.00.36:354][115]LogWorld: Bringing up level for play took: 0.006664
[2025.12.18-20.00.36:354][115]LogSpawn: Warning: SpawnActor failed because no class was specified
[2025.12.18-20.00.36:355][115]LogLoad: Took 0.048760 seconds to LoadMap(/Game/Workplace/Maps/FirstLevel)
[2025.12.18-20.00.42:553][486]LogSlate: Updating window title bar state: overlay mode, drag disabled, window buttons hidden, title bar hidden
[2025.12.18-20.00.42:554][486]LogWorld: BeginTearingDown for /Game/Workplace/Maps/UEDPIE_0_FirstLevel
[2025.12.18-20.00.42:554][486]LogSlate: Window 'Mini_laboratory Preview [NetMode: Standalone]  (64-bit/Windows) ' being destroyed
[2025.12.18-20.00.42:558][486]LogWorld: UWorld::CleanupWorld for FirstLevel, bSessionEnded=true, bCleanupResources=true
[2025.12.18-20.00.42:559][486]LogSlate: InvalidateAllWidgets triggered.  All widgets were invalidated
[2025.12.18-20.00.42:568][486]LogPlayLevel: Display: Shutting down PIE online subsystems
[2025.12.18-20.00.42:571][486]LogSlate: InvalidateAllWidgets triggered.  All widgets were invalidated
[2025.12.18-20.00.42:591][486]LogAudioMixer: FMixerPlatformXAudio2::StopAudioStream() called
[2025.12.18-20.00.42:592][486]LogAudioMixer: FMixerPlatformXAudio2::StopAudioStream() called
[2025.12.18-20.00.42:596][486]LogUObjectHash: Compacting FUObjectHashTables data took   1.59ms
[2025.12.18-20.00.42:661][490]LogPlayLevel: Display: Destroying online subsystem :Context_21
[2025.12.18-20.00.43:878][563]LogTemp: Repeating last play command: New Editor Window (PIE)
[2025.12.18-20.00.43:883][563]LogPlayLevel: PlayLevel: No blueprints needed recompiling
[2025.12.18-20.00.43:883][563]PIE: New page: PIE session: StartMenu (19 дек. 2025 г., 02:00:43)
[2025.12.18-20.00.43:883][563]LogPlayLevel: Creating play world package: /Game/Workplace/Maps/UEDPIE_0_StartMenu
[2025.12.18-20.00.43:884][563]LogPlayLevel: PIE: StaticDuplicateObject took: (0.000965s)
[2025.12.18-20.00.43:885][563]LogAIModule: Creating AISystem for world StartMenu
[2025.12.18-20.00.43:885][563]LogPlayLevel: PIE: World Init took: (0.001369s)
[2025.12.18-20.00.43:885][563]LogPlayLevel: PIE: Created PIE world by copying editor world from /Game/Workplace/Maps/StartMenu.StartMenu to /Game/Workplace/Maps/UEDPIE_0_StartMenu.StartMenu (0.002444s)
[2025.12.18-20.00.43:901][563]LogUObjectHash: Compacting FUObjectHashTables data took   1.57ms
[2025.12.18-20.00.43:901][563]LogAudio: Display: Creating Audio Device:                 Id: 6, Scope: Unique, Realtime: True
[2025.12.18-20.00.43:901][563]LogAudioMixer: Display: Audio Mixer Platform Settings:
[2025.12.18-20.00.43:901][563]LogAudioMixer: Display: 	Sample Rate:						  48000
[2025.12.18-20.00.43:901][563]LogAudioMixer: Display: 	Callback Buffer Frame Size Requested: 1024
[2025.12.18-20.00.43:901][563]LogAudioMixer: Display: 	Callback Buffer Frame Size To Use:	  1024
[2025.12.18-20.00.43:901][563]LogAudioMixer: Display: 	Number of buffers to queue:			  2
[2025.12.18-20.00.43:901][563]LogAudioMixer: Display: 	Max Channels (voices):				  32
[2025.12.18-20.00.43:901][563]LogAudioMixer: Display: 	Number of Async Source Workers:		  0
[2025.12.18-20.00.43:901][563]LogAudio: Display: AudioDevice MaxSources: 32
[2025.12.18-20.00.43:902][563]LogAudio: Display: Audio Spatialization Plugin: None (built-in).
[2025.12.18-20.00.43:902][563]LogAudio: Display: Audio Reverb Plugin: None (built-in).
[2025.12.18-20.00.43:902][563]LogAudio: Display: Audio Occlusion Plugin: None (built-in).
[2025.12.18-20.00.43:902][563]LogAudioMixer: Display: Initializing audio mixer.
[2025.12.18-20.00.43:904][563]LogAudioMixer: Display: 0: FrontLeft
[2025.12.18-20.00.43:904][563]LogAudioMixer: Display: 1: FrontRight
[2025.12.18-20.00.43:912][563]LogAudioMixer: Display: Using Audio Device Динамики (Realtek(R) Audio)
[2025.12.18-20.00.43:912][563]LogAudioMixer: Display: Initializing Sound Submixes...
[2025.12.18-20.00.43:912][563]LogAudioMixer: Display: Creating Master Submix 'MasterSubmixDefault'
[2025.12.18-20.00.43:912][563]LogAudioMixer: Display: Creating Master Submix 'MasterReverbSubmixDefault'
[2025.12.18-20.00.43:913][563]LogAudioMixer: Display: Creating Master Submix 'MasterEQSubmixDefault'
[2025.12.18-20.00.43:913][563]LogAudioMixer: FMixerPlatformXAudio2::StartAudioStream() called
[2025.12.18-20.00.43:913][563]LogAudioMixer: Display: Output buffers initialized: Frames=1024, Channels=2, Samples=2048
[2025.12.18-20.00.43:914][563]LogAudioMixer: Display: Starting AudioMixerPlatformInterface::RunInternal()
[2025.12.18-20.00.43:914][563]LogAudioMixer: Display: FMixerPlatformXAudio2::SubmitBuffer() called for the first time
[2025.12.18-20.00.43:914][563]LogInit: FAudioDevice initialized.
[2025.12.18-20.00.43:914][563]LogAudio: Display: Audio Device (ID: 6) registered with world 'StartMenu'.
[2025.12.18-20.00.43:937][563]LogSlate: Updating window title bar state: overlay mode, drag disabled, window buttons hidden, title bar hidden
[2025.12.18-20.00.43:938][563]LogLoad: Game class is 'BP_GameMode_C'
[2025.12.18-20.00.43:938][563]LogWorld: Bringing World /Game/Workplace/Maps/UEDPIE_0_StartMenu.StartMenu up for play (max tick rate 60) at 2025.12.18-23.00.43
[2025.12.18-20.00.43:938][563]LogWorld: Bringing up level for play took: 0.000344
[2025.12.18-20.00.43:939][563]LogOnline: OSS: Creating online subsystem instance for: :Context_22
[2025.12.18-20.00.43:941][563]LogSpawn: Warning: SpawnActor failed because no class was specified
[2025.12.18-20.00.43:942][563]LogPlayerController: Error: InputMode:UIOnly - Attempting to focus Non-Focusable widget SObjectWidget [Widget.cpp(799)]!
[2025.12.18-20.00.43:942][563]LogViewport: Display: Viewport MouseLockMode Changed, LockOnCapture -> DoNotLock
[2025.12.18-20.00.43:942][563]LogViewport: Display: Viewport MouseCaptureMode Changed, CapturePermanently_IncludingInitialMouseDown -> NoCapture
[2025.12.18-20.00.43:943][563]PIE: Server logged in
[2025.12.18-20.00.43:944][563]PIE: Play in editor total start time 0,062 seconds.
[2025.12.18-20.00.44:979][625]LogViewport: Display: Viewport MouseLockMode Changed, DoNotLock -> LockOnCapture
[2025.12.18-20.00.44:979][625]LogViewport: Display: Viewport MouseCaptureMode Changed, NoCapture -> CapturePermanently
[2025.12.18-20.00.44:980][625]LogNet: Browse: /Game/Workplace/Maps/FirstLevel
[2025.12.18-20.00.44:980][625]LogLoad: LoadMap: /Game/Workplace/Maps/FirstLevel
[2025.12.18-20.00.44:980][625]LogWorld: BeginTearingDown for /Game/Workplace/Maps/UEDPIE_0_StartMenu
[2025.12.18-20.00.44:980][625]LogWorld: UWorld::CleanupWorld for StartMenu, bSessionEnded=true, bCleanupResources=true
[2025.12.18-20.00.44:980][625]LogSlate: InvalidateAllWidgets triggered.  All widgets were invalidated
[2025.12.18-20.00.44:995][625]LogAudio: Display: Audio Device unregistered from world 'None'.
[2025.12.18-20.00.44:997][625]LogUObjectHash: Compacting FUObjectHashTables data took   1.62ms
[2025.12.18-20.00.45:018][625]LogAudio: Display: Audio Device (ID: 6) registered with world 'FirstLevel'.
[2025.12.18-20.00.45:019][625]LogAIModule: Creating AISystem for world FirstLevel
[2025.12.18-20.00.45:019][625]LogLoad: Game class is 'BP_GameMode_C'
[2025.12.18-20.00.45:026][625]LogWorld: Bringing World /Game/Workplace/Maps/UEDPIE_0_FirstLevel.FirstLevel up for play (max tick rate 60) at 2025.12.18-23.00.45
[2025.12.18-20.00.45:026][625]LogWorld: Bringing up level for play took: 0.006463
[2025.12.18-20.00.45:027][625]LogSpawn: Warning: SpawnActor failed because no class was specified
[2025.12.18-20.00.45:028][625]LogLoad: Took 0.048023 seconds to LoadMap(/Game/Workplace/Maps/FirstLevel)
[2025.12.18-20.00.52:336][ 60]LogBlueprintUserMessages: [BP_3DPrinter_6] 1
[2025.12.18-20.01.00:536][552]LogBlueprintUserMessages: [BP_3DPrinter_6] 2
[2025.12.18-20.01.09:187][ 71]LogBlueprintUserMessages: [BP_3DPrinter_6] 3
[2025.12.18-20.01.21:888][828]LogBlueprintUserMessages: [BP_3DPrinter_6] 4
[2025.12.18-20.01.43:539][123]LogSlate: Updating window title bar state: overlay mode, drag disabled, window buttons hidden, title bar hidden
[2025.12.18-20.01.43:539][123]LogWorld: BeginTearingDown for /Game/Workplace/Maps/UEDPIE_0_FirstLevel
[2025.12.18-20.01.43:539][123]LogSlate: Window 'Mini_laboratory Preview [NetMode: Standalone]  (64-bit/Windows) ' being destroyed
[2025.12.18-20.01.43:543][123]LogWorld: UWorld::CleanupWorld for FirstLevel, bSessionEnded=true, bCleanupResources=true
[2025.12.18-20.01.43:544][123]LogSlate: InvalidateAllWidgets triggered.  All widgets were invalidated
[2025.12.18-20.01.43:550][123]LogPlayLevel: Display: Shutting down PIE online subsystems
[2025.12.18-20.01.43:553][123]LogSlate: InvalidateAllWidgets triggered.  All widgets were invalidated
[2025.12.18-20.01.43:570][123]LogAudioMixer: FMixerPlatformXAudio2::StopAudioStream() called
[2025.12.18-20.01.43:571][123]LogAudioMixer: FMixerPlatformXAudio2::StopAudioStream() called
[2025.12.18-20.01.43:576][123]LogUObjectHash: Compacting FUObjectHashTables data took   1.55ms
[2025.12.18-20.01.43:620][126]LogPlayLevel: Display: Destroying online subsystem :Context_22
[2025.12.18-20.01.46:720][307]LogUObjectHash: Compacting FUObjectHashTables data took   1.51ms
[2025.12.18-20.02.08:992][372]LogAssetEditorSubsystem: Opening Asset editor for Blueprint /Game/Workplace/Blueprints/GlobalVariables.GlobalVariables
[2025.12.18-20.02.32:528][745]LogAssetEditorSubsystem: Opening Asset editor for Blueprint /Game/Workplace/Blueprints/BP_ObjectsTable.BP_ObjectsTable
[2025.12.18-20.02.37:635][ 27]BlueprintLog: New page: Compile BP_ObjectsTable
[2025.12.18-20.02.37:680][ 27]LogUObjectHash: Compacting FUObjectHashTables data took   1.79ms
[2025.12.18-20.02.38:156][ 45]LogSavePackage: Moving '../../../../../../WORKPLACE/Mini_laboratory/MEPhI_VR_term_1/Mini_laboratory/Saved/BP_ObjectsTableE3C0E80248BE70236CB32B899412E10B.tmp' to '../../../../../../WORKPLACE/Mini_laboratory/MEPhI_VR_term_1/Mini_laboratory/Content/Workplace/Blueprints/BP_ObjectsTable.uasset'
[2025.12.18-20.02.38:173][ 45]AssetCheck: New page: Asset Save: BP_ObjectsTable
[2025.12.18-20.02.38:173][ 45]LogContentValidation: Display: Validating Blueprint /Game/Workplace/Blueprints/BP_ObjectsTable.BP_ObjectsTable
[2025.12.18-20.02.38:544][ 68]BlueprintLog: New page: Compile BP_ObjectsTable
[2025.12.18-20.02.38:589][ 68]LogUObjectHash: Compacting FUObjectHashTables data took   2.21ms
[2025.12.18-20.02.39:316][103]LogSavePackage: Moving '../../../../../../WORKPLACE/Mini_laboratory/MEPhI_VR_term_1/Mini_laboratory/Saved/BP_ObjectsTableAC0708084EC6F36DF5310BB71713977D.tmp' to '../../../../../../WORKPLACE/Mini_laboratory/MEPhI_VR_term_1/Mini_laboratory/Content/Workplace/Blueprints/BP_ObjectsTable.uasset'
[2025.12.18-20.02.39:333][103]AssetCheck: New page: Asset Save: BP_ObjectsTable
[2025.12.18-20.02.39:333][103]LogContentValidation: Display: Validating Blueprint /Game/Workplace/Blueprints/BP_ObjectsTable.BP_ObjectsTable
[2025.12.18-20.02.39:693][125]BlueprintLog: New page: Compile BP_ObjectsTable
[2025.12.18-20.02.39:737][125]LogUObjectHash: Compacting FUObjectHashTables data took   2.15ms
[2025.12.18-20.02.40:114][137]LogSavePackage: Moving '../../../../../../WORKPLACE/Mini_laboratory/MEPhI_VR_term_1/Mini_laboratory/Saved/BP_ObjectsTable6BAF9F074FE133532E01A2A7697CA707.tmp' to '../../../../../../WORKPLACE/Mini_laboratory/MEPhI_VR_term_1/Mini_laboratory/Content/Workplace/Blueprints/BP_ObjectsTable.uasset'
[2025.12.18-20.02.40:129][137]AssetCheck: New page: Asset Save: BP_ObjectsTable
[2025.12.18-20.02.40:129][137]LogContentValidation: Display: Validating Blueprint /Game/Workplace/Blueprints/BP_ObjectsTable.BP_ObjectsTable
[2025.12.18-20.02.40:489][159]BlueprintLog: New page: Compile BP_ObjectsTable
[2025.12.18-20.02.40:532][159]LogUObjectHash: Compacting FUObjectHashTables data took   2.30ms
[2025.12.18-20.02.41:222][195]BlueprintLog: New page: Compile BP_ObjectsTable
[2025.12.18-20.02.41:266][195]LogUObjectHash: Compacting FUObjectHashTables data took   2.38ms
[2025.12.18-20.02.41:676][211]LogSavePackage: Moving '../../../../../../WORKPLACE/Mini_laboratory/MEPhI_VR_term_1/Mini_laboratory/Saved/BP_ObjectsTableB7789DAE4405976BA2C55D8B06BFBC72.tmp' to '../../../../../../WORKPLACE/Mini_laboratory/MEPhI_VR_term_1/Mini_laboratory/Content/Workplace/Blueprints/BP_ObjectsTable.uasset'
[2025.12.18-20.02.41:692][211]AssetCheck: New page: Asset Save: BP_ObjectsTable
[2025.12.18-20.02.41:692][211]LogContentValidation: Display: Validating Blueprint /Game/Workplace/Blueprints/BP_ObjectsTable.BP_ObjectsTable
[2025.12.18-20.02.41:969][228]BlueprintLog: New page: Compile BP_ObjectsTable
[2025.12.18-20.02.42:014][228]LogUObjectHash: Compacting FUObjectHashTables data took   2.32ms
[2025.12.18-20.02.42:408][243]LogSavePackage: Moving '../../../../../../WORKPLACE/Mini_laboratory/MEPhI_VR_term_1/Mini_laboratory/Saved/BP_ObjectsTable95B7CC58462EE32F8A1777A44F1668DE.tmp' to '../../../../../../WORKPLACE/Mini_laboratory/MEPhI_VR_term_1/Mini_laboratory/Content/Workplace/Blueprints/BP_ObjectsTable.uasset'
[2025.12.18-20.02.42:424][243]AssetCheck: New page: Asset Save: BP_ObjectsTable
[2025.12.18-20.02.42:424][243]LogContentValidation: Display: Validating Blueprint /Game/Workplace/Blueprints/BP_ObjectsTable.BP_ObjectsTable
[2025.12.18-20.02.42:647][257]BlueprintLog: New page: Compile BP_ObjectsTable
[2025.12.18-20.02.42:691][257]LogUObjectHash: Compacting FUObjectHashTables data took   2.28ms
[2025.12.18-20.02.43:039][269]LogSavePackage: Moving '../../../../../../WORKPLACE/Mini_laboratory/MEPhI_VR_term_1/Mini_laboratory/Saved/BP_ObjectsTable78EF0DB44CD62FB7E886AE9B053918E9.tmp' to '../../../../../../WORKPLACE/Mini_laboratory/MEPhI_VR_term_1/Mini_laboratory/Content/Workplace/Blueprints/BP_ObjectsTable.uasset'
[2025.12.18-20.02.43:054][269]AssetCheck: New page: Asset Save: BP_ObjectsTable
[2025.12.18-20.02.43:054][269]LogContentValidation: Display: Validating Blueprint /Game/Workplace/Blueprints/BP_ObjectsTable.BP_ObjectsTable
[2025.12.18-20.02.44:758][372]BlueprintLog: New page: Compile BP_ObjectsTable
[2025.12.18-20.02.44:806][372]LogUObjectHash: Compacting FUObjectHashTables data took   2.39ms
[2025.12.18-20.02.45:199][386]LogSavePackage: Moving '../../../../../../WORKPLACE/Mini_laboratory/MEPhI_VR_term_1/Mini_laboratory/Saved/BP_ObjectsTableCE4F10684E0D780689B91AAF0398EE7D.tmp' to '../../../../../../WORKPLACE/Mini_laboratory/MEPhI_VR_term_1/Mini_laboratory/Content/Workplace/Blueprints/BP_ObjectsTable.uasset'
[2025.12.18-20.02.45:215][386]AssetCheck: New page: Asset Save: BP_ObjectsTable
[2025.12.18-20.02.45:215][386]LogContentValidation: Display: Validating Blueprint /Game/Workplace/Blueprints/BP_ObjectsTable.BP_ObjectsTable
[2025.12.18-20.02.46:912][486]LogWorld: UWorld::CleanupWorld for World_18, bSessionEnded=true, bCleanupResources=true
[2025.12.18-20.02.46:912][486]LogSlate: InvalidateAllWidgets triggered.  All widgets were invalidated
[2025.12.18-20.02.48:084][551]BlueprintLog: New page: Compile GlobalVariables
[2025.12.18-20.02.48:117][551]LogUObjectHash: Compacting FUObjectHashTables data took   2.23ms
[2025.12.18-20.02.48:503][571]LogSavePackage: Moving '../../../../../../WORKPLACE/Mini_laboratory/MEPhI_VR_term_1/Mini_laboratory/Saved/GlobalVariablesE35426564FDEA39F591B1D8A15DEBFD6.tmp' to '../../../../../../WORKPLACE/Mini_laboratory/MEPhI_VR_term_1/Mini_laboratory/Content/Workplace/Blueprints/GlobalVariables.uasset'
[2025.12.18-20.02.48:531][571]AssetCheck: New page: Asset Save: GlobalVariables
[2025.12.18-20.02.48:531][571]LogContentValidation: Display: Validating Blueprint /Game/Workplace/Blueprints/GlobalVariables.GlobalVariables
[2025.12.18-20.03.00:421][285]BlueprintLog: New page: Compile GlobalVariables
[2025.12.18-20.03.00:453][285]LogUObjectHash: Compacting FUObjectHashTables data took   2.30ms
[2025.12.18-20.03.00:904][309]LogSavePackage: Moving '../../../../../../WORKPLACE/Mini_laboratory/MEPhI_VR_term_1/Mini_laboratory/Saved/GlobalVariables0BBFA7724958B5CA6CBA7D9D61A61E75.tmp' to '../../../../../../WORKPLACE/Mini_laboratory/MEPhI_VR_term_1/Mini_laboratory/Content/Workplace/Blueprints/GlobalVariables.uasset'
[2025.12.18-20.03.00:918][309]AssetCheck: New page: Asset Save: GlobalVariables
[2025.12.18-20.03.00:919][309]LogContentValidation: Display: Validating Blueprint /Game/Workplace/Blueprints/GlobalVariables.GlobalVariables
[2025.12.18-20.03.12:053][977]BlueprintLog: New page: Compile GlobalVariables
[2025.12.18-20.03.12:086][977]LogUObjectHash: Compacting FUObjectHashTables data took   2.28ms
[2025.12.18-20.03.12:505][  0]LogSavePackage: Moving '../../../../../../WORKPLACE/Mini_laboratory/MEPhI_VR_term_1/Mini_laboratory/Saved/GlobalVariables622319DA4629258B68A63B8D35F8A48D.tmp' to '../../../../../../WORKPLACE/Mini_laboratory/MEPhI_VR_term_1/Mini_laboratory/Content/Workplace/Blueprints/GlobalVariables.uasset'
[2025.12.18-20.03.12:519][  0]AssetCheck: New page: Asset Save: GlobalVariables
[2025.12.18-20.03.12:519][  0]LogContentValidation: Display: Validating Blueprint /Game/Workplace/Blueprints/GlobalVariables.GlobalVariables
[2025.12.18-20.03.12:935][ 25]BlueprintLog: New page: Compile GlobalVariables
[2025.12.18-20.03.12:966][ 25]LogUObjectHash: Compacting FUObjectHashTables data took   2.26ms
[2025.12.18-20.03.13:353][ 45]LogSavePackage: Moving '../../../../../../WORKPLACE/Mini_laboratory/MEPhI_VR_term_1/Mini_laboratory/Saved/GlobalVariablesD587C4FB414AC88F167EC5AAA1DC09D4.tmp' to '../../../../../../WORKPLACE/Mini_laboratory/MEPhI_VR_term_1/Mini_laboratory/Content/Workplace/Blueprints/GlobalVariables.uasset'
[2025.12.18-20.03.13:371][ 45]AssetCheck: New page: Asset Save: GlobalVariables
[2025.12.18-20.03.13:371][ 45]LogContentValidation: Display: Validating Blueprint /Game/Workplace/Blueprints/GlobalVariables.GlobalVariables
[2025.12.18-20.03.13:745][ 68]BlueprintLog: New page: Compile GlobalVariables
[2025.12.18-20.03.13:778][ 68]LogUObjectHash: Compacting FUObjectHashTables data took   2.24ms
[2025.12.18-20.03.14:133][ 87]LogSavePackage: Moving '../../../../../../WORKPLACE/Mini_laboratory/MEPhI_VR_term_1/Mini_laboratory/Saved/GlobalVariablesC9A7CF6543406DA8215404AB6F841F6A.tmp' to '../../../../../../WORKPLACE/Mini_laboratory/MEPhI_VR_term_1/Mini_laboratory/Content/Workplace/Blueprints/GlobalVariables.uasset'
[2025.12.18-20.03.14:147][ 87]AssetCheck: New page: Asset Save: GlobalVariables
[2025.12.18-20.03.14:147][ 87]LogContentValidation: Display: Validating Blueprint /Game/Workplace/Blueprints/GlobalVariables.GlobalVariables
[2025.12.18-20.03.14:452][106]BlueprintLog: New page: Compile GlobalVariables
[2025.12.18-20.03.14:482][106]LogUObjectHash: Compacting FUObjectHashTables data took   2.21ms
[2025.12.18-20.03.14:816][124]LogSavePackage: Moving '../../../../../../WORKPLACE/Mini_laboratory/MEPhI_VR_term_1/Mini_laboratory/Saved/GlobalVariables116DC6A4442B397E475F228258FE657F.tmp' to '../../../../../../WORKPLACE/Mini_laboratory/MEPhI_VR_term_1/Mini_laboratory/Content/Workplace/Blueprints/GlobalVariables.uasset'
[2025.12.18-20.03.14:830][124]AssetCheck: New page: Asset Save: GlobalVariables
[2025.12.18-20.03.14:830][124]LogContentValidation: Display: Validating Blueprint /Game/Workplace/Blueprints/GlobalVariables.GlobalVariables
[2025.12.18-20.03.15:150][144]BlueprintLog: New page: Compile GlobalVariables
[2025.12.18-20.03.15:181][144]LogUObjectHash: Compacting FUObjectHashTables data took   2.24ms
[2025.12.18-20.03.15:826][182]BlueprintLog: New page: Compile GlobalVariables
[2025.12.18-20.03.15:858][182]LogUObjectHash: Compacting FUObjectHashTables data took   2.24ms
[2025.12.18-20.05.15:316][907]BlueprintLog: New page: Compile GlobalVariables
[2025.12.18-20.05.15:402][907]LogUObjectHash: Compacting FUObjectHashTables data took   2.33ms
[2025.12.18-20.05.15:918][935]LogSavePackage: Moving '../../../../../../WORKPLACE/Mini_laboratory/MEPhI_VR_term_1/Mini_laboratory/Saved/GlobalVariablesA56116E84D5F73CFF1945FBC4B27E204.tmp' to '../../../../../../WORKPLACE/Mini_laboratory/MEPhI_VR_term_1/Mini_laboratory/Content/Workplace/Blueprints/GlobalVariables.uasset'
[2025.12.18-20.05.15:934][935]AssetCheck: New page: Asset Save: GlobalVariables
[2025.12.18-20.05.15:934][935]LogContentValidation: Display: Validating Blueprint /Game/Workplace/Blueprints/GlobalVariables.GlobalVariables
[2025.12.18-20.06.09:201][ 90]BlueprintLog: New page: Compile GlobalVariables
[2025.12.18-20.06.09:234][ 90]LogUObjectHash: Compacting FUObjectHashTables data took   2.15ms
[2025.12.18-20.06.09:722][116]LogSavePackage: Moving '../../../../../../WORKPLACE/Mini_laboratory/MEPhI_VR_term_1/Mini_laboratory/Saved/GlobalVariablesC0F515E34E23A8040F84198DE12F5145.tmp' to '../../../../../../WORKPLACE/Mini_laboratory/MEPhI_VR_term_1/Mini_laboratory/Content/Workplace/Blueprints/GlobalVariables.uasset'
[2025.12.18-20.06.09:737][116]AssetCheck: New page: Asset Save: GlobalVariables
[2025.12.18-20.06.09:737][116]LogContentValidation: Display: Validating Blueprint /Game/Workplace/Blueprints/GlobalVariables.GlobalVariables
[2025.12.18-20.08.23:421][876]BlueprintLog: New page: Compile GlobalVariables
[2025.12.18-20.08.23:454][876]LogUObjectHash: Compacting FUObjectHashTables data took   2.30ms
[2025.12.18-20.08.23:923][901]LogSavePackage: Moving '../../../../../../WORKPLACE/Mini_laboratory/MEPhI_VR_term_1/Mini_laboratory/Saved/GlobalVariablesBB81B65848B8AE182BB90A9429879A13.tmp' to '../../../../../../WORKPLACE/Mini_laboratory/MEPhI_VR_term_1/Mini_laboratory/Content/Workplace/Blueprints/GlobalVariables.uasset'
[2025.12.18-20.08.23:963][901]AssetCheck: New page: Asset Save: GlobalVariables
[2025.12.18-20.08.23:963][901]LogContentValidation: Display: Validating Blueprint /Game/Workplace/Blueprints/GlobalVariables.GlobalVariables
[2025.12.18-20.08.32:553][408]BlueprintLog: New page: Compile GlobalVariables
[2025.12.18-20.08.32:585][408]LogUObjectHash: Compacting FUObjectHashTables data took   2.13ms
[2025.12.18-20.08.33:131][438]LogSavePackage: Moving '../../../../../../WORKPLACE/Mini_laboratory/MEPhI_VR_term_1/Mini_laboratory/Saved/GlobalVariablesDC485D5D4B1F2A6999340CB2118821F1.tmp' to '../../../../../../WORKPLACE/Mini_laboratory/MEPhI_VR_term_1/Mini_laboratory/Content/Workplace/Blueprints/GlobalVariables.uasset'
[2025.12.18-20.08.33:146][438]AssetCheck: New page: Asset Save: GlobalVariables
[2025.12.18-20.08.33:146][438]LogContentValidation: Display: Validating Blueprint /Game/Workplace/Blueprints/GlobalVariables.GlobalVariables
[2025.12.18-20.08.39:074][786]BlueprintLog: New page: Compile GlobalVariables
[2025.12.18-20.08.39:105][786]LogUObjectHash: Compacting FUObjectHashTables data took   2.14ms
[2025.12.18-20.08.39:629][815]LogSavePackage: Moving '../../../../../../WORKPLACE/Mini_laboratory/MEPhI_VR_term_1/Mini_laboratory/Saved/GlobalVariables4B4CEE074622A1AE8FA9F5B2A2BAAD50.tmp' to '../../../../../../WORKPLACE/Mini_laboratory/MEPhI_VR_term_1/Mini_laboratory/Content/Workplace/Blueprints/GlobalVariables.uasset'
[2025.12.18-20.08.39:644][815]AssetCheck: New page: Asset Save: GlobalVariables
[2025.12.18-20.08.39:644][815]LogContentValidation: Display: Validating Blueprint /Game/Workplace/Blueprints/GlobalVariables.GlobalVariables
[2025.12.18-20.08.48:964][362]BlueprintLog: New page: Compile GlobalVariables
[2025.12.18-20.08.48:995][362]LogUObjectHash: Compacting FUObjectHashTables data took   2.34ms
[2025.12.18-20.08.49:752][405]LogSavePackage: Moving '../../../../../../WORKPLACE/Mini_laboratory/MEPhI_VR_term_1/Mini_laboratory/Saved/GlobalVariablesFB98B0854A91ADD71DA51384B034F5F8.tmp' to '../../../../../../WORKPLACE/Mini_laboratory/MEPhI_VR_term_1/Mini_laboratory/Content/Workplace/Blueprints/GlobalVariables.uasset'
[2025.12.18-20.08.49:766][405]AssetCheck: New page: Asset Save: GlobalVariables
[2025.12.18-20.08.49:766][405]LogContentValidation: Display: Validating Blueprint /Game/Workplace/Blueprints/GlobalVariables.GlobalVariables
[2025.12.18-20.09.14:029][845]BlueprintLog: New page: Compile GlobalVariables
[2025.12.18-20.09.14:061][845]LogUObjectHash: Compacting FUObjectHashTables data took   2.29ms
[2025.12.18-20.09.14:501][869]LogSavePackage: Moving '../../../../../../WORKPLACE/Mini_laboratory/MEPhI_VR_term_1/Mini_laboratory/Saved/GlobalVariables6CDE0E74401E8985C8D6A58E187E4E8B.tmp' to '../../../../../../WORKPLACE/Mini_laboratory/MEPhI_VR_term_1/Mini_laboratory/Content/Workplace/Blueprints/GlobalVariables.uasset'
[2025.12.18-20.09.14:518][869]AssetCheck: New page: Asset Save: GlobalVariables
[2025.12.18-20.09.14:518][869]LogContentValidation: Display: Validating Blueprint /Game/Workplace/Blueprints/GlobalVariables.GlobalVariables
[2025.12.18-20.09.15:001][898]BlueprintLog: New page: Compile GlobalVariables
[2025.12.18-20.09.15:032][898]LogUObjectHash: Compacting FUObjectHashTables data took   2.23ms
[2025.12.18-20.09.15:432][920]LogSavePackage: Moving '../../../../../../WORKPLACE/Mini_laboratory/MEPhI_VR_term_1/Mini_laboratory/Saved/GlobalVariables6362945149AF69B972750D9A865A2416.tmp' to '../../../../../../WORKPLACE/Mini_laboratory/MEPhI_VR_term_1/Mini_laboratory/Content/Workplace/Blueprints/GlobalVariables.uasset'
[2025.12.18-20.09.15:446][920]AssetCheck: New page: Asset Save: GlobalVariables
[2025.12.18-20.09.15:446][920]LogContentValidation: Display: Validating Blueprint /Game/Workplace/Blueprints/GlobalVariables.GlobalVariables
[2025.12.18-20.09.15:830][943]BlueprintLog: New page: Compile GlobalVariables
[2025.12.18-20.09.15:862][943]LogUObjectHash: Compacting FUObjectHashTables data took   2.17ms
[2025.12.18-20.09.16:280][965]LogSavePackage: Moving '../../../../../../WORKPLACE/Mini_laboratory/MEPhI_VR_term_1/Mini_laboratory/Saved/GlobalVariables4032240E4DDDE29541ABB19EFBFC4665.tmp' to '../../../../../../WORKPLACE/Mini_laboratory/MEPhI_VR_term_1/Mini_laboratory/Content/Workplace/Blueprints/GlobalVariables.uasset'
[2025.12.18-20.09.16:296][965]AssetCheck: New page: Asset Save: GlobalVariables
[2025.12.18-20.09.16:296][965]LogContentValidation: Display: Validating Blueprint /Game/Workplace/Blueprints/GlobalVariables.GlobalVariables
[2025.12.18-20.09.24:823][473]BlueprintLog: New page: Compile GlobalVariables
[2025.12.18-20.09.24:854][473]LogUObjectHash: Compacting FUObjectHashTables data took   2.16ms
[2025.12.18-20.09.25:255][494]LogSavePackage: Moving '../../../../../../WORKPLACE/Mini_laboratory/MEPhI_VR_term_1/Mini_laboratory/Saved/GlobalVariables98611C1343D2BC9E09566FB2EEFC7829.tmp' to '../../../../../../WORKPLACE/Mini_laboratory/MEPhI_VR_term_1/Mini_laboratory/Content/Workplace/Blueprints/GlobalVariables.uasset'
[2025.12.18-20.09.25:270][494]AssetCheck: New page: Asset Save: GlobalVariables
[2025.12.18-20.09.25:270][494]LogContentValidation: Display: Validating Blueprint /Game/Workplace/Blueprints/GlobalVariables.GlobalVariables
[2025.12.18-20.09.47:261][810]BlueprintLog: New page: Compile GlobalVariables
[2025.12.18-20.09.47:293][810]LogUObjectHash: Compacting FUObjectHashTables data took   2.24ms
[2025.12.18-20.09.47:829][839]LogSavePackage: Moving '../../../../../../WORKPLACE/Mini_laboratory/MEPhI_VR_term_1/Mini_laboratory/Saved/GlobalVariables840910434C94CCFF019A40ACD96534B2.tmp' to '../../../../../../WORKPLACE/Mini_laboratory/MEPhI_VR_term_1/Mini_laboratory/Content/Workplace/Blueprints/GlobalVariables.uasset'
[2025.12.18-20.09.47:844][839]AssetCheck: New page: Asset Save: GlobalVariables
[2025.12.18-20.09.47:844][839]LogContentValidation: Display: Validating Blueprint /Game/Workplace/Blueprints/GlobalVariables.GlobalVariables
[2025.12.18-20.09.48:244][863]BlueprintLog: New page: Compile GlobalVariables
[2025.12.18-20.09.48:275][863]LogUObjectHash: Compacting FUObjectHashTables data took   2.22ms
[2025.12.18-20.09.48:592][879]LogSavePackage: Moving '../../../../../../WORKPLACE/Mini_laboratory/MEPhI_VR_term_1/Mini_laboratory/Saved/GlobalVariables269440394F4790B76FD6789EEBB21CB3.tmp' to '../../../../../../WORKPLACE/Mini_laboratory/MEPhI_VR_term_1/Mini_laboratory/Content/Workplace/Blueprints/GlobalVariables.uasset'
[2025.12.18-20.09.48:608][879]AssetCheck: New page: Asset Save: GlobalVariables
[2025.12.18-20.09.48:608][879]LogContentValidation: Display: Validating Blueprint /Game/Workplace/Blueprints/GlobalVariables.GlobalVariables
[2025.12.18-20.10.00:556][584]BlueprintLog: New page: Compile GlobalVariables
[2025.12.18-20.10.00:588][584]LogUObjectHash: Compacting FUObjectHashTables data took   2.26ms
[2025.12.18-20.10.01:107][613]LogSavePackage: Moving '../../../../../../WORKPLACE/Mini_laboratory/MEPhI_VR_term_1/Mini_laboratory/Saved/GlobalVariables084491064B36EE18A995DC9F73AB71CA.tmp' to '../../../../../../WORKPLACE/Mini_laboratory/MEPhI_VR_term_1/Mini_laboratory/Content/Workplace/Blueprints/GlobalVariables.uasset'
[2025.12.18-20.10.01:122][613]AssetCheck: New page: Asset Save: GlobalVariables
[2025.12.18-20.10.01:122][613]LogContentValidation: Display: Validating Blueprint /Game/Workplace/Blueprints/GlobalVariables.GlobalVariables
[2025.12.18-20.10.01:503][636]BlueprintLog: New page: Compile GlobalVariables
[2025.12.18-20.10.01:537][636]LogUObjectHash: Compacting FUObjectHashTables data took   2.23ms
[2025.12.18-20.10.01:938][658]LogSavePackage: Moving '../../../../../../WORKPLACE/Mini_laboratory/MEPhI_VR_term_1/Mini_laboratory/Saved/GlobalVariablesB19EE4D84917A6BF274D22BACADA136C.tmp' to '../../../../../../WORKPLACE/Mini_laboratory/MEPhI_VR_term_1/Mini_laboratory/Content/Workplace/Blueprints/GlobalVariables.uasset'
[2025.12.18-20.10.01:955][658]AssetCheck: New page: Asset Save: GlobalVariables
[2025.12.18-20.10.01:955][658]LogContentValidation: Display: Validating Blueprint /Game/Workplace/Blueprints/GlobalVariables.GlobalVariables
[2025.12.18-20.10.02:873][713]LogWorld: UWorld::CleanupWorld for World_17, bSessionEnded=true, bCleanupResources=true
[2025.12.18-20.10.02:873][713]LogSlate: InvalidateAllWidgets triggered.  All widgets were invalidated
[2025.12.18-20.10.03:932][774]LogTemp: Repeating last play command: New Editor Window (PIE)
[2025.12.18-20.10.03:937][774]LogPlayLevel: PlayLevel: No blueprints needed recompiling
[2025.12.18-20.10.03:937][774]PIE: New page: PIE session: StartMenu (19 дек. 2025 г., 02:10:03)
[2025.12.18-20.10.03:937][774]LogPlayLevel: Creating play world package: /Game/Workplace/Maps/UEDPIE_0_StartMenu
[2025.12.18-20.10.03:938][774]LogPlayLevel: PIE: StaticDuplicateObject took: (0.000950s)
[2025.12.18-20.10.03:939][774]LogAIModule: Creating AISystem for world StartMenu
[2025.12.18-20.10.03:939][774]LogPlayLevel: PIE: World Init took: (0.001091s)
[2025.12.18-20.10.03:939][774]LogPlayLevel: PIE: Created PIE world by copying editor world from /Game/Workplace/Maps/StartMenu.StartMenu to /Game/Workplace/Maps/UEDPIE_0_StartMenu.StartMenu (0.002159s)
[2025.12.18-20.10.03:962][774]LogUObjectHash: Compacting FUObjectHashTables data took   2.24ms
[2025.12.18-20.10.03:962][774]LogAudio: Display: Creating Audio Device:                 Id: 7, Scope: Unique, Realtime: True
[2025.12.18-20.10.03:962][774]LogAudioMixer: Display: Audio Mixer Platform Settings:
[2025.12.18-20.10.03:962][774]LogAudioMixer: Display: 	Sample Rate:						  48000
[2025.12.18-20.10.03:962][774]LogAudioMixer: Display: 	Callback Buffer Frame Size Requested: 1024
[2025.12.18-20.10.03:962][774]LogAudioMixer: Display: 	Callback Buffer Frame Size To Use:	  1024
[2025.12.18-20.10.03:962][774]LogAudioMixer: Display: 	Number of buffers to queue:			  2
[2025.12.18-20.10.03:962][774]LogAudioMixer: Display: 	Max Channels (voices):				  32
[2025.12.18-20.10.03:962][774]LogAudioMixer: Display: 	Number of Async Source Workers:		  0
[2025.12.18-20.10.03:962][774]LogAudio: Display: AudioDevice MaxSources: 32
[2025.12.18-20.10.03:963][774]LogAudio: Display: Audio Spatialization Plugin: None (built-in).
[2025.12.18-20.10.03:963][774]LogAudio: Display: Audio Reverb Plugin: None (built-in).
[2025.12.18-20.10.03:963][774]LogAudio: Display: Audio Occlusion Plugin: None (built-in).
[2025.12.18-20.10.03:963][774]LogAudioMixer: Display: Initializing audio mixer.
[2025.12.18-20.10.03:965][774]LogAudioMixer: Display: 0: FrontLeft
[2025.12.18-20.10.03:965][774]LogAudioMixer: Display: 1: FrontRight
[2025.12.18-20.10.03:975][774]LogAudioMixer: Display: Using Audio Device Динамики (Realtek(R) Audio)
[2025.12.18-20.10.03:975][774]LogAudioMixer: Display: Initializing Sound Submixes...
[2025.12.18-20.10.03:976][774]LogAudioMixer: Display: Creating Master Submix 'MasterSubmixDefault'
[2025.12.18-20.10.03:976][774]LogAudioMixer: Display: Creating Master Submix 'MasterReverbSubmixDefault'
[2025.12.18-20.10.03:976][774]LogAudioMixer: Display: Creating Master Submix 'MasterEQSubmixDefault'
[2025.12.18-20.10.03:976][774]LogAudioMixer: FMixerPlatformXAudio2::StartAudioStream() called
[2025.12.18-20.10.03:976][774]LogAudioMixer: Display: Output buffers initialized: Frames=1024, Channels=2, Samples=2048
[2025.12.18-20.10.03:978][774]LogAudioMixer: Display: Starting AudioMixerPlatformInterface::RunInternal()
[2025.12.18-20.10.03:978][774]LogAudioMixer: Display: FMixerPlatformXAudio2::SubmitBuffer() called for the first time
[2025.12.18-20.10.03:978][774]LogInit: FAudioDevice initialized.
[2025.12.18-20.10.03:978][774]LogAudio: Display: Audio Device (ID: 7) registered with world 'StartMenu'.
[2025.12.18-20.10.04:033][774]LogSlate: Updating window title bar state: overlay mode, drag disabled, window buttons hidden, title bar hidden
[2025.12.18-20.10.04:033][774]LogLoad: Game class is 'BP_GameMode_C'
[2025.12.18-20.10.04:034][774]LogWorld: Bringing World /Game/Workplace/Maps/UEDPIE_0_StartMenu.StartMenu up for play (max tick rate 60) at 2025.12.18-23.10.04
[2025.12.18-20.10.04:034][774]LogWorld: Bringing up level for play took: 0.000313
[2025.12.18-20.10.04:034][774]LogOnline: OSS: Creating online subsystem instance for: :Context_25
[2025.12.18-20.10.04:036][774]LogSpawn: Warning: SpawnActor failed because no class was specified
[2025.12.18-20.10.04:038][774]LogPlayerController: Error: InputMode:UIOnly - Attempting to focus Non-Focusable widget SObjectWidget [Widget.cpp(799)]!
[2025.12.18-20.10.04:038][774]LogViewport: Display: Viewport MouseLockMode Changed, LockOnCapture -> DoNotLock
[2025.12.18-20.10.04:038][774]LogViewport: Display: Viewport MouseCaptureMode Changed, CapturePermanently_IncludingInitialMouseDown -> NoCapture
[2025.12.18-20.10.04:039][774]PIE: Server logged in
[2025.12.18-20.10.04:040][774]PIE: Play in editor total start time 0,103 seconds.
[2025.12.18-20.10.04:915][826]LogViewport: Display: Viewport MouseLockMode Changed, DoNotLock -> LockOnCapture
[2025.12.18-20.10.04:916][826]LogViewport: Display: Viewport MouseCaptureMode Changed, NoCapture -> CapturePermanently
[2025.12.18-20.10.04:916][826]LogNet: Browse: /Game/Workplace/Maps/FirstLevel
[2025.12.18-20.10.04:916][826]LogLoad: LoadMap: /Game/Workplace/Maps/FirstLevel
[2025.12.18-20.10.04:916][826]LogWorld: BeginTearingDown for /Game/Workplace/Maps/UEDPIE_0_StartMenu
[2025.12.18-20.10.04:916][826]LogWorld: UWorld::CleanupWorld for StartMenu, bSessionEnded=true, bCleanupResources=true
[2025.12.18-20.10.04:917][826]LogSlate: InvalidateAllWidgets triggered.  All widgets were invalidated
[2025.12.18-20.10.04:952][826]LogAudio: Display: Audio Device unregistered from world 'None'.
[2025.12.18-20.10.04:954][826]LogUObjectHash: Compacting FUObjectHashTables data took   1.78ms
[2025.12.18-20.10.04:977][826]LogAudio: Display: Audio Device (ID: 7) registered with world 'FirstLevel'.
[2025.12.18-20.10.04:978][826]LogAIModule: Creating AISystem for world FirstLevel
[2025.12.18-20.10.04:978][826]LogLoad: Game class is 'BP_GameMode_C'
[2025.12.18-20.10.04:985][826]LogWorld: Bringing World /Game/Workplace/Maps/UEDPIE_0_FirstLevel.FirstLevel up for play (max tick rate 60) at 2025.12.18-23.10.04
[2025.12.18-20.10.04:985][826]LogWorld: Bringing up level for play took: 0.006383
[2025.12.18-20.10.04:985][826]LogSpawn: Warning: SpawnActor failed because no class was specified
[2025.12.18-20.10.04:986][826]LogLoad: Took 0.070430 seconds to LoadMap(/Game/Workplace/Maps/FirstLevel)
[2025.12.18-20.10.13:253][322]LogBlueprintUserMessages: [BP_3DPrinter_6] 1
[2025.12.18-20.10.24:337][987]LogBlueprintUserMessages: [BP_3DPrinter_6] 2
[2025.12.18-20.10.33:145][515]LogBlueprintUserMessages: [BP_3DPrinter_6] 3
[2025.12.18-20.10.40:062][930]LogBlueprintUserMessages: [BP_3DPrinter_6] 4
[2025.12.18-20.10.48:361][428]LogBlueprintUserMessages: [BP_3DPrinter_6] 5
[2025.12.18-20.10.58:284][ 23]LogBlueprintUserMessages: [BP_3DPrinter_6] 6
[2025.12.18-20.11.06:254][497]LogBlueprintUserMessages: [BP_3DPrinter_6] 7
[2025.12.18-20.11.14:753][  7]LogBlueprintUserMessages: [BP_3DPrinter_6] 8
[2025.12.18-20.11.22:920][497]LogBlueprintUserMessages: [BP_3DPrinter_6] 9
[2025.12.18-20.11.31:507][ 12]LogBlueprintUserMessages: [BP_3DPrinter_6] 10
[2025.12.18-20.11.39:266][477]LogBlueprintUserMessages: [BP_3DPrinter_6] 11
[2025.12.18-20.11.47:082][946]LogNet: Browse: /Game/Workplace/Maps/FirstLevel
[2025.12.18-20.11.47:082][946]LogLoad: LoadMap: /Game/Workplace/Maps/FirstLevel
[2025.12.18-20.11.47:082][946]LogWorld: BeginTearingDown for /Game/Workplace/Maps/UEDPIE_0_FirstLevel
[2025.12.18-20.11.47:083][946]LogWorld: UWorld::CleanupWorld for FirstLevel, bSessionEnded=true, bCleanupResources=true
[2025.12.18-20.11.47:083][946]LogSlate: InvalidateAllWidgets triggered.  All widgets were invalidated
[2025.12.18-20.11.47:129][946]LogAudio: Display: Audio Device unregistered from world 'None'.
[2025.12.18-20.11.47:132][946]LogUObjectHash: Compacting FUObjectHashTables data took   2.11ms
[2025.12.18-20.11.47:158][946]LogAudio: Display: Audio Device (ID: 7) registered with world 'FirstLevel'.
[2025.12.18-20.11.47:158][946]LogAIModule: Creating AISystem for world FirstLevel
[2025.12.18-20.11.47:159][946]LogLoad: Game class is 'BP_GameMode_C'
[2025.12.18-20.11.47:165][946]LogWorld: Bringing World /Game/Workplace/Maps/UEDPIE_0_FirstLevel.FirstLevel up for play (max tick rate 60) at 2025.12.18-23.11.47
[2025.12.18-20.11.47:166][946]LogWorld: Bringing up level for play took: 0.006325
[2025.12.18-20.11.47:166][946]LogSpawn: Warning: SpawnActor failed because no class was specified
[2025.12.18-20.11.47:167][946]LogLoad: Took 0.084344 seconds to LoadMap(/Game/Workplace/Maps/FirstLevel)
[2025.12.18-20.11.54:850][407]LogBlueprintUserMessages: [BP_3DPrinter_6] 1
[2025.12.18-20.11.57:850][587]LogSlate: Updating window title bar state: overlay mode, drag disabled, window buttons hidden, title bar hidden
[2025.12.18-20.11.57:851][587]LogWorld: BeginTearingDown for /Game/Workplace/Maps/UEDPIE_0_FirstLevel
[2025.12.18-20.11.57:851][587]LogSlate: Window 'Mini_laboratory Preview [NetMode: Standalone]  (64-bit/Windows) ' being destroyed
[2025.12.18-20.11.57:853][587]LogWorld: UWorld::CleanupWorld for FirstLevel, bSessionEnded=true, bCleanupResources=true
[2025.12.18-20.11.57:854][587]LogSlate: InvalidateAllWidgets triggered.  All widgets were invalidated
[2025.12.18-20.11.57:859][587]LogPlayLevel: Display: Shutting down PIE online subsystems
[2025.12.18-20.11.57:863][587]LogSlate: InvalidateAllWidgets triggered.  All widgets were invalidated
[2025.12.18-20.11.57:882][587]LogAudio: Display: Audio Device unregistered from world 'None'.
[2025.12.18-20.11.57:882][587]LogAudioMixer: FMixerPlatformXAudio2::StopAudioStream() called
[2025.12.18-20.11.57:884][587]LogAudioMixer: FMixerPlatformXAudio2::StopAudioStream() called
[2025.12.18-20.11.57:889][587]LogUObjectHash: Compacting FUObjectHashTables data took   1.94ms
[2025.12.18-20.11.57:950][590]LogPlayLevel: Display: Destroying online subsystem :Context_25
[2025.12.18-20.12.01:028][766]LogUObjectHash: Compacting FUObjectHashTables data took   1.68ms
[2025.12.18-20.12.05:281][ 16]LogAssetEditorSubsystem: Opening Asset editor for Blueprint /Game/Workplace/Blueprints/BP_ObjectsTable.BP_ObjectsTable
[2025.12.18-20.12.13:824][497]LogAssetEditorSubsystem: Opening Asset editor for Blueprint /Game/Workplace/Blueprints/BP_TransferObject.BP_TransferObject
[2025.12.18-20.12.18:867][774]LogWorld: UWorld::CleanupWorld for World_20, bSessionEnded=true, bCleanupResources=true
[2025.12.18-20.12.18:867][774]LogSlate: InvalidateAllWidgets triggered.  All widgets were invalidated
[2025.12.18-20.12.19:598][815]LogActorComponent: UnregisterComponent: (/Engine/Transient.EditorFloorComp) Not registered. Aborting.
[2025.12.18-20.12.19:598][815]LogWorld: UWorld::CleanupWorld for World_19, bSessionEnded=true, bCleanupResources=true
[2025.12.18-20.12.19:598][815]LogSlate: InvalidateAllWidgets triggered.  All widgets were invalidated
[2025.12.18-20.12.22:201][966]LogAssetEditorSubsystem: Opening Asset editor for Blueprint /Game/Workplace/Blueprints/BP_Transporter.BP_Transporter
[2025.12.18-20.12.30:097][412]LogAssetEditorSubsystem: Opening Asset editor for Blueprint /Game/Workplace/Blueprints/BP_ObjectOnTable.BP_ObjectOnTable
[2025.12.18-20.12.34:816][666]LogAssetEditorSubsystem: Opening Asset editor for LevelScriptBlueprint /Game/Workplace/Maps/StartMenu.StartMenu:PersistentLevel.StartMenu
[2025.12.18-20.12.36:834][769]LogWorld: UWorld::CleanupWorld for World_23, bSessionEnded=true, bCleanupResources=true
[2025.12.18-20.12.36:834][769]LogSlate: InvalidateAllWidgets triggered.  All widgets were invalidated
[2025.12.18-20.12.40:581][989]LogUObjectHash: Compacting FUObjectHashTables data took   1.83ms
[2025.12.18-20.12.40:627][989]LogAssetEditorSubsystem: Opening Asset editor for World /Game/Workplace/Maps/FirstLevel.FirstLevel
[2025.12.18-20.12.40:627][989]Cmd: MAP LOAD FILE="../../../../../../WORKPLACE/Mini_laboratory/MEPhI_VR_term_1/Mini_laboratory/Content/Workplace/Maps/FirstLevel.umap" TEMPLATE=0 SHOWPROGRESS=1 FEATURELEVEL=3
[2025.12.18-20.12.40:627][989]LightingResults: New page: Lighting Build
[2025.12.18-20.12.40:628][989]LoadErrors: New page: Loading map: FirstLevel.umap
[2025.12.18-20.12.40:630][989]LogWorld: UWorld::CleanupWorld for StartMenu, bSessionEnded=true, bCleanupResources=true
[2025.12.18-20.12.40:630][989]LogSlate: InvalidateAllWidgets triggered.  All widgets were invalidated
[2025.12.18-20.12.40:630][989]MapCheck: New page: Map Check
[2025.12.18-20.12.40:630][989]LightingResults: New page: Lighting Build
[2025.12.18-20.12.40:651][989]LogAudio: Display: Audio Device unregistered from world 'None'.
[2025.12.18-20.12.40:655][989]LogUObjectHash: Compacting FUObjectHashTables data took   2.03ms
[2025.12.18-20.12.40:656][989]LogAudio: Display: Audio Device (ID: 1) registered with world 'FirstLevel'.
[2025.12.18-20.12.40:732][989]LogEditorServer: Finished looking for orphan Actors (0.000 secs)
[2025.12.18-20.12.40:732][989]LogAIModule: Creating AISystem for world FirstLevel
[2025.12.18-20.12.40:755][989]LogUObjectHash: Compacting FUObjectHashTables data took   1.72ms
[2025.12.18-20.12.40:759][989]Cmd: MAP CHECKDEP NOCLEARLOG
[2025.12.18-20.12.40:759][989]MapCheck: Map check complete: 0 Error(s), 0 Warning(s), took 0,073ms to complete.
[2025.12.18-20.12.40:759][989]LogFileHelpers: Loading map 'FirstLevel' took 0.132
[2025.12.18-20.12.44:903][233]LogAssetEditorSubsystem: Opening Asset editor for LevelScriptBlueprint /Game/Workplace/Maps/FirstLevel.FirstLevel:PersistentLevel.FirstLevel
[2025.12.18-20.13.13:861][944]LogAssetEditorSubsystem: Opening Asset editor for Blueprint /Game/Workplace/Blueprints/BP_TransferObject.BP_TransferObject
[2025.12.18-20.13.26:061][649]LogAssetEditorSubsystem: Opening Asset editor for Blueprint /Game/Workplace/Blueprints/BP_ObjectsTable.BP_ObjectsTable
[2025.12.18-20.13.47:381][891]LogWorld: UWorld::CleanupWorld for World_26, bSessionEnded=true, bCleanupResources=true
[2025.12.18-20.13.47:381][891]LogSlate: InvalidateAllWidgets triggered.  All widgets were invalidated
[2025.12.18-20.13.49:875][ 34]LogAssetEditorSubsystem: Opening Asset editor for Blueprint /Game/Workplace/Blueprints/BP_3DPrinter.BP_3DPrinter
[2025.12.18-20.14.42:703][121]LogEditorTransaction: Undo Delete current selection
[2025.12.18-20.14.45:478][264]BlueprintLog: New page: Compile BP_3DPrinter
[2025.12.18-20.14.45:537][264]LogUObjectHash: Compacting FUObjectHashTables data took   2.28ms
[2025.12.18-20.14.46:054][284]LogSavePackage: Moving '../../../../../../WORKPLACE/Mini_laboratory/MEPhI_VR_term_1/Mini_laboratory/Saved/BP_3DPrinter0905ACF04E4B567DCD6B84B5FA4638B4.tmp' to '../../../../../../WORKPLACE/Mini_laboratory/MEPhI_VR_term_1/Mini_laboratory/Content/Workplace/Blueprints/BP_3DPrinter.uasset'
[2025.12.18-20.14.46:074][284]AssetCheck: New page: Asset Save: BP_3DPrinter
[2025.12.18-20.14.46:074][284]LogContentValidation: Display: Validating Blueprint /Game/Workplace/Blueprints/BP_3DPrinter.BP_3DPrinter
[2025.12.18-20.14.52:331][637]BlueprintLog: New page: Compile BP_3DPrinter
[2025.12.18-20.14.52:381][637]LogUObjectHash: Compacting FUObjectHashTables data took   2.23ms
[2025.12.18-20.14.53:083][671]LogSavePackage: Moving '../../../../../../WORKPLACE/Mini_laboratory/MEPhI_VR_term_1/Mini_laboratory/Saved/BP_3DPrinter1276E7C34FB2FD9052873E92DA10D221.tmp' to '../../../../../../WORKPLACE/Mini_laboratory/MEPhI_VR_term_1/Mini_laboratory/Content/Workplace/Blueprints/BP_3DPrinter.uasset'
[2025.12.18-20.14.53:099][671]AssetCheck: New page: Asset Save: BP_3DPrinter
[2025.12.18-20.14.53:099][671]LogContentValidation: Display: Validating Blueprint /Game/Workplace/Blueprints/BP_3DPrinter.BP_3DPrinter
[2025.12.18-20.14.53:405][690]BlueprintLog: New page: Compile BP_3DPrinter
[2025.12.18-20.14.53:457][690]LogUObjectHash: Compacting FUObjectHashTables data took   2.20ms
[2025.12.18-20.14.55:285][792]LogUObjectHash: Compacting FUObjectHashTables data took   2.19ms
[2025.12.18-20.14.55:327][792]LogUObjectHash: Compacting FUObjectHashTables data took   0.43ms
[2025.12.18-20.14.55:365][792]LogSavePackage: Moving '../../../../../../WORKPLACE/Mini_laboratory/MEPhI_VR_term_1/Mini_laboratory/Saved/FirstLevelD68DBEB84890A1C3B2404A98888F069B.tmp' to '../../../../../../WORKPLACE/Mini_laboratory/MEPhI_VR_term_1/Mini_laboratory/Content/Workplace/Maps/FirstLevel.umap'
[2025.12.18-20.14.55:370][792]LogFileHelpers: Saving map 'FirstLevel' took 0.070
[2025.12.18-20.14.55:387][792]AssetCheck: New page: Asset Save: FirstLevel
[2025.12.18-20.14.55:387][792]LogContentValidation: Display: Validating World /Game/Workplace/Maps/FirstLevel.FirstLevel
[2025.12.18-20.14.56:226][838]LogWorld: UWorld::CleanupWorld for World_21, bSessionEnded=true, bCleanupResources=true
[2025.12.18-20.14.56:226][838]LogSlate: InvalidateAllWidgets triggered.  All widgets were invalidated
[2025.12.18-20.14.57:312][899]LogActorComponent: UnregisterComponent: (/Engine/Transient.EditorFloorComp) Not registered. Aborting.
[2025.12.18-20.14.57:312][899]LogWorld: UWorld::CleanupWorld for World_22, bSessionEnded=true, bCleanupResources=true
[2025.12.18-20.14.57:312][899]LogSlate: InvalidateAllWidgets triggered.  All widgets were invalidated
[2025.12.18-20.14.57:702][920]LogWorld: UWorld::CleanupWorld for World_24, bSessionEnded=true, bCleanupResources=true
[2025.12.18-20.14.57:702][920]LogSlate: InvalidateAllWidgets triggered.  All widgets were invalidated
[2025.12.18-20.14.58:138][944]LogActorComponent: UnregisterComponent: (/Engine/Transient.EditorFloorComp) Not registered. Aborting.
[2025.12.18-20.14.58:138][944]LogWorld: UWorld::CleanupWorld for World_25, bSessionEnded=true, bCleanupResources=true
[2025.12.18-20.14.58:138][944]LogSlate: InvalidateAllWidgets triggered.  All widgets were invalidated
[2025.12.18-20.14.58:528][965]LogActorComponent: UnregisterComponent: (/Engine/Transient.EditorFloorComp) Not registered. Aborting.
[2025.12.18-20.14.58:528][965]LogWorld: UWorld::CleanupWorld for World_27, bSessionEnded=true, bCleanupResources=true
[2025.12.18-20.14.58:528][965]LogSlate: InvalidateAllWidgets triggered.  All widgets were invalidated
[2025.12.18-20.15.02:574][202]LogUObjectHash: Compacting FUObjectHashTables data took   2.01ms
[2025.12.18-20.15.02:603][202]LogAssetEditorSubsystem: Opening Asset editor for World /Game/Workplace/Maps/StartMenu.StartMenu
[2025.12.18-20.15.02:603][202]Cmd: MAP LOAD FILE="../../../../../../WORKPLACE/Mini_laboratory/MEPhI_VR_term_1/Mini_laboratory/Content/Workplace/Maps/StartMenu.umap" TEMPLATE=0 SHOWPROGRESS=1 FEATURELEVEL=3
[2025.12.18-20.15.02:603][202]LightingResults: New page: Lighting Build
[2025.12.18-20.15.02:603][202]LoadErrors: New page: Loading map: StartMenu.umap
[2025.12.18-20.15.02:605][202]LogWorld: UWorld::CleanupWorld for FirstLevel, bSessionEnded=true, bCleanupResources=true
[2025.12.18-20.15.02:605][202]LogSlate: InvalidateAllWidgets triggered.  All widgets were invalidated
[2025.12.18-20.15.02:605][202]MapCheck: New page: Map Check
[2025.12.18-20.15.02:605][202]LightingResults: New page: Lighting Build
[2025.12.18-20.15.02:621][202]LogAudio: Display: Audio Device unregistered from world 'None'.
[2025.12.18-20.15.02:625][202]LogUObjectHash: Compacting FUObjectHashTables data took   2.01ms
[2025.12.18-20.15.02:625][202]LogAudio: Display: Audio Device (ID: 1) registered with world 'StartMenu'.
[2025.12.18-20.15.02:644][202]LogEditorServer: Finished looking for orphan Actors (0.000 secs)
[2025.12.18-20.15.02:644][202]LogAIModule: Creating AISystem for world StartMenu
[2025.12.18-20.15.02:662][202]LogUObjectHash: Compacting FUObjectHashTables data took   1.69ms
[2025.12.18-20.15.02:666][202]Cmd: MAP CHECKDEP NOCLEARLOG
[2025.12.18-20.15.02:666][202]MapCheck: Map check complete: 0 Error(s), 0 Warning(s), took 0,06ms to complete.
[2025.12.18-20.15.02:666][202]LogFileHelpers: Loading map 'StartMenu' took 0.063
[2025.12.18-20.15.03:500][252]LogTemp: Repeating last play command: New Editor Window (PIE)
[2025.12.18-20.15.03:504][252]LogPlayLevel: PlayLevel: No blueprints needed recompiling
[2025.12.18-20.15.03:504][252]PIE: New page: PIE session: StartMenu (19 дек. 2025 г., 02:15:03)
[2025.12.18-20.15.03:504][252]LogPlayLevel: Creating play world package: /Game/Workplace/Maps/UEDPIE_0_StartMenu
[2025.12.18-20.15.03:505][252]LogPlayLevel: PIE: StaticDuplicateObject took: (0.000940s)
[2025.12.18-20.15.03:506][252]LogAIModule: Creating AISystem for world StartMenu
[2025.12.18-20.15.03:506][252]LogPlayLevel: PIE: World Init took: (0.001170s)
[2025.12.18-20.15.03:507][252]LogPlayLevel: PIE: Created PIE world by copying editor world from /Game/Workplace/Maps/StartMenu.StartMenu to /Game/Workplace/Maps/UEDPIE_0_StartMenu.StartMenu (0.002223s)
[2025.12.18-20.15.03:525][252]LogUObjectHash: Compacting FUObjectHashTables data took   1.70ms
[2025.12.18-20.15.03:525][252]LogAudio: Display: Creating Audio Device:                 Id: 8, Scope: Unique, Realtime: True
[2025.12.18-20.15.03:525][252]LogAudioMixer: Display: Audio Mixer Platform Settings:
[2025.12.18-20.15.03:525][252]LogAudioMixer: Display: 	Sample Rate:						  48000
[2025.12.18-20.15.03:525][252]LogAudioMixer: Display: 	Callback Buffer Frame Size Requested: 1024
[2025.12.18-20.15.03:525][252]LogAudioMixer: Display: 	Callback Buffer Frame Size To Use:	  1024
[2025.12.18-20.15.03:525][252]LogAudioMixer: Display: 	Number of buffers to queue:			  2
[2025.12.18-20.15.03:525][252]LogAudioMixer: Display: 	Max Channels (voices):				  32
[2025.12.18-20.15.03:525][252]LogAudioMixer: Display: 	Number of Async Source Workers:		  0
[2025.12.18-20.15.03:525][252]LogAudio: Display: AudioDevice MaxSources: 32
[2025.12.18-20.15.03:526][252]LogAudio: Display: Audio Spatialization Plugin: None (built-in).
[2025.12.18-20.15.03:526][252]LogAudio: Display: Audio Reverb Plugin: None (built-in).
[2025.12.18-20.15.03:526][252]LogAudio: Display: Audio Occlusion Plugin: None (built-in).
[2025.12.18-20.15.03:526][252]LogAudioMixer: Display: Initializing audio mixer.
[2025.12.18-20.15.03:528][252]LogAudioMixer: Display: 0: FrontLeft
[2025.12.18-20.15.03:528][252]LogAudioMixer: Display: 1: FrontRight
[2025.12.18-20.15.03:647][252]LogAudioMixer: Display: Using Audio Device Динамики (Realtek(R) Audio)
[2025.12.18-20.15.03:647][252]LogAudioMixer: Display: Initializing Sound Submixes...
[2025.12.18-20.15.03:647][252]LogAudioMixer: Display: Creating Master Submix 'MasterSubmixDefault'
[2025.12.18-20.15.03:648][252]LogAudioMixer: Display: Creating Master Submix 'MasterReverbSubmixDefault'
[2025.12.18-20.15.03:648][252]LogAudioMixer: Display: Creating Master Submix 'MasterEQSubmixDefault'
[2025.12.18-20.15.03:648][252]LogAudioMixer: FMixerPlatformXAudio2::StartAudioStream() called
[2025.12.18-20.15.03:648][252]LogAudioMixer: Display: Output buffers initialized: Frames=1024, Channels=2, Samples=2048
[2025.12.18-20.15.03:649][252]LogAudioMixer: Display: Starting AudioMixerPlatformInterface::RunInternal()
[2025.12.18-20.15.03:649][252]LogAudioMixer: Display: FMixerPlatformXAudio2::SubmitBuffer() called for the first time
[2025.12.18-20.15.03:649][252]LogInit: FAudioDevice initialized.
[2025.12.18-20.15.03:649][252]LogAudio: Display: Audio Device (ID: 8) registered with world 'StartMenu'.
[2025.12.18-20.15.03:693][252]LogSlate: Updating window title bar state: overlay mode, drag disabled, window buttons hidden, title bar hidden
[2025.12.18-20.15.03:694][252]LogLoad: Game class is 'BP_GameMode_C'
[2025.12.18-20.15.03:694][252]LogWorld: Bringing World /Game/Workplace/Maps/UEDPIE_0_StartMenu.StartMenu up for play (max tick rate 60) at 2025.12.18-23.15.03
[2025.12.18-20.15.03:695][252]LogWorld: Bringing up level for play took: 0.000337
[2025.12.18-20.15.03:695][252]LogOnline: OSS: Creating online subsystem instance for: :Context_35
[2025.12.18-20.15.03:697][252]LogSpawn: Warning: SpawnActor failed because no class was specified
[2025.12.18-20.15.03:698][252]LogPlayerController: Error: InputMode:UIOnly - Attempting to focus Non-Focusable widget SObjectWidget [Widget.cpp(799)]!
[2025.12.18-20.15.03:698][252]LogViewport: Display: Viewport MouseLockMode Changed, LockOnCapture -> DoNotLock
[2025.12.18-20.15.03:698][252]LogViewport: Display: Viewport MouseCaptureMode Changed, CapturePermanently_IncludingInitialMouseDown -> NoCapture
[2025.12.18-20.15.03:699][252]PIE: Server logged in
[2025.12.18-20.15.03:700][252]PIE: Play in editor total start time 0,196 seconds.
[2025.12.18-20.15.04:313][288]LogViewport: Display: Viewport MouseLockMode Changed, DoNotLock -> LockOnCapture
[2025.12.18-20.15.04:313][288]LogViewport: Display: Viewport MouseCaptureMode Changed, NoCapture -> CapturePermanently
[2025.12.18-20.15.04:314][288]LogNet: Browse: /Game/Workplace/Maps/FirstLevel
[2025.12.18-20.15.04:314][288]LogLoad: LoadMap: /Game/Workplace/Maps/FirstLevel
[2025.12.18-20.15.04:314][288]LogWorld: BeginTearingDown for /Game/Workplace/Maps/UEDPIE_0_StartMenu
[2025.12.18-20.15.04:314][288]LogWorld: UWorld::CleanupWorld for StartMenu, bSessionEnded=true, bCleanupResources=true
[2025.12.18-20.15.04:314][288]LogSlate: InvalidateAllWidgets triggered.  All widgets were invalidated
[2025.12.18-20.15.04:352][288]LogAudio: Display: Audio Device unregistered from world 'None'.
[2025.12.18-20.15.04:355][288]LogUObjectHash: Compacting FUObjectHashTables data took   1.70ms
[2025.12.18-20.15.04:380][288]LogAudio: Display: Audio Device (ID: 8) registered with world 'FirstLevel'.
[2025.12.18-20.15.04:380][288]LogAIModule: Creating AISystem for world FirstLevel
[2025.12.18-20.15.04:381][288]LogLoad: Game class is 'BP_GameMode_C'
[2025.12.18-20.15.04:444][288]LogWorld: Bringing World /Game/Workplace/Maps/UEDPIE_0_FirstLevel.FirstLevel up for play (max tick rate 60) at 2025.12.18-23.15.04
[2025.12.18-20.15.04:444][288]LogWorld: Bringing up level for play took: 0.063149
[2025.12.18-20.15.04:444][288]LogSpawn: Warning: SpawnActor failed because no class was specified
[2025.12.18-20.15.04:445][288]LogLoad: Took 0.131352 seconds to LoadMap(/Game/Workplace/Maps/FirstLevel)
[2025.12.18-20.15.22:979][400]LogNet: Browse: /Game/Workplace/Maps/FirstLevel
[2025.12.18-20.15.22:979][400]LogLoad: LoadMap: /Game/Workplace/Maps/FirstLevel
[2025.12.18-20.15.22:979][400]LogWorld: BeginTearingDown for /Game/Workplace/Maps/UEDPIE_0_FirstLevel
[2025.12.18-20.15.22:979][400]LogWorld: UWorld::CleanupWorld for FirstLevel, bSessionEnded=true, bCleanupResources=true
[2025.12.18-20.15.22:980][400]LogSlate: InvalidateAllWidgets triggered.  All widgets were invalidated
[2025.12.18-20.15.22:995][400]LogAudio: Display: Audio Device unregistered from world 'None'.
[2025.12.18-20.15.22:998][400]LogUObjectHash: Compacting FUObjectHashTables data took   1.76ms
[2025.12.18-20.15.23:022][400]LogAudio: Display: Audio Device (ID: 8) registered with world 'FirstLevel'.
[2025.12.18-20.15.23:023][400]LogAIModule: Creating AISystem for world FirstLevel
[2025.12.18-20.15.23:023][400]LogLoad: Game class is 'BP_GameMode_C'
[2025.12.18-20.15.23:056][400]LogWorld: Bringing World /Game/Workplace/Maps/UEDPIE_0_FirstLevel.FirstLevel up for play (max tick rate 60) at 2025.12.18-23.15.23
[2025.12.18-20.15.23:057][400]LogWorld: Bringing up level for play took: 0.033118
[2025.12.18-20.15.23:057][400]LogSpawn: Warning: SpawnActor failed because no class was specified
[2025.12.18-20.15.23:058][400]LogLoad: Took 0.079096 seconds to LoadMap(/Game/Workplace/Maps/FirstLevel)
[2025.12.18-20.16.49:955][609]LogBlueprintUserMessages: [BP_TestClickActor1_2] BP_TestClickActor1 was clicked
[2025.12.18-20.16.49:971][610]LogBlueprintUserMessages: [BP_TestClickActor1_2] BP_TestClickActor1 was clicked
[2025.12.18-20.16.49:988][611]LogBlueprintUserMessages: [BP_TestClickActor1_2] BP_TestClickActor1 was clicked
[2025.12.18-20.16.50:004][612]LogBlueprintUserMessages: [BP_TestClickActor1_2] BP_TestClickActor1 was clicked
[2025.12.18-20.16.50:472][640]LogBlueprintUserMessages: [BP_TestClickActor1_2] BP_TestClickActor1 was clicked
[2025.12.18-20.16.50:488][641]LogBlueprintUserMessages: [BP_TestClickActor1_2] BP_TestClickActor1 was clicked
[2025.12.18-20.16.50:504][642]LogBlueprintUserMessages: [BP_TestClickActor1_2] BP_TestClickActor1 was clicked
[2025.12.18-20.16.50:520][643]LogBlueprintUserMessages: [BP_TestClickActor1_2] BP_TestClickActor1 was clicked
[2025.12.18-20.16.50:537][644]LogBlueprintUserMessages: [BP_TestClickActor1_2] BP_TestClickActor1 was clicked
[2025.12.18-20.16.50:555][645]LogBlueprintUserMessages: [BP_TestClickActor1_2] BP_TestClickActor1 was clicked
[2025.12.18-20.16.50:571][646]LogBlueprintUserMessages: [BP_TestClickActor1_2] BP_TestClickActor1 was clicked
[2025.12.18-20.16.50:588][647]LogBlueprintUserMessages: [BP_TestClickActor1_2] BP_TestClickActor1 was clicked
[2025.12.18-20.16.50:604][648]LogBlueprintUserMessages: [BP_TestClickActor1_2] BP_TestClickActor1 was clicked
[2025.12.18-20.16.50:621][649]LogBlueprintUserMessages: [BP_TestClickActor1_2] BP_TestClickActor1 was clicked
[2025.12.18-20.16.50:638][650]LogBlueprintUserMessages: [BP_TestClickActor1_2] BP_TestClickActor1 was clicked
[2025.12.18-20.16.50:654][651]LogBlueprintUserMessages: [BP_TestClickActor1_2] BP_TestClickActor1 was clicked
[2025.12.18-20.16.50:671][652]LogBlueprintUserMessages: [BP_TestClickActor1_2] BP_TestClickActor1 was clicked
[2025.12.18-20.16.50:687][653]LogBlueprintUserMessages: [BP_TestClickActor1_2] BP_TestClickActor1 was clicked
[2025.12.18-20.16.50:704][654]LogBlueprintUserMessages: [BP_TestClickActor1_2] BP_TestClickActor1 was clicked
[2025.12.18-20.16.50:721][655]LogBlueprintUserMessages: [BP_TestClickActor1_2] BP_TestClickActor1 was clicked
[2025.12.18-20.16.50:737][656]LogBlueprintUserMessages: [BP_TestClickActor1_2] BP_TestClickActor1 was clicked
[2025.12.18-20.16.50:754][657]LogBlueprintUserMessages: [BP_TestClickActor1_2] BP_TestClickActor1 was clicked
[2025.12.18-20.16.50:772][658]LogBlueprintUserMessages: [BP_TestClickActor1_2] BP_TestClickActor1 was clicked
[2025.12.18-20.16.50:787][659]LogBlueprintUserMessages: [BP_TestClickActor1_2] BP_TestClickActor1 was clicked
[2025.12.18-20.16.50:804][660]LogBlueprintUserMessages: [BP_TestClickActor1_2] BP_TestClickActor1 was clicked
[2025.12.18-20.16.50:821][661]LogBlueprintUserMessages: [BP_TestClickActor1_2] BP_TestClickActor1 was clicked
[2025.12.18-20.16.50:837][662]LogBlueprintUserMessages: [BP_TestClickActor1_2] BP_TestClickActor1 was clicked
[2025.12.18-20.16.50:854][663]LogBlueprintUserMessages: [BP_TestClickActor1_2] BP_TestClickActor1 was clicked
[2025.12.18-20.16.50:871][664]LogBlueprintUserMessages: [BP_TestClickActor1_2] BP_TestClickActor1 was clicked
[2025.12.18-20.16.50:887][665]LogBlueprintUserMessages: [BP_TestClickActor1_2] BP_TestClickActor1 was clicked
[2025.12.18-20.16.50:904][666]LogBlueprintUserMessages: [BP_TestClickActor1_2] BP_TestClickActor1 was clicked
[2025.12.18-20.16.50:921][667]LogBlueprintUserMessages: [BP_TestClickActor1_2] BP_TestClickActor1 was clicked
[2025.12.18-20.16.50:937][668]LogBlueprintUserMessages: [BP_TestClickActor1_2] BP_TestClickActor1 was clicked
[2025.12.18-20.16.50:954][669]LogBlueprintUserMessages: [BP_TestClickActor1_2] BP_TestClickActor1 was clicked
[2025.12.18-20.16.50:971][670]LogBlueprintUserMessages: [BP_TestClickActor1_2] BP_TestClickActor1 was clicked
[2025.12.18-20.16.50:987][671]LogBlueprintUserMessages: [BP_TestClickActor1_2] BP_TestClickActor1 was clicked
[2025.12.18-20.16.51:004][672]LogBlueprintUserMessages: [BP_TestClickActor1_2] BP_TestClickActor1 was clicked
[2025.12.18-20.16.51:021][673]LogBlueprintUserMessages: [BP_TestClickActor1_2] BP_TestClickActor1 was clicked
[2025.12.18-20.16.51:037][674]LogBlueprintUserMessages: [BP_TestClickActor1_2] BP_TestClickActor1 was clicked
[2025.12.18-20.16.51:054][675]LogBlueprintUserMessages: [BP_TestClickActor1_2] BP_TestClickActor1 was clicked
[2025.12.18-20.16.51:071][676]LogBlueprintUserMessages: [BP_TestClickActor1_2] BP_TestClickActor1 was clicked
[2025.12.18-20.16.51:087][677]LogBlueprintUserMessages: [BP_TestClickActor1_2] BP_TestClickActor1 was clicked
[2025.12.18-20.16.51:104][678]LogBlueprintUserMessages: [BP_TestClickActor1_2] BP_TestClickActor1 was clicked
[2025.12.18-20.16.51:121][679]LogBlueprintUserMessages: [BP_TestClickActor1_2] BP_TestClickActor1 was clicked
[2025.12.18-20.16.51:137][680]LogBlueprintUserMessages: [BP_TestClickActor1_2] BP_TestClickActor1 was clicked
[2025.12.18-20.16.51:154][681]LogBlueprintUserMessages: [BP_TestClickActor1_2] BP_TestClickActor1 was clicked
[2025.12.18-20.16.51:171][682]LogBlueprintUserMessages: [BP_TestClickActor1_2] BP_TestClickActor1 was clicked
[2025.12.18-20.16.51:188][683]LogBlueprintUserMessages: [BP_TestClickActor1_2] BP_TestClickActor1 was clicked
[2025.12.18-20.16.51:204][684]LogBlueprintUserMessages: [BP_TestClickActor1_2] BP_TestClickActor1 was clicked
[2025.12.18-20.16.51:221][685]LogBlueprintUserMessages: [BP_TestClickActor1_2] BP_TestClickActor1 was clicked
[2025.12.18-20.16.51:238][686]LogBlueprintUserMessages: [BP_TestClickActor1_2] BP_TestClickActor1 was clicked
[2025.12.18-20.16.51:255][687]LogBlueprintUserMessages: [BP_TestClickActor1_2] BP_TestClickActor1 was clicked
[2025.12.18-20.16.51:271][688]LogBlueprintUserMessages: [BP_TestClickActor1_2] BP_TestClickActor1 was clicked
[2025.12.18-20.16.51:288][689]LogBlueprintUserMessages: [BP_TestClickActor1_2] BP_TestClickActor1 was clicked
[2025.12.18-20.16.51:305][690]LogBlueprintUserMessages: [BP_TestClickActor1_2] BP_TestClickActor1 was clicked
[2025.12.18-20.16.51:321][691]LogBlueprintUserMessages: [BP_TestClickActor1_2] BP_TestClickActor1 was clicked
[2025.12.18-20.16.51:338][692]LogBlueprintUserMessages: [BP_TestClickActor1_2] BP_TestClickActor1 was clicked
[2025.12.18-20.16.51:354][693]LogBlueprintUserMessages: [BP_TestClickActor1_2] BP_TestClickActor1 was clicked
[2025.12.18-20.16.51:371][694]LogBlueprintUserMessages: [BP_TestClickActor1_2] BP_TestClickActor1 was clicked
[2025.12.18-20.16.51:388][695]LogBlueprintUserMessages: [BP_TestClickActor1_2] BP_TestClickActor1 was clicked
[2025.12.18-20.16.51:404][696]LogBlueprintUserMessages: [BP_TestClickActor1_2] BP_TestClickActor1 was clicked
[2025.12.18-20.16.51:421][697]LogBlueprintUserMessages: [BP_TestClickActor1_2] BP_TestClickActor1 was clicked
[2025.12.18-20.16.51:438][698]LogBlueprintUserMessages: [BP_TestClickActor1_2] BP_TestClickActor1 was clicked
[2025.12.18-20.16.51:455][699]LogBlueprintUserMessages: [BP_TestClickActor1_2] BP_TestClickActor1 was clicked
[2025.12.18-20.16.51:471][700]LogBlueprintUserMessages: [BP_TestClickActor1_2] BP_TestClickActor1 was clicked
[2025.12.18-20.16.51:488][701]LogBlueprintUserMessages: [BP_TestClickActor1_2] BP_TestClickActor1 was clicked
[2025.12.18-20.16.51:504][702]LogBlueprintUserMessages: [BP_TestClickActor1_2] BP_TestClickActor1 was clicked
[2025.12.18-20.16.51:521][703]LogBlueprintUserMessages: [BP_TestClickActor1_2] BP_TestClickActor1 was clicked
[2025.12.18-20.16.51:537][704]LogBlueprintUserMessages: [BP_TestClickActor1_2] BP_TestClickActor1 was clicked
[2025.12.18-20.16.51:554][705]LogBlueprintUserMessages: [BP_TestClickActor1_2] BP_TestClickActor1 was clicked
[2025.12.18-20.16.51:571][706]LogBlueprintUserMessages: [BP_TestClickActor1_2] BP_TestClickActor1 was clicked
[2025.12.18-20.16.51:587][707]LogBlueprintUserMessages: [BP_TestClickActor1_2] BP_TestClickActor1 was clicked
[2025.12.18-20.16.51:604][708]LogBlueprintUserMessages: [BP_TestClickActor1_2] BP_TestClickActor1 was clicked
[2025.12.18-20.16.51:621][709]LogBlueprintUserMessages: [BP_TestClickActor1_2] BP_TestClickActor1 was clicked
[2025.12.18-20.16.51:638][710]LogBlueprintUserMessages: [BP_TestClickActor1_2] BP_TestClickActor1 was clicked
[2025.12.18-20.16.51:654][711]LogBlueprintUserMessages: [BP_TestClickActor1_2] BP_TestClickActor1 was clicked
[2025.12.18-20.16.51:671][712]LogBlueprintUserMessages: [BP_TestClickActor1_2] BP_TestClickActor1 was clicked
[2025.12.18-20.16.51:688][713]LogBlueprintUserMessages: [BP_TestClickActor1_2] BP_TestClickActor1 was clicked
[2025.12.18-20.16.51:704][714]LogBlueprintUserMessages: [BP_TestClickActor1_2] BP_TestClickActor1 was clicked
[2025.12.18-20.16.51:722][715]LogBlueprintUserMessages: [BP_TestClickActor1_2] BP_TestClickActor1 was clicked
[2025.12.18-20.16.51:738][716]LogBlueprintUserMessages: [BP_TestClickActor1_2] BP_TestClickActor1 was clicked
[2025.12.18-20.16.51:755][717]LogBlueprintUserMessages: [BP_TestClickActor1_2] BP_TestClickActor1 was clicked
[2025.12.18-20.16.51:771][718]LogBlueprintUserMessages: [BP_TestClickActor1_2] BP_TestClickActor1 was clicked
[2025.12.18-20.16.51:788][719]LogBlueprintUserMessages: [BP_TestClickActor1_2] BP_TestClickActor1 was clicked
[2025.12.18-20.16.51:804][720]LogBlueprintUserMessages: [BP_TestClickActor1_2] BP_TestClickActor1 was clicked
[2025.12.18-20.16.51:821][721]LogBlueprintUserMessages: [BP_TestClickActor1_2] BP_TestClickActor1 was clicked
[2025.12.18-20.16.51:838][722]LogBlueprintUserMessages: [BP_TestClickActor1_2] BP_TestClickActor1 was clicked
[2025.12.18-20.16.51:855][723]LogBlueprintUserMessages: [BP_TestClickActor1_2] BP_TestClickActor1 was clicked
[2025.12.18-20.16.51:871][724]LogBlueprintUserMessages: [BP_TestClickActor1_2] BP_TestClickActor1 was clicked
[2025.12.18-20.16.51:888][725]LogBlueprintUserMessages: [BP_TestClickActor1_2] BP_TestClickActor1 was clicked
[2025.12.18-20.16.51:904][726]LogBlueprintUserMessages: [BP_TestClickActor1_2] BP_TestClickActor1 was clicked
[2025.12.18-20.16.51:921][727]LogBlueprintUserMessages: [BP_TestClickActor1_2] BP_TestClickActor1 was clicked
[2025.12.18-20.16.51:938][728]LogBlueprintUserMessages: [BP_TestClickActor1_2] BP_TestClickActor1 was clicked
[2025.12.18-20.16.51:955][729]LogBlueprintUserMessages: [BP_TestClickActor1_2] BP_TestClickActor1 was clicked
[2025.12.18-20.16.51:971][730]LogBlueprintUserMessages: [BP_TestClickActor1_2] BP_TestClickActor1 was clicked
[2025.12.18-20.16.51:988][731]LogBlueprintUserMessages: [BP_TestClickActor1_2] BP_TestClickActor1 was clicked
[2025.12.18-20.16.52:005][732]LogBlueprintUserMessages: [BP_TestClickActor1_2] BP_TestClickActor1 was clicked
[2025.12.18-20.16.52:021][733]LogBlueprintUserMessages: [BP_TestClickActor1_2] BP_TestClickActor1 was clicked
[2025.12.18-20.16.52:038][734]LogBlueprintUserMessages: [BP_TestClickActor1_2] BP_TestClickActor1 was clicked
[2025.12.18-20.16.52:054][735]LogBlueprintUserMessages: [BP_TestClickActor1_2] BP_TestClickActor1 was clicked
[2025.12.18-20.16.52:071][736]LogBlueprintUserMessages: [BP_TestClickActor1_2] BP_TestClickActor1 was clicked
[2025.12.18-20.16.52:088][737]LogBlueprintUserMessages: [BP_TestClickActor1_2] BP_TestClickActor1 was clicked
[2025.12.18-20.16.52:105][738]LogBlueprintUserMessages: [BP_TestClickActor1_2] BP_TestClickActor1 was clicked
[2025.12.18-20.16.52:121][739]LogBlueprintUserMessages: [BP_TestClickActor1_2] BP_TestClickActor1 was clicked
[2025.12.18-20.16.52:138][740]LogBlueprintUserMessages: [BP_TestClickActor1_2] BP_TestClickActor1 was clicked
[2025.12.18-20.16.52:154][741]LogBlueprintUserMessages: [BP_TestClickActor1_2] BP_TestClickActor1 was clicked
[2025.12.18-20.16.52:171][742]LogBlueprintUserMessages: [BP_TestClickActor1_2] BP_TestClickActor1 was clicked
[2025.12.18-20.16.52:187][743]LogBlueprintUserMessages: [BP_TestClickActor1_2] BP_TestClickActor1 was clicked
[2025.12.18-20.16.52:204][744]LogBlueprintUserMessages: [BP_TestClickActor1_2] BP_TestClickActor1 was clicked
[2025.12.18-20.16.52:221][745]LogBlueprintUserMessages: [BP_TestClickActor1_2] BP_TestClickActor1 was clicked
[2025.12.18-20.16.52:237][746]LogBlueprintUserMessages: [BP_TestClickActor1_2] BP_TestClickActor1 was clicked
[2025.12.18-20.16.52:254][747]LogBlueprintUserMessages: [BP_TestClickActor1_2] BP_TestClickActor1 was clicked
[2025.12.18-20.16.52:271][748]LogBlueprintUserMessages: [BP_TestClickActor1_2] BP_TestClickActor1 was clicked
[2025.12.18-20.16.52:287][749]LogBlueprintUserMessages: [BP_TestClickActor1_2] BP_TestClickActor1 was clicked
[2025.12.18-20.16.52:304][750]LogBlueprintUserMessages: [BP_TestClickActor1_2] BP_TestClickActor1 was clicked
[2025.12.18-20.16.52:321][751]LogBlueprintUserMessages: [BP_TestClickActor1_2] BP_TestClickActor1 was clicked
[2025.12.18-20.16.52:338][752]LogBlueprintUserMessages: [BP_TestClickActor1_2] BP_TestClickActor1 was clicked
[2025.12.18-20.16.52:354][753]LogBlueprintUserMessages: [BP_TestClickActor1_2] BP_TestClickActor1 was clicked
[2025.12.18-20.16.52:371][754]LogBlueprintUserMessages: [BP_TestClickActor1_2] BP_TestClickActor1 was clicked
[2025.12.18-20.16.52:388][755]LogBlueprintUserMessages: [BP_TestClickActor1_2] BP_TestClickActor1 was clicked
[2025.12.18-20.16.52:404][756]LogBlueprintUserMessages: [BP_TestClickActor1_2] BP_TestClickActor1 was clicked
[2025.12.18-20.16.52:421][757]LogBlueprintUserMessages: [BP_TestClickActor1_2] BP_TestClickActor1 was clicked
[2025.12.18-20.16.52:438][758]LogBlueprintUserMessages: [BP_TestClickActor1_2] BP_TestClickActor1 was clicked
[2025.12.18-20.16.52:454][759]LogBlueprintUserMessages: [BP_TestClickActor1_2] BP_TestClickActor1 was clicked
[2025.12.18-20.16.52:471][760]LogBlueprintUserMessages: [BP_TestClickActor1_2] BP_TestClickActor1 was clicked
[2025.12.18-20.16.52:488][761]LogBlueprintUserMessages: [BP_TestClickActor1_2] BP_TestClickActor1 was clicked
[2025.12.18-20.16.52:504][762]LogBlueprintUserMessages: [BP_TestClickActor1_2] BP_TestClickActor1 was clicked
[2025.12.18-20.16.52:521][763]LogBlueprintUserMessages: [BP_TestClickActor1_2] BP_TestClickActor1 was clicked
[2025.12.18-20.16.52:538][764]LogBlueprintUserMessages: [BP_TestClickActor1_2] BP_TestClickActor1 was clicked
[2025.12.18-20.16.52:554][765]LogBlueprintUserMessages: [BP_TestClickActor1_2] BP_TestClickActor1 was clicked
[2025.12.18-20.16.52:571][766]LogBlueprintUserMessages: [BP_TestClickActor1_2] BP_TestClickActor1 was clicked
[2025.12.18-20.16.52:588][767]LogBlueprintUserMessages: [BP_TestClickActor1_2] BP_TestClickActor1 was clicked
[2025.12.18-20.16.52:604][768]LogBlueprintUserMessages: [BP_TestClickActor1_2] BP_TestClickActor1 was clicked
[2025.12.18-20.16.52:621][769]LogBlueprintUserMessages: [BP_TestClickActor1_2] BP_TestClickActor1 was clicked
[2025.12.18-20.16.52:638][770]LogBlueprintUserMessages: [BP_TestClickActor1_2] BP_TestClickActor1 was clicked
[2025.12.18-20.16.52:654][771]LogBlueprintUserMessages: [BP_TestClickActor1_2] BP_TestClickActor1 was clicked
[2025.12.18-20.16.52:671][772]LogBlueprintUserMessages: [BP_TestClickActor1_2] BP_TestClickActor1 was clicked
[2025.12.18-20.16.52:688][773]LogBlueprintUserMessages: [BP_TestClickActor1_2] BP_TestClickActor1 was clicked
[2025.12.18-20.16.52:704][774]LogBlueprintUserMessages: [BP_TestClickActor1_2] BP_TestClickActor1 was clicked
[2025.12.18-20.16.52:721][775]LogBlueprintUserMessages: [BP_TestClickActor1_2] BP_TestClickActor1 was clicked
[2025.12.18-20.16.52:738][776]LogBlueprintUserMessages: [BP_TestClickActor1_2] BP_TestClickActor1 was clicked
[2025.12.18-20.16.52:755][777]LogBlueprintUserMessages: [BP_TestClickActor1_2] BP_TestClickActor1 was clicked
[2025.12.18-20.16.52:771][778]LogBlueprintUserMessages: [BP_TestClickActor1_2] BP_TestClickActor1 was clicked
[2025.12.18-20.16.52:788][779]LogBlueprintUserMessages: [BP_TestClickActor1_2] BP_TestClickActor1 was clicked
[2025.12.18-20.16.52:805][780]LogBlueprintUserMessages: [BP_TestClickActor1_2] BP_TestClickActor1 was clicked
[2025.12.18-20.16.52:821][781]LogBlueprintUserMessages: [BP_TestClickActor1_2] BP_TestClickActor1 was clicked
[2025.12.18-20.16.52:838][782]LogBlueprintUserMessages: [BP_TestClickActor1_2] BP_TestClickActor1 was clicked
[2025.12.18-20.16.52:854][783]LogBlueprintUserMessages: [BP_TestClickActor1_2] BP_TestClickActor1 was clicked
[2025.12.18-20.16.52:871][784]LogBlueprintUserMessages: [BP_TestClickActor1_2] BP_TestClickActor1 was clicked
[2025.12.18-20.16.52:888][785]LogBlueprintUserMessages: [BP_TestClickActor1_2] BP_TestClickActor1 was clicked
[2025.12.18-20.16.52:905][786]LogBlueprintUserMessages: [BP_TestClickActor1_2] BP_TestClickActor1 was clicked
[2025.12.18-20.16.52:921][787]LogBlueprintUserMessages: [BP_TestClickActor1_2] BP_TestClickActor1 was clicked
[2025.12.18-20.16.52:938][788]LogBlueprintUserMessages: [BP_TestClickActor1_2] BP_TestClickActor1 was clicked
[2025.12.18-20.16.52:955][789]LogBlueprintUserMessages: [BP_TestClickActor1_2] BP_TestClickActor1 was clicked
[2025.12.18-20.16.52:971][790]LogBlueprintUserMessages: [BP_TestClickActor1_2] BP_TestClickActor1 was clicked
[2025.12.18-20.16.52:987][791]LogBlueprintUserMessages: [BP_TestClickActor1_2] BP_TestClickActor1 was clicked
[2025.12.18-20.16.53:004][792]LogBlueprintUserMessages: [BP_TestClickActor1_2] BP_TestClickActor1 was clicked
[2025.12.18-20.16.53:021][793]LogBlueprintUserMessages: [BP_TestClickActor1_2] BP_TestClickActor1 was clicked
[2025.12.18-20.16.53:038][794]LogBlueprintUserMessages: [BP_TestClickActor1_2] BP_TestClickActor1 was clicked
[2025.12.18-20.16.53:054][795]LogBlueprintUserMessages: [BP_TestClickActor1_2] BP_TestClickActor1 was clicked
[2025.12.18-20.16.53:071][796]LogBlueprintUserMessages: [BP_TestClickActor1_2] BP_TestClickActor1 was clicked
[2025.12.18-20.16.53:087][797]LogBlueprintUserMessages: [BP_TestClickActor1_2] BP_TestClickActor1 was clicked
[2025.12.18-20.16.53:104][798]LogBlueprintUserMessages: [BP_TestClickActor1_2] BP_TestClickActor1 was clicked
[2025.12.18-20.16.54:189][863]LogNet: Browse: /Game/Workplace/Maps/FirstLevel
[2025.12.18-20.16.54:189][863]LogLoad: LoadMap: /Game/Workplace/Maps/FirstLevel
[2025.12.18-20.16.54:189][863]LogWorld: BeginTearingDown for /Game/Workplace/Maps/UEDPIE_0_FirstLevel
[2025.12.18-20.16.54:189][863]LogWorld: UWorld::CleanupWorld for FirstLevel, bSessionEnded=true, bCleanupResources=true
[2025.12.18-20.16.54:190][863]LogSlate: InvalidateAllWidgets triggered.  All widgets were invalidated
[2025.12.18-20.16.54:204][863]LogAudio: Display: Audio Device unregistered from world 'None'.
[2025.12.18-20.16.54:207][863]LogUObjectHash: Compacting FUObjectHashTables data took   1.79ms
[2025.12.18-20.16.54:229][863]LogAudio: Display: Audio Device (ID: 8) registered with world 'FirstLevel'.
[2025.12.18-20.16.54:230][863]LogAIModule: Creating AISystem for world FirstLevel
[2025.12.18-20.16.54:230][863]LogLoad: Game class is 'BP_GameMode_C'
[2025.12.18-20.16.54:237][863]LogWorld: Bringing World /Game/Workplace/Maps/UEDPIE_0_FirstLevel.FirstLevel up for play (max tick rate 60) at 2025.12.18-23.16.54
[2025.12.18-20.16.54:237][863]LogWorld: Bringing up level for play took: 0.007147
[2025.12.18-20.16.54:238][863]LogSpawn: Warning: SpawnActor failed because no class was specified
[2025.12.18-20.16.54:239][863]LogLoad: Took 0.050360 seconds to LoadMap(/Game/Workplace/Maps/FirstLevel)
[2025.12.18-20.16.57:340][ 49]LogBlueprintUserMessages: [BP_TestClickActor1_2] BP_TestClickActor1 was clicked
[2025.12.18-20.16.57:356][ 50]LogBlueprintUserMessages: [BP_TestClickActor1_2] BP_TestClickActor1 was clicked
[2025.12.18-20.16.57:372][ 51]LogBlueprintUserMessages: [BP_TestClickActor1_2] BP_TestClickActor1 was clicked
[2025.12.18-20.16.57:389][ 52]LogBlueprintUserMessages: [BP_TestClickActor1_2] BP_TestClickActor1 was clicked
[2025.12.18-20.16.57:405][ 53]LogBlueprintUserMessages: [BP_TestClickActor1_2] BP_TestClickActor1 was clicked
[2025.12.18-20.16.57:422][ 54]LogBlueprintUserMessages: [BP_TestClickActor1_2] BP_TestClickActor1 was clicked
[2025.12.18-20.16.57:439][ 55]LogBlueprintUserMessages: [BP_TestClickActor1_2] BP_TestClickActor1 was clicked
[2025.12.18-20.16.57:456][ 56]LogBlueprintUserMessages: [BP_TestClickActor1_2] BP_TestClickActor1 was clicked
[2025.12.18-20.16.57:472][ 57]LogBlueprintUserMessages: [BP_TestClickActor1_2] BP_TestClickActor1 was clicked
[2025.12.18-20.16.57:489][ 58]LogBlueprintUserMessages: [BP_TestClickActor1_2] BP_TestClickActor1 was clicked
[2025.12.18-20.16.57:505][ 59]LogBlueprintUserMessages: [BP_TestClickActor1_2] BP_TestClickActor1 was clicked
[2025.12.18-20.16.57:523][ 60]LogBlueprintUserMessages: [BP_TestClickActor1_2] BP_TestClickActor1 was clicked
[2025.12.18-20.16.57:539][ 61]LogBlueprintUserMessages: [BP_TestClickActor1_2] BP_TestClickActor1 was clicked
[2025.12.18-20.16.57:556][ 62]LogBlueprintUserMessages: [BP_TestClickActor1_2] BP_TestClickActor1 was clicked
[2025.12.18-20.16.57:573][ 63]LogBlueprintUserMessages: [BP_TestClickActor1_2] BP_TestClickActor1 was clicked
[2025.12.18-20.16.57:589][ 64]LogBlueprintUserMessages: [BP_TestClickActor1_2] BP_TestClickActor1 was clicked
[2025.12.18-20.16.57:606][ 65]LogBlueprintUserMessages: [BP_TestClickActor1_2] BP_TestClickActor1 was clicked
[2025.12.18-20.16.57:623][ 66]LogBlueprintUserMessages: [BP_TestClickActor1_2] BP_TestClickActor1 was clicked
[2025.12.18-20.16.57:706][ 71]LogBlueprintUserMessages: [BP_TestClickActor1_2] BP_TestClickActor1 was clicked
[2025.12.18-20.16.57:722][ 72]LogBlueprintUserMessages: [BP_TestClickActor1_2] BP_TestClickActor1 was clicked
[2025.12.18-20.16.57:739][ 73]LogBlueprintUserMessages: [BP_TestClickActor1_2] BP_TestClickActor1 was clicked
[2025.12.18-20.16.57:756][ 74]LogBlueprintUserMessages: [BP_TestClickActor1_2] BP_TestClickActor1 was clicked
[2025.12.18-20.16.57:772][ 75]LogBlueprintUserMessages: [BP_TestClickActor1_2] BP_TestClickActor1 was clicked
[2025.12.18-20.16.57:788][ 76]LogBlueprintUserMessages: [BP_TestClickActor1_2] BP_TestClickActor1 was clicked
[2025.12.18-20.16.57:805][ 77]LogBlueprintUserMessages: [BP_TestClickActor1_2] BP_TestClickActor1 was clicked
[2025.12.18-20.16.57:822][ 78]LogBlueprintUserMessages: [BP_TestClickActor1_2] BP_TestClickActor1 was clicked
[2025.12.18-20.16.57:838][ 79]LogBlueprintUserMessages: [BP_TestClickActor1_2] BP_TestClickActor1 was clicked
[2025.12.18-20.16.57:855][ 80]LogBlueprintUserMessages: [BP_TestClickActor1_2] BP_TestClickActor1 was clicked
[2025.12.18-20.16.57:872][ 81]LogBlueprintUserMessages: [BP_TestClickActor1_2] BP_TestClickActor1 was clicked
[2025.12.18-20.16.57:888][ 82]LogBlueprintUserMessages: [BP_TestClickActor1_2] BP_TestClickActor1 was clicked
[2025.12.18-20.16.57:906][ 83]LogBlueprintUserMessages: [BP_TestClickActor1_2] BP_TestClickActor1 was clicked
[2025.12.18-20.16.57:923][ 84]LogBlueprintUserMessages: [BP_TestClickActor1_2] BP_TestClickActor1 was clicked
[2025.12.18-20.16.57:939][ 85]LogBlueprintUserMessages: [BP_TestClickActor1_2] BP_TestClickActor1 was clicked
[2025.12.18-20.16.57:956][ 86]LogBlueprintUserMessages: [BP_TestClickActor1_2] BP_TestClickActor1 was clicked
[2025.12.18-20.16.57:973][ 87]LogBlueprintUserMessages: [BP_TestClickActor1_2] BP_TestClickActor1 was clicked
[2025.12.18-20.16.57:988][ 88]LogBlueprintUserMessages: [BP_TestClickActor1_2] BP_TestClickActor1 was clicked
[2025.12.18-20.16.58:006][ 89]LogBlueprintUserMessages: [BP_TestClickActor1_2] BP_TestClickActor1 was clicked
[2025.12.18-20.16.58:022][ 90]LogBlueprintUserMessages: [BP_TestClickActor1_2] BP_TestClickActor1 was clicked
[2025.12.18-20.16.58:039][ 91]LogBlueprintUserMessages: [BP_TestClickActor1_2] BP_TestClickActor1 was clicked
[2025.12.18-20.16.58:055][ 92]LogBlueprintUserMessages: [BP_TestClickActor1_2] BP_TestClickActor1 was clicked
[2025.12.18-20.16.58:072][ 93]LogBlueprintUserMessages: [BP_TestClickActor1_2] BP_TestClickActor1 was clicked
[2025.12.18-20.16.58:088][ 94]LogBlueprintUserMessages: [BP_TestClickActor1_2] BP_TestClickActor1 was clicked
[2025.12.18-20.16.58:105][ 95]LogBlueprintUserMessages: [BP_TestClickActor1_2] BP_TestClickActor1 was clicked
[2025.12.18-20.16.58:122][ 96]LogBlueprintUserMessages: [BP_TestClickActor1_2] BP_TestClickActor1 was clicked
[2025.12.18-20.16.58:139][ 97]LogBlueprintUserMessages: [BP_TestClickActor1_2] BP_TestClickActor1 was clicked
[2025.12.18-20.16.58:155][ 98]LogBlueprintUserMessages: [BP_TestClickActor1_2] BP_TestClickActor1 was clicked
[2025.12.18-20.16.58:173][ 99]LogBlueprintUserMessages: [BP_TestClickActor1_2] BP_TestClickActor1 was clicked
[2025.12.18-20.16.58:188][100]LogBlueprintUserMessages: [BP_TestClickActor1_2] BP_TestClickActor1 was clicked
[2025.12.18-20.16.58:205][101]LogBlueprintUserMessages: [BP_TestClickActor1_2] BP_TestClickActor1 was clicked
[2025.12.18-20.16.58:222][102]LogBlueprintUserMessages: [BP_TestClickActor1_2] BP_TestClickActor1 was clicked
[2025.12.18-20.16.58:239][103]LogBlueprintUserMessages: [BP_TestClickActor1_2] BP_TestClickActor1 was clicked
[2025.12.18-20.16.58:255][104]LogBlueprintUserMessages: [BP_TestClickActor1_2] BP_TestClickActor1 was clicked
[2025.12.18-20.16.58:272][105]LogBlueprintUserMessages: [BP_TestClickActor1_2] BP_TestClickActor1 was clicked
[2025.12.18-20.16.58:289][106]LogBlueprintUserMessages: [BP_TestClickActor1_2] BP_TestClickActor1 was clicked
[2025.12.18-20.16.58:306][107]LogBlueprintUserMessages: [BP_TestClickActor1_2] BP_TestClickActor1 was clicked
[2025.12.18-20.16.58:322][108]LogBlueprintUserMessages: [BP_TestClickActor1_2] BP_TestClickActor1 was clicked
[2025.12.18-20.16.58:339][109]LogBlueprintUserMessages: [BP_TestClickActor1_2] BP_TestClickActor1 was clicked
[2025.12.18-20.16.58:356][110]LogBlueprintUserMessages: [BP_TestClickActor1_2] BP_TestClickActor1 was clicked
[2025.12.18-20.16.58:372][111]LogBlueprintUserMessages: [BP_TestClickActor1_2] BP_TestClickActor1 was clicked
[2025.12.18-20.16.58:389][112]LogBlueprintUserMessages: [BP_TestClickActor1_2] BP_TestClickActor1 was clicked
[2025.12.18-20.16.58:406][113]LogBlueprintUserMessages: [BP_TestClickActor1_2] BP_TestClickActor1 was clicked
[2025.12.18-20.16.58:422][114]LogBlueprintUserMessages: [BP_TestClickActor1_2] BP_TestClickActor1 was clicked
[2025.12.18-20.16.58:438][115]LogBlueprintUserMessages: [BP_TestClickActor1_2] BP_TestClickActor1 was clicked
[2025.12.18-20.16.58:455][116]LogBlueprintUserMessages: [BP_TestClickActor1_2] BP_TestClickActor1 was clicked
[2025.12.18-20.16.58:472][117]LogBlueprintUserMessages: [BP_TestClickActor1_2] BP_TestClickActor1 was clicked
[2025.12.18-20.16.58:488][118]LogBlueprintUserMessages: [BP_TestClickActor1_2] BP_TestClickActor1 was clicked
[2025.12.18-20.16.58:505][119]LogBlueprintUserMessages: [BP_TestClickActor1_2] BP_TestClickActor1 was clicked
[2025.12.18-20.16.58:522][120]LogBlueprintUserMessages: [BP_TestClickActor1_2] BP_TestClickActor1 was clicked
[2025.12.18-20.16.58:539][121]LogBlueprintUserMessages: [BP_TestClickActor1_2] BP_TestClickActor1 was clicked
[2025.12.18-20.16.58:555][122]LogBlueprintUserMessages: [BP_TestClickActor1_2] BP_TestClickActor1 was clicked
[2025.12.18-20.16.58:572][123]LogBlueprintUserMessages: [BP_TestClickActor1_2] BP_TestClickActor1 was clicked
[2025.12.18-20.16.58:589][124]LogBlueprintUserMessages: [BP_TestClickActor1_2] BP_TestClickActor1 was clicked
[2025.12.18-20.16.58:606][125]LogBlueprintUserMessages: [BP_TestClickActor1_2] BP_TestClickActor1 was clicked
[2025.12.18-20.16.58:622][126]LogBlueprintUserMessages: [BP_TestClickActor1_2] BP_TestClickActor1 was clicked
[2025.12.18-20.16.58:639][127]LogBlueprintUserMessages: [BP_TestClickActor1_2] BP_TestClickActor1 was clicked
[2025.12.18-20.16.58:655][128]LogBlueprintUserMessages: [BP_TestClickActor1_2] BP_TestClickActor1 was clicked
[2025.12.18-20.16.58:672][129]LogBlueprintUserMessages: [BP_TestClickActor1_2] BP_TestClickActor1 was clicked
[2025.12.18-20.16.58:689][130]LogBlueprintUserMessages: [BP_TestClickActor1_2] BP_TestClickActor1 was clicked
[2025.12.18-20.16.58:706][131]LogBlueprintUserMessages: [BP_TestClickActor1_2] BP_TestClickActor1 was clicked
[2025.12.18-20.16.58:723][132]LogBlueprintUserMessages: [BP_TestClickActor1_2] BP_TestClickActor1 was clicked
[2025.12.18-20.16.58:738][133]LogBlueprintUserMessages: [BP_TestClickActor1_2] BP_TestClickActor1 was clicked
[2025.12.18-20.16.58:755][134]LogBlueprintUserMessages: [BP_TestClickActor1_2] BP_TestClickActor1 was clicked
[2025.12.18-20.16.58:772][135]LogBlueprintUserMessages: [BP_TestClickActor1_2] BP_TestClickActor1 was clicked
[2025.12.18-20.16.58:789][136]LogBlueprintUserMessages: [BP_TestClickActor1_2] BP_TestClickActor1 was clicked
[2025.12.18-20.16.58:806][137]LogBlueprintUserMessages: [BP_TestClickActor1_2] BP_TestClickActor1 was clicked
[2025.12.18-20.16.58:822][138]LogBlueprintUserMessages: [BP_TestClickActor1_2] BP_TestClickActor1 was clicked
[2025.12.18-20.16.58:839][139]LogBlueprintUserMessages: [BP_TestClickActor1_2] BP_TestClickActor1 was clicked
[2025.12.18-20.16.58:855][140]LogBlueprintUserMessages: [BP_TestClickActor1_2] BP_TestClickActor1 was clicked
[2025.12.18-20.16.58:872][141]LogBlueprintUserMessages: [BP_TestClickActor1_2] BP_TestClickActor1 was clicked
[2025.12.18-20.16.58:889][142]LogBlueprintUserMessages: [BP_TestClickActor1_2] BP_TestClickActor1 was clicked
[2025.12.18-20.16.58:906][143]LogBlueprintUserMessages: [BP_TestClickActor1_2] BP_TestClickActor1 was clicked
[2025.12.18-20.16.58:923][144]LogBlueprintUserMessages: [BP_TestClickActor1_2] BP_TestClickActor1 was clicked
[2025.12.18-20.16.58:939][145]LogBlueprintUserMessages: [BP_TestClickActor1_2] BP_TestClickActor1 was clicked
[2025.12.18-20.16.58:956][146]LogBlueprintUserMessages: [BP_TestClickActor1_2] BP_TestClickActor1 was clicked
[2025.12.18-20.16.58:972][147]LogBlueprintUserMessages: [BP_TestClickActor1_2] BP_TestClickActor1 was clicked
[2025.12.18-20.16.58:989][148]LogBlueprintUserMessages: [BP_TestClickActor1_2] BP_TestClickActor1 was clicked
[2025.12.18-20.16.59:006][149]LogBlueprintUserMessages: [BP_TestClickActor1_2] BP_TestClickActor1 was clicked
[2025.12.18-20.16.59:022][150]LogBlueprintUserMessages: [BP_TestClickActor1_2] BP_TestClickActor1 was clicked
[2025.12.18-20.16.59:039][151]LogBlueprintUserMessages: [BP_TestClickActor1_2] BP_TestClickActor1 was clicked
[2025.12.18-20.16.59:055][152]LogBlueprintUserMessages: [BP_TestClickActor1_2] BP_TestClickActor1 was clicked
[2025.12.18-20.16.59:072][153]LogBlueprintUserMessages: [BP_TestClickActor1_2] BP_TestClickActor1 was clicked
[2025.12.18-20.16.59:089][154]LogBlueprintUserMessages: [BP_TestClickActor1_2] BP_TestClickActor1 was clicked
[2025.12.18-20.16.59:106][155]LogBlueprintUserMessages: [BP_TestClickActor1_2] BP_TestClickActor1 was clicked
[2025.12.18-20.16.59:122][156]LogBlueprintUserMessages: [BP_TestClickActor1_2] BP_TestClickActor1 was clicked
[2025.12.18-20.16.59:139][157]LogBlueprintUserMessages: [BP_TestClickActor1_2] BP_TestClickActor1 was clicked
[2025.12.18-20.16.59:156][158]LogBlueprintUserMessages: [BP_TestClickActor1_2] BP_TestClickActor1 was clicked
[2025.12.18-20.16.59:172][159]LogBlueprintUserMessages: [BP_TestClickActor1_2] BP_TestClickActor1 was clicked
[2025.12.18-20.16.59:189][160]LogBlueprintUserMessages: [BP_TestClickActor1_2] BP_TestClickActor1 was clicked
[2025.12.18-20.16.59:206][161]LogBlueprintUserMessages: [BP_TestClickActor1_2] BP_TestClickActor1 was clicked
[2025.12.18-20.16.59:222][162]LogBlueprintUserMessages: [BP_TestClickActor1_2] BP_TestClickActor1 was clicked
[2025.12.18-20.16.59:238][163]LogBlueprintUserMessages: [BP_TestClickActor1_2] BP_TestClickActor1 was clicked
[2025.12.18-20.16.59:255][164]LogBlueprintUserMessages: [BP_TestClickActor1_2] BP_TestClickActor1 was clicked
[2025.12.18-20.16.59:272][165]LogBlueprintUserMessages: [BP_TestClickActor1_2] BP_TestClickActor1 was clicked
[2025.12.18-20.16.59:288][166]LogBlueprintUserMessages: [BP_TestClickActor1_2] BP_TestClickActor1 was clicked
[2025.12.18-20.16.59:305][167]LogBlueprintUserMessages: [BP_TestClickActor1_2] BP_TestClickActor1 was clicked
[2025.12.18-20.16.59:322][168]LogBlueprintUserMessages: [BP_TestClickActor1_2] BP_TestClickActor1 was clicked
[2025.12.18-20.16.59:338][169]LogBlueprintUserMessages: [BP_TestClickActor1_2] BP_TestClickActor1 was clicked
[2025.12.18-20.16.59:355][170]LogBlueprintUserMessages: [BP_TestClickActor1_2] BP_TestClickActor1 was clicked
[2025.12.18-20.16.59:372][171]LogBlueprintUserMessages: [BP_TestClickActor1_2] BP_TestClickActor1 was clicked
[2025.12.18-20.16.59:389][172]LogBlueprintUserMessages: [BP_TestClickActor1_2] BP_TestClickActor1 was clicked
[2025.12.18-20.16.59:405][173]LogBlueprintUserMessages: [BP_TestClickActor1_2] BP_TestClickActor1 was clicked
[2025.12.18-20.16.59:422][174]LogBlueprintUserMessages: [BP_TestClickActor1_2] BP_TestClickActor1 was clicked
[2025.12.18-20.16.59:438][175]LogBlueprintUserMessages: [BP_TestClickActor1_2] BP_TestClickActor1 was clicked
[2025.12.18-20.16.59:455][176]LogBlueprintUserMessages: [BP_TestClickActor1_2] BP_TestClickActor1 was clicked
[2025.12.18-20.16.59:472][177]LogBlueprintUserMessages: [BP_TestClickActor1_2] BP_TestClickActor1 was clicked
[2025.12.18-20.16.59:488][178]LogBlueprintUserMessages: [BP_TestClickActor1_2] BP_TestClickActor1 was clicked
[2025.12.18-20.16.59:505][179]LogBlueprintUserMessages: [BP_TestClickActor1_2] BP_TestClickActor1 was clicked
[2025.12.18-20.17.13:673][ 29]LogSlate: Updating window title bar state: overlay mode, drag disabled, window buttons hidden, title bar hidden
[2025.12.18-20.17.13:674][ 29]LogWorld: BeginTearingDown for /Game/Workplace/Maps/UEDPIE_0_FirstLevel
[2025.12.18-20.17.13:674][ 29]LogSlate: Window 'Mini_laboratory Preview [NetMode: Standalone]  (64-bit/Windows) ' being destroyed
[2025.12.18-20.17.13:698][ 29]LogWorld: UWorld::CleanupWorld for FirstLevel, bSessionEnded=true, bCleanupResources=true
[2025.12.18-20.17.13:698][ 29]LogSlate: InvalidateAllWidgets triggered.  All widgets were invalidated
[2025.12.18-20.17.13:705][ 29]LogPlayLevel: Display: Shutting down PIE online subsystems
[2025.12.18-20.17.13:708][ 29]LogSlate: InvalidateAllWidgets triggered.  All widgets were invalidated
[2025.12.18-20.17.13:725][ 29]LogAudioMixer: FMixerPlatformXAudio2::StopAudioStream() called
[2025.12.18-20.17.13:726][ 29]LogAudioMixer: FMixerPlatformXAudio2::StopAudioStream() called
[2025.12.18-20.17.13:731][ 29]LogUObjectHash: Compacting FUObjectHashTables data took   1.71ms
[2025.12.18-20.17.13:779][ 32]LogPlayLevel: Display: Destroying online subsystem :Context_35
[2025.12.18-20.17.16:503][194]LogUObjectHash: Compacting FUObjectHashTables data took   1.67ms
[2025.12.18-20.17.18:016][283]LogUObjectHash: Compacting FUObjectHashTables data took   1.37ms
[2025.12.18-20.17.19:509][371]LogUObjectHash: Compacting FUObjectHashTables data took   1.30ms
[2025.12.18-20.17.20:875][450]LogUObjectHash: Compacting FUObjectHashTables data took   1.45ms
[2025.12.18-20.17.22:270][477]LogEditorViewport: Clicking Background
[2025.12.18-20.17.24:197][590]LogUObjectHash: Compacting FUObjectHashTables data took   1.39ms
[2025.12.18-20.17.25:712][679]LogUObjectHash: Compacting FUObjectHashTables data took   1.37ms
[2025.12.18-20.17.27:256][770]LogUObjectHash: Compacting FUObjectHashTables data took   1.38ms
[2025.12.18-20.17.28:519][844]LogUObjectHash: Compacting FUObjectHashTables data took   1.37ms
[2025.12.18-20.17.28:536][844]LogSlate: Window 'Mini_laboratory - Unreal Editor' being destroyed
[2025.12.18-20.17.28:674][845]Cmd: QUIT_EDITOR
[2025.12.18-20.17.28:674][845]LogCore: Engine exit requested (reason: UUnrealEdEngine::CloseEditor())
[2025.12.18-20.17.28:679][845]LogCore: Engine exit requested (reason: EngineExit() was called; note: exit was already requested)
[2025.12.18-20.17.29:481][845]LogAudio: Display: Beginning Audio Device Manager Shutdown (Module: AudioMixerXAudio2)...
[2025.12.18-20.17.29:481][845]LogAudio: Display: Destroying 1 Remaining Audio Device(s)...
[2025.12.18-20.17.29:481][845]LogAudio: Display: Audio Device unregistered from world 'StartMenu'.
[2025.12.18-20.17.29:482][845]LogAudioMixer: FMixerPlatformXAudio2::StopAudioStream() called
[2025.12.18-20.17.29:487][845]LogAudioMixer: FMixerPlatformXAudio2::StopAudioStream() called
[2025.12.18-20.17.29:527][845]LogAudio: Display: Audio Device Manager Shutdown
[2025.12.18-20.17.29:528][845]LogWindowsTextInputMethodSystem: Display: IME system deactivated.
[2025.12.18-20.17.29:535][845]LogExit: Preparing to exit.
[2025.12.18-20.17.29:565][845]LogUObjectHash: Compacting FUObjectHashTables data took   2.64ms
[2025.12.18-20.17.30:148][845]LogWorld: UWorld::CleanupWorld for World_5, bSessionEnded=true, bCleanupResources=true
[2025.12.18-20.17.30:150][845]LogWorld: UWorld::CleanupWorld for World_6, bSessionEnded=true, bCleanupResources=true
[2025.12.18-20.17.30:152][845]LogWorld: UWorld::CleanupWorld for World_7, bSessionEnded=true, bCleanupResources=true
[2025.12.18-20.17.30:155][845]LogWorld: UWorld::CleanupWorld for World_8, bSessionEnded=true, bCleanupResources=true
[2025.12.18-20.17.30:157][845]LogWorld: UWorld::CleanupWorld for World_9, bSessionEnded=true, bCleanupResources=true
[2025.12.18-20.17.30:159][845]LogWorld: UWorld::CleanupWorld for World_10, bSessionEnded=true, bCleanupResources=true
[2025.12.18-20.17.30:161][845]LogWorld: UWorld::CleanupWorld for World_11, bSessionEnded=true, bCleanupResources=true
[2025.12.18-20.17.30:162][845]LogWorld: UWorld::CleanupWorld for World_12, bSessionEnded=true, bCleanupResources=true
[2025.12.18-20.17.30:164][845]LogWorld: UWorld::CleanupWorld for World_13, bSessionEnded=true, bCleanupResources=true
[2025.12.18-20.17.30:166][845]LogWorld: UWorld::CleanupWorld for World_4, bSessionEnded=true, bCleanupResources=true
[2025.12.18-20.17.30:168][845]LogWorld: UWorld::CleanupWorld for World_3, bSessionEnded=true, bCleanupResources=true
[2025.12.18-20.17.30:169][845]LogWorld: UWorld::CleanupWorld for World_0, bSessionEnded=true, bCleanupResources=true
[2025.12.18-20.17.30:253][845]LogDemo: Cleaned up 0 splitscreen connections with owner deletion
[2025.12.18-20.17.30:303][845]LogWorld: UWorld::CleanupWorld for None, bSessionEnded=true, bCleanupResources=true
[2025.12.18-20.17.30:303][845]LogExit: Editor shut down
[2025.12.18-20.17.30:309][845]LogExit: Transaction tracking system shut down
[2025.12.18-20.17.30:757][845]LogExit: Object subsystem successfully closed.
[2025.12.18-20.17.30:771][845]LogShaderCompilers: Display: === FShaderJobCache stats ===
[2025.12.18-20.17.30:771][845]LogShaderCompilers: Display: Total job queries 164, among them cache hits 105 (64.02%)
[2025.12.18-20.17.30:771][845]LogShaderCompilers: Display: Tracking 38 distinct input hashes that result in 27 distinct outputs (71.05%)
[2025.12.18-20.17.30:771][845]LogShaderCompilers: Display: RAM used: 0.13 MB (0.00 GB) of 409.60 MB (0.40 GB) budget. Usage: 0.03%
[2025.12.18-20.17.30:771][845]LogShaderCompilers: Display: ================================================
[2025.12.18-20.17.30:801][845]LogShaderCompilers: Display: Shaders left to compile 0
[2025.12.18-20.17.30:874][845]LogModuleManager: Shutting down and abandoning module HierarchicalLODUtilities (884)
[2025.12.18-20.17.30:874][845]LogModuleManager: Shutting down and abandoning module BlueprintGraph (882)
[2025.12.18-20.17.30:874][845]LogModuleManager: Shutting down and abandoning module StaticMeshEditor (880)
[2025.12.18-20.17.30:874][845]LogModuleManager: Shutting down and abandoning module MovieSceneCapture (878)
[2025.12.18-20.17.30:874][845]LogModuleManager: Shutting down and abandoning module Voice (876)
[2025.12.18-20.17.30:875][845]LogModuleManager: Shutting down and abandoning module PinnedCommandList (874)
[2025.12.18-20.17.30:875][845]LogModuleManager: Shutting down and abandoning module SkeletonEditor (872)
[2025.12.18-20.17.30:875][845]LogModuleManager: Shutting down and abandoning module HierarchicalLODOutliner (870)
[2025.12.18-20.17.30:875][845]LogModuleManager: Shutting down and abandoning module SceneOutliner (868)
[2025.12.18-20.17.30:875][845]LogModuleManager: Shutting down and abandoning module AddContentDialog (866)
[2025.12.18-20.17.30:886][845]LogModuleManager: Shutting down and abandoning module WidgetCarousel (865)
[2025.12.18-20.17.30:886][845]LogModuleManager: Shutting down and abandoning module EditorWidgets (862)
[2025.12.18-20.17.30:886][845]LogModuleManager: Shutting down and abandoning module StatsViewer (860)
[2025.12.18-20.17.30:886][845]LogModuleManager: Shutting down and abandoning module PIEPreviewDeviceProfileSelector (858)
[2025.12.18-20.17.30:886][845]LogModuleManager: Shutting down and abandoning module SequenceRecorderSections (856)
[2025.12.18-20.17.30:887][845]LogModuleManager: Shutting down and abandoning module AutomationWorker (854)
[2025.12.18-20.17.30:887][845]LogModuleManager: Shutting down and abandoning module SteamVREditor (852)
[2025.12.18-20.17.30:887][845]LogModuleManager: Shutting down and abandoning module OculusMR (850)
[2025.12.18-20.17.30:887][845]LogModuleManager: Shutting down and abandoning module TakeRecorderSources (848)
[2025.12.18-20.17.30:889][845]LogModuleManager: Shutting down and abandoning module TakeRecorder (847)
[2025.12.18-20.17.30:890][845]LogModuleManager: Shutting down and abandoning module TakeTrackRecorders (844)
[2025.12.18-20.17.30:890][845]LogModuleManager: Shutting down and abandoning module TakesCore (842)
[2025.12.18-20.17.30:890][845]LogModuleManager: Shutting down and abandoning module OpenXRInput (840)
[2025.12.18-20.17.30:890][845]LogModuleManager: Shutting down and abandoning module GooglePADEditor (838)
[2025.12.18-20.17.30:890][845]LogModuleManager: Shutting down and abandoning module AudioCaptureEditor (836)
[2025.12.18-20.17.30:890][845]LogModuleManager: Shutting down and abandoning module PlanarCut (834)
[2025.12.18-20.17.30:891][845]LogModuleManager: Shutting down and abandoning module TemplateSequenceEditor (832)
[2025.12.18-20.17.30:891][845]LogModuleManager: Shutting down and abandoning module MatineeToLevelSequence (830)
[2025.12.18-20.17.30:891][845]LogModuleManager: Shutting down and abandoning module LevelSequenceEditor (828)
[2025.12.18-20.17.30:892][845]LogModuleManager: Shutting down and abandoning module ActorSequenceEditor (826)
[2025.12.18-20.17.30:893][845]LogModuleManager: Shutting down and abandoning module WmfMediaFactory (824)
[2025.12.18-20.17.30:893][845]LogModuleManager: Shutting down and abandoning module WmfMediaEditor (822)
[2025.12.18-20.17.30:893][845]LogModuleManager: Shutting down and abandoning module WebMMediaFactory (820)
[2025.12.18-20.17.30:893][845]LogModuleManager: Shutting down and abandoning module WebMMediaEditor (818)
[2025.12.18-20.17.30:893][845]LogModuleManager: Shutting down and abandoning module WebMMedia (816)
[2025.12.18-20.17.30:894][845]LogModuleManager: Shutting down and abandoning module MediaPlayerEditor (814)
[2025.12.18-20.17.30:894][845]LogModuleManager: Shutting down and abandoning module OpenExrWrapper (812)
[2025.12.18-20.17.30:894][845]LogModuleManager: Shutting down and abandoning module ImgMediaFactory (810)
[2025.12.18-20.17.30:894][845]LogModuleManager: Shutting down and abandoning module ImgMediaEditor (808)
[2025.12.18-20.17.30:894][845]LogModuleManager: Shutting down and abandoning module MediaCompositingEditor (806)
[2025.12.18-20.17.30:894][845]LogModuleManager: Shutting down and abandoning module SequenceRecorder (805)
[2025.12.18-20.17.30:895][845]LogModuleManager: Shutting down and abandoning module AvfMediaFactory (802)
[2025.12.18-20.17.30:895][845]LogModuleManager: Shutting down and abandoning module AvfMediaEditor (800)
[2025.12.18-20.17.30:895][845]LogModuleManager: Shutting down and abandoning module AndroidMediaFactory (798)
[2025.12.18-20.17.30:895][845]LogModuleManager: Shutting down and abandoning module AndroidMediaEditor (796)
[2025.12.18-20.17.30:895][845]LogModuleManager: Shutting down and abandoning module CharacterAI (794)
[2025.12.18-20.17.30:895][845]LogModuleManager: Shutting down and abandoning module MagicLeapMediaCodecFactory (792)
[2025.12.18-20.17.30:895][845]LogModuleManager: Shutting down and abandoning module MagicLeapMediaFactory (790)
[2025.12.18-20.17.30:895][845]LogModuleManager: Shutting down and abandoning module MagicLeapMediaEditor (788)
[2025.12.18-20.17.30:895][845]LogModuleManager: Shutting down and abandoning module TextureAlignMode (786)
[2025.12.18-20.17.30:895][845]LogModuleManager: Shutting down and abandoning module BspMode (784)
[2025.12.18-20.17.30:895][845]LogModuleManager: Shutting down and abandoning module GeometryMode (782)
[2025.12.18-20.17.30:895][845]LogModuleManager: Shutting down and abandoning module CameraShakePreviewer (780)
[2025.12.18-20.17.30:895][845]LogModuleManager: Shutting down and abandoning module SmartSnapping (778)
[2025.12.18-20.17.30:895][845]LogModuleManager: Shutting down and abandoning module SessionServices (776)
[2025.12.18-20.17.30:895][845]LogModuleManager: Shutting down and abandoning module MeshPaint (774)
[2025.12.18-20.17.30:896][845]LogModuleManager: Shutting down and abandoning module VirtualTexturingEditor (772)
[2025.12.18-20.17.30:896][845]LogModuleManager: Shutting down and abandoning module FoliageEdit (770)
[2025.12.18-20.17.30:897][845]LogModuleManager: Shutting down and abandoning module LandscapeEditor (768)
[2025.12.18-20.17.30:898][845]LogModuleManager: Shutting down and abandoning module MeshPaintMode (766)
[2025.12.18-20.17.30:898][845]LogModuleManager: Shutting down and abandoning module SceneDepthPickerMode (764)
[2025.12.18-20.17.30:898][845]LogModuleManager: Shutting down and abandoning module ActorPickerMode (762)
[2025.12.18-20.17.30:898][845]LogModuleManager: Shutting down and abandoning module PlacementMode (760)
[2025.12.18-20.17.30:898][845]LogModuleManager: Shutting down and abandoning module ViewportSnapping (758)
[2025.12.18-20.17.30:898][845]LogModuleManager: Shutting down and abandoning module ViewportInteraction (756)
[2025.12.18-20.17.30:898][845]LogModuleManager: Shutting down and abandoning module ClothPainter (754)
[2025.12.18-20.17.30:899][845]LogModuleManager: Shutting down and abandoning module SkeletalMeshEditor (753)
[2025.12.18-20.17.30:899][845]LogModuleManager: Shutting down and abandoning module LogVisualizer (750)
[2025.12.18-20.17.30:900][845]LogModuleManager: Shutting down and abandoning module IntroTutorials (748)
[2025.12.18-20.17.30:900][845]LogModuleManager: Shutting down and abandoning module GameProjectGeneration (747)
[2025.12.18-20.17.30:900][845]LogModuleManager: Shutting down and abandoning module LuminPlatformEditor (744)
[2025.12.18-20.17.30:900][845]LogModuleManager: Shutting down and abandoning module IOSPlatformEditor (742)
[2025.12.18-20.17.30:900][845]LogModuleManager: Shutting down and abandoning module AndroidPlatformEditor (740)
[2025.12.18-20.17.30:901][845]LogModuleManager: Shutting down and abandoning module AndroidDeviceDetection (739)
[2025.12.18-20.17.32:236][845]LogModuleManager: Shutting down and abandoning module WindowsPlatformEditor (736)
[2025.12.18-20.17.32:236][845]LogModuleManager: Shutting down and abandoning module LuminRuntimeSettings (734)
[2025.12.18-20.17.32:236][845]LogModuleManager: Shutting down and abandoning module IOSRuntimeSettings (732)
[2025.12.18-20.17.32:236][845]LogModuleManager: Shutting down and abandoning module AndroidRuntimeSettings (730)
[2025.12.18-20.17.32:236][845]LogModuleManager: Shutting down and abandoning module TraceInsights (728)
[2025.12.18-20.17.32:276][845]MemoryProfiler: Shutdown
[2025.12.18-20.17.32:276][845]NetworkingProfiler: Shutdown
[2025.12.18-20.17.32:276][845]LoadingProfiler: Shutdown
[2025.12.18-20.17.32:277][845]TimingProfiler: Shutdown
[2025.12.18-20.17.32:280][845]LogModuleManager: Shutting down and abandoning module TraceServices (727)
[2025.12.18-20.17.32:281][845]LogModuleManager: Shutting down and abandoning module EditorInteractiveToolsFramework (724)
[2025.12.18-20.17.32:281][845]LogModuleManager: Shutting down and abandoning module TimeManagementEditor (722)
[2025.12.18-20.17.32:281][845]LogModuleManager: Shutting down and abandoning module InputBindingEditor (720)
[2025.12.18-20.17.32:282][845]LogModuleManager: Shutting down and abandoning module MergeActors (718)
[2025.12.18-20.17.32:282][845]LogModuleManager: Shutting down and abandoning module LocalizationDashboard (716)
[2025.12.18-20.17.32:283][845]LogModuleManager: Shutting down and abandoning module LocalizationService (715)
[2025.12.18-20.17.32:283][845]LogModuleManager: Shutting down and abandoning module HardwareTargeting (712)
[2025.12.18-20.17.32:283][845]LogModuleManager: Shutting down and abandoning module DeviceProfileEditor (710)
[2025.12.18-20.17.32:283][845]LogModuleManager: Shutting down and abandoning module UndoHistory (708)
[2025.12.18-20.17.32:285][845]LogModuleManager: Shutting down and abandoning module XmlParser (706)
[2025.12.18-20.17.32:285][845]LogModuleManager: Shutting down and abandoning module Blutility (704)
[2025.12.18-20.17.32:285][845]LogModuleManager: Shutting down and abandoning module ProjectSettingsViewer (702)
[2025.12.18-20.17.32:285][845]LogModuleManager: Shutting down and abandoning module ProjectTargetPlatformEditor (701)
[2025.12.18-20.17.32:285][845]LogModuleManager: Shutting down and abandoning module EditorSettingsViewer (698)
[2025.12.18-20.17.32:285][845]LogModuleManager: Shutting down and abandoning module InternationalizationSettings (697)
[2025.12.18-20.17.32:285][845]LogModuleManager: Shutting down and abandoning module SettingsEditor (694)
[2025.12.18-20.17.32:286][845]LogModuleManager: Shutting down and abandoning module ProjectLauncher (692)
[2025.12.18-20.17.32:286][845]LogModuleManager: Shutting down and abandoning module SessionFrontend (690)
[2025.12.18-20.17.32:287][845]LogModuleManager: Shutting down and abandoning module ProfilerClient (688)
[2025.12.18-20.17.32:287][845]LogModuleManager: Shutting down and abandoning module DeviceManager (686)
[2025.12.18-20.17.32:288][845]LogModuleManager: Shutting down and abandoning module TargetDeviceServices (685)
[2025.12.18-20.17.32:321][845]LogModuleManager: Shutting down and abandoning module AutomationController (682)
[2025.12.18-20.17.32:323][845]LogModuleManager: Shutting down and abandoning module AutomationWindow (680)
[2025.12.18-20.17.32:324][845]LogModuleManager: Shutting down and abandoning module Layers (678)
[2025.12.18-20.17.32:327][845]LogModuleManager: Shutting down and abandoning module ComponentVisualizers (676)
[2025.12.18-20.17.32:328][845]LogModuleManager: Shutting down and abandoning module DetailCustomizations (674)
[2025.12.18-20.17.32:328][845]LogModuleManager: Shutting down and abandoning module PackagesDialog (672)
[2025.12.18-20.17.32:328][845]LogModuleManager: Shutting down and abandoning module AnimationBlueprintEditor (670)
[2025.12.18-20.17.32:329][845]LogModuleManager: Shutting down and abandoning module Persona (668)
[2025.12.18-20.17.32:330][845]LogModuleManager: Shutting down and abandoning module AdvancedPreviewScene (667)
[2025.12.18-20.17.32:330][845]LogModuleManager: Shutting down and abandoning module AnimGraph (665)
[2025.12.18-20.17.32:330][845]LogModuleManager: Shutting down and abandoning module Kismet (662)
[2025.12.18-20.17.32:344][845]LogModuleManager: Shutting down and abandoning module KismetWidgets (661)
[2025.12.18-20.17.32:345][845]LogModuleManager: Shutting down and abandoning module GraphEditor (658)
[2025.12.18-20.17.32:345][845]LogModuleManager: Shutting down and abandoning module StructViewer (656)
[2025.12.18-20.17.32:345][845]LogModuleManager: Shutting down and abandoning module ClassViewer (654)
[2025.12.18-20.17.32:345][845]LogModuleManager: Shutting down and abandoning module Toolbox (652)
[2025.12.18-20.17.32:345][845]LogModuleManager: Shutting down and abandoning module ModuleUI (650)
[2025.12.18-20.17.32:346][845]LogModuleManager: Shutting down and abandoning module OutputLog (648)
[2025.12.18-20.17.32:348][845]LogModuleManager: Shutting down and abandoning module GammaUI (646)
[2025.12.18-20.17.32:348][845]LogModuleManager: Shutting down and abandoning module Documentation (644)
[2025.12.18-20.17.32:349][845]LogModuleManager: Shutting down and abandoning module LiveCoding (642)
[2025.12.18-20.17.32:351][845]LogModuleManager: Shutting down and abandoning module LevelSequence (640)
[2025.12.18-20.17.32:351][845]LogModuleManager: Shutting down and abandoning module MovieSceneTracks (638)
[2025.12.18-20.17.32:351][845]LogModuleManager: Shutting down and abandoning module MovieScene (636)
[2025.12.18-20.17.32:353][845]LogModuleManager: Shutting down and abandoning module StreamingPauseRendering (634)
[2025.12.18-20.17.32:353][845]LogModuleManager: Shutting down and abandoning module LauncherPlatform (632)
[2025.12.18-20.17.32:353][845]LogModuleManager: Shutting down and abandoning module AnalyticsET (630)
[2025.12.18-20.17.32:353][845]LogModuleManager: Shutting down and abandoning module PortalServices (628)
[2025.12.18-20.17.32:353][845]LogModuleManager: Shutting down and abandoning module PortalRpc (626)
[2025.12.18-20.17.32:354][845]LogModuleManager: Shutting down and abandoning module MessagingRpc (624)
[2025.12.18-20.17.32:354][845]LogModuleManager: Shutting down and abandoning module AudioMixerXAudio2 (622)
[2025.12.18-20.17.32:354][845]LogModuleManager: Shutting down and abandoning module AudioMixerCore (621)
[2025.12.18-20.17.32:354][845]LogModuleManager: Shutting down and abandoning module AIModule (618)
[2025.12.18-20.17.32:354][845]LogModuleManager: Shutting down and abandoning module GameplayDebugger (617)
[2025.12.18-20.17.32:354][845]LogModuleManager: Shutting down and abandoning module AITestSuite (615)
[2025.12.18-20.17.32:354][845]LogModuleManager: Shutting down and abandoning module NavigationSystem (613)
[2025.12.18-20.17.32:355][845]LogModuleManager: Shutting down and abandoning module ImageWriteQueue (610)
[2025.12.18-20.17.32:355][845]LogModuleManager: Shutting down and abandoning module ProfilerService (608)
[2025.12.18-20.17.32:601][845]LogModuleManager: Shutting down and abandoning module TaskGraph (606)
[2025.12.18-20.17.32:601][845]LogModuleManager: Shutting down and abandoning module AudioSynesthesiaEditor (604)
[2025.12.18-20.17.32:601][845]LogModuleManager: Shutting down and abandoning module OculusEditor (602)
[2025.12.18-20.17.32:605][845]LogModuleManager: Shutting down and abandoning module OculusInput (600)
[2025.12.18-20.17.32:605][845]LogModuleManager: Shutting down and abandoning module ContentBrowserFileDataSource (598)
[2025.12.18-20.17.32:605][845]LogModuleManager: Shutting down and abandoning module ContentBrowserClassDataSource (596)
[2025.12.18-20.17.32:605][845]LogModuleManager: Shutting down and abandoning module ContentBrowserAssetDataSource (594)
[2025.12.18-20.17.32:605][845]LogModuleManager: Shutting down and abandoning module CollectionManager (593)
[2025.12.18-20.17.32:605][845]LogModuleManager: Shutting down and abandoning module SynthesisEditor (590)
[2025.12.18-20.17.32:605][845]LogModuleManager: Shutting down and abandoning module Synthesis (588)
[2025.12.18-20.17.32:606][845]LogModuleManager: Shutting down and abandoning module ProceduralMeshComponentEditor (586)
[2025.12.18-20.17.32:606][845]LogModuleManager: Shutting down and abandoning module ProceduralMeshComponent (584)
[2025.12.18-20.17.32:606][845]LogModuleManager: Shutting down and abandoning module TakeSequencer (582)
[2025.12.18-20.17.32:606][845]LogModuleManager: Shutting down and abandoning module TakeMovieScene (580)
[2025.12.18-20.17.32:606][845]LogModuleManager: Shutting down and abandoning module ScreenshotTools (578)
[2025.12.18-20.17.32:606][845]LogModuleManager: Shutting down and abandoning module OpenXREditor (576)
[2025.12.18-20.17.32:607][845]LogModuleManager: Shutting down and abandoning module MobilePatchingUtils (574)
[2025.12.18-20.17.32:607][845]LogModuleManager: Shutting down and abandoning module GooglePAD (572)
[2025.12.18-20.17.32:607][845]LogModuleManager: Shutting down and abandoning module EditableMesh (570)
[2025.12.18-20.17.32:607][845]LogModuleManager: Shutting down and abandoning module CustomMeshComponent (568)
[2025.12.18-20.17.32:607][845]LogModuleManager: Shutting down and abandoning module CableComponent (566)
[2025.12.18-20.17.32:607][845]LogModuleManager: Shutting down and abandoning module AudioCapture (564)
[2025.12.18-20.17.32:607][845]LogModuleManager: Shutting down and abandoning module AudioCaptureRtAudio (563)
[2025.12.18-20.17.32:608][845]LogModuleManager: Shutting down and abandoning module ArchVisCharacter (560)
[2025.12.18-20.17.32:608][845]LogModuleManager: Shutting down and abandoning module AssetTags (558)
[2025.12.18-20.17.32:608][845]LogModuleManager: Shutting down and abandoning module AppleImageUtilsBlueprintSupport (556)
[2025.12.18-20.17.32:608][845]LogModuleManager: Shutting down and abandoning module AppleImageUtils (554)
[2025.12.18-20.17.32:608][845]LogModuleManager: Shutting down and abandoning module AndroidPermission (552)
[2025.12.18-20.17.32:608][845]LogModuleManager: Shutting down and abandoning module ActorLayerUtilitiesEditor (550)
[2025.12.18-20.17.32:608][845]LogModuleManager: Shutting down and abandoning module ActorLayerUtilities (548)
[2025.12.18-20.17.32:608][845]LogModuleManager: Shutting down and abandoning module OpenImageDenoise (546)
[2025.12.18-20.17.32:608][845]LogOpenImageDenoise: OIDN shutting down
[2025.12.18-20.17.32:608][845]LogModuleManager: Shutting down and abandoning module MotoSynthEditor (544)
[2025.12.18-20.17.32:608][845]LogModuleManager: Shutting down and abandoning module MotoSynth (542)
[2025.12.18-20.17.32:608][845]LogModuleManager: Shutting down and abandoning module MeshConversion (540)
[2025.12.18-20.17.32:608][845]LogModuleManager: Shutting down and abandoning module DynamicMesh (538)
[2025.12.18-20.17.32:609][845]LogModuleManager: Shutting down and abandoning module GeometryAlgorithms (536)
[2025.12.18-20.17.32:610][845]LogModuleManager: Shutting down and abandoning module GeometricObjects (534)
[2025.12.18-20.17.32:611][845]LogModuleManager: Shutting down and abandoning module TemplateSequence (532)
[2025.12.18-20.17.32:611][845]LogModuleManager: Shutting down and abandoning module ImgMedia (530)
[2025.12.18-20.17.32:611][845]LogModuleManager: Shutting down and abandoning module MediaCompositing (528)
[2025.12.18-20.17.32:611][845]LogModuleManager: Shutting down and abandoning module GeometryCollectionTracks (526)
[2025.12.18-20.17.32:611][845]LogModuleManager: Shutting down and abandoning module GeometryCollectionSequencer (525)
[2025.12.18-20.17.32:611][845]LogModuleManager: Shutting down and abandoning module GeometryCollectionEditor (522)
[2025.12.18-20.17.32:611][845]LogModuleManager: Shutting down and abandoning module GeometryCacheTracks (520)
[2025.12.18-20.17.32:611][845]LogModuleManager: Shutting down and abandoning module GeometryCacheStreamer (518)
[2025.12.18-20.17.32:611][845]LogModuleManager: Shutting down and abandoning module GeometryCacheSequencer (516)
[2025.12.18-20.17.32:611][845]LogModuleManager: Shutting down and abandoning module ChaosNiagara (514)
[2025.12.18-20.17.32:612][845]LogModuleManager: Shutting down and abandoning module FractureEditor (512)
[2025.12.18-20.17.32:612][845]LogModuleManager: Shutting down and abandoning module ChaosSolverEditor (510)
[2025.12.18-20.17.32:612][845]LogModuleManager: Shutting down and abandoning module FieldSystemEngine (509)
[2025.12.18-20.17.32:613][845]LogModuleManager: Shutting down and abandoning module BackChannel (506)
[2025.12.18-20.17.32:613][845]LogModuleManager: Shutting down and abandoning module AutomationUtilsEditor (504)
[2025.12.18-20.17.32:613][845]LogModuleManager: Shutting down and abandoning module AutomationUtils (502)
[2025.12.18-20.17.32:613][845]LogModuleManager: Shutting down and abandoning module ChaosClothEditor (500)
[2025.12.18-20.17.32:613][845]LogModuleManager: Shutting down and abandoning module AlembicImporter (498)
[2025.12.18-20.17.32:613][845]LogModuleManager: Shutting down and abandoning module AlembicLibrary (497)
[2025.12.18-20.17.32:613][845]LogModuleManager: Shutting down and abandoning module GeometryCache (496)
[2025.12.18-20.17.32:613][845]LogModuleManager: Shutting down and abandoning module GeometryCacheEd (495)
[2025.12.18-20.17.32:613][845]LogModuleManager: Shutting down and abandoning module MagicLeapLightEstimation (490)
[2025.12.18-20.17.32:613][845]LogModuleManager: Shutting down and abandoning module MagicLeapSharedWorld (488)
[2025.12.18-20.17.32:613][845]LogModuleManager: Shutting down and abandoning module MagicLeapHelperVulkan (486)
[2025.12.18-20.17.32:613][845]LogModuleManager: Shutting down and abandoning module MagicLeapHelperOpenGL (484)
[2025.12.18-20.17.32:613][845]LogModuleManager: Shutting down and abandoning module MagicLeapAudio (482)
[2025.12.18-20.17.32:614][845]LogModuleManager: Shutting down and abandoning module VariantManagerContentEditor (480)
[2025.12.18-20.17.32:614][845]LogModuleManager: Shutting down and abandoning module DatasmithContentEditor (478)
[2025.12.18-20.17.32:615][845]LogModuleManager: Shutting down and abandoning module VisualStudioSourceCodeAccess (476)
[2025.12.18-20.17.32:615][845]LogModuleManager: Shutting down and abandoning module UObjectPlugin (474)
[2025.12.18-20.17.32:616][845]LogModuleManager: Shutting down and abandoning module VisualStudioCodeSourceCodeAccess (472)
[2025.12.18-20.17.32:616][845]LogModuleManager: Shutting down and abandoning module RiderSourceCodeAccess (470)
[2025.12.18-20.17.32:616][845]LogModuleManager: Shutting down and abandoning module PluginBrowser (468)
[2025.12.18-20.17.32:617][845]LogModuleManager: Shutting down and abandoning module SubversionSourceControl (466)
[2025.12.18-20.17.32:618][845]LogModuleManager: Shutting down and abandoning module PluginUtils (464)
[2025.12.18-20.17.32:618][845]LogModuleManager: Shutting down and abandoning module PlasticSourceControl (462)
[2025.12.18-20.17.32:619][845]LogModuleManager: Shutting down and abandoning module PerforceSourceControl (460)
[2025.12.18-20.17.32:620][845]LogModuleManager: Shutting down and abandoning module MobileLauncherProfileWizard (458)
[2025.12.18-20.17.32:621][845]LogModuleManager: Shutting down and abandoning module SpeedTreeImporter (456)
[2025.12.18-20.17.32:621][845]LogModuleManager: Shutting down and abandoning module MaterialAnalyzer (454)
[2025.12.18-20.17.32:621][845]LogModuleManager: Shutting down and abandoning module GitSourceControl (452)
[2025.12.18-20.17.32:623][845]LogModuleManager: Shutting down and abandoning module SourceControl (451)
[2025.12.18-20.17.32:623][845]LogModuleManager: Shutting down and abandoning module CurveEditorTools (448)
[2025.12.18-20.17.32:624][845]LogModuleManager: Shutting down and abandoning module CryptoKeysOpenSSL (446)
[2025.12.18-20.17.32:624][845]LogModuleManager: Shutting down and abandoning module CryptoKeys (444)
[2025.12.18-20.17.32:624][845]LogModuleManager: Shutting down and abandoning module CLionSourceCodeAccess (442)
[2025.12.18-20.17.32:624][845]LogModuleManager: Shutting down and abandoning module NiagaraEditorWidgets (440)
[2025.12.18-20.17.32:625][845]LogModuleManager: Shutting down and abandoning module AnimationSharingEd (438)
[2025.12.18-20.17.32:625][845]LogModuleManager: Shutting down and abandoning module OodleNetworkHandlerComponent (436)
[2025.12.18-20.17.32:625][845]LogModuleManager: Shutting down and abandoning module LightPropagationVolumeEditor (434)
[2025.12.18-20.17.32:625][845]LogModuleManager: Shutting down and abandoning module PaperTiledImporter (432)
[2025.12.18-20.17.32:625][845]LogModuleManager: Shutting down and abandoning module PaperSpriteSheetImporter (430)
[2025.12.18-20.17.32:625][845]LogModuleManager: Shutting down and abandoning module Paper2DEditor (428)
[2025.12.18-20.17.32:627][845]LogModuleManager: Shutting down and abandoning module LiveLinkSequencer (426)
[2025.12.18-20.17.32:627][845]LogModuleManager: Shutting down and abandoning module LiveLinkMovieScene (424)
[2025.12.18-20.17.32:627][845]LogModuleManager: Shutting down and abandoning module LiveLinkGraphNode (422)
[2025.12.18-20.17.32:627][845]LogModuleManager: Shutting down and abandoning module LiveLinkEditor (420)
[2025.12.18-20.17.32:628][845]LogModuleManager: Shutting down and abandoning module LiveLinkComponents (418)
[2025.12.18-20.17.32:628][845]LogModuleManager: Shutting down and abandoning module LiveLink (416)
[2025.12.18-20.17.33:597][845]LogModuleManager: Shutting down and abandoning module MeshPaintingToolset (414)
[2025.12.18-20.17.33:599][845]LogModuleManager: Shutting down and abandoning module MeshPaintEditorMode (412)
[2025.12.18-20.17.33:599][845]LogModuleManager: Shutting down and abandoning module SoundFields (410)
[2025.12.18-20.17.33:599][845]LogModuleManager: Shutting down and abandoning module SignificanceManager (408)
[2025.12.18-20.17.33:599][845]LogModuleManager: Shutting down and abandoning module RuntimePhysXCooking (406)
[2025.12.18-20.17.33:599][845]LogModuleManager: Shutting down and abandoning module PropertyAccessEditor (404)
[2025.12.18-20.17.33:600][845]LogModuleManager: Shutting down and abandoning module PhysXVehiclesEditor (402)
[2025.12.18-20.17.33:600][845]LogModuleManager: Shutting down and abandoning module LocationServicesBPLibrary (398)
[2025.12.18-20.17.33:600][845]LogModuleManager: Shutting down and abandoning module AudioSynesthesia (396)
[2025.12.18-20.17.33:600][845]LogModuleManager: Shutting down and abandoning module AudioSynesthesiaCore (394)
[2025.12.18-20.17.33:600][845]LogModuleManager: Shutting down and abandoning module PythonScriptPlugin (392)
[2025.12.18-20.17.33:600][845]LogModuleManager: Shutting down and abandoning module ActorSequence (390)
[2025.12.18-20.17.33:600][845]LogModuleManager: Shutting down and abandoning module ImgMediaEngine (388)
[2025.12.18-20.17.33:600][845]LogModuleManager: Shutting down and abandoning module MagicLeapARPin (386)
[2025.12.18-20.17.33:600][845]LogModuleManager: Shutting down and abandoning module MagicLeapHandMeshing (384)
[2025.12.18-20.17.33:600][845]LogModuleManager: Shutting down and abandoning module MagicLeapSecureStorage (382)
[2025.12.18-20.17.33:600][845]LogModuleManager: Shutting down and abandoning module MagicLeapPrivileges (380)
[2025.12.18-20.17.33:601][845]LogModuleManager: Shutting down and abandoning module MagicLeapPlanes (378)
[2025.12.18-20.17.33:602][845]LogMagicLeapPlanes: Planes tracker already destroyed.
[2025.12.18-20.17.33:602][845]LogModuleManager: Shutting down and abandoning module MagicLeapImageTracker (376)
[2025.12.18-20.17.33:602][845]LogModuleManager: Shutting down and abandoning module MagicLeapIdentity (374)
[2025.12.18-20.17.33:602][845]LogModuleManager: Shutting down and abandoning module MagicLeapHandTracking (372)
[2025.12.18-20.17.33:602][845]LogModuleManager: Shutting down and abandoning module MagicLeapEyeTracker (370)
[2025.12.18-20.17.33:602][845]LogModuleManager: Shutting down and abandoning module MagicLeapController (368)
[2025.12.18-20.17.33:602][845]LogModuleManager: Shutting down and abandoning module MagicLeapARPinImpl (366)
[2025.12.18-20.17.33:603][845]LogModuleManager: Shutting down and abandoning module MagicLeapAR (364)
[2025.12.18-20.17.33:603][845]LogModuleManager: Shutting down and abandoning module UdpMessaging (362)
[2025.12.18-20.17.33:704][845]LogModuleManager: Shutting down and abandoning module TcpMessaging (360)
[2025.12.18-20.17.33:804][845]LogModuleManager: Shutting down and abandoning module PropertyAccessNode (358)
[2025.12.18-20.17.33:804][845]LogModuleManager: Shutting down and abandoning module GameplayTagsEditor (356)
[2025.12.18-20.17.33:805][845]LogModuleManager: Shutting down and abandoning module FacialAnimationEditor (354)
[2025.12.18-20.17.33:805][845]LogModuleManager: Shutting down and abandoning module FacialAnimation (352)
[2025.12.18-20.17.33:805][845]LogModuleManager: Shutting down and abandoning module DataValidation (350)
[2025.12.18-20.17.33:805][845]LogModuleManager: Shutting down and abandoning module AssetManagerEditor (348)
[2025.12.18-20.17.33:806][845]LogModuleManager: Shutting down and abandoning module LevelEditor (347)
[2025.12.18-20.17.33:811][845]LogModuleManager: Shutting down and abandoning module PixelInspectorModule (346)
[2025.12.18-20.17.33:811][845]LogModuleManager: Shutting down and abandoning module CommonMenuExtensions (344)
[2025.12.18-20.17.33:811][845]LogModuleManager: Shutting down and abandoning module MainFrame (342)
[2025.12.18-20.17.33:811][845]LogModuleManager: Shutting down and abandoning module HotReload (341)
[2025.12.18-20.17.33:812][845]LogModuleManager: Shutting down and abandoning module ToolMenus (337)
[2025.12.18-20.17.33:812][845]LogModuleManager: Shutting down and abandoning module TreeMap (335)
[2025.12.18-20.17.33:813][845]LogModuleManager: Shutting down and abandoning module NiagaraAnimNotifies (332)
[2025.12.18-20.17.33:813][845]LogModuleManager: Shutting down and abandoning module Niagara (330)
[2025.12.18-20.17.33:814][845]LogModuleManager: Shutting down and abandoning module SignalProcessing (329)
[2025.12.18-20.17.33:814][845]LogModuleManager: Shutting down and abandoning module NiagaraEditor (327)
[2025.12.18-20.17.33:815][845]LogModuleManager: Shutting down and abandoning module ContentBrowser (326)
[2025.12.18-20.17.33:815][845]LogModuleManager: Shutting down and abandoning module ContentBrowserData (325)
[2025.12.18-20.17.33:815][845]LogModuleManager: Shutting down and abandoning module NiagaraCore (320)
[2025.12.18-20.17.33:815][845]LogModuleManager: Shutting down and abandoning module AnimationSharing (318)
[2025.12.18-20.17.33:815][845]LogModuleManager: Shutting down and abandoning module GameplayCameras (316)
[2025.12.18-20.17.33:815][845]LogModuleManager: Shutting down and abandoning module EnvironmentQueryEditor (314)
[2025.12.18-20.17.33:816][845]LogModuleManager: Shutting down and abandoning module LightPropagationVolumeRuntime (312)
[2025.12.18-20.17.33:816][845]LogModuleManager: Shutting down and abandoning module Paper2D (310)
[2025.12.18-20.17.33:816][845]LogModuleManager: Shutting down and abandoning module WindowsMoviePlayer (308)
[2025.12.18-20.17.33:833][845]LogModuleManager: Shutting down and abandoning module WebMMoviePlayer (306)
[2025.12.18-20.17.33:834][845]LogModuleManager: Shutting down and abandoning module NetworkReplayStreaming (304)
[2025.12.18-20.17.33:834][845]LogModuleManager: Shutting down and abandoning module PacketHandler (302)
[2025.12.18-20.17.33:834][845]LogModuleManager: Shutting down and abandoning module ClothingSystemEditor (300)
[2025.12.18-20.17.33:834][845]LogModuleManager: Shutting down and abandoning module ClothingSystemRuntimeNv (298)
[2025.12.18-20.17.33:835][845]LogModuleManager: Shutting down and abandoning module MediaAssets (296)
[2025.12.18-20.17.33:835][845]LogModuleManager: Shutting down and abandoning module Overlay (294)
[2025.12.18-20.17.33:835][845]LogModuleManager: Shutting down and abandoning module OverlayEditor (293)
[2025.12.18-20.17.33:835][845]LogModuleManager: Shutting down and abandoning module VREditor (290)
[2025.12.18-20.17.33:835][845]LogModuleManager: Shutting down and abandoning module StringTableEditor (288)
[2025.12.18-20.17.33:835][845]LogModuleManager: Shutting down and abandoning module GameplayTasksEditor (286)
[2025.12.18-20.17.33:835][845]LogModuleManager: Shutting down and abandoning module BehaviorTreeEditor (284)
[2025.12.18-20.17.33:836][845]LogModuleManager: Shutting down and abandoning module FunctionalTesting (282)
[2025.12.18-20.17.33:837][845]LogModuleManager: Shutting down and abandoning module CollisionAnalyzer (280)
[2025.12.18-20.17.33:839][845]LogModuleManager: Shutting down and abandoning module WorkspaceMenuStructure (279)
[2025.12.18-20.17.33:839][845]LogModuleManager: Shutting down and abandoning module UMG (276)
[2025.12.18-20.17.33:839][845]LogModuleManager: Shutting down and abandoning module UMGEditor (275)
[2025.12.18-20.17.33:839][845]LogModuleManager: Shutting down and abandoning module MessageLog (273)
[2025.12.18-20.17.33:839][845]LogModuleManager: Shutting down and abandoning module SlateReflector (268)
[2025.12.18-20.17.33:840][845]LogModuleManager: Shutting down and abandoning module Slate (266)
[2025.12.18-20.17.33:841][845]LogModuleManager: Shutting down and abandoning module SlateCore (264)
[2025.12.18-20.17.33:841][845]LogModuleManager: Shutting down and abandoning module LandscapeEditorUtilities (262)
[2025.12.18-20.17.33:841][845]LogModuleManager: Shutting down and abandoning module UnrealEd (260)
[2025.12.18-20.17.33:841][845]LogModuleManager: Shutting down and abandoning module MRMesh (258)
[2025.12.18-20.17.33:841][845]LogModuleManager: Shutting down and abandoning module SourceCodeAccess (256)
[2025.12.18-20.17.33:841][845]LogModuleManager: Shutting down and abandoning module HeadMountedDisplay (254)
[2025.12.18-20.17.33:841][845]LogModuleManager: Shutting down and abandoning module XAudio2 (252)
[2025.12.18-20.17.33:842][845]LogModuleManager: Shutting down and abandoning module Networking (250)
[2025.12.18-20.17.33:842][845]LogModuleManager: Shutting down and abandoning module Core (248)
[2025.12.18-20.17.33:842][845]LogModuleManager: Shutting down and abandoning module MaterialEditor (246)
[2025.12.18-20.17.33:842][845]LogModuleManager: Shutting down and abandoning module MovieSceneTools (244)
[2025.12.18-20.17.33:843][845]LogModuleManager: Shutting down and abandoning module CurveEditor (243)
[2025.12.18-20.17.33:845][845]LogModuleManager: Shutting down and abandoning module Sequencer (241)
[2025.12.18-20.17.33:846][845]LogModuleManager: Shutting down and abandoning module EditorStyle (240)
[2025.12.18-20.17.33:848][845]LogModuleManager: Shutting down and abandoning module KismetCompiler (236)
[2025.12.18-20.17.33:848][845]LogModuleManager: Shutting down and abandoning module MeshBuilder (234)
[2025.12.18-20.17.33:848][845]LogModuleManager: Shutting down and abandoning module MeshUtilities (232)
[2025.12.18-20.17.33:848][845]LogModuleManager: Shutting down and abandoning module MeshMergeUtilities (231)
[2025.12.18-20.17.33:848][845]LogModuleManager: Shutting down and abandoning module MeshReductionInterface (230)
[2025.12.18-20.17.33:848][845]LogModuleManager: Shutting down and abandoning module MeshBoneReduction (229)
[2025.12.18-20.17.33:849][845]LogModuleManager: Shutting down and abandoning module SkeletalMeshReduction (227)
[2025.12.18-20.17.33:849][845]LogModuleManager: Shutting down and abandoning module ProxyLODMeshReduction (225)
[2025.12.18-20.17.33:850][845]LogModuleManager: Shutting down and abandoning module QuadricMeshReduction (223)
[2025.12.18-20.17.33:850][845]LogModuleManager: Shutting down and abandoning module MaterialBaking (219)
[2025.12.18-20.17.33:851][845]LogModuleManager: Shutting down and abandoning module NullInstallBundleManager (214)
[2025.12.18-20.17.33:851][845]LogModuleManager: Shutting down and abandoning module DerivedDataCache (212)
[2025.12.18-20.17.33:852][845]LogModuleManager: Shutting down and abandoning module TargetPlatform (210)
[2025.12.18-20.17.33:852][845]LogModuleManager: Shutting down and abandoning module VulkanShaderFormat (209)
[2025.12.18-20.17.33:854][845]LogModuleManager: Shutting down and abandoning module ShaderFormatVectorVM (207)
[2025.12.18-20.17.33:855][845]LogModuleManager: Shutting down and abandoning module ShaderFormatOpenGL (205)
[2025.12.18-20.17.33:855][845]LogModuleManager: Shutting down and abandoning module ShaderFormatD3D (203)
[2025.12.18-20.17.33:855][845]LogModuleManager: Shutting down and abandoning module MetalShaderFormat (201)
[2025.12.18-20.17.33:856][845]LogModuleManager: Shutting down and abandoning module TextureFormatOodle (199)
[2025.12.18-20.17.33:856][845]LogModuleManager: Shutting down and abandoning module TextureFormatUncompressed (197)
[2025.12.18-20.17.33:856][845]LogModuleManager: Shutting down and abandoning module TextureFormatPVR (195)
[2025.12.18-20.17.33:856][845]LogModuleManager: Shutting down and abandoning module TextureFormatETC2 (193)
[2025.12.18-20.17.33:856][845]LogModuleManager: Shutting down and abandoning module TextureFormatDXT (191)
[2025.12.18-20.17.33:856][845]LogModuleManager: Shutting down and abandoning module TextureFormatIntelISPCTexComp (189)
[2025.12.18-20.17.33:856][845]LogModuleManager: Shutting down and abandoning module TextureFormatASTC (187)
[2025.12.18-20.17.33:856][845]LogModuleManager: Shutting down and abandoning module ImageWrapper (186)
[2025.12.18-20.17.33:856][845]LogModuleManager: Shutting down and abandoning module AudioFormatOpus (183)
[2025.12.18-20.17.33:856][845]LogModuleManager: Shutting down and abandoning module AudioFormatOgg (181)
[2025.12.18-20.17.33:856][845]LogModuleManager: Shutting down and abandoning module AudioFormatADPCM (179)
[2025.12.18-20.17.33:857][845]LogModuleManager: Shutting down and abandoning module WindowsServerTargetPlatform (177)
[2025.12.18-20.17.33:857][845]LogModuleManager: Shutting down and abandoning module WindowsClientTargetPlatform (175)
[2025.12.18-20.17.33:857][845]LogModuleManager: Shutting down and abandoning module WindowsTargetPlatform (173)
[2025.12.18-20.17.33:857][845]LogModuleManager: Shutting down and abandoning module WindowsNoEditorTargetPlatform (171)
[2025.12.18-20.17.33:857][845]LogModuleManager: Shutting down and abandoning module TVOSTargetPlatform (169)
[2025.12.18-20.17.33:864][845]LogModuleManager: Shutting down and abandoning module MacServerTargetPlatform (167)
[2025.12.18-20.17.33:864][845]LogModuleManager: Shutting down and abandoning module MacClientTargetPlatform (165)
[2025.12.18-20.17.33:864][845]LogModuleManager: Shutting down and abandoning module MacTargetPlatform (163)
[2025.12.18-20.17.33:864][845]LogModuleManager: Shutting down and abandoning module MacNoEditorTargetPlatform (161)
[2025.12.18-20.17.33:864][845]LogModuleManager: Shutting down and abandoning module LuminTargetPlatform (159)
[2025.12.18-20.17.33:874][845]LogModuleManager: Shutting down and abandoning module LinuxAArch64ServerTargetPlatform (157)
[2025.12.18-20.17.33:874][845]LogModuleManager: Shutting down and abandoning module LinuxAArch64ClientTargetPlatform (155)
[2025.12.18-20.17.33:874][845]LogModuleManager: Shutting down and abandoning module LinuxAArch64NoEditorTargetPlatform (153)
[2025.12.18-20.17.33:874][845]LogModuleManager: Shutting down and abandoning module LinuxServerTargetPlatform (151)
[2025.12.18-20.17.33:874][845]LogModuleManager: Shutting down and abandoning module LinuxClientTargetPlatform (149)
[2025.12.18-20.17.33:874][845]LogModuleManager: Shutting down and abandoning module LinuxNoEditorTargetPlatform (147)
[2025.12.18-20.17.33:874][845]LogModuleManager: Shutting down and abandoning module LinuxTargetPlatform (145)
[2025.12.18-20.17.33:874][845]LogModuleManager: Shutting down and abandoning module Messaging (143)
[2025.12.18-20.17.33:874][845]LogModuleManager: Shutting down and abandoning module IOSTargetPlatform (141)
[2025.12.18-20.17.33:878][845]LogModuleManager: Shutting down and abandoning module AndroidTargetPlatform (139)
[2025.12.18-20.17.33:898][845]LogModuleManager: Shutting down and abandoning module AllDesktopTargetPlatform (137)
[2025.12.18-20.17.33:898][845]LogModuleManager: Shutting down and abandoning module D3D11RHI (134)
[2025.12.18-20.17.33:898][845]LogModuleManager: Shutting down and abandoning module InputCore (132)
[2025.12.18-20.17.33:898][845]LogModuleManager: Shutting down and abandoning module Settings (130)
[2025.12.18-20.17.33:899][845]LogModuleManager: Shutting down and abandoning module DirectoryWatcher (128)
[2025.12.18-20.17.33:903][845]LogModuleManager: Shutting down and abandoning module PhysXCooking (126)
[2025.12.18-20.17.33:903][845]LogModuleManager: Shutting down and abandoning module Chaos (124)
[2025.12.18-20.17.33:903][845]LogModuleManager: Shutting down and abandoning module WindowsPlatformFeatures (122)
[2025.12.18-20.17.33:903][845]LogModuleManager: Shutting down and abandoning module GameplayMediaEncoder (121)
[2025.12.18-20.17.33:904][845]LogModuleManager: Shutting down and abandoning module AVEncoder (120)
[2025.12.18-20.17.33:904][845]LogModuleManager: Shutting down and abandoning module SteamVRInputDevice (116)
[2025.12.18-20.17.33:904][845]LogModuleManager: Shutting down and abandoning module SteamVRInput (114)
[2025.12.18-20.17.33:904][845]LogModuleManager: Shutting down and abandoning module SteamVR (112)
[2025.12.18-20.17.33:904][845]LogHMD: Freeing OpenVRDLLHandle.
[2025.12.18-20.17.33:904][845]LogModuleManager: Shutting down and abandoning module OculusHMD (110)
[2025.12.18-20.17.33:906][845]LogModuleManager: Shutting down and abandoning module OpenXRHandTracking (108)
[2025.12.18-20.17.33:906][845]LogSlate: Slate User Destroyed.  User Index 0, Is Virtual User: 0
[2025.12.18-20.17.33:906][845]LogModuleManager: Shutting down and abandoning module OpenXREyeTracker (106)
[2025.12.18-20.17.33:906][845]LogModuleManager: Shutting down and abandoning module OpenXRAR (104)
[2025.12.18-20.17.33:906][845]LogModuleManager: Shutting down and abandoning module AugmentedReality (103)
[2025.12.18-20.17.33:906][845]LogModuleManager: Shutting down and abandoning module OpenXRHMD (100)
[2025.12.18-20.17.33:907][845]LogModuleManager: Shutting down and abandoning module ExampleDeviceProfileSelector (98)
[2025.12.18-20.17.33:907][845]LogModuleManager: Shutting down and abandoning module ChunkDownloader (96)
[2025.12.18-20.17.33:908][845]LogModuleManager: Shutting down and abandoning module OnlineBlueprintSupport (94)
[2025.12.18-20.17.33:908][845]LogModuleManager: Shutting down and abandoning module OnlineSubsystem (90)
[2025.12.18-20.17.33:909][845]LogModuleManager: Shutting down and abandoning module XMPP (85)
[2025.12.18-20.17.33:909][845]LogModuleManager: Shutting down and abandoning module WebSockets (84)
[2025.12.18-20.17.33:933][845]LogModuleManager: Shutting down and abandoning module HTTP (81)
[2025.12.18-20.17.33:933][845]LogHttp: Display: Http module shutting down, but needs to wait on 1 outstanding Http requests:
[2025.12.18-20.17.33:935][845]LogHttp: Display: 	verb=[POST] url=[https://datarouter.ol.epicgames.com/datarouter/api/v1/public/data?SessionID=%7BF5B6B5A0-4581-8E36-B5F4-53AFBA24CD72%7D&AppID=UEEditor.Rocket.Release&AppVersion=4.27.2-18319896%2B%2B%2BUE4%2BRelease-4.27&UserID=b04b7cc342cbf28028732289d7babebf%7C984fab8377564a2eb8bdb4af4726766f%7C7b2af634-a612-4e7f-9a50-30bec8fc931d&AppEnvironment=datacollector-binary&UploadType=eteventstream] refs=[1] status=Processing
[2025.12.18-20.17.33:935][845]LogHttp: Display: cleaning up 1 outstanding Http requests.
[2025.12.18-20.17.33:955][845]LogModuleManager: Shutting down and abandoning module SSL (80)
[2025.12.18-20.17.33:959][845]LogModuleManager: Shutting down and abandoning module WmfMedia (76)
[2025.12.18-20.17.33:965][845]LogModuleManager: Shutting down and abandoning module Media (75)
[2025.12.18-20.17.33:967][845]LogModuleManager: Shutting down and abandoning module MediaInfo (74)
[2025.12.18-20.17.33:967][845]LogModuleManager: Shutting down and abandoning module ExrReaderGpu (70)
[2025.12.18-20.17.33:968][845]LogModuleManager: Shutting down and abandoning module LauncherChunkInstaller (68)
[2025.12.18-20.17.33:968][845]LogModuleManager: Shutting down and abandoning module ChaosCloth (66)
[2025.12.18-20.17.33:969][845]LogModuleManager: Shutting down and abandoning module MLSDK (64)
[2025.12.18-20.17.33:969][845]LogModuleManager: Shutting down and abandoning module MagicLeap (62)
[2025.12.18-20.17.33:969][845]LogModuleManager: Shutting down and abandoning module VariantManagerContent (60)
[2025.12.18-20.17.33:969][845]LogModuleManager: Shutting down and abandoning module DatasmithContent (58)
[2025.12.18-20.17.33:969][845]LogModuleManager: Shutting down and abandoning module PixWinPlugin (56)
[2025.12.18-20.17.33:970][845]LogModuleManager: Shutting down and abandoning module NiagaraVertexFactories (54)
[2025.12.18-20.17.33:970][845]LogModuleManager: Shutting down and abandoning module NiagaraShader (52)
[2025.12.18-20.17.33:970][845]LogModuleManager: Shutting down and abandoning module AISupportModule (50)
[2025.12.18-20.17.33:970][845]LogModuleManager: Shutting down and abandoning module DesktopPlatform (48)
[2025.12.18-20.17.33:970][845]LogModuleManager: Shutting down and abandoning module PythonScriptPluginPreload (46)
[2025.12.18-20.17.33:970][845]LogModuleManager: Shutting down and abandoning module PlatformCryptoOpenSSL (44)
[2025.12.18-20.17.33:972][845]LogModuleManager: Shutting down and abandoning module PlatformCryptoTypes (42)
[2025.12.18-20.17.33:972][845]LogModuleManager: Shutting down and abandoning module PlatformCrypto (40)
[2025.12.18-20.17.33:972][845]LogModuleManager: Shutting down and abandoning module OodleDataCompressionFormat (38)
[2025.12.18-20.17.33:973][845]LogModuleManager: Shutting down and abandoning module XGEController (36)
[2025.12.18-20.17.33:973][845]LogXGEController: Cleaning working directory: C:/Users/Владислав/AppData/Local/Temp/UnrealXGEWorkingDir/
[2025.12.18-20.17.33:974][845]LogModuleManager: Shutting down and abandoning module AnimationModifiers (34)
[2025.12.18-20.17.33:975][845]LogModuleManager: Shutting down and abandoning module AudioEditor (32)
[2025.12.18-20.17.33:978][845]LogModuleManager: Shutting down and abandoning module PropertyEditor (31)
[2025.12.18-20.17.33:979][845]LogModuleManager: Shutting down and abandoning module TextureCompressor (28)
[2025.12.18-20.17.33:980][845]LogModuleManager: Shutting down and abandoning module RenderCore (26)
[2025.12.18-20.17.33:980][845]LogModuleManager: Shutting down and abandoning module Landscape (24)
[2025.12.18-20.17.33:980][845]LogModuleManager: Shutting down and abandoning module SlateRHIRenderer (22)
[2025.12.18-20.17.33:984][845]LogModuleManager: Shutting down and abandoning module AnimGraphRuntime (20)
[2025.12.18-20.17.33:986][845]LogModuleManager: Shutting down and abandoning module Renderer (18)
[2025.12.18-20.17.33:986][845]LogModuleManager: Shutting down and abandoning module Engine (16)
[2025.12.18-20.17.33:986][845]LogModuleManager: Shutting down and abandoning module CoreUObject (14)
[2025.12.18-20.17.33:986][845]LogModuleManager: Shutting down and abandoning module NetworkFile (12)
[2025.12.18-20.17.33:987][845]LogModuleManager: Shutting down and abandoning module CookedIterativeFile (10)
[2025.12.18-20.17.33:987][845]LogModuleManager: Shutting down and abandoning module StreamingFile (8)
[2025.12.18-20.17.33:987][845]LogModuleManager: Shutting down and abandoning module SandboxFile (6)
[2025.12.18-20.17.33:988][845]LogModuleManager: Shutting down and abandoning module PakFile (4)
[2025.12.18-20.17.33:989][845]LogModuleManager: Shutting down and abandoning module RSA (3)
[2025.12.18-20.17.33:989][845]LogContentStreaming: Display: There are 1 unreleased StreamingManagers
[2025.12.18-20.17.34:004][845]LogD3D11RHI: Shutdown
[2025.12.18-20.17.34:004][845]LogD3D11RHI: CleanupD3DDevice
[2025.12.18-20.17.34:011][845]LogExit: Exiting.
[2025.12.18-20.17.34:031][845]Log file closed, 12/18/25 23:17:34
