Log file open, 12/19/25 18:24:26
LogWindows: Failed to load 'aqProf.dll' (GetLastError=126)
LogWindows: File 'aqProf.dll' does not exist
LogWindows: Failed to load 'VtuneApi.dll' (GetLastError=126)
LogWindows: File 'VtuneApi.dll' does not exist
LogWindows: Failed to load 'VtuneApi32e.dll' (GetLastError=126)
LogWindows: File 'VtuneApi32e.dll' does not exist
LogConsoleResponse: Display: Failed to find resolution value strings in scalability ini. Falling back to default.
LogConsoleResponse: Display: Failed to find resolution value strings in scalability ini. Falling back to default.
LogInit: Display: Running engine for game: Mini_laboratory
LogPlatformFile: Not using cached read wrapper
LogTaskGraph: Started task graph with 5 named threads and 23 total threads with 3 sets of task threads.
LogStats: Stats thread started at 0.276390
LogICUInternationalization: ICU TimeZone Detection - Raw Offset: +3:00, Platform Override: ''
LogInit: Display: Loading text-based GConfig....
LogPluginManager: Mounting plugin MeshPainting
LogPluginManager: Mounting plugin XGEController
LogPluginManager: Mounting plugin Paper2D
LogPluginManager: Mounting plugin AISupport
LogPluginManager: Mounting plugin EnvironmentQueryEditor
LogPluginManager: Mounting plugin LiveLink
LogPluginManager: Mounting plugin OodleData
LogPluginManager: Mounting plugin LightPropagationVolume
LogPluginManager: Mounting plugin CameraShakePreviewer
LogPluginManager: Mounting plugin OodleNetwork
LogPluginManager: Mounting plugin AssetManagerEditor
LogPluginManager: Mounting plugin AnimationSharing
LogPluginManager: Mounting plugin GameplayCameras
LogPluginManager: Mounting plugin CLionSourceCodeAccess
LogPluginManager: Mounting plugin AlembicImporter
LogPluginManager: Mounting plugin CodeLiteSourceCodeAccess
LogPluginManager: Mounting plugin GitSourceControl
LogPluginManager: Mounting plugin NullSourceCodeAccess
LogPluginManager: Mounting plugin AutomationUtils
LogPluginManager: Mounting plugin KDevelopSourceCodeAccess
LogPluginManager: Mounting plugin BackChannel
LogPluginManager: Mounting plugin PerforceSourceControl
LogPluginManager: Mounting plugin PixWinPlugin
LogPluginManager: Mounting plugin PlasticSourceControl
LogPluginManager: Mounting plugin PluginUtils
LogPluginManager: Mounting plugin ChaosCloth
LogPluginManager: Mounting plugin PropertyAccessNode
LogPluginManager: Mounting plugin RiderSourceCodeAccess
LogPluginManager: Mounting plugin ChaosClothEditor
LogPluginManager: Mounting plugin SubversionSourceControl
LogPluginManager: Mounting plugin TextureFormatOodle
LogPluginManager: Mounting plugin Niagara
LogPluginManager: Mounting plugin UObjectPlugin
LogPluginManager: Mounting plugin CryptoKeys
LogPluginManager: Mounting plugin ChaosEditor
LogPluginManager: Mounting plugin CurveEditorTools
LogPluginManager: Mounting plugin VisualStudioCodeSourceCodeAccess
LogPluginManager: Mounting plugin VisualStudioSourceCodeAccess
LogPluginManager: Mounting plugin DataValidation
LogPluginManager: Mounting plugin FacialAnimation
LogPluginManager: Mounting plugin XCodeSourceCodeAccess
LogPluginManager: Mounting plugin GameplayTagsEditor
LogPluginManager: Mounting plugin GeometryMode
LogPluginManager: Mounting plugin MacGraphicsSwitching
LogPluginManager: Mounting plugin MaterialAnalyzer
LogPluginManager: Mounting plugin ChaosNiagara
LogPluginManager: Mounting plugin MobileLauncherProfileWizard
LogPluginManager: Mounting plugin ChaosSolverPlugin
LogPluginManager: Mounting plugin PluginBrowser
LogPluginManager: Mounting plugin CharacterAI
LogPluginManager: Mounting plugin SpeedTreeImporter
LogPluginManager: Mounting plugin GeometryCache
LogPluginManager: Mounting plugin GeometryCollectionPlugin
LogPluginManager: Mounting plugin DatasmithContent
LogPluginManager: Mounting plugin GeometryProcessing
LogPluginManager: Mounting plugin VariantManagerContent
LogPluginManager: Mounting plugin MotoSynth
LogPluginManager: Mounting plugin OpenImageDenoise
LogPluginManager: Mounting plugin PlanarCut
LogPluginManager: Mounting plugin PlatformCrypto
LogPluginManager: Mounting plugin ProxyLODPlugin
LogPluginManager: Mounting plugin PythonScriptPlugin
LogPluginManager: Mounting plugin SkeletalReduction
LogPluginManager: Mounting plugin AndroidMedia
LogPluginManager: Mounting plugin TcpMessaging
LogPluginManager: Mounting plugin UdpMessaging
LogPluginManager: Mounting plugin AvfMedia
LogPluginManager: Mounting plugin ImgMedia
LogPluginManager: Mounting plugin MediaCompositing
LogPluginManager: Mounting plugin MediaPlayerEditor
LogPluginManager: Mounting plugin WebMMedia
LogPluginManager: Mounting plugin WmfMedia
LogPluginManager: Mounting plugin LuminPlatformFeatures
LogPluginManager: Mounting plugin MagicLeap
LogPluginManager: Mounting plugin MagicLeapMedia
LogPluginManager: Mounting plugin MagicLeapLightEstimation
LogPluginManager: Mounting plugin ActorSequence
LogPluginManager: Mounting plugin MagicLeapPassableWorld
LogPluginManager: Mounting plugin MatineeToLevelSequence
LogPluginManager: Mounting plugin LevelSequenceEditor
LogPluginManager: Mounting plugin MLSDK
LogPluginManager: Mounting plugin TemplateSequence
LogPluginManager: Mounting plugin LauncherChunkInstaller
LogPluginManager: Mounting plugin OnlineSubsystem
LogPluginManager: Mounting plugin OnlineSubsystemNull
LogPluginManager: Mounting plugin OnlineSubsystemUtils
LogPluginManager: Mounting plugin ActorLayerUtilities
LogPluginManager: Mounting plugin AndroidDeviceProfileSelector
LogPluginManager: Mounting plugin AndroidMoviePlayer
LogPluginManager: Mounting plugin AndroidPermission
LogPluginManager: Mounting plugin ArchVisCharacter
LogPluginManager: Mounting plugin AppleMoviePlayer
LogPluginManager: Mounting plugin AppleImageUtils
LogPluginManager: Mounting plugin AssetTags
LogPluginManager: Mounting plugin AudioSynesthesia
LogPluginManager: Mounting plugin AudioCapture
LogPluginManager: Mounting plugin CableComponent
LogPluginManager: Mounting plugin ChunkDownloader
LogPluginManager: Mounting plugin CustomMeshComponent
LogPluginManager: Mounting plugin ExampleDeviceProfileSelector
LogPluginManager: Mounting plugin EditableMesh
LogPluginManager: Mounting plugin GooglePAD
LogPluginManager: Mounting plugin GoogleCloudMessaging
LogPluginManager: Mounting plugin IOSDeviceProfileSelector
LogPluginManager: Mounting plugin LinuxDeviceProfileSelector
LogPluginManager: Mounting plugin LocationServicesBPLibrary
LogPluginManager: Mounting plugin MobilePatchingUtils
LogPluginManager: Mounting plugin OpenXREyeTracker
LogPluginManager: Mounting plugin OpenXR
LogPluginManager: Mounting plugin OpenXRHandTracking
LogPluginManager: Mounting plugin PostSplashScreen
LogPluginManager: Mounting plugin PhysXVehicles
LogPluginManager: Mounting plugin PropertyAccessEditor
LogPluginManager: Mounting plugin ProceduralMeshComponent
LogPluginManager: Mounting plugin RuntimePhysXCooking
LogPluginManager: Mounting plugin SignificanceManager
LogPluginManager: Mounting plugin SoundFields
LogPluginManager: Mounting plugin Synthesis
LogPluginManager: Mounting plugin WebMMoviePlayer
LogPluginManager: Mounting plugin ScreenshotTools
LogPluginManager: Mounting plugin WindowsMoviePlayer
LogPluginManager: Mounting plugin Takes
LogPluginManager: Mounting plugin ContentBrowserClassDataSource
LogPluginManager: Mounting plugin ContentBrowserAssetDataSource
LogPluginManager: Mounting plugin ContentBrowserFileDataSource
LogPluginManager: Mounting plugin OnlineSubsystemGooglePlay
LogPluginManager: Mounting plugin OnlineSubsystemIOS
LogPluginManager: Mounting plugin OculusVR
LogPluginManager: Mounting plugin SteamVR
PixWinPlugin: PIX capture plugin failed to initialize! Check that the process is launched from PIX.
LogInit: Using libcurl 7.55.1-DEV
LogInit:  - built for x86_64-pc-win32
LogInit:  - supports SSL with OpenSSL/1.1.1
LogInit:  - supports HTTP deflate (compression) using libz 1.2.8
LogInit:  - other features:
LogInit:      CURL_VERSION_SSL
LogInit:      CURL_VERSION_LIBZ
LogInit:      CURL_VERSION_IPV6
LogInit:      CURL_VERSION_ASYNCHDNS
LogInit:      CURL_VERSION_LARGEFILE
LogInit:      CURL_VERSION_IDN
LogInit:  CurlRequestOptions (configurable via config and command line):
LogInit:  - bVerifyPeer = true  - Libcurl will verify peer certificate
LogInit:  - bUseHttpProxy = false  - Libcurl will NOT use HTTP proxy
LogInit:  - bDontReuseConnections = false  - Libcurl will reuse connections
LogInit:  - MaxHostConnections = 16  - Libcurl will limit the number of connections to a host
LogInit:  - LocalHostAddr = Default
LogInit:  - BufferSize = 65536
LogOnline: OSS: Creating online subsystem instance for: NULL
LogInit: WinSock: version 1.1 (2.2), MaxSocks=32767, MaxUdp=65467
LogOnline: OSS: TryLoadSubsystemAndSetDefault: Loaded subsystem for module [NULL]
LogOculusPluginWrapper: OculusPlugin initialized successfully
LogHMD: Failed initializing OVRPlugin 1.59.0
LogInit: Build: ++UE4+Release-4.27-CL-18319896
LogInit: Engine Version: 4.27.2-18319896+++UE4+Release-4.27
LogInit: Compatible Engine Version: 4.27.0-17155196+++UE4+Release-4.27
LogInit: Net CL: 17155196
LogInit: OS: Windows 10 (Release 2009) (), CPU: Intel(R) Core(TM) i5-10300H CPU @ 2.50GHz, GPU: Intel(R) UHD Graphics
LogInit: Compiled (64-bit): Nov 30 2021 07:12:08
LogInit: Compiled with Visual C++: 19.24.28315.00
LogInit: Build Configuration: Development
LogInit: Branch Name: ++UE4+Release-4.27
LogInit: Command Line: 
LogInit: Base Directory: D:/Progams on PC/Unreal/UE_4.27/Engine/Binaries/Win64/
LogInit: Allocator: TBB
LogInit: Installed Engine Build: 1
LogDevObjectVersion: Number of dev versions registered: 29
LogDevObjectVersion:   Dev-Blueprints (B0D832E4-1F89-4F0D-ACCF-7EB736FD4AA2): 10
LogDevObjectVersion:   Dev-Build (E1C64328-A22C-4D53-A36C-8E866417BD8C): 0
LogDevObjectVersion:   Dev-Core (375EC13C-06E4-48FB-B500-84F0262A717E): 4
LogDevObjectVersion:   Dev-Editor (E4B068ED-F494-42E9-A231-DA0B2E46BB41): 40
LogDevObjectVersion:   Dev-Framework (CFFC743F-43B0-4480-9391-14DF171D2073): 37
LogDevObjectVersion:   Dev-Mobile (B02B49B5-BB20-44E9-A304-32B752E40360): 3
LogDevObjectVersion:   Dev-Networking (A4E4105C-59A1-49B5-A7C5-40C4547EDFEE): 0
LogDevObjectVersion:   Dev-Online (39C831C9-5AE6-47DC-9A44-9C173E1C8E7C): 0
LogDevObjectVersion:   Dev-Physics (78F01B33-EBEA-4F98-B9B4-84EACCB95AA2): 14
LogDevObjectVersion:   Dev-Platform (6631380F-2D4D-43E0-8009-CF276956A95A): 0
LogDevObjectVersion:   Dev-Rendering (12F88B9F-8875-4AFC-A67C-D90C383ABD29): 45
LogDevObjectVersion:   Dev-Sequencer (7B5AE74C-D270-4C10-A958-57980B212A5A): 13
LogDevObjectVersion:   Dev-VR (D7296918-1DD6-4BDD-9DE2-64A83CC13884): 3
LogDevObjectVersion:   Dev-LoadTimes (C2A15278-BFE7-4AFE-6C17-90FF531DF755): 1
LogDevObjectVersion:   Private-Geometry (6EACA3D4-40EC-4CC1-B786-8BED09428FC5): 3
LogDevObjectVersion:   Dev-AnimPhys (29E575DD-E0A3-4627-9D10-D276232CDCEA): 17
LogDevObjectVersion:   Dev-Anim (AF43A65D-7FD3-4947-9873-3E8ED9C1BB05): 15
LogDevObjectVersion:   Dev-ReflectionCapture (6B266CEC-1EC7-4B8F-A30B-E4D90942FC07): 1
LogDevObjectVersion:   Dev-Automation (0DF73D61-A23F-47EA-B727-89E90C41499A): 1
LogDevObjectVersion:   FortniteMain (601D1886-AC64-4F84-AA16-D3DE0DEAC7D6): 47
LogDevObjectVersion:   FortniteRelease (E7086368-6B23-4C58-8439-1B7016265E91): 1
LogDevObjectVersion:   Dev-Enterprise (9DFFBCD6-494F-0158-E221-12823C92A888): 10
LogDevObjectVersion:   Dev-Niagara (F2AED0AC-9AFE-416F-8664-AA7FFA26D6FC): 1
LogDevObjectVersion:   Dev-Destruction (174F1F0B-B4C6-45A5-B13F-2EE8D0FB917D): 10
LogDevObjectVersion:   Dev-Physics-Ext (35F94A83-E258-406C-A318-09F59610247C): 41
LogDevObjectVersion:   Dev-PhysicsMaterial-Chaos (B68FC16E-8B1B-42E2-B453-215C058844FE): 1
LogDevObjectVersion:   Dev-CineCamera (B2E18506-4273-CFC2-A54E-F4BB758BBA07): 1
LogDevObjectVersion:   Dev-VirtualProduction (64F58936-FD1B-42BA-BA96-7289D5D0FA4E): 1
LogDevObjectVersion:   Dev-MediaFramework (6F0ED827-A609-4895-9C91-998D90180EA4): 2
LogInit: Presizing for max 25165824 objects, including 0 objects not considered by GC, pre-allocating 0 bytes for permanent pool.
LogConfig: Applying CVar settings from Section [/Script/Engine.StreamingSettings] File [D:/WORKPLACE/Mini_laboratory/MEPhI_VR_term_1/Mini_laboratory/Saved/Config/Windows/Engine.ini]
LogConfig: Setting CVar [[s.MinBulkDataSizeForAsyncLoading:131072]]
LogConfig: Setting CVar [[s.AsyncLoadingThreadEnabled:0]]
LogConfig: Setting CVar [[s.EventDrivenLoaderEnabled:1]]
LogConfig: Setting CVar [[s.WarnIfTimeLimitExceeded:0]]
LogConfig: Setting CVar [[s.TimeLimitExceededMultiplier:1.5]]
LogConfig: Setting CVar [[s.TimeLimitExceededMinTime:0.005]]
LogConfig: Setting CVar [[s.UseBackgroundLevelStreaming:1]]
LogConfig: Setting CVar [[s.PriorityAsyncLoadingExtraTime:15.0]]
LogConfig: Setting CVar [[s.LevelStreamingActorsUpdateTimeLimit:5.0]]
LogConfig: Setting CVar [[s.PriorityLevelStreamingActorsUpdateExtraTime:5.0]]
LogConfig: Setting CVar [[s.LevelStreamingComponentsRegistrationGranularity:10]]
LogConfig: Setting CVar [[s.UnregisterComponentsTimeLimit:1.0]]
LogConfig: Setting CVar [[s.LevelStreamingComponentsUnregistrationGranularity:5]]
LogConfig: Setting CVar [[s.FlushStreamingOnExit:1]]
LogInit: Object subsystem initialized
LogConfig: Setting CVar [[con.DebugEarlyDefault:1]]
LogConfig: Setting CVar [[r.setres:1280x720]]
[2025.12.19-15.24.27:309][  0]LogConfig: Setting CVar [[r.VSync:0]]
[2025.12.19-15.24.27:309][  0]LogConfig: Setting CVar [[r.RHICmdBypass:0]]
[2025.12.19-15.24.27:309][  0]LogConfig: Applying CVar settings from Section [/Script/Engine.RendererSettings] File [D:/WORKPLACE/Mini_laboratory/MEPhI_VR_term_1/Mini_laboratory/Saved/Config/Windows/Engine.ini]
[2025.12.19-15.24.27:309][  0]LogConfig: Setting CVar [[r.GPUCrashDebugging:0]]
[2025.12.19-15.24.27:309][  0]LogConfig: Applying CVar settings from Section [/Script/Engine.RendererOverrideSettings] File [D:/WORKPLACE/Mini_laboratory/MEPhI_VR_term_1/Mini_laboratory/Saved/Config/Windows/Engine.ini]
[2025.12.19-15.24.27:309][  0]LogConfig: Applying CVar settings from Section [/Script/Engine.StreamingSettings] File [D:/WORKPLACE/Mini_laboratory/MEPhI_VR_term_1/Mini_laboratory/Saved/Config/Windows/Engine.ini]
[2025.12.19-15.24.27:309][  0]LogConfig: Setting CVar [[s.MinBulkDataSizeForAsyncLoading:131072]]
[2025.12.19-15.24.27:309][  0]LogConfig: Setting CVar [[s.AsyncLoadingThreadEnabled:0]]
[2025.12.19-15.24.27:309][  0]LogConfig: Setting CVar [[s.EventDrivenLoaderEnabled:1]]
[2025.12.19-15.24.27:309][  0]LogConfig: Setting CVar [[s.WarnIfTimeLimitExceeded:0]]
[2025.12.19-15.24.27:309][  0]LogConfig: Setting CVar [[s.TimeLimitExceededMultiplier:1.5]]
[2025.12.19-15.24.27:309][  0]LogConfig: Setting CVar [[s.TimeLimitExceededMinTime:0.005]]
[2025.12.19-15.24.27:309][  0]LogConfig: Setting CVar [[s.UseBackgroundLevelStreaming:1]]
[2025.12.19-15.24.27:309][  0]LogConfig: Setting CVar [[s.PriorityAsyncLoadingExtraTime:15.0]]
[2025.12.19-15.24.27:309][  0]LogConfig: Setting CVar [[s.LevelStreamingActorsUpdateTimeLimit:5.0]]
[2025.12.19-15.24.27:309][  0]LogConfig: Setting CVar [[s.PriorityLevelStreamingActorsUpdateExtraTime:5.0]]
[2025.12.19-15.24.27:309][  0]LogConfig: Setting CVar [[s.LevelStreamingComponentsRegistrationGranularity:10]]
[2025.12.19-15.24.27:309][  0]LogConfig: Setting CVar [[s.UnregisterComponentsTimeLimit:1.0]]
[2025.12.19-15.24.27:309][  0]LogConfig: Setting CVar [[s.LevelStreamingComponentsUnregistrationGranularity:5]]
[2025.12.19-15.24.27:309][  0]LogConfig: Setting CVar [[s.FlushStreamingOnExit:1]]
[2025.12.19-15.24.27:309][  0]LogConfig: Applying CVar settings from Section [/Script/Engine.GarbageCollectionSettings] File [D:/WORKPLACE/Mini_laboratory/MEPhI_VR_term_1/Mini_laboratory/Saved/Config/Windows/Engine.ini]
[2025.12.19-15.24.27:309][  0]LogConfig: Setting CVar [[gc.MaxObjectsNotConsideredByGC:1]]
[2025.12.19-15.24.27:309][  0]LogConfig: Setting CVar [[gc.SizeOfPermanentObjectPool:0]]
[2025.12.19-15.24.27:309][  0]LogConfig: Setting CVar [[gc.FlushStreamingOnGC:0]]
[2025.12.19-15.24.27:309][  0]LogConfig: Setting CVar [[gc.NumRetriesBeforeForcingGC:10]]
[2025.12.19-15.24.27:309][  0]LogConfig: Setting CVar [[gc.AllowParallelGC:1]]
[2025.12.19-15.24.27:309][  0]LogConfig: Setting CVar [[gc.TimeBetweenPurgingPendingKillObjects:61.1]]
[2025.12.19-15.24.27:309][  0]LogConfig: Setting CVar [[gc.MaxObjectsInEditor:25165824]]
[2025.12.19-15.24.27:309][  0]LogConfig: Setting CVar [[gc.IncrementalBeginDestroyEnabled:1]]
[2025.12.19-15.24.27:309][  0]LogConfig: Setting CVar [[gc.CreateGCClusters:1]]
[2025.12.19-15.24.27:309][  0]LogConfig: Setting CVar [[gc.MinGCClusterSize:5]]
[2025.12.19-15.24.27:309][  0]LogConfig: Setting CVar [[gc.ActorClusteringEnabled:0]]
[2025.12.19-15.24.27:309][  0]LogConfig: Setting CVar [[gc.BlueprintClusteringEnabled:0]]
[2025.12.19-15.24.27:309][  0]LogConfig: Setting CVar [[gc.UseDisregardForGCOnDedicatedServers:0]]
[2025.12.19-15.24.27:309][  0]LogConfig: Setting CVar [[gc.MultithreadedDestructionEnabled:1]]
[2025.12.19-15.24.27:309][  0]LogConfig: Applying CVar settings from Section [/Script/Engine.NetworkSettings] File [D:/WORKPLACE/Mini_laboratory/MEPhI_VR_term_1/Mini_laboratory/Saved/Config/Windows/Engine.ini]
[2025.12.19-15.24.27:309][  0]LogConfig: Applying CVar settings from Section [/Script/UnrealEd.CookerSettings] File [D:/WORKPLACE/Mini_laboratory/MEPhI_VR_term_1/Mini_laboratory/Saved/Config/Windows/Engine.ini]
[2025.12.19-15.24.27:315][  0]LogConfig: Applying CVar settings from Section [ViewDistanceQuality@3] File [D:/WORKPLACE/Mini_laboratory/MEPhI_VR_term_1/Mini_laboratory/Saved/Config/Windows/Scalability.ini]
[2025.12.19-15.24.27:315][  0]LogConfig: Setting CVar [[r.SkeletalMeshLODBias:0]]
[2025.12.19-15.24.27:315][  0]LogConfig: Setting CVar [[r.ViewDistanceScale:1.0]]
[2025.12.19-15.24.27:315][  0]LogConfig: Applying CVar settings from Section [AntiAliasingQuality@3] File [D:/WORKPLACE/Mini_laboratory/MEPhI_VR_term_1/Mini_laboratory/Saved/Config/Windows/Scalability.ini]
[2025.12.19-15.24.27:315][  0]LogConfig: Setting CVar [[r.PostProcessAAQuality:4]]
[2025.12.19-15.24.27:315][  0]LogConfig: Applying CVar settings from Section [ShadowQuality@3] File [D:/WORKPLACE/Mini_laboratory/MEPhI_VR_term_1/Mini_laboratory/Saved/Config/Windows/Scalability.ini]
[2025.12.19-15.24.27:315][  0]LogConfig: Setting CVar [[r.LightFunctionQuality:1]]
[2025.12.19-15.24.27:315][  0]LogConfig: Setting CVar [[r.ShadowQuality:5]]
[2025.12.19-15.24.27:315][  0]LogConfig: Setting CVar [[r.Shadow.CSM.MaxCascades:10]]
[2025.12.19-15.24.27:315][  0]LogConfig: Setting CVar [[r.Shadow.MaxResolution:2048]]
[2025.12.19-15.24.27:315][  0]LogConfig: Setting CVar [[r.Shadow.MaxCSMResolution:2048]]
[2025.12.19-15.24.27:315][  0]LogConfig: Setting CVar [[r.Shadow.RadiusThreshold:0.01]]
[2025.12.19-15.24.27:315][  0]LogConfig: Setting CVar [[r.Shadow.DistanceScale:1.0]]
[2025.12.19-15.24.27:315][  0]LogConfig: Setting CVar [[r.Shadow.CSM.TransitionScale:1.0]]
[2025.12.19-15.24.27:315][  0]LogConfig: Setting CVar [[r.Shadow.PreShadowResolutionFactor:1.0]]
[2025.12.19-15.24.27:315][  0]LogConfig: Setting CVar [[r.DistanceFieldShadowing:1]]
[2025.12.19-15.24.27:315][  0]LogConfig: Setting CVar [[r.DistanceFieldAO:1]]
[2025.12.19-15.24.27:315][  0]LogConfig: Setting CVar [[r.AOQuality:2]]
[2025.12.19-15.24.27:315][  0]LogConfig: Setting CVar [[r.VolumetricFog:1]]
[2025.12.19-15.24.27:315][  0]LogConfig: Setting CVar [[r.VolumetricFog.GridPixelSize:8]]
[2025.12.19-15.24.27:315][  0]LogConfig: Setting CVar [[r.VolumetricFog.GridSizeZ:128]]
[2025.12.19-15.24.27:315][  0]LogConfig: Setting CVar [[r.VolumetricFog.HistoryMissSupersampleCount:4]]
[2025.12.19-15.24.27:315][  0]LogConfig: Setting CVar [[r.LightMaxDrawDistanceScale:1]]
[2025.12.19-15.24.27:315][  0]LogConfig: Setting CVar [[r.CapsuleShadows:1]]
[2025.12.19-15.24.27:315][  0]LogConfig: Applying CVar settings from Section [PostProcessQuality@3] File [D:/WORKPLACE/Mini_laboratory/MEPhI_VR_term_1/Mini_laboratory/Saved/Config/Windows/Scalability.ini]
[2025.12.19-15.24.27:315][  0]LogConfig: Setting CVar [[r.MotionBlurQuality:4]]
[2025.12.19-15.24.27:315][  0]LogConfig: Setting CVar [[r.AmbientOcclusionMipLevelFactor:0.4]]
[2025.12.19-15.24.27:315][  0]LogConfig: Setting CVar [[r.AmbientOcclusionMaxQuality:100]]
[2025.12.19-15.24.27:315][  0]LogConfig: Setting CVar [[r.AmbientOcclusionLevels:-1]]
[2025.12.19-15.24.27:315][  0]LogConfig: Setting CVar [[r.AmbientOcclusionRadiusScale:1.0]]
[2025.12.19-15.24.27:315][  0]LogConfig: Setting CVar [[r.DepthOfFieldQuality:2]]
[2025.12.19-15.24.27:315][  0]LogConfig: Setting CVar [[r.RenderTargetPoolMin:400]]
[2025.12.19-15.24.27:315][  0]LogConfig: Setting CVar [[r.LensFlareQuality:2]]
[2025.12.19-15.24.27:315][  0]LogConfig: Setting CVar [[r.SceneColorFringeQuality:1]]
[2025.12.19-15.24.27:315][  0]LogConfig: Setting CVar [[r.EyeAdaptationQuality:2]]
[2025.12.19-15.24.27:315][  0]LogConfig: Setting CVar [[r.BloomQuality:5]]
[2025.12.19-15.24.27:315][  0]LogConfig: Setting CVar [[r.FastBlurThreshold:100]]
[2025.12.19-15.24.27:315][  0]LogConfig: Setting CVar [[r.Upscale.Quality:3]]
[2025.12.19-15.24.27:315][  0]LogConfig: Setting CVar [[r.Tonemapper.GrainQuantization:1]]
[2025.12.19-15.24.27:315][  0]LogConfig: Setting CVar [[r.LightShaftQuality:1]]
[2025.12.19-15.24.27:315][  0]LogConfig: Setting CVar [[r.Filter.SizeScale:1]]
[2025.12.19-15.24.27:315][  0]LogConfig: Setting CVar [[r.Tonemapper.Quality:5]]
[2025.12.19-15.24.27:315][  0]LogConfig: Setting CVar [[r.DOF.Gather.AccumulatorQuality:1        ; higher gathering accumulator quality]]
[2025.12.19-15.24.27:315][  0]LogConfig: Setting CVar [[r.DOF.Gather.PostfilterMethod:1          ; Median3x3 postfilering method]]
[2025.12.19-15.24.27:315][  0]LogConfig: Setting CVar [[r.DOF.Gather.EnableBokehSettings:0       ; no bokeh simulation when gathering]]
[2025.12.19-15.24.27:315][  0]LogConfig: Setting CVar [[r.DOF.Gather.RingCount:4                 ; medium number of samples when gathering]]
[2025.12.19-15.24.27:315][  0]LogConfig: Setting CVar [[r.DOF.Scatter.ForegroundCompositing:1    ; additive foreground scattering]]
[2025.12.19-15.24.27:315][  0]LogConfig: Setting CVar [[r.DOF.Scatter.BackgroundCompositing:2    ; additive background scattering]]
[2025.12.19-15.24.27:315][  0]LogConfig: Setting CVar [[r.DOF.Scatter.EnableBokehSettings:1      ; bokeh simulation when scattering]]
[2025.12.19-15.24.27:315][  0]LogConfig: Setting CVar [[r.DOF.Scatter.MaxSpriteRatio:0.1         ; only a maximum of 10% of scattered bokeh]]
[2025.12.19-15.24.27:315][  0]LogConfig: Setting CVar [[r.DOF.Recombine.Quality:1                ; cheap slight out of focus]]
[2025.12.19-15.24.27:315][  0]LogConfig: Setting CVar [[r.DOF.Recombine.EnableBokehSettings:0    ; no bokeh simulation on slight out of focus]]
[2025.12.19-15.24.27:315][  0]LogConfig: Setting CVar [[r.DOF.TemporalAAQuality:1                ; more stable temporal accumulation]]
[2025.12.19-15.24.27:316][  0]LogConfig: Setting CVar [[r.DOF.Kernel.MaxForegroundRadius:0.025]]
[2025.12.19-15.24.27:316][  0]LogConfig: Setting CVar [[r.DOF.Kernel.MaxBackgroundRadius:0.025]]
[2025.12.19-15.24.27:316][  0]LogConfig: Applying CVar settings from Section [TextureQuality@3] File [D:/WORKPLACE/Mini_laboratory/MEPhI_VR_term_1/Mini_laboratory/Saved/Config/Windows/Scalability.ini]
[2025.12.19-15.24.27:316][  0]LogConfig: Setting CVar [[r.Streaming.MipBias:0]]
[2025.12.19-15.24.27:316][  0]LogConfig: Setting CVar [[r.Streaming.AmortizeCPUToGPUCopy:0]]
[2025.12.19-15.24.27:316][  0]LogConfig: Setting CVar [[r.Streaming.MaxNumTexturesToStreamPerFrame:0]]
[2025.12.19-15.24.27:316][  0]LogConfig: Setting CVar [[r.Streaming.Boost:1]]
[2025.12.19-15.24.27:316][  0]LogConfig: Setting CVar [[r.MaxAnisotropy:8]]
[2025.12.19-15.24.27:316][  0]LogConfig: Setting CVar [[r.VT.MaxAnisotropy:8]]
[2025.12.19-15.24.27:316][  0]LogConfig: Setting CVar [[r.Streaming.LimitPoolSizeToVRAM:0]]
[2025.12.19-15.24.27:316][  0]LogConfig: Setting CVar [[r.Streaming.PoolSize:1000]]
[2025.12.19-15.24.27:316][  0]LogConfig: Setting CVar [[r.Streaming.MaxEffectiveScreenSize:0]]
[2025.12.19-15.24.27:316][  0]LogConfig: Applying CVar settings from Section [EffectsQuality@3] File [D:/WORKPLACE/Mini_laboratory/MEPhI_VR_term_1/Mini_laboratory/Saved/Config/Windows/Scalability.ini]
[2025.12.19-15.24.27:316][  0]LogConfig: Setting CVar [[r.TranslucencyLightingVolumeDim:64]]
[2025.12.19-15.24.27:316][  0]LogConfig: Setting CVar [[r.RefractionQuality:2]]
[2025.12.19-15.24.27:316][  0]LogConfig: Setting CVar [[r.SSR.Quality:3]]
[2025.12.19-15.24.27:316][  0]LogConfig: Setting CVar [[r.SSR.HalfResSceneColor:0]]
[2025.12.19-15.24.27:316][  0]LogConfig: Setting CVar [[r.SceneColorFormat:4]]
[2025.12.19-15.24.27:316][  0]LogConfig: Setting CVar [[r.DetailMode:2]]
[2025.12.19-15.24.27:316][  0]LogConfig: Setting CVar [[r.TranslucencyVolumeBlur:1]]
[2025.12.19-15.24.27:316][  0]LogConfig: Setting CVar [[r.MaterialQualityLevel:1 ; High quality]]
[2025.12.19-15.24.27:316][  0]LogConfig: Setting CVar [[r.AnisotropicMaterials:1]]
[2025.12.19-15.24.27:316][  0]LogConfig: Setting CVar [[r.SSS.Scale:1]]
[2025.12.19-15.24.27:316][  0]LogConfig: Setting CVar [[r.SSS.SampleSet:2]]
[2025.12.19-15.24.27:316][  0]LogConfig: Setting CVar [[r.SSS.Quality:1]]
[2025.12.19-15.24.27:316][  0]LogConfig: Setting CVar [[r.SSS.HalfRes:0]]
[2025.12.19-15.24.27:316][  0]LogConfig: Setting CVar [[r.SSGI.Quality:3]]
[2025.12.19-15.24.27:316][  0]LogConfig: Setting CVar [[r.EmitterSpawnRateScale:1.0]]
[2025.12.19-15.24.27:316][  0]LogConfig: Setting CVar [[r.ParticleLightQuality:2]]
[2025.12.19-15.24.27:316][  0]LogConfig: Setting CVar [[r.SkyAtmosphere.AerialPerspectiveLUT.FastApplyOnOpaque:1 ; Always have FastSkyLUT 1 in this case to avoid wrong sky]]
[2025.12.19-15.24.27:316][  0]LogConfig: Setting CVar [[r.SkyAtmosphere.AerialPerspectiveLUT.SampleCountMaxPerSlice:4]]
[2025.12.19-15.24.27:316][  0]LogConfig: Setting CVar [[r.SkyAtmosphere.AerialPerspectiveLUT.DepthResolution:16.0]]
[2025.12.19-15.24.27:316][  0]LogConfig: Setting CVar [[r.SkyAtmosphere.FastSkyLUT:1]]
[2025.12.19-15.24.27:316][  0]LogConfig: Setting CVar [[r.SkyAtmosphere.FastSkyLUT.SampleCountMin:4.0]]
[2025.12.19-15.24.27:316][  0]LogConfig: Setting CVar [[r.SkyAtmosphere.FastSkyLUT.SampleCountMax:128.0]]
[2025.12.19-15.24.27:316][  0]LogConfig: Setting CVar [[r.SkyAtmosphere.SampleCountMin:4.0]]
[2025.12.19-15.24.27:316][  0]LogConfig: Setting CVar [[r.SkyAtmosphere.SampleCountMax:128.0]]
[2025.12.19-15.24.27:316][  0]LogConfig: Setting CVar [[r.SkyAtmosphere.TransmittanceLUT.UseSmallFormat:0]]
[2025.12.19-15.24.27:316][  0]LogConfig: Setting CVar [[r.SkyAtmosphere.TransmittanceLUT.SampleCount:10.0]]
[2025.12.19-15.24.27:316][  0]LogConfig: Setting CVar [[r.SkyAtmosphere.MultiScatteringLUT.SampleCount:15.0]]
[2025.12.19-15.24.27:316][  0]LogConfig: Setting CVar [[r.SkyLight.RealTimeReflectionCapture:1]]
[2025.12.19-15.24.27:316][  0]LogConfig: Applying CVar settings from Section [FoliageQuality@3] File [D:/WORKPLACE/Mini_laboratory/MEPhI_VR_term_1/Mini_laboratory/Saved/Config/Windows/Scalability.ini]
[2025.12.19-15.24.27:316][  0]LogConfig: Setting CVar [[foliage.DensityScale:1.0]]
[2025.12.19-15.24.27:316][  0]LogConfig: Setting CVar [[grass.DensityScale:1.0]]
[2025.12.19-15.24.27:316][  0]LogConfig: Applying CVar settings from Section [ShadingQuality@3] File [D:/WORKPLACE/Mini_laboratory/MEPhI_VR_term_1/Mini_laboratory/Saved/Config/Windows/Scalability.ini]
[2025.12.19-15.24.27:316][  0]LogConfig: Setting CVar [[r.HairStrands.SkyLighting.IntegrationType:2]]
[2025.12.19-15.24.27:316][  0]LogConfig: Setting CVar [[r.HairStrands.SkyAO.SampleCount:4]]
[2025.12.19-15.24.27:316][  0]LogConfig: Setting CVar [[r.HairStrands.Visibility.MSAA.SamplePerPixel:4]]
[2025.12.19-15.24.27:316][  0]LogInit: Selected Device Profile: [Windows]
[2025.12.19-15.24.27:316][  0]LogInit: Applying CVar settings loaded from the selected device profile: [Windows]
[2025.12.19-15.24.27:316][  0]LogHAL: Display: Platform has ~ 8 GB [8451309568 / 8589934592 / 8], which maps to Default [LargestMinGB=32, LargerMinGB=12, DefaultMinGB=8, SmallerMinGB=6, SmallestMinGB=0)
[2025.12.19-15.24.27:316][  0]LogInit: Going up to parent DeviceProfile []
[2025.12.19-15.24.27:316][  0]LogConfig: Applying CVar settings from Section [ViewDistanceQuality@3] File [D:/WORKPLACE/Mini_laboratory/MEPhI_VR_term_1/Mini_laboratory/Saved/Config/Windows/Scalability.ini]
[2025.12.19-15.24.27:316][  0]LogConfig: Setting CVar [[r.SkeletalMeshLODBias:0]]
[2025.12.19-15.24.27:316][  0]LogConfig: Setting CVar [[r.ViewDistanceScale:1.0]]
[2025.12.19-15.24.27:316][  0]LogConfig: Applying CVar settings from Section [AntiAliasingQuality@3] File [D:/WORKPLACE/Mini_laboratory/MEPhI_VR_term_1/Mini_laboratory/Saved/Config/Windows/Scalability.ini]
[2025.12.19-15.24.27:316][  0]LogConfig: Setting CVar [[r.PostProcessAAQuality:4]]
[2025.12.19-15.24.27:316][  0]LogConfig: Applying CVar settings from Section [ShadowQuality@3] File [D:/WORKPLACE/Mini_laboratory/MEPhI_VR_term_1/Mini_laboratory/Saved/Config/Windows/Scalability.ini]
[2025.12.19-15.24.27:316][  0]LogConfig: Setting CVar [[r.LightFunctionQuality:1]]
[2025.12.19-15.24.27:316][  0]LogConfig: Setting CVar [[r.ShadowQuality:5]]
[2025.12.19-15.24.27:316][  0]LogConfig: Setting CVar [[r.Shadow.CSM.MaxCascades:10]]
[2025.12.19-15.24.27:316][  0]LogConfig: Setting CVar [[r.Shadow.MaxResolution:2048]]
[2025.12.19-15.24.27:316][  0]LogConfig: Setting CVar [[r.Shadow.MaxCSMResolution:2048]]
[2025.12.19-15.24.27:316][  0]LogConfig: Setting CVar [[r.Shadow.RadiusThreshold:0.01]]
[2025.12.19-15.24.27:316][  0]LogConfig: Setting CVar [[r.Shadow.DistanceScale:1.0]]
[2025.12.19-15.24.27:316][  0]LogConfig: Setting CVar [[r.Shadow.CSM.TransitionScale:1.0]]
[2025.12.19-15.24.27:316][  0]LogConfig: Setting CVar [[r.Shadow.PreShadowResolutionFactor:1.0]]
[2025.12.19-15.24.27:316][  0]LogConfig: Setting CVar [[r.DistanceFieldShadowing:1]]
[2025.12.19-15.24.27:316][  0]LogConfig: Setting CVar [[r.DistanceFieldAO:1]]
[2025.12.19-15.24.27:316][  0]LogConfig: Setting CVar [[r.AOQuality:2]]
[2025.12.19-15.24.27:316][  0]LogConfig: Setting CVar [[r.VolumetricFog:1]]
[2025.12.19-15.24.27:316][  0]LogConfig: Setting CVar [[r.VolumetricFog.GridPixelSize:8]]
[2025.12.19-15.24.27:316][  0]LogConfig: Setting CVar [[r.VolumetricFog.GridSizeZ:128]]
[2025.12.19-15.24.27:316][  0]LogConfig: Setting CVar [[r.VolumetricFog.HistoryMissSupersampleCount:4]]
[2025.12.19-15.24.27:316][  0]LogConfig: Setting CVar [[r.LightMaxDrawDistanceScale:1]]
[2025.12.19-15.24.27:316][  0]LogConfig: Setting CVar [[r.CapsuleShadows:1]]
[2025.12.19-15.24.27:316][  0]LogConfig: Applying CVar settings from Section [PostProcessQuality@3] File [D:/WORKPLACE/Mini_laboratory/MEPhI_VR_term_1/Mini_laboratory/Saved/Config/Windows/Scalability.ini]
[2025.12.19-15.24.27:316][  0]LogConfig: Setting CVar [[r.MotionBlurQuality:4]]
[2025.12.19-15.24.27:316][  0]LogConfig: Setting CVar [[r.AmbientOcclusionMipLevelFactor:0.4]]
[2025.12.19-15.24.27:316][  0]LogConfig: Setting CVar [[r.AmbientOcclusionMaxQuality:100]]
[2025.12.19-15.24.27:316][  0]LogConfig: Setting CVar [[r.AmbientOcclusionLevels:-1]]
[2025.12.19-15.24.27:317][  0]LogConfig: Setting CVar [[r.AmbientOcclusionRadiusScale:1.0]]
[2025.12.19-15.24.27:317][  0]LogConfig: Setting CVar [[r.DepthOfFieldQuality:2]]
[2025.12.19-15.24.27:317][  0]LogConfig: Setting CVar [[r.RenderTargetPoolMin:400]]
[2025.12.19-15.24.27:317][  0]LogConfig: Setting CVar [[r.LensFlareQuality:2]]
[2025.12.19-15.24.27:317][  0]LogConfig: Setting CVar [[r.SceneColorFringeQuality:1]]
[2025.12.19-15.24.27:317][  0]LogConfig: Setting CVar [[r.EyeAdaptationQuality:2]]
[2025.12.19-15.24.27:317][  0]LogConfig: Setting CVar [[r.BloomQuality:5]]
[2025.12.19-15.24.27:317][  0]LogConfig: Setting CVar [[r.FastBlurThreshold:100]]
[2025.12.19-15.24.27:317][  0]LogConfig: Setting CVar [[r.Upscale.Quality:3]]
[2025.12.19-15.24.27:317][  0]LogConfig: Setting CVar [[r.Tonemapper.GrainQuantization:1]]
[2025.12.19-15.24.27:317][  0]LogConfig: Setting CVar [[r.LightShaftQuality:1]]
[2025.12.19-15.24.27:317][  0]LogConfig: Setting CVar [[r.Filter.SizeScale:1]]
[2025.12.19-15.24.27:317][  0]LogConfig: Setting CVar [[r.Tonemapper.Quality:5]]
[2025.12.19-15.24.27:317][  0]LogConfig: Setting CVar [[r.DOF.Gather.AccumulatorQuality:1        ; higher gathering accumulator quality]]
[2025.12.19-15.24.27:317][  0]LogConfig: Setting CVar [[r.DOF.Gather.PostfilterMethod:1          ; Median3x3 postfilering method]]
[2025.12.19-15.24.27:317][  0]LogConfig: Setting CVar [[r.DOF.Gather.EnableBokehSettings:0       ; no bokeh simulation when gathering]]
[2025.12.19-15.24.27:317][  0]LogConfig: Setting CVar [[r.DOF.Gather.RingCount:4                 ; medium number of samples when gathering]]
[2025.12.19-15.24.27:317][  0]LogConfig: Setting CVar [[r.DOF.Scatter.ForegroundCompositing:1    ; additive foreground scattering]]
[2025.12.19-15.24.27:317][  0]LogConfig: Setting CVar [[r.DOF.Scatter.BackgroundCompositing:2    ; additive background scattering]]
[2025.12.19-15.24.27:317][  0]LogConfig: Setting CVar [[r.DOF.Scatter.EnableBokehSettings:1      ; bokeh simulation when scattering]]
[2025.12.19-15.24.27:317][  0]LogConfig: Setting CVar [[r.DOF.Scatter.MaxSpriteRatio:0.1         ; only a maximum of 10% of scattered bokeh]]
[2025.12.19-15.24.27:317][  0]LogConfig: Setting CVar [[r.DOF.Recombine.Quality:1                ; cheap slight out of focus]]
[2025.12.19-15.24.27:317][  0]LogConfig: Setting CVar [[r.DOF.Recombine.EnableBokehSettings:0    ; no bokeh simulation on slight out of focus]]
[2025.12.19-15.24.27:317][  0]LogConfig: Setting CVar [[r.DOF.TemporalAAQuality:1                ; more stable temporal accumulation]]
[2025.12.19-15.24.27:317][  0]LogConfig: Setting CVar [[r.DOF.Kernel.MaxForegroundRadius:0.025]]
[2025.12.19-15.24.27:317][  0]LogConfig: Setting CVar [[r.DOF.Kernel.MaxBackgroundRadius:0.025]]
[2025.12.19-15.24.27:317][  0]LogConfig: Applying CVar settings from Section [TextureQuality@3] File [D:/WORKPLACE/Mini_laboratory/MEPhI_VR_term_1/Mini_laboratory/Saved/Config/Windows/Scalability.ini]
[2025.12.19-15.24.27:317][  0]LogConfig: Setting CVar [[r.Streaming.MipBias:0]]
[2025.12.19-15.24.27:317][  0]LogConfig: Setting CVar [[r.Streaming.AmortizeCPUToGPUCopy:0]]
[2025.12.19-15.24.27:317][  0]LogConfig: Setting CVar [[r.Streaming.MaxNumTexturesToStreamPerFrame:0]]
[2025.12.19-15.24.27:317][  0]LogConfig: Setting CVar [[r.Streaming.Boost:1]]
[2025.12.19-15.24.27:317][  0]LogConfig: Setting CVar [[r.MaxAnisotropy:8]]
[2025.12.19-15.24.27:317][  0]LogConfig: Setting CVar [[r.VT.MaxAnisotropy:8]]
[2025.12.19-15.24.27:317][  0]LogConfig: Setting CVar [[r.Streaming.LimitPoolSizeToVRAM:0]]
[2025.12.19-15.24.27:317][  0]LogConfig: Setting CVar [[r.Streaming.PoolSize:1000]]
[2025.12.19-15.24.27:317][  0]LogConfig: Setting CVar [[r.Streaming.MaxEffectiveScreenSize:0]]
[2025.12.19-15.24.27:317][  0]LogConfig: Applying CVar settings from Section [EffectsQuality@3] File [D:/WORKPLACE/Mini_laboratory/MEPhI_VR_term_1/Mini_laboratory/Saved/Config/Windows/Scalability.ini]
[2025.12.19-15.24.27:317][  0]LogConfig: Setting CVar [[r.TranslucencyLightingVolumeDim:64]]
[2025.12.19-15.24.27:317][  0]LogConfig: Setting CVar [[r.RefractionQuality:2]]
[2025.12.19-15.24.27:317][  0]LogConfig: Setting CVar [[r.SSR.Quality:3]]
[2025.12.19-15.24.27:317][  0]LogConfig: Setting CVar [[r.SSR.HalfResSceneColor:0]]
[2025.12.19-15.24.27:317][  0]LogConfig: Setting CVar [[r.SceneColorFormat:4]]
[2025.12.19-15.24.27:317][  0]LogConfig: Setting CVar [[r.DetailMode:2]]
[2025.12.19-15.24.27:317][  0]LogConfig: Setting CVar [[r.TranslucencyVolumeBlur:1]]
[2025.12.19-15.24.27:317][  0]LogConfig: Setting CVar [[r.MaterialQualityLevel:1 ; High quality]]
[2025.12.19-15.24.27:317][  0]LogConfig: Setting CVar [[r.AnisotropicMaterials:1]]
[2025.12.19-15.24.27:317][  0]LogConfig: Setting CVar [[r.SSS.Scale:1]]
[2025.12.19-15.24.27:317][  0]LogConfig: Setting CVar [[r.SSS.SampleSet:2]]
[2025.12.19-15.24.27:317][  0]LogConfig: Setting CVar [[r.SSS.Quality:1]]
[2025.12.19-15.24.27:317][  0]LogConfig: Setting CVar [[r.SSS.HalfRes:0]]
[2025.12.19-15.24.27:317][  0]LogConfig: Setting CVar [[r.SSGI.Quality:3]]
[2025.12.19-15.24.27:317][  0]LogConfig: Setting CVar [[r.EmitterSpawnRateScale:1.0]]
[2025.12.19-15.24.27:317][  0]LogConfig: Setting CVar [[r.ParticleLightQuality:2]]
[2025.12.19-15.24.27:317][  0]LogConfig: Setting CVar [[r.SkyAtmosphere.AerialPerspectiveLUT.FastApplyOnOpaque:1 ; Always have FastSkyLUT 1 in this case to avoid wrong sky]]
[2025.12.19-15.24.27:317][  0]LogConfig: Setting CVar [[r.SkyAtmosphere.AerialPerspectiveLUT.SampleCountMaxPerSlice:4]]
[2025.12.19-15.24.27:317][  0]LogConfig: Setting CVar [[r.SkyAtmosphere.AerialPerspectiveLUT.DepthResolution:16.0]]
[2025.12.19-15.24.27:317][  0]LogConfig: Setting CVar [[r.SkyAtmosphere.FastSkyLUT:1]]
[2025.12.19-15.24.27:317][  0]LogConfig: Setting CVar [[r.SkyAtmosphere.FastSkyLUT.SampleCountMin:4.0]]
[2025.12.19-15.24.27:317][  0]LogConfig: Setting CVar [[r.SkyAtmosphere.FastSkyLUT.SampleCountMax:128.0]]
[2025.12.19-15.24.27:317][  0]LogConfig: Setting CVar [[r.SkyAtmosphere.SampleCountMin:4.0]]
[2025.12.19-15.24.27:317][  0]LogConfig: Setting CVar [[r.SkyAtmosphere.SampleCountMax:128.0]]
[2025.12.19-15.24.27:317][  0]LogConfig: Setting CVar [[r.SkyAtmosphere.TransmittanceLUT.UseSmallFormat:0]]
[2025.12.19-15.24.27:317][  0]LogConfig: Setting CVar [[r.SkyAtmosphere.TransmittanceLUT.SampleCount:10.0]]
[2025.12.19-15.24.27:317][  0]LogConfig: Setting CVar [[r.SkyAtmosphere.MultiScatteringLUT.SampleCount:15.0]]
[2025.12.19-15.24.27:317][  0]LogConfig: Setting CVar [[r.SkyLight.RealTimeReflectionCapture:1]]
[2025.12.19-15.24.27:317][  0]LogConfig: Applying CVar settings from Section [FoliageQuality@3] File [D:/WORKPLACE/Mini_laboratory/MEPhI_VR_term_1/Mini_laboratory/Saved/Config/Windows/Scalability.ini]
[2025.12.19-15.24.27:317][  0]LogConfig: Setting CVar [[foliage.DensityScale:1.0]]
[2025.12.19-15.24.27:317][  0]LogConfig: Setting CVar [[grass.DensityScale:1.0]]
[2025.12.19-15.24.27:317][  0]LogConfig: Applying CVar settings from Section [ShadingQuality@3] File [D:/WORKPLACE/Mini_laboratory/MEPhI_VR_term_1/Mini_laboratory/Saved/Config/Windows/Scalability.ini]
[2025.12.19-15.24.27:317][  0]LogConfig: Setting CVar [[r.HairStrands.SkyLighting.IntegrationType:2]]
[2025.12.19-15.24.27:317][  0]LogConfig: Setting CVar [[r.HairStrands.SkyAO.SampleCount:4]]
[2025.12.19-15.24.27:317][  0]LogConfig: Setting CVar [[r.HairStrands.Visibility.MSAA.SamplePerPixel:4]]
[2025.12.19-15.24.27:317][  0]LogConfig: Applying CVar settings from Section [Startup] File [../../../Engine/Config/ConsoleVariables.ini]
[2025.12.19-15.24.27:318][  0]LogConfig: Setting CVar [[net.UseAdaptiveNetUpdateFrequency:0]]
[2025.12.19-15.24.27:318][  0]LogConfig: Setting CVar [[p.chaos.AllowCreatePhysxBodies:1]]
[2025.12.19-15.24.27:318][  0]LogConfig: Setting CVar [[fx.SkipVectorVMBackendOptimizations:1]]
[2025.12.19-15.24.27:318][  0]LogConfig: Applying CVar settings from Section [ConsoleVariables] File [D:/WORKPLACE/Mini_laboratory/MEPhI_VR_term_1/Mini_laboratory/Saved/Config/Windows/Engine.ini]
[2025.12.19-15.24.27:318][  0]LogConfig: Applying CVar settings from Section [ConsoleVariables] File [D:/WORKPLACE/Mini_laboratory/MEPhI_VR_term_1/Mini_laboratory/Saved/Config/Windows/Editor.ini]
[2025.12.19-15.24.27:318][  0]LogInit: Computer: LAPTOP-RE3L13LG
[2025.12.19-15.24.27:318][  0]LogInit: User: Vladislav
[2025.12.19-15.24.27:318][  0]LogInit: CPU Page size=4096, Cores=4
[2025.12.19-15.24.27:318][  0]LogInit: High frequency timer resolution =10.000000 MHz
[2025.12.19-15.24.27:318][  0]LogMemory: Memory total: Physical=7.9GB (8GB approx)
[2025.12.19-15.24.27:318][  0]LogMemory: Platform Memory Stats for Windows
[2025.12.19-15.24.27:318][  0]LogMemory: Process Physical Memory: 143.89 MB used, 143.89 MB peak
[2025.12.19-15.24.27:318][  0]LogMemory: Process Virtual Memory: 128.48 MB used, 128.48 MB peak
[2025.12.19-15.24.27:318][  0]LogMemory: Physical Memory: 6420.36 MB used,  1639.43 MB free, 8059.80 MB total
[2025.12.19-15.24.27:318][  0]LogMemory: Virtual Memory: 134209208.00 MB used,  8518.12 MB free, 134217728.00 MB total
[2025.12.19-15.24.27:323][  0]LogWindows: WindowsPlatformFeatures enabled
[2025.12.19-15.24.27:366][  0]LogInit: Physics initialised using underlying interface: PhysX
[2025.12.19-15.24.27:367][  0]LogInit: Using OS detected language (ru-RU).
[2025.12.19-15.24.27:367][  0]LogInit: Using OS detected locale (ru-RU).
[2025.12.19-15.24.27:369][  0]LogTextLocalizationManager: No specific localization for 'ru-RU' exists, so the 'ru' localization will be used.
[2025.12.19-15.24.27:369][  0]LogTextLocalizationResource: LocRes '../../../Engine/Content/Localization/Editor/ru/Editor.locres' could not be opened for reading!
[2025.12.19-15.24.27:369][  0]LogTextLocalizationResource: LocRes '../../../Engine/Content/Localization/EditorTutorials/ru/EditorTutorials.locres' could not be opened for reading!
[2025.12.19-15.24.27:369][  0]LogTextLocalizationResource: LocRes '../../../Engine/Content/Localization/Keywords/ru/Keywords.locres' could not be opened for reading!
[2025.12.19-15.24.27:369][  0]LogTextLocalizationResource: LocRes '../../../Engine/Content/Localization/Category/ru/Category.locres' could not be opened for reading!
[2025.12.19-15.24.27:369][  0]LogTextLocalizationResource: LocRes '../../../Engine/Content/Localization/ToolTips/ru/ToolTips.locres' could not be opened for reading!
[2025.12.19-15.24.27:370][  0]LogTextLocalizationResource: LocRes '../../../Engine/Content/Localization/PropertyNames/ru/PropertyNames.locres' could not be opened for reading!
[2025.12.19-15.24.27:370][  0]LogTextLocalizationResource: LocRes '../../../Engine/Content/Localization/Engine/ru/Engine.locres' could not be opened for reading!
[2025.12.19-15.24.27:371][  0]LogInit: Setting process to per monitor DPI aware
[2025.12.19-15.24.27:388][  0]LogWindowsTextInputMethodSystem: Display: IME system deactivated.
[2025.12.19-15.24.27:405][  0]LogSlate: New Slate User Created.  User Index 0, Is Virtual User: 0
[2025.12.19-15.24.27:405][  0]LogSlate: Slate User Registered.  User Index 0, Is Virtual User: 0
[2025.12.19-15.24.27:621][  0]LogD3D11RHI: Loaded GFSDK_Aftermath_Lib.x64.dll
[2025.12.19-15.24.27:639][  0]LogHMD: Failed to initialize OpenVR with code 110
[2025.12.19-15.24.27:639][  0]LogD3D11RHI: D3D11 min allowed feature level: 11_0
[2025.12.19-15.24.27:639][  0]LogD3D11RHI: D3D11 max allowed feature level: 11_0
[2025.12.19-15.24.27:639][  0]LogD3D11RHI: D3D11 adapters:
[2025.12.19-15.24.28:405][  0]LogD3D11RHI:    0. 'NVIDIA GeForce GTX 1650 Ti' (Feature Level 11_0)
[2025.12.19-15.24.28:405][  0]LogD3D11RHI:       3935/0/4029 MB DedicatedVideo/DedicatedSystem/SharedSystem, Outputs:1, VendorId:0x10de
[2025.12.19-15.24.28:456][  0]LogD3D11RHI:    1. 'Intel(R) UHD Graphics' (Feature Level 11_0)
[2025.12.19-15.24.28:457][  0]LogD3D11RHI:       128/0/4029 MB DedicatedVideo/DedicatedSystem/SharedSystem, Outputs:0, VendorId:0x8086
[2025.12.19-15.24.28:460][  0]LogD3D11RHI:    2. 'Microsoft Basic Render Driver' (Feature Level 11_0)
[2025.12.19-15.24.28:460][  0]LogD3D11RHI:       0/0/4029 MB DedicatedVideo/DedicatedSystem/SharedSystem, Outputs:0, VendorId:0x1414
[2025.12.19-15.24.28:460][  0]LogD3D11RHI: Chosen D3D11 Adapter:
[2025.12.19-15.24.28:460][  0]LogD3D11RHI:     Description : NVIDIA GeForce GTX 1650 Ti
[2025.12.19-15.24.28:460][  0]LogD3D11RHI:     VendorId    : 10de
[2025.12.19-15.24.28:460][  0]LogD3D11RHI:     DeviceId    : 1f95
[2025.12.19-15.24.28:460][  0]LogD3D11RHI:     SubSysId    : 3fa317aa
[2025.12.19-15.24.28:460][  0]LogD3D11RHI:     Revision    : 00a1
[2025.12.19-15.24.28:460][  0]LogD3D11RHI:     DedicatedVideoMemory : 4126146560 bytes
[2025.12.19-15.24.28:460][  0]LogD3D11RHI:     DedicatedSystemMemory : 0 bytes
[2025.12.19-15.24.28:460][  0]LogD3D11RHI:     SharedSystemMemory : 4225654784 bytes
[2025.12.19-15.24.28:460][  0]LogD3D11RHI:     AdapterLuid : 0 74369
[2025.12.19-15.24.28:466][  0]LogD3D11RHI: Creating new Direct3DDevice
[2025.12.19-15.24.28:466][  0]LogD3D11RHI:     GPU DeviceId: 0x1f95 (for the marketing name, search the web for "GPU Device Id")
[2025.12.19-15.24.28:466][  0]LogWindows: EnumDisplayDevices:
[2025.12.19-15.24.28:466][  0]LogWindows:    0. 'Intel(R) UHD Graphics' (P:1 D:1)
[2025.12.19-15.24.28:466][  0]LogWindows:    1. 'Intel(R) UHD Graphics' (P:0 D:0)
[2025.12.19-15.24.28:466][  0]LogWindows:    2. 'Intel(R) UHD Graphics' (P:0 D:0)
[2025.12.19-15.24.28:467][  0]LogWindows:    3. 'NVIDIA GeForce GTX 1650 Ti' (P:0 D:0)
[2025.12.19-15.24.28:467][  0]LogWindows: DebugString: PrimaryIsNotTheChoosenAdapter PrimaryIsNotTheChoosenAdapter PrimaryIsNotTheChoosenAdapter 
[2025.12.19-15.24.28:467][  0]LogD3D11RHI:     Adapter Name: NVIDIA GeForce GTX 1650 Ti
[2025.12.19-15.24.28:467][  0]LogD3D11RHI:   Driver Version: 560.76 (internal:32.0.15.6076, unified:560.76)
[2025.12.19-15.24.28:467][  0]LogD3D11RHI:      Driver Date: 7-23-2024
[2025.12.19-15.24.28:467][  0]LogRHI: Texture pool is 2754 MB (70% of 3935 MB)
[2025.12.19-15.24.28:467][  0]LogD3D11RHI: Creating D3DDevice using adapter:
[2025.12.19-15.24.28:467][  0]LogD3D11RHI:     Description : NVIDIA GeForce GTX 1650 Ti
[2025.12.19-15.24.28:467][  0]LogD3D11RHI:     VendorId    : 10de
[2025.12.19-15.24.28:467][  0]LogD3D11RHI:     DeviceId    : 1f95
[2025.12.19-15.24.28:467][  0]LogD3D11RHI:     SubSysId    : 3fa317aa
[2025.12.19-15.24.28:467][  0]LogD3D11RHI:     Revision    : 00a1
[2025.12.19-15.24.28:467][  0]LogD3D11RHI:     DedicatedVideoMemory : 4126146560 bytes
[2025.12.19-15.24.28:467][  0]LogD3D11RHI:     DedicatedSystemMemory : 0 bytes
[2025.12.19-15.24.28:467][  0]LogD3D11RHI:     SharedSystemMemory : 4225654784 bytes
[2025.12.19-15.24.28:467][  0]LogD3D11RHI:     AdapterLuid : 0 74369
[2025.12.19-15.24.28:588][  0]LogD3D11RHI: RHI has support for 64 bit atomics
[2025.12.19-15.24.28:588][  0]LogD3D11RHI: Async texture creation enabled
[2025.12.19-15.24.28:588][  0]LogD3D11RHI: Array index from any shader is supported
[2025.12.19-15.24.28:604][  0]LogD3D11RHI: GPU Timing Frequency: 1000.000000 (Debug: 2 1)
[2025.12.19-15.24.28:653][  0]LogRHI: GeForceNow SDK initialized: 1
[2025.12.19-15.24.31:064][  0]LogTargetPlatformManager: Display: Loaded TargetPlatform 'AllDesktop'
[2025.12.19-15.24.31:083][  0]LogTargetPlatformManager: Display: Loaded TargetPlatform 'Android'
[2025.12.19-15.24.31:083][  0]LogTargetPlatformManager: Display: Loaded TargetPlatform 'Android_ASTC'
[2025.12.19-15.24.31:083][  0]LogTargetPlatformManager: Display: Loaded TargetPlatform 'Android_DXT'
[2025.12.19-15.24.31:083][  0]LogTargetPlatformManager: Display: Loaded TargetPlatform 'Android_ETC2'
[2025.12.19-15.24.31:083][  0]LogTargetPlatformManager: Display: Loaded TargetPlatform 'AndroidClient'
[2025.12.19-15.24.31:083][  0]LogTargetPlatformManager: Display: Loaded TargetPlatform 'Android_ASTCClient'
[2025.12.19-15.24.31:083][  0]LogTargetPlatformManager: Display: Loaded TargetPlatform 'Android_DXTClient'
[2025.12.19-15.24.31:083][  0]LogTargetPlatformManager: Display: Loaded TargetPlatform 'Android_ETC2Client'
[2025.12.19-15.24.31:083][  0]LogTargetPlatformManager: Display: Loaded TargetPlatform 'Android_Multi'
[2025.12.19-15.24.31:083][  0]LogTargetPlatformManager: Display: Loaded TargetPlatform 'Android_MultiClient'
[2025.12.19-15.24.31:103][  0]LogTargetPlatformManager: Display: Loaded TargetPlatform 'IOSClient'
[2025.12.19-15.24.31:104][  0]LogTargetPlatformManager: Display: Loaded TargetPlatform 'IOS'
[2025.12.19-15.24.31:114][  0]LogTargetPlatformManager: Display: Loaded TargetPlatform 'Linux'
[2025.12.19-15.24.31:119][  0]LogTargetPlatformManager: Display: Loaded TargetPlatform 'LinuxNoEditor'
[2025.12.19-15.24.31:123][  0]LogTargetPlatformManager: Display: Loaded TargetPlatform 'LinuxClient'
[2025.12.19-15.24.31:128][  0]LogTargetPlatformManager: Display: Loaded TargetPlatform 'LinuxServer'
[2025.12.19-15.24.31:138][  0]LogTargetPlatformManager: Display: Loaded TargetPlatform 'LinuxAArch64NoEditor'
[2025.12.19-15.24.31:142][  0]LogTargetPlatformManager: Display: Loaded TargetPlatform 'LinuxAArch64Client'
[2025.12.19-15.24.31:146][  0]LogTargetPlatformManager: Display: Loaded TargetPlatform 'LinuxAArch64Server'
[2025.12.19-15.24.31:170][  0]LogTargetPlatformManager: Display: Loaded TargetPlatform 'Lumin'
[2025.12.19-15.24.31:171][  0]LogTargetPlatformManager: Display: Loaded TargetPlatform 'LuminClient'
[2025.12.19-15.24.31:179][  0]LogTargetPlatformManager: Display: Loaded TargetPlatform 'MacNoEditor'
[2025.12.19-15.24.31:182][  0]LogTargetPlatformManager: Display: Loaded TargetPlatform 'Mac'
[2025.12.19-15.24.31:187][  0]LogTargetPlatformManager: Display: Loaded TargetPlatform 'MacClient'
[2025.12.19-15.24.31:191][  0]LogTargetPlatformManager: Display: Loaded TargetPlatform 'MacServer'
[2025.12.19-15.24.31:203][  0]LogTargetPlatformManager: Display: Loaded TargetPlatform 'TVOSClient'
[2025.12.19-15.24.31:203][  0]LogTargetPlatformManager: Display: Loaded TargetPlatform 'TVOS'
[2025.12.19-15.24.31:213][  0]LogTargetPlatformManager: Display: Loaded TargetPlatform 'WindowsNoEditor'
[2025.12.19-15.24.31:218][  0]LogTargetPlatformManager: Display: Loaded TargetPlatform 'Windows'
[2025.12.19-15.24.31:223][  0]LogTargetPlatformManager: Display: Loaded TargetPlatform 'WindowsClient'
[2025.12.19-15.24.31:228][  0]LogTargetPlatformManager: Display: Loaded TargetPlatform 'WindowsServer'
[2025.12.19-15.24.31:228][  0]LogTargetPlatformManager: Display: Building Assets For Windows
[2025.12.19-15.24.31:236][  0]LogAudioDebug: Display: Lib vorbis DLL was dynamically loaded.
[2025.12.19-15.24.31:266][  0]LogTextureFormatOodle: Display: Oodle Texture 2.9.0 init RDO Off
[2025.12.19-15.24.31:301][  0]LogRendererCore: Ray tracing is disabled. Reason: r.RayTracing=0.
[2025.12.19-15.24.31:301][  0]LogShaderCompilers: Guid format shader working directory is -24 characters bigger than the processId version (../../../../../../WORKPLACE/Mini_laboratory/MEPhI_VR_term_1/Mini_laboratory/Intermediate/Shaders/WorkingDirectory/780/).
[2025.12.19-15.24.31:301][  0]LogShaderCompilers: Cleaned the shader compiler working directory 'C:/Users/Владислав/AppData/Local/Temp/UnrealShaderWorkingDir/64DB873B471C0DE246E35D9765159418/'.
[2025.12.19-15.24.31:302][  0]LogXGEController: Cannot use XGE Controller as Incredibuild is not installed on this machine.
[2025.12.19-15.24.31:302][  0]LogShaderCompilers: Cannot use XGE Shader Compiler as Incredibuild is not installed on this machine.
[2025.12.19-15.24.31:302][  0]LogShaderCompilers: Display: Using Local Shader Compiler.
[2025.12.19-15.24.32:118][  0]LogDerivedDataCache: Display: Max Cache Size: 512 MB
[2025.12.19-15.24.32:187][  0]LogDerivedDataCache: Loaded boot cache 0.07s 94MB C:/Users/Владислав/AppData/Local/UnrealEngine/4.27/DerivedDataCache/Boot.ddc.
[2025.12.19-15.24.32:187][  0]LogDerivedDataCache: Display: Loaded Boot cache: C:/Users/Владислав/AppData/Local/UnrealEngine/4.27/DerivedDataCache/Boot.ddc
[2025.12.19-15.24.32:188][  0]LogDerivedDataCache: FDerivedDataBackendGraph:  Pak pak cache file ../../../../../../WORKPLACE/Mini_laboratory/MEPhI_VR_term_1/Mini_laboratory/DerivedDataCache/DDC.ddp not found, will not use a pak cache.
[2025.12.19-15.24.32:188][  0]LogDerivedDataCache: Unable to find inner node Pak for hierarchical cache Hierarchy.
[2025.12.19-15.24.32:188][  0]LogDerivedDataCache: FDerivedDataBackendGraph:  CompressedPak pak cache file ../../../../../../WORKPLACE/Mini_laboratory/MEPhI_VR_term_1/Mini_laboratory/DerivedDataCache/Compressed.ddp not found, will not use a pak cache.
[2025.12.19-15.24.32:188][  0]LogDerivedDataCache: Unable to find inner node CompressedPak for hierarchical cache Hierarchy.
[2025.12.19-15.24.32:205][  0]LogDerivedDataCache: Display: Pak cache opened for reading ../../../Engine/DerivedDataCache/Compressed.ddp.
[2025.12.19-15.24.32:205][  0]LogDerivedDataCache: FDerivedDataBackendGraph:  EnterprisePak pak cache file ../../../Enterprise/DerivedDataCache/Compressed.ddp not found, will not use a pak cache.
[2025.12.19-15.24.32:205][  0]LogDerivedDataCache: Unable to find inner node EnterprisePak for hierarchical cache Hierarchy.
[2025.12.19-15.24.32:215][  0]LogDerivedDataCache: Speed tests for C:/Users/Владислав/AppData/Local/UnrealEngine/Common/DerivedDataCache took 0.01 seconds
[2025.12.19-15.24.32:215][  0]LogDerivedDataCache: Display: Performance to C:/Users/Владислав/AppData/Local/UnrealEngine/Common/DerivedDataCache: Latency=0.04ms. RandomReadSpeed=571.73MBs, RandomWriteSpeed=126.03MBs. Assigned SpeedClass 'Local'
[2025.12.19-15.24.32:215][  0]LogDerivedDataCache: Using Local data cache path C:/Users/Владислав/AppData/Local/UnrealEngine/Common/DerivedDataCache: Writable
[2025.12.19-15.24.32:216][  0]LogDerivedDataCache: Shared data cache path not found in *engine.ini, will not use an Shared cache.
[2025.12.19-15.24.32:216][  0]LogDerivedDataCache: Unable to find inner node Shared for hierarchical cache Hierarchy.
[2025.12.19-15.24.32:280][  0]LogSlate: Using FreeType 2.10.0
[2025.12.19-15.24.32:281][  0]LogSlate: SlateFontServices - WITH_FREETYPE: 1, WITH_HARFBUZZ: 1
[2025.12.19-15.24.32:314][  0]LogAssetRegistry: FAssetRegistry took 0.0033 seconds to start up
[2025.12.19-15.24.32:591][  0]LogInit: Selected Device Profile: [Windows]
[2025.12.19-15.24.32:591][  0]LogInit: Active device profile: [000001B0B0BE9100][000001B0AD01E700 49] Windows
[2025.12.19-15.24.32:591][  0]LogInit: Profiles: [000001B0B0BE9100][000001B0AD01E700 49] Windows, [000001B0B0B9AC00][000001B0B14E0880 49] WindowsNoEditor, [000001B0B0BEA200][000001B0B14649C0 49] WindowsServer, [000001B0B0B99E00][000001B0B14E4B00 49] WindowsClient, [000001B0B0BE9700][000001B0B14E8C40 49] IOS, [000001B0B0B9AE00][000001B0B14F0D80 49] iPadAir, [000001B0B0BEBC00][000001B0B14F8F00 49] iPadAir2, [000001B0B0B2D400][000001B0AEB0F1C0 49] IPadPro, [000001B0B0B2D500][000001B0B14FD200 49] iPadAir3, [000001B0B0B9BF00][000001B0AEB19380 49] iPadAir4, [000001B0B0B2E300][000001B0ACF97500 49] iPadMini2, [000001B0B0B9B600][000001B0ACF9B680 49] iPadMini3, [000001B0B0B2EF00][000001B0ACF9F800 49] iPadMini4, [000001B0B0B9A300][000001B0ACFA3980 49] iPadMini5, [000001B0B0B51000][000001B0ACFAA0C0 49] iPhone6, [000001B0B0B51100][000001B0ACFA6100 49] iPodTouch6, [000001B0B0BEB900][000001B0B14EC3C0 49] iPhone7, [000001B0B0BEA900][000001B0ACFAE400 49] iPodTouch7, [000001B0B0B2D000][000001B0AEAFE580 49] iPhone5S, [000001B0B0BEAF00][000001B0ACE0A700 49] iPhone6Plus, [000001B0B0B2F600][000001B0ACE0E880 49] iPhone6S, [000001B0B0BE8C00][000001B0ACE12A00 49] iPhone6SPlus, [000001B0B0BE9D00][000001B0B14F4B40 49] iPhone7Plus, [000001B0B0B50800][000001B0AFC5EC80 49] iPhoneSE, [000001B0B0BE8400][000001B0AD01ADC0 49] iPhone8, [000001B0B0B50900][000001B0AE83AF00 49] iPhone8Plus, [000001B0B0B52E00][000001B0AFC63080 49] iPhoneX, [000001B0B0B2DD00][000001B0AEB1F200 49] iPhoneXS, [000001B0B0B52700][000001B0AFF51380 49] iPhoneXSMax, [000001B0B0B2DC00][000001B0AFF55500 49] iPhoneXR, [000001B0B0B52800][000001B0ACE17680 49] iPhone11, [000001B0B0B2CF00][000001B0ACE1B800 49] iPhone11Pro, [000001B0B0B50B00][000001B0ACE1F980 49] iPhone11ProMax, [000001B0B0B2CD00][000001B0ACE23B00 49] iPhoneSE2, [000001B0B0B50E00][000001B0ACE26100 49] iPhone12Mini, [000001B0B0BEB800][000001B0ACE2A280 49] iPhone12, [000001B0B0B53000][000001B0AEADE400 49] iPhone12Pro, [000001B0B0BEB700][000001B0AEAE2580 49] iPhone12ProMax, [000001B0B0B51E00][000001B0AEAE6700 49] iPadPro105, [000001B0B0BE9300][000001B0AEAEA880 49] iPadPro129, [000001B0B0B53E00][000001B0AEAEEA00 49] iPadPro97, [000001B0B0BE9C00][000001B0AEAF2B80 49] iPadPro2_129, [000001B0B0B52000][000001B0AEAF6D00 49] iPad5, [000001B0B0BEA300][000001B0AE836E40 49] iPad6, [000001B0B0B53B00][000001B0AEAFAF80 49] iPad7, [000001B0B0BE9E00][000001B0B14A50C0 49] iPad8, [000001B0B0B50A00][000001B0B14AD240 49] iPadPro11, [000001B0B0BEA600][000001B0B14B13C0 49] iPadPro2_11, [000001B0B0B50F00][000001B0B14B5540 49] iPadPro3_129, [000001B0B0BEA800][000001B0B14B96C0 49] iPadPro4_129, [000001B0B0B53C00][000001B0B14BD840 49] AppleTV, [000001B0B0BE9A00][000001B0B14C19C0 49] AppleTV4K, [000001B0B0B52600][000001B0B14C5B40 49] TVOS, [000001B0B0BEA100][000001B0B14C8140 49] Mac, [000001B0B0B52F00][000001B0B14CC2C0 49] MacClient, [000001B0B0BEAA00][000001B0B14D0440 49] MacNoEditor, [000001B0B0B52C00][000001B0B14D45C0 49] MacServer, [000001B0B0BEB000][000001B0B14D8740 49] Linux, [000001B0B0B50400][000001B0B14DC8C0 49] LinuxAArch64, [000001B0B0BE8700][000001B0B1D70A40 49] LinuxNoEditor, [000001B0B0B53700][000001B0B1D74BC0 49] LinuxAArch64NoEditor, [000001B0B0BEBB00][000001B0B1D78D40 49] LinuxClient, [000001B0B0B53400][000001B0B1D7CEC0 49] LinuxAArch64Client, [000001B0B0BEBE00][000001B0B14A9000 49] LinuxServer, [000001B0B0B50700][000001B0B1D81140 49] LinuxAArch64Server, [000001B0B0BE9F00][000001B0B1D85280 49] Android, [000001B0B0B52A00][000001B0B1D893C0 49] Android_Low, [000001B0B0BEAD00][000001B0B1D91540 49] Android_Mid, [000001B0B0B51F00][000001B0B1D956C0 49] Android_High, [000001B0B0BEAB00][000001B0B1D99840 49] Android_Default, [000001B0B0B50100][000001B0B1D9D9C0 49] Android_Adreno4xx, [000001B0B0BE8500][000001B0B1DA1B40 49] Android_Adreno5xx_Low, [000001B0B0B51400][000001B0B1DA4140 49] Android_Adreno5xx, [000001B0B0BEB400][000001B0B1DA82C0 49] Android_Adreno6xx, [000001B0B0B52300][000001B0ACFBE440 49] Android_Adreno6xx_Vulkan, [000001B0B0BEBD00][000001B0ACFC25C0 49] Android_Mali_T6xx, [000001B0B0B50200][000001B0ACFC6740 49] Android_Mali_T7xx, [000001B0B0BEB600][000001B0ACFCA8C0 49] Android_Mali_T8xx, [000001B0B0B53200][000001B0ACFCEA40 49] Android_Mali_G71, [000001B0B0B2F100][000001B0ACFD2BC0 49] Android_Mali_G72, [000001B0B0B9B400][000001B0ACFD6D40 49] Android_Mali_G72_Vulkan, [000001B0B0B2EB00][000001B0ACFDAEC0 49] Android_Mali_G76, [000001B0B0B98500][000001B0ACFDF040 49] Android_Mali_G76_Vulkan, [000001B0B0B2CC00][000001B0B1D8D180 49] Android_Mali_G77, [000001B0B0B98600][000001B0ACFE32C0 49] Android_Mali_G77_Vulkan, [000001B0B0B2E400][000001B0ACFE7400 49] Android_Mali_G78, [000001B0B0B98D00][000001B0ACFEB540 49] Android_Mali_G78_Vulkan, [000001B0B0B2FD00][000001B0ACFF36C0 49] Android_Mali_G710, [000001B0B0B9B000][000001B0ACFF7840 49] Android_Mali_G710_Vulkan, [000001B0B0B2EA00][000001B0ACFFB9C0 49] Android_Vulkan_SM5, [000001B0B0B99F00][000001B0ACFFFB40 49] Android_PowerVR_G6xxx, [000001B0B0B2C500][000001B0B13E0140 49] Android_PowerVR_GT7xxx, [000001B0B0B98200][000001B0B13E42C0 49] Android_PowerVR_GE8xxx, [000001B0B0B2FB00][000001B0B13E8440 49] Android_PowerVR_GM9xxx, [000001B0B0B9A600][000001B0B13EC5C0 49] Android_PowerVR_GM9xxx_Vulkan, [000001B0B0B2DF00][000001B0B13F0740 49] Android_TegraK1, [000001B0B0B98A00][000001B0B13F48C0 49] Android_Unknown_Vulkan, [000001B0B0B2F900][000001B0B13F8A40 49] Lumin, [000001B0B0B99100][000001B0B13FCBC0 49] Lumin_Desktop, [000001B0B0B2E000][000001B0B1400D40 49] HoloLens, 
[2025.12.19-15.24.32:728][  0]LogMeshReduction: Using QuadricMeshReduction for automatic static mesh reduction
[2025.12.19-15.24.32:728][  0]LogMeshReduction: Using SimplygonMeshReduction for automatic skeletal mesh reduction
[2025.12.19-15.24.32:728][  0]LogMeshReduction: Using ProxyLODMeshReduction for automatic mesh merging
[2025.12.19-15.24.32:728][  0]LogMeshReduction: No distributed automatic mesh merging module available
[2025.12.19-15.24.32:728][  0]LogMeshMerging: No distributed automatic mesh merging module available
[2025.12.19-15.24.32:745][  0]LogNetVersion: Mini_laboratory 1.0.0, NetCL: 17155196, EngineNetVer: 17, GameNetVer: 0 (Checksum: 65826005)
[2025.12.19-15.24.33:214][  0]LogTexture: Default maximum texture size for cubemaps generated from long-lat sources has been changed from 512 to unlimited. In order to preserve old behaiour for '/Engine/MapTemplates/Sky/DaylightAmbientCubemap.DaylightAmbientCubemap', its maximum texture size has been explicitly set to 512.
[2025.12.19-15.24.33:300][  0]LogHMD: PokeAHoleMaterial loaded successfully
[2025.12.19-15.24.33:306][  0]LogUObjectArray: 17178 objects as part of root set at end of initial load.
[2025.12.19-15.24.33:306][  0]LogUObjectAllocator: 4302048 out of 0 bytes used by permanent object pool.
[2025.12.19-15.24.33:306][  0]LogUObjectArray: CloseDisregardForGC: 0/0 objects in disregard for GC pool
[2025.12.19-15.24.33:596][  0]LogNiagaraDebuggerClient: Niagara Debugger Client Initialized | Session: A024118746E8CF304C897483C475BD05 | Instance: 62BB9A5D4541D1662DA30D9E5722F9F6 (LAPTOP-RE3L13LG-780).
[2025.12.19-15.24.33:657][  0]LogPython: Using Python 3.7.7
[2025.12.19-15.24.34:205][  0]LogTcpMessaging: Initializing TcpMessaging bridge
[2025.12.19-15.24.34:211][  0]LogUdpMessaging: Initializing bridge on interface 0.0.0.0:0 to multicast group 230.0.0.1:6666.
[2025.12.19-15.24.34:507][  0]SourceControl: Source control is disabled
[2025.12.19-15.24.34:507][  0]SourceControl: Source control is disabled
[2025.12.19-15.24.34:521][  0]SourceControl: Source control is disabled
[2025.12.19-15.24.34:524][  0]SourceControl: Source control is disabled
[2025.12.19-15.24.34:537][  0]SourceControl: Source control is disabled
[2025.12.19-15.24.34:614][  0]LogUProjectInfo: Found projects:
[2025.12.19-15.24.34:722][  0]LogOpenImageDenoise: OIDN starting up
[2025.12.19-15.24.34:766][  0]LogAndroidPermission: UAndroidPermissionCallbackProxy::GetInstance
[2025.12.19-15.24.34:789][  0]LogAudioCaptureCore: Display: No Audio Capture implementations found. Audio input will be silent.
[2025.12.19-15.24.34:789][  0]LogAudioCaptureCore: Display: No Audio Capture implementations found. Audio input will be silent.
[2025.12.19-15.24.34:924][  0]LogCollectionManager: Loaded 0 collections in 0.000742 seconds
[2025.12.19-15.24.34:957][  0]LogFileCache: Scanning file cache for directory 'D:/WORKPLACE/Mini_laboratory/MEPhI_VR_term_1/Mini_laboratory/Saved/Collections/' took 0.00s
[2025.12.19-15.24.34:957][  0]LogFileCache: Scanning file cache for directory 'D:/WORKPLACE/Mini_laboratory/MEPhI_VR_term_1/Mini_laboratory/Content/Developers/Vladislav/Collections/' took 0.00s
[2025.12.19-15.24.34:957][  0]LogFileCache: Scanning file cache for directory 'D:/WORKPLACE/Mini_laboratory/MEPhI_VR_term_1/Mini_laboratory/Content/Collections/' took 0.00s
[2025.12.19-15.24.34:957][  0]LogOcInput: OculusInput pre-init called
[2025.12.19-15.24.35:292][  0]LogEngine: Initializing Engine...
[2025.12.19-15.24.35:428][  0]LogHMD: Failed to enumerate extensions. Please check that you have a valid OpenXR runtime installed.
[2025.12.19-15.24.35:429][  0]LogHMD: Failed to initialize OpenVR with code 110
[2025.12.19-15.24.35:430][  0]LogMagicLeap: Warning: VR disabled because ZI is not enabled.  To enable, in the editor, Edit -> Project Settings -> Plugins -> Magic Leap Plugin -> Enable Zero Iteration
[2025.12.19-15.24.35:430][  0]LogStats: UGameplayTagsManager::InitializeManager -  0.000 s
[2025.12.19-15.24.35:578][  0]LogInit: Initializing FReadOnlyCVARCache
[2025.12.19-15.24.35:587][  0]LogAIModule: Creating AISystem for world Untitled
[2025.12.19-15.24.35:598][  0]LogAudio: Display: Initializing Audio Device Manager...
[2025.12.19-15.24.35:602][  0]LogAudio: Display: Loading Default Audio Settings Objects...
[2025.12.19-15.24.35:603][  0]LogAudio: Display: No default SoundConcurrencyObject specified (or failed to load).
[2025.12.19-15.24.35:603][  0]LogAudio: Display: Audio Device Manager Initialized
[2025.12.19-15.24.35:603][  0]LogAudio: Display: Creating Audio Device:                 Id: 1, Scope: Shared, Realtime: True
[2025.12.19-15.24.35:603][  0]LogAudioMixer: Display: Audio Mixer Platform Settings:
[2025.12.19-15.24.35:603][  0]LogAudioMixer: Display: 	Sample Rate:						  48000
[2025.12.19-15.24.35:603][  0]LogAudioMixer: Display: 	Callback Buffer Frame Size Requested: 1024
[2025.12.19-15.24.35:603][  0]LogAudioMixer: Display: 	Callback Buffer Frame Size To Use:	  1024
[2025.12.19-15.24.35:603][  0]LogAudioMixer: Display: 	Number of buffers to queue:			  2
[2025.12.19-15.24.35:603][  0]LogAudioMixer: Display: 	Max Channels (voices):				  32
[2025.12.19-15.24.35:603][  0]LogAudioMixer: Display: 	Number of Async Source Workers:		  0
[2025.12.19-15.24.35:603][  0]LogAudio: Display: AudioDevice MaxSources: 32
[2025.12.19-15.24.35:604][  0]LogAudio: Display: Audio Spatialization Plugin: None (built-in).
[2025.12.19-15.24.35:604][  0]LogAudio: Display: Audio Reverb Plugin: None (built-in).
[2025.12.19-15.24.35:604][  0]LogAudio: Display: Audio Occlusion Plugin: None (built-in).
[2025.12.19-15.24.35:604][  0]LogAudioMixer: Display: Initializing audio mixer.
[2025.12.19-15.24.35:628][  0]LogAudioMixer: Display: 0: FrontLeft
[2025.12.19-15.24.35:628][  0]LogAudioMixer: Display: 1: FrontRight
[2025.12.19-15.24.35:976][  0]LogAudioMixer: Display: Using Audio Device Наушники (Realtek(R) Audio)
[2025.12.19-15.24.35:984][  0]LogAudioMixer: Display: Initializing Sound Submixes...
[2025.12.19-15.24.35:988][  0]LogAudioMixer: Display: Creating Master Submix 'MasterSubmixDefault'
[2025.12.19-15.24.35:988][  0]LogAudioMixer: Display: Creating Master Submix 'MasterReverbSubmixDefault'
[2025.12.19-15.24.35:990][  0]LogAudioMixer: Display: Creating Master Submix 'MasterEQSubmixDefault'
[2025.12.19-15.24.35:990][  0]LogAudioMixer: FMixerPlatformXAudio2::StartAudioStream() called
[2025.12.19-15.24.35:990][  0]LogAudioMixer: Display: Output buffers initialized: Frames=1024, Channels=2, Samples=2048
[2025.12.19-15.24.35:991][  0]LogAudioMixer: Display: Starting AudioMixerPlatformInterface::RunInternal()
[2025.12.19-15.24.35:991][  0]LogAudioMixer: Display: FMixerPlatformXAudio2::SubmitBuffer() called for the first time
[2025.12.19-15.24.35:991][  0]LogInit: FAudioDevice initialized.
[2025.12.19-15.24.35:992][  0]LogAudio: Display: Audio Device (ID: 1) registered with world 'Untitled'.
[2025.12.19-15.24.35:992][  0]LogNetVersion: Set ProjectVersion to 1.0.0.0. Version Checksum will be recalculated on next use.
[2025.12.19-15.24.36:092][  0]LogDerivedDataCache: Saved boot cache 0.10s 94MB C:/Users/Владислав/AppData/Local/UnrealEngine/4.27/DerivedDataCache/Boot.ddc.
[2025.12.19-15.24.36:092][  0]LogInit: Texture streaming: Enabled
[2025.12.19-15.24.36:107][  0]LogAnalytics: Display: [UEEditor.Rocket.Release] APIServer = https://datarouter.ol.epicgames.com/. AppVersion = 4.27.2-18319896+++UE4+Release-4.27
[2025.12.19-15.24.36:111][  0]LogEngineSessionManager: EngineSessionManager initialized
[2025.12.19-15.24.36:111][  0]LogEditorSessionSummary: Verbose: Initializing EditorSessionSummaryWriter for editor session tracking
[2025.12.19-15.24.36:115][  0]LogEditorSessionSummary: EditorSessionSummaryWriter initialized
[2025.12.19-15.24.36:148][  0]LogInit: Transaction tracking system initialized
[2025.12.19-15.24.36:171][  0]BlueprintLog: New page: Editor Load
[2025.12.19-15.24.36:233][  0]LocalizationService: Localization service is disabled
[2025.12.19-15.24.36:265][  0]TimingProfiler: Initialize
[2025.12.19-15.24.36:265][  0]TimingProfiler: OnSessionChanged
[2025.12.19-15.24.36:265][  0]LoadingProfiler: Initialize
[2025.12.19-15.24.36:266][  0]LoadingProfiler: OnSessionChanged
[2025.12.19-15.24.36:266][  0]NetworkingProfiler: Initialize
[2025.12.19-15.24.36:266][  0]NetworkingProfiler: OnSessionChanged
[2025.12.19-15.24.36:266][  0]MemoryProfiler: Initialize
[2025.12.19-15.24.36:266][  0]MemoryProfiler: OnSessionChanged
[2025.12.19-15.24.36:461][  0]LogCook: Display: CookSettings for Memory: MemoryMaxUsedVirtual 0MiB, MemoryMaxUsedPhysical 16384MiB, MemoryMinFreeVirtual 0MiB, MemoryMinFreePhysical 1024MiB
[2025.12.19-15.24.36:461][  0]LogCook: Display: Mobile HDR setting 1
[2025.12.19-15.24.36:609][  0]LogFileCache: Scanning file cache for directory 'D:/WORKPLACE/Mini_laboratory/MEPhI_VR_term_1/Mini_laboratory/Content/' took 0.01s
[2025.12.19-15.24.36:986][  0]LogInit: Display: Engine is initialized. Leaving FEngineLoop::Init()
[2025.12.19-15.24.36:990][  0]SourceControl: Source control is disabled
[2025.12.19-15.24.36:990][  0]LogUnrealEdMisc: Loading editor; pre map load, took 11.017
[2025.12.19-15.24.36:990][  0]Cmd: MAP LOAD FILE="../../../../../../WORKPLACE/Mini_laboratory/MEPhI_VR_term_1/Mini_laboratory/Content/Workplace/Maps/StartMenu.umap" TEMPLATE=0 SHOWPROGRESS=1 FEATURELEVEL=3
[2025.12.19-15.24.37:036][  0]LightingResults: New page: Lighting Build
[2025.12.19-15.24.37:038][  0]LogWorld: UWorld::CleanupWorld for Untitled, bSessionEnded=true, bCleanupResources=true
[2025.12.19-15.24.37:038][  0]LogSlate: InvalidateAllWidgets triggered.  All widgets were invalidated
[2025.12.19-15.24.37:039][  0]MapCheck: New page: Map Check
[2025.12.19-15.24.37:039][  0]LightingResults: New page: Lighting Build
[2025.12.19-15.24.37:049][  0]LogAudio: Display: Audio Device unregistered from world 'None'.
[2025.12.19-15.24.37:055][  0]LogUObjectHash: Compacting FUObjectHashTables data took   2.16ms
[2025.12.19-15.24.37:642][  0]LogAudio: Display: Audio Device (ID: 1) registered with world 'StartMenu'.
[2025.12.19-15.24.37:643][  0]LogAIModule: Creating AISystem for world StartMenu
[2025.12.19-15.24.37:644][  0]LogEditorServer: Finished looking for orphan Actors (0.000 secs)
[2025.12.19-15.24.37:652][  0]LogUObjectHash: Compacting FUObjectHashTables data took   0.98ms
[2025.12.19-15.24.37:652][  0]Cmd: MAP CHECKDEP NOCLEARLOG
[2025.12.19-15.24.37:652][  0]MapCheck: Map check complete: 0 Error(s), 0 Warning(s), took 0,095ms to complete.
[2025.12.19-15.24.37:652][  0]LogFileHelpers: Loading map 'StartMenu' took 0.663
[2025.12.19-15.24.37:654][  0]LogUnrealEdMisc: Total Editor Startup Time, took 11.682
[2025.12.19-15.24.37:958][  0]LogSlate: Updating window title bar state: overlay mode, drag disabled, window buttons hidden, title bar hidden
[2025.12.19-15.24.37:971][  0]LogSlate: Updating window title bar state: overlay mode, drag disabled, window buttons hidden, title bar hidden
[2025.12.19-15.24.37:980][  0]LogSlate: Updating window title bar state: overlay mode, drag disabled, window buttons hidden, title bar hidden
[2025.12.19-15.24.37:988][  0]LogSlate: Updating window title bar state: overlay mode, drag disabled, window buttons hidden, title bar hidden
[2025.12.19-15.24.38:064][  0]LogNativeClassHierarchy: Verbose: Native class hierarchy populated in 0.0137 seconds. Added 3822 classes and 928 folders.
[2025.12.19-15.24.38:082][  0]LogNativeClassHierarchy: Verbose: Native class hierarchy updated for 'WidgetCarousel' in 0.0004 seconds. Added 0 classes and 0 folders.
[2025.12.19-15.24.38:120][  0]LogPakFile: PakFile PrimaryIndexSize=187
[2025.12.19-15.24.38:120][  0]LogPakFile: PakFile PathHashIndexSize=101
[2025.12.19-15.24.38:120][  0]LogPakFile: PakFile FullDirectoryIndexSize=148
[2025.12.19-15.24.38:122][  0]LogShaderLibrary: Display: ShaderCodeLibraryPakFileMountedCallback: PakFile 'D:/Progams on PC/Unreal/UE_4.27/FeaturePacks/FP_FirstPerson.upack' (chunk index -1, root 'root:/') mounted
[2025.12.19-15.24.38:122][  0]LogShaderLibrary: Display: ShaderCodeLibraryPakFileMountedCallback: pending pak file info (ChunkID:-1 Root:root:/ File:D:/Progams on PC/Unreal/UE_4.27/FeaturePacks/FP_FirstPerson.upack)
[2025.12.19-15.24.38:122][  0]LogPakFile: OnPakFileMounted2Time == 0.002204
[2025.12.19-15.24.38:140][  0]LogPakFile: PakFile PrimaryIndexSize=189
[2025.12.19-15.24.38:140][  0]LogPakFile: PakFile PathHashIndexSize=101
[2025.12.19-15.24.38:140][  0]LogPakFile: PakFile FullDirectoryIndexSize=152
[2025.12.19-15.24.38:140][  0]LogShaderLibrary: Display: ShaderCodeLibraryPakFileMountedCallback: PakFile 'D:/Progams on PC/Unreal/UE_4.27/FeaturePacks/FP_FirstPersonBP.upack' (chunk index -1, root 'root:/') mounted
[2025.12.19-15.24.38:140][  0]LogShaderLibrary: Display: ShaderCodeLibraryPakFileMountedCallback: pending pak file info (ChunkID:-1 Root:root:/ File:D:/Progams on PC/Unreal/UE_4.27/FeaturePacks/FP_FirstPersonBP.upack)
[2025.12.19-15.24.38:140][  0]LogPakFile: OnPakFileMounted2Time == 0.000055
[2025.12.19-15.24.38:150][  0]LogPakFile: PakFile PrimaryIndexSize=191
[2025.12.19-15.24.38:150][  0]LogPakFile: PakFile PathHashIndexSize=101
[2025.12.19-15.24.38:150][  0]LogPakFile: PakFile FullDirectoryIndexSize=160
[2025.12.19-15.24.38:150][  0]LogShaderLibrary: Display: ShaderCodeLibraryPakFileMountedCallback: PakFile 'D:/Progams on PC/Unreal/UE_4.27/FeaturePacks/MobileStarterContent.upack' (chunk index -1, root 'root:/') mounted
[2025.12.19-15.24.38:150][  0]LogShaderLibrary: Display: ShaderCodeLibraryPakFileMountedCallback: pending pak file info (ChunkID:-1 Root:root:/ File:D:/Progams on PC/Unreal/UE_4.27/FeaturePacks/MobileStarterContent.upack)
[2025.12.19-15.24.38:150][  0]LogPakFile: OnPakFileMounted2Time == 0.000041
[2025.12.19-15.24.38:162][  0]LogPakFile: PakFile PrimaryIndexSize=185
[2025.12.19-15.24.38:162][  0]LogPakFile: PakFile PathHashIndexSize=101
[2025.12.19-15.24.38:162][  0]LogPakFile: PakFile FullDirectoryIndexSize=148
[2025.12.19-15.24.38:162][  0]LogShaderLibrary: Display: ShaderCodeLibraryPakFileMountedCallback: PakFile 'D:/Progams on PC/Unreal/UE_4.27/FeaturePacks/StarterContent.upack' (chunk index -1, root 'root:/') mounted
[2025.12.19-15.24.38:162][  0]LogShaderLibrary: Display: ShaderCodeLibraryPakFileMountedCallback: pending pak file info (ChunkID:-1 Root:root:/ File:D:/Progams on PC/Unreal/UE_4.27/FeaturePacks/StarterContent.upack)
[2025.12.19-15.24.38:162][  0]LogPakFile: OnPakFileMounted2Time == 0.000043
[2025.12.19-15.24.38:173][  0]LogPakFile: PakFile PrimaryIndexSize=190
[2025.12.19-15.24.38:173][  0]LogPakFile: PakFile PathHashIndexSize=101
[2025.12.19-15.24.38:173][  0]LogPakFile: PakFile FullDirectoryIndexSize=154
[2025.12.19-15.24.38:173][  0]LogShaderLibrary: Display: ShaderCodeLibraryPakFileMountedCallback: PakFile 'D:/Progams on PC/Unreal/UE_4.27/FeaturePacks/TP_2DSideScroller.upack' (chunk index -1, root 'root:/') mounted
[2025.12.19-15.24.38:173][  0]LogShaderLibrary: Display: ShaderCodeLibraryPakFileMountedCallback: pending pak file info (ChunkID:-1 Root:root:/ File:D:/Progams on PC/Unreal/UE_4.27/FeaturePacks/TP_2DSideScroller.upack)
[2025.12.19-15.24.38:173][  0]LogPakFile: OnPakFileMounted2Time == 0.000044
[2025.12.19-15.24.38:182][  0]LogPakFile: PakFile PrimaryIndexSize=192
[2025.12.19-15.24.38:182][  0]LogPakFile: PakFile PathHashIndexSize=101
[2025.12.19-15.24.38:182][  0]LogPakFile: PakFile FullDirectoryIndexSize=158
[2025.12.19-15.24.38:182][  0]LogShaderLibrary: Display: ShaderCodeLibraryPakFileMountedCallback: PakFile 'D:/Progams on PC/Unreal/UE_4.27/FeaturePacks/TP_2DSideScrollerBP.upack' (chunk index -1, root 'root:/') mounted
[2025.12.19-15.24.38:182][  0]LogShaderLibrary: Display: ShaderCodeLibraryPakFileMountedCallback: pending pak file info (ChunkID:-1 Root:root:/ File:D:/Progams on PC/Unreal/UE_4.27/FeaturePacks/TP_2DSideScrollerBP.upack)
[2025.12.19-15.24.38:182][  0]LogPakFile: OnPakFileMounted2Time == 0.000043
[2025.12.19-15.24.38:193][  0]LogPakFile: PakFile PrimaryIndexSize=182
[2025.12.19-15.24.38:193][  0]LogPakFile: PakFile PathHashIndexSize=101
[2025.12.19-15.24.38:193][  0]LogPakFile: PakFile FullDirectoryIndexSize=138
[2025.12.19-15.24.38:193][  0]LogShaderLibrary: Display: ShaderCodeLibraryPakFileMountedCallback: PakFile 'D:/Progams on PC/Unreal/UE_4.27/FeaturePacks/TP_Flying.upack' (chunk index -1, root 'root:/') mounted
[2025.12.19-15.24.38:193][  0]LogShaderLibrary: Display: ShaderCodeLibraryPakFileMountedCallback: pending pak file info (ChunkID:-1 Root:root:/ File:D:/Progams on PC/Unreal/UE_4.27/FeaturePacks/TP_Flying.upack)
[2025.12.19-15.24.38:193][  0]LogPakFile: OnPakFileMounted2Time == 0.000039
[2025.12.19-15.24.38:205][  0]LogPakFile: PakFile PrimaryIndexSize=184
[2025.12.19-15.24.38:205][  0]LogPakFile: PakFile PathHashIndexSize=101
[2025.12.19-15.24.38:205][  0]LogPakFile: PakFile FullDirectoryIndexSize=142
[2025.12.19-15.24.38:205][  0]LogShaderLibrary: Display: ShaderCodeLibraryPakFileMountedCallback: PakFile 'D:/Progams on PC/Unreal/UE_4.27/FeaturePacks/TP_FlyingBP.upack' (chunk index -1, root 'root:/') mounted
[2025.12.19-15.24.38:205][  0]LogShaderLibrary: Display: ShaderCodeLibraryPakFileMountedCallback: pending pak file info (ChunkID:-1 Root:root:/ File:D:/Progams on PC/Unreal/UE_4.27/FeaturePacks/TP_FlyingBP.upack)
[2025.12.19-15.24.38:205][  0]LogPakFile: OnPakFileMounted2Time == 0.000038
[2025.12.19-15.24.38:220][  0]LogPakFile: PakFile PrimaryIndexSize=188
[2025.12.19-15.24.38:220][  0]LogPakFile: PakFile PathHashIndexSize=101
[2025.12.19-15.24.38:220][  0]LogPakFile: PakFile FullDirectoryIndexSize=150
[2025.12.19-15.24.38:220][  0]LogShaderLibrary: Display: ShaderCodeLibraryPakFileMountedCallback: PakFile 'D:/Progams on PC/Unreal/UE_4.27/FeaturePacks/TP_HandheldARBP.upack' (chunk index -1, root 'root:/') mounted
[2025.12.19-15.24.38:220][  0]LogShaderLibrary: Display: ShaderCodeLibraryPakFileMountedCallback: pending pak file info (ChunkID:-1 Root:root:/ File:D:/Progams on PC/Unreal/UE_4.27/FeaturePacks/TP_HandheldARBP.upack)
[2025.12.19-15.24.38:220][  0]LogPakFile: OnPakFileMounted2Time == 0.000039
[2025.12.19-15.24.38:233][  0]LogPakFile: PakFile PrimaryIndexSize=182
[2025.12.19-15.24.38:233][  0]LogPakFile: PakFile PathHashIndexSize=101
[2025.12.19-15.24.38:233][  0]LogPakFile: PakFile FullDirectoryIndexSize=138
[2025.12.19-15.24.38:233][  0]LogShaderLibrary: Display: ShaderCodeLibraryPakFileMountedCallback: PakFile 'D:/Progams on PC/Unreal/UE_4.27/FeaturePacks/TP_Puzzle.upack' (chunk index -1, root 'root:/') mounted
[2025.12.19-15.24.38:233][  0]LogShaderLibrary: Display: ShaderCodeLibraryPakFileMountedCallback: pending pak file info (ChunkID:-1 Root:root:/ File:D:/Progams on PC/Unreal/UE_4.27/FeaturePacks/TP_Puzzle.upack)
[2025.12.19-15.24.38:233][  0]LogPakFile: OnPakFileMounted2Time == 0.000038
[2025.12.19-15.24.38:243][  0]LogPakFile: PakFile PrimaryIndexSize=184
[2025.12.19-15.24.38:243][  0]LogPakFile: PakFile PathHashIndexSize=101
[2025.12.19-15.24.38:243][  0]LogPakFile: PakFile FullDirectoryIndexSize=142
[2025.12.19-15.24.38:243][  0]LogShaderLibrary: Display: ShaderCodeLibraryPakFileMountedCallback: PakFile 'D:/Progams on PC/Unreal/UE_4.27/FeaturePacks/TP_PuzzleBP.upack' (chunk index -1, root 'root:/') mounted
[2025.12.19-15.24.38:243][  0]LogShaderLibrary: Display: ShaderCodeLibraryPakFileMountedCallback: pending pak file info (ChunkID:-1 Root:root:/ File:D:/Progams on PC/Unreal/UE_4.27/FeaturePacks/TP_PuzzleBP.upack)
[2025.12.19-15.24.38:243][  0]LogPakFile: OnPakFileMounted2Time == 0.000040
[2025.12.19-15.24.38:254][  0]LogPakFile: PakFile PrimaryIndexSize=183
[2025.12.19-15.24.38:254][  0]LogPakFile: PakFile PathHashIndexSize=101
[2025.12.19-15.24.38:254][  0]LogPakFile: PakFile FullDirectoryIndexSize=140
[2025.12.19-15.24.38:254][  0]LogShaderLibrary: Display: ShaderCodeLibraryPakFileMountedCallback: PakFile 'D:/Progams on PC/Unreal/UE_4.27/FeaturePacks/TP_Rolling.upack' (chunk index -1, root 'root:/') mounted
[2025.12.19-15.24.38:254][  0]LogShaderLibrary: Display: ShaderCodeLibraryPakFileMountedCallback: pending pak file info (ChunkID:-1 Root:root:/ File:D:/Progams on PC/Unreal/UE_4.27/FeaturePacks/TP_Rolling.upack)
[2025.12.19-15.24.38:254][  0]LogPakFile: OnPakFileMounted2Time == 0.000055
[2025.12.19-15.24.38:264][  0]LogPakFile: PakFile PrimaryIndexSize=185
[2025.12.19-15.24.38:264][  0]LogPakFile: PakFile PathHashIndexSize=101
[2025.12.19-15.24.38:264][  0]LogPakFile: PakFile FullDirectoryIndexSize=144
[2025.12.19-15.24.38:264][  0]LogShaderLibrary: Display: ShaderCodeLibraryPakFileMountedCallback: PakFile 'D:/Progams on PC/Unreal/UE_4.27/FeaturePacks/TP_RollingBP.upack' (chunk index -1, root 'root:/') mounted
[2025.12.19-15.24.38:264][  0]LogShaderLibrary: Display: ShaderCodeLibraryPakFileMountedCallback: pending pak file info (ChunkID:-1 Root:root:/ File:D:/Progams on PC/Unreal/UE_4.27/FeaturePacks/TP_RollingBP.upack)
[2025.12.19-15.24.38:264][  0]LogPakFile: OnPakFileMounted2Time == 0.000041
[2025.12.19-15.24.38:275][  0]LogPakFile: PakFile PrimaryIndexSize=188
[2025.12.19-15.24.38:275][  0]LogPakFile: PakFile PathHashIndexSize=101
[2025.12.19-15.24.38:275][  0]LogPakFile: PakFile FullDirectoryIndexSize=150
[2025.12.19-15.24.38:275][  0]LogShaderLibrary: Display: ShaderCodeLibraryPakFileMountedCallback: PakFile 'D:/Progams on PC/Unreal/UE_4.27/FeaturePacks/TP_SideScroller.upack' (chunk index -1, root 'root:/') mounted
[2025.12.19-15.24.38:275][  0]LogShaderLibrary: Display: ShaderCodeLibraryPakFileMountedCallback: pending pak file info (ChunkID:-1 Root:root:/ File:D:/Progams on PC/Unreal/UE_4.27/FeaturePacks/TP_SideScroller.upack)
[2025.12.19-15.24.38:275][  0]LogPakFile: OnPakFileMounted2Time == 0.000041
[2025.12.19-15.24.38:286][  0]LogPakFile: PakFile PrimaryIndexSize=190
[2025.12.19-15.24.38:286][  0]LogPakFile: PakFile PathHashIndexSize=101
[2025.12.19-15.24.38:286][  0]LogPakFile: PakFile FullDirectoryIndexSize=154
[2025.12.19-15.24.38:286][  0]LogShaderLibrary: Display: ShaderCodeLibraryPakFileMountedCallback: PakFile 'D:/Progams on PC/Unreal/UE_4.27/FeaturePacks/TP_SideScrollerBP.upack' (chunk index -1, root 'root:/') mounted
[2025.12.19-15.24.38:286][  0]LogShaderLibrary: Display: ShaderCodeLibraryPakFileMountedCallback: pending pak file info (ChunkID:-1 Root:root:/ File:D:/Progams on PC/Unreal/UE_4.27/FeaturePacks/TP_SideScrollerBP.upack)
[2025.12.19-15.24.38:286][  0]LogPakFile: OnPakFileMounted2Time == 0.000042
[2025.12.19-15.24.38:296][  0]LogPakFile: PakFile PrimaryIndexSize=187
[2025.12.19-15.24.38:296][  0]LogPakFile: PakFile PathHashIndexSize=101
[2025.12.19-15.24.38:296][  0]LogPakFile: PakFile FullDirectoryIndexSize=148
[2025.12.19-15.24.38:296][  0]LogShaderLibrary: Display: ShaderCodeLibraryPakFileMountedCallback: PakFile 'D:/Progams on PC/Unreal/UE_4.27/FeaturePacks/TP_ThirdPerson.upack' (chunk index -1, root 'root:/') mounted
[2025.12.19-15.24.38:296][  0]LogShaderLibrary: Display: ShaderCodeLibraryPakFileMountedCallback: pending pak file info (ChunkID:-1 Root:root:/ File:D:/Progams on PC/Unreal/UE_4.27/FeaturePacks/TP_ThirdPerson.upack)
[2025.12.19-15.24.38:296][  0]LogPakFile: OnPakFileMounted2Time == 0.000044
[2025.12.19-15.24.38:306][  0]LogPakFile: PakFile PrimaryIndexSize=189
[2025.12.19-15.24.38:306][  0]LogPakFile: PakFile PathHashIndexSize=101
[2025.12.19-15.24.38:306][  0]LogPakFile: PakFile FullDirectoryIndexSize=152
[2025.12.19-15.24.38:306][  0]LogShaderLibrary: Display: ShaderCodeLibraryPakFileMountedCallback: PakFile 'D:/Progams on PC/Unreal/UE_4.27/FeaturePacks/TP_ThirdPersonBP.upack' (chunk index -1, root 'root:/') mounted
[2025.12.19-15.24.38:306][  0]LogShaderLibrary: Display: ShaderCodeLibraryPakFileMountedCallback: pending pak file info (ChunkID:-1 Root:root:/ File:D:/Progams on PC/Unreal/UE_4.27/FeaturePacks/TP_ThirdPersonBP.upack)
[2025.12.19-15.24.38:306][  0]LogPakFile: OnPakFileMounted2Time == 0.000037
[2025.12.19-15.24.38:316][  0]LogPakFile: PakFile PrimaryIndexSize=183
[2025.12.19-15.24.38:316][  0]LogPakFile: PakFile PathHashIndexSize=101
[2025.12.19-15.24.38:316][  0]LogPakFile: PakFile FullDirectoryIndexSize=140
[2025.12.19-15.24.38:316][  0]LogShaderLibrary: Display: ShaderCodeLibraryPakFileMountedCallback: PakFile 'D:/Progams on PC/Unreal/UE_4.27/FeaturePacks/TP_TopDown.upack' (chunk index -1, root 'root:/') mounted
[2025.12.19-15.24.38:316][  0]LogShaderLibrary: Display: ShaderCodeLibraryPakFileMountedCallback: pending pak file info (ChunkID:-1 Root:root:/ File:D:/Progams on PC/Unreal/UE_4.27/FeaturePacks/TP_TopDown.upack)
[2025.12.19-15.24.38:316][  0]LogPakFile: OnPakFileMounted2Time == 0.000046
[2025.12.19-15.24.38:326][  0]LogPakFile: PakFile PrimaryIndexSize=185
[2025.12.19-15.24.38:326][  0]LogPakFile: PakFile PathHashIndexSize=101
[2025.12.19-15.24.38:326][  0]LogPakFile: PakFile FullDirectoryIndexSize=144
[2025.12.19-15.24.38:326][  0]LogShaderLibrary: Display: ShaderCodeLibraryPakFileMountedCallback: PakFile 'D:/Progams on PC/Unreal/UE_4.27/FeaturePacks/TP_TopDownBP.upack' (chunk index -1, root 'root:/') mounted
[2025.12.19-15.24.38:326][  0]LogShaderLibrary: Display: ShaderCodeLibraryPakFileMountedCallback: pending pak file info (ChunkID:-1 Root:root:/ File:D:/Progams on PC/Unreal/UE_4.27/FeaturePacks/TP_TopDownBP.upack)
[2025.12.19-15.24.38:326][  0]LogPakFile: OnPakFileMounted2Time == 0.000037
[2025.12.19-15.24.38:339][  0]LogPakFile: PakFile PrimaryIndexSize=185
[2025.12.19-15.24.38:339][  0]LogPakFile: PakFile PathHashIndexSize=101
[2025.12.19-15.24.38:339][  0]LogPakFile: PakFile FullDirectoryIndexSize=144
[2025.12.19-15.24.38:339][  0]LogShaderLibrary: Display: ShaderCodeLibraryPakFileMountedCallback: PakFile 'D:/Progams on PC/Unreal/UE_4.27/FeaturePacks/TP_TwinStick.upack' (chunk index -1, root 'root:/') mounted
[2025.12.19-15.24.38:339][  0]LogShaderLibrary: Display: ShaderCodeLibraryPakFileMountedCallback: pending pak file info (ChunkID:-1 Root:root:/ File:D:/Progams on PC/Unreal/UE_4.27/FeaturePacks/TP_TwinStick.upack)
[2025.12.19-15.24.38:339][  0]LogPakFile: OnPakFileMounted2Time == 0.000044
[2025.12.19-15.24.38:349][  0]LogPakFile: PakFile PrimaryIndexSize=187
[2025.12.19-15.24.38:349][  0]LogPakFile: PakFile PathHashIndexSize=101
[2025.12.19-15.24.38:349][  0]LogPakFile: PakFile FullDirectoryIndexSize=148
[2025.12.19-15.24.38:349][  0]LogShaderLibrary: Display: ShaderCodeLibraryPakFileMountedCallback: PakFile 'D:/Progams on PC/Unreal/UE_4.27/FeaturePacks/TP_TwinStickBP.upack' (chunk index -1, root 'root:/') mounted
[2025.12.19-15.24.38:349][  0]LogShaderLibrary: Display: ShaderCodeLibraryPakFileMountedCallback: pending pak file info (ChunkID:-1 Root:root:/ File:D:/Progams on PC/Unreal/UE_4.27/FeaturePacks/TP_TwinStickBP.upack)
[2025.12.19-15.24.38:349][  0]LogPakFile: OnPakFileMounted2Time == 0.000040
[2025.12.19-15.24.38:360][  0]LogPakFile: PakFile PrimaryIndexSize=183
[2025.12.19-15.24.38:360][  0]LogPakFile: PakFile PathHashIndexSize=101
[2025.12.19-15.24.38:360][  0]LogPakFile: PakFile FullDirectoryIndexSize=140
[2025.12.19-15.24.38:360][  0]LogShaderLibrary: Display: ShaderCodeLibraryPakFileMountedCallback: PakFile 'D:/Progams on PC/Unreal/UE_4.27/FeaturePacks/TP_Vehicle.upack' (chunk index -1, root 'root:/') mounted
[2025.12.19-15.24.38:360][  0]LogShaderLibrary: Display: ShaderCodeLibraryPakFileMountedCallback: pending pak file info (ChunkID:-1 Root:root:/ File:D:/Progams on PC/Unreal/UE_4.27/FeaturePacks/TP_Vehicle.upack)
[2025.12.19-15.24.38:360][  0]LogPakFile: OnPakFileMounted2Time == 0.000046
[2025.12.19-15.24.38:373][  0]LogPakFile: PakFile PrimaryIndexSize=186
[2025.12.19-15.24.38:373][  0]LogPakFile: PakFile PathHashIndexSize=101
[2025.12.19-15.24.38:373][  0]LogPakFile: PakFile FullDirectoryIndexSize=146
[2025.12.19-15.24.38:373][  0]LogShaderLibrary: Display: ShaderCodeLibraryPakFileMountedCallback: PakFile 'D:/Progams on PC/Unreal/UE_4.27/FeaturePacks/TP_VehicleAdv.upack' (chunk index -1, root 'root:/') mounted
[2025.12.19-15.24.38:373][  0]LogShaderLibrary: Display: ShaderCodeLibraryPakFileMountedCallback: pending pak file info (ChunkID:-1 Root:root:/ File:D:/Progams on PC/Unreal/UE_4.27/FeaturePacks/TP_VehicleAdv.upack)
[2025.12.19-15.24.38:373][  0]LogPakFile: OnPakFileMounted2Time == 0.000040
[2025.12.19-15.24.38:385][  0]LogPakFile: PakFile PrimaryIndexSize=188
[2025.12.19-15.24.38:385][  0]LogPakFile: PakFile PathHashIndexSize=101
[2025.12.19-15.24.38:385][  0]LogPakFile: PakFile FullDirectoryIndexSize=150
[2025.12.19-15.24.38:385][  0]LogShaderLibrary: Display: ShaderCodeLibraryPakFileMountedCallback: PakFile 'D:/Progams on PC/Unreal/UE_4.27/FeaturePacks/TP_VehicleAdvBP.upack' (chunk index -1, root 'root:/') mounted
[2025.12.19-15.24.38:385][  0]LogShaderLibrary: Display: ShaderCodeLibraryPakFileMountedCallback: pending pak file info (ChunkID:-1 Root:root:/ File:D:/Progams on PC/Unreal/UE_4.27/FeaturePacks/TP_VehicleAdvBP.upack)
[2025.12.19-15.24.38:385][  0]LogPakFile: OnPakFileMounted2Time == 0.000042
[2025.12.19-15.24.38:395][  0]LogPakFile: PakFile PrimaryIndexSize=185
[2025.12.19-15.24.38:395][  0]LogPakFile: PakFile PathHashIndexSize=101
[2025.12.19-15.24.38:395][  0]LogPakFile: PakFile FullDirectoryIndexSize=144
[2025.12.19-15.24.38:395][  0]LogShaderLibrary: Display: ShaderCodeLibraryPakFileMountedCallback: PakFile 'D:/Progams on PC/Unreal/UE_4.27/FeaturePacks/TP_VehicleBP.upack' (chunk index -1, root 'root:/') mounted
[2025.12.19-15.24.38:395][  0]LogShaderLibrary: Display: ShaderCodeLibraryPakFileMountedCallback: pending pak file info (ChunkID:-1 Root:root:/ File:D:/Progams on PC/Unreal/UE_4.27/FeaturePacks/TP_VehicleBP.upack)
[2025.12.19-15.24.38:395][  0]LogPakFile: OnPakFileMounted2Time == 0.000038
[2025.12.19-15.24.38:406][  0]LogPakFile: PakFile PrimaryIndexSize=192
[2025.12.19-15.24.38:406][  0]LogPakFile: PakFile PathHashIndexSize=101
[2025.12.19-15.24.38:406][  0]LogPakFile: PakFile FullDirectoryIndexSize=158
[2025.12.19-15.24.38:406][  0]LogShaderLibrary: Display: ShaderCodeLibraryPakFileMountedCallback: PakFile 'D:/Progams on PC/Unreal/UE_4.27/FeaturePacks/TP_VirtualRealityBP.upack' (chunk index -1, root 'root:/') mounted
[2025.12.19-15.24.38:406][  0]LogShaderLibrary: Display: ShaderCodeLibraryPakFileMountedCallback: pending pak file info (ChunkID:-1 Root:root:/ File:D:/Progams on PC/Unreal/UE_4.27/FeaturePacks/TP_VirtualRealityBP.upack)
[2025.12.19-15.24.38:406][  0]LogPakFile: OnPakFileMounted2Time == 0.000038
[2025.12.19-15.24.39:095][  0]LogNativeClassHierarchy: Verbose: Native class hierarchy updated for 'AddContentDialog' in 0.0003 seconds. Added 0 classes and 0 folders.
[2025.12.19-15.24.39:101][  0]LogNativeClassHierarchy: Verbose: Native class hierarchy updated for 'SceneOutliner' in 0.0003 seconds. Added 2 classes and 0 folders.
[2025.12.19-15.24.39:345][  0]LogSlate: Took 0.000307 seconds to synchronously load lazily loaded font '../../../Engine/Content/Slate/Fonts/Roboto-Regular.ttf' (155K)
[2025.12.19-15.24.39:366][  0]LogSlate: Took 0.019067 seconds to synchronously load lazily loaded font '../../../Engine/Content/Editor/Slate/Fonts/FontAwesome.ttf' (139K)
[2025.12.19-15.24.39:368][  0]LogSlate: Took 0.000143 seconds to synchronously load lazily loaded font '../../../Engine/Content/Slate/Fonts/Roboto-Bold.ttf' (160K)
[2025.12.19-15.24.39:557][  0]LogRenderer: Reallocating scene render targets to support 916x364 Format 10 NumSamples 1 (Frame:1).
[2025.12.19-15.24.39:744][  0]LogNativeClassHierarchy: Verbose: Native class hierarchy updated for 'HierarchicalLODOutliner' in 0.0006 seconds. Added 0 classes and 0 folders.
[2025.12.19-15.24.39:745][  0]LogLoad: (Engine Initialization) Total time: 13.77 seconds
[2025.12.19-15.24.39:745][  0]LogLoad: (Engine Initialization) Total Blueprint compile time: 0.00 seconds
[2025.12.19-15.24.39:806][  0]LogAssetRegistry: Asset discovery search completed in 7.4932 seconds
[2025.12.19-15.24.39:813][  0]LogCollectionManager: Fixed up redirectors for 0 collections in 0.000004 seconds (updated 0 objects)
[2025.12.19-15.24.39:817][  0]LogContentStreaming: Texture pool size now 1000 MB
[2025.12.19-15.24.39:991][  3]LogSlate: Took 0.015523 seconds to synchronously load lazily loaded font '../../../Engine/Content/Slate/Fonts/Roboto-Light.ttf' (167K)
[2025.12.19-15.25.37:964][430]LogTemp: Repeating last play command: New Editor Window (PIE)
[2025.12.19-15.25.37:982][430]LogPlayLevel: PlayLevel: No blueprints needed recompiling
[2025.12.19-15.25.37:988][430]PIE: New page: PIE session: StartMenu (19 дек. 2025 г., 21:25:37)
[2025.12.19-15.25.37:995][430]LogOnline: OSS: Creating online subsystem instance for: NULL
[2025.12.19-15.25.37:997][430]LogOnline: OSS: TryLoadSubsystemAndSetDefault: Loaded subsystem for module [NULL]
[2025.12.19-15.25.37:998][430]LogPlayLevel: Creating play world package: /Game/Workplace/Maps/UEDPIE_0_StartMenu
[2025.12.19-15.25.38:006][430]LogPlayLevel: PIE: StaticDuplicateObject took: (0.007615s)
[2025.12.19-15.25.38:008][430]LogAIModule: Creating AISystem for world StartMenu
[2025.12.19-15.25.38:009][430]LogPlayLevel: PIE: World Init took: (0.003559s)
[2025.12.19-15.25.38:010][430]LogPlayLevel: PIE: Created PIE world by copying editor world from /Game/Workplace/Maps/StartMenu.StartMenu to /Game/Workplace/Maps/UEDPIE_0_StartMenu.StartMenu (0.011618s)
[2025.12.19-15.25.38:021][430]LogUObjectHash: Compacting FUObjectHashTables data took   1.73ms
[2025.12.19-15.25.38:024][430]LogAudio: Display: Creating Audio Device:                 Id: 2, Scope: Unique, Realtime: True
[2025.12.19-15.25.38:024][430]LogAudioMixer: Display: Audio Mixer Platform Settings:
[2025.12.19-15.25.38:024][430]LogAudioMixer: Display: 	Sample Rate:						  48000
[2025.12.19-15.25.38:024][430]LogAudioMixer: Display: 	Callback Buffer Frame Size Requested: 1024
[2025.12.19-15.25.38:024][430]LogAudioMixer: Display: 	Callback Buffer Frame Size To Use:	  1024
[2025.12.19-15.25.38:024][430]LogAudioMixer: Display: 	Number of buffers to queue:			  2
[2025.12.19-15.25.38:024][430]LogAudioMixer: Display: 	Max Channels (voices):				  32
[2025.12.19-15.25.38:024][430]LogAudioMixer: Display: 	Number of Async Source Workers:		  0
[2025.12.19-15.25.38:024][430]LogAudio: Display: AudioDevice MaxSources: 32
[2025.12.19-15.25.38:025][430]LogAudio: Display: Audio Spatialization Plugin: None (built-in).
[2025.12.19-15.25.38:025][430]LogAudio: Display: Audio Reverb Plugin: None (built-in).
[2025.12.19-15.25.38:025][430]LogAudio: Display: Audio Occlusion Plugin: None (built-in).
[2025.12.19-15.25.38:025][430]LogAudioMixer: Display: Initializing audio mixer.
[2025.12.19-15.25.38:029][430]LogAudioMixer: Display: 0: FrontLeft
[2025.12.19-15.25.38:029][430]LogAudioMixer: Display: 1: FrontRight
[2025.12.19-15.25.38:048][430]LogAudioMixer: Display: Using Audio Device Наушники (Realtek(R) Audio)
[2025.12.19-15.25.38:049][430]LogAudioMixer: Display: Initializing Sound Submixes...
[2025.12.19-15.25.38:049][430]LogAudioMixer: Display: Creating Master Submix 'MasterSubmixDefault'
[2025.12.19-15.25.38:049][430]LogAudioMixer: Display: Creating Master Submix 'MasterReverbSubmixDefault'
[2025.12.19-15.25.38:049][430]LogAudioMixer: Display: Creating Master Submix 'MasterEQSubmixDefault'
[2025.12.19-15.25.38:050][430]LogAudioMixer: FMixerPlatformXAudio2::StartAudioStream() called
[2025.12.19-15.25.38:050][430]LogAudioMixer: Display: Output buffers initialized: Frames=1024, Channels=2, Samples=2048
[2025.12.19-15.25.38:051][430]LogAudioMixer: Display: Starting AudioMixerPlatformInterface::RunInternal()
[2025.12.19-15.25.38:051][430]LogAudioMixer: Display: FMixerPlatformXAudio2::SubmitBuffer() called for the first time
[2025.12.19-15.25.38:051][430]LogInit: FAudioDevice initialized.
[2025.12.19-15.25.38:051][430]LogAudio: Display: Audio Device (ID: 2) registered with world 'StartMenu'.
[2025.12.19-15.25.38:093][430]LogSlate: Updating window title bar state: overlay mode, drag disabled, window buttons hidden, title bar hidden
[2025.12.19-15.25.38:340][430]LogLoad: Game class is 'BP_GameMode_C'
[2025.12.19-15.25.38:360][430]LogWorld: Bringing World /Game/Workplace/Maps/UEDPIE_0_StartMenu.StartMenu up for play (max tick rate 60) at 2025.12.19-18.25.38
[2025.12.19-15.25.38:363][430]LogWorld: Bringing up level for play took: 0.003289
[2025.12.19-15.25.38:365][430]LogOnline: OSS: Creating online subsystem instance for: :Context_1
[2025.12.19-15.25.38:383][430]LogSpawn: Warning: SpawnActor failed because no class was specified
[2025.12.19-15.25.38:400][430]LogNativeClassHierarchy: Verbose: Native class hierarchy updated for 'MovieSceneCapture' in 0.0005 seconds. Added 20 classes and 0 folders.
[2025.12.19-15.25.38:438][430]LogPlayerController: Error: InputMode:UIOnly - Attempting to focus Non-Focusable widget SObjectWidget [Widget.cpp(799)]!
[2025.12.19-15.25.38:438][430]LogViewport: Display: Viewport MouseLockMode Changed, LockOnCapture -> DoNotLock
[2025.12.19-15.25.38:438][430]LogViewport: Display: Viewport MouseCaptureMode Changed, CapturePermanently_IncludingInitialMouseDown -> NoCapture
[2025.12.19-15.25.38:445][430]PIE: Server logged in
[2025.12.19-15.25.38:447][430]PIE: Play in editor total start time 0,471 seconds.
[2025.12.19-15.25.38:538][431]LogRenderer: Reallocating scene render targets to support 1272x688 Format 10 NumSamples 1 (Frame:1).
[2025.12.19-15.25.45:041][798]LogViewport: Display: Viewport MouseLockMode Changed, DoNotLock -> LockOnCapture
[2025.12.19-15.25.45:041][798]LogViewport: Display: Viewport MouseCaptureMode Changed, NoCapture -> CapturePermanently
[2025.12.19-15.25.45:066][798]LogNet: Browse: /Game/Workplace/Maps/FirstLevel
[2025.12.19-15.25.45:067][798]LogLoad: LoadMap: /Game/Workplace/Maps/FirstLevel
[2025.12.19-15.25.45:067][798]LogWorld: BeginTearingDown for /Game/Workplace/Maps/UEDPIE_0_StartMenu
[2025.12.19-15.25.45:073][798]LogWorld: UWorld::CleanupWorld for StartMenu, bSessionEnded=true, bCleanupResources=true
[2025.12.19-15.25.45:075][798]LogSlate: InvalidateAllWidgets triggered.  All widgets were invalidated
[2025.12.19-15.25.45:086][798]LogAudio: Display: Audio Device unregistered from world 'None'.
[2025.12.19-15.25.45:102][798]LogUObjectHash: Compacting FUObjectHashTables data took   2.77ms
[2025.12.19-15.25.46:009][798]LogAudio: Display: Audio Device (ID: 2) registered with world 'FirstLevel'.
[2025.12.19-15.25.46:010][798]LogAIModule: Creating AISystem for world FirstLevel
[2025.12.19-15.25.46:011][798]LogLoad: Game class is 'BP_GameMode_C'
[2025.12.19-15.25.46:038][798]LogWorld: Bringing World /Game/Workplace/Maps/UEDPIE_0_FirstLevel.FirstLevel up for play (max tick rate 60) at 2025.12.19-18.25.46
[2025.12.19-15.25.46:038][798]LogWorld: Bringing up level for play took: 0.025320
[2025.12.19-15.25.46:045][798]LogSpawn: Warning: SpawnActor failed because no class was specified
[2025.12.19-15.25.46:055][798]LogLoad: Took 0.988311 seconds to LoadMap(/Game/Workplace/Maps/FirstLevel)
[2025.12.19-15.25.58:659][455]LogBlueprintUserMessages: [BP_TestClickActor1_2] BP_TestClickActor1 was clicked
[2025.12.19-15.25.58:674][456]LogBlueprintUserMessages: [BP_TestClickActor1_2] BP_TestClickActor1 was clicked
[2025.12.19-15.25.58:698][457]LogBlueprintUserMessages: [BP_TestClickActor1_2] BP_TestClickActor1 was clicked
[2025.12.19-15.25.58:723][458]LogBlueprintUserMessages: [BP_TestClickActor1_2] BP_TestClickActor1 was clicked
[2025.12.19-15.25.58:747][459]LogBlueprintUserMessages: [BP_TestClickActor1_2] BP_TestClickActor1 was clicked
[2025.12.19-15.25.58:774][460]LogBlueprintUserMessages: [BP_TestClickActor1_2] BP_TestClickActor1 was clicked
[2025.12.19-15.25.58:804][461]LogBlueprintUserMessages: [BP_TestClickActor1_2] BP_TestClickActor1 was clicked
[2025.12.19-15.25.58:838][462]LogBlueprintUserMessages: [BP_TestClickActor1_2] BP_TestClickActor1 was clicked
[2025.12.19-15.25.58:863][463]LogBlueprintUserMessages: [BP_TestClickActor1_2] BP_TestClickActor1 was clicked
[2025.12.19-15.25.58:887][464]LogBlueprintUserMessages: [BP_TestClickActor1_2] BP_TestClickActor1 was clicked
[2025.12.19-15.25.58:907][465]LogBlueprintUserMessages: [BP_TestClickActor1_2] BP_TestClickActor1 was clicked
[2025.12.19-15.25.58:929][466]LogBlueprintUserMessages: [BP_TestClickActor1_2] BP_TestClickActor1 was clicked
[2025.12.19-15.25.58:951][467]LogBlueprintUserMessages: [BP_TestClickActor1_2] BP_TestClickActor1 was clicked
[2025.12.19-15.25.58:970][468]LogBlueprintUserMessages: [BP_TestClickActor1_2] BP_TestClickActor1 was clicked
[2025.12.19-15.25.58:995][469]LogBlueprintUserMessages: [BP_TestClickActor1_2] BP_TestClickActor1 was clicked
[2025.12.19-15.25.59:022][470]LogBlueprintUserMessages: [BP_TestClickActor1_2] BP_TestClickActor1 was clicked
[2025.12.19-15.25.59:052][471]LogBlueprintUserMessages: [BP_TestClickActor1_2] BP_TestClickActor1 was clicked
[2025.12.19-15.25.59:075][472]LogBlueprintUserMessages: [BP_TestClickActor1_2] BP_TestClickActor1 was clicked
[2025.12.19-15.26.05:647][816]LogBlueprintUserMessages: [BP_TestClickActor1_2] BP_TestClickActor1 was clicked
[2025.12.19-15.26.05:657][817]LogBlueprintUserMessages: [BP_TestClickActor1_2] BP_TestClickActor1 was clicked
[2025.12.19-15.26.05:675][818]LogBlueprintUserMessages: [BP_TestClickActor1_2] BP_TestClickActor1 was clicked
[2025.12.19-15.26.05:691][819]LogBlueprintUserMessages: [BP_TestClickActor1_2] BP_TestClickActor1 was clicked
[2025.12.19-15.26.05:708][820]LogBlueprintUserMessages: [BP_TestClickActor1_2] BP_TestClickActor1 was clicked
[2025.12.19-15.26.05:725][821]LogBlueprintUserMessages: [BP_TestClickActor1_2] BP_TestClickActor1 was clicked
[2025.12.19-15.26.05:740][822]LogBlueprintUserMessages: [BP_TestClickActor1_2] BP_TestClickActor1 was clicked
[2025.12.19-15.26.05:757][823]LogBlueprintUserMessages: [BP_TestClickActor1_2] BP_TestClickActor1 was clicked
[2025.12.19-15.26.05:774][824]LogBlueprintUserMessages: [BP_TestClickActor1_2] BP_TestClickActor1 was clicked
[2025.12.19-15.26.05:790][825]LogBlueprintUserMessages: [BP_TestClickActor1_2] BP_TestClickActor1 was clicked
[2025.12.19-15.26.05:807][826]LogBlueprintUserMessages: [BP_TestClickActor1_2] BP_TestClickActor1 was clicked
[2025.12.19-15.26.05:824][827]LogBlueprintUserMessages: [BP_TestClickActor1_2] BP_TestClickActor1 was clicked
[2025.12.19-15.26.05:841][828]LogBlueprintUserMessages: [BP_TestClickActor1_2] BP_TestClickActor1 was clicked
[2025.12.19-15.26.05:857][829]LogBlueprintUserMessages: [BP_TestClickActor1_2] BP_TestClickActor1 was clicked
[2025.12.19-15.26.05:875][830]LogBlueprintUserMessages: [BP_TestClickActor1_2] BP_TestClickActor1 was clicked
[2025.12.19-15.26.05:891][831]LogBlueprintUserMessages: [BP_TestClickActor1_2] BP_TestClickActor1 was clicked
[2025.12.19-15.26.05:907][832]LogBlueprintUserMessages: [BP_TestClickActor1_2] BP_TestClickActor1 was clicked
[2025.12.19-15.26.05:924][833]LogBlueprintUserMessages: [BP_TestClickActor1_2] BP_TestClickActor1 was clicked
[2025.12.19-15.26.05:941][834]LogBlueprintUserMessages: [BP_TestClickActor1_2] BP_TestClickActor1 was clicked
[2025.12.19-15.26.05:958][835]LogBlueprintUserMessages: [BP_TestClickActor1_2] BP_TestClickActor1 was clicked
[2025.12.19-15.26.05:975][836]LogBlueprintUserMessages: [BP_TestClickActor1_2] BP_TestClickActor1 was clicked
[2025.12.19-15.26.05:991][837]LogBlueprintUserMessages: [BP_TestClickActor1_2] BP_TestClickActor1 was clicked
[2025.12.19-15.26.06:010][838]LogBlueprintUserMessages: [BP_TestClickActor1_2] BP_TestClickActor1 was clicked
[2025.12.19-15.26.06:031][839]LogBlueprintUserMessages: [BP_TestClickActor1_2] BP_TestClickActor1 was clicked
[2025.12.19-15.26.06:049][840]LogBlueprintUserMessages: [BP_TestClickActor1_2] BP_TestClickActor1 was clicked
[2025.12.19-15.26.06:077][841]LogBlueprintUserMessages: [BP_TestClickActor1_2] BP_TestClickActor1 was clicked
[2025.12.19-15.26.06:102][842]LogBlueprintUserMessages: [BP_TestClickActor1_2] BP_TestClickActor1 was clicked
[2025.12.19-15.26.06:121][843]LogBlueprintUserMessages: [BP_TestClickActor1_2] BP_TestClickActor1 was clicked
[2025.12.19-15.26.06:143][844]LogBlueprintUserMessages: [BP_TestClickActor1_2] BP_TestClickActor1 was clicked
[2025.12.19-15.26.06:166][845]LogBlueprintUserMessages: [BP_TestClickActor1_2] BP_TestClickActor1 was clicked
[2025.12.19-15.26.06:183][846]LogBlueprintUserMessages: [BP_TestClickActor1_2] BP_TestClickActor1 was clicked
[2025.12.19-15.26.06:199][847]LogBlueprintUserMessages: [BP_TestClickActor1_2] BP_TestClickActor1 was clicked
[2025.12.19-15.26.10:932][ 80]LogBlueprintUserMessages: [BP_TestClickActor1_2] BP_TestClickActor1 was clicked
[2025.12.19-15.26.10:945][ 81]LogBlueprintUserMessages: [BP_TestClickActor1_2] BP_TestClickActor1 was clicked
[2025.12.19-15.26.10:962][ 82]LogBlueprintUserMessages: [BP_TestClickActor1_2] BP_TestClickActor1 was clicked
[2025.12.19-15.26.10:979][ 83]LogBlueprintUserMessages: [BP_TestClickActor1_2] BP_TestClickActor1 was clicked
[2025.12.19-15.26.10:996][ 84]LogBlueprintUserMessages: [BP_TestClickActor1_2] BP_TestClickActor1 was clicked
[2025.12.19-15.26.11:013][ 85]LogBlueprintUserMessages: [BP_TestClickActor1_2] BP_TestClickActor1 was clicked
[2025.12.19-15.26.11:031][ 86]LogBlueprintUserMessages: [BP_TestClickActor1_2] BP_TestClickActor1 was clicked
[2025.12.19-15.26.11:056][ 87]LogBlueprintUserMessages: [BP_TestClickActor1_2] BP_TestClickActor1 was clicked
[2025.12.19-15.26.11:080][ 88]LogBlueprintUserMessages: [BP_TestClickActor1_2] BP_TestClickActor1 was clicked
[2025.12.19-15.26.11:111][ 89]LogBlueprintUserMessages: [BP_TestClickActor1_2] BP_TestClickActor1 was clicked
[2025.12.19-15.26.11:139][ 90]LogBlueprintUserMessages: [BP_TestClickActor1_2] BP_TestClickActor1 was clicked
[2025.12.19-15.26.11:160][ 91]LogBlueprintUserMessages: [BP_TestClickActor1_2] BP_TestClickActor1 was clicked
[2025.12.19-15.26.11:187][ 92]LogBlueprintUserMessages: [BP_TestClickActor1_2] BP_TestClickActor1 was clicked
[2025.12.19-15.26.11:210][ 93]LogBlueprintUserMessages: [BP_TestClickActor1_2] BP_TestClickActor1 was clicked
[2025.12.19-15.26.11:236][ 94]LogBlueprintUserMessages: [BP_TestClickActor1_2] BP_TestClickActor1 was clicked
[2025.12.19-15.26.11:255][ 95]LogBlueprintUserMessages: [BP_TestClickActor1_2] BP_TestClickActor1 was clicked
[2025.12.19-15.26.11:281][ 96]LogBlueprintUserMessages: [BP_TestClickActor1_2] BP_TestClickActor1 was clicked
[2025.12.19-15.26.11:309][ 97]LogBlueprintUserMessages: [BP_TestClickActor1_2] BP_TestClickActor1 was clicked
[2025.12.19-15.26.11:334][ 98]LogBlueprintUserMessages: [BP_TestClickActor1_2] BP_TestClickActor1 was clicked
[2025.12.19-15.26.11:358][ 99]LogBlueprintUserMessages: [BP_TestClickActor1_2] BP_TestClickActor1 was clicked
[2025.12.19-15.26.11:376][100]LogBlueprintUserMessages: [BP_TestClickActor1_2] BP_TestClickActor1 was clicked
[2025.12.19-15.26.11:402][101]LogBlueprintUserMessages: [BP_TestClickActor1_2] BP_TestClickActor1 was clicked
[2025.12.19-15.26.11:426][102]LogBlueprintUserMessages: [BP_TestClickActor1_2] BP_TestClickActor1 was clicked
[2025.12.19-15.26.11:444][103]LogBlueprintUserMessages: [BP_TestClickActor1_2] BP_TestClickActor1 was clicked
[2025.12.19-15.26.11:467][104]LogBlueprintUserMessages: [BP_TestClickActor1_2] BP_TestClickActor1 was clicked
[2025.12.19-15.26.11:492][105]LogBlueprintUserMessages: [BP_TestClickActor1_2] BP_TestClickActor1 was clicked
[2025.12.19-15.26.11:519][106]LogBlueprintUserMessages: [BP_TestClickActor1_2] BP_TestClickActor1 was clicked
[2025.12.19-15.26.11:537][107]LogBlueprintUserMessages: [BP_TestClickActor1_2] BP_TestClickActor1 was clicked
[2025.12.19-15.26.11:556][108]LogBlueprintUserMessages: [BP_TestClickActor1_2] BP_TestClickActor1 was clicked
[2025.12.19-15.26.11:586][109]LogBlueprintUserMessages: [BP_TestClickActor1_2] BP_TestClickActor1 was clicked
[2025.12.19-15.26.11:612][110]LogBlueprintUserMessages: [BP_TestClickActor1_2] BP_TestClickActor1 was clicked
[2025.12.19-15.26.11:638][111]LogBlueprintUserMessages: [BP_TestClickActor1_2] BP_TestClickActor1 was clicked
[2025.12.19-15.26.11:661][112]LogBlueprintUserMessages: [BP_TestClickActor1_2] BP_TestClickActor1 was clicked
[2025.12.19-15.26.11:689][113]LogBlueprintUserMessages: [BP_TestClickActor1_2] BP_TestClickActor1 was clicked
[2025.12.19-15.26.11:710][114]LogBlueprintUserMessages: [BP_TestClickActor1_2] BP_TestClickActor1 was clicked
[2025.12.19-15.26.11:736][115]LogBlueprintUserMessages: [BP_TestClickActor1_2] BP_TestClickActor1 was clicked
[2025.12.19-15.26.11:755][116]LogBlueprintUserMessages: [BP_TestClickActor1_2] BP_TestClickActor1 was clicked
[2025.12.19-15.26.11:776][117]LogBlueprintUserMessages: [BP_TestClickActor1_2] BP_TestClickActor1 was clicked
[2025.12.19-15.26.11:803][118]LogBlueprintUserMessages: [BP_TestClickActor1_2] BP_TestClickActor1 was clicked
[2025.12.19-15.26.11:833][119]LogBlueprintUserMessages: [BP_TestClickActor1_2] BP_TestClickActor1 was clicked
[2025.12.19-15.26.11:863][120]LogBlueprintUserMessages: [BP_TestClickActor1_2] BP_TestClickActor1 was clicked
[2025.12.19-15.26.11:887][121]LogBlueprintUserMessages: [BP_TestClickActor1_2] BP_TestClickActor1 was clicked
[2025.12.19-15.26.11:911][122]LogBlueprintUserMessages: [BP_TestClickActor1_2] BP_TestClickActor1 was clicked
[2025.12.19-15.26.11:937][123]LogBlueprintUserMessages: [BP_TestClickActor1_2] BP_TestClickActor1 was clicked
[2025.12.19-15.26.11:960][124]LogBlueprintUserMessages: [BP_TestClickActor1_2] BP_TestClickActor1 was clicked
[2025.12.19-15.26.11:987][125]LogBlueprintUserMessages: [BP_TestClickActor1_2] BP_TestClickActor1 was clicked
[2025.12.19-15.26.12:005][126]LogBlueprintUserMessages: [BP_TestClickActor1_2] BP_TestClickActor1 was clicked
[2025.12.19-15.26.12:023][127]LogBlueprintUserMessages: [BP_TestClickActor1_2] BP_TestClickActor1 was clicked
[2025.12.19-15.26.12:045][128]LogBlueprintUserMessages: [BP_TestClickActor1_2] BP_TestClickActor1 was clicked
[2025.12.19-15.26.12:079][129]LogBlueprintUserMessages: [BP_TestClickActor1_2] BP_TestClickActor1 was clicked
[2025.12.19-15.26.12:106][130]LogBlueprintUserMessages: [BP_TestClickActor1_2] BP_TestClickActor1 was clicked
[2025.12.19-15.26.12:130][131]LogBlueprintUserMessages: [BP_TestClickActor1_2] BP_TestClickActor1 was clicked
[2025.12.19-15.26.12:155][132]LogBlueprintUserMessages: [BP_TestClickActor1_2] BP_TestClickActor1 was clicked
[2025.12.19-15.26.12:185][133]LogBlueprintUserMessages: [BP_TestClickActor1_2] BP_TestClickActor1 was clicked
[2025.12.19-15.26.12:206][134]LogBlueprintUserMessages: [BP_TestClickActor1_2] BP_TestClickActor1 was clicked
[2025.12.19-15.26.12:229][135]LogBlueprintUserMessages: [BP_TestClickActor1_2] BP_TestClickActor1 was clicked
[2025.12.19-15.26.12:252][136]LogBlueprintUserMessages: [BP_TestClickActor1_2] BP_TestClickActor1 was clicked
[2025.12.19-15.26.12:278][137]LogBlueprintUserMessages: [BP_TestClickActor1_2] BP_TestClickActor1 was clicked
[2025.12.19-15.26.12:303][138]LogBlueprintUserMessages: [BP_TestClickActor1_2] BP_TestClickActor1 was clicked
[2025.12.19-15.26.12:326][139]LogBlueprintUserMessages: [BP_TestClickActor1_2] BP_TestClickActor1 was clicked
[2025.12.19-15.26.12:351][140]LogBlueprintUserMessages: [BP_TestClickActor1_2] BP_TestClickActor1 was clicked
[2025.12.19-15.26.12:370][141]LogBlueprintUserMessages: [BP_TestClickActor1_2] BP_TestClickActor1 was clicked
[2025.12.19-15.26.12:390][142]LogBlueprintUserMessages: [BP_TestClickActor1_2] BP_TestClickActor1 was clicked
[2025.12.19-15.26.12:417][143]LogBlueprintUserMessages: [BP_TestClickActor1_2] BP_TestClickActor1 was clicked
[2025.12.19-15.26.12:441][144]LogBlueprintUserMessages: [BP_TestClickActor1_2] BP_TestClickActor1 was clicked
[2025.12.19-15.26.18:253][427]LogNet: Browse: /Game/Workplace/Maps/FirstLevel
[2025.12.19-15.26.18:254][427]LogLoad: LoadMap: /Game/Workplace/Maps/FirstLevel
[2025.12.19-15.26.18:254][427]LogWorld: BeginTearingDown for /Game/Workplace/Maps/UEDPIE_0_FirstLevel
[2025.12.19-15.26.18:256][427]LogWorld: UWorld::CleanupWorld for FirstLevel, bSessionEnded=true, bCleanupResources=true
[2025.12.19-15.26.18:259][427]LogSlate: InvalidateAllWidgets triggered.  All widgets were invalidated
[2025.12.19-15.26.18:272][427]LogAudio: Display: Audio Device unregistered from world 'None'.
[2025.12.19-15.26.18:287][427]LogUObjectHash: Compacting FUObjectHashTables data took   1.61ms
[2025.12.19-15.26.18:334][427]LogAudio: Display: Audio Device (ID: 2) registered with world 'FirstLevel'.
[2025.12.19-15.26.18:339][427]LogAIModule: Creating AISystem for world FirstLevel
[2025.12.19-15.26.18:340][427]LogLoad: Game class is 'BP_GameMode_C'
[2025.12.19-15.26.18:355][427]LogWorld: Bringing World /Game/Workplace/Maps/UEDPIE_0_FirstLevel.FirstLevel up for play (max tick rate 60) at 2025.12.19-18.26.18
[2025.12.19-15.26.18:355][427]LogWorld: Bringing up level for play took: 0.014162
[2025.12.19-15.26.18:356][427]LogSpawn: Warning: SpawnActor failed because no class was specified
[2025.12.19-15.26.18:360][427]LogLoad: Took 0.106088 seconds to LoadMap(/Game/Workplace/Maps/FirstLevel)
[2025.12.19-15.28.52:874][449]LogSlate: Updating window title bar state: overlay mode, drag disabled, window buttons hidden, title bar hidden
[2025.12.19-15.28.52:878][449]LogWorld: BeginTearingDown for /Game/Workplace/Maps/UEDPIE_0_FirstLevel
[2025.12.19-15.28.52:878][449]LogSlate: Window 'Mini_laboratory Preview [NetMode: Standalone]  (64-bit/Windows) ' being destroyed
[2025.12.19-15.28.52:892][449]LogWorld: UWorld::CleanupWorld for FirstLevel, bSessionEnded=true, bCleanupResources=true
[2025.12.19-15.28.52:893][449]LogSlate: InvalidateAllWidgets triggered.  All widgets were invalidated
[2025.12.19-15.28.52:936][449]LogPlayLevel: Display: Shutting down PIE online subsystems
[2025.12.19-15.28.52:946][449]LogSlate: InvalidateAllWidgets triggered.  All widgets were invalidated
[2025.12.19-15.28.52:961][449]LogAudioMixer: FMixerPlatformXAudio2::StopAudioStream() called
[2025.12.19-15.28.52:963][449]LogAudioMixer: FMixerPlatformXAudio2::StopAudioStream() called
[2025.12.19-15.28.52:980][449]LogUObjectHash: Compacting FUObjectHashTables data took   1.99ms
[2025.12.19-15.28.53:014][450]LogPlayLevel: Display: Destroying online subsystem :Context_1
[2025.12.19-15.28.54:359][529]LogEditorViewport: Clicking Background
[2025.12.19-15.29.47:914][243]LogSlate: Took 0.000879 seconds to synchronously load lazily loaded font '../../../Engine/Content/Slate/Fonts/Roboto-Light.ttf' (167K)
[2025.12.19-15.29.47:955][243]LogAssetEditorSubsystem: Opening Asset editor for Blueprint /Game/Workplace/Blueprints/GlobalVariables.GlobalVariables
[2025.12.19-15.29.49:787][243]LogNativeClassHierarchy: Verbose: Native class hierarchy updated for 'BlueprintGraph' in 0.0027 seconds. Added 126 classes and 0 folders.
[2025.12.19-15.29.51:680][243]LogSlate: Took 0.001327 seconds to synchronously load lazily loaded font '../../../Engine/Content/Slate/Fonts/Roboto-BoldCondensed.ttf' (158K)
[2025.12.19-15.34.06:436][907]LogAssetEditorSubsystem: Opening Asset editor for Blueprint /Game/Workplace/Blueprints/BP_Transporter.BP_Transporter
[2025.12.19-15.34.07:716][908]LogSlate: Took 0.016351 seconds to synchronously load lazily loaded font '../../../Engine/Content/Slate/Fonts/Roboto-Italic.ttf' (157K)
[2025.12.19-15.34.38:975][703]LogAssetEditorSubsystem: Opening Asset editor for Blueprint /Game/Workplace/Blueprints/BP_TransferObject.BP_TransferObject
[2025.12.19-15.36.06:766][746]LogAssetEditorSubsystem: Opening Asset editor for Blueprint /Game/Workplace/Blueprints/BP_ObjectsTable.BP_ObjectsTable
[2025.12.19-15.38.10:263][830]LogAssetEditorSubsystem: Opening Asset editor for Blueprint /Game/Workplace/Blueprints/BP_ObjectOnTable.BP_ObjectOnTable
[2025.12.19-15.39.30:946][341]LogAssetEditorSubsystem: Opening Asset editor for StaticMesh /Game/Workplace/Meshes/Static_3D_printer.Static_3D_printer
[2025.12.19-15.39.31:763][341]LogTexture: Default maximum texture size for cubemaps generated from long-lat sources has been changed from 512 to unlimited. In order to preserve old behaiour for '/Engine/EditorMaterials/AssetViewer/EpicQuadPanorama_CC+EV1.EpicQuadPanorama_CC+EV1', its maximum texture size has been explicitly set to 512.
[2025.12.19-15.39.31:989][341]LogTexture: Default maximum texture size for cubemaps generated from long-lat sources has been changed from 512 to unlimited. In order to preserve old behaiour for '/Engine/MapTemplates/Sky/SunsetAmbientCubemap.SunsetAmbientCubemap', its maximum texture size has been explicitly set to 512.
[2025.12.19-15.39.47:244][358]LogWorld: UWorld::CleanupWorld for World_9, bSessionEnded=true, bCleanupResources=true
[2025.12.19-15.39.47:247][358]LogSlate: InvalidateAllWidgets triggered.  All widgets were invalidated
[2025.12.19-15.39.48:544][417]LogWorld: UWorld::CleanupWorld for World_11, bSessionEnded=true, bCleanupResources=true
[2025.12.19-15.39.48:544][417]LogSlate: InvalidateAllWidgets triggered.  All widgets were invalidated
[2025.12.19-15.39.49:738][503]LogActorComponent: UnregisterComponent: (/Engine/Transient.EditorFloorComp) Not registered. Aborting.
[2025.12.19-15.39.49:738][503]LogWorld: UWorld::CleanupWorld for World_12, bSessionEnded=true, bCleanupResources=true
[2025.12.19-15.39.49:738][503]LogSlate: InvalidateAllWidgets triggered.  All widgets were invalidated
[2025.12.19-15.39.50:327][543]LogActorComponent: UnregisterComponent: (/Engine/Transient.EditorFloorComp) Not registered. Aborting.
[2025.12.19-15.39.50:327][543]LogWorld: UWorld::CleanupWorld for World_13, bSessionEnded=true, bCleanupResources=true
[2025.12.19-15.39.50:328][543]LogSlate: InvalidateAllWidgets triggered.  All widgets were invalidated
[2025.12.19-15.39.50:824][570]LogActorComponent: UnregisterComponent: (/Engine/Transient.EditorFloorComp) Not registered. Aborting.
[2025.12.19-15.39.50:824][570]LogWorld: UWorld::CleanupWorld for World_14, bSessionEnded=true, bCleanupResources=true
[2025.12.19-15.39.50:824][570]LogSlate: InvalidateAllWidgets triggered.  All widgets were invalidated
[2025.12.19-15.39.51:281][602]LogWorld: UWorld::CleanupWorld for World_15, bSessionEnded=true, bCleanupResources=true
[2025.12.19-15.39.51:281][602]LogSlate: InvalidateAllWidgets triggered.  All widgets were invalidated
[2025.12.19-15.39.58:867][217]LogUObjectHash: Compacting FUObjectHashTables data took   6.70ms
[2025.12.19-15.39.59:052][217]LogAssetEditorSubsystem: Opening Asset editor for World /Game/Workplace/Maps/FirstLevel.FirstLevel
[2025.12.19-15.39.59:054][217]Cmd: MAP LOAD FILE="../../../../../../WORKPLACE/Mini_laboratory/MEPhI_VR_term_1/Mini_laboratory/Content/Workplace/Maps/FirstLevel.umap" TEMPLATE=0 SHOWPROGRESS=1 FEATURELEVEL=3
[2025.12.19-15.39.59:056][217]LightingResults: New page: Lighting Build
[2025.12.19-15.39.59:059][217]LoadErrors: New page: Loading map: FirstLevel.umap
[2025.12.19-15.39.59:121][217]LogWorld: UWorld::CleanupWorld for StartMenu, bSessionEnded=true, bCleanupResources=true
[2025.12.19-15.39.59:126][217]LogSlate: InvalidateAllWidgets triggered.  All widgets were invalidated
[2025.12.19-15.39.59:129][217]MapCheck: New page: Map Check
[2025.12.19-15.39.59:129][217]LightingResults: New page: Lighting Build
[2025.12.19-15.39.59:158][217]LogAudio: Display: Audio Device unregistered from world 'None'.
[2025.12.19-15.39.59:247][217]LogUObjectHash: Compacting FUObjectHashTables data took   5.99ms
[2025.12.19-15.39.59:256][217]LogAudio: Display: Audio Device (ID: 1) registered with world 'FirstLevel'.
[2025.12.19-15.39.59:528][217]LogEditorServer: Finished looking for orphan Actors (0.000 secs)
[2025.12.19-15.39.59:529][217]LogAIModule: Creating AISystem for world FirstLevel
[2025.12.19-15.39.59:574][217]LogUObjectHash: Compacting FUObjectHashTables data took   5.47ms
[2025.12.19-15.39.59:584][217]Cmd: MAP CHECKDEP NOCLEARLOG
[2025.12.19-15.39.59:585][217]MapCheck: Map check complete: 0 Error(s), 0 Warning(s), took 0,882ms to complete.
[2025.12.19-15.39.59:586][217]LogFileHelpers: Loading map 'FirstLevel' took 0.534
[2025.12.19-15.40.21:500][868]LogEditorViewport: Clicking on Actor (LMB): BP_SceneActor_C (BP_SceneActor)
[2025.12.19-15.40.22:650][944]LogEditorViewport: Clicking on Actor (LMB): BP_Sky_Sphere_C (Sky Sphere)
[2025.12.19-15.40.23:622][  7]LogEditorViewport: Clicking on Actor (LMB): BP_SceneActor_C (BP_SceneActor)
[2025.12.19-15.40.40:909][ 81]LogAssetEditorSubsystem: Opening Asset editor for Blueprint /Game/Workplace/Blueprints/BP_SceneActor.BP_SceneActor
[2025.12.19-15.41.06:246][754]LogWorld: UWorld::CleanupWorld for World_17, bSessionEnded=true, bCleanupResources=true
[2025.12.19-15.41.06:246][754]LogSlate: InvalidateAllWidgets triggered.  All widgets were invalidated
[2025.12.19-15.45.42:261][923]LogEditorViewport: Clicking on Actor (LMB): BP_3DPrinter_C (BP_3DPrinter)
[2025.12.19-15.45.43:153][980]LogEditorViewport: Clicking on Actor (LMB): BP_Transporter_C (BP_Transporter)
[2025.12.19-15.45.44:719][ 89]LogEditorViewport: Clicking on Actor (LMB): BP_Sky_Sphere_C (Sky Sphere)
[2025.12.19-15.45.45:553][145]LogEditorViewport: Clicking on Actor (LMB): BP_ObjectsTable_C (BP_ObjectsTable)
[2025.12.19-15.45.51:219][486]LogUObjectHash: Compacting FUObjectHashTables data took   3.23ms
[2025.12.19-15.45.51:283][486]LogAssetEditorSubsystem: Opening Asset editor for World /Game/Workplace/Maps/StartMenu.StartMenu
[2025.12.19-15.45.51:283][486]Cmd: MAP LOAD FILE="../../../../../../WORKPLACE/Mini_laboratory/MEPhI_VR_term_1/Mini_laboratory/Content/Workplace/Maps/StartMenu.umap" TEMPLATE=0 SHOWPROGRESS=1 FEATURELEVEL=3
[2025.12.19-15.45.51:284][486]LightingResults: New page: Lighting Build
[2025.12.19-15.45.51:284][486]LoadErrors: New page: Loading map: StartMenu.umap
[2025.12.19-15.45.51:297][486]LogWorld: UWorld::CleanupWorld for FirstLevel, bSessionEnded=true, bCleanupResources=true
[2025.12.19-15.45.51:298][486]LogSlate: InvalidateAllWidgets triggered.  All widgets were invalidated
[2025.12.19-15.45.51:298][486]MapCheck: New page: Map Check
[2025.12.19-15.45.51:298][486]LightingResults: New page: Lighting Build
[2025.12.19-15.45.51:331][486]LogAudio: Display: Audio Device unregistered from world 'None'.
[2025.12.19-15.45.51:353][486]LogUObjectHash: Compacting FUObjectHashTables data took   3.53ms
[2025.12.19-15.45.51:355][486]LogAudio: Display: Audio Device (ID: 1) registered with world 'StartMenu'.
[2025.12.19-15.45.51:395][486]LogEditorServer: Finished looking for orphan Actors (0.000 secs)
[2025.12.19-15.45.51:395][486]LogAIModule: Creating AISystem for world StartMenu
[2025.12.19-15.45.51:427][486]LogUObjectHash: Compacting FUObjectHashTables data took   4.46ms
[2025.12.19-15.45.51:434][486]Cmd: MAP CHECKDEP NOCLEARLOG
[2025.12.19-15.45.51:435][486]MapCheck: Map check complete: 0 Error(s), 0 Warning(s), took 0,118ms to complete.
[2025.12.19-15.45.51:435][486]LogFileHelpers: Loading map 'StartMenu' took 0.152
[2025.12.19-15.45.52:640][589]LogTemp: Repeating last play command: New Editor Window (PIE)
[2025.12.19-15.45.52:660][589]LogPlayLevel: PlayLevel: No blueprints needed recompiling
[2025.12.19-15.45.52:661][589]PIE: New page: PIE session: StartMenu (19 дек. 2025 г., 21:45:52)
[2025.12.19-15.45.52:665][589]LogPlayLevel: Creating play world package: /Game/Workplace/Maps/UEDPIE_0_StartMenu
[2025.12.19-15.45.52:673][589]LogPlayLevel: PIE: StaticDuplicateObject took: (0.007773s)
[2025.12.19-15.45.52:676][589]LogAIModule: Creating AISystem for world StartMenu
[2025.12.19-15.45.52:679][589]LogPlayLevel: PIE: World Init took: (0.004863s)
[2025.12.19-15.45.52:679][589]LogPlayLevel: PIE: Created PIE world by copying editor world from /Game/Workplace/Maps/StartMenu.StartMenu to /Game/Workplace/Maps/UEDPIE_0_StartMenu.StartMenu (0.013775s)
[2025.12.19-15.45.52:721][589]LogUObjectHash: Compacting FUObjectHashTables data took   4.40ms
[2025.12.19-15.45.52:726][589]LogAudio: Display: Creating Audio Device:                 Id: 3, Scope: Unique, Realtime: True
[2025.12.19-15.45.52:730][589]LogAudioMixer: Display: Audio Mixer Platform Settings:
[2025.12.19-15.45.52:730][589]LogAudioMixer: Display: 	Sample Rate:						  48000
[2025.12.19-15.45.52:730][589]LogAudioMixer: Display: 	Callback Buffer Frame Size Requested: 1024
[2025.12.19-15.45.52:730][589]LogAudioMixer: Display: 	Callback Buffer Frame Size To Use:	  1024
[2025.12.19-15.45.52:730][589]LogAudioMixer: Display: 	Number of buffers to queue:			  2
[2025.12.19-15.45.52:730][589]LogAudioMixer: Display: 	Max Channels (voices):				  32
[2025.12.19-15.45.52:730][589]LogAudioMixer: Display: 	Number of Async Source Workers:		  0
[2025.12.19-15.45.52:731][589]LogAudio: Display: AudioDevice MaxSources: 32
[2025.12.19-15.45.52:736][589]LogAudio: Display: Audio Spatialization Plugin: None (built-in).
[2025.12.19-15.45.52:736][589]LogAudio: Display: Audio Reverb Plugin: None (built-in).
[2025.12.19-15.45.52:736][589]LogAudio: Display: Audio Occlusion Plugin: None (built-in).
[2025.12.19-15.45.52:736][589]LogAudioMixer: Display: Initializing audio mixer.
[2025.12.19-15.45.52:756][589]LogAudioMixer: Display: 0: FrontLeft
[2025.12.19-15.45.52:756][589]LogAudioMixer: Display: 1: FrontRight
[2025.12.19-15.45.52:793][589]LogAudioMixer: Display: Using Audio Device Наушники (Realtek(R) Audio)
[2025.12.19-15.45.52:797][589]LogAudioMixer: Display: Initializing Sound Submixes...
[2025.12.19-15.45.52:797][589]LogAudioMixer: Display: Creating Master Submix 'MasterSubmixDefault'
[2025.12.19-15.45.52:798][589]LogAudioMixer: Display: Creating Master Submix 'MasterReverbSubmixDefault'
[2025.12.19-15.45.52:813][589]LogAudioMixer: Display: Creating Master Submix 'MasterEQSubmixDefault'
[2025.12.19-15.45.52:814][589]LogAudioMixer: FMixerPlatformXAudio2::StartAudioStream() called
[2025.12.19-15.45.52:814][589]LogAudioMixer: Display: Output buffers initialized: Frames=1024, Channels=2, Samples=2048
[2025.12.19-15.45.52:817][589]LogAudioMixer: Display: Starting AudioMixerPlatformInterface::RunInternal()
[2025.12.19-15.45.52:817][589]LogInit: FAudioDevice initialized.
[2025.12.19-15.45.52:817][589]LogAudioMixer: Display: FMixerPlatformXAudio2::SubmitBuffer() called for the first time
[2025.12.19-15.45.52:817][589]LogAudio: Display: Audio Device (ID: 3) registered with world 'StartMenu'.
[2025.12.19-15.45.52:888][589]LogSlate: Updating window title bar state: overlay mode, drag disabled, window buttons hidden, title bar hidden
[2025.12.19-15.45.52:892][589]LogLoad: Game class is 'BP_GameMode_C'
[2025.12.19-15.45.52:909][589]LogWorld: Bringing World /Game/Workplace/Maps/UEDPIE_0_StartMenu.StartMenu up for play (max tick rate 0) at 2025.12.19-18.45.52
[2025.12.19-15.45.52:911][589]LogWorld: Bringing up level for play took: 0.002176
[2025.12.19-15.45.52:915][589]LogOnline: OSS: Creating online subsystem instance for: :Context_20
[2025.12.19-15.45.52:935][589]LogSpawn: Warning: SpawnActor failed because no class was specified
[2025.12.19-15.45.52:972][589]LogPlayerController: Error: InputMode:UIOnly - Attempting to focus Non-Focusable widget SObjectWidget [Widget.cpp(799)]!
[2025.12.19-15.45.52:973][589]LogViewport: Display: Viewport MouseLockMode Changed, LockOnCapture -> DoNotLock
[2025.12.19-15.45.52:973][589]LogViewport: Display: Viewport MouseCaptureMode Changed, CapturePermanently_IncludingInitialMouseDown -> NoCapture
[2025.12.19-15.45.52:995][589]PIE: Server logged in
[2025.12.19-15.45.52:996][589]PIE: Play in editor total start time 0,344 seconds.
[2025.12.19-15.45.56:759][824]LogViewport: Display: Viewport MouseLockMode Changed, DoNotLock -> LockOnCapture
[2025.12.19-15.45.56:759][824]LogViewport: Display: Viewport MouseCaptureMode Changed, NoCapture -> CapturePermanently
[2025.12.19-15.45.56:766][824]LogNet: Browse: /Game/Workplace/Maps/FirstLevel
[2025.12.19-15.45.56:767][824]LogLoad: LoadMap: /Game/Workplace/Maps/FirstLevel
[2025.12.19-15.45.56:767][824]LogWorld: BeginTearingDown for /Game/Workplace/Maps/UEDPIE_0_StartMenu
[2025.12.19-15.45.56:772][824]LogWorld: UWorld::CleanupWorld for StartMenu, bSessionEnded=true, bCleanupResources=true
[2025.12.19-15.45.56:772][824]LogSlate: InvalidateAllWidgets triggered.  All widgets were invalidated
[2025.12.19-15.45.56:801][824]LogAudio: Display: Audio Device unregistered from world 'None'.
[2025.12.19-15.45.56:809][824]LogUObjectHash: Compacting FUObjectHashTables data took   2.68ms
[2025.12.19-15.45.56:868][824]LogAudio: Display: Audio Device (ID: 3) registered with world 'FirstLevel'.
[2025.12.19-15.45.56:872][824]LogAIModule: Creating AISystem for world FirstLevel
[2025.12.19-15.45.56:872][824]LogLoad: Game class is 'BP_GameMode_C'
[2025.12.19-15.45.56:889][824]LogWorld: Bringing World /Game/Workplace/Maps/UEDPIE_0_FirstLevel.FirstLevel up for play (max tick rate 0) at 2025.12.19-18.45.56
[2025.12.19-15.45.56:889][824]LogWorld: Bringing up level for play took: 0.015140
[2025.12.19-15.45.56:893][824]LogSpawn: Warning: SpawnActor failed because no class was specified
[2025.12.19-15.45.56:903][824]LogLoad: Took 0.134620 seconds to LoadMap(/Game/Workplace/Maps/FirstLevel)
[2025.12.19-15.46.00:048][973]LogNet: Browse: /Game/Workplace/Maps/FirstLevel
[2025.12.19-15.46.00:049][973]LogLoad: LoadMap: /Game/Workplace/Maps/FirstLevel
[2025.12.19-15.46.00:049][973]LogWorld: BeginTearingDown for /Game/Workplace/Maps/UEDPIE_0_FirstLevel
[2025.12.19-15.46.00:050][973]LogWorld: UWorld::CleanupWorld for FirstLevel, bSessionEnded=true, bCleanupResources=true
[2025.12.19-15.46.00:063][973]LogSlate: InvalidateAllWidgets triggered.  All widgets were invalidated
[2025.12.19-15.46.00:124][973]LogAudio: Display: Audio Device unregistered from world 'None'.
[2025.12.19-15.46.00:130][973]LogUObjectHash: Compacting FUObjectHashTables data took   2.81ms
[2025.12.19-15.46.00:175][973]LogAudio: Display: Audio Device (ID: 3) registered with world 'FirstLevel'.
[2025.12.19-15.46.00:176][973]LogAIModule: Creating AISystem for world FirstLevel
[2025.12.19-15.46.00:177][973]LogLoad: Game class is 'BP_GameMode_C'
[2025.12.19-15.46.00:193][973]LogWorld: Bringing World /Game/Workplace/Maps/UEDPIE_0_FirstLevel.FirstLevel up for play (max tick rate 0) at 2025.12.19-18.46.00
[2025.12.19-15.46.00:194][973]LogWorld: Bringing up level for play took: 0.016012
[2025.12.19-15.46.00:194][973]LogSpawn: Warning: SpawnActor failed because no class was specified
[2025.12.19-15.46.00:196][973]LogLoad: Took 0.147482 seconds to LoadMap(/Game/Workplace/Maps/FirstLevel)
[2025.12.19-15.48.26:855][274]LogSlate: Updating window title bar state: overlay mode, drag disabled, window buttons hidden, title bar hidden
[2025.12.19-15.48.26:860][274]LogWorld: BeginTearingDown for /Game/Workplace/Maps/UEDPIE_0_FirstLevel
[2025.12.19-15.48.26:861][274]LogSlate: Window 'Mini_laboratory Preview [NetMode: Standalone]  (64-bit/Windows) ' being destroyed
[2025.12.19-15.48.26:912][274]LogWorld: UWorld::CleanupWorld for FirstLevel, bSessionEnded=true, bCleanupResources=true
[2025.12.19-15.48.26:913][274]LogSlate: InvalidateAllWidgets triggered.  All widgets were invalidated
[2025.12.19-15.48.26:935][274]LogPlayLevel: Display: Shutting down PIE online subsystems
[2025.12.19-15.48.26:944][274]LogSlate: InvalidateAllWidgets triggered.  All widgets were invalidated
[2025.12.19-15.48.26:976][274]LogAudio: Display: Audio Device unregistered from world 'None'.
[2025.12.19-15.48.26:978][274]LogAudioMixer: FMixerPlatformXAudio2::StopAudioStream() called
[2025.12.19-15.48.26:980][274]LogAudioMixer: FMixerPlatformXAudio2::StopAudioStream() called
[2025.12.19-15.48.26:995][274]LogUObjectHash: Compacting FUObjectHashTables data took   2.81ms
[2025.12.19-15.48.27:019][275]LogPlayLevel: Display: Destroying online subsystem :Context_20
[2025.12.19-15.49.20:150][  9]LogAssetEditorSubsystem: Opening Asset editor for Blueprint /Game/Workplace/Blueprints/GlobalVariables.GlobalVariables
[2025.12.19-15.51.48:719][131]LogWorld: UWorld::CleanupWorld for World_18, bSessionEnded=true, bCleanupResources=true
[2025.12.19-15.51.48:719][131]LogSlate: InvalidateAllWidgets triggered.  All widgets were invalidated
[2025.12.19-15.52.04:701][164]LogAssetEditorSubsystem: Opening Asset editor for Blueprint /Game/Workplace/Blueprints/BP_TransferObject.BP_TransferObject
[2025.12.19-15.53.52:824][668]LogAssetEditorSubsystem: Opening Asset editor for Blueprint /Game/Workplace/Blueprints/BP_ObjectsTable.BP_ObjectsTable
[2025.12.19-15.54.26:634][796]LogAssetEditorSubsystem: Opening Asset editor for Blueprint /Game/Workplace/Blueprints/BP_SceneActor.BP_SceneActor
[2025.12.19-15.54.51:908][465]LogAssetEditorSubsystem: Opening Asset editor for Blueprint /Game/Workplace/Blueprints/GlobalVariables.GlobalVariables
[2025.12.19-15.55.24:622][818]LogUObjectHash: Compacting FUObjectHashTables data took   3.73ms
[2025.12.19-15.55.24:656][818]LogAssetEditorSubsystem: Opening Asset editor for World /Game/Workplace/Maps/FirstLevel.FirstLevel
[2025.12.19-15.55.24:656][818]Cmd: MAP LOAD FILE="../../../../../../WORKPLACE/Mini_laboratory/MEPhI_VR_term_1/Mini_laboratory/Content/Workplace/Maps/FirstLevel.umap" TEMPLATE=0 SHOWPROGRESS=1 FEATURELEVEL=3
[2025.12.19-15.55.24:656][818]LightingResults: New page: Lighting Build
[2025.12.19-15.55.24:656][818]LoadErrors: New page: Loading map: FirstLevel.umap
[2025.12.19-15.55.24:694][818]LogWorld: UWorld::CleanupWorld for StartMenu, bSessionEnded=true, bCleanupResources=true
[2025.12.19-15.55.24:694][818]LogSlate: InvalidateAllWidgets triggered.  All widgets were invalidated
[2025.12.19-15.55.24:694][818]MapCheck: New page: Map Check
[2025.12.19-15.55.24:694][818]LightingResults: New page: Lighting Build
[2025.12.19-15.55.24:732][818]LogAudio: Display: Audio Device unregistered from world 'None'.
[2025.12.19-15.55.24:736][818]LogUObjectHash: Compacting FUObjectHashTables data took   3.27ms
[2025.12.19-15.55.24:737][818]LogAudio: Display: Audio Device (ID: 1) registered with world 'FirstLevel'.
[2025.12.19-15.55.24:940][818]LogEditorServer: Finished looking for orphan Actors (0.000 secs)
[2025.12.19-15.55.24:940][818]LogAIModule: Creating AISystem for world FirstLevel
[2025.12.19-15.55.24:988][818]LogUObjectHash: Compacting FUObjectHashTables data took   3.15ms
[2025.12.19-15.55.24:999][818]Cmd: MAP CHECKDEP NOCLEARLOG
[2025.12.19-15.55.24:999][818]MapCheck: Map check complete: 0 Error(s), 0 Warning(s), took 0,101ms to complete.
[2025.12.19-15.55.24:999][818]LogFileHelpers: Loading map 'FirstLevel' took 0.344
[2025.12.19-15.59.36:945][259]LogWindowsTextInputMethodSystem: Display: IME system deactivated.
[2025.12.19-15.59.36:945][259]LogWindowsTextInputMethodSystem: Display: IME system deactivated.
[2025.12.19-15.59.38:114][349]LogUObjectHash: Compacting FUObjectHashTables data took   0.72ms
[2025.12.19-15.59.38:128][349]LogWorld: UWorld::CleanupWorld for World_22, bSessionEnded=true, bCleanupResources=true
[2025.12.19-15.59.38:128][349]LogSlate: InvalidateAllWidgets triggered.  All widgets were invalidated
[2025.12.19-15.59.38:171][349]LogWorld: UWorld::CleanupWorld for World_21, bSessionEnded=true, bCleanupResources=true
[2025.12.19-15.59.38:171][349]LogSlate: InvalidateAllWidgets triggered.  All widgets were invalidated
[2025.12.19-15.59.38:234][349]LogActorComponent: UnregisterComponent: (/Engine/Transient.EditorFloorComp) Not registered. Aborting.
[2025.12.19-15.59.38:234][349]LogWorld: UWorld::CleanupWorld for World_20, bSessionEnded=true, bCleanupResources=true
[2025.12.19-15.59.38:234][349]LogSlate: InvalidateAllWidgets triggered.  All widgets were invalidated
[2025.12.19-15.59.38:288][349]LogActorComponent: UnregisterComponent: (/Engine/Transient.EditorFloorComp) Not registered. Aborting.
[2025.12.19-15.59.38:288][349]LogWorld: UWorld::CleanupWorld for World_19, bSessionEnded=true, bCleanupResources=true
[2025.12.19-15.59.38:288][349]LogSlate: InvalidateAllWidgets triggered.  All widgets were invalidated
[2025.12.19-15.59.38:452][349]LogSlate: Window 'Mini_laboratory - Unreal Editor' being destroyed
[2025.12.19-15.59.38:721][350]Cmd: QUIT_EDITOR
[2025.12.19-15.59.38:722][350]LogCore: Engine exit requested (reason: UUnrealEdEngine::CloseEditor())
[2025.12.19-15.59.38:734][350]LogCore: Engine exit requested (reason: EngineExit() was called; note: exit was already requested)
[2025.12.19-15.59.39:718][350]LogAudio: Display: Beginning Audio Device Manager Shutdown (Module: AudioMixerXAudio2)...
[2025.12.19-15.59.39:718][350]LogAudio: Display: Destroying 1 Remaining Audio Device(s)...
[2025.12.19-15.59.39:718][350]LogAudio: Display: Audio Device unregistered from world 'FirstLevel'.
[2025.12.19-15.59.39:718][350]LogAudioMixer: FMixerPlatformXAudio2::StopAudioStream() called
[2025.12.19-15.59.39:726][350]LogAudioMixer: FMixerPlatformXAudio2::StopAudioStream() called
[2025.12.19-15.59.39:856][350]LogAudio: Display: Audio Device Manager Shutdown
[2025.12.19-15.59.39:857][350]LogWindowsTextInputMethodSystem: Display: IME system deactivated.
[2025.12.19-15.59.39:883][350]LogExit: Preparing to exit.
[2025.12.19-15.59.40:691][350]LogUObjectHash: Compacting FUObjectHashTables data took   3.69ms
[2025.12.19-15.59.41:200][350]LogWorld: UWorld::CleanupWorld for World_0, bSessionEnded=true, bCleanupResources=true
[2025.12.19-15.59.41:204][350]LogWorld: UWorld::CleanupWorld for World_1, bSessionEnded=true, bCleanupResources=true
[2025.12.19-15.59.41:207][350]LogWorld: UWorld::CleanupWorld for World_2, bSessionEnded=true, bCleanupResources=true
[2025.12.19-15.59.41:210][350]LogWorld: UWorld::CleanupWorld for World_3, bSessionEnded=true, bCleanupResources=true
[2025.12.19-15.59.41:213][350]LogWorld: UWorld::CleanupWorld for World_4, bSessionEnded=true, bCleanupResources=true
[2025.12.19-15.59.41:216][350]LogWorld: UWorld::CleanupWorld for World_5, bSessionEnded=true, bCleanupResources=true
[2025.12.19-15.59.41:218][350]LogWorld: UWorld::CleanupWorld for World_6, bSessionEnded=true, bCleanupResources=true
[2025.12.19-15.59.41:221][350]LogWorld: UWorld::CleanupWorld for World_7, bSessionEnded=true, bCleanupResources=true
[2025.12.19-15.59.41:224][350]LogWorld: UWorld::CleanupWorld for World_8, bSessionEnded=true, bCleanupResources=true
[2025.12.19-15.59.41:227][350]LogWorld: UWorld::CleanupWorld for World_16, bSessionEnded=true, bCleanupResources=true
[2025.12.19-15.59.41:230][350]LogWorld: UWorld::CleanupWorld for World_10, bSessionEnded=true, bCleanupResources=true
[2025.12.19-15.59.41:405][350]LogDemo: Cleaned up 0 splitscreen connections with owner deletion
[2025.12.19-15.59.41:482][350]LogWorld: UWorld::CleanupWorld for None, bSessionEnded=true, bCleanupResources=true
[2025.12.19-15.59.41:483][350]LogExit: Editor shut down
[2025.12.19-15.59.41:491][350]LogExit: Transaction tracking system shut down
[2025.12.19-15.59.42:599][350]LogExit: Object subsystem successfully closed.
[2025.12.19-15.59.42:636][350]LogShaderCompilers: Display: === FShaderJobCache stats ===
[2025.12.19-15.59.42:636][350]LogShaderCompilers: Display: Total job queries 0, among them cache hits 0 (0.00%)
[2025.12.19-15.59.42:636][350]LogShaderCompilers: Display: Tracking 0 distinct input hashes that result in 0 distinct outputs (0.00%)
[2025.12.19-15.59.42:637][350]LogShaderCompilers: Display: RAM used: 0.00 MB (0.00 GB) of 409.60 MB (0.40 GB) budget. Usage: 0.00%
[2025.12.19-15.59.42:637][350]LogShaderCompilers: Display: ================================================
[2025.12.19-15.59.42:710][350]LogShaderCompilers: Display: Shaders left to compile 0
[2025.12.19-15.59.42:919][350]LogModuleManager: Shutting down and abandoning module StaticMeshEditor (878)
[2025.12.19-15.59.42:920][350]LogModuleManager: Shutting down and abandoning module BlueprintGraph (876)
[2025.12.19-15.59.42:920][350]LogModuleManager: Shutting down and abandoning module MovieSceneCapture (874)
[2025.12.19-15.59.42:920][350]LogModuleManager: Shutting down and abandoning module Voice (872)
[2025.12.19-15.59.42:920][350]LogModuleManager: Shutting down and abandoning module HierarchicalLODOutliner (870)
[2025.12.19-15.59.42:921][350]LogModuleManager: Shutting down and abandoning module SceneOutliner (868)
[2025.12.19-15.59.42:921][350]LogModuleManager: Shutting down and abandoning module AddContentDialog (866)
[2025.12.19-15.59.42:959][350]LogModuleManager: Shutting down and abandoning module WidgetCarousel (865)
[2025.12.19-15.59.42:959][350]LogModuleManager: Shutting down and abandoning module EditorWidgets (862)
[2025.12.19-15.59.42:959][350]LogModuleManager: Shutting down and abandoning module StatsViewer (860)
[2025.12.19-15.59.42:960][350]LogModuleManager: Shutting down and abandoning module PIEPreviewDeviceProfileSelector (858)
[2025.12.19-15.59.42:962][350]LogModuleManager: Shutting down and abandoning module SequenceRecorderSections (856)
[2025.12.19-15.59.42:962][350]LogModuleManager: Shutting down and abandoning module AutomationWorker (854)
[2025.12.19-15.59.42:962][350]LogModuleManager: Shutting down and abandoning module SteamVREditor (852)
[2025.12.19-15.59.42:963][350]LogModuleManager: Shutting down and abandoning module OculusMR (850)
[2025.12.19-15.59.42:963][350]LogModuleManager: Shutting down and abandoning module TakeRecorderSources (848)
[2025.12.19-15.59.42:970][350]LogModuleManager: Shutting down and abandoning module TakeRecorder (847)
[2025.12.19-15.59.42:975][350]LogModuleManager: Shutting down and abandoning module TakeTrackRecorders (844)
[2025.12.19-15.59.42:976][350]LogModuleManager: Shutting down and abandoning module TakesCore (842)
[2025.12.19-15.59.42:976][350]LogModuleManager: Shutting down and abandoning module OpenXRInput (840)
[2025.12.19-15.59.42:977][350]LogModuleManager: Shutting down and abandoning module GooglePADEditor (838)
[2025.12.19-15.59.42:977][350]LogModuleManager: Shutting down and abandoning module AudioCaptureEditor (836)
[2025.12.19-15.59.42:978][350]LogModuleManager: Shutting down and abandoning module TemplateSequenceEditor (834)
[2025.12.19-15.59.42:985][350]LogModuleManager: Shutting down and abandoning module LevelSequenceEditor (832)
[2025.12.19-15.59.42:990][350]LogModuleManager: Shutting down and abandoning module MatineeToLevelSequence (830)
[2025.12.19-15.59.42:991][350]LogModuleManager: Shutting down and abandoning module ActorSequenceEditor (828)
[2025.12.19-15.59.42:992][350]LogModuleManager: Shutting down and abandoning module MagicLeapMediaCodecFactory (826)
[2025.12.19-15.59.42:993][350]LogModuleManager: Shutting down and abandoning module MagicLeapMediaFactory (824)
[2025.12.19-15.59.42:993][350]LogModuleManager: Shutting down and abandoning module MagicLeapMediaEditor (822)
[2025.12.19-15.59.42:993][350]LogModuleManager: Shutting down and abandoning module WmfMediaFactory (820)
[2025.12.19-15.59.42:993][350]LogModuleManager: Shutting down and abandoning module WmfMediaEditor (818)
[2025.12.19-15.59.42:993][350]LogModuleManager: Shutting down and abandoning module WebMMediaFactory (816)
[2025.12.19-15.59.42:994][350]LogModuleManager: Shutting down and abandoning module WebMMediaEditor (814)
[2025.12.19-15.59.42:994][350]LogModuleManager: Shutting down and abandoning module WebMMedia (812)
[2025.12.19-15.59.42:995][350]LogModuleManager: Shutting down and abandoning module MediaPlayerEditor (810)
[2025.12.19-15.59.42:999][350]LogModuleManager: Shutting down and abandoning module MediaCompositingEditor (808)
[2025.12.19-15.59.43:002][350]LogModuleManager: Shutting down and abandoning module SequenceRecorder (807)
[2025.12.19-15.59.43:002][350]LogModuleManager: Shutting down and abandoning module OpenExrWrapper (804)
[2025.12.19-15.59.43:002][350]LogModuleManager: Shutting down and abandoning module ImgMediaFactory (802)
[2025.12.19-15.59.43:002][350]LogModuleManager: Shutting down and abandoning module ImgMediaEditor (800)
[2025.12.19-15.59.43:003][350]LogModuleManager: Shutting down and abandoning module AvfMediaFactory (798)
[2025.12.19-15.59.43:003][350]LogModuleManager: Shutting down and abandoning module AvfMediaEditor (796)
[2025.12.19-15.59.43:003][350]LogModuleManager: Shutting down and abandoning module AndroidMediaFactory (794)
[2025.12.19-15.59.43:003][350]LogModuleManager: Shutting down and abandoning module AndroidMediaEditor (792)
[2025.12.19-15.59.43:003][350]LogModuleManager: Shutting down and abandoning module PlanarCut (790)
[2025.12.19-15.59.43:003][350]LogModuleManager: Shutting down and abandoning module CharacterAI (788)
[2025.12.19-15.59.43:003][350]LogModuleManager: Shutting down and abandoning module TextureAlignMode (786)
[2025.12.19-15.59.43:003][350]LogModuleManager: Shutting down and abandoning module BspMode (784)
[2025.12.19-15.59.43:004][350]LogModuleManager: Shutting down and abandoning module GeometryMode (782)
[2025.12.19-15.59.43:004][350]LogModuleManager: Shutting down and abandoning module CameraShakePreviewer (780)
[2025.12.19-15.59.43:005][350]LogModuleManager: Shutting down and abandoning module SmartSnapping (778)
[2025.12.19-15.59.43:006][350]LogModuleManager: Shutting down and abandoning module SessionServices (776)
[2025.12.19-15.59.43:006][350]LogModuleManager: Shutting down and abandoning module MeshPaint (774)
[2025.12.19-15.59.43:009][350]LogModuleManager: Shutting down and abandoning module VirtualTexturingEditor (772)
[2025.12.19-15.59.43:009][350]LogModuleManager: Shutting down and abandoning module FoliageEdit (770)
[2025.12.19-15.59.43:012][350]LogModuleManager: Shutting down and abandoning module LandscapeEditor (768)
[2025.12.19-15.59.43:016][350]LogModuleManager: Shutting down and abandoning module MeshPaintMode (766)
[2025.12.19-15.59.43:017][350]LogModuleManager: Shutting down and abandoning module SceneDepthPickerMode (764)
[2025.12.19-15.59.43:017][350]LogModuleManager: Shutting down and abandoning module ActorPickerMode (762)
[2025.12.19-15.59.43:017][350]LogModuleManager: Shutting down and abandoning module PlacementMode (760)
[2025.12.19-15.59.43:017][350]LogModuleManager: Shutting down and abandoning module ViewportSnapping (758)
[2025.12.19-15.59.43:017][350]LogModuleManager: Shutting down and abandoning module ViewportInteraction (756)
[2025.12.19-15.59.43:017][350]LogModuleManager: Shutting down and abandoning module ClothPainter (754)
[2025.12.19-15.59.43:020][350]LogModuleManager: Shutting down and abandoning module SkeletalMeshEditor (753)
[2025.12.19-15.59.43:021][350]LogModuleManager: Shutting down and abandoning module LogVisualizer (750)
[2025.12.19-15.59.43:025][350]LogModuleManager: Shutting down and abandoning module IntroTutorials (748)
[2025.12.19-15.59.43:027][350]LogModuleManager: Shutting down and abandoning module GameProjectGeneration (747)
[2025.12.19-15.59.43:028][350]LogModuleManager: Shutting down and abandoning module LuminPlatformEditor (744)
[2025.12.19-15.59.43:029][350]LogModuleManager: Shutting down and abandoning module IOSPlatformEditor (742)
[2025.12.19-15.59.43:029][350]LogModuleManager: Shutting down and abandoning module AndroidPlatformEditor (740)
[2025.12.19-15.59.43:031][350]LogModuleManager: Shutting down and abandoning module AndroidDeviceDetection (739)
[2025.12.19-15.59.44:486][350]LogModuleManager: Shutting down and abandoning module WindowsPlatformEditor (736)
[2025.12.19-15.59.44:486][350]LogModuleManager: Shutting down and abandoning module LuminRuntimeSettings (734)
[2025.12.19-15.59.44:486][350]LogModuleManager: Shutting down and abandoning module IOSRuntimeSettings (732)
[2025.12.19-15.59.44:486][350]LogModuleManager: Shutting down and abandoning module AndroidRuntimeSettings (730)
[2025.12.19-15.59.44:486][350]LogModuleManager: Shutting down and abandoning module TraceInsights (728)
[2025.12.19-15.59.44:495][350]MemoryProfiler: Shutdown
[2025.12.19-15.59.44:496][350]NetworkingProfiler: Shutdown
[2025.12.19-15.59.44:496][350]LoadingProfiler: Shutdown
[2025.12.19-15.59.44:498][350]TimingProfiler: Shutdown
[2025.12.19-15.59.44:502][350]LogModuleManager: Shutting down and abandoning module TraceServices (727)
[2025.12.19-15.59.44:505][350]LogModuleManager: Shutting down and abandoning module EditorInteractiveToolsFramework (724)
[2025.12.19-15.59.44:505][350]LogModuleManager: Shutting down and abandoning module TimeManagementEditor (722)
[2025.12.19-15.59.44:507][350]LogModuleManager: Shutting down and abandoning module InputBindingEditor (720)
[2025.12.19-15.59.44:509][350]LogModuleManager: Shutting down and abandoning module MergeActors (718)
[2025.12.19-15.59.44:510][350]LogModuleManager: Shutting down and abandoning module LocalizationDashboard (716)
[2025.12.19-15.59.44:513][350]LogModuleManager: Shutting down and abandoning module LocalizationService (715)
[2025.12.19-15.59.44:514][350]LogModuleManager: Shutting down and abandoning module HardwareTargeting (712)
[2025.12.19-15.59.44:514][350]LogModuleManager: Shutting down and abandoning module DeviceProfileEditor (710)
[2025.12.19-15.59.44:515][350]LogModuleManager: Shutting down and abandoning module UndoHistory (708)
[2025.12.19-15.59.44:517][350]LogModuleManager: Shutting down and abandoning module XmlParser (706)
[2025.12.19-15.59.44:517][350]LogModuleManager: Shutting down and abandoning module Blutility (704)
[2025.12.19-15.59.44:519][350]LogModuleManager: Shutting down and abandoning module ProjectSettingsViewer (702)
[2025.12.19-15.59.44:519][350]LogModuleManager: Shutting down and abandoning module ProjectTargetPlatformEditor (701)
[2025.12.19-15.59.44:521][350]LogModuleManager: Shutting down and abandoning module EditorSettingsViewer (698)
[2025.12.19-15.59.44:522][350]LogModuleManager: Shutting down and abandoning module InternationalizationSettings (697)
[2025.12.19-15.59.44:523][350]LogModuleManager: Shutting down and abandoning module SettingsEditor (694)
[2025.12.19-15.59.44:524][350]LogModuleManager: Shutting down and abandoning module ProjectLauncher (692)
[2025.12.19-15.59.44:526][350]LogModuleManager: Shutting down and abandoning module SessionFrontend (690)
[2025.12.19-15.59.44:528][350]LogModuleManager: Shutting down and abandoning module ProfilerClient (688)
[2025.12.19-15.59.44:528][350]LogModuleManager: Shutting down and abandoning module DeviceManager (686)
[2025.12.19-15.59.44:530][350]LogModuleManager: Shutting down and abandoning module TargetDeviceServices (685)
[2025.12.19-15.59.44:567][350]LogModuleManager: Shutting down and abandoning module AutomationController (682)
[2025.12.19-15.59.44:570][350]LogModuleManager: Shutting down and abandoning module AutomationWindow (680)
[2025.12.19-15.59.44:571][350]LogModuleManager: Shutting down and abandoning module Layers (678)
[2025.12.19-15.59.44:574][350]LogModuleManager: Shutting down and abandoning module ComponentVisualizers (676)
[2025.12.19-15.59.44:574][350]LogModuleManager: Shutting down and abandoning module DetailCustomizations (674)
[2025.12.19-15.59.44:575][350]LogModuleManager: Shutting down and abandoning module PackagesDialog (672)
[2025.12.19-15.59.44:577][350]LogModuleManager: Shutting down and abandoning module AnimationBlueprintEditor (670)
[2025.12.19-15.59.44:580][350]LogModuleManager: Shutting down and abandoning module Persona (668)
[2025.12.19-15.59.44:584][350]LogModuleManager: Shutting down and abandoning module AdvancedPreviewScene (667)
[2025.12.19-15.59.44:584][350]LogModuleManager: Shutting down and abandoning module AnimGraph (665)
[2025.12.19-15.59.44:585][350]LogModuleManager: Shutting down and abandoning module Kismet (662)
[2025.12.19-15.59.44:612][350]LogModuleManager: Shutting down and abandoning module KismetWidgets (661)
[2025.12.19-15.59.44:613][350]LogModuleManager: Shutting down and abandoning module GraphEditor (658)
[2025.12.19-15.59.44:613][350]LogModuleManager: Shutting down and abandoning module StructViewer (656)
[2025.12.19-15.59.44:614][350]LogModuleManager: Shutting down and abandoning module ClassViewer (654)
[2025.12.19-15.59.44:614][350]LogModuleManager: Shutting down and abandoning module Toolbox (652)
[2025.12.19-15.59.44:615][350]LogModuleManager: Shutting down and abandoning module ModuleUI (650)
[2025.12.19-15.59.44:617][350]LogModuleManager: Shutting down and abandoning module OutputLog (648)
[2025.12.19-15.59.44:620][350]LogModuleManager: Shutting down and abandoning module GammaUI (646)
[2025.12.19-15.59.44:621][350]LogModuleManager: Shutting down and abandoning module Documentation (644)
[2025.12.19-15.59.44:621][350]LogModuleManager: Shutting down and abandoning module LiveCoding (642)
[2025.12.19-15.59.44:624][350]LogModuleManager: Shutting down and abandoning module LevelSequence (640)
[2025.12.19-15.59.44:624][350]LogModuleManager: Shutting down and abandoning module MovieSceneTracks (638)
[2025.12.19-15.59.44:625][350]LogModuleManager: Shutting down and abandoning module MovieScene (636)
[2025.12.19-15.59.44:629][350]LogModuleManager: Shutting down and abandoning module StreamingPauseRendering (634)
[2025.12.19-15.59.44:629][350]LogModuleManager: Shutting down and abandoning module LauncherPlatform (632)
[2025.12.19-15.59.44:629][350]LogModuleManager: Shutting down and abandoning module AnalyticsET (630)
[2025.12.19-15.59.44:629][350]LogModuleManager: Shutting down and abandoning module PortalServices (628)
[2025.12.19-15.59.44:629][350]LogModuleManager: Shutting down and abandoning module PortalRpc (626)
[2025.12.19-15.59.44:629][350]LogModuleManager: Shutting down and abandoning module MessagingRpc (624)
[2025.12.19-15.59.44:629][350]LogModuleManager: Shutting down and abandoning module AudioMixerXAudio2 (622)
[2025.12.19-15.59.44:629][350]LogModuleManager: Shutting down and abandoning module AudioMixerCore (621)
[2025.12.19-15.59.44:629][350]LogModuleManager: Shutting down and abandoning module AIModule (618)
[2025.12.19-15.59.44:631][350]LogModuleManager: Shutting down and abandoning module GameplayDebugger (617)
[2025.12.19-15.59.44:631][350]LogModuleManager: Shutting down and abandoning module AITestSuite (615)
[2025.12.19-15.59.44:631][350]LogModuleManager: Shutting down and abandoning module NavigationSystem (613)
[2025.12.19-15.59.44:632][350]LogModuleManager: Shutting down and abandoning module ImageWriteQueue (610)
[2025.12.19-15.59.44:632][350]LogModuleManager: Shutting down and abandoning module ProfilerService (608)
[2025.12.19-15.59.44:672][350]LogModuleManager: Shutting down and abandoning module TaskGraph (606)
[2025.12.19-15.59.44:673][350]LogModuleManager: Shutting down and abandoning module AudioSynesthesiaEditor (604)
[2025.12.19-15.59.44:673][350]LogModuleManager: Shutting down and abandoning module OculusEditor (602)
[2025.12.19-15.59.44:682][350]LogModuleManager: Shutting down and abandoning module OculusInput (600)
[2025.12.19-15.59.44:682][350]LogModuleManager: Shutting down and abandoning module ContentBrowserFileDataSource (598)
[2025.12.19-15.59.44:682][350]LogModuleManager: Shutting down and abandoning module ContentBrowserAssetDataSource (596)
[2025.12.19-15.59.44:682][350]LogModuleManager: Shutting down and abandoning module ContentBrowserClassDataSource (594)
[2025.12.19-15.59.44:682][350]LogModuleManager: Shutting down and abandoning module CollectionManager (593)
[2025.12.19-15.59.44:685][350]LogModuleManager: Shutting down and abandoning module TakeSequencer (590)
[2025.12.19-15.59.44:685][350]LogModuleManager: Shutting down and abandoning module TakeMovieScene (588)
[2025.12.19-15.59.44:685][350]LogModuleManager: Shutting down and abandoning module ScreenshotTools (586)
[2025.12.19-15.59.44:685][350]LogModuleManager: Shutting down and abandoning module SynthesisEditor (584)
[2025.12.19-15.59.44:685][350]LogModuleManager: Shutting down and abandoning module Synthesis (582)
[2025.12.19-15.59.44:687][350]LogModuleManager: Shutting down and abandoning module ProceduralMeshComponentEditor (580)
[2025.12.19-15.59.44:687][350]LogModuleManager: Shutting down and abandoning module ProceduralMeshComponent (578)
[2025.12.19-15.59.44:687][350]LogModuleManager: Shutting down and abandoning module OpenXREditor (576)
[2025.12.19-15.59.44:687][350]LogModuleManager: Shutting down and abandoning module MobilePatchingUtils (574)
[2025.12.19-15.59.44:687][350]LogModuleManager: Shutting down and abandoning module GooglePAD (572)
[2025.12.19-15.59.44:687][350]LogModuleManager: Shutting down and abandoning module EditableMesh (570)
[2025.12.19-15.59.44:688][350]LogModuleManager: Shutting down and abandoning module CustomMeshComponent (568)
[2025.12.19-15.59.44:688][350]LogModuleManager: Shutting down and abandoning module CableComponent (566)
[2025.12.19-15.59.44:688][350]LogModuleManager: Shutting down and abandoning module AudioCapture (564)
[2025.12.19-15.59.44:688][350]LogModuleManager: Shutting down and abandoning module AudioCaptureRtAudio (563)
[2025.12.19-15.59.44:689][350]LogModuleManager: Shutting down and abandoning module AssetTags (560)
[2025.12.19-15.59.44:689][350]LogModuleManager: Shutting down and abandoning module AppleImageUtilsBlueprintSupport (558)
[2025.12.19-15.59.44:689][350]LogModuleManager: Shutting down and abandoning module AppleImageUtils (556)
[2025.12.19-15.59.44:689][350]LogModuleManager: Shutting down and abandoning module ArchVisCharacter (554)
[2025.12.19-15.59.44:689][350]LogModuleManager: Shutting down and abandoning module AndroidPermission (552)
[2025.12.19-15.59.44:689][350]LogModuleManager: Shutting down and abandoning module ActorLayerUtilitiesEditor (550)
[2025.12.19-15.59.44:690][350]LogModuleManager: Shutting down and abandoning module ActorLayerUtilities (548)
[2025.12.19-15.59.44:690][350]LogModuleManager: Shutting down and abandoning module TemplateSequence (546)
[2025.12.19-15.59.44:690][350]LogModuleManager: Shutting down and abandoning module MagicLeapSharedWorld (544)
[2025.12.19-15.59.44:690][350]LogModuleManager: Shutting down and abandoning module MagicLeapLightEstimation (542)
[2025.12.19-15.59.44:690][350]LogModuleManager: Shutting down and abandoning module MagicLeapHelperVulkan (540)
[2025.12.19-15.59.44:690][350]LogModuleManager: Shutting down and abandoning module MagicLeapHelperOpenGL (538)
[2025.12.19-15.59.44:690][350]LogModuleManager: Shutting down and abandoning module MagicLeapAudio (536)
[2025.12.19-15.59.44:691][350]LogModuleManager: Shutting down and abandoning module MediaCompositing (534)
[2025.12.19-15.59.44:691][350]LogModuleManager: Shutting down and abandoning module ImgMedia (532)
[2025.12.19-15.59.44:691][350]LogModuleManager: Shutting down and abandoning module OpenImageDenoise (530)
[2025.12.19-15.59.44:692][350]LogOpenImageDenoise: OIDN shutting down
[2025.12.19-15.59.44:692][350]LogModuleManager: Shutting down and abandoning module MotoSynthEditor (528)
[2025.12.19-15.59.44:692][350]LogModuleManager: Shutting down and abandoning module MotoSynth (526)
[2025.12.19-15.59.44:692][350]LogModuleManager: Shutting down and abandoning module VariantManagerContentEditor (524)
[2025.12.19-15.59.44:694][350]LogModuleManager: Shutting down and abandoning module MeshConversion (522)
[2025.12.19-15.59.44:694][350]LogModuleManager: Shutting down and abandoning module DynamicMesh (520)
[2025.12.19-15.59.44:695][350]LogModuleManager: Shutting down and abandoning module GeometryAlgorithms (518)
[2025.12.19-15.59.44:696][350]LogModuleManager: Shutting down and abandoning module GeometricObjects (516)
[2025.12.19-15.59.44:697][350]LogModuleManager: Shutting down and abandoning module DatasmithContentEditor (514)
[2025.12.19-15.59.44:698][350]LogModuleManager: Shutting down and abandoning module GeometryCollectionTracks (512)
[2025.12.19-15.59.44:698][350]LogModuleManager: Shutting down and abandoning module GeometryCollectionSequencer (511)
[2025.12.19-15.59.44:698][350]LogModuleManager: Shutting down and abandoning module GeometryCollectionEditor (508)
[2025.12.19-15.59.44:699][350]LogModuleManager: Shutting down and abandoning module GeometryCacheTracks (506)
[2025.12.19-15.59.44:699][350]LogModuleManager: Shutting down and abandoning module GeometryCacheStreamer (504)
[2025.12.19-15.59.44:699][350]LogModuleManager: Shutting down and abandoning module GeometryCacheSequencer (502)
[2025.12.19-15.59.44:699][350]LogModuleManager: Shutting down and abandoning module SpeedTreeImporter (500)
[2025.12.19-15.59.44:699][350]LogModuleManager: Shutting down and abandoning module PluginBrowser (498)
[2025.12.19-15.59.44:703][350]LogModuleManager: Shutting down and abandoning module ChaosSolverEditor (496)
[2025.12.19-15.59.44:703][350]LogModuleManager: Shutting down and abandoning module MobileLauncherProfileWizard (494)
[2025.12.19-15.59.44:704][350]LogModuleManager: Shutting down and abandoning module ChaosNiagara (492)
[2025.12.19-15.59.44:705][350]LogModuleManager: Shutting down and abandoning module MaterialAnalyzer (490)
[2025.12.19-15.59.44:706][350]LogModuleManager: Shutting down and abandoning module VisualStudioSourceCodeAccess (488)
[2025.12.19-15.59.44:706][350]LogModuleManager: Shutting down and abandoning module VisualStudioCodeSourceCodeAccess (486)
[2025.12.19-15.59.44:706][350]LogModuleManager: Shutting down and abandoning module CurveEditorTools (484)
[2025.12.19-15.59.44:709][350]LogModuleManager: Shutting down and abandoning module FractureEditor (482)
[2025.12.19-15.59.44:710][350]LogModuleManager: Shutting down and abandoning module FieldSystemEngine (481)
[2025.12.19-15.59.44:710][350]LogModuleManager: Shutting down and abandoning module CryptoKeysOpenSSL (478)
[2025.12.19-15.59.44:710][350]LogModuleManager: Shutting down and abandoning module CryptoKeys (476)
[2025.12.19-15.59.44:710][350]LogModuleManager: Shutting down and abandoning module UObjectPlugin (474)
[2025.12.19-15.59.44:710][350]LogModuleManager: Shutting down and abandoning module NiagaraEditorWidgets (472)
[2025.12.19-15.59.44:715][350]LogModuleManager: Shutting down and abandoning module SubversionSourceControl (470)
[2025.12.19-15.59.44:716][350]LogModuleManager: Shutting down and abandoning module ChaosClothEditor (468)
[2025.12.19-15.59.44:718][350]LogModuleManager: Shutting down and abandoning module RiderSourceCodeAccess (466)
[2025.12.19-15.59.44:718][350]LogModuleManager: Shutting down and abandoning module PluginUtils (464)
[2025.12.19-15.59.44:719][350]LogModuleManager: Shutting down and abandoning module PlasticSourceControl (462)
[2025.12.19-15.59.44:721][350]LogModuleManager: Shutting down and abandoning module PerforceSourceControl (460)
[2025.12.19-15.59.44:724][350]LogModuleManager: Shutting down and abandoning module BackChannel (458)
[2025.12.19-15.59.44:724][350]LogModuleManager: Shutting down and abandoning module AutomationUtilsEditor (456)
[2025.12.19-15.59.44:724][350]LogModuleManager: Shutting down and abandoning module AutomationUtils (454)
[2025.12.19-15.59.44:724][350]LogModuleManager: Shutting down and abandoning module GitSourceControl (452)
[2025.12.19-15.59.44:726][350]LogModuleManager: Shutting down and abandoning module SourceControl (451)
[2025.12.19-15.59.44:728][350]LogModuleManager: Shutting down and abandoning module AlembicImporter (448)
[2025.12.19-15.59.44:728][350]LogModuleManager: Shutting down and abandoning module AlembicLibrary (447)
[2025.12.19-15.59.44:729][350]LogModuleManager: Shutting down and abandoning module GeometryCache (446)
[2025.12.19-15.59.44:729][350]LogModuleManager: Shutting down and abandoning module GeometryCacheEd (445)
[2025.12.19-15.59.44:729][350]LogModuleManager: Shutting down and abandoning module CLionSourceCodeAccess (440)
[2025.12.19-15.59.44:729][350]LogModuleManager: Shutting down and abandoning module AnimationSharingEd (438)
[2025.12.19-15.59.44:729][350]LogModuleManager: Shutting down and abandoning module OodleNetworkHandlerComponent (436)
[2025.12.19-15.59.44:729][350]LogModuleManager: Shutting down and abandoning module LightPropagationVolumeEditor (434)
[2025.12.19-15.59.44:729][350]LogModuleManager: Shutting down and abandoning module LiveLinkSequencer (432)
[2025.12.19-15.59.44:730][350]LogModuleManager: Shutting down and abandoning module LiveLinkMovieScene (430)
[2025.12.19-15.59.44:730][350]LogModuleManager: Shutting down and abandoning module LiveLinkGraphNode (428)
[2025.12.19-15.59.44:730][350]LogModuleManager: Shutting down and abandoning module LiveLinkEditor (426)
[2025.12.19-15.59.44:732][350]LogModuleManager: Shutting down and abandoning module LiveLinkComponents (424)
[2025.12.19-15.59.44:732][350]LogModuleManager: Shutting down and abandoning module LiveLink (422)
[2025.12.19-15.59.45:657][350]LogModuleManager: Shutting down and abandoning module PaperTiledImporter (420)
[2025.12.19-15.59.45:657][350]LogModuleManager: Shutting down and abandoning module PaperSpriteSheetImporter (418)
[2025.12.19-15.59.45:658][350]LogModuleManager: Shutting down and abandoning module Paper2DEditor (416)
[2025.12.19-15.59.45:662][350]LogModuleManager: Shutting down and abandoning module MeshPaintingToolset (414)
[2025.12.19-15.59.45:663][350]LogModuleManager: Shutting down and abandoning module MeshPaintEditorMode (412)
[2025.12.19-15.59.45:665][350]LogModuleManager: Shutting down and abandoning module SoundFields (410)
[2025.12.19-15.59.45:667][350]LogModuleManager: Shutting down and abandoning module SignificanceManager (408)
[2025.12.19-15.59.45:667][350]LogModuleManager: Shutting down and abandoning module RuntimePhysXCooking (406)
[2025.12.19-15.59.45:667][350]LogModuleManager: Shutting down and abandoning module PropertyAccessEditor (404)
[2025.12.19-15.59.45:669][350]LogModuleManager: Shutting down and abandoning module PhysXVehiclesEditor (402)
[2025.12.19-15.59.45:670][350]LogModuleManager: Shutting down and abandoning module LocationServicesBPLibrary (398)
[2025.12.19-15.59.45:670][350]LogModuleManager: Shutting down and abandoning module AudioSynesthesia (396)
[2025.12.19-15.59.45:670][350]LogModuleManager: Shutting down and abandoning module AudioSynesthesiaCore (394)
[2025.12.19-15.59.45:671][350]LogModuleManager: Shutting down and abandoning module MagicLeapARPin (392)
[2025.12.19-15.59.45:671][350]LogModuleManager: Shutting down and abandoning module ActorSequence (390)
[2025.12.19-15.59.45:671][350]LogModuleManager: Shutting down and abandoning module MagicLeapHandMeshing (388)
[2025.12.19-15.59.45:671][350]LogModuleManager: Shutting down and abandoning module MagicLeapSecureStorage (386)
[2025.12.19-15.59.45:671][350]LogModuleManager: Shutting down and abandoning module MagicLeapPrivileges (384)
[2025.12.19-15.59.45:672][350]LogModuleManager: Shutting down and abandoning module MagicLeapPlanes (382)
[2025.12.19-15.59.45:673][350]LogMagicLeapPlanes: Planes tracker already destroyed.
[2025.12.19-15.59.45:673][350]LogModuleManager: Shutting down and abandoning module MagicLeapImageTracker (380)
[2025.12.19-15.59.45:673][350]LogModuleManager: Shutting down and abandoning module MagicLeapIdentity (378)
[2025.12.19-15.59.45:673][350]LogModuleManager: Shutting down and abandoning module MagicLeapHandTracking (376)
[2025.12.19-15.59.45:675][350]LogModuleManager: Shutting down and abandoning module MagicLeapEyeTracker (374)
[2025.12.19-15.59.45:676][350]LogModuleManager: Shutting down and abandoning module MagicLeapController (372)
[2025.12.19-15.59.45:677][350]LogModuleManager: Shutting down and abandoning module MagicLeapARPinImpl (370)
[2025.12.19-15.59.45:677][350]LogModuleManager: Shutting down and abandoning module MagicLeapAR (368)
[2025.12.19-15.59.45:677][350]LogModuleManager: Shutting down and abandoning module ImgMediaEngine (366)
[2025.12.19-15.59.45:677][350]LogModuleManager: Shutting down and abandoning module UdpMessaging (364)
[2025.12.19-15.59.45:778][350]LogModuleManager: Shutting down and abandoning module TcpMessaging (362)
[2025.12.19-15.59.45:880][350]LogModuleManager: Shutting down and abandoning module PythonScriptPlugin (360)
[2025.12.19-15.59.45:880][350]LogModuleManager: Shutting down and abandoning module GameplayTagsEditor (358)
[2025.12.19-15.59.45:954][350]LogModuleManager: Shutting down and abandoning module FacialAnimationEditor (356)
[2025.12.19-15.59.45:955][350]LogModuleManager: Shutting down and abandoning module FacialAnimation (354)
[2025.12.19-15.59.45:955][350]LogModuleManager: Shutting down and abandoning module DataValidation (352)
[2025.12.19-15.59.45:955][350]LogModuleManager: Shutting down and abandoning module NiagaraAnimNotifies (350)
[2025.12.19-15.59.45:955][350]LogModuleManager: Shutting down and abandoning module Niagara (348)
[2025.12.19-15.59.45:962][350]LogModuleManager: Shutting down and abandoning module SignalProcessing (347)
[2025.12.19-15.59.45:963][350]LogModuleManager: Shutting down and abandoning module NiagaraEditor (345)
[2025.12.19-15.59.45:969][350]LogModuleManager: Shutting down and abandoning module NiagaraCore (342)
[2025.12.19-15.59.45:969][350]LogModuleManager: Shutting down and abandoning module PropertyAccessNode (340)
[2025.12.19-15.59.45:969][350]LogModuleManager: Shutting down and abandoning module GameplayCameras (338)
[2025.12.19-15.59.45:969][350]LogModuleManager: Shutting down and abandoning module AnimationSharing (336)
[2025.12.19-15.59.45:969][350]LogModuleManager: Shutting down and abandoning module AssetManagerEditor (334)
[2025.12.19-15.59.45:972][350]LogModuleManager: Shutting down and abandoning module LevelEditor (333)
[2025.12.19-15.59.45:988][350]LogModuleManager: Shutting down and abandoning module PixelInspectorModule (332)
[2025.12.19-15.59.45:989][350]LogModuleManager: Shutting down and abandoning module CommonMenuExtensions (330)
[2025.12.19-15.59.45:991][350]LogModuleManager: Shutting down and abandoning module MainFrame (328)
[2025.12.19-15.59.45:992][350]LogModuleManager: Shutting down and abandoning module HotReload (327)
[2025.12.19-15.59.45:996][350]LogModuleManager: Shutting down and abandoning module ToolMenus (323)
[2025.12.19-15.59.45:996][350]LogModuleManager: Shutting down and abandoning module ContentBrowser (321)
[2025.12.19-15.59.45:996][350]LogModuleManager: Shutting down and abandoning module ContentBrowserData (320)
[2025.12.19-15.59.45:996][350]LogModuleManager: Shutting down and abandoning module TreeMap (317)
[2025.12.19-15.59.45:997][350]LogModuleManager: Shutting down and abandoning module LightPropagationVolumeRuntime (314)
[2025.12.19-15.59.45:997][350]LogModuleManager: Shutting down and abandoning module EnvironmentQueryEditor (312)
[2025.12.19-15.59.45:998][350]LogModuleManager: Shutting down and abandoning module Paper2D (310)
[2025.12.19-15.59.45:998][350]LogModuleManager: Shutting down and abandoning module WindowsMoviePlayer (308)
[2025.12.19-15.59.46:053][350]LogModuleManager: Shutting down and abandoning module WebMMoviePlayer (306)
[2025.12.19-15.59.46:053][350]LogModuleManager: Shutting down and abandoning module NetworkReplayStreaming (304)
[2025.12.19-15.59.46:054][350]LogModuleManager: Shutting down and abandoning module PacketHandler (302)
[2025.12.19-15.59.46:054][350]LogModuleManager: Shutting down and abandoning module ClothingSystemEditor (300)
[2025.12.19-15.59.46:054][350]LogModuleManager: Shutting down and abandoning module ClothingSystemRuntimeNv (298)
[2025.12.19-15.59.46:058][350]LogModuleManager: Shutting down and abandoning module MediaAssets (296)
[2025.12.19-15.59.46:058][350]LogModuleManager: Shutting down and abandoning module Overlay (294)
[2025.12.19-15.59.46:058][350]LogModuleManager: Shutting down and abandoning module OverlayEditor (293)
[2025.12.19-15.59.46:058][350]LogModuleManager: Shutting down and abandoning module VREditor (290)
[2025.12.19-15.59.46:059][350]LogModuleManager: Shutting down and abandoning module StringTableEditor (288)
[2025.12.19-15.59.46:060][350]LogModuleManager: Shutting down and abandoning module GameplayTasksEditor (286)
[2025.12.19-15.59.46:060][350]LogModuleManager: Shutting down and abandoning module BehaviorTreeEditor (284)
[2025.12.19-15.59.46:063][350]LogModuleManager: Shutting down and abandoning module FunctionalTesting (282)
[2025.12.19-15.59.46:063][350]LogModuleManager: Shutting down and abandoning module CollisionAnalyzer (280)
[2025.12.19-15.59.46:065][350]LogModuleManager: Shutting down and abandoning module WorkspaceMenuStructure (279)
[2025.12.19-15.59.46:071][350]LogModuleManager: Shutting down and abandoning module UMG (276)
[2025.12.19-15.59.46:072][350]LogModuleManager: Shutting down and abandoning module UMGEditor (275)
[2025.12.19-15.59.46:074][350]LogModuleManager: Shutting down and abandoning module MessageLog (273)
[2025.12.19-15.59.46:074][350]LogModuleManager: Shutting down and abandoning module SlateReflector (268)
[2025.12.19-15.59.46:081][350]LogModuleManager: Shutting down and abandoning module Slate (266)
[2025.12.19-15.59.46:081][350]LogModuleManager: Shutting down and abandoning module SlateCore (264)
[2025.12.19-15.59.46:083][350]LogModuleManager: Shutting down and abandoning module LandscapeEditorUtilities (262)
[2025.12.19-15.59.46:083][350]LogModuleManager: Shutting down and abandoning module UnrealEd (260)
[2025.12.19-15.59.46:083][350]LogModuleManager: Shutting down and abandoning module MRMesh (258)
[2025.12.19-15.59.46:083][350]LogModuleManager: Shutting down and abandoning module SourceCodeAccess (256)
[2025.12.19-15.59.46:083][350]LogModuleManager: Shutting down and abandoning module HeadMountedDisplay (254)
[2025.12.19-15.59.46:083][350]LogModuleManager: Shutting down and abandoning module XAudio2 (252)
[2025.12.19-15.59.46:084][350]LogModuleManager: Shutting down and abandoning module Networking (250)
[2025.12.19-15.59.46:084][350]LogModuleManager: Shutting down and abandoning module Core (248)
[2025.12.19-15.59.46:084][350]LogModuleManager: Shutting down and abandoning module MaterialEditor (246)
[2025.12.19-15.59.46:085][350]LogModuleManager: Shutting down and abandoning module MovieSceneTools (244)
[2025.12.19-15.59.46:089][350]LogModuleManager: Shutting down and abandoning module CurveEditor (243)
[2025.12.19-15.59.46:093][350]LogModuleManager: Shutting down and abandoning module Sequencer (241)
[2025.12.19-15.59.46:097][350]LogModuleManager: Shutting down and abandoning module EditorStyle (240)
[2025.12.19-15.59.46:103][350]LogModuleManager: Shutting down and abandoning module KismetCompiler (236)
[2025.12.19-15.59.46:103][350]LogModuleManager: Shutting down and abandoning module MeshBuilder (234)
[2025.12.19-15.59.46:104][350]LogModuleManager: Shutting down and abandoning module MeshUtilities (232)
[2025.12.19-15.59.46:106][350]LogModuleManager: Shutting down and abandoning module MeshMergeUtilities (231)
[2025.12.19-15.59.46:107][350]LogModuleManager: Shutting down and abandoning module MeshReductionInterface (230)
[2025.12.19-15.59.46:107][350]LogModuleManager: Shutting down and abandoning module MeshBoneReduction (229)
[2025.12.19-15.59.46:107][350]LogModuleManager: Shutting down and abandoning module SkeletalMeshReduction (227)
[2025.12.19-15.59.46:108][350]LogModuleManager: Shutting down and abandoning module ProxyLODMeshReduction (225)
[2025.12.19-15.59.46:112][350]LogModuleManager: Shutting down and abandoning module QuadricMeshReduction (223)
[2025.12.19-15.59.46:112][350]LogModuleManager: Shutting down and abandoning module MaterialBaking (219)
[2025.12.19-15.59.46:113][350]LogModuleManager: Shutting down and abandoning module NullInstallBundleManager (214)
[2025.12.19-15.59.46:113][350]LogModuleManager: Shutting down and abandoning module DerivedDataCache (212)
[2025.12.19-15.59.46:114][350]LogModuleManager: Shutting down and abandoning module TargetPlatform (210)
[2025.12.19-15.59.46:118][350]LogModuleManager: Shutting down and abandoning module VulkanShaderFormat (209)
[2025.12.19-15.59.46:122][350]LogModuleManager: Shutting down and abandoning module ShaderFormatVectorVM (207)
[2025.12.19-15.59.46:123][350]LogModuleManager: Shutting down and abandoning module ShaderFormatOpenGL (205)
[2025.12.19-15.59.46:124][350]LogModuleManager: Shutting down and abandoning module ShaderFormatD3D (203)
[2025.12.19-15.59.46:126][350]LogModuleManager: Shutting down and abandoning module MetalShaderFormat (201)
[2025.12.19-15.59.46:126][350]LogModuleManager: Shutting down and abandoning module TextureFormatOodle (199)
[2025.12.19-15.59.46:127][350]LogModuleManager: Shutting down and abandoning module TextureFormatUncompressed (197)
[2025.12.19-15.59.46:127][350]LogModuleManager: Shutting down and abandoning module TextureFormatPVR (195)
[2025.12.19-15.59.46:128][350]LogModuleManager: Shutting down and abandoning module TextureFormatETC2 (193)
[2025.12.19-15.59.46:128][350]LogModuleManager: Shutting down and abandoning module TextureFormatDXT (191)
[2025.12.19-15.59.46:129][350]LogModuleManager: Shutting down and abandoning module TextureFormatIntelISPCTexComp (189)
[2025.12.19-15.59.46:130][350]LogModuleManager: Shutting down and abandoning module TextureFormatASTC (187)
[2025.12.19-15.59.46:131][350]LogModuleManager: Shutting down and abandoning module ImageWrapper (186)
[2025.12.19-15.59.46:131][350]LogModuleManager: Shutting down and abandoning module AudioFormatOpus (183)
[2025.12.19-15.59.46:131][350]LogModuleManager: Shutting down and abandoning module AudioFormatOgg (181)
[2025.12.19-15.59.46:132][350]LogModuleManager: Shutting down and abandoning module AudioFormatADPCM (179)
[2025.12.19-15.59.46:132][350]LogModuleManager: Shutting down and abandoning module WindowsServerTargetPlatform (177)
[2025.12.19-15.59.46:133][350]LogModuleManager: Shutting down and abandoning module WindowsClientTargetPlatform (175)
[2025.12.19-15.59.46:133][350]LogModuleManager: Shutting down and abandoning module WindowsTargetPlatform (173)
[2025.12.19-15.59.46:133][350]LogModuleManager: Shutting down and abandoning module WindowsNoEditorTargetPlatform (171)
[2025.12.19-15.59.46:133][350]LogModuleManager: Shutting down and abandoning module TVOSTargetPlatform (169)
[2025.12.19-15.59.46:160][350]LogModuleManager: Shutting down and abandoning module MacServerTargetPlatform (167)
[2025.12.19-15.59.46:160][350]LogModuleManager: Shutting down and abandoning module MacClientTargetPlatform (165)
[2025.12.19-15.59.46:160][350]LogModuleManager: Shutting down and abandoning module MacTargetPlatform (163)
[2025.12.19-15.59.46:160][350]LogModuleManager: Shutting down and abandoning module MacNoEditorTargetPlatform (161)
[2025.12.19-15.59.46:160][350]LogModuleManager: Shutting down and abandoning module LuminTargetPlatform (159)
[2025.12.19-15.59.46:196][350]LogModuleManager: Shutting down and abandoning module LinuxAArch64ServerTargetPlatform (157)
[2025.12.19-15.59.46:197][350]LogModuleManager: Shutting down and abandoning module LinuxAArch64ClientTargetPlatform (155)
[2025.12.19-15.59.46:197][350]LogModuleManager: Shutting down and abandoning module LinuxAArch64NoEditorTargetPlatform (153)
[2025.12.19-15.59.46:198][350]LogModuleManager: Shutting down and abandoning module LinuxServerTargetPlatform (151)
[2025.12.19-15.59.46:198][350]LogModuleManager: Shutting down and abandoning module LinuxClientTargetPlatform (149)
[2025.12.19-15.59.46:199][350]LogModuleManager: Shutting down and abandoning module LinuxNoEditorTargetPlatform (147)
[2025.12.19-15.59.46:199][350]LogModuleManager: Shutting down and abandoning module LinuxTargetPlatform (145)
[2025.12.19-15.59.46:199][350]LogModuleManager: Shutting down and abandoning module Messaging (143)
[2025.12.19-15.59.46:199][350]LogModuleManager: Shutting down and abandoning module IOSTargetPlatform (141)
[2025.12.19-15.59.46:210][350]LogModuleManager: Shutting down and abandoning module AndroidTargetPlatform (139)
[2025.12.19-15.59.46:273][350]LogModuleManager: Shutting down and abandoning module AllDesktopTargetPlatform (137)
[2025.12.19-15.59.46:273][350]LogModuleManager: Shutting down and abandoning module D3D11RHI (134)
[2025.12.19-15.59.46:273][350]LogModuleManager: Shutting down and abandoning module InputCore (132)
[2025.12.19-15.59.46:273][350]LogModuleManager: Shutting down and abandoning module Settings (130)
[2025.12.19-15.59.46:275][350]LogModuleManager: Shutting down and abandoning module DirectoryWatcher (128)
[2025.12.19-15.59.46:280][350]LogModuleManager: Shutting down and abandoning module PhysXCooking (126)
[2025.12.19-15.59.46:280][350]LogModuleManager: Shutting down and abandoning module Chaos (124)
[2025.12.19-15.59.46:281][350]LogModuleManager: Shutting down and abandoning module WindowsPlatformFeatures (122)
[2025.12.19-15.59.46:282][350]LogModuleManager: Shutting down and abandoning module GameplayMediaEncoder (121)
[2025.12.19-15.59.46:282][350]LogModuleManager: Shutting down and abandoning module AVEncoder (120)
[2025.12.19-15.59.46:283][350]LogModuleManager: Shutting down and abandoning module SteamVRInputDevice (116)
[2025.12.19-15.59.46:284][350]LogModuleManager: Shutting down and abandoning module SteamVRInput (114)
[2025.12.19-15.59.46:284][350]LogModuleManager: Shutting down and abandoning module SteamVR (112)
[2025.12.19-15.59.46:285][350]LogHMD: Freeing OpenVRDLLHandle.
[2025.12.19-15.59.46:285][350]LogModuleManager: Shutting down and abandoning module OculusHMD (110)
[2025.12.19-15.59.46:286][350]LogModuleManager: Shutting down and abandoning module OpenXRHandTracking (108)
[2025.12.19-15.59.46:288][350]LogSlate: Slate User Destroyed.  User Index 0, Is Virtual User: 0
[2025.12.19-15.59.46:288][350]LogModuleManager: Shutting down and abandoning module OpenXRAR (106)
[2025.12.19-15.59.46:288][350]LogModuleManager: Shutting down and abandoning module AugmentedReality (105)
[2025.12.19-15.59.46:288][350]LogModuleManager: Shutting down and abandoning module OpenXRHMD (102)
[2025.12.19-15.59.46:299][350]LogModuleManager: Shutting down and abandoning module OpenXREyeTracker (100)
[2025.12.19-15.59.46:299][350]LogModuleManager: Shutting down and abandoning module ExampleDeviceProfileSelector (98)
[2025.12.19-15.59.46:299][350]LogModuleManager: Shutting down and abandoning module ChunkDownloader (96)
[2025.12.19-15.59.46:299][350]LogModuleManager: Shutting down and abandoning module OnlineBlueprintSupport (94)
[2025.12.19-15.59.46:299][350]LogModuleManager: Shutting down and abandoning module OnlineSubsystem (90)
[2025.12.19-15.59.46:302][350]LogModuleManager: Shutting down and abandoning module XMPP (85)
[2025.12.19-15.59.46:303][350]LogModuleManager: Shutting down and abandoning module WebSockets (84)
[2025.12.19-15.59.46:342][350]LogModuleManager: Shutting down and abandoning module HTTP (81)
[2025.12.19-15.59.46:343][350]LogHttp: Display: Http module shutting down, but needs to wait on 1 outstanding Http requests:
[2025.12.19-15.59.46:343][350]LogHttp: Display: 	verb=[POST] url=[https://datarouter.ol.epicgames.com/datarouter/api/v1/public/data?SessionID=%7B52723F75-454D-8C62-AB88-77A5DC695E3D%7D&AppID=UEEditor.Rocket.Release&AppVersion=4.27.2-18319896%2B%2B%2BUE4%2BRelease-4.27&UserID=b04b7cc342cbf28028732289d7babebf%7C984fab8377564a2eb8bdb4af4726766f%7C7b2af634-a612-4e7f-9a50-30bec8fc931d&AppEnvironment=datacollector-binary&UploadType=eteventstream] refs=[1] status=Processing
[2025.12.19-15.59.46:343][350]LogHttp: Display: cleaning up 1 outstanding Http requests.
[2025.12.19-15.59.46:382][350]LogModuleManager: Shutting down and abandoning module SSL (80)
[2025.12.19-15.59.46:404][350]LogModuleManager: Shutting down and abandoning module LauncherChunkInstaller (76)
[2025.12.19-15.59.46:404][350]LogModuleManager: Shutting down and abandoning module MLSDK (74)
[2025.12.19-15.59.46:404][350]LogModuleManager: Shutting down and abandoning module MagicLeap (72)
[2025.12.19-15.59.46:405][350]LogModuleManager: Shutting down and abandoning module WmfMedia (70)
[2025.12.19-15.59.46:411][350]LogModuleManager: Shutting down and abandoning module Media (69)
[2025.12.19-15.59.46:413][350]LogModuleManager: Shutting down and abandoning module MediaInfo (68)
[2025.12.19-15.59.46:413][350]LogModuleManager: Shutting down and abandoning module ExrReaderGpu (64)
[2025.12.19-15.59.46:414][350]LogModuleManager: Shutting down and abandoning module VariantManagerContent (62)
[2025.12.19-15.59.46:414][350]LogModuleManager: Shutting down and abandoning module DatasmithContent (60)
[2025.12.19-15.59.46:415][350]LogModuleManager: Shutting down and abandoning module NiagaraVertexFactories (58)
[2025.12.19-15.59.46:416][350]LogModuleManager: Shutting down and abandoning module NiagaraShader (56)
[2025.12.19-15.59.46:417][350]LogModuleManager: Shutting down and abandoning module ChaosCloth (54)
[2025.12.19-15.59.46:418][350]LogModuleManager: Shutting down and abandoning module PixWinPlugin (52)
[2025.12.19-15.59.46:418][350]LogModuleManager: Shutting down and abandoning module AISupportModule (50)
[2025.12.19-15.59.46:419][350]LogModuleManager: Shutting down and abandoning module DesktopPlatform (48)
[2025.12.19-15.59.46:421][350]LogModuleManager: Shutting down and abandoning module PythonScriptPluginPreload (46)
[2025.12.19-15.59.46:422][350]LogModuleManager: Shutting down and abandoning module PlatformCryptoOpenSSL (44)
[2025.12.19-15.59.46:423][350]LogModuleManager: Shutting down and abandoning module PlatformCryptoTypes (42)
[2025.12.19-15.59.46:423][350]LogModuleManager: Shutting down and abandoning module PlatformCrypto (40)
[2025.12.19-15.59.46:423][350]LogModuleManager: Shutting down and abandoning module OodleDataCompressionFormat (38)
[2025.12.19-15.59.46:425][350]LogModuleManager: Shutting down and abandoning module XGEController (36)
[2025.12.19-15.59.46:425][350]LogXGEController: Cleaning working directory: C:/Users/Владислав/AppData/Local/Temp/UnrealXGEWorkingDir/
[2025.12.19-15.59.46:426][350]LogModuleManager: Shutting down and abandoning module AnimationModifiers (34)
[2025.12.19-15.59.46:427][350]LogModuleManager: Shutting down and abandoning module AudioEditor (32)
[2025.12.19-15.59.46:437][350]LogModuleManager: Shutting down and abandoning module PropertyEditor (31)
[2025.12.19-15.59.46:444][350]LogModuleManager: Shutting down and abandoning module TextureCompressor (28)
[2025.12.19-15.59.46:446][350]LogModuleManager: Shutting down and abandoning module RenderCore (26)
[2025.12.19-15.59.46:446][350]LogModuleManager: Shutting down and abandoning module Landscape (24)
[2025.12.19-15.59.46:446][350]LogModuleManager: Shutting down and abandoning module SlateRHIRenderer (22)
[2025.12.19-15.59.46:456][350]LogModuleManager: Shutting down and abandoning module AnimGraphRuntime (20)
[2025.12.19-15.59.46:457][350]LogModuleManager: Shutting down and abandoning module Renderer (18)
[2025.12.19-15.59.46:458][350]LogModuleManager: Shutting down and abandoning module Engine (16)
[2025.12.19-15.59.46:458][350]LogModuleManager: Shutting down and abandoning module CoreUObject (14)
[2025.12.19-15.59.46:458][350]LogModuleManager: Shutting down and abandoning module NetworkFile (12)
[2025.12.19-15.59.46:458][350]LogModuleManager: Shutting down and abandoning module CookedIterativeFile (10)
[2025.12.19-15.59.46:459][350]LogModuleManager: Shutting down and abandoning module StreamingFile (8)
[2025.12.19-15.59.46:459][350]LogModuleManager: Shutting down and abandoning module SandboxFile (6)
[2025.12.19-15.59.46:460][350]LogModuleManager: Shutting down and abandoning module PakFile (4)
[2025.12.19-15.59.46:462][350]LogModuleManager: Shutting down and abandoning module RSA (3)
[2025.12.19-15.59.46:464][350]LogContentStreaming: Display: There are 1 unreleased StreamingManagers
[2025.12.19-15.59.46:489][350]LogD3D11RHI: Shutdown
[2025.12.19-15.59.46:489][350]LogD3D11RHI: CleanupD3DDevice
[2025.12.19-15.59.46:566][350]LogExit: Exiting.
[2025.12.19-15.59.46:591][350]Log file closed, 12/19/25 18:59:46
