Log file open, 12/18/25 11:01:03
LogWindows: Failed to load 'aqProf.dll' (GetLastError=126)
LogWindows: File 'aqProf.dll' does not exist
LogWindows: Failed to load 'VtuneApi.dll' (GetLastError=126)
LogWindows: File 'VtuneApi.dll' does not exist
LogWindows: Failed to load 'VtuneApi32e.dll' (GetLastError=126)
LogWindows: File 'VtuneApi32e.dll' does not exist
LogConsoleResponse: Display: Failed to find resolution value strings in scalability ini. Falling back to default.
LogConsoleResponse: Display: Failed to find resolution value strings in scalability ini. Falling back to default.
LogInit: Display: Running engine for game: Mini_laboratory
LogPlatformFile: Not using cached read wrapper
LogTaskGraph: Started task graph with 5 named threads and 23 total threads with 3 sets of task threads.
LogStats: Stats thread started at 0.346666
LogICUInternationalization: ICU TimeZone Detection - Raw Offset: +3:00, Platform Override: ''
LogInit: Display: Loading text-based GConfig....
LogPluginManager: Mounting plugin MeshPainting
LogPluginManager: Mounting plugin XGEController
LogPluginManager: Mounting plugin Paper2D
LogPluginManager: Mounting plugin AISupport
LogPluginManager: Mounting plugin EnvironmentQueryEditor
LogPluginManager: Mounting plugin LiveLink
LogPluginManager: Mounting plugin LightPropagationVolume
LogPluginManager: Mounting plugin CameraShakePreviewer
LogPluginManager: Mounting plugin GameplayCameras
LogPluginManager: Mounting plugin OodleData
LogPluginManager: Mounting plugin OodleNetwork
LogPluginManager: Mounting plugin DatasmithContent
LogPluginManager: Mounting plugin AssetManagerEditor
LogPluginManager: Mounting plugin VariantManagerContent
LogPluginManager: Mounting plugin CryptoKeys
LogPluginManager: Mounting plugin CurveEditorTools
LogPluginManager: Mounting plugin FacialAnimation
LogPluginManager: Mounting plugin DataValidation
LogPluginManager: Mounting plugin GameplayTagsEditor
LogPluginManager: Mounting plugin GeometryMode
LogPluginManager: Mounting plugin MacGraphicsSwitching
LogPluginManager: Mounting plugin MaterialAnalyzer
LogPluginManager: Mounting plugin MobileLauncherProfileWizard
LogPluginManager: Mounting plugin PluginBrowser
LogPluginManager: Mounting plugin SpeedTreeImporter
LogPluginManager: Mounting plugin AlembicImporter
LogPluginManager: Mounting plugin AutomationUtils
LogPluginManager: Mounting plugin BackChannel
LogPluginManager: Mounting plugin ChaosCloth
LogPluginManager: Mounting plugin ChaosClothEditor
LogPluginManager: Mounting plugin ChaosEditor
LogPluginManager: Mounting plugin ChaosSolverPlugin
LogPluginManager: Mounting plugin ChaosNiagara
LogPluginManager: Mounting plugin MagicLeap
LogPluginManager: Mounting plugin LuminPlatformFeatures
LogPluginManager: Mounting plugin MagicLeapLightEstimation
LogPluginManager: Mounting plugin MagicLeapMedia
LogPluginManager: Mounting plugin MagicLeapPassableWorld
LogPluginManager: Mounting plugin MLSDK
LogPluginManager: Mounting plugin AndroidMedia
LogPluginManager: Mounting plugin AvfMedia
LogPluginManager: Mounting plugin ImgMedia
LogPluginManager: Mounting plugin MediaCompositing
LogPluginManager: Mounting plugin MediaPlayerEditor
LogPluginManager: Mounting plugin Niagara
LogPluginManager: Mounting plugin WmfMedia
LogPluginManager: Mounting plugin WebMMedia
LogPluginManager: Mounting plugin CharacterAI
LogPluginManager: Mounting plugin GeometryCollectionPlugin
LogPluginManager: Mounting plugin GeometryCache
LogPluginManager: Mounting plugin GeometryProcessing
LogPluginManager: Mounting plugin OpenImageDenoise
LogPluginManager: Mounting plugin MotoSynth
LogPluginManager: Mounting plugin PlanarCut
LogPluginManager: Mounting plugin PlatformCrypto
LogPluginManager: Mounting plugin ProxyLODPlugin
LogPluginManager: Mounting plugin PythonScriptPlugin
LogPluginManager: Mounting plugin SkeletalReduction
LogPluginManager: Mounting plugin ActorSequence
LogPluginManager: Mounting plugin LevelSequenceEditor
LogPluginManager: Mounting plugin MatineeToLevelSequence
LogPluginManager: Mounting plugin TemplateSequence
LogPluginManager: Mounting plugin UdpMessaging
LogPluginManager: Mounting plugin TcpMessaging
LogPluginManager: Mounting plugin OnlineSubsystem
LogPluginManager: Mounting plugin OnlineSubsystemNull
LogPluginManager: Mounting plugin OnlineSubsystemUtils
LogPluginManager: Mounting plugin LauncherChunkInstaller
LogPluginManager: Mounting plugin ActorLayerUtilities
LogPluginManager: Mounting plugin AndroidDeviceProfileSelector
LogPluginManager: Mounting plugin AndroidMoviePlayer
LogPluginManager: Mounting plugin AndroidPermission
LogPluginManager: Mounting plugin ArchVisCharacter
LogPluginManager: Mounting plugin AppleImageUtils
LogPluginManager: Mounting plugin AppleMoviePlayer
LogPluginManager: Mounting plugin AssetTags
LogPluginManager: Mounting plugin AudioCapture
LogPluginManager: Mounting plugin AudioSynesthesia
LogPluginManager: Mounting plugin CableComponent
LogPluginManager: Mounting plugin CustomMeshComponent
LogPluginManager: Mounting plugin ChunkDownloader
LogPluginManager: Mounting plugin ExampleDeviceProfileSelector
LogPluginManager: Mounting plugin EditableMesh
LogPluginManager: Mounting plugin GoogleCloudMessaging
LogPluginManager: Mounting plugin GooglePAD
LogPluginManager: Mounting plugin IOSDeviceProfileSelector
LogPluginManager: Mounting plugin LinuxDeviceProfileSelector
LogPluginManager: Mounting plugin LocationServicesBPLibrary
LogPluginManager: Mounting plugin MobilePatchingUtils
LogPluginManager: Mounting plugin OpenXR
LogPluginManager: Mounting plugin OpenXRHandTracking
LogPluginManager: Mounting plugin OpenXREyeTracker
LogPluginManager: Mounting plugin PhysXVehicles
LogPluginManager: Mounting plugin ProceduralMeshComponent
LogPluginManager: Mounting plugin PostSplashScreen
LogPluginManager: Mounting plugin PropertyAccessEditor
LogPluginManager: Mounting plugin RuntimePhysXCooking
LogPluginManager: Mounting plugin SoundFields
LogPluginManager: Mounting plugin SignificanceManager
LogPluginManager: Mounting plugin WebMMoviePlayer
LogPluginManager: Mounting plugin WindowsMoviePlayer
LogPluginManager: Mounting plugin ScreenshotTools
LogPluginManager: Mounting plugin Synthesis
LogPluginManager: Mounting plugin Takes
LogPluginManager: Mounting plugin AnimationSharing
LogPluginManager: Mounting plugin CLionSourceCodeAccess
LogPluginManager: Mounting plugin CodeLiteSourceCodeAccess
LogPluginManager: Mounting plugin GitSourceControl
LogPluginManager: Mounting plugin PerforceSourceControl
LogPluginManager: Mounting plugin KDevelopSourceCodeAccess
LogPluginManager: Mounting plugin PixWinPlugin
LogPluginManager: Mounting plugin PlasticSourceControl
LogPluginManager: Mounting plugin PropertyAccessNode
LogPluginManager: Mounting plugin RiderSourceCodeAccess
LogPluginManager: Mounting plugin PluginUtils
LogPluginManager: Mounting plugin TextureFormatOodle
LogPluginManager: Mounting plugin SubversionSourceControl
LogPluginManager: Mounting plugin UObjectPlugin
LogPluginManager: Mounting plugin NullSourceCodeAccess
LogPluginManager: Mounting plugin VisualStudioCodeSourceCodeAccess
LogPluginManager: Mounting plugin VisualStudioSourceCodeAccess
LogPluginManager: Mounting plugin XCodeSourceCodeAccess
LogPluginManager: Mounting plugin ContentBrowserClassDataSource
LogPluginManager: Mounting plugin ContentBrowserAssetDataSource
LogPluginManager: Mounting plugin ContentBrowserFileDataSource
LogPluginManager: Mounting plugin OnlineSubsystemGooglePlay
LogPluginManager: Mounting plugin OnlineSubsystemIOS
LogPluginManager: Mounting plugin OculusVR
LogPluginManager: Mounting plugin SteamVR
LogInit: Using libcurl 7.55.1-DEV
LogInit:  - built for x86_64-pc-win32
LogInit:  - supports SSL with OpenSSL/1.1.1
LogInit:  - supports HTTP deflate (compression) using libz 1.2.8
LogInit:  - other features:
LogInit:      CURL_VERSION_SSL
LogInit:      CURL_VERSION_LIBZ
LogInit:      CURL_VERSION_IPV6
LogInit:      CURL_VERSION_ASYNCHDNS
LogInit:      CURL_VERSION_LARGEFILE
LogInit:      CURL_VERSION_IDN
LogInit:  CurlRequestOptions (configurable via config and command line):
LogInit:  - bVerifyPeer = true  - Libcurl will verify peer certificate
LogInit:  - bUseHttpProxy = false  - Libcurl will NOT use HTTP proxy
LogInit:  - bDontReuseConnections = false  - Libcurl will reuse connections
LogInit:  - MaxHostConnections = 16  - Libcurl will limit the number of connections to a host
LogInit:  - LocalHostAddr = Default
LogInit:  - BufferSize = 65536
LogOnline: OSS: Creating online subsystem instance for: NULL
LogInit: WinSock: version 1.1 (2.2), MaxSocks=32767, MaxUdp=65467
LogOnline: OSS: TryLoadSubsystemAndSetDefault: Loaded subsystem for module [NULL]
PixWinPlugin: PIX capture plugin failed to initialize! Check that the process is launched from PIX.
LogOculusPluginWrapper: OculusPlugin initialized successfully
LogHMD: Failed initializing OVRPlugin 1.59.0
LogInit: Build: ++UE4+Release-4.27-CL-18319896
LogInit: Engine Version: 4.27.2-18319896+++UE4+Release-4.27
LogInit: Compatible Engine Version: 4.27.0-17155196+++UE4+Release-4.27
LogInit: Net CL: 17155196
LogInit: OS: Windows 10 (Release 2009) (), CPU: Intel(R) Core(TM) i5-10300H CPU @ 2.50GHz, GPU: Intel(R) UHD Graphics
LogInit: Compiled (64-bit): Nov 30 2021 07:12:08
LogInit: Compiled with Visual C++: 19.24.28315.00
LogInit: Build Configuration: Development
LogInit: Branch Name: ++UE4+Release-4.27
LogInit: Command Line:  /Game/Workplace/Maps/FirstLevel -game -PIEVIACONSOLE -Multiprocess GameUserSettingsINI=D:/WORKPLACE/Mini_laboratory/MEPhI_VR_term_1/Mini_laboratory/Saved/Config/Windows/PIEGameUserSettings0.ini -MultiprocessSaveConfig -forcepassthrough -messaging -SessionName="Play in Standalone Game" -windowed -WinX=0 -WinY=36 SAVEWINPOS=1 -ResX=1910 -ResY=1046
LogInit: Base Directory: D:/Progams on PC/Unreal/UE_4.27/Engine/Binaries/Win64/
LogInit: Allocator: TBB
LogInit: Installed Engine Build: 1
LogDevObjectVersion: Number of dev versions registered: 29
LogDevObjectVersion:   Dev-Blueprints (B0D832E4-1F89-4F0D-ACCF-7EB736FD4AA2): 10
LogDevObjectVersion:   Dev-Build (E1C64328-A22C-4D53-A36C-8E866417BD8C): 0
LogDevObjectVersion:   Dev-Core (375EC13C-06E4-48FB-B500-84F0262A717E): 4
LogDevObjectVersion:   Dev-Editor (E4B068ED-F494-42E9-A231-DA0B2E46BB41): 40
LogDevObjectVersion:   Dev-Framework (CFFC743F-43B0-4480-9391-14DF171D2073): 37
LogDevObjectVersion:   Dev-Mobile (B02B49B5-BB20-44E9-A304-32B752E40360): 3
LogDevObjectVersion:   Dev-Networking (A4E4105C-59A1-49B5-A7C5-40C4547EDFEE): 0
LogDevObjectVersion:   Dev-Online (39C831C9-5AE6-47DC-9A44-9C173E1C8E7C): 0
LogDevObjectVersion:   Dev-Physics (78F01B33-EBEA-4F98-B9B4-84EACCB95AA2): 14
LogDevObjectVersion:   Dev-Platform (6631380F-2D4D-43E0-8009-CF276956A95A): 0
LogDevObjectVersion:   Dev-Rendering (12F88B9F-8875-4AFC-A67C-D90C383ABD29): 45
LogDevObjectVersion:   Dev-Sequencer (7B5AE74C-D270-4C10-A958-57980B212A5A): 13
LogDevObjectVersion:   Dev-VR (D7296918-1DD6-4BDD-9DE2-64A83CC13884): 3
LogDevObjectVersion:   Dev-LoadTimes (C2A15278-BFE7-4AFE-6C17-90FF531DF755): 1
LogDevObjectVersion:   Private-Geometry (6EACA3D4-40EC-4CC1-B786-8BED09428FC5): 3
LogDevObjectVersion:   Dev-AnimPhys (29E575DD-E0A3-4627-9D10-D276232CDCEA): 17
LogDevObjectVersion:   Dev-Anim (AF43A65D-7FD3-4947-9873-3E8ED9C1BB05): 15
LogDevObjectVersion:   Dev-ReflectionCapture (6B266CEC-1EC7-4B8F-A30B-E4D90942FC07): 1
LogDevObjectVersion:   Dev-Automation (0DF73D61-A23F-47EA-B727-89E90C41499A): 1
LogDevObjectVersion:   FortniteMain (601D1886-AC64-4F84-AA16-D3DE0DEAC7D6): 47
LogDevObjectVersion:   FortniteRelease (E7086368-6B23-4C58-8439-1B7016265E91): 1
LogDevObjectVersion:   Dev-Enterprise (9DFFBCD6-494F-0158-E221-12823C92A888): 10
LogDevObjectVersion:   Dev-Niagara (F2AED0AC-9AFE-416F-8664-AA7FFA26D6FC): 1
LogDevObjectVersion:   Dev-Destruction (174F1F0B-B4C6-45A5-B13F-2EE8D0FB917D): 10
LogDevObjectVersion:   Dev-Physics-Ext (35F94A83-E258-406C-A318-09F59610247C): 41
LogDevObjectVersion:   Dev-PhysicsMaterial-Chaos (B68FC16E-8B1B-42E2-B453-215C058844FE): 1
LogDevObjectVersion:   Dev-CineCamera (B2E18506-4273-CFC2-A54E-F4BB758BBA07): 1
LogDevObjectVersion:   Dev-VirtualProduction (64F58936-FD1B-42BA-BA96-7289D5D0FA4E): 1
LogDevObjectVersion:   Dev-MediaFramework (6F0ED827-A609-4895-9C91-998D90180EA4): 2
LogInit: Presizing for max 25165824 objects, including 0 objects not considered by GC, pre-allocating 0 bytes for permanent pool.
LogConfig: Applying CVar settings from Section [/Script/Engine.StreamingSettings] File [D:/WORKPLACE/Mini_laboratory/MEPhI_VR_term_1/Mini_laboratory/Saved/Config/Windows/Engine.ini]
LogConfig: Setting CVar [[s.MinBulkDataSizeForAsyncLoading:131072]]
LogConfig: Setting CVar [[s.AsyncLoadingThreadEnabled:0]]
LogConfig: Setting CVar [[s.EventDrivenLoaderEnabled:1]]
LogConfig: Setting CVar [[s.WarnIfTimeLimitExceeded:0]]
LogConfig: Setting CVar [[s.TimeLimitExceededMultiplier:1.5]]
LogConfig: Setting CVar [[s.TimeLimitExceededMinTime:0.005]]
LogConfig: Setting CVar [[s.UseBackgroundLevelStreaming:1]]
LogConfig: Setting CVar [[s.PriorityAsyncLoadingExtraTime:15.0]]
LogConfig: Setting CVar [[s.LevelStreamingActorsUpdateTimeLimit:5.0]]
LogConfig: Setting CVar [[s.PriorityLevelStreamingActorsUpdateExtraTime:5.0]]
LogConfig: Setting CVar [[s.LevelStreamingComponentsRegistrationGranularity:10]]
LogConfig: Setting CVar [[s.UnregisterComponentsTimeLimit:1.0]]
LogConfig: Setting CVar [[s.LevelStreamingComponentsUnregistrationGranularity:5]]
LogConfig: Setting CVar [[s.FlushStreamingOnExit:1]]
LogInit: Object subsystem initialized
LogConfig: Setting CVar [[con.DebugEarlyDefault:1]]
LogConfig: Setting CVar [[r.setres:1280x720]]
[2025.12.18-08.01.04:217][  0]LogConfig: Setting CVar [[con.DebugEarlyDefault:1]]
[2025.12.18-08.01.04:217][  0]LogConfig: Setting CVar [[r.setres:1280x720]]
[2025.12.18-08.01.04:217][  0]LogConfig: Applying CVar settings from Section [/Script/Engine.RendererSettings] File [D:/WORKPLACE/Mini_laboratory/MEPhI_VR_term_1/Mini_laboratory/Saved/Config/Windows/Engine.ini]
[2025.12.18-08.01.04:217][  0]LogConfig: Setting CVar [[r.GPUCrashDebugging:0]]
[2025.12.18-08.01.04:217][  0]LogConfig: Applying CVar settings from Section [/Script/Engine.RendererOverrideSettings] File [D:/WORKPLACE/Mini_laboratory/MEPhI_VR_term_1/Mini_laboratory/Saved/Config/Windows/Engine.ini]
[2025.12.18-08.01.04:217][  0]LogConfig: Applying CVar settings from Section [/Script/Engine.StreamingSettings] File [D:/WORKPLACE/Mini_laboratory/MEPhI_VR_term_1/Mini_laboratory/Saved/Config/Windows/Engine.ini]
[2025.12.18-08.01.04:217][  0]LogConfig: Setting CVar [[s.MinBulkDataSizeForAsyncLoading:131072]]
[2025.12.18-08.01.04:217][  0]LogConfig: Setting CVar [[s.AsyncLoadingThreadEnabled:0]]
[2025.12.18-08.01.04:217][  0]LogConfig: Setting CVar [[s.EventDrivenLoaderEnabled:1]]
[2025.12.18-08.01.04:217][  0]LogConfig: Setting CVar [[s.WarnIfTimeLimitExceeded:0]]
[2025.12.18-08.01.04:217][  0]LogConfig: Setting CVar [[s.TimeLimitExceededMultiplier:1.5]]
[2025.12.18-08.01.04:217][  0]LogConfig: Setting CVar [[s.TimeLimitExceededMinTime:0.005]]
[2025.12.18-08.01.04:217][  0]LogConfig: Setting CVar [[s.UseBackgroundLevelStreaming:1]]
[2025.12.18-08.01.04:217][  0]LogConfig: Setting CVar [[s.PriorityAsyncLoadingExtraTime:15.0]]
[2025.12.18-08.01.04:217][  0]LogConfig: Setting CVar [[s.LevelStreamingActorsUpdateTimeLimit:5.0]]
[2025.12.18-08.01.04:217][  0]LogConfig: Setting CVar [[s.PriorityLevelStreamingActorsUpdateExtraTime:5.0]]
[2025.12.18-08.01.04:217][  0]LogConfig: Setting CVar [[s.LevelStreamingComponentsRegistrationGranularity:10]]
[2025.12.18-08.01.04:217][  0]LogConfig: Setting CVar [[s.UnregisterComponentsTimeLimit:1.0]]
[2025.12.18-08.01.04:218][  0]LogConfig: Setting CVar [[s.LevelStreamingComponentsUnregistrationGranularity:5]]
[2025.12.18-08.01.04:218][  0]LogConfig: Setting CVar [[s.FlushStreamingOnExit:1]]
[2025.12.18-08.01.04:218][  0]LogConfig: Applying CVar settings from Section [/Script/Engine.GarbageCollectionSettings] File [D:/WORKPLACE/Mini_laboratory/MEPhI_VR_term_1/Mini_laboratory/Saved/Config/Windows/Engine.ini]
[2025.12.18-08.01.04:218][  0]LogConfig: Setting CVar [[gc.MaxObjectsNotConsideredByGC:1]]
[2025.12.18-08.01.04:218][  0]LogConfig: Setting CVar [[gc.SizeOfPermanentObjectPool:0]]
[2025.12.18-08.01.04:218][  0]LogConfig: Setting CVar [[gc.FlushStreamingOnGC:0]]
[2025.12.18-08.01.04:218][  0]LogConfig: Setting CVar [[gc.NumRetriesBeforeForcingGC:10]]
[2025.12.18-08.01.04:218][  0]LogConfig: Setting CVar [[gc.AllowParallelGC:1]]
[2025.12.18-08.01.04:218][  0]LogConfig: Setting CVar [[gc.TimeBetweenPurgingPendingKillObjects:61.1]]
[2025.12.18-08.01.04:218][  0]LogConfig: Setting CVar [[gc.MaxObjectsInEditor:25165824]]
[2025.12.18-08.01.04:218][  0]LogConfig: Setting CVar [[gc.IncrementalBeginDestroyEnabled:1]]
[2025.12.18-08.01.04:218][  0]LogConfig: Setting CVar [[gc.CreateGCClusters:1]]
[2025.12.18-08.01.04:218][  0]LogConfig: Setting CVar [[gc.MinGCClusterSize:5]]
[2025.12.18-08.01.04:218][  0]LogConfig: Setting CVar [[gc.ActorClusteringEnabled:0]]
[2025.12.18-08.01.04:218][  0]LogConfig: Setting CVar [[gc.BlueprintClusteringEnabled:0]]
[2025.12.18-08.01.04:218][  0]LogConfig: Setting CVar [[gc.UseDisregardForGCOnDedicatedServers:0]]
[2025.12.18-08.01.04:218][  0]LogConfig: Setting CVar [[gc.MultithreadedDestructionEnabled:1]]
[2025.12.18-08.01.04:218][  0]LogConfig: Applying CVar settings from Section [/Script/Engine.NetworkSettings] File [D:/WORKPLACE/Mini_laboratory/MEPhI_VR_term_1/Mini_laboratory/Saved/Config/Windows/Engine.ini]
[2025.12.18-08.01.04:218][  0]LogConfig: Applying CVar settings from Section [/Script/UnrealEd.CookerSettings] File [D:/WORKPLACE/Mini_laboratory/MEPhI_VR_term_1/Mini_laboratory/Saved/Config/Windows/Engine.ini]
[2025.12.18-08.01.04:226][  0]LogConfig: Applying CVar settings from Section [ViewDistanceQuality@3] File [D:/WORKPLACE/Mini_laboratory/MEPhI_VR_term_1/Mini_laboratory/Saved/Config/Windows/Scalability.ini]
[2025.12.18-08.01.04:226][  0]LogConfig: Setting CVar [[r.SkeletalMeshLODBias:0]]
[2025.12.18-08.01.04:226][  0]LogConfig: Setting CVar [[r.ViewDistanceScale:1.0]]
[2025.12.18-08.01.04:226][  0]LogConfig: Applying CVar settings from Section [AntiAliasingQuality@3] File [D:/WORKPLACE/Mini_laboratory/MEPhI_VR_term_1/Mini_laboratory/Saved/Config/Windows/Scalability.ini]
[2025.12.18-08.01.04:226][  0]LogConfig: Setting CVar [[r.PostProcessAAQuality:4]]
[2025.12.18-08.01.04:226][  0]LogConfig: Applying CVar settings from Section [ShadowQuality@3] File [D:/WORKPLACE/Mini_laboratory/MEPhI_VR_term_1/Mini_laboratory/Saved/Config/Windows/Scalability.ini]
[2025.12.18-08.01.04:226][  0]LogConfig: Setting CVar [[r.LightFunctionQuality:1]]
[2025.12.18-08.01.04:226][  0]LogConfig: Setting CVar [[r.ShadowQuality:5]]
[2025.12.18-08.01.04:226][  0]LogConfig: Setting CVar [[r.Shadow.CSM.MaxCascades:10]]
[2025.12.18-08.01.04:226][  0]LogConfig: Setting CVar [[r.Shadow.MaxResolution:2048]]
[2025.12.18-08.01.04:226][  0]LogConfig: Setting CVar [[r.Shadow.MaxCSMResolution:2048]]
[2025.12.18-08.01.04:226][  0]LogConfig: Setting CVar [[r.Shadow.RadiusThreshold:0.01]]
[2025.12.18-08.01.04:226][  0]LogConfig: Setting CVar [[r.Shadow.DistanceScale:1.0]]
[2025.12.18-08.01.04:226][  0]LogConfig: Setting CVar [[r.Shadow.CSM.TransitionScale:1.0]]
[2025.12.18-08.01.04:226][  0]LogConfig: Setting CVar [[r.Shadow.PreShadowResolutionFactor:1.0]]
[2025.12.18-08.01.04:226][  0]LogConfig: Setting CVar [[r.DistanceFieldShadowing:1]]
[2025.12.18-08.01.04:226][  0]LogConfig: Setting CVar [[r.DistanceFieldAO:1]]
[2025.12.18-08.01.04:226][  0]LogConfig: Setting CVar [[r.AOQuality:2]]
[2025.12.18-08.01.04:226][  0]LogConfig: Setting CVar [[r.VolumetricFog:1]]
[2025.12.18-08.01.04:226][  0]LogConfig: Setting CVar [[r.VolumetricFog.GridPixelSize:8]]
[2025.12.18-08.01.04:226][  0]LogConfig: Setting CVar [[r.VolumetricFog.GridSizeZ:128]]
[2025.12.18-08.01.04:226][  0]LogConfig: Setting CVar [[r.VolumetricFog.HistoryMissSupersampleCount:4]]
[2025.12.18-08.01.04:226][  0]LogConfig: Setting CVar [[r.LightMaxDrawDistanceScale:1]]
[2025.12.18-08.01.04:226][  0]LogConfig: Setting CVar [[r.CapsuleShadows:1]]
[2025.12.18-08.01.04:226][  0]LogConfig: Applying CVar settings from Section [PostProcessQuality@3] File [D:/WORKPLACE/Mini_laboratory/MEPhI_VR_term_1/Mini_laboratory/Saved/Config/Windows/Scalability.ini]
[2025.12.18-08.01.04:226][  0]LogConfig: Setting CVar [[r.MotionBlurQuality:4]]
[2025.12.18-08.01.04:226][  0]LogConfig: Setting CVar [[r.AmbientOcclusionMipLevelFactor:0.4]]
[2025.12.18-08.01.04:226][  0]LogConfig: Setting CVar [[r.AmbientOcclusionMaxQuality:100]]
[2025.12.18-08.01.04:226][  0]LogConfig: Setting CVar [[r.AmbientOcclusionLevels:-1]]
[2025.12.18-08.01.04:226][  0]LogConfig: Setting CVar [[r.AmbientOcclusionRadiusScale:1.0]]
[2025.12.18-08.01.04:226][  0]LogConfig: Setting CVar [[r.DepthOfFieldQuality:2]]
[2025.12.18-08.01.04:227][  0]LogConfig: Setting CVar [[r.RenderTargetPoolMin:400]]
[2025.12.18-08.01.04:227][  0]LogConfig: Setting CVar [[r.LensFlareQuality:2]]
[2025.12.18-08.01.04:227][  0]LogConfig: Setting CVar [[r.SceneColorFringeQuality:1]]
[2025.12.18-08.01.04:227][  0]LogConfig: Setting CVar [[r.EyeAdaptationQuality:2]]
[2025.12.18-08.01.04:227][  0]LogConfig: Setting CVar [[r.BloomQuality:5]]
[2025.12.18-08.01.04:227][  0]LogConfig: Setting CVar [[r.FastBlurThreshold:100]]
[2025.12.18-08.01.04:227][  0]LogConfig: Setting CVar [[r.Upscale.Quality:3]]
[2025.12.18-08.01.04:227][  0]LogConfig: Setting CVar [[r.Tonemapper.GrainQuantization:1]]
[2025.12.18-08.01.04:227][  0]LogConfig: Setting CVar [[r.LightShaftQuality:1]]
[2025.12.18-08.01.04:227][  0]LogConfig: Setting CVar [[r.Filter.SizeScale:1]]
[2025.12.18-08.01.04:227][  0]LogConfig: Setting CVar [[r.Tonemapper.Quality:5]]
[2025.12.18-08.01.04:227][  0]LogConfig: Setting CVar [[r.DOF.Gather.AccumulatorQuality:1        ; higher gathering accumulator quality]]
[2025.12.18-08.01.04:227][  0]LogConfig: Setting CVar [[r.DOF.Gather.PostfilterMethod:1          ; Median3x3 postfilering method]]
[2025.12.18-08.01.04:227][  0]LogConfig: Setting CVar [[r.DOF.Gather.EnableBokehSettings:0       ; no bokeh simulation when gathering]]
[2025.12.18-08.01.04:227][  0]LogConfig: Setting CVar [[r.DOF.Gather.RingCount:4                 ; medium number of samples when gathering]]
[2025.12.18-08.01.04:227][  0]LogConfig: Setting CVar [[r.DOF.Scatter.ForegroundCompositing:1    ; additive foreground scattering]]
[2025.12.18-08.01.04:227][  0]LogConfig: Setting CVar [[r.DOF.Scatter.BackgroundCompositing:2    ; additive background scattering]]
[2025.12.18-08.01.04:227][  0]LogConfig: Setting CVar [[r.DOF.Scatter.EnableBokehSettings:1      ; bokeh simulation when scattering]]
[2025.12.18-08.01.04:227][  0]LogConfig: Setting CVar [[r.DOF.Scatter.MaxSpriteRatio:0.1         ; only a maximum of 10% of scattered bokeh]]
[2025.12.18-08.01.04:227][  0]LogConfig: Setting CVar [[r.DOF.Recombine.Quality:1                ; cheap slight out of focus]]
[2025.12.18-08.01.04:227][  0]LogConfig: Setting CVar [[r.DOF.Recombine.EnableBokehSettings:0    ; no bokeh simulation on slight out of focus]]
[2025.12.18-08.01.04:227][  0]LogConfig: Setting CVar [[r.DOF.TemporalAAQuality:1                ; more stable temporal accumulation]]
[2025.12.18-08.01.04:227][  0]LogConfig: Setting CVar [[r.DOF.Kernel.MaxForegroundRadius:0.025]]
[2025.12.18-08.01.04:227][  0]LogConfig: Setting CVar [[r.DOF.Kernel.MaxBackgroundRadius:0.025]]
[2025.12.18-08.01.04:227][  0]LogConfig: Applying CVar settings from Section [TextureQuality@3] File [D:/WORKPLACE/Mini_laboratory/MEPhI_VR_term_1/Mini_laboratory/Saved/Config/Windows/Scalability.ini]
[2025.12.18-08.01.04:227][  0]LogConfig: Setting CVar [[r.Streaming.MipBias:0]]
[2025.12.18-08.01.04:227][  0]LogConfig: Setting CVar [[r.Streaming.AmortizeCPUToGPUCopy:0]]
[2025.12.18-08.01.04:227][  0]LogConfig: Setting CVar [[r.Streaming.MaxNumTexturesToStreamPerFrame:0]]
[2025.12.18-08.01.04:227][  0]LogConfig: Setting CVar [[r.Streaming.Boost:1]]
[2025.12.18-08.01.04:227][  0]LogConfig: Setting CVar [[r.MaxAnisotropy:8]]
[2025.12.18-08.01.04:227][  0]LogConfig: Setting CVar [[r.VT.MaxAnisotropy:8]]
[2025.12.18-08.01.04:227][  0]LogConfig: Setting CVar [[r.Streaming.LimitPoolSizeToVRAM:0]]
[2025.12.18-08.01.04:227][  0]LogConfig: Setting CVar [[r.Streaming.PoolSize:1000]]
[2025.12.18-08.01.04:227][  0]LogConfig: Setting CVar [[r.Streaming.MaxEffectiveScreenSize:0]]
[2025.12.18-08.01.04:227][  0]LogConfig: Applying CVar settings from Section [EffectsQuality@3] File [D:/WORKPLACE/Mini_laboratory/MEPhI_VR_term_1/Mini_laboratory/Saved/Config/Windows/Scalability.ini]
[2025.12.18-08.01.04:227][  0]LogConfig: Setting CVar [[r.TranslucencyLightingVolumeDim:64]]
[2025.12.18-08.01.04:227][  0]LogConfig: Setting CVar [[r.RefractionQuality:2]]
[2025.12.18-08.01.04:227][  0]LogConfig: Setting CVar [[r.SSR.Quality:3]]
[2025.12.18-08.01.04:227][  0]LogConfig: Setting CVar [[r.SSR.HalfResSceneColor:0]]
[2025.12.18-08.01.04:227][  0]LogConfig: Setting CVar [[r.SceneColorFormat:4]]
[2025.12.18-08.01.04:227][  0]LogConfig: Setting CVar [[r.DetailMode:2]]
[2025.12.18-08.01.04:227][  0]LogConfig: Setting CVar [[r.TranslucencyVolumeBlur:1]]
[2025.12.18-08.01.04:228][  0]LogConfig: Setting CVar [[r.MaterialQualityLevel:1 ; High quality]]
[2025.12.18-08.01.04:228][  0]LogConfig: Setting CVar [[r.AnisotropicMaterials:1]]
[2025.12.18-08.01.04:228][  0]LogConfig: Setting CVar [[r.SSS.Scale:1]]
[2025.12.18-08.01.04:228][  0]LogConfig: Setting CVar [[r.SSS.SampleSet:2]]
[2025.12.18-08.01.04:228][  0]LogConfig: Setting CVar [[r.SSS.Quality:1]]
[2025.12.18-08.01.04:228][  0]LogConfig: Setting CVar [[r.SSS.HalfRes:0]]
[2025.12.18-08.01.04:228][  0]LogConfig: Setting CVar [[r.SSGI.Quality:3]]
[2025.12.18-08.01.04:228][  0]LogConfig: Setting CVar [[r.EmitterSpawnRateScale:1.0]]
[2025.12.18-08.01.04:228][  0]LogConfig: Setting CVar [[r.ParticleLightQuality:2]]
[2025.12.18-08.01.04:228][  0]LogConfig: Setting CVar [[r.SkyAtmosphere.AerialPerspectiveLUT.FastApplyOnOpaque:1 ; Always have FastSkyLUT 1 in this case to avoid wrong sky]]
[2025.12.18-08.01.04:228][  0]LogConfig: Setting CVar [[r.SkyAtmosphere.AerialPerspectiveLUT.SampleCountMaxPerSlice:4]]
[2025.12.18-08.01.04:228][  0]LogConfig: Setting CVar [[r.SkyAtmosphere.AerialPerspectiveLUT.DepthResolution:16.0]]
[2025.12.18-08.01.04:228][  0]LogConfig: Setting CVar [[r.SkyAtmosphere.FastSkyLUT:1]]
[2025.12.18-08.01.04:228][  0]LogConfig: Setting CVar [[r.SkyAtmosphere.FastSkyLUT.SampleCountMin:4.0]]
[2025.12.18-08.01.04:228][  0]LogConfig: Setting CVar [[r.SkyAtmosphere.FastSkyLUT.SampleCountMax:128.0]]
[2025.12.18-08.01.04:228][  0]LogConfig: Setting CVar [[r.SkyAtmosphere.SampleCountMin:4.0]]
[2025.12.18-08.01.04:228][  0]LogConfig: Setting CVar [[r.SkyAtmosphere.SampleCountMax:128.0]]
[2025.12.18-08.01.04:228][  0]LogConfig: Setting CVar [[r.SkyAtmosphere.TransmittanceLUT.UseSmallFormat:0]]
[2025.12.18-08.01.04:228][  0]LogConfig: Setting CVar [[r.SkyAtmosphere.TransmittanceLUT.SampleCount:10.0]]
[2025.12.18-08.01.04:228][  0]LogConfig: Setting CVar [[r.SkyAtmosphere.MultiScatteringLUT.SampleCount:15.0]]
[2025.12.18-08.01.04:228][  0]LogConfig: Setting CVar [[r.SkyLight.RealTimeReflectionCapture:1]]
[2025.12.18-08.01.04:228][  0]LogConfig: Applying CVar settings from Section [FoliageQuality@3] File [D:/WORKPLACE/Mini_laboratory/MEPhI_VR_term_1/Mini_laboratory/Saved/Config/Windows/Scalability.ini]
[2025.12.18-08.01.04:228][  0]LogConfig: Setting CVar [[foliage.DensityScale:1.0]]
[2025.12.18-08.01.04:228][  0]LogConfig: Setting CVar [[grass.DensityScale:1.0]]
[2025.12.18-08.01.04:228][  0]LogConfig: Applying CVar settings from Section [ShadingQuality@3] File [D:/WORKPLACE/Mini_laboratory/MEPhI_VR_term_1/Mini_laboratory/Saved/Config/Windows/Scalability.ini]
[2025.12.18-08.01.04:228][  0]LogConfig: Setting CVar [[r.HairStrands.SkyLighting.IntegrationType:2]]
[2025.12.18-08.01.04:228][  0]LogConfig: Setting CVar [[r.HairStrands.SkyAO.SampleCount:4]]
[2025.12.18-08.01.04:228][  0]LogConfig: Setting CVar [[r.HairStrands.Visibility.MSAA.SamplePerPixel:4]]
[2025.12.18-08.01.04:228][  0]LogInit: Selected Device Profile: [Windows]
[2025.12.18-08.01.04:228][  0]LogInit: Applying CVar settings loaded from the selected device profile: [Windows]
[2025.12.18-08.01.04:229][  0]LogHAL: Display: Platform has ~ 8 GB [8451309568 / 8589934592 / 8], which maps to Default [LargestMinGB=32, LargerMinGB=12, DefaultMinGB=8, SmallerMinGB=6, SmallestMinGB=0)
[2025.12.18-08.01.04:229][  0]LogInit: Going up to parent DeviceProfile []
[2025.12.18-08.01.04:229][  0]LogConfig: Applying CVar settings from Section [ViewDistanceQuality@3] File [D:/WORKPLACE/Mini_laboratory/MEPhI_VR_term_1/Mini_laboratory/Saved/Config/Windows/Scalability.ini]
[2025.12.18-08.01.04:229][  0]LogConfig: Setting CVar [[r.SkeletalMeshLODBias:0]]
[2025.12.18-08.01.04:229][  0]LogConfig: Setting CVar [[r.ViewDistanceScale:1.0]]
[2025.12.18-08.01.04:229][  0]LogConfig: Applying CVar settings from Section [AntiAliasingQuality@3] File [D:/WORKPLACE/Mini_laboratory/MEPhI_VR_term_1/Mini_laboratory/Saved/Config/Windows/Scalability.ini]
[2025.12.18-08.01.04:229][  0]LogConfig: Setting CVar [[r.PostProcessAAQuality:4]]
[2025.12.18-08.01.04:229][  0]LogConfig: Applying CVar settings from Section [ShadowQuality@3] File [D:/WORKPLACE/Mini_laboratory/MEPhI_VR_term_1/Mini_laboratory/Saved/Config/Windows/Scalability.ini]
[2025.12.18-08.01.04:229][  0]LogConfig: Setting CVar [[r.LightFunctionQuality:1]]
[2025.12.18-08.01.04:229][  0]LogConfig: Setting CVar [[r.ShadowQuality:5]]
[2025.12.18-08.01.04:229][  0]LogConfig: Setting CVar [[r.Shadow.CSM.MaxCascades:10]]
[2025.12.18-08.01.04:229][  0]LogConfig: Setting CVar [[r.Shadow.MaxResolution:2048]]
[2025.12.18-08.01.04:229][  0]LogConfig: Setting CVar [[r.Shadow.MaxCSMResolution:2048]]
[2025.12.18-08.01.04:229][  0]LogConfig: Setting CVar [[r.Shadow.RadiusThreshold:0.01]]
[2025.12.18-08.01.04:230][  0]LogConfig: Setting CVar [[r.Shadow.DistanceScale:1.0]]
[2025.12.18-08.01.04:230][  0]LogConfig: Setting CVar [[r.Shadow.CSM.TransitionScale:1.0]]
[2025.12.18-08.01.04:230][  0]LogConfig: Setting CVar [[r.Shadow.PreShadowResolutionFactor:1.0]]
[2025.12.18-08.01.04:230][  0]LogConfig: Setting CVar [[r.DistanceFieldShadowing:1]]
[2025.12.18-08.01.04:230][  0]LogConfig: Setting CVar [[r.DistanceFieldAO:1]]
[2025.12.18-08.01.04:230][  0]LogConfig: Setting CVar [[r.AOQuality:2]]
[2025.12.18-08.01.04:230][  0]LogConfig: Setting CVar [[r.VolumetricFog:1]]
[2025.12.18-08.01.04:230][  0]LogConfig: Setting CVar [[r.VolumetricFog.GridPixelSize:8]]
[2025.12.18-08.01.04:230][  0]LogConfig: Setting CVar [[r.VolumetricFog.GridSizeZ:128]]
[2025.12.18-08.01.04:230][  0]LogConfig: Setting CVar [[r.VolumetricFog.HistoryMissSupersampleCount:4]]
[2025.12.18-08.01.04:230][  0]LogConfig: Setting CVar [[r.LightMaxDrawDistanceScale:1]]
[2025.12.18-08.01.04:230][  0]LogConfig: Setting CVar [[r.CapsuleShadows:1]]
[2025.12.18-08.01.04:230][  0]LogConfig: Applying CVar settings from Section [PostProcessQuality@3] File [D:/WORKPLACE/Mini_laboratory/MEPhI_VR_term_1/Mini_laboratory/Saved/Config/Windows/Scalability.ini]
[2025.12.18-08.01.04:230][  0]LogConfig: Setting CVar [[r.MotionBlurQuality:4]]
[2025.12.18-08.01.04:230][  0]LogConfig: Setting CVar [[r.AmbientOcclusionMipLevelFactor:0.4]]
[2025.12.18-08.01.04:230][  0]LogConfig: Setting CVar [[r.AmbientOcclusionMaxQuality:100]]
[2025.12.18-08.01.04:230][  0]LogConfig: Setting CVar [[r.AmbientOcclusionLevels:-1]]
[2025.12.18-08.01.04:230][  0]LogConfig: Setting CVar [[r.AmbientOcclusionRadiusScale:1.0]]
[2025.12.18-08.01.04:230][  0]LogConfig: Setting CVar [[r.DepthOfFieldQuality:2]]
[2025.12.18-08.01.04:230][  0]LogConfig: Setting CVar [[r.RenderTargetPoolMin:400]]
[2025.12.18-08.01.04:230][  0]LogConfig: Setting CVar [[r.LensFlareQuality:2]]
[2025.12.18-08.01.04:230][  0]LogConfig: Setting CVar [[r.SceneColorFringeQuality:1]]
[2025.12.18-08.01.04:230][  0]LogConfig: Setting CVar [[r.EyeAdaptationQuality:2]]
[2025.12.18-08.01.04:230][  0]LogConfig: Setting CVar [[r.BloomQuality:5]]
[2025.12.18-08.01.04:230][  0]LogConfig: Setting CVar [[r.FastBlurThreshold:100]]
[2025.12.18-08.01.04:230][  0]LogConfig: Setting CVar [[r.Upscale.Quality:3]]
[2025.12.18-08.01.04:230][  0]LogConfig: Setting CVar [[r.Tonemapper.GrainQuantization:1]]
[2025.12.18-08.01.04:230][  0]LogConfig: Setting CVar [[r.LightShaftQuality:1]]
[2025.12.18-08.01.04:230][  0]LogConfig: Setting CVar [[r.Filter.SizeScale:1]]
[2025.12.18-08.01.04:230][  0]LogConfig: Setting CVar [[r.Tonemapper.Quality:5]]
[2025.12.18-08.01.04:230][  0]LogConfig: Setting CVar [[r.DOF.Gather.AccumulatorQuality:1        ; higher gathering accumulator quality]]
[2025.12.18-08.01.04:230][  0]LogConfig: Setting CVar [[r.DOF.Gather.PostfilterMethod:1          ; Median3x3 postfilering method]]
[2025.12.18-08.01.04:230][  0]LogConfig: Setting CVar [[r.DOF.Gather.EnableBokehSettings:0       ; no bokeh simulation when gathering]]
[2025.12.18-08.01.04:230][  0]LogConfig: Setting CVar [[r.DOF.Gather.RingCount:4                 ; medium number of samples when gathering]]
[2025.12.18-08.01.04:231][  0]LogConfig: Setting CVar [[r.DOF.Scatter.ForegroundCompositing:1    ; additive foreground scattering]]
[2025.12.18-08.01.04:231][  0]LogConfig: Setting CVar [[r.DOF.Scatter.BackgroundCompositing:2    ; additive background scattering]]
[2025.12.18-08.01.04:231][  0]LogConfig: Setting CVar [[r.DOF.Scatter.EnableBokehSettings:1      ; bokeh simulation when scattering]]
[2025.12.18-08.01.04:231][  0]LogConfig: Setting CVar [[r.DOF.Scatter.MaxSpriteRatio:0.1         ; only a maximum of 10% of scattered bokeh]]
[2025.12.18-08.01.04:231][  0]LogConfig: Setting CVar [[r.DOF.Recombine.Quality:1                ; cheap slight out of focus]]
[2025.12.18-08.01.04:231][  0]LogConfig: Setting CVar [[r.DOF.Recombine.EnableBokehSettings:0    ; no bokeh simulation on slight out of focus]]
[2025.12.18-08.01.04:231][  0]LogConfig: Setting CVar [[r.DOF.TemporalAAQuality:1                ; more stable temporal accumulation]]
[2025.12.18-08.01.04:231][  0]LogConfig: Setting CVar [[r.DOF.Kernel.MaxForegroundRadius:0.025]]
[2025.12.18-08.01.04:231][  0]LogConfig: Setting CVar [[r.DOF.Kernel.MaxBackgroundRadius:0.025]]
[2025.12.18-08.01.04:231][  0]LogConfig: Applying CVar settings from Section [TextureQuality@3] File [D:/WORKPLACE/Mini_laboratory/MEPhI_VR_term_1/Mini_laboratory/Saved/Config/Windows/Scalability.ini]
[2025.12.18-08.01.04:231][  0]LogConfig: Setting CVar [[r.Streaming.MipBias:0]]
[2025.12.18-08.01.04:231][  0]LogConfig: Setting CVar [[r.Streaming.AmortizeCPUToGPUCopy:0]]
[2025.12.18-08.01.04:231][  0]LogConfig: Setting CVar [[r.Streaming.MaxNumTexturesToStreamPerFrame:0]]
[2025.12.18-08.01.04:231][  0]LogConfig: Setting CVar [[r.Streaming.Boost:1]]
[2025.12.18-08.01.04:231][  0]LogConfig: Setting CVar [[r.MaxAnisotropy:8]]
[2025.12.18-08.01.04:231][  0]LogConfig: Setting CVar [[r.VT.MaxAnisotropy:8]]
[2025.12.18-08.01.04:231][  0]LogConfig: Setting CVar [[r.Streaming.LimitPoolSizeToVRAM:0]]
[2025.12.18-08.01.04:231][  0]LogConfig: Setting CVar [[r.Streaming.PoolSize:1000]]
[2025.12.18-08.01.04:231][  0]LogConfig: Setting CVar [[r.Streaming.MaxEffectiveScreenSize:0]]
[2025.12.18-08.01.04:231][  0]LogConfig: Applying CVar settings from Section [EffectsQuality@3] File [D:/WORKPLACE/Mini_laboratory/MEPhI_VR_term_1/Mini_laboratory/Saved/Config/Windows/Scalability.ini]
[2025.12.18-08.01.04:231][  0]LogConfig: Setting CVar [[r.TranslucencyLightingVolumeDim:64]]
[2025.12.18-08.01.04:231][  0]LogConfig: Setting CVar [[r.RefractionQuality:2]]
[2025.12.18-08.01.04:231][  0]LogConfig: Setting CVar [[r.SSR.Quality:3]]
[2025.12.18-08.01.04:231][  0]LogConfig: Setting CVar [[r.SSR.HalfResSceneColor:0]]
[2025.12.18-08.01.04:231][  0]LogConfig: Setting CVar [[r.SceneColorFormat:4]]
[2025.12.18-08.01.04:231][  0]LogConfig: Setting CVar [[r.DetailMode:2]]
[2025.12.18-08.01.04:231][  0]LogConfig: Setting CVar [[r.TranslucencyVolumeBlur:1]]
[2025.12.18-08.01.04:231][  0]LogConfig: Setting CVar [[r.MaterialQualityLevel:1 ; High quality]]
[2025.12.18-08.01.04:231][  0]LogConfig: Setting CVar [[r.AnisotropicMaterials:1]]
[2025.12.18-08.01.04:231][  0]LogConfig: Setting CVar [[r.SSS.Scale:1]]
[2025.12.18-08.01.04:231][  0]LogConfig: Setting CVar [[r.SSS.SampleSet:2]]
[2025.12.18-08.01.04:231][  0]LogConfig: Setting CVar [[r.SSS.Quality:1]]
[2025.12.18-08.01.04:231][  0]LogConfig: Setting CVar [[r.SSS.HalfRes:0]]
[2025.12.18-08.01.04:231][  0]LogConfig: Setting CVar [[r.SSGI.Quality:3]]
[2025.12.18-08.01.04:231][  0]LogConfig: Setting CVar [[r.EmitterSpawnRateScale:1.0]]
[2025.12.18-08.01.04:232][  0]LogConfig: Setting CVar [[r.ParticleLightQuality:2]]
[2025.12.18-08.01.04:232][  0]LogConfig: Setting CVar [[r.SkyAtmosphere.AerialPerspectiveLUT.FastApplyOnOpaque:1 ; Always have FastSkyLUT 1 in this case to avoid wrong sky]]
[2025.12.18-08.01.04:232][  0]LogConfig: Setting CVar [[r.SkyAtmosphere.AerialPerspectiveLUT.SampleCountMaxPerSlice:4]]
[2025.12.18-08.01.04:232][  0]LogConfig: Setting CVar [[r.SkyAtmosphere.AerialPerspectiveLUT.DepthResolution:16.0]]
[2025.12.18-08.01.04:232][  0]LogConfig: Setting CVar [[r.SkyAtmosphere.FastSkyLUT:1]]
[2025.12.18-08.01.04:232][  0]LogConfig: Setting CVar [[r.SkyAtmosphere.FastSkyLUT.SampleCountMin:4.0]]
[2025.12.18-08.01.04:232][  0]LogConfig: Setting CVar [[r.SkyAtmosphere.FastSkyLUT.SampleCountMax:128.0]]
[2025.12.18-08.01.04:232][  0]LogConfig: Setting CVar [[r.SkyAtmosphere.SampleCountMin:4.0]]
[2025.12.18-08.01.04:232][  0]LogConfig: Setting CVar [[r.SkyAtmosphere.SampleCountMax:128.0]]
[2025.12.18-08.01.04:232][  0]LogConfig: Setting CVar [[r.SkyAtmosphere.TransmittanceLUT.UseSmallFormat:0]]
[2025.12.18-08.01.04:232][  0]LogConfig: Setting CVar [[r.SkyAtmosphere.TransmittanceLUT.SampleCount:10.0]]
[2025.12.18-08.01.04:232][  0]LogConfig: Setting CVar [[r.SkyAtmosphere.MultiScatteringLUT.SampleCount:15.0]]
[2025.12.18-08.01.04:232][  0]LogConfig: Setting CVar [[r.SkyLight.RealTimeReflectionCapture:1]]
[2025.12.18-08.01.04:232][  0]LogConfig: Applying CVar settings from Section [FoliageQuality@3] File [D:/WORKPLACE/Mini_laboratory/MEPhI_VR_term_1/Mini_laboratory/Saved/Config/Windows/Scalability.ini]
[2025.12.18-08.01.04:232][  0]LogConfig: Setting CVar [[foliage.DensityScale:1.0]]
[2025.12.18-08.01.04:232][  0]LogConfig: Setting CVar [[grass.DensityScale:1.0]]
[2025.12.18-08.01.04:232][  0]LogConfig: Applying CVar settings from Section [ShadingQuality@3] File [D:/WORKPLACE/Mini_laboratory/MEPhI_VR_term_1/Mini_laboratory/Saved/Config/Windows/Scalability.ini]
[2025.12.18-08.01.04:232][  0]LogConfig: Setting CVar [[r.HairStrands.SkyLighting.IntegrationType:2]]
[2025.12.18-08.01.04:232][  0]LogConfig: Setting CVar [[r.HairStrands.SkyAO.SampleCount:4]]
[2025.12.18-08.01.04:232][  0]LogConfig: Setting CVar [[r.HairStrands.Visibility.MSAA.SamplePerPixel:4]]
[2025.12.18-08.01.04:232][  0]LogConfig: Applying CVar settings from Section [Startup] File [../../../Engine/Config/ConsoleVariables.ini]
[2025.12.18-08.01.04:234][  0]LogConfig: Setting CVar [[net.UseAdaptiveNetUpdateFrequency:0]]
[2025.12.18-08.01.04:234][  0]LogConfig: Setting CVar [[p.chaos.AllowCreatePhysxBodies:1]]
[2025.12.18-08.01.04:234][  0]LogConfig: Setting CVar [[fx.SkipVectorVMBackendOptimizations:1]]
[2025.12.18-08.01.04:234][  0]LogConfig: Applying CVar settings from Section [ConsoleVariables] File [D:/WORKPLACE/Mini_laboratory/MEPhI_VR_term_1/Mini_laboratory/Saved/Config/Windows/Engine.ini]
[2025.12.18-08.01.04:234][  0]LogConfig: Applying CVar settings from Section [ConsoleVariables] File [D:/WORKPLACE/Mini_laboratory/MEPhI_VR_term_1/Mini_laboratory/Saved/Config/Windows/Editor.ini]
[2025.12.18-08.01.04:235][  0]LogInit: Computer: LAPTOP-RE3L13LG
[2025.12.18-08.01.04:235][  0]LogInit: User: Vladislav
[2025.12.18-08.01.04:235][  0]LogInit: CPU Page size=4096, Cores=4
[2025.12.18-08.01.04:235][  0]LogInit: High frequency timer resolution =10.000000 MHz
[2025.12.18-08.01.04:235][  0]LogMemory: Memory total: Physical=7.9GB (8GB approx)
[2025.12.18-08.01.04:235][  0]LogMemory: Platform Memory Stats for Windows
[2025.12.18-08.01.04:235][  0]LogMemory: Process Physical Memory: 142.89 MB used, 142.89 MB peak
[2025.12.18-08.01.04:235][  0]LogMemory: Process Virtual Memory: 128.39 MB used, 128.39 MB peak
[2025.12.18-08.01.04:235][  0]LogMemory: Physical Memory: 6394.74 MB used,  1665.05 MB free, 8059.80 MB total
[2025.12.18-08.01.04:235][  0]LogMemory: Virtual Memory: 134209864.00 MB used,  7863.61 MB free, 134217728.00 MB total
[2025.12.18-08.01.04:243][  0]LogWindows: WindowsPlatformFeatures enabled
[2025.12.18-08.01.04:316][  0]LogInit: Physics initialised using underlying interface: PhysX
[2025.12.18-08.01.04:317][  0]LogInit: Using OS detected language (ru-RU).
[2025.12.18-08.01.04:317][  0]LogInit: Using OS detected locale (ru-RU).
[2025.12.18-08.01.04:320][  0]LogTextLocalizationManager: No specific localization for 'ru-RU' exists, so the 'ru' localization will be used.
[2025.12.18-08.01.04:322][  0]LogTextLocalizationResource: LocRes '../../../Engine/Content/Localization/Editor/ru/Editor.locres' could not be opened for reading!
[2025.12.18-08.01.04:322][  0]LogTextLocalizationResource: LocRes '../../../Engine/Content/Localization/EditorTutorials/ru/EditorTutorials.locres' could not be opened for reading!
[2025.12.18-08.01.04:322][  0]LogTextLocalizationResource: LocRes '../../../Engine/Content/Localization/Keywords/ru/Keywords.locres' could not be opened for reading!
[2025.12.18-08.01.04:322][  0]LogTextLocalizationResource: LocRes '../../../Engine/Content/Localization/Category/ru/Category.locres' could not be opened for reading!
[2025.12.18-08.01.04:322][  0]LogTextLocalizationResource: LocRes '../../../Engine/Content/Localization/ToolTips/ru/ToolTips.locres' could not be opened for reading!
[2025.12.18-08.01.04:323][  0]LogTextLocalizationResource: LocRes '../../../Engine/Content/Localization/PropertyNames/ru/PropertyNames.locres' could not be opened for reading!
[2025.12.18-08.01.04:323][  0]LogTextLocalizationResource: LocRes '../../../Engine/Content/Localization/Engine/ru/Engine.locres' could not be opened for reading!
[2025.12.18-08.01.04:351][  0]LogWindowsTextInputMethodSystem: Display: IME system deactivated.
[2025.12.18-08.01.04:386][  0]LogSlate: New Slate User Created.  User Index 0, Is Virtual User: 0
[2025.12.18-08.01.04:386][  0]LogSlate: Slate User Registered.  User Index 0, Is Virtual User: 0
[2025.12.18-08.01.04:415][  0]LogD3D11RHI: Loaded GFSDK_Aftermath_Lib.x64.dll
[2025.12.18-08.01.04:442][  0]LogHMD: Failed to initialize OpenVR with code 110
[2025.12.18-08.01.04:442][  0]LogD3D11RHI: D3D11 min allowed feature level: 11_0
[2025.12.18-08.01.04:442][  0]LogD3D11RHI: D3D11 max allowed feature level: 11_0
[2025.12.18-08.01.04:442][  0]LogD3D11RHI: D3D11 adapters:
[2025.12.18-08.01.04:671][  0]LogD3D11RHI:    0. 'NVIDIA GeForce GTX 1650 Ti' (Feature Level 11_0)
[2025.12.18-08.01.04:671][  0]LogD3D11RHI:       3935/0/4029 MB DedicatedVideo/DedicatedSystem/SharedSystem, Outputs:1, VendorId:0x10de
[2025.12.18-08.01.04:741][  0]LogD3D11RHI:    1. 'Intel(R) UHD Graphics' (Feature Level 11_0)
[2025.12.18-08.01.04:741][  0]LogD3D11RHI:       128/0/4029 MB DedicatedVideo/DedicatedSystem/SharedSystem, Outputs:0, VendorId:0x8086
[2025.12.18-08.01.04:747][  0]LogD3D11RHI:    2. 'Microsoft Basic Render Driver' (Feature Level 11_0)
[2025.12.18-08.01.04:747][  0]LogD3D11RHI:       0/0/4029 MB DedicatedVideo/DedicatedSystem/SharedSystem, Outputs:0, VendorId:0x1414
[2025.12.18-08.01.04:747][  0]LogD3D11RHI: Chosen D3D11 Adapter:
[2025.12.18-08.01.04:747][  0]LogD3D11RHI:     Description : NVIDIA GeForce GTX 1650 Ti
[2025.12.18-08.01.04:747][  0]LogD3D11RHI:     VendorId    : 10de
[2025.12.18-08.01.04:747][  0]LogD3D11RHI:     DeviceId    : 1f95
[2025.12.18-08.01.04:747][  0]LogD3D11RHI:     SubSysId    : 3fa317aa
[2025.12.18-08.01.04:747][  0]LogD3D11RHI:     Revision    : 00a1
[2025.12.18-08.01.04:747][  0]LogD3D11RHI:     DedicatedVideoMemory : 4126146560 bytes
[2025.12.18-08.01.04:747][  0]LogD3D11RHI:     DedicatedSystemMemory : 0 bytes
[2025.12.18-08.01.04:747][  0]LogD3D11RHI:     SharedSystemMemory : 4225654784 bytes
[2025.12.18-08.01.04:747][  0]LogD3D11RHI:     AdapterLuid : 0 74556
[2025.12.18-08.01.04:753][  0]LogD3D11RHI: Creating new Direct3DDevice
[2025.12.18-08.01.04:753][  0]LogD3D11RHI:     GPU DeviceId: 0x1f95 (for the marketing name, search the web for "GPU Device Id")
[2025.12.18-08.01.04:753][  0]LogWindows: EnumDisplayDevices:
[2025.12.18-08.01.04:753][  0]LogWindows:    0. 'Intel(R) UHD Graphics' (P:1 D:1)
[2025.12.18-08.01.04:753][  0]LogWindows:    1. 'Intel(R) UHD Graphics' (P:0 D:0)
[2025.12.18-08.01.04:754][  0]LogWindows:    2. 'Intel(R) UHD Graphics' (P:0 D:0)
[2025.12.18-08.01.04:754][  0]LogWindows:    3. 'NVIDIA GeForce GTX 1650 Ti' (P:0 D:0)
[2025.12.18-08.01.04:754][  0]LogWindows: DebugString: PrimaryIsNotTheChoosenAdapter PrimaryIsNotTheChoosenAdapter PrimaryIsNotTheChoosenAdapter 
[2025.12.18-08.01.04:754][  0]LogD3D11RHI:     Adapter Name: NVIDIA GeForce GTX 1650 Ti
[2025.12.18-08.01.04:754][  0]LogD3D11RHI:   Driver Version: 560.76 (internal:32.0.15.6076, unified:560.76)
[2025.12.18-08.01.04:754][  0]LogD3D11RHI:      Driver Date: 7-23-2024
[2025.12.18-08.01.04:754][  0]LogRHI: Texture pool is 2754 MB (70% of 3935 MB)
[2025.12.18-08.01.04:754][  0]LogD3D11RHI: Creating D3DDevice using adapter:
[2025.12.18-08.01.04:754][  0]LogD3D11RHI:     Description : NVIDIA GeForce GTX 1650 Ti
[2025.12.18-08.01.04:754][  0]LogD3D11RHI:     VendorId    : 10de
[2025.12.18-08.01.04:754][  0]LogD3D11RHI:     DeviceId    : 1f95
[2025.12.18-08.01.04:754][  0]LogD3D11RHI:     SubSysId    : 3fa317aa
[2025.12.18-08.01.04:754][  0]LogD3D11RHI:     Revision    : 00a1
[2025.12.18-08.01.04:754][  0]LogD3D11RHI:     DedicatedVideoMemory : 4126146560 bytes
[2025.12.18-08.01.04:754][  0]LogD3D11RHI:     DedicatedSystemMemory : 0 bytes
[2025.12.18-08.01.04:754][  0]LogD3D11RHI:     SharedSystemMemory : 4225654784 bytes
[2025.12.18-08.01.04:754][  0]LogD3D11RHI:     AdapterLuid : 0 74556
[2025.12.18-08.01.04:975][  0]LogD3D11RHI: RHI has support for 64 bit atomics
[2025.12.18-08.01.04:976][  0]LogD3D11RHI: Async texture creation enabled
[2025.12.18-08.01.04:976][  0]LogD3D11RHI: Array index from any shader is supported
[2025.12.18-08.01.04:993][  0]LogD3D11RHI: GPU Timing Frequency: 1000.000000 (Debug: 2 1)
[2025.12.18-08.01.05:051][  0]LogRHI: GeForceNow SDK initialized: 1
[2025.12.18-08.01.07:635][  0]LogTargetPlatformManager: Display: Loaded TargetPlatform 'WindowsNoEditor'
[2025.12.18-08.01.07:643][  0]LogTargetPlatformManager: Display: Loaded TargetPlatform 'Windows'
[2025.12.18-08.01.07:650][  0]LogTargetPlatformManager: Display: Loaded TargetPlatform 'WindowsClient'
[2025.12.18-08.01.07:657][  0]LogTargetPlatformManager: Display: Loaded TargetPlatform 'WindowsServer'
[2025.12.18-08.01.07:657][  0]LogTargetPlatformManager: Display: Building Assets For Windows
[2025.12.18-08.01.07:671][  0]LogAudioDebug: Display: Lib vorbis DLL was dynamically loaded.
[2025.12.18-08.01.07:723][  0]LogTextureFormatOodle: Display: Oodle Texture 2.9.0 init RDO Off
[2025.12.18-08.01.07:781][  0]LogRendererCore: Ray tracing is disabled. Reason: r.RayTracing=0.
[2025.12.18-08.01.07:781][  0]LogShaderCompilers: Guid format shader working directory is -24 characters bigger than the processId version (../../../../../../WORKPLACE/Mini_laboratory/MEPhI_VR_term_1/Mini_laboratory/Intermediate/Shaders/WorkingDirectory/556/).
[2025.12.18-08.01.07:781][  0]LogShaderCompilers: Cleaned the shader compiler working directory 'C:/Users/Владислав/AppData/Local/Temp/UnrealShaderWorkingDir/44D556E245943E6AF95934B40C5A1B24/'.
[2025.12.18-08.01.07:782][  0]LogXGEController: Cannot use XGE Controller as Incredibuild is not installed on this machine.
[2025.12.18-08.01.07:782][  0]LogShaderCompilers: Cannot use XGE Shader Compiler as Incredibuild is not installed on this machine.
[2025.12.18-08.01.07:782][  0]LogShaderCompilers: Display: Using Local Shader Compiler.
[2025.12.18-08.01.08:746][  0]LogDerivedDataCache: Display: Max Cache Size: 512 MB
[2025.12.18-08.01.08:839][  0]LogDerivedDataCache: Loaded boot cache 0.09s 94MB C:/Users/Владислав/AppData/Local/UnrealEngine/4.27/DerivedDataCache/Boot.ddc.
[2025.12.18-08.01.08:839][  0]LogDerivedDataCache: Display: Loaded Boot cache: C:/Users/Владислав/AppData/Local/UnrealEngine/4.27/DerivedDataCache/Boot.ddc
[2025.12.18-08.01.08:839][  0]LogDerivedDataCache: FDerivedDataBackendGraph:  Pak pak cache file ../../../../../../WORKPLACE/Mini_laboratory/MEPhI_VR_term_1/Mini_laboratory/DerivedDataCache/DDC.ddp not found, will not use a pak cache.
[2025.12.18-08.01.08:839][  0]LogDerivedDataCache: Unable to find inner node Pak for hierarchical cache Hierarchy.
[2025.12.18-08.01.08:839][  0]LogDerivedDataCache: FDerivedDataBackendGraph:  CompressedPak pak cache file ../../../../../../WORKPLACE/Mini_laboratory/MEPhI_VR_term_1/Mini_laboratory/DerivedDataCache/Compressed.ddp not found, will not use a pak cache.
[2025.12.18-08.01.08:839][  0]LogDerivedDataCache: Unable to find inner node CompressedPak for hierarchical cache Hierarchy.
[2025.12.18-08.01.08:856][  0]LogDerivedDataCache: Display: Pak cache opened for reading ../../../Engine/DerivedDataCache/Compressed.ddp.
[2025.12.18-08.01.08:856][  0]LogDerivedDataCache: FDerivedDataBackendGraph:  EnterprisePak pak cache file ../../../Enterprise/DerivedDataCache/Compressed.ddp not found, will not use a pak cache.
[2025.12.18-08.01.08:856][  0]LogDerivedDataCache: Unable to find inner node EnterprisePak for hierarchical cache Hierarchy.
[2025.12.18-08.01.08:912][  0]LogDerivedDataCache: Speed tests for C:/Users/Владислав/AppData/Local/UnrealEngine/Common/DerivedDataCache took 0.06 seconds
[2025.12.18-08.01.08:912][  0]LogDerivedDataCache: Display: Performance to C:/Users/Владислав/AppData/Local/UnrealEngine/Common/DerivedDataCache: Latency=0.03ms. RandomReadSpeed=396.15MBs, RandomWriteSpeed=17.36MBs. Assigned SpeedClass 'Local'
[2025.12.18-08.01.08:913][  0]LogDerivedDataCache: Using Local data cache path C:/Users/Владислав/AppData/Local/UnrealEngine/Common/DerivedDataCache: Writable
[2025.12.18-08.01.08:913][  0]LogDerivedDataCache: Shared data cache path not found in *engine.ini, will not use an Shared cache.
[2025.12.18-08.01.08:914][  0]LogDerivedDataCache: Unable to find inner node Shared for hierarchical cache Hierarchy.
[2025.12.18-08.01.08:976][  0]LogSlate: Using FreeType 2.10.0
[2025.12.18-08.01.08:977][  0]LogSlate: SlateFontServices - WITH_FREETYPE: 1, WITH_HARFBUZZ: 1
[2025.12.18-08.01.09:119][  0]LogInit: Using OS detected language (ru-RU).
[2025.12.18-08.01.09:119][  0]LogInit: Using OS detected locale (ru-RU).
[2025.12.18-08.01.09:119][  0]LogTextLocalizationManager: No localization for 'ru-RU' exists, so 'en' will be used for the language.
[2025.12.18-08.01.09:119][  0]LogTextLocalizationManager: No localization for 'ru-RU' exists, so 'en' will be used for the locale.
[2025.12.18-08.01.09:120][  0]LogSlate: FontCache flush requested. Reason: Culture for localization was changed
[2025.12.18-08.01.09:120][  0]LogSlate: FontCache flush requested. Reason: Culture for localization was changed
[2025.12.18-08.01.09:125][  0]LogAssetRegistry: FAssetRegistry took 0.0032 seconds to start up
[2025.12.18-08.01.09:357][  0]LogTextLocalizationManager: Compacting localization data took   0.01ms
[2025.12.18-08.01.09:357][  0]LogPackageLocalizationCache: Processed 27 localized package path(s) for 1 prioritized culture(s) in 0.004293 seconds
[2025.12.18-08.01.09:440][  0]LogInit: Selected Device Profile: [Windows]
[2025.12.18-08.01.09:440][  0]LogInit: Active device profile: [0000012F86E6AF00][0000012F8584DBC0 49] Windows
[2025.12.18-08.01.09:440][  0]LogInit: Profiles: [0000012F86E6AF00][0000012F8584DBC0 49] Windows, [0000012F86E19300][0000012F87B6E1C0 49] WindowsNoEditor, [0000012F86E69300][0000012F87B72340 49] WindowsServer, [0000012F86E1A800][0000012F87B764C0 49] WindowsClient, [0000012F86E6A700][0000012F87B7A640 49] IOS, [0000012F86E19B00][0000012F87B7E7C0 49] iPadAir, [0000012F86E69A00][0000012F87B82940 49] iPadAir2, [0000012F86DB7800][0000012F87B8AC00 49] IPadPro, [0000012F86DB7900][0000012F87B86C40 49] iPadAir3, [0000012F86E6B000][0000012F87B8EDC0 49] iPadAir4, [0000012F86DB5800][0000012F87B92F40 49] iPadMini2, [0000012F86E69200][0000012F87B970C0 49] iPadMini3, [0000012F86DB7A00][0000012F87B9B240 49] iPadMini4, [0000012F86E6A900][0000012F87B9F3C0 49] iPadMini5, [0000012F86DF3100][0000012F87BA7680 49] iPhone6, [0000012F86DF3200][0000012F87BA36C0 49] iPodTouch6, [0000012F86DB4700][0000012F85849940 49] iPhone7, [0000012F86DB4600][0000012F87BAB980 49] iPodTouch7, [0000012F86DF1700][0000012F87BAFAC0 49] iPhone5S, [0000012F86DB7200][0000012F87BB3C00 49] iPhone6Plus, [0000012F86DF2300][0000012F87BB61C0 49] iPhone6S, [0000012F86DB5400][0000012F87BBE340 49] iPhone6SPlus, [0000012F86DF1600][0000012F87BC24C0 49] iPhone7Plus, [0000012F86DB7300][0000012F87BC6640 49] iPhoneSE, [0000012F86DF2500][0000012F87BCA7C0 49] iPhone8, [0000012F86DB6000][0000012F87BCE940 49] iPhone8Plus, [0000012F86DF1B00][0000012F87BD2AC0 49] iPhoneX, [0000012F86DB6A00][0000012F87BD6C40 49] iPhoneXS, [0000012F86DF1400][0000012F87BDADC0 49] iPhoneXSMax, [0000012F86DB4100][0000012F87BDEF40 49] iPhoneXR, [0000012F86DF0900][0000012F87BE30C0 49] iPhone11, [0000012F86DB7000][0000012F87BE7240 49] iPhone11Pro, [0000012F86DF0D00][0000012F87BEB3C0 49] iPhone11ProMax, [0000012F86DB5A00][0000012F87BEF540 49] iPhoneSE2, [0000012F86DF1D00][0000012F87BF36C0 49] iPhone12Mini, [0000012F86DB5000][0000012F87BF7840 49] iPhone12, [0000012F86DF2900][0000012F87BFB9C0 49] iPhone12Pro, [0000012F86DB4200][0000012F87BBBB00 49] iPhone12ProMax, [0000012F86DF2000][0000012F87BFE0C0 49] iPadPro105, [0000012F86DB5200][0000012F87C02200 49] iPadPro129, [0000012F86DF0E00][0000012F87C06340 49] iPadPro97, [0000012F86DB7B00][0000012F87C0E4C0 49] iPadPro2_129, [0000012F86DF3F00][0000012F87C12640 49] iPad5, [0000012F86DB4800][0000012F87C167C0 49] iPad6, [0000012F86DF0C00][0000012F87C1A940 49] iPad7, [0000012F86DB4900][0000012F87C1EAC0 49] iPad8, [0000012F86DF2B00][0000012F87C22C40 49] iPadPro11, [0000012F86DB4C00][0000012F87C26DC0 49] iPadPro2_11, [0000012F86DF2800][0000012F87C2AF40 49] iPadPro3_129, [0000012F86DB7D00][0000012F87C2F0C0 49] iPadPro4_129, [0000012F86DF1500][0000012F87C33240 49] AppleTV, [0000012F86DB6800][0000012F87C373C0 49] AppleTV4K, [0000012F86DF0400][0000012F87C3B540 49] TVOS, [0000012F86EA8800][0000012F87C3F6C0 49] Mac, [0000012F86E18F00][0000012F87C43840 49] MacClient, [0000012F86EA8200][0000012F87C479C0 49] MacNoEditor, [0000012F86E18400][0000012F87C4BB40 49] MacServer, [0000012F86EA8A00][0000012F87C4E140 49] Linux, [0000012F86E1AD00][0000012F87C0A280 49] LinuxAArch64, [0000012F86EA9800][0000012F87C523C0 49] LinuxNoEditor, [0000012F86E1A900][0000012F87C56500 49] LinuxAArch64NoEditor, [0000012F86EA8D00][0000012F81942680 49] LinuxClient, [0000012F86E1BC00][0000012F81946800 49] LinuxAArch64Client, [0000012F86EA9000][0000012F8194A980 49] LinuxServer, [0000012F86E19600][0000012F8194EB00 49] LinuxAArch64Server, [0000012F86EA9700][0000012F81952C80 49] Android, [0000012F86E19000][0000012F81956E00 49] Android_Low, [0000012F86EA9300][0000012F8195AF80 49] Android_Mid, [0000012F86E19800][0000012F8195F100 49] Android_High, [0000012F86EA8900][0000012F81963280 49] Android_Default, [0000012F86E19D00][0000012F81967400 49] Android_Adreno4xx, [0000012F86DF2200][0000012F8196B580 49] Android_Adreno5xx_Low, [0000012F86DB4A00][0000012F8196F700 49] Android_Adreno5xx, [0000012F86DF2E00][0000012F81973880 49] Android_Adreno6xx, [0000012F86DB6300][0000012F81977A00 49] Android_Adreno6xx_Vulkan, [0000012F86DF2F00][0000012F81847B80 49] Android_Mali_T6xx, [0000012F86DB5500][0000012F8184A180 49] Android_Mali_T7xx, [0000012F86DF0100][0000012F8184E300 49] Android_Mali_T8xx, [0000012F86DB6D00][0000012F87C5A440 49] Android_Mali_G71, [0000012F86DF1000][0000012F81852580 49] Android_Mali_G72, [0000012F86DB4400][0000012F818566C0 49] Android_Mali_G72_Vulkan, [0000012F86DF3600][0000012F8185E840 49] Android_Mali_G76, [0000012F86DB5C00][0000012F818629C0 49] Android_Mali_G76_Vulkan, [0000012F86DF0700][0000012F81866B40 49] Android_Mali_G77, [0000012F86DB5E00][0000012F8186ACC0 49] Android_Mali_G77_Vulkan, [0000012F86DF2400][0000012F8186EE40 49] Android_Mali_G78, [0000012F86DB5700][0000012F81872FC0 49] Android_Mali_G78_Vulkan, [0000012F86DF3A00][0000012F81877140 49] Android_Mali_G710, [0000012F86DB6F00][0000012F8187B2C0 49] Android_Mali_G710_Vulkan, [0000012F86DF3E00][0000012F8187F440 49] Android_Vulkan_SM5, [0000012F86DB5F00][0000012F818835C0 49] Android_PowerVR_G6xxx, [0000012F86EA8100][0000012F81887740 49] Android_PowerVR_GT7xxx, [0000012F86DB7700][0000012F8188B8C0 49] Android_PowerVR_GE8xxx, [0000012F86EA8700][0000012F8188FA40 49] Android_PowerVR_GM9xxx, [0000012F86DB6700][0000012FFC31DBC0 49] Android_PowerVR_GM9xxx_Vulkan, [0000012F86EA8B00][0000012FFC3201C0 49] Android_TegraK1, [0000012F86DB7500][0000012FFC324340 49] Android_Unknown_Vulkan, [0000012F86EA8E00][0000012FFC3284C0 49] Lumin, [0000012F86DB6500][0000012F8185A600 49] Lumin_Desktop, [0000012F86EA9A00][0000012FFC32C740 49] HoloLens, 
[2025.12.18-08.01.09:484][  0]LogMeshReduction: Using QuadricMeshReduction for automatic static mesh reduction
[2025.12.18-08.01.09:484][  0]LogMeshReduction: Using SimplygonMeshReduction for automatic skeletal mesh reduction
[2025.12.18-08.01.09:484][  0]LogMeshReduction: Using ProxyLODMeshReduction for automatic mesh merging
[2025.12.18-08.01.09:484][  0]LogMeshReduction: No distributed automatic mesh merging module available
[2025.12.18-08.01.09:484][  0]LogMeshMerging: No distributed automatic mesh merging module available
[2025.12.18-08.01.09:598][  0]LogNetVersion: Mini_laboratory 1.0.0, NetCL: 17155196, EngineNetVer: 17, GameNetVer: 0 (Checksum: 65826005)
[2025.12.18-08.01.09:874][  0]LogTexture: Default maximum texture size for cubemaps generated from long-lat sources has been changed from 512 to unlimited. In order to preserve old behaiour for '/Engine/MapTemplates/Sky/DaylightAmbientCubemap.DaylightAmbientCubemap', its maximum texture size has been explicitly set to 512.
[2025.12.18-08.01.09:940][  0]LogHMD: PokeAHoleMaterial loaded successfully
[2025.12.18-08.01.10:055][  0]LogMoviePlayer: Initializing movie player
[2025.12.18-08.01.10:277][  0]LogNiagaraDebuggerClient: Niagara Debugger Client Initialized | Session: B18E498249444E0476FD3C84B7EBCCFE | Instance: 99A6D9FB47676061EEF955A81795BFF2 (LAPTOP-RE3L13LG-556).
[2025.12.18-08.01.10:299][  0]LogCollectionManager: Loaded 0 collections in 0.001062 seconds
[2025.12.18-08.01.10:303][  0]LogFileCache: Scanning file cache for directory 'D:/WORKPLACE/Mini_laboratory/MEPhI_VR_term_1/Mini_laboratory/Saved/Collections/' took 0.00s
[2025.12.18-08.01.10:303][  0]LogFileCache: Scanning file cache for directory 'D:/WORKPLACE/Mini_laboratory/MEPhI_VR_term_1/Mini_laboratory/Content/Developers/Vladislav/Collections/' took 0.00s
[2025.12.18-08.01.10:303][  0]LogFileCache: Scanning file cache for directory 'D:/WORKPLACE/Mini_laboratory/MEPhI_VR_term_1/Mini_laboratory/Content/Collections/' took 0.00s
[2025.12.18-08.01.10:303][  0]LogCollectionManager: Fixed up redirectors for 0 collections in 0.000002 seconds (updated 0 objects)
[2025.12.18-08.01.10:323][  0]LogPython: Using Python 3.7.7
[2025.12.18-08.01.10:851][  0]LogUdpMessaging: Initializing bridge on interface 0.0.0.0:0 to multicast group 230.0.0.1:6666.
[2025.12.18-08.01.10:858][  0]LogTcpMessaging: Initializing TcpMessaging bridge
[2025.12.18-08.01.11:070][  0]LogOpenImageDenoise: OIDN starting up
[2025.12.18-08.01.11:082][  0]LogAndroidPermission: UAndroidPermissionCallbackProxy::GetInstance
[2025.12.18-08.01.11:105][  0]LogAudioCaptureCore: Display: No Audio Capture implementations found. Audio input will be silent.
[2025.12.18-08.01.11:105][  0]LogAudioCaptureCore: Display: No Audio Capture implementations found. Audio input will be silent.
[2025.12.18-08.01.11:177][  0]SourceControl: Source control is disabled
[2025.12.18-08.01.11:177][  0]SourceControl: Source control is disabled
[2025.12.18-08.01.11:180][  0]SourceControl: Source control is disabled
[2025.12.18-08.01.11:187][  0]LogUProjectInfo: Found projects:
[2025.12.18-08.01.11:216][  0]LogOcInput: OculusInput pre-init called
[2025.12.18-08.01.11:226][  0]LogUObjectArray: 22121 objects as part of root set at end of initial load.
[2025.12.18-08.01.11:226][  0]LogUObjectAllocator: 5975632 out of 0 bytes used by permanent object pool.
[2025.12.18-08.01.11:226][  0]LogUObjectArray: CloseDisregardForGC: 0/0 objects in disregard for GC pool
[2025.12.18-08.01.11:276][  0]LogEngine: Initializing Engine...
[2025.12.18-08.01.11:281][  0]LogHMD: Failed to enumerate extensions. Please check that you have a valid OpenXR runtime installed.
[2025.12.18-08.01.11:281][  0]LogHMD: Failed to initialize OpenVR with code 110
[2025.12.18-08.01.11:281][  0]LogMagicLeap: Warning: VR disabled because ZI is not enabled.  To enable, in the editor, Edit -> Project Settings -> Plugins -> Magic Leap Plugin -> Enable Zero Iteration
[2025.12.18-08.01.11:283][  0]LogStats: UGameplayTagsManager::InitializeManager -  0.000 s
[2025.12.18-08.01.11:419][  0]LogInit: Initializing FReadOnlyCVARCache
[2025.12.18-08.01.11:419][  0]LogAudio: Display: Initializing Audio Device Manager...
[2025.12.18-08.01.11:423][  0]LogAudio: Display: Loading Default Audio Settings Objects...
[2025.12.18-08.01.11:424][  0]LogAudio: Display: No default SoundConcurrencyObject specified (or failed to load).
[2025.12.18-08.01.11:425][  0]LogAudio: Display: Audio Device Manager Initialized
[2025.12.18-08.01.11:425][  0]LogAudio: Display: Creating Audio Device:                 Id: 1, Scope: Shared, Realtime: True
[2025.12.18-08.01.11:425][  0]LogAudioMixer: Display: Audio Mixer Platform Settings:
[2025.12.18-08.01.11:425][  0]LogAudioMixer: Display: 	Sample Rate:						  48000
[2025.12.18-08.01.11:425][  0]LogAudioMixer: Display: 	Callback Buffer Frame Size Requested: 1024
[2025.12.18-08.01.11:425][  0]LogAudioMixer: Display: 	Callback Buffer Frame Size To Use:	  1024
[2025.12.18-08.01.11:425][  0]LogAudioMixer: Display: 	Number of buffers to queue:			  2
[2025.12.18-08.01.11:425][  0]LogAudioMixer: Display: 	Max Channels (voices):				  32
[2025.12.18-08.01.11:425][  0]LogAudioMixer: Display: 	Number of Async Source Workers:		  0
[2025.12.18-08.01.11:425][  0]LogAudio: Display: AudioDevice MaxSources: 32
[2025.12.18-08.01.11:425][  0]LogAudio: Display: Audio Spatialization Plugin: None (built-in).
[2025.12.18-08.01.11:425][  0]LogAudio: Display: Audio Reverb Plugin: None (built-in).
[2025.12.18-08.01.11:425][  0]LogAudio: Display: Audio Occlusion Plugin: None (built-in).
[2025.12.18-08.01.11:426][  0]LogAudioMixer: Display: Initializing audio mixer.
[2025.12.18-08.01.11:456][  0]LogAudioMixer: Display: 0: FrontLeft
[2025.12.18-08.01.11:456][  0]LogAudioMixer: Display: 1: FrontRight
[2025.12.18-08.01.11:476][  0]LogAudioMixer: Display: Using Audio Device Динамики (Realtek(R) Audio)
[2025.12.18-08.01.11:482][  0]LogAudioMixer: Display: Initializing Sound Submixes...
[2025.12.18-08.01.11:484][  0]LogAudioMixer: Display: Creating Master Submix 'MasterSubmixDefault'
[2025.12.18-08.01.11:484][  0]LogAudioMixer: Display: Creating Master Submix 'MasterReverbSubmixDefault'
[2025.12.18-08.01.11:485][  0]LogAudioMixer: Display: Creating Master Submix 'MasterEQSubmixDefault'
[2025.12.18-08.01.11:485][  0]LogAudioMixer: FMixerPlatformXAudio2::StartAudioStream() called
[2025.12.18-08.01.11:485][  0]LogAudioMixer: Display: Output buffers initialized: Frames=1024, Channels=2, Samples=2048
[2025.12.18-08.01.11:486][  0]LogAudioMixer: Display: Starting AudioMixerPlatformInterface::RunInternal()
[2025.12.18-08.01.11:486][  0]LogAudioMixer: Display: FMixerPlatformXAudio2::SubmitBuffer() called for the first time
[2025.12.18-08.01.11:486][  0]LogInit: FAudioDevice initialized.
[2025.12.18-08.01.11:488][  0]LogNetVersion: Set ProjectVersion to 1.0.0.0. Version Checksum will be recalculated on next use.
[2025.12.18-08.01.11:492][  0]LogInit: Texture streaming: Enabled
[2025.12.18-08.01.11:598][  0]LogAudio: Display: Audio Device (ID: 1) registered with world 'Untitled'.
[2025.12.18-08.01.11:599][  0]LogSlate: Updating window title bar state: overlay mode, drag disabled, window buttons hidden, title bar hidden
[2025.12.18-08.01.11:600][  0]LogInit: Display: Game Engine Initialized.
[2025.12.18-08.01.11:600][  0]LogNiagaraEditor: GEditor isn't valid! Particle reset commands will not work for Niagara components!
[2025.12.18-08.01.11:751][  0]LogInit: Display: Starting Game.
[2025.12.18-08.01.11:752][  0]LogNet: Browse: /Game/Workplace/Maps/FirstLevel?Name=Player
[2025.12.18-08.01.11:752][  0]LogLoad: LoadMap: /Game/Workplace/Maps/FirstLevel?Name=Player
[2025.12.18-08.01.11:752][  0]LogWorld: BeginTearingDown for /Temp/Untitled_0
[2025.12.18-08.01.11:754][  0]LogWorld: UWorld::CleanupWorld for Untitled, bSessionEnded=true, bCleanupResources=true
[2025.12.18-08.01.11:754][  0]LogSlate: InvalidateAllWidgets triggered.  All widgets were invalidated
[2025.12.18-08.01.11:760][  0]LogAudio: Display: Audio Device unregistered from world 'None'.
[2025.12.18-08.01.11:764][  0]LogUObjectHash: Compacting FUObjectHashTables data took   0.91ms
[2025.12.18-08.01.11:978][  0]LogAudio: Display: Audio Device (ID: 1) registered with world 'FirstLevel'.
[2025.12.18-08.01.11:988][  0]LogAIModule: Creating AISystem for world FirstLevel
[2025.12.18-08.01.11:992][  0]LogUObjectGlobals: Warning: Failed to load '/Script/Blutility': Can't find file.
[2025.12.18-08.01.11:992][  0]LogLinker: Warning: CreateExport: Failed to load Parent for WidgetBlueprintGeneratedClass /Game/Workplace/FirstPerson/FirstPersonBP/Blueprints/BPW_Crosshair.BPW_Crosshair_C
[2025.12.18-08.01.11:992][  0]LogLinker: Warning: Unable to load Default__BPW_Crosshair_C with outer Package /Game/Workplace/FirstPerson/FirstPersonBP/Blueprints/BPW_Crosshair because its class does not exist
[2025.12.18-08.01.11:993][  0]LogUObjectGlobals: Warning: Failed to load '/Script/Blutility': Can't find file.
[2025.12.18-08.01.11:993][  0]LogUObjectGlobals: Warning: Failed to load '/Script/Blutility': Can't find file.
[2025.12.18-08.01.11:993][  0]LogLinker: Warning: Unable to load BPW_Crosshair with outer Package /Game/Workplace/FirstPerson/FirstPersonBP/Blueprints/BPW_Crosshair because its class does not exist
[2025.12.18-08.01.11:993][  0]LogUObjectGlobals: Warning: Failed to load '/Script/Blutility': Can't find file.
[2025.12.18-08.01.11:993][  0]LogLinker: Warning: CreateExport: Failed to load Parent for WidgetBlueprintGeneratedClass /Game/Workplace/FirstPerson/FirstPersonBP/Blueprints/BPW_Crosshair.BPW_Crosshair_C
[2025.12.18-08.01.11:993][  0]LogUObjectGlobals: Warning: Failed to load '/Script/Blutility': Can't find file.
[2025.12.18-08.01.11:993][  0]LogLinker: Warning: CreateExport: Failed to load Parent for WidgetBlueprintGeneratedClass /Game/Workplace/FirstPerson/FirstPersonBP/Blueprints/BPW_Crosshair.BPW_Crosshair_C
[2025.12.18-08.01.11:993][  0]LogUObjectGlobals: Warning: Failed to load '/Script/Blutility': Can't find file.
[2025.12.18-08.01.11:993][  0]LogLinker: Warning: CreateExport: Failed to load Parent for WidgetBlueprintGeneratedClass /Game/Workplace/FirstPerson/FirstPersonBP/Blueprints/BPW_Crosshair.BPW_Crosshair_C
[2025.12.18-08.01.11:993][  0]LogUObjectGlobals: Warning: Failed to load '/Script/Blutility': Can't find file.
[2025.12.18-08.01.11:993][  0]LogLinker: Warning: CreateExport: Failed to load Parent for WidgetBlueprintGeneratedClass /Game/Workplace/FirstPerson/FirstPersonBP/Blueprints/BPW_Crosshair.BPW_Crosshair_C
[2025.12.18-08.01.11:993][  0]LogUObjectGlobals: Warning: Failed to load '/Script/Blutility': Can't find file.
[2025.12.18-08.01.11:993][  0]LogLinker: Warning: CreateExport: Failed to load Parent for WidgetBlueprintGeneratedClass /Game/Workplace/FirstPerson/FirstPersonBP/Blueprints/BPW_Crosshair.BPW_Crosshair_C
[2025.12.18-08.01.11:994][  0]LogUObjectGlobals: Warning: Failed to load '/Script/Blutility': Can't find file.
[2025.12.18-08.01.11:994][  0]LogLinker: Warning: CreateExport: Failed to load Parent for WidgetBlueprintGeneratedClass /Game/Workplace/FirstPerson/FirstPersonBP/Blueprints/BPW_Crosshair.BPW_Crosshair_C
[2025.12.18-08.01.11:995][  0]LogUObjectGlobals: Warning: [AssetLog] D:\WORKPLACE\Mini_laboratory\MEPhI_VR_term_1\Mini_laboratory\Content\Workplace\FirstPerson\FirstPersonBP\Blueprints\BP_FirstPerson.uasset: Failed to load '/Script/Blutility': Can't find file.
[2025.12.18-08.01.11:995][  0]LogLinker: Warning: CreateExport: Failed to load Parent for WidgetBlueprintGeneratedClass /Game/Workplace/FirstPerson/FirstPersonBP/Blueprints/BPW_Crosshair.BPW_Crosshair_C
[2025.12.18-08.01.11:998][  0]LogUObjectGlobals: Warning: [AssetLog] D:\WORKPLACE\Mini_laboratory\MEPhI_VR_term_1\Mini_laboratory\Content\Workplace\FirstPerson\FirstPersonBP\Blueprints\BP_FirstPerson.uasset: Failed to load '/Script/Blutility': Can't find file.
[2025.12.18-08.01.11:998][  0]LogLinker: Warning: CreateExport: Failed to load Parent for WidgetBlueprintGeneratedClass /Game/Workplace/FirstPerson/FirstPersonBP/Blueprints/BPW_Crosshair.BPW_Crosshair_C
[2025.12.18-08.01.11:998][  0]LogUObjectGlobals: Warning: [AssetLog] D:\WORKPLACE\Mini_laboratory\MEPhI_VR_term_1\Mini_laboratory\Content\Workplace\FirstPerson\FirstPersonBP\Blueprints\BP_FirstPerson.uasset: Failed to load '/Script/Blutility': Can't find file.
[2025.12.18-08.01.11:998][  0]LogLinker: Warning: CreateExport: Failed to load Parent for WidgetBlueprintGeneratedClass /Game/Workplace/FirstPerson/FirstPersonBP/Blueprints/BPW_Crosshair.BPW_Crosshair_C
[2025.12.18-08.01.11:998][  0]LogUObjectGlobals: Warning: [AssetLog] D:\WORKPLACE\Mini_laboratory\MEPhI_VR_term_1\Mini_laboratory\Content\Workplace\FirstPerson\FirstPersonBP\Blueprints\BP_FirstPerson.uasset: Failed to load '/Script/Blutility': Can't find file.
[2025.12.18-08.01.11:999][  0]LogLinker: Warning: CreateExport: Failed to load Parent for WidgetBlueprintGeneratedClass /Game/Workplace/FirstPerson/FirstPersonBP/Blueprints/BPW_Crosshair.BPW_Crosshair_C
[2025.12.18-08.01.11:999][  0]LogUObjectGlobals: Warning: [AssetLog] D:\WORKPLACE\Mini_laboratory\MEPhI_VR_term_1\Mini_laboratory\Content\Workplace\FirstPerson\FirstPersonBP\Blueprints\BP_FirstPerson.uasset: Failed to load '/Script/Blutility': Can't find file.
[2025.12.18-08.01.11:999][  0]LogLinker: Warning: CreateExport: Failed to load Parent for WidgetBlueprintGeneratedClass /Game/Workplace/FirstPerson/FirstPersonBP/Blueprints/BPW_Crosshair.BPW_Crosshair_C
[2025.12.18-08.01.11:999][  0]LogUObjectGlobals: Warning: [AssetLog] D:\WORKPLACE\Mini_laboratory\MEPhI_VR_term_1\Mini_laboratory\Content\Workplace\FirstPerson\FirstPersonBP\Blueprints\BP_FirstPerson.uasset: Failed to load '/Script/Blutility': Can't find file.
[2025.12.18-08.01.11:999][  0]LogLinker: Warning: CreateExport: Failed to load Parent for WidgetBlueprintGeneratedClass /Game/Workplace/FirstPerson/FirstPersonBP/Blueprints/BPW_Crosshair.BPW_Crosshair_C
[2025.12.18-08.01.11:999][  0]LogUObjectGlobals: Warning: [AssetLog] D:\WORKPLACE\Mini_laboratory\MEPhI_VR_term_1\Mini_laboratory\Content\Workplace\FirstPerson\FirstPersonBP\Blueprints\BP_FirstPerson.uasset: Failed to load '/Script/Blutility': Can't find file.
[2025.12.18-08.01.11:999][  0]LogLinker: Warning: CreateExport: Failed to load Parent for WidgetBlueprintGeneratedClass /Game/Workplace/FirstPerson/FirstPersonBP/Blueprints/BPW_Crosshair.BPW_Crosshair_C
[2025.12.18-08.01.12:020][  0]LogBlueprint: Error: [AssetLog] D:\WORKPLACE\Mini_laboratory\MEPhI_VR_term_1\Mini_laboratory\Content\Workplace\FirstPerson\FirstPersonBP\Blueprints\BP_FirstPerson.uasset: [Compiler] Spawn node  Create Widget  must have a class specified.
[2025.12.18-08.01.12:023][  0]LogBlueprint: Error: [AssetLog] D:\WORKPLACE\Mini_laboratory\MEPhI_VR_term_1\Mini_laboratory\Content\Workplace\FirstPerson\FirstPersonBP\Blueprints\BP_FirstPerson.uasset: [Compiler] In use pin  BPW_Crosshair  no longer exists on node  Get . Please refresh node or break links to remove pin.
[2025.12.18-08.01.12:023][  0]LogBlueprint: Error: [AssetLog] D:\WORKPLACE\Mini_laboratory\MEPhI_VR_term_1\Mini_laboratory\Content\Workplace\FirstPerson\FirstPersonBP\Blueprints\BP_FirstPerson.uasset: [Compiler] In use pin  BPW_Crosshair  no longer exists on node  Set . Please refresh node or break links to remove pin.
[2025.12.18-08.01.12:023][  0]LogBlueprint: Error: [AssetLog] D:\WORKPLACE\Mini_laboratory\MEPhI_VR_term_1\Mini_laboratory\Content\Workplace\FirstPerson\FirstPersonBP\Blueprints\BP_FirstPerson.uasset: [Compiler] In use pin  <Unnamed>  no longer exists on node  Set . Please refresh node or break links to remove pin.
[2025.12.18-08.01.12:040][  0]LogUObjectGlobals: Warning: [AssetLog] D:\WORKPLACE\Mini_laboratory\MEPhI_VR_term_1\Mini_laboratory\Content\Workplace\FirstPerson\FirstPersonBP\Blueprints\BPW_Crosshair.uasset: Failed to load '/Script/Blutility': Can't find file.
[2025.12.18-08.01.12:040][  0]LogLinker: Warning: CreateExport: Failed to load Parent for WidgetBlueprintGeneratedClass /Game/Workplace/FirstPerson/FirstPersonBP/Blueprints/BPW_Crosshair.BPW_Crosshair_C
[2025.12.18-08.01.12:043][  0]LogLoad: Game class is 'BP_GameMode_C'
[2025.12.18-08.01.12:059][  0]LogWorld: Bringing World /Game/Workplace/Maps/FirstLevel.FirstLevel up for play (max tick rate 0) at 2025.12.18-11.01.12
[2025.12.18-08.01.12:060][  0]LogWorld: Bringing up level for play took: 0.014626
[2025.12.18-08.01.12:061][  0]LogSpawn: Warning: SpawnActor failed because no class was specified
[2025.12.18-08.01.12:062][  0]LogLoad: Took 0.310321 seconds to LoadMap(/Game/Workplace/Maps/FirstLevel)
[2025.12.18-08.01.12:094][  0]LogSlate: Took 0.000244 seconds to synchronously load lazily loaded font '../../../Engine/Content/Slate/Fonts/Roboto-Regular.ttf' (155K)
[2025.12.18-08.01.12:123][  0]LogRenderer: Reallocating scene render targets to support 1068x600 Format 10 NumSamples 1 (Frame:1).
[2025.12.18-08.01.12:123][  0]LogInit: Display: Engine is initialized. Leaving FEngineLoop::Init()
[2025.12.18-08.01.12:123][  0]LogLoad: (Engine Initialization) Total time: 9.57 seconds
[2025.12.18-08.01.12:123][  0]LogLoad: (Engine Initialization) Total Blueprint compile time: 0.00 seconds
[2025.12.18-08.01.12:135][  0]LoadErrors: Warning: CreateExport: Failed to load Outer for resource 'WidgetTree': EditorUtilityWidgetBlueprint /Game/Workplace/FirstPerson/FirstPersonBP/Blueprints/BPW_Crosshair.BPW_Crosshair
[2025.12.18-08.01.12:135][  0]LoadErrors: Warning: CreateExport: Failed to load Outer for resource 'CanvasPanel_0': WidgetTree /Game/Workplace/FirstPerson/FirstPersonBP/Blueprints/BPW_Crosshair.BPW_Crosshair:WidgetTree
[2025.12.18-08.01.12:135][  0]LoadErrors: Warning: CreateExport: Failed to load Outer for resource 'WidgetTree': WidgetBlueprintGeneratedClass /Game/Workplace/FirstPerson/FirstPersonBP/Blueprints/BPW_Crosshair.BPW_Crosshair_C
[2025.12.18-08.01.12:135][  0]LoadErrors: Warning: CreateExport: Failed to load Outer for resource 'CanvasPanel_0': WidgetTree /Game/Workplace/FirstPerson/FirstPersonBP/Blueprints/BPW_Crosshair.BPW_Crosshair_C:WidgetTree
[2025.12.18-08.01.12:135][  0]LoadErrors: Warning: CreateExport: Failed to load Outer for resource 'CanvasPanelSlot_0': CanvasPanel /Game/Workplace/FirstPerson/FirstPersonBP/Blueprints/BPW_Crosshair.BPW_Crosshair:WidgetTree.CanvasPanel_0
[2025.12.18-08.01.12:136][  0]LoadErrors: Warning: CreateExport: Failed to load Outer for resource 'CanvasPanelSlot_3': CanvasPanel /Game/Workplace/FirstPerson/FirstPersonBP/Blueprints/BPW_Crosshair.BPW_Crosshair:WidgetTree.CanvasPanel_0
[2025.12.18-08.01.12:136][  0]LoadErrors: Warning: CreateExport: Failed to load Outer for resource 'CanvasPanelSlot_0': CanvasPanel /Game/Workplace/FirstPerson/FirstPersonBP/Blueprints/BPW_Crosshair.BPW_Crosshair_C:WidgetTree.CanvasPanel_0
[2025.12.18-08.01.12:136][  0]LoadErrors: Warning: CreateExport: Failed to load Outer for resource 'CanvasPanelSlot_3': CanvasPanel /Game/Workplace/FirstPerson/FirstPersonBP/Blueprints/BPW_Crosshair.BPW_Crosshair_C:WidgetTree.CanvasPanel_0
[2025.12.18-08.01.12:136][  0]LoadErrors: Warning: CreateExport: Failed to load Outer for resource 'EventGraph': EditorUtilityWidgetBlueprint /Game/Workplace/FirstPerson/FirstPersonBP/Blueprints/BPW_Crosshair.BPW_Crosshair
[2025.12.18-08.01.12:136][  0]LoadErrors: Warning: CreateExport: Failed to load Outer for resource 'ExecuteUbergraph_BPW_Crosshair': WidgetBlueprintGeneratedClass /Game/Workplace/FirstPerson/FirstPersonBP/Blueprints/BPW_Crosshair.BPW_Crosshair_C
[2025.12.18-08.01.12:136][  0]LoadErrors: Warning: CreateExport: Failed to load Outer for resource 'Tick': WidgetBlueprintGeneratedClass /Game/Workplace/FirstPerson/FirstPersonBP/Blueprints/BPW_Crosshair.BPW_Crosshair_C
[2025.12.18-08.01.12:136][  0]LoadErrors: Warning: CreateExport: Failed to load Outer for resource 'Crosshair': WidgetTree /Game/Workplace/FirstPerson/FirstPersonBP/Blueprints/BPW_Crosshair.BPW_Crosshair:WidgetTree
[2025.12.18-08.01.12:136][  0]LoadErrors: Warning: CreateExport: Failed to load Outer for resource 'Crosshair': WidgetTree /Game/Workplace/FirstPerson/FirstPersonBP/Blueprints/BPW_Crosshair.BPW_Crosshair_C:WidgetTree
[2025.12.18-08.01.12:136][  0]LoadErrors: Warning: CreateExport: Failed to load Outer for resource 'K2Node_CallFunction_0': EdGraph /Game/Workplace/FirstPerson/FirstPersonBP/Blueprints/BPW_Crosshair.BPW_Crosshair:EventGraph
[2025.12.18-08.01.12:136][  0]LoadErrors: Warning: CreateExport: Failed to load Outer for resource 'K2Node_CallFunction_1': EdGraph /Game/Workplace/FirstPerson/FirstPersonBP/Blueprints/BPW_Crosshair.BPW_Crosshair:EventGraph
[2025.12.18-08.01.12:136][  0]LoadErrors: Warning: CreateExport: Failed to load Outer for resource 'K2Node_DynamicCast_0': EdGraph /Game/Workplace/FirstPerson/FirstPersonBP/Blueprints/BPW_Crosshair.BPW_Crosshair:EventGraph
[2025.12.18-08.01.12:136][  0]LoadErrors: Warning: CreateExport: Failed to load Outer for resource 'K2Node_Event_0': EdGraph /Game/Workplace/FirstPerson/FirstPersonBP/Blueprints/BPW_Crosshair.BPW_Crosshair:EventGraph
[2025.12.18-08.01.12:136][  0]LoadErrors: Warning: CreateExport: Failed to load Outer for resource 'K2Node_Event_1': EdGraph /Game/Workplace/FirstPerson/FirstPersonBP/Blueprints/BPW_Crosshair.BPW_Crosshair:EventGraph
[2025.12.18-08.01.12:136][  0]LoadErrors: Warning: CreateExport: Failed to load Outer for resource 'K2Node_Event_3': EdGraph /Game/Workplace/FirstPerson/FirstPersonBP/Blueprints/BPW_Crosshair.BPW_Crosshair:EventGraph
[2025.12.18-08.01.12:136][  0]LoadErrors: Warning: CreateExport: Failed to load Outer for resource 'K2Node_VariableGet_1': EdGraph /Game/Workplace/FirstPerson/FirstPersonBP/Blueprints/BPW_Crosshair.BPW_Crosshair:EventGraph
[2025.12.18-08.01.12:136][  0]LoadErrors: Warning: CreateExport: Failed to load Outer for resource 'K2Node_VariableGet_2': EdGraph /Game/Workplace/FirstPerson/FirstPersonBP/Blueprints/BPW_Crosshair.BPW_Crosshair:EventGraph
[2025.12.18-08.01.12:136][  0]LoadErrors: Warning: CreateExport: Failed to load Outer for resource 'CharacterWidgetText': WidgetTree /Game/Workplace/FirstPerson/FirstPersonBP/Blueprints/BPW_Crosshair.BPW_Crosshair:WidgetTree
[2025.12.18-08.01.12:136][  0]LoadErrors: Warning: CreateExport: Failed to load Outer for resource 'CharacterWidgetText': WidgetTree /Game/Workplace/FirstPerson/FirstPersonBP/Blueprints/BPW_Crosshair.BPW_Crosshair_C:WidgetTree
[2025.12.18-08.01.12:139][  0]LogContentStreaming: Texture pool size now 1000 MB
[2025.12.18-08.01.12:142][  0]LogSlate: InvalidateAllWidgets triggered.  All widgets were invalidated
[2025.12.18-08.01.12:420][  1]LogSlate: Took 0.000256 seconds to synchronously load lazily loaded font '../../../Engine/Content/Slate/Fonts/Roboto-Regular.ttf' (155K)
[2025.12.18-08.01.34:261][519]LogSlate: Window 'Mini_laboratory (64-bit Development PCD3D_SM5) ' being destroyed
[2025.12.18-08.01.34:262][519]LogWindowsTextInputMethodSystem: Display: IME system deactivated.
[2025.12.18-08.01.34:268][519]LogSlate: Updating window title bar state: overlay mode, drag disabled, window buttons hidden, title bar hidden
[2025.12.18-08.01.34:268][519]LogEngine: All Windows Closed
[2025.12.18-08.01.34:268][519]LogWindows: FPlatformMisc::RequestExit(0)
[2025.12.18-08.01.34:268][519]LogWindows: FPlatformMisc::RequestExitWithStatus(0, 0)
[2025.12.18-08.01.34:268][519]LogCore: Engine exit requested (reason: Win RequestExit)
[2025.12.18-08.01.34:268][520]LogCore: Engine exit requested (reason: EngineExit() was called; note: exit was already requested)
[2025.12.18-08.01.34:269][520]LogInit: Display: PreExit Game.
[2025.12.18-08.01.34:281][520]LogWorld: BeginTearingDown for /Game/Workplace/Maps/FirstLevel
[2025.12.18-08.01.34:282][520]LogWorld: UWorld::CleanupWorld for FirstLevel, bSessionEnded=true, bCleanupResources=true
[2025.12.18-08.01.34:282][520]LogSlate: InvalidateAllWidgets triggered.  All widgets were invalidated
[2025.12.18-08.01.34:296][520]LogAudio: Display: Beginning Audio Device Manager Shutdown (Module: AudioMixerXAudio2)...
[2025.12.18-08.01.34:296][520]LogAudio: Display: Destroying 1 Remaining Audio Device(s)...
[2025.12.18-08.01.34:296][520]LogAudio: Display: Audio Device unregistered from world 'FirstLevel'.
[2025.12.18-08.01.34:329][520]LogAudioMixer: FMixerPlatformXAudio2::StopAudioStream() called
[2025.12.18-08.01.34:331][520]LogAudioMixer: FMixerPlatformXAudio2::StopAudioStream() called
[2025.12.18-08.01.34:335][520]LogAudio: Display: Audio Device Manager Shutdown
[2025.12.18-08.01.34:339][520]LogExit: Preparing to exit.
[2025.12.18-08.01.34:876][520]LogSlate: Updating window title bar state: overlay mode, drag disabled, window buttons hidden, title bar hidden
[2025.12.18-08.01.34:881][520]LogUObjectHash: Compacting FUObjectHashTables data took   1.42ms
[2025.12.18-08.01.34:913][520]LogMoviePlayer: Shutting down movie player
[2025.12.18-08.01.35:042][520]LogDemo: Cleaned up 0 splitscreen connections with owner deletion
[2025.12.18-08.01.35:055][520]LogExit: Game engine shut down
[2025.12.18-08.01.35:206][520]LogExit: Object subsystem successfully closed.
[2025.12.18-08.01.35:220][520]LogShaderCompilers: Display: === FShaderJobCache stats ===
[2025.12.18-08.01.35:220][520]LogShaderCompilers: Display: Total job queries 0, among them cache hits 0 (0.00%)
[2025.12.18-08.01.35:220][520]LogShaderCompilers: Display: Tracking 0 distinct input hashes that result in 0 distinct outputs (0.00%)
[2025.12.18-08.01.35:220][520]LogShaderCompilers: Display: RAM used: 0.00 MB (0.00 GB) of 409.60 MB (0.40 GB) budget. Usage: 0.00%
[2025.12.18-08.01.35:220][520]LogShaderCompilers: Display: ================================================
[2025.12.18-08.01.35:244][520]LogShaderCompilers: Display: Shaders left to compile 0
[2025.12.18-08.01.35:291][520]LogModuleManager: Shutting down and abandoning module SequenceRecorderSections (558)
[2025.12.18-08.01.35:291][520]LogModuleManager: Shutting down and abandoning module SequenceRecorder (556)
[2025.12.18-08.01.35:291][520]LogModuleManager: Shutting down and abandoning module AutomationController (554)
[2025.12.18-08.01.35:292][520]LogModuleManager: Shutting down and abandoning module AutomationWorker (552)
[2025.12.18-08.01.35:293][520]LogModuleManager: Shutting down and abandoning module Voice (550)
[2025.12.18-08.01.35:293][520]LogModuleManager: Shutting down and abandoning module AIModule (548)
[2025.12.18-08.01.35:294][520]LogModuleManager: Shutting down and abandoning module GameplayDebugger (547)
[2025.12.18-08.01.35:294][520]LogModuleManager: Shutting down and abandoning module AITestSuite (545)
[2025.12.18-08.01.35:294][520]LogModuleManager: Shutting down and abandoning module NavigationSystem (543)
[2025.12.18-08.01.35:294][520]LogModuleManager: Shutting down and abandoning module SteamVREditor (540)
[2025.12.18-08.01.35:294][520]LogModuleManager: Shutting down and abandoning module ToolMenus (539)
[2025.12.18-08.01.35:294][520]LogModuleManager: Shutting down and abandoning module OculusMR (536)
[2025.12.18-08.01.35:294][520]LogModuleManager: Shutting down and abandoning module TakeRecorderSources (534)
[2025.12.18-08.01.35:296][520]LogModuleManager: Shutting down and abandoning module TakeRecorder (533)
[2025.12.18-08.01.35:296][520]LogModuleManager: Shutting down and abandoning module TakeTrackRecorders (530)
[2025.12.18-08.01.35:297][520]LogModuleManager: Shutting down and abandoning module TakesCore (528)
[2025.12.18-08.01.35:297][520]LogModuleManager: Shutting down and abandoning module OpenXRInput (526)
[2025.12.18-08.01.35:297][520]LogModuleManager: Shutting down and abandoning module PlanarCut (524)
[2025.12.18-08.01.35:297][520]LogModuleManager: Shutting down and abandoning module CharacterAI (522)
[2025.12.18-08.01.35:297][520]LogModuleManager: Shutting down and abandoning module WebMMediaFactory (520)
[2025.12.18-08.01.35:297][520]LogModuleManager: Shutting down and abandoning module WebMMedia (518)
[2025.12.18-08.01.35:298][520]LogModuleManager: Shutting down and abandoning module WmfMediaFactory (516)
[2025.12.18-08.01.35:298][520]LogModuleManager: Shutting down and abandoning module OpenExrWrapper (514)
[2025.12.18-08.01.35:298][520]LogModuleManager: Shutting down and abandoning module ImgMediaFactory (512)
[2025.12.18-08.01.35:298][520]LogModuleManager: Shutting down and abandoning module AvfMediaFactory (510)
[2025.12.18-08.01.35:298][520]LogModuleManager: Shutting down and abandoning module MagicLeapMediaCodecFactory (508)
[2025.12.18-08.01.35:298][520]LogModuleManager: Shutting down and abandoning module MagicLeapMediaFactory (506)
[2025.12.18-08.01.35:298][520]LogModuleManager: Shutting down and abandoning module SessionServices (504)
[2025.12.18-08.01.35:298][520]LogModuleManager: Shutting down and abandoning module MovieSceneCapture (502)
[2025.12.18-08.01.35:298][520]LogModuleManager: Shutting down and abandoning module LiveCoding (500)
[2025.12.18-08.01.35:299][520]LogModuleManager: Shutting down and abandoning module LevelSequence (498)
[2025.12.18-08.01.35:299][520]LogModuleManager: Shutting down and abandoning module MovieSceneTracks (496)
[2025.12.18-08.01.35:299][520]LogModuleManager: Shutting down and abandoning module MovieScene (494)
[2025.12.18-08.01.35:300][520]LogModuleManager: Shutting down and abandoning module StreamingPauseRendering (492)
[2025.12.18-08.01.35:300][520]LogModuleManager: Shutting down and abandoning module PortalServices (490)
[2025.12.18-08.01.35:301][520]LogModuleManager: Shutting down and abandoning module PortalRpc (488)
[2025.12.18-08.01.35:301][520]LogModuleManager: Shutting down and abandoning module MessagingRpc (486)
[2025.12.18-08.01.35:301][520]LogModuleManager: Shutting down and abandoning module AudioMixerXAudio2 (484)
[2025.12.18-08.01.35:301][520]LogModuleManager: Shutting down and abandoning module AudioMixerCore (483)
[2025.12.18-08.01.35:301][520]LogModuleManager: Shutting down and abandoning module ImageWriteQueue (480)
[2025.12.18-08.01.35:301][520]LogModuleManager: Shutting down and abandoning module ProfilerService (478)
[2025.12.18-08.01.35:537][520]LogModuleManager: Shutting down and abandoning module TaskGraph (476)
[2025.12.18-08.01.35:538][520]LogModuleManager: Shutting down and abandoning module OculusInput (474)
[2025.12.18-08.01.35:538][520]LogModuleManager: Shutting down and abandoning module VisualStudioSourceCodeAccess (472)
[2025.12.18-08.01.35:539][520]LogModuleManager: Shutting down and abandoning module HotReload (471)
[2025.12.18-08.01.35:539][520]LogModuleManager: Shutting down and abandoning module VisualStudioCodeSourceCodeAccess (468)
[2025.12.18-08.01.35:539][520]LogModuleManager: Shutting down and abandoning module UObjectPlugin (466)
[2025.12.18-08.01.35:539][520]LogModuleManager: Shutting down and abandoning module SubversionSourceControl (464)
[2025.12.18-08.01.35:541][520]LogModuleManager: Shutting down and abandoning module PerforceSourceControl (462)
[2025.12.18-08.01.35:543][520]LogModuleManager: Shutting down and abandoning module SourceControl (461)
[2025.12.18-08.01.35:543][520]LogModuleManager: Shutting down and abandoning module CLionSourceCodeAccess (458)
[2025.12.18-08.01.35:543][520]LogModuleManager: Shutting down and abandoning module TakeMovieScene (456)
[2025.12.18-08.01.35:543][520]LogModuleManager: Shutting down and abandoning module Synthesis (454)
[2025.12.18-08.01.35:544][520]LogModuleManager: Shutting down and abandoning module ProceduralMeshComponent (452)
[2025.12.18-08.01.35:544][520]LogModuleManager: Shutting down and abandoning module MobilePatchingUtils (450)
[2025.12.18-08.01.35:544][520]LogModuleManager: Shutting down and abandoning module GooglePAD (448)
[2025.12.18-08.01.35:544][520]LogModuleManager: Shutting down and abandoning module EditableMesh (446)
[2025.12.18-08.01.35:544][520]LogModuleManager: Shutting down and abandoning module CustomMeshComponent (444)
[2025.12.18-08.01.35:544][520]LogModuleManager: Shutting down and abandoning module CableComponent (442)
[2025.12.18-08.01.35:544][520]LogModuleManager: Shutting down and abandoning module AudioCapture (440)
[2025.12.18-08.01.35:544][520]LogModuleManager: Shutting down and abandoning module AudioCaptureRtAudio (439)
[2025.12.18-08.01.35:545][520]LogModuleManager: Shutting down and abandoning module AssetTags (436)
[2025.12.18-08.01.35:545][520]LogModuleManager: Shutting down and abandoning module AppleImageUtilsBlueprintSupport (434)
[2025.12.18-08.01.35:545][520]LogModuleManager: Shutting down and abandoning module AppleImageUtils (432)
[2025.12.18-08.01.35:545][520]LogModuleManager: Shutting down and abandoning module ArchVisCharacter (430)
[2025.12.18-08.01.35:545][520]LogModuleManager: Shutting down and abandoning module AndroidPermission (428)
[2025.12.18-08.01.35:545][520]LogModuleManager: Shutting down and abandoning module ActorLayerUtilities (426)
[2025.12.18-08.01.35:545][520]LogModuleManager: Shutting down and abandoning module TemplateSequence (424)
[2025.12.18-08.01.35:545][520]LogModuleManager: Shutting down and abandoning module MotoSynth (422)
[2025.12.18-08.01.35:545][520]LogModuleManager: Shutting down and abandoning module OpenImageDenoise (420)
[2025.12.18-08.01.35:545][520]LogOpenImageDenoise: OIDN shutting down
[2025.12.18-08.01.35:545][520]LogModuleManager: Shutting down and abandoning module MeshConversion (418)
[2025.12.18-08.01.35:546][520]LogModuleManager: Shutting down and abandoning module DynamicMesh (416)
[2025.12.18-08.01.35:547][520]LogModuleManager: Shutting down and abandoning module GeometryAlgorithms (414)
[2025.12.18-08.01.35:547][520]LogModuleManager: Shutting down and abandoning module GeometricObjects (412)
[2025.12.18-08.01.35:548][520]LogModuleManager: Shutting down and abandoning module GeometryCacheTracks (410)
[2025.12.18-08.01.35:548][520]LogModuleManager: Shutting down and abandoning module GeometryCacheSequencer (409)
[2025.12.18-08.01.35:548][520]LogModuleManager: Shutting down and abandoning module GeometryCache (406)
[2025.12.18-08.01.35:548][520]LogModuleManager: Shutting down and abandoning module GeometryCacheEd (405)
[2025.12.18-08.01.35:548][520]LogModuleManager: Shutting down and abandoning module GeometryCollectionTracks (402)
[2025.12.18-08.01.35:548][520]LogModuleManager: Shutting down and abandoning module GeometryCollectionSequencer (401)
[2025.12.18-08.01.35:548][520]LogModuleManager: Shutting down and abandoning module MediaCompositing (398)
[2025.12.18-08.01.35:548][520]LogModuleManager: Shutting down and abandoning module ImgMedia (396)
[2025.12.18-08.01.35:549][520]LogModuleManager: Shutting down and abandoning module MagicLeapSharedWorld (394)
[2025.12.18-08.01.35:549][520]LogModuleManager: Shutting down and abandoning module MagicLeapLightEstimation (392)
[2025.12.18-08.01.35:549][520]LogModuleManager: Shutting down and abandoning module MagicLeapHelperVulkan (390)
[2025.12.18-08.01.35:549][520]LogModuleManager: Shutting down and abandoning module MagicLeapHelperOpenGL (388)
[2025.12.18-08.01.35:549][520]LogModuleManager: Shutting down and abandoning module MagicLeapAudio (386)
[2025.12.18-08.01.35:549][520]LogModuleManager: Shutting down and abandoning module ChaosNiagara (384)
[2025.12.18-08.01.35:549][520]LogModuleManager: Shutting down and abandoning module FieldSystemEngine (383)
[2025.12.18-08.01.35:549][520]LogModuleManager: Shutting down and abandoning module BackChannel (380)
[2025.12.18-08.01.35:550][520]LogModuleManager: Shutting down and abandoning module AutomationUtils (378)
[2025.12.18-08.01.35:550][520]LogModuleManager: Shutting down and abandoning module OodleNetworkHandlerComponent (376)
[2025.12.18-08.01.35:550][520]LogModuleManager: Shutting down and abandoning module LiveLinkSequencer (374)
[2025.12.18-08.01.35:550][520]LogModuleManager: Shutting down and abandoning module LiveLinkMovieScene (372)
[2025.12.18-08.01.35:550][520]LogModuleManager: Shutting down and abandoning module LiveLinkGraphNode (370)
[2025.12.18-08.01.35:550][520]LogModuleManager: Shutting down and abandoning module LiveLinkComponents (368)
[2025.12.18-08.01.35:550][520]LogModuleManager: Shutting down and abandoning module LiveLink (366)
[2025.12.18-08.01.35:930][520]LogModuleManager: Shutting down and abandoning module PropertyAccessNode (364)
[2025.12.18-08.01.35:930][520]LogModuleManager: Shutting down and abandoning module AnimationSharing (362)
[2025.12.18-08.01.35:930][520]LogModuleManager: Shutting down and abandoning module SignificanceManager (360)
[2025.12.18-08.01.35:930][520]LogModuleManager: Shutting down and abandoning module SoundFields (358)
[2025.12.18-08.01.35:930][520]LogModuleManager: Shutting down and abandoning module RuntimePhysXCooking (356)
[2025.12.18-08.01.35:930][520]LogModuleManager: Shutting down and abandoning module PropertyAccessEditor (354)
[2025.12.18-08.01.35:967][520]LogModuleManager: Shutting down and abandoning module PhysXVehiclesEditor (352)
[2025.12.18-08.01.35:967][520]LogModuleManager: Shutting down and abandoning module LocationServicesBPLibrary (348)
[2025.12.18-08.01.35:967][520]LogModuleManager: Shutting down and abandoning module AudioSynesthesia (346)
[2025.12.18-08.01.35:968][520]LogModuleManager: Shutting down and abandoning module AudioSynesthesiaCore (344)
[2025.12.18-08.01.35:968][520]LogModuleManager: Shutting down and abandoning module TcpMessaging (342)
[2025.12.18-08.01.36:069][520]LogModuleManager: Shutting down and abandoning module UdpMessaging (340)
[2025.12.18-08.01.36:170][520]LogModuleManager: Shutting down and abandoning module ActorSequence (338)
[2025.12.18-08.01.36:170][520]LogModuleManager: Shutting down and abandoning module PythonScriptPlugin (336)
[2025.12.18-08.01.36:170][520]LogModuleManager: Shutting down and abandoning module NiagaraAnimNotifies (334)
[2025.12.18-08.01.36:170][520]LogModuleManager: Shutting down and abandoning module Niagara (332)
[2025.12.18-08.01.36:171][520]LogModuleManager: Shutting down and abandoning module SignalProcessing (331)
[2025.12.18-08.01.36:171][520]LogModuleManager: Shutting down and abandoning module NiagaraEditor (329)
[2025.12.18-08.01.36:173][520]LogModuleManager: Shutting down and abandoning module ContentBrowser (328)
[2025.12.18-08.01.36:173][520]LogModuleManager: Shutting down and abandoning module CollectionManager (327)
[2025.12.18-08.01.36:174][520]LogModuleManager: Shutting down and abandoning module DirectoryWatcher (326)
[2025.12.18-08.01.36:175][520]LogModuleManager: Shutting down and abandoning module ContentBrowserData (323)
[2025.12.18-08.01.36:175][520]LogModuleManager: Shutting down and abandoning module NiagaraCore (318)
[2025.12.18-08.01.36:175][520]LogModuleManager: Shutting down and abandoning module ImgMediaEngine (316)
[2025.12.18-08.01.36:175][520]LogModuleManager: Shutting down and abandoning module MagicLeapARPin (314)
[2025.12.18-08.01.36:175][520]LogModuleManager: Shutting down and abandoning module MagicLeapHandMeshing (312)
[2025.12.18-08.01.36:175][520]LogModuleManager: Shutting down and abandoning module MagicLeapSecureStorage (310)
[2025.12.18-08.01.36:175][520]LogModuleManager: Shutting down and abandoning module MagicLeapPrivileges (308)
[2025.12.18-08.01.36:175][520]LogModuleManager: Shutting down and abandoning module MagicLeapPlanes (306)
[2025.12.18-08.01.36:176][520]LogMagicLeapPlanes: Planes tracker already destroyed.
[2025.12.18-08.01.36:176][520]LogModuleManager: Shutting down and abandoning module MagicLeapImageTracker (304)
[2025.12.18-08.01.36:176][520]LogModuleManager: Shutting down and abandoning module MagicLeapIdentity (302)
[2025.12.18-08.01.36:176][520]LogModuleManager: Shutting down and abandoning module MagicLeapHandTracking (300)
[2025.12.18-08.01.36:176][520]LogModuleManager: Shutting down and abandoning module MagicLeapEyeTracker (298)
[2025.12.18-08.01.36:176][520]LogModuleManager: Shutting down and abandoning module MagicLeapController (296)
[2025.12.18-08.01.36:176][520]LogModuleManager: Shutting down and abandoning module MagicLeapARPinImpl (294)
[2025.12.18-08.01.36:177][520]LogModuleManager: Shutting down and abandoning module MagicLeapAR (292)
[2025.12.18-08.01.36:177][520]LogModuleManager: Shutting down and abandoning module GameplayTagsEditor (290)
[2025.12.18-08.01.36:177][520]LogModuleManager: Shutting down and abandoning module FacialAnimation (288)
[2025.12.18-08.01.36:177][520]LogModuleManager: Shutting down and abandoning module AssetManagerEditor (286)
[2025.12.18-08.01.36:177][520]LogModuleManager: Shutting down and abandoning module TreeMap (285)
[2025.12.18-08.01.36:178][520]LogModuleManager: Shutting down and abandoning module GameplayCameras (282)
[2025.12.18-08.01.36:178][520]LogModuleManager: Shutting down and abandoning module LightPropagationVolumeRuntime (280)
[2025.12.18-08.01.36:178][520]LogModuleManager: Shutting down and abandoning module EnvironmentQueryEditor (278)
[2025.12.18-08.01.36:179][520]LogModuleManager: Shutting down and abandoning module Paper2D (276)
[2025.12.18-08.01.36:179][520]LogModuleManager: Shutting down and abandoning module WindowsMoviePlayer (274)
[2025.12.18-08.01.36:180][520]LogModuleManager: Shutting down and abandoning module WebMMoviePlayer (272)
[2025.12.18-08.01.36:181][520]LogModuleManager: Shutting down and abandoning module NetworkReplayStreaming (270)
[2025.12.18-08.01.36:181][520]LogModuleManager: Shutting down and abandoning module PacketHandler (268)
[2025.12.18-08.01.36:181][520]LogModuleManager: Shutting down and abandoning module ClothingSystemEditor (266)
[2025.12.18-08.01.36:181][520]LogModuleManager: Shutting down and abandoning module ClothingSystemRuntimeNv (264)
[2025.12.18-08.01.36:181][520]LogModuleManager: Shutting down and abandoning module MediaAssets (262)
[2025.12.18-08.01.36:182][520]LogModuleManager: Shutting down and abandoning module Overlay (260)
[2025.12.18-08.01.36:182][520]LogModuleManager: Shutting down and abandoning module OverlayEditor (259)
[2025.12.18-08.01.36:182][520]LogModuleManager: Shutting down and abandoning module VREditor (256)
[2025.12.18-08.01.36:182][520]LogModuleManager: Shutting down and abandoning module StringTableEditor (254)
[2025.12.18-08.01.36:183][520]LogModuleManager: Shutting down and abandoning module GameplayTasksEditor (252)
[2025.12.18-08.01.36:183][520]LogModuleManager: Shutting down and abandoning module BehaviorTreeEditor (250)
[2025.12.18-08.01.36:184][520]LogModuleManager: Shutting down and abandoning module FunctionalTesting (248)
[2025.12.18-08.01.36:184][520]LogModuleManager: Shutting down and abandoning module CollisionAnalyzer (246)
[2025.12.18-08.01.36:185][520]LogModuleManager: Shutting down and abandoning module WorkspaceMenuStructure (245)
[2025.12.18-08.01.36:185][520]LogModuleManager: Shutting down and abandoning module UMG (242)
[2025.12.18-08.01.36:185][520]LogModuleManager: Shutting down and abandoning module UMGEditor (241)
[2025.12.18-08.01.36:186][520]LogModuleManager: Shutting down and abandoning module Sequencer (240)
[2025.12.18-08.01.36:188][520]LogModuleManager: Shutting down and abandoning module MessageLog (237)
[2025.12.18-08.01.36:189][520]LogModuleManager: Shutting down and abandoning module SlateReflector (232)
[2025.12.18-08.01.36:192][520]LogModuleManager: Shutting down and abandoning module Slate (230)
[2025.12.18-08.01.36:192][520]LogModuleManager: Shutting down and abandoning module SlateCore (228)
[2025.12.18-08.01.36:193][520]LogModuleManager: Shutting down and abandoning module LandscapeEditorUtilities (226)
[2025.12.18-08.01.36:193][520]LogModuleManager: Shutting down and abandoning module UnrealEd (224)
[2025.12.18-08.01.36:193][520]LogModuleManager: Shutting down and abandoning module MRMesh (222)
[2025.12.18-08.01.36:193][520]LogModuleManager: Shutting down and abandoning module Messaging (220)
[2025.12.18-08.01.36:193][520]LogModuleManager: Shutting down and abandoning module SourceCodeAccess (218)
[2025.12.18-08.01.36:194][520]LogModuleManager: Shutting down and abandoning module HeadMountedDisplay (216)
[2025.12.18-08.01.36:194][520]LogModuleManager: Shutting down and abandoning module XAudio2 (214)
[2025.12.18-08.01.36:194][520]LogModuleManager: Shutting down and abandoning module Networking (212)
[2025.12.18-08.01.36:194][520]LogModuleManager: Shutting down and abandoning module Core (210)
[2025.12.18-08.01.36:194][520]LogModuleManager: Shutting down and abandoning module MaterialEditor (208)
[2025.12.18-08.01.36:195][520]LogModuleManager: Shutting down and abandoning module MovieSceneTools (206)
[2025.12.18-08.01.36:196][520]LogModuleManager: Shutting down and abandoning module EditorStyle (205)
[2025.12.18-08.01.36:196][520]LogModuleManager: Shutting down and abandoning module KismetCompiler (202)
[2025.12.18-08.01.36:196][520]LogModuleManager: Shutting down and abandoning module MeshBuilder (200)
[2025.12.18-08.01.36:197][520]LogModuleManager: Shutting down and abandoning module MeshUtilities (198)
[2025.12.18-08.01.36:197][520]LogModuleManager: Shutting down and abandoning module MeshMergeUtilities (197)
[2025.12.18-08.01.36:198][520]LogModuleManager: Shutting down and abandoning module MeshReductionInterface (196)
[2025.12.18-08.01.36:198][520]LogModuleManager: Shutting down and abandoning module MeshBoneReduction (195)
[2025.12.18-08.01.36:198][520]LogModuleManager: Shutting down and abandoning module SkeletalMeshReduction (193)
[2025.12.18-08.01.36:198][520]LogModuleManager: Shutting down and abandoning module ProxyLODMeshReduction (191)
[2025.12.18-08.01.36:199][520]LogModuleManager: Shutting down and abandoning module QuadricMeshReduction (189)
[2025.12.18-08.01.36:200][520]LogModuleManager: Shutting down and abandoning module MaterialBaking (185)
[2025.12.18-08.01.36:200][520]LogModuleManager: Shutting down and abandoning module NullInstallBundleManager (180)
[2025.12.18-08.01.36:200][520]LogModuleManager: Shutting down and abandoning module PIEPreviewDeviceProfileSelector (178)
[2025.12.18-08.01.36:201][520]LogModuleManager: Shutting down and abandoning module DerivedDataCache (176)
[2025.12.18-08.01.36:201][520]LogModuleManager: Shutting down and abandoning module TargetPlatform (174)
[2025.12.18-08.01.36:201][520]LogModuleManager: Shutting down and abandoning module VulkanShaderFormat (173)
[2025.12.18-08.01.36:202][520]LogModuleManager: Shutting down and abandoning module ShaderFormatVectorVM (171)
[2025.12.18-08.01.36:203][520]LogModuleManager: Shutting down and abandoning module ShaderFormatOpenGL (169)
[2025.12.18-08.01.36:203][520]LogModuleManager: Shutting down and abandoning module ShaderFormatD3D (167)
[2025.12.18-08.01.36:204][520]LogModuleManager: Shutting down and abandoning module MetalShaderFormat (165)
[2025.12.18-08.01.36:206][520]LogModuleManager: Shutting down and abandoning module TextureFormatOodle (163)
[2025.12.18-08.01.36:206][520]LogModuleManager: Shutting down and abandoning module TextureFormatUncompressed (161)
[2025.12.18-08.01.36:207][520]LogModuleManager: Shutting down and abandoning module TextureFormatPVR (159)
[2025.12.18-08.01.36:207][520]LogModuleManager: Shutting down and abandoning module TextureFormatETC2 (157)
[2025.12.18-08.01.36:207][520]LogModuleManager: Shutting down and abandoning module TextureFormatDXT (155)
[2025.12.18-08.01.36:207][520]LogModuleManager: Shutting down and abandoning module TextureFormatIntelISPCTexComp (153)
[2025.12.18-08.01.36:207][520]LogModuleManager: Shutting down and abandoning module TextureFormatASTC (151)
[2025.12.18-08.01.36:207][520]LogModuleManager: Shutting down and abandoning module ImageWrapper (150)
[2025.12.18-08.01.36:207][520]LogModuleManager: Shutting down and abandoning module AudioFormatOpus (147)
[2025.12.18-08.01.36:207][520]LogModuleManager: Shutting down and abandoning module AudioFormatOgg (145)
[2025.12.18-08.01.36:207][520]LogModuleManager: Shutting down and abandoning module AudioFormatADPCM (143)
[2025.12.18-08.01.36:207][520]LogModuleManager: Shutting down and abandoning module WindowsServerTargetPlatform (141)
[2025.12.18-08.01.36:207][520]LogModuleManager: Shutting down and abandoning module WindowsClientTargetPlatform (139)
[2025.12.18-08.01.36:207][520]LogModuleManager: Shutting down and abandoning module WindowsTargetPlatform (137)
[2025.12.18-08.01.36:207][520]LogModuleManager: Shutting down and abandoning module WindowsNoEditorTargetPlatform (135)
[2025.12.18-08.01.36:207][520]LogModuleManager: Shutting down and abandoning module D3D11RHI (132)
[2025.12.18-08.01.36:207][520]LogModuleManager: Shutting down and abandoning module InputCore (130)
[2025.12.18-08.01.36:207][520]LogModuleManager: Shutting down and abandoning module Settings (128)
[2025.12.18-08.01.36:207][520]LogModuleManager: Shutting down and abandoning module PhysXCooking (126)
[2025.12.18-08.01.36:207][520]LogModuleManager: Shutting down and abandoning module Chaos (124)
[2025.12.18-08.01.36:208][520]LogModuleManager: Shutting down and abandoning module WindowsPlatformFeatures (122)
[2025.12.18-08.01.36:208][520]LogModuleManager: Shutting down and abandoning module GameplayMediaEncoder (121)
[2025.12.18-08.01.36:208][520]LogModuleManager: Shutting down and abandoning module AVEncoder (120)
[2025.12.18-08.01.36:209][520]LogModuleManager: Shutting down and abandoning module SteamVRInputDevice (116)
[2025.12.18-08.01.36:209][520]LogModuleManager: Shutting down and abandoning module SteamVRInput (114)
[2025.12.18-08.01.36:209][520]LogModuleManager: Shutting down and abandoning module SteamVR (112)
[2025.12.18-08.01.36:209][520]LogHMD: Freeing OpenVRDLLHandle.
[2025.12.18-08.01.36:209][520]LogModuleManager: Shutting down and abandoning module OculusHMD (110)
[2025.12.18-08.01.36:210][520]LogModuleManager: Shutting down and abandoning module PixWinPlugin (108)
[2025.12.18-08.01.36:210][520]LogModuleManager: Shutting down and abandoning module OpenXREyeTracker (106)
[2025.12.18-08.01.36:210][520]LogModuleManager: Shutting down and abandoning module OpenXRHandTracking (104)
[2025.12.18-08.01.36:210][520]LogSlate: Slate User Destroyed.  User Index 0, Is Virtual User: 0
[2025.12.18-08.01.36:210][520]LogModuleManager: Shutting down and abandoning module OpenXRAR (102)
[2025.12.18-08.01.36:211][520]LogModuleManager: Shutting down and abandoning module AugmentedReality (101)
[2025.12.18-08.01.36:211][520]LogModuleManager: Shutting down and abandoning module OpenXRHMD (98)
[2025.12.18-08.01.36:212][520]LogModuleManager: Shutting down and abandoning module ExampleDeviceProfileSelector (96)
[2025.12.18-08.01.36:212][520]LogModuleManager: Shutting down and abandoning module ChunkDownloader (94)
[2025.12.18-08.01.36:213][520]LogModuleManager: Shutting down and abandoning module LauncherChunkInstaller (92)
[2025.12.18-08.01.36:213][520]LogModuleManager: Shutting down and abandoning module OnlineBlueprintSupport (90)
[2025.12.18-08.01.36:213][520]LogModuleManager: Shutting down and abandoning module OnlineSubsystem (86)
[2025.12.18-08.01.36:214][520]LogModuleManager: Shutting down and abandoning module XMPP (81)
[2025.12.18-08.01.36:215][520]LogModuleManager: Shutting down and abandoning module WebSockets (80)
[2025.12.18-08.01.36:247][520]LogModuleManager: Shutting down and abandoning module HTTP (77)
[2025.12.18-08.01.36:247][520]LogHttp: Display: cleaning up 0 outstanding Http requests.
[2025.12.18-08.01.36:262][520]LogModuleManager: Shutting down and abandoning module SSL (76)
[2025.12.18-08.01.36:263][520]LogModuleManager: Shutting down and abandoning module WmfMedia (72)
[2025.12.18-08.01.36:266][520]LogModuleManager: Shutting down and abandoning module Media (71)
[2025.12.18-08.01.36:267][520]LogModuleManager: Shutting down and abandoning module MediaInfo (70)
[2025.12.18-08.01.36:267][520]LogModuleManager: Shutting down and abandoning module NiagaraVertexFactories (66)
[2025.12.18-08.01.36:267][520]LogModuleManager: Shutting down and abandoning module NiagaraShader (64)
[2025.12.18-08.01.36:267][520]LogModuleManager: Shutting down and abandoning module ExrReaderGpu (62)
[2025.12.18-08.01.36:268][520]LogModuleManager: Shutting down and abandoning module MLSDK (60)
[2025.12.18-08.01.36:268][520]LogModuleManager: Shutting down and abandoning module MagicLeap (58)
[2025.12.18-08.01.36:268][520]LogModuleManager: Shutting down and abandoning module ChaosCloth (56)
[2025.12.18-08.01.36:269][520]LogModuleManager: Shutting down and abandoning module VariantManagerContent (54)
[2025.12.18-08.01.36:269][520]LogModuleManager: Shutting down and abandoning module DatasmithContent (52)
[2025.12.18-08.01.36:269][520]LogModuleManager: Shutting down and abandoning module AISupportModule (50)
[2025.12.18-08.01.36:269][520]LogModuleManager: Shutting down and abandoning module DesktopPlatform (48)
[2025.12.18-08.01.36:269][520]LogModuleManager: Shutting down and abandoning module PythonScriptPluginPreload (46)
[2025.12.18-08.01.36:269][520]LogModuleManager: Shutting down and abandoning module PlatformCryptoOpenSSL (44)
[2025.12.18-08.01.36:270][520]LogModuleManager: Shutting down and abandoning module PlatformCryptoTypes (42)
[2025.12.18-08.01.36:270][520]LogModuleManager: Shutting down and abandoning module PlatformCrypto (40)
[2025.12.18-08.01.36:270][520]LogModuleManager: Shutting down and abandoning module OodleDataCompressionFormat (38)
[2025.12.18-08.01.36:270][520]LogModuleManager: Shutting down and abandoning module XGEController (36)
[2025.12.18-08.01.36:271][520]LogModuleManager: Shutting down and abandoning module AnimationModifiers (34)
[2025.12.18-08.01.36:271][520]LogModuleManager: Shutting down and abandoning module AudioEditor (32)
[2025.12.18-08.01.36:273][520]LogModuleManager: Shutting down and abandoning module PropertyEditor (31)
[2025.12.18-08.01.36:273][520]LogModuleManager: Shutting down and abandoning module TextureCompressor (28)
[2025.12.18-08.01.36:273][520]LogModuleManager: Shutting down and abandoning module RenderCore (26)
[2025.12.18-08.01.36:273][520]LogModuleManager: Shutting down and abandoning module Landscape (24)
[2025.12.18-08.01.36:273][520]LogModuleManager: Shutting down and abandoning module SlateRHIRenderer (22)
[2025.12.18-08.01.36:274][520]LogModuleManager: Shutting down and abandoning module AnimGraphRuntime (20)
[2025.12.18-08.01.36:274][520]LogModuleManager: Shutting down and abandoning module Renderer (18)
[2025.12.18-08.01.36:275][520]LogModuleManager: Shutting down and abandoning module Engine (16)
[2025.12.18-08.01.36:275][520]LogModuleManager: Shutting down and abandoning module CoreUObject (14)
[2025.12.18-08.01.36:275][520]LogModuleManager: Shutting down and abandoning module NetworkFile (12)
[2025.12.18-08.01.36:276][520]LogModuleManager: Shutting down and abandoning module CookedIterativeFile (10)
[2025.12.18-08.01.36:276][520]LogModuleManager: Shutting down and abandoning module StreamingFile (8)
[2025.12.18-08.01.36:276][520]LogModuleManager: Shutting down and abandoning module SandboxFile (6)
[2025.12.18-08.01.36:276][520]LogModuleManager: Shutting down and abandoning module PakFile (4)
[2025.12.18-08.01.36:276][520]LogModuleManager: Shutting down and abandoning module RSA (3)
[2025.12.18-08.01.36:478][520]LogContentStreaming: Display: There are 1 unreleased StreamingManagers
[2025.12.18-08.01.36:492][520]LogD3D11RHI: Shutdown
[2025.12.18-08.01.36:492][520]LogD3D11RHI: CleanupD3DDevice
[2025.12.18-08.01.36:496][520]LogExit: Exiting.
[2025.12.18-08.01.36:503][520]Log file closed, 12/18/25 11:01:36
