Log file open, 12/10/25 22:08:31
LogWindows: Failed to load 'aqProf.dll' (GetLastError=126)
LogWindows: File 'aqProf.dll' does not exist
LogWindows: Failed to load 'VtuneApi.dll' (GetLastError=126)
LogWindows: File 'VtuneApi.dll' does not exist
LogWindows: Failed to load 'VtuneApi32e.dll' (GetLastError=126)
LogWindows: File 'VtuneApi32e.dll' does not exist
LogConsoleResponse: Display: Failed to find resolution value strings in scalability ini. Falling back to default.
LogConsoleResponse: Display: Failed to find resolution value strings in scalability ini. Falling back to default.
LogInit: Display: Running engine for game: Mini_laboratory
LogPlatformFile: Not using cached read wrapper
LogTaskGraph: Started task graph with 5 named threads and 23 total threads with 3 sets of task threads.
LogStats: Stats thread started at 0.308554
LogICUInternationalization: ICU TimeZone Detection - Raw Offset: +3:00, Platform Override: ''
LogInit: Display: Loading text-based GConfig....
LogPluginManager: Mounting plugin MeshPainting
LogPluginManager: Mounting plugin XGEController
LogPluginManager: Mounting plugin AISupport
LogPluginManager: Mounting plugin Paper2D
LogPluginManager: Mounting plugin EnvironmentQueryEditor
LogPluginManager: Mounting plugin LiveLink
LogPluginManager: Mounting plugin LightPropagationVolume
LogPluginManager: Mounting plugin OodleData
LogPluginManager: Mounting plugin OodleNetwork
LogPluginManager: Mounting plugin AssetManagerEditor
LogPluginManager: Mounting plugin CryptoKeys
LogPluginManager: Mounting plugin CurveEditorTools
LogPluginManager: Mounting plugin DataValidation
LogPluginManager: Mounting plugin FacialAnimation
LogPluginManager: Mounting plugin GameplayTagsEditor
LogPluginManager: Mounting plugin GeometryMode
LogPluginManager: Mounting plugin MacGraphicsSwitching
LogPluginManager: Mounting plugin MaterialAnalyzer
LogPluginManager: Mounting plugin MobileLauncherProfileWizard
LogPluginManager: Mounting plugin PluginBrowser
LogPluginManager: Mounting plugin SpeedTreeImporter
LogPluginManager: Mounting plugin AnimationSharing
LogPluginManager: Mounting plugin CLionSourceCodeAccess
LogPluginManager: Mounting plugin CodeLiteSourceCodeAccess
LogPluginManager: Mounting plugin GitSourceControl
LogPluginManager: Mounting plugin KDevelopSourceCodeAccess
LogPluginManager: Mounting plugin NullSourceCodeAccess
LogPluginManager: Mounting plugin PixWinPlugin
LogPluginManager: Mounting plugin PerforceSourceControl
LogPluginManager: Mounting plugin PropertyAccessNode
LogPluginManager: Mounting plugin PluginUtils
LogPluginManager: Mounting plugin PlasticSourceControl
LogPluginManager: Mounting plugin RiderSourceCodeAccess
LogPluginManager: Mounting plugin SubversionSourceControl
LogPluginManager: Mounting plugin TextureFormatOodle
LogPluginManager: Mounting plugin UObjectPlugin
LogPluginManager: Mounting plugin DatasmithContent
LogPluginManager: Mounting plugin AlembicImporter
LogPluginManager: Mounting plugin AutomationUtils
LogPluginManager: Mounting plugin BackChannel
LogPluginManager: Mounting plugin ChaosClothEditor
LogPluginManager: Mounting plugin ChaosCloth
LogPluginManager: Mounting plugin ChaosEditor
LogPluginManager: Mounting plugin ChaosNiagara
LogPluginManager: Mounting plugin ChaosSolverPlugin
LogPluginManager: Mounting plugin CharacterAI
LogPluginManager: Mounting plugin GeometryCache
LogPluginManager: Mounting plugin GeometryCollectionPlugin
LogPluginManager: Mounting plugin GeometryProcessing
LogPluginManager: Mounting plugin MotoSynth
LogPluginManager: Mounting plugin OpenImageDenoise
LogPluginManager: Mounting plugin PlanarCut
LogPluginManager: Mounting plugin PlatformCrypto
LogPluginManager: Mounting plugin ProxyLODPlugin
LogPluginManager: Mounting plugin PythonScriptPlugin
LogPluginManager: Mounting plugin SkeletalReduction
LogPluginManager: Mounting plugin VariantManagerContent
LogPluginManager: Mounting plugin Niagara
LogPluginManager: Mounting plugin VisualStudioCodeSourceCodeAccess
LogPluginManager: Mounting plugin VisualStudioSourceCodeAccess
LogPluginManager: Mounting plugin XCodeSourceCodeAccess
LogPluginManager: Mounting plugin AndroidMedia
LogPluginManager: Mounting plugin AvfMedia
LogPluginManager: Mounting plugin ImgMedia
LogPluginManager: Mounting plugin MediaCompositing
LogPluginManager: Mounting plugin MediaPlayerEditor
LogPluginManager: Mounting plugin WebMMedia
LogPluginManager: Mounting plugin WmfMedia
LogPluginManager: Mounting plugin ActorSequence
LogPluginManager: Mounting plugin LevelSequenceEditor
LogPluginManager: Mounting plugin MatineeToLevelSequence
LogPluginManager: Mounting plugin TemplateSequence
LogPluginManager: Mounting plugin UdpMessaging
LogPluginManager: Mounting plugin TcpMessaging
LogPluginManager: Mounting plugin LuminPlatformFeatures
LogPluginManager: Mounting plugin MagicLeap
LogPluginManager: Mounting plugin MagicLeapLightEstimation
LogPluginManager: Mounting plugin MagicLeapMedia
LogPluginManager: Mounting plugin MagicLeapPassableWorld
LogPluginManager: Mounting plugin MLSDK
LogPluginManager: Mounting plugin OnlineSubsystem
LogPluginManager: Mounting plugin OnlineSubsystemNull
LogPluginManager: Mounting plugin OnlineSubsystemUtils
LogPluginManager: Mounting plugin LauncherChunkInstaller
LogPluginManager: Mounting plugin ActorLayerUtilities
LogPluginManager: Mounting plugin AndroidMoviePlayer
LogPluginManager: Mounting plugin AndroidDeviceProfileSelector
LogPluginManager: Mounting plugin AndroidPermission
LogPluginManager: Mounting plugin AppleImageUtils
LogPluginManager: Mounting plugin AppleMoviePlayer
LogPluginManager: Mounting plugin ArchVisCharacter
LogPluginManager: Mounting plugin AssetTags
LogPluginManager: Mounting plugin AudioCapture
LogPluginManager: Mounting plugin AudioSynesthesia
LogPluginManager: Mounting plugin CableComponent
LogPluginManager: Mounting plugin ChunkDownloader
LogPluginManager: Mounting plugin CustomMeshComponent
LogPluginManager: Mounting plugin EditableMesh
LogPluginManager: Mounting plugin ExampleDeviceProfileSelector
LogPluginManager: Mounting plugin GoogleCloudMessaging
LogPluginManager: Mounting plugin GooglePAD
LogPluginManager: Mounting plugin IOSDeviceProfileSelector
LogPluginManager: Mounting plugin LinuxDeviceProfileSelector
LogPluginManager: Mounting plugin LocationServicesBPLibrary
LogPluginManager: Mounting plugin MobilePatchingUtils
LogPluginManager: Mounting plugin OpenXRHandTracking
LogPluginManager: Mounting plugin OpenXREyeTracker
LogPluginManager: Mounting plugin PhysXVehicles
LogPluginManager: Mounting plugin PostSplashScreen
LogPluginManager: Mounting plugin ProceduralMeshComponent
LogPluginManager: Mounting plugin PropertyAccessEditor
LogPluginManager: Mounting plugin SignificanceManager
LogPluginManager: Mounting plugin SoundFields
LogPluginManager: Mounting plugin RuntimePhysXCooking
LogPluginManager: Mounting plugin OpenXR
LogPluginManager: Mounting plugin Synthesis
LogPluginManager: Mounting plugin WebMMoviePlayer
LogPluginManager: Mounting plugin WindowsMoviePlayer
LogPluginManager: Mounting plugin ScreenshotTools
LogPluginManager: Mounting plugin Takes
LogPluginManager: Mounting plugin CameraShakePreviewer
LogPluginManager: Mounting plugin GameplayCameras
LogPluginManager: Mounting plugin ContentBrowserAssetDataSource
LogPluginManager: Mounting plugin ContentBrowserClassDataSource
LogPluginManager: Mounting plugin ContentBrowserFileDataSource
LogPluginManager: Mounting plugin OnlineSubsystemGooglePlay
LogPluginManager: Mounting plugin OnlineSubsystemIOS
LogPluginManager: Mounting plugin OculusVR
LogPluginManager: Mounting plugin SteamVR
PixWinPlugin: PIX capture plugin failed to initialize! Check that the process is launched from PIX.
LogInit: Using libcurl 7.55.1-DEV
LogInit:  - built for x86_64-pc-win32
LogInit:  - supports SSL with OpenSSL/1.1.1
LogInit:  - supports HTTP deflate (compression) using libz 1.2.8
LogInit:  - other features:
LogInit:      CURL_VERSION_SSL
LogInit:      CURL_VERSION_LIBZ
LogInit:      CURL_VERSION_IPV6
LogInit:      CURL_VERSION_ASYNCHDNS
LogInit:      CURL_VERSION_LARGEFILE
LogInit:      CURL_VERSION_IDN
LogInit:  CurlRequestOptions (configurable via config and command line):
LogInit:  - bVerifyPeer = true  - Libcurl will verify peer certificate
LogInit:  - bUseHttpProxy = false  - Libcurl will NOT use HTTP proxy
LogInit:  - bDontReuseConnections = false  - Libcurl will reuse connections
LogInit:  - MaxHostConnections = 16  - Libcurl will limit the number of connections to a host
LogInit:  - LocalHostAddr = Default
LogInit:  - BufferSize = 65536
LogOnline: OSS: Creating online subsystem instance for: NULL
LogInit: WinSock: version 1.1 (2.2), MaxSocks=32767, MaxUdp=65467
LogOnline: OSS: TryLoadSubsystemAndSetDefault: Loaded subsystem for module [NULL]
LogOculusPluginWrapper: OculusPlugin initialized successfully
LogHMD: Failed initializing OVRPlugin 1.59.0
LogInit: Build: ++UE4+Release-4.27-CL-18319896
LogInit: Engine Version: 4.27.2-18319896+++UE4+Release-4.27
LogInit: Compatible Engine Version: 4.27.0-17155196+++UE4+Release-4.27
LogInit: Net CL: 17155196
LogInit: OS: Windows 10 (Release 2009) (), CPU: Intel(R) Core(TM) i5-10300H CPU @ 2.50GHz, GPU: Intel(R) UHD Graphics
LogInit: Compiled (64-bit): Nov 30 2021 07:12:08
LogInit: Compiled with Visual C++: 19.24.28315.00
LogInit: Build Configuration: Development
LogInit: Branch Name: ++UE4+Release-4.27
LogInit: Command Line: 
LogInit: Base Directory: D:/Progams on PC/Unreal/UE_4.27/Engine/Binaries/Win64/
LogInit: Allocator: TBB
LogInit: Installed Engine Build: 1
LogDevObjectVersion: Number of dev versions registered: 29
LogDevObjectVersion:   Dev-Blueprints (B0D832E4-1F89-4F0D-ACCF-7EB736FD4AA2): 10
LogDevObjectVersion:   Dev-Build (E1C64328-A22C-4D53-A36C-8E866417BD8C): 0
LogDevObjectVersion:   Dev-Core (375EC13C-06E4-48FB-B500-84F0262A717E): 4
LogDevObjectVersion:   Dev-Editor (E4B068ED-F494-42E9-A231-DA0B2E46BB41): 40
LogDevObjectVersion:   Dev-Framework (CFFC743F-43B0-4480-9391-14DF171D2073): 37
LogDevObjectVersion:   Dev-Mobile (B02B49B5-BB20-44E9-A304-32B752E40360): 3
LogDevObjectVersion:   Dev-Networking (A4E4105C-59A1-49B5-A7C5-40C4547EDFEE): 0
LogDevObjectVersion:   Dev-Online (39C831C9-5AE6-47DC-9A44-9C173E1C8E7C): 0
LogDevObjectVersion:   Dev-Physics (78F01B33-EBEA-4F98-B9B4-84EACCB95AA2): 14
LogDevObjectVersion:   Dev-Platform (6631380F-2D4D-43E0-8009-CF276956A95A): 0
LogDevObjectVersion:   Dev-Rendering (12F88B9F-8875-4AFC-A67C-D90C383ABD29): 45
LogDevObjectVersion:   Dev-Sequencer (7B5AE74C-D270-4C10-A958-57980B212A5A): 13
LogDevObjectVersion:   Dev-VR (D7296918-1DD6-4BDD-9DE2-64A83CC13884): 3
LogDevObjectVersion:   Dev-LoadTimes (C2A15278-BFE7-4AFE-6C17-90FF531DF755): 1
LogDevObjectVersion:   Private-Geometry (6EACA3D4-40EC-4CC1-B786-8BED09428FC5): 3
LogDevObjectVersion:   Dev-AnimPhys (29E575DD-E0A3-4627-9D10-D276232CDCEA): 17
LogDevObjectVersion:   Dev-Anim (AF43A65D-7FD3-4947-9873-3E8ED9C1BB05): 15
LogDevObjectVersion:   Dev-ReflectionCapture (6B266CEC-1EC7-4B8F-A30B-E4D90942FC07): 1
LogDevObjectVersion:   Dev-Automation (0DF73D61-A23F-47EA-B727-89E90C41499A): 1
LogDevObjectVersion:   FortniteMain (601D1886-AC64-4F84-AA16-D3DE0DEAC7D6): 47
LogDevObjectVersion:   FortniteRelease (E7086368-6B23-4C58-8439-1B7016265E91): 1
LogDevObjectVersion:   Dev-Enterprise (9DFFBCD6-494F-0158-E221-12823C92A888): 10
LogDevObjectVersion:   Dev-Niagara (F2AED0AC-9AFE-416F-8664-AA7FFA26D6FC): 1
LogDevObjectVersion:   Dev-Destruction (174F1F0B-B4C6-45A5-B13F-2EE8D0FB917D): 10
LogDevObjectVersion:   Dev-Physics-Ext (35F94A83-E258-406C-A318-09F59610247C): 41
LogDevObjectVersion:   Dev-PhysicsMaterial-Chaos (B68FC16E-8B1B-42E2-B453-215C058844FE): 1
LogDevObjectVersion:   Dev-CineCamera (B2E18506-4273-CFC2-A54E-F4BB758BBA07): 1
LogDevObjectVersion:   Dev-VirtualProduction (64F58936-FD1B-42BA-BA96-7289D5D0FA4E): 1
LogDevObjectVersion:   Dev-MediaFramework (6F0ED827-A609-4895-9C91-998D90180EA4): 2
LogInit: Presizing for max 25165824 objects, including 0 objects not considered by GC, pre-allocating 0 bytes for permanent pool.
LogConfig: Applying CVar settings from Section [/Script/Engine.StreamingSettings] File [D:/WORKPLACE/Mini_laboratory/MEPhI_VR_term_1/Mini_laboratory/Saved/Config/Windows/Engine.ini]
LogConfig: Setting CVar [[s.MinBulkDataSizeForAsyncLoading:131072]]
LogConfig: Setting CVar [[s.AsyncLoadingThreadEnabled:0]]
LogConfig: Setting CVar [[s.EventDrivenLoaderEnabled:1]]
LogConfig: Setting CVar [[s.WarnIfTimeLimitExceeded:0]]
LogConfig: Setting CVar [[s.TimeLimitExceededMultiplier:1.5]]
LogConfig: Setting CVar [[s.TimeLimitExceededMinTime:0.005]]
LogConfig: Setting CVar [[s.UseBackgroundLevelStreaming:1]]
LogConfig: Setting CVar [[s.PriorityAsyncLoadingExtraTime:15.0]]
LogConfig: Setting CVar [[s.LevelStreamingActorsUpdateTimeLimit:5.0]]
LogConfig: Setting CVar [[s.PriorityLevelStreamingActorsUpdateExtraTime:5.0]]
LogConfig: Setting CVar [[s.LevelStreamingComponentsRegistrationGranularity:10]]
LogConfig: Setting CVar [[s.UnregisterComponentsTimeLimit:1.0]]
LogConfig: Setting CVar [[s.LevelStreamingComponentsUnregistrationGranularity:5]]
LogConfig: Setting CVar [[s.FlushStreamingOnExit:1]]
LogInit: Object subsystem initialized
LogConfig: Setting CVar [[con.DebugEarlyDefault:1]]
LogConfig: Setting CVar [[r.setres:1280x720]]
[2025.12.10-19.08.32:321][  0]LogConfig: Setting CVar [[r.VSync:0]]
[2025.12.10-19.08.32:321][  0]LogConfig: Setting CVar [[r.RHICmdBypass:0]]
[2025.12.10-19.08.32:321][  0]LogConfig: Applying CVar settings from Section [/Script/Engine.RendererSettings] File [D:/WORKPLACE/Mini_laboratory/MEPhI_VR_term_1/Mini_laboratory/Saved/Config/Windows/Engine.ini]
[2025.12.10-19.08.32:321][  0]LogConfig: Setting CVar [[r.GPUCrashDebugging:0]]
[2025.12.10-19.08.32:321][  0]LogConfig: Applying CVar settings from Section [/Script/Engine.RendererOverrideSettings] File [D:/WORKPLACE/Mini_laboratory/MEPhI_VR_term_1/Mini_laboratory/Saved/Config/Windows/Engine.ini]
[2025.12.10-19.08.32:321][  0]LogConfig: Applying CVar settings from Section [/Script/Engine.StreamingSettings] File [D:/WORKPLACE/Mini_laboratory/MEPhI_VR_term_1/Mini_laboratory/Saved/Config/Windows/Engine.ini]
[2025.12.10-19.08.32:321][  0]LogConfig: Setting CVar [[s.MinBulkDataSizeForAsyncLoading:131072]]
[2025.12.10-19.08.32:321][  0]LogConfig: Setting CVar [[s.AsyncLoadingThreadEnabled:0]]
[2025.12.10-19.08.32:321][  0]LogConfig: Setting CVar [[s.EventDrivenLoaderEnabled:1]]
[2025.12.10-19.08.32:321][  0]LogConfig: Setting CVar [[s.WarnIfTimeLimitExceeded:0]]
[2025.12.10-19.08.32:321][  0]LogConfig: Setting CVar [[s.TimeLimitExceededMultiplier:1.5]]
[2025.12.10-19.08.32:321][  0]LogConfig: Setting CVar [[s.TimeLimitExceededMinTime:0.005]]
[2025.12.10-19.08.32:321][  0]LogConfig: Setting CVar [[s.UseBackgroundLevelStreaming:1]]
[2025.12.10-19.08.32:321][  0]LogConfig: Setting CVar [[s.PriorityAsyncLoadingExtraTime:15.0]]
[2025.12.10-19.08.32:321][  0]LogConfig: Setting CVar [[s.LevelStreamingActorsUpdateTimeLimit:5.0]]
[2025.12.10-19.08.32:321][  0]LogConfig: Setting CVar [[s.PriorityLevelStreamingActorsUpdateExtraTime:5.0]]
[2025.12.10-19.08.32:321][  0]LogConfig: Setting CVar [[s.LevelStreamingComponentsRegistrationGranularity:10]]
[2025.12.10-19.08.32:321][  0]LogConfig: Setting CVar [[s.UnregisterComponentsTimeLimit:1.0]]
[2025.12.10-19.08.32:321][  0]LogConfig: Setting CVar [[s.LevelStreamingComponentsUnregistrationGranularity:5]]
[2025.12.10-19.08.32:321][  0]LogConfig: Setting CVar [[s.FlushStreamingOnExit:1]]
[2025.12.10-19.08.32:321][  0]LogConfig: Applying CVar settings from Section [/Script/Engine.GarbageCollectionSettings] File [D:/WORKPLACE/Mini_laboratory/MEPhI_VR_term_1/Mini_laboratory/Saved/Config/Windows/Engine.ini]
[2025.12.10-19.08.32:321][  0]LogConfig: Setting CVar [[gc.MaxObjectsNotConsideredByGC:1]]
[2025.12.10-19.08.32:321][  0]LogConfig: Setting CVar [[gc.SizeOfPermanentObjectPool:0]]
[2025.12.10-19.08.32:321][  0]LogConfig: Setting CVar [[gc.FlushStreamingOnGC:0]]
[2025.12.10-19.08.32:321][  0]LogConfig: Setting CVar [[gc.NumRetriesBeforeForcingGC:10]]
[2025.12.10-19.08.32:321][  0]LogConfig: Setting CVar [[gc.AllowParallelGC:1]]
[2025.12.10-19.08.32:321][  0]LogConfig: Setting CVar [[gc.TimeBetweenPurgingPendingKillObjects:61.1]]
[2025.12.10-19.08.32:321][  0]LogConfig: Setting CVar [[gc.MaxObjectsInEditor:25165824]]
[2025.12.10-19.08.32:321][  0]LogConfig: Setting CVar [[gc.IncrementalBeginDestroyEnabled:1]]
[2025.12.10-19.08.32:321][  0]LogConfig: Setting CVar [[gc.CreateGCClusters:1]]
[2025.12.10-19.08.32:321][  0]LogConfig: Setting CVar [[gc.MinGCClusterSize:5]]
[2025.12.10-19.08.32:322][  0]LogConfig: Setting CVar [[gc.ActorClusteringEnabled:0]]
[2025.12.10-19.08.32:322][  0]LogConfig: Setting CVar [[gc.BlueprintClusteringEnabled:0]]
[2025.12.10-19.08.32:322][  0]LogConfig: Setting CVar [[gc.UseDisregardForGCOnDedicatedServers:0]]
[2025.12.10-19.08.32:322][  0]LogConfig: Setting CVar [[gc.MultithreadedDestructionEnabled:1]]
[2025.12.10-19.08.32:322][  0]LogConfig: Applying CVar settings from Section [/Script/Engine.NetworkSettings] File [D:/WORKPLACE/Mini_laboratory/MEPhI_VR_term_1/Mini_laboratory/Saved/Config/Windows/Engine.ini]
[2025.12.10-19.08.32:322][  0]LogConfig: Applying CVar settings from Section [/Script/UnrealEd.CookerSettings] File [D:/WORKPLACE/Mini_laboratory/MEPhI_VR_term_1/Mini_laboratory/Saved/Config/Windows/Engine.ini]
[2025.12.10-19.08.32:330][  0]LogConfig: Applying CVar settings from Section [ViewDistanceQuality@3] File [D:/WORKPLACE/Mini_laboratory/MEPhI_VR_term_1/Mini_laboratory/Saved/Config/Windows/Scalability.ini]
[2025.12.10-19.08.32:330][  0]LogConfig: Setting CVar [[r.SkeletalMeshLODBias:0]]
[2025.12.10-19.08.32:330][  0]LogConfig: Setting CVar [[r.ViewDistanceScale:1.0]]
[2025.12.10-19.08.32:330][  0]LogConfig: Applying CVar settings from Section [AntiAliasingQuality@3] File [D:/WORKPLACE/Mini_laboratory/MEPhI_VR_term_1/Mini_laboratory/Saved/Config/Windows/Scalability.ini]
[2025.12.10-19.08.32:330][  0]LogConfig: Setting CVar [[r.PostProcessAAQuality:4]]
[2025.12.10-19.08.32:330][  0]LogConfig: Applying CVar settings from Section [ShadowQuality@3] File [D:/WORKPLACE/Mini_laboratory/MEPhI_VR_term_1/Mini_laboratory/Saved/Config/Windows/Scalability.ini]
[2025.12.10-19.08.32:330][  0]LogConfig: Setting CVar [[r.LightFunctionQuality:1]]
[2025.12.10-19.08.32:330][  0]LogConfig: Setting CVar [[r.ShadowQuality:5]]
[2025.12.10-19.08.32:330][  0]LogConfig: Setting CVar [[r.Shadow.CSM.MaxCascades:10]]
[2025.12.10-19.08.32:330][  0]LogConfig: Setting CVar [[r.Shadow.MaxResolution:2048]]
[2025.12.10-19.08.32:330][  0]LogConfig: Setting CVar [[r.Shadow.MaxCSMResolution:2048]]
[2025.12.10-19.08.32:330][  0]LogConfig: Setting CVar [[r.Shadow.RadiusThreshold:0.01]]
[2025.12.10-19.08.32:330][  0]LogConfig: Setting CVar [[r.Shadow.DistanceScale:1.0]]
[2025.12.10-19.08.32:330][  0]LogConfig: Setting CVar [[r.Shadow.CSM.TransitionScale:1.0]]
[2025.12.10-19.08.32:330][  0]LogConfig: Setting CVar [[r.Shadow.PreShadowResolutionFactor:1.0]]
[2025.12.10-19.08.32:330][  0]LogConfig: Setting CVar [[r.DistanceFieldShadowing:1]]
[2025.12.10-19.08.32:330][  0]LogConfig: Setting CVar [[r.DistanceFieldAO:1]]
[2025.12.10-19.08.32:330][  0]LogConfig: Setting CVar [[r.AOQuality:2]]
[2025.12.10-19.08.32:330][  0]LogConfig: Setting CVar [[r.VolumetricFog:1]]
[2025.12.10-19.08.32:330][  0]LogConfig: Setting CVar [[r.VolumetricFog.GridPixelSize:8]]
[2025.12.10-19.08.32:330][  0]LogConfig: Setting CVar [[r.VolumetricFog.GridSizeZ:128]]
[2025.12.10-19.08.32:330][  0]LogConfig: Setting CVar [[r.VolumetricFog.HistoryMissSupersampleCount:4]]
[2025.12.10-19.08.32:330][  0]LogConfig: Setting CVar [[r.LightMaxDrawDistanceScale:1]]
[2025.12.10-19.08.32:330][  0]LogConfig: Setting CVar [[r.CapsuleShadows:1]]
[2025.12.10-19.08.32:330][  0]LogConfig: Applying CVar settings from Section [PostProcessQuality@3] File [D:/WORKPLACE/Mini_laboratory/MEPhI_VR_term_1/Mini_laboratory/Saved/Config/Windows/Scalability.ini]
[2025.12.10-19.08.32:330][  0]LogConfig: Setting CVar [[r.MotionBlurQuality:4]]
[2025.12.10-19.08.32:330][  0]LogConfig: Setting CVar [[r.AmbientOcclusionMipLevelFactor:0.4]]
[2025.12.10-19.08.32:330][  0]LogConfig: Setting CVar [[r.AmbientOcclusionMaxQuality:100]]
[2025.12.10-19.08.32:330][  0]LogConfig: Setting CVar [[r.AmbientOcclusionLevels:-1]]
[2025.12.10-19.08.32:330][  0]LogConfig: Setting CVar [[r.AmbientOcclusionRadiusScale:1.0]]
[2025.12.10-19.08.32:330][  0]LogConfig: Setting CVar [[r.DepthOfFieldQuality:2]]
[2025.12.10-19.08.32:330][  0]LogConfig: Setting CVar [[r.RenderTargetPoolMin:400]]
[2025.12.10-19.08.32:330][  0]LogConfig: Setting CVar [[r.LensFlareQuality:2]]
[2025.12.10-19.08.32:330][  0]LogConfig: Setting CVar [[r.SceneColorFringeQuality:1]]
[2025.12.10-19.08.32:330][  0]LogConfig: Setting CVar [[r.EyeAdaptationQuality:2]]
[2025.12.10-19.08.32:331][  0]LogConfig: Setting CVar [[r.BloomQuality:5]]
[2025.12.10-19.08.32:331][  0]LogConfig: Setting CVar [[r.FastBlurThreshold:100]]
[2025.12.10-19.08.32:331][  0]LogConfig: Setting CVar [[r.Upscale.Quality:3]]
[2025.12.10-19.08.32:331][  0]LogConfig: Setting CVar [[r.Tonemapper.GrainQuantization:1]]
[2025.12.10-19.08.32:331][  0]LogConfig: Setting CVar [[r.LightShaftQuality:1]]
[2025.12.10-19.08.32:331][  0]LogConfig: Setting CVar [[r.Filter.SizeScale:1]]
[2025.12.10-19.08.32:331][  0]LogConfig: Setting CVar [[r.Tonemapper.Quality:5]]
[2025.12.10-19.08.32:331][  0]LogConfig: Setting CVar [[r.DOF.Gather.AccumulatorQuality:1        ; higher gathering accumulator quality]]
[2025.12.10-19.08.32:331][  0]LogConfig: Setting CVar [[r.DOF.Gather.PostfilterMethod:1          ; Median3x3 postfilering method]]
[2025.12.10-19.08.32:331][  0]LogConfig: Setting CVar [[r.DOF.Gather.EnableBokehSettings:0       ; no bokeh simulation when gathering]]
[2025.12.10-19.08.32:331][  0]LogConfig: Setting CVar [[r.DOF.Gather.RingCount:4                 ; medium number of samples when gathering]]
[2025.12.10-19.08.32:331][  0]LogConfig: Setting CVar [[r.DOF.Scatter.ForegroundCompositing:1    ; additive foreground scattering]]
[2025.12.10-19.08.32:331][  0]LogConfig: Setting CVar [[r.DOF.Scatter.BackgroundCompositing:2    ; additive background scattering]]
[2025.12.10-19.08.32:331][  0]LogConfig: Setting CVar [[r.DOF.Scatter.EnableBokehSettings:1      ; bokeh simulation when scattering]]
[2025.12.10-19.08.32:331][  0]LogConfig: Setting CVar [[r.DOF.Scatter.MaxSpriteRatio:0.1         ; only a maximum of 10% of scattered bokeh]]
[2025.12.10-19.08.32:331][  0]LogConfig: Setting CVar [[r.DOF.Recombine.Quality:1                ; cheap slight out of focus]]
[2025.12.10-19.08.32:331][  0]LogConfig: Setting CVar [[r.DOF.Recombine.EnableBokehSettings:0    ; no bokeh simulation on slight out of focus]]
[2025.12.10-19.08.32:331][  0]LogConfig: Setting CVar [[r.DOF.TemporalAAQuality:1                ; more stable temporal accumulation]]
[2025.12.10-19.08.32:331][  0]LogConfig: Setting CVar [[r.DOF.Kernel.MaxForegroundRadius:0.025]]
[2025.12.10-19.08.32:331][  0]LogConfig: Setting CVar [[r.DOF.Kernel.MaxBackgroundRadius:0.025]]
[2025.12.10-19.08.32:331][  0]LogConfig: Applying CVar settings from Section [TextureQuality@3] File [D:/WORKPLACE/Mini_laboratory/MEPhI_VR_term_1/Mini_laboratory/Saved/Config/Windows/Scalability.ini]
[2025.12.10-19.08.32:331][  0]LogConfig: Setting CVar [[r.Streaming.MipBias:0]]
[2025.12.10-19.08.32:331][  0]LogConfig: Setting CVar [[r.Streaming.AmortizeCPUToGPUCopy:0]]
[2025.12.10-19.08.32:331][  0]LogConfig: Setting CVar [[r.Streaming.MaxNumTexturesToStreamPerFrame:0]]
[2025.12.10-19.08.32:331][  0]LogConfig: Setting CVar [[r.Streaming.Boost:1]]
[2025.12.10-19.08.32:331][  0]LogConfig: Setting CVar [[r.MaxAnisotropy:8]]
[2025.12.10-19.08.32:331][  0]LogConfig: Setting CVar [[r.VT.MaxAnisotropy:8]]
[2025.12.10-19.08.32:331][  0]LogConfig: Setting CVar [[r.Streaming.LimitPoolSizeToVRAM:0]]
[2025.12.10-19.08.32:331][  0]LogConfig: Setting CVar [[r.Streaming.PoolSize:1000]]
[2025.12.10-19.08.32:331][  0]LogConfig: Setting CVar [[r.Streaming.MaxEffectiveScreenSize:0]]
[2025.12.10-19.08.32:331][  0]LogConfig: Applying CVar settings from Section [EffectsQuality@3] File [D:/WORKPLACE/Mini_laboratory/MEPhI_VR_term_1/Mini_laboratory/Saved/Config/Windows/Scalability.ini]
[2025.12.10-19.08.32:331][  0]LogConfig: Setting CVar [[r.TranslucencyLightingVolumeDim:64]]
[2025.12.10-19.08.32:331][  0]LogConfig: Setting CVar [[r.RefractionQuality:2]]
[2025.12.10-19.08.32:331][  0]LogConfig: Setting CVar [[r.SSR.Quality:3]]
[2025.12.10-19.08.32:331][  0]LogConfig: Setting CVar [[r.SSR.HalfResSceneColor:0]]
[2025.12.10-19.08.32:331][  0]LogConfig: Setting CVar [[r.SceneColorFormat:4]]
[2025.12.10-19.08.32:331][  0]LogConfig: Setting CVar [[r.DetailMode:2]]
[2025.12.10-19.08.32:331][  0]LogConfig: Setting CVar [[r.TranslucencyVolumeBlur:1]]
[2025.12.10-19.08.32:331][  0]LogConfig: Setting CVar [[r.MaterialQualityLevel:1 ; High quality]]
[2025.12.10-19.08.32:331][  0]LogConfig: Setting CVar [[r.AnisotropicMaterials:1]]
[2025.12.10-19.08.32:331][  0]LogConfig: Setting CVar [[r.SSS.Scale:1]]
[2025.12.10-19.08.32:331][  0]LogConfig: Setting CVar [[r.SSS.SampleSet:2]]
[2025.12.10-19.08.32:331][  0]LogConfig: Setting CVar [[r.SSS.Quality:1]]
[2025.12.10-19.08.32:331][  0]LogConfig: Setting CVar [[r.SSS.HalfRes:0]]
[2025.12.10-19.08.32:331][  0]LogConfig: Setting CVar [[r.SSGI.Quality:3]]
[2025.12.10-19.08.32:331][  0]LogConfig: Setting CVar [[r.EmitterSpawnRateScale:1.0]]
[2025.12.10-19.08.32:331][  0]LogConfig: Setting CVar [[r.ParticleLightQuality:2]]
[2025.12.10-19.08.32:331][  0]LogConfig: Setting CVar [[r.SkyAtmosphere.AerialPerspectiveLUT.FastApplyOnOpaque:1 ; Always have FastSkyLUT 1 in this case to avoid wrong sky]]
[2025.12.10-19.08.32:331][  0]LogConfig: Setting CVar [[r.SkyAtmosphere.AerialPerspectiveLUT.SampleCountMaxPerSlice:4]]
[2025.12.10-19.08.32:331][  0]LogConfig: Setting CVar [[r.SkyAtmosphere.AerialPerspectiveLUT.DepthResolution:16.0]]
[2025.12.10-19.08.32:331][  0]LogConfig: Setting CVar [[r.SkyAtmosphere.FastSkyLUT:1]]
[2025.12.10-19.08.32:331][  0]LogConfig: Setting CVar [[r.SkyAtmosphere.FastSkyLUT.SampleCountMin:4.0]]
[2025.12.10-19.08.32:331][  0]LogConfig: Setting CVar [[r.SkyAtmosphere.FastSkyLUT.SampleCountMax:128.0]]
[2025.12.10-19.08.32:331][  0]LogConfig: Setting CVar [[r.SkyAtmosphere.SampleCountMin:4.0]]
[2025.12.10-19.08.32:331][  0]LogConfig: Setting CVar [[r.SkyAtmosphere.SampleCountMax:128.0]]
[2025.12.10-19.08.32:331][  0]LogConfig: Setting CVar [[r.SkyAtmosphere.TransmittanceLUT.UseSmallFormat:0]]
[2025.12.10-19.08.32:331][  0]LogConfig: Setting CVar [[r.SkyAtmosphere.TransmittanceLUT.SampleCount:10.0]]
[2025.12.10-19.08.32:331][  0]LogConfig: Setting CVar [[r.SkyAtmosphere.MultiScatteringLUT.SampleCount:15.0]]
[2025.12.10-19.08.32:331][  0]LogConfig: Setting CVar [[r.SkyLight.RealTimeReflectionCapture:1]]
[2025.12.10-19.08.32:331][  0]LogConfig: Applying CVar settings from Section [FoliageQuality@3] File [D:/WORKPLACE/Mini_laboratory/MEPhI_VR_term_1/Mini_laboratory/Saved/Config/Windows/Scalability.ini]
[2025.12.10-19.08.32:331][  0]LogConfig: Setting CVar [[foliage.DensityScale:1.0]]
[2025.12.10-19.08.32:331][  0]LogConfig: Setting CVar [[grass.DensityScale:1.0]]
[2025.12.10-19.08.32:331][  0]LogConfig: Applying CVar settings from Section [ShadingQuality@3] File [D:/WORKPLACE/Mini_laboratory/MEPhI_VR_term_1/Mini_laboratory/Saved/Config/Windows/Scalability.ini]
[2025.12.10-19.08.32:331][  0]LogConfig: Setting CVar [[r.HairStrands.SkyLighting.IntegrationType:2]]
[2025.12.10-19.08.32:331][  0]LogConfig: Setting CVar [[r.HairStrands.SkyAO.SampleCount:4]]
[2025.12.10-19.08.32:331][  0]LogConfig: Setting CVar [[r.HairStrands.Visibility.MSAA.SamplePerPixel:4]]
[2025.12.10-19.08.32:332][  0]LogInit: Selected Device Profile: [Windows]
[2025.12.10-19.08.32:332][  0]LogInit: Applying CVar settings loaded from the selected device profile: [Windows]
[2025.12.10-19.08.32:332][  0]LogHAL: Display: Platform has ~ 8 GB [8451309568 / 8589934592 / 8], which maps to Default [LargestMinGB=32, LargerMinGB=12, DefaultMinGB=8, SmallerMinGB=6, SmallestMinGB=0)
[2025.12.10-19.08.32:332][  0]LogInit: Going up to parent DeviceProfile []
[2025.12.10-19.08.32:332][  0]LogConfig: Applying CVar settings from Section [ViewDistanceQuality@3] File [D:/WORKPLACE/Mini_laboratory/MEPhI_VR_term_1/Mini_laboratory/Saved/Config/Windows/Scalability.ini]
[2025.12.10-19.08.32:332][  0]LogConfig: Setting CVar [[r.SkeletalMeshLODBias:0]]
[2025.12.10-19.08.32:332][  0]LogConfig: Setting CVar [[r.ViewDistanceScale:1.0]]
[2025.12.10-19.08.32:332][  0]LogConfig: Applying CVar settings from Section [AntiAliasingQuality@3] File [D:/WORKPLACE/Mini_laboratory/MEPhI_VR_term_1/Mini_laboratory/Saved/Config/Windows/Scalability.ini]
[2025.12.10-19.08.32:332][  0]LogConfig: Setting CVar [[r.PostProcessAAQuality:4]]
[2025.12.10-19.08.32:332][  0]LogConfig: Applying CVar settings from Section [ShadowQuality@3] File [D:/WORKPLACE/Mini_laboratory/MEPhI_VR_term_1/Mini_laboratory/Saved/Config/Windows/Scalability.ini]
[2025.12.10-19.08.32:332][  0]LogConfig: Setting CVar [[r.LightFunctionQuality:1]]
[2025.12.10-19.08.32:332][  0]LogConfig: Setting CVar [[r.ShadowQuality:5]]
[2025.12.10-19.08.32:332][  0]LogConfig: Setting CVar [[r.Shadow.CSM.MaxCascades:10]]
[2025.12.10-19.08.32:332][  0]LogConfig: Setting CVar [[r.Shadow.MaxResolution:2048]]
[2025.12.10-19.08.32:332][  0]LogConfig: Setting CVar [[r.Shadow.MaxCSMResolution:2048]]
[2025.12.10-19.08.32:332][  0]LogConfig: Setting CVar [[r.Shadow.RadiusThreshold:0.01]]
[2025.12.10-19.08.32:332][  0]LogConfig: Setting CVar [[r.Shadow.DistanceScale:1.0]]
[2025.12.10-19.08.32:332][  0]LogConfig: Setting CVar [[r.Shadow.CSM.TransitionScale:1.0]]
[2025.12.10-19.08.32:332][  0]LogConfig: Setting CVar [[r.Shadow.PreShadowResolutionFactor:1.0]]
[2025.12.10-19.08.32:332][  0]LogConfig: Setting CVar [[r.DistanceFieldShadowing:1]]
[2025.12.10-19.08.32:332][  0]LogConfig: Setting CVar [[r.DistanceFieldAO:1]]
[2025.12.10-19.08.32:332][  0]LogConfig: Setting CVar [[r.AOQuality:2]]
[2025.12.10-19.08.32:332][  0]LogConfig: Setting CVar [[r.VolumetricFog:1]]
[2025.12.10-19.08.32:332][  0]LogConfig: Setting CVar [[r.VolumetricFog.GridPixelSize:8]]
[2025.12.10-19.08.32:332][  0]LogConfig: Setting CVar [[r.VolumetricFog.GridSizeZ:128]]
[2025.12.10-19.08.32:332][  0]LogConfig: Setting CVar [[r.VolumetricFog.HistoryMissSupersampleCount:4]]
[2025.12.10-19.08.32:332][  0]LogConfig: Setting CVar [[r.LightMaxDrawDistanceScale:1]]
[2025.12.10-19.08.32:332][  0]LogConfig: Setting CVar [[r.CapsuleShadows:1]]
[2025.12.10-19.08.32:332][  0]LogConfig: Applying CVar settings from Section [PostProcessQuality@3] File [D:/WORKPLACE/Mini_laboratory/MEPhI_VR_term_1/Mini_laboratory/Saved/Config/Windows/Scalability.ini]
[2025.12.10-19.08.32:332][  0]LogConfig: Setting CVar [[r.MotionBlurQuality:4]]
[2025.12.10-19.08.32:332][  0]LogConfig: Setting CVar [[r.AmbientOcclusionMipLevelFactor:0.4]]
[2025.12.10-19.08.32:332][  0]LogConfig: Setting CVar [[r.AmbientOcclusionMaxQuality:100]]
[2025.12.10-19.08.32:332][  0]LogConfig: Setting CVar [[r.AmbientOcclusionLevels:-1]]
[2025.12.10-19.08.32:332][  0]LogConfig: Setting CVar [[r.AmbientOcclusionRadiusScale:1.0]]
[2025.12.10-19.08.32:332][  0]LogConfig: Setting CVar [[r.DepthOfFieldQuality:2]]
[2025.12.10-19.08.32:332][  0]LogConfig: Setting CVar [[r.RenderTargetPoolMin:400]]
[2025.12.10-19.08.32:332][  0]LogConfig: Setting CVar [[r.LensFlareQuality:2]]
[2025.12.10-19.08.32:332][  0]LogConfig: Setting CVar [[r.SceneColorFringeQuality:1]]
[2025.12.10-19.08.32:332][  0]LogConfig: Setting CVar [[r.EyeAdaptationQuality:2]]
[2025.12.10-19.08.32:332][  0]LogConfig: Setting CVar [[r.BloomQuality:5]]
[2025.12.10-19.08.32:332][  0]LogConfig: Setting CVar [[r.FastBlurThreshold:100]]
[2025.12.10-19.08.32:332][  0]LogConfig: Setting CVar [[r.Upscale.Quality:3]]
[2025.12.10-19.08.32:332][  0]LogConfig: Setting CVar [[r.Tonemapper.GrainQuantization:1]]
[2025.12.10-19.08.32:332][  0]LogConfig: Setting CVar [[r.LightShaftQuality:1]]
[2025.12.10-19.08.32:332][  0]LogConfig: Setting CVar [[r.Filter.SizeScale:1]]
[2025.12.10-19.08.32:332][  0]LogConfig: Setting CVar [[r.Tonemapper.Quality:5]]
[2025.12.10-19.08.32:332][  0]LogConfig: Setting CVar [[r.DOF.Gather.AccumulatorQuality:1        ; higher gathering accumulator quality]]
[2025.12.10-19.08.32:332][  0]LogConfig: Setting CVar [[r.DOF.Gather.PostfilterMethod:1          ; Median3x3 postfilering method]]
[2025.12.10-19.08.32:332][  0]LogConfig: Setting CVar [[r.DOF.Gather.EnableBokehSettings:0       ; no bokeh simulation when gathering]]
[2025.12.10-19.08.32:332][  0]LogConfig: Setting CVar [[r.DOF.Gather.RingCount:4                 ; medium number of samples when gathering]]
[2025.12.10-19.08.32:332][  0]LogConfig: Setting CVar [[r.DOF.Scatter.ForegroundCompositing:1    ; additive foreground scattering]]
[2025.12.10-19.08.32:332][  0]LogConfig: Setting CVar [[r.DOF.Scatter.BackgroundCompositing:2    ; additive background scattering]]
[2025.12.10-19.08.32:332][  0]LogConfig: Setting CVar [[r.DOF.Scatter.EnableBokehSettings:1      ; bokeh simulation when scattering]]
[2025.12.10-19.08.32:332][  0]LogConfig: Setting CVar [[r.DOF.Scatter.MaxSpriteRatio:0.1         ; only a maximum of 10% of scattered bokeh]]
[2025.12.10-19.08.32:332][  0]LogConfig: Setting CVar [[r.DOF.Recombine.Quality:1                ; cheap slight out of focus]]
[2025.12.10-19.08.32:332][  0]LogConfig: Setting CVar [[r.DOF.Recombine.EnableBokehSettings:0    ; no bokeh simulation on slight out of focus]]
[2025.12.10-19.08.32:332][  0]LogConfig: Setting CVar [[r.DOF.TemporalAAQuality:1                ; more stable temporal accumulation]]
[2025.12.10-19.08.32:332][  0]LogConfig: Setting CVar [[r.DOF.Kernel.MaxForegroundRadius:0.025]]
[2025.12.10-19.08.32:332][  0]LogConfig: Setting CVar [[r.DOF.Kernel.MaxBackgroundRadius:0.025]]
[2025.12.10-19.08.32:332][  0]LogConfig: Applying CVar settings from Section [TextureQuality@3] File [D:/WORKPLACE/Mini_laboratory/MEPhI_VR_term_1/Mini_laboratory/Saved/Config/Windows/Scalability.ini]
[2025.12.10-19.08.32:332][  0]LogConfig: Setting CVar [[r.Streaming.MipBias:0]]
[2025.12.10-19.08.32:332][  0]LogConfig: Setting CVar [[r.Streaming.AmortizeCPUToGPUCopy:0]]
[2025.12.10-19.08.32:332][  0]LogConfig: Setting CVar [[r.Streaming.MaxNumTexturesToStreamPerFrame:0]]
[2025.12.10-19.08.32:332][  0]LogConfig: Setting CVar [[r.Streaming.Boost:1]]
[2025.12.10-19.08.32:333][  0]LogConfig: Setting CVar [[r.MaxAnisotropy:8]]
[2025.12.10-19.08.32:333][  0]LogConfig: Setting CVar [[r.VT.MaxAnisotropy:8]]
[2025.12.10-19.08.32:333][  0]LogConfig: Setting CVar [[r.Streaming.LimitPoolSizeToVRAM:0]]
[2025.12.10-19.08.32:333][  0]LogConfig: Setting CVar [[r.Streaming.PoolSize:1000]]
[2025.12.10-19.08.32:333][  0]LogConfig: Setting CVar [[r.Streaming.MaxEffectiveScreenSize:0]]
[2025.12.10-19.08.32:333][  0]LogConfig: Applying CVar settings from Section [EffectsQuality@3] File [D:/WORKPLACE/Mini_laboratory/MEPhI_VR_term_1/Mini_laboratory/Saved/Config/Windows/Scalability.ini]
[2025.12.10-19.08.32:333][  0]LogConfig: Setting CVar [[r.TranslucencyLightingVolumeDim:64]]
[2025.12.10-19.08.32:333][  0]LogConfig: Setting CVar [[r.RefractionQuality:2]]
[2025.12.10-19.08.32:333][  0]LogConfig: Setting CVar [[r.SSR.Quality:3]]
[2025.12.10-19.08.32:333][  0]LogConfig: Setting CVar [[r.SSR.HalfResSceneColor:0]]
[2025.12.10-19.08.32:333][  0]LogConfig: Setting CVar [[r.SceneColorFormat:4]]
[2025.12.10-19.08.32:333][  0]LogConfig: Setting CVar [[r.DetailMode:2]]
[2025.12.10-19.08.32:333][  0]LogConfig: Setting CVar [[r.TranslucencyVolumeBlur:1]]
[2025.12.10-19.08.32:333][  0]LogConfig: Setting CVar [[r.MaterialQualityLevel:1 ; High quality]]
[2025.12.10-19.08.32:333][  0]LogConfig: Setting CVar [[r.AnisotropicMaterials:1]]
[2025.12.10-19.08.32:333][  0]LogConfig: Setting CVar [[r.SSS.Scale:1]]
[2025.12.10-19.08.32:333][  0]LogConfig: Setting CVar [[r.SSS.SampleSet:2]]
[2025.12.10-19.08.32:333][  0]LogConfig: Setting CVar [[r.SSS.Quality:1]]
[2025.12.10-19.08.32:333][  0]LogConfig: Setting CVar [[r.SSS.HalfRes:0]]
[2025.12.10-19.08.32:333][  0]LogConfig: Setting CVar [[r.SSGI.Quality:3]]
[2025.12.10-19.08.32:333][  0]LogConfig: Setting CVar [[r.EmitterSpawnRateScale:1.0]]
[2025.12.10-19.08.32:333][  0]LogConfig: Setting CVar [[r.ParticleLightQuality:2]]
[2025.12.10-19.08.32:333][  0]LogConfig: Setting CVar [[r.SkyAtmosphere.AerialPerspectiveLUT.FastApplyOnOpaque:1 ; Always have FastSkyLUT 1 in this case to avoid wrong sky]]
[2025.12.10-19.08.32:333][  0]LogConfig: Setting CVar [[r.SkyAtmosphere.AerialPerspectiveLUT.SampleCountMaxPerSlice:4]]
[2025.12.10-19.08.32:333][  0]LogConfig: Setting CVar [[r.SkyAtmosphere.AerialPerspectiveLUT.DepthResolution:16.0]]
[2025.12.10-19.08.32:333][  0]LogConfig: Setting CVar [[r.SkyAtmosphere.FastSkyLUT:1]]
[2025.12.10-19.08.32:333][  0]LogConfig: Setting CVar [[r.SkyAtmosphere.FastSkyLUT.SampleCountMin:4.0]]
[2025.12.10-19.08.32:333][  0]LogConfig: Setting CVar [[r.SkyAtmosphere.FastSkyLUT.SampleCountMax:128.0]]
[2025.12.10-19.08.32:333][  0]LogConfig: Setting CVar [[r.SkyAtmosphere.SampleCountMin:4.0]]
[2025.12.10-19.08.32:333][  0]LogConfig: Setting CVar [[r.SkyAtmosphere.SampleCountMax:128.0]]
[2025.12.10-19.08.32:333][  0]LogConfig: Setting CVar [[r.SkyAtmosphere.TransmittanceLUT.UseSmallFormat:0]]
[2025.12.10-19.08.32:333][  0]LogConfig: Setting CVar [[r.SkyAtmosphere.TransmittanceLUT.SampleCount:10.0]]
[2025.12.10-19.08.32:333][  0]LogConfig: Setting CVar [[r.SkyAtmosphere.MultiScatteringLUT.SampleCount:15.0]]
[2025.12.10-19.08.32:333][  0]LogConfig: Setting CVar [[r.SkyLight.RealTimeReflectionCapture:1]]
[2025.12.10-19.08.32:333][  0]LogConfig: Applying CVar settings from Section [FoliageQuality@3] File [D:/WORKPLACE/Mini_laboratory/MEPhI_VR_term_1/Mini_laboratory/Saved/Config/Windows/Scalability.ini]
[2025.12.10-19.08.32:333][  0]LogConfig: Setting CVar [[foliage.DensityScale:1.0]]
[2025.12.10-19.08.32:333][  0]LogConfig: Setting CVar [[grass.DensityScale:1.0]]
[2025.12.10-19.08.32:333][  0]LogConfig: Applying CVar settings from Section [ShadingQuality@3] File [D:/WORKPLACE/Mini_laboratory/MEPhI_VR_term_1/Mini_laboratory/Saved/Config/Windows/Scalability.ini]
[2025.12.10-19.08.32:333][  0]LogConfig: Setting CVar [[r.HairStrands.SkyLighting.IntegrationType:2]]
[2025.12.10-19.08.32:333][  0]LogConfig: Setting CVar [[r.HairStrands.SkyAO.SampleCount:4]]
[2025.12.10-19.08.32:333][  0]LogConfig: Setting CVar [[r.HairStrands.Visibility.MSAA.SamplePerPixel:4]]
[2025.12.10-19.08.32:333][  0]LogConfig: Applying CVar settings from Section [Startup] File [../../../Engine/Config/ConsoleVariables.ini]
[2025.12.10-19.08.32:333][  0]LogConfig: Setting CVar [[net.UseAdaptiveNetUpdateFrequency:0]]
[2025.12.10-19.08.32:333][  0]LogConfig: Setting CVar [[p.chaos.AllowCreatePhysxBodies:1]]
[2025.12.10-19.08.32:333][  0]LogConfig: Setting CVar [[fx.SkipVectorVMBackendOptimizations:1]]
[2025.12.10-19.08.32:333][  0]LogConfig: Applying CVar settings from Section [ConsoleVariables] File [D:/WORKPLACE/Mini_laboratory/MEPhI_VR_term_1/Mini_laboratory/Saved/Config/Windows/Engine.ini]
[2025.12.10-19.08.32:333][  0]LogConfig: Applying CVar settings from Section [ConsoleVariables] File [D:/WORKPLACE/Mini_laboratory/MEPhI_VR_term_1/Mini_laboratory/Saved/Config/Windows/Editor.ini]
[2025.12.10-19.08.32:334][  0]LogInit: Computer: LAPTOP-RE3L13LG
[2025.12.10-19.08.32:334][  0]LogInit: User: Vladislav
[2025.12.10-19.08.32:334][  0]LogInit: CPU Page size=4096, Cores=4
[2025.12.10-19.08.32:334][  0]LogInit: High frequency timer resolution =10.000000 MHz
[2025.12.10-19.08.32:334][  0]LogMemory: Memory total: Physical=7.9GB (8GB approx)
[2025.12.10-19.08.32:334][  0]LogMemory: Platform Memory Stats for Windows
[2025.12.10-19.08.32:334][  0]LogMemory: Process Physical Memory: 143.16 MB used, 143.17 MB peak
[2025.12.10-19.08.32:334][  0]LogMemory: Process Virtual Memory: 120.47 MB used, 120.47 MB peak
[2025.12.10-19.08.32:334][  0]LogMemory: Physical Memory: 7256.28 MB used,  803.52 MB free, 8059.80 MB total
[2025.12.10-19.08.32:334][  0]LogMemory: Virtual Memory: 134211360.00 MB used,  6364.02 MB free, 134217728.00 MB total
[2025.12.10-19.08.32:341][  0]LogWindows: WindowsPlatformFeatures enabled
[2025.12.10-19.08.32:392][  0]LogInit: Physics initialised using underlying interface: PhysX
[2025.12.10-19.08.32:393][  0]LogInit: Using OS detected language (ru-RU).
[2025.12.10-19.08.32:393][  0]LogInit: Using OS detected locale (ru-RU).
[2025.12.10-19.08.32:396][  0]LogTextLocalizationManager: No specific localization for 'ru-RU' exists, so the 'ru' localization will be used.
[2025.12.10-19.08.32:396][  0]LogTextLocalizationResource: LocRes '../../../Engine/Content/Localization/Editor/ru/Editor.locres' could not be opened for reading!
[2025.12.10-19.08.32:396][  0]LogTextLocalizationResource: LocRes '../../../Engine/Content/Localization/EditorTutorials/ru/EditorTutorials.locres' could not be opened for reading!
[2025.12.10-19.08.32:396][  0]LogTextLocalizationResource: LocRes '../../../Engine/Content/Localization/Keywords/ru/Keywords.locres' could not be opened for reading!
[2025.12.10-19.08.32:396][  0]LogTextLocalizationResource: LocRes '../../../Engine/Content/Localization/Category/ru/Category.locres' could not be opened for reading!
[2025.12.10-19.08.32:396][  0]LogTextLocalizationResource: LocRes '../../../Engine/Content/Localization/ToolTips/ru/ToolTips.locres' could not be opened for reading!
[2025.12.10-19.08.32:396][  0]LogTextLocalizationResource: LocRes '../../../Engine/Content/Localization/PropertyNames/ru/PropertyNames.locres' could not be opened for reading!
[2025.12.10-19.08.32:397][  0]LogTextLocalizationResource: LocRes '../../../Engine/Content/Localization/Engine/ru/Engine.locres' could not be opened for reading!
[2025.12.10-19.08.32:398][  0]LogInit: Setting process to per monitor DPI aware
[2025.12.10-19.08.32:416][  0]LogWindowsTextInputMethodSystem: Display: IME system deactivated.
[2025.12.10-19.08.32:439][  0]LogSlate: New Slate User Created.  User Index 0, Is Virtual User: 0
[2025.12.10-19.08.32:439][  0]LogSlate: Slate User Registered.  User Index 0, Is Virtual User: 0
[2025.12.10-19.08.32:680][  0]LogD3D11RHI: Loaded GFSDK_Aftermath_Lib.x64.dll
[2025.12.10-19.08.32:701][  0]LogHMD: Failed to initialize OpenVR with code 110
[2025.12.10-19.08.32:701][  0]LogD3D11RHI: D3D11 min allowed feature level: 11_0
[2025.12.10-19.08.32:701][  0]LogD3D11RHI: D3D11 max allowed feature level: 11_0
[2025.12.10-19.08.32:701][  0]LogD3D11RHI: D3D11 adapters:
[2025.12.10-19.08.32:916][  0]LogD3D11RHI:    0. 'NVIDIA GeForce GTX 1650 Ti' (Feature Level 11_0)
[2025.12.10-19.08.32:916][  0]LogD3D11RHI:       3935/0/4029 MB DedicatedVideo/DedicatedSystem/SharedSystem, Outputs:1, VendorId:0x10de
[2025.12.10-19.08.32:978][  0]LogD3D11RHI:    1. 'Intel(R) UHD Graphics' (Feature Level 11_0)
[2025.12.10-19.08.32:978][  0]LogD3D11RHI:       128/0/4029 MB DedicatedVideo/DedicatedSystem/SharedSystem, Outputs:0, VendorId:0x8086
[2025.12.10-19.08.32:982][  0]LogD3D11RHI:    2. 'Microsoft Basic Render Driver' (Feature Level 11_0)
[2025.12.10-19.08.32:982][  0]LogD3D11RHI:       0/0/4029 MB DedicatedVideo/DedicatedSystem/SharedSystem, Outputs:0, VendorId:0x1414
[2025.12.10-19.08.32:982][  0]LogD3D11RHI: Chosen D3D11 Adapter:
[2025.12.10-19.08.32:982][  0]LogD3D11RHI:     Description : NVIDIA GeForce GTX 1650 Ti
[2025.12.10-19.08.32:982][  0]LogD3D11RHI:     VendorId    : 10de
[2025.12.10-19.08.32:982][  0]LogD3D11RHI:     DeviceId    : 1f95
[2025.12.10-19.08.32:982][  0]LogD3D11RHI:     SubSysId    : 3fa317aa
[2025.12.10-19.08.32:982][  0]LogD3D11RHI:     Revision    : 00a1
[2025.12.10-19.08.32:982][  0]LogD3D11RHI:     DedicatedVideoMemory : 4126146560 bytes
[2025.12.10-19.08.32:982][  0]LogD3D11RHI:     DedicatedSystemMemory : 0 bytes
[2025.12.10-19.08.32:982][  0]LogD3D11RHI:     SharedSystemMemory : 4225654784 bytes
[2025.12.10-19.08.32:982][  0]LogD3D11RHI:     AdapterLuid : 0 74331
[2025.12.10-19.08.32:990][  0]LogD3D11RHI: Creating new Direct3DDevice
[2025.12.10-19.08.32:990][  0]LogD3D11RHI:     GPU DeviceId: 0x1f95 (for the marketing name, search the web for "GPU Device Id")
[2025.12.10-19.08.32:990][  0]LogWindows: EnumDisplayDevices:
[2025.12.10-19.08.32:990][  0]LogWindows:    0. 'Intel(R) UHD Graphics' (P:1 D:1)
[2025.12.10-19.08.32:991][  0]LogWindows:    1. 'Intel(R) UHD Graphics' (P:0 D:0)
[2025.12.10-19.08.32:991][  0]LogWindows:    2. 'Intel(R) UHD Graphics' (P:0 D:0)
[2025.12.10-19.08.32:991][  0]LogWindows:    3. 'NVIDIA GeForce GTX 1650 Ti' (P:0 D:0)
[2025.12.10-19.08.32:991][  0]LogWindows: DebugString: PrimaryIsNotTheChoosenAdapter PrimaryIsNotTheChoosenAdapter PrimaryIsNotTheChoosenAdapter 
[2025.12.10-19.08.32:991][  0]LogD3D11RHI:     Adapter Name: NVIDIA GeForce GTX 1650 Ti
[2025.12.10-19.08.32:991][  0]LogD3D11RHI:   Driver Version: 560.76 (internal:32.0.15.6076, unified:560.76)
[2025.12.10-19.08.32:992][  0]LogD3D11RHI:      Driver Date: 7-23-2024
[2025.12.10-19.08.32:992][  0]LogRHI: Texture pool is 2754 MB (70% of 3935 MB)
[2025.12.10-19.08.32:992][  0]LogD3D11RHI: Creating D3DDevice using adapter:
[2025.12.10-19.08.32:992][  0]LogD3D11RHI:     Description : NVIDIA GeForce GTX 1650 Ti
[2025.12.10-19.08.32:992][  0]LogD3D11RHI:     VendorId    : 10de
[2025.12.10-19.08.32:992][  0]LogD3D11RHI:     DeviceId    : 1f95
[2025.12.10-19.08.32:992][  0]LogD3D11RHI:     SubSysId    : 3fa317aa
[2025.12.10-19.08.32:992][  0]LogD3D11RHI:     Revision    : 00a1
[2025.12.10-19.08.32:992][  0]LogD3D11RHI:     DedicatedVideoMemory : 4126146560 bytes
[2025.12.10-19.08.32:992][  0]LogD3D11RHI:     DedicatedSystemMemory : 0 bytes
[2025.12.10-19.08.32:992][  0]LogD3D11RHI:     SharedSystemMemory : 4225654784 bytes
[2025.12.10-19.08.32:992][  0]LogD3D11RHI:     AdapterLuid : 0 74331
[2025.12.10-19.08.33:145][  0]LogD3D11RHI: RHI has support for 64 bit atomics
[2025.12.10-19.08.33:145][  0]LogD3D11RHI: Async texture creation enabled
[2025.12.10-19.08.33:146][  0]LogD3D11RHI: Array index from any shader is supported
[2025.12.10-19.08.33:162][  0]LogD3D11RHI: GPU Timing Frequency: 1000.000000 (Debug: 2 1)
[2025.12.10-19.08.33:219][  0]LogRHI: GeForceNow SDK initialized: 1
[2025.12.10-19.08.33:627][  0]LogTargetPlatformManager: Display: Loaded TargetPlatform 'AllDesktop'
[2025.12.10-19.08.33:655][  0]LogTargetPlatformManager: Display: Loaded TargetPlatform 'Android'
[2025.12.10-19.08.33:655][  0]LogTargetPlatformManager: Display: Loaded TargetPlatform 'Android_ASTC'
[2025.12.10-19.08.33:655][  0]LogTargetPlatformManager: Display: Loaded TargetPlatform 'Android_DXT'
[2025.12.10-19.08.33:655][  0]LogTargetPlatformManager: Display: Loaded TargetPlatform 'Android_ETC2'
[2025.12.10-19.08.33:655][  0]LogTargetPlatformManager: Display: Loaded TargetPlatform 'AndroidClient'
[2025.12.10-19.08.33:655][  0]LogTargetPlatformManager: Display: Loaded TargetPlatform 'Android_ASTCClient'
[2025.12.10-19.08.33:655][  0]LogTargetPlatformManager: Display: Loaded TargetPlatform 'Android_DXTClient'
[2025.12.10-19.08.33:656][  0]LogTargetPlatformManager: Display: Loaded TargetPlatform 'Android_ETC2Client'
[2025.12.10-19.08.33:656][  0]LogTargetPlatformManager: Display: Loaded TargetPlatform 'Android_Multi'
[2025.12.10-19.08.33:656][  0]LogTargetPlatformManager: Display: Loaded TargetPlatform 'Android_MultiClient'
[2025.12.10-19.08.33:681][  0]LogTargetPlatformManager: Display: Loaded TargetPlatform 'IOSClient'
[2025.12.10-19.08.33:681][  0]LogTargetPlatformManager: Display: Loaded TargetPlatform 'IOS'
[2025.12.10-19.08.33:693][  0]LogTargetPlatformManager: Display: Loaded TargetPlatform 'Linux'
[2025.12.10-19.08.33:698][  0]LogTargetPlatformManager: Display: Loaded TargetPlatform 'LinuxNoEditor'
[2025.12.10-19.08.33:704][  0]LogTargetPlatformManager: Display: Loaded TargetPlatform 'LinuxClient'
[2025.12.10-19.08.33:708][  0]LogTargetPlatformManager: Display: Loaded TargetPlatform 'LinuxServer'
[2025.12.10-19.08.33:722][  0]LogTargetPlatformManager: Display: Loaded TargetPlatform 'LinuxAArch64NoEditor'
[2025.12.10-19.08.33:728][  0]LogTargetPlatformManager: Display: Loaded TargetPlatform 'LinuxAArch64Client'
[2025.12.10-19.08.33:735][  0]LogTargetPlatformManager: Display: Loaded TargetPlatform 'LinuxAArch64Server'
[2025.12.10-19.08.33:766][  0]LogTargetPlatformManager: Display: Loaded TargetPlatform 'Lumin'
[2025.12.10-19.08.33:767][  0]LogTargetPlatformManager: Display: Loaded TargetPlatform 'LuminClient'
[2025.12.10-19.08.33:777][  0]LogTargetPlatformManager: Display: Loaded TargetPlatform 'MacNoEditor'
[2025.12.10-19.08.33:783][  0]LogTargetPlatformManager: Display: Loaded TargetPlatform 'Mac'
[2025.12.10-19.08.33:788][  0]LogTargetPlatformManager: Display: Loaded TargetPlatform 'MacClient'
[2025.12.10-19.08.33:794][  0]LogTargetPlatformManager: Display: Loaded TargetPlatform 'MacServer'
[2025.12.10-19.08.33:808][  0]LogTargetPlatformManager: Display: Loaded TargetPlatform 'TVOSClient'
[2025.12.10-19.08.33:808][  0]LogTargetPlatformManager: Display: Loaded TargetPlatform 'TVOS'
[2025.12.10-19.08.33:821][  0]LogTargetPlatformManager: Display: Loaded TargetPlatform 'WindowsNoEditor'
[2025.12.10-19.08.33:831][  0]LogTargetPlatformManager: Display: Loaded TargetPlatform 'Windows'
[2025.12.10-19.08.33:839][  0]LogTargetPlatformManager: Display: Loaded TargetPlatform 'WindowsClient'
[2025.12.10-19.08.33:846][  0]LogTargetPlatformManager: Display: Loaded TargetPlatform 'WindowsServer'
[2025.12.10-19.08.33:846][  0]LogTargetPlatformManager: Display: Building Assets For Windows
[2025.12.10-19.08.33:856][  0]LogAudioDebug: Display: Lib vorbis DLL was dynamically loaded.
[2025.12.10-19.08.33:898][  0]LogTextureFormatOodle: Display: Oodle Texture 2.9.0 init RDO Off
[2025.12.10-19.08.33:943][  0]LogRendererCore: Ray tracing is disabled. Reason: r.RayTracing=0.
[2025.12.10-19.08.33:943][  0]LogShaderCompilers: Guid format shader working directory is -25 characters bigger than the processId version (../../../../../../WORKPLACE/Mini_laboratory/MEPhI_VR_term_1/Mini_laboratory/Intermediate/Shaders/WorkingDirectory/9548/).
[2025.12.10-19.08.33:943][  0]LogShaderCompilers: Cleaned the shader compiler working directory 'C:/Users/Владислав/AppData/Local/Temp/UnrealShaderWorkingDir/757B026F44436C6B466341AB00648F4C/'.
[2025.12.10-19.08.33:944][  0]LogXGEController: Cannot use XGE Controller as Incredibuild is not installed on this machine.
[2025.12.10-19.08.33:944][  0]LogShaderCompilers: Cannot use XGE Shader Compiler as Incredibuild is not installed on this machine.
[2025.12.10-19.08.33:944][  0]LogShaderCompilers: Display: Using Local Shader Compiler.
[2025.12.10-19.08.38:187][  0]LogDerivedDataCache: Display: Max Cache Size: 512 MB
[2025.12.10-19.08.38:354][  0]LogDerivedDataCache: Loaded boot cache 0.16s 94MB C:/Users/Владислав/AppData/Local/UnrealEngine/4.27/DerivedDataCache/Boot.ddc.
[2025.12.10-19.08.38:354][  0]LogDerivedDataCache: Display: Loaded Boot cache: C:/Users/Владислав/AppData/Local/UnrealEngine/4.27/DerivedDataCache/Boot.ddc
[2025.12.10-19.08.38:354][  0]LogDerivedDataCache: FDerivedDataBackendGraph:  Pak pak cache file ../../../../../../WORKPLACE/Mini_laboratory/MEPhI_VR_term_1/Mini_laboratory/DerivedDataCache/DDC.ddp not found, will not use a pak cache.
[2025.12.10-19.08.38:354][  0]LogDerivedDataCache: Unable to find inner node Pak for hierarchical cache Hierarchy.
[2025.12.10-19.08.38:354][  0]LogDerivedDataCache: FDerivedDataBackendGraph:  CompressedPak pak cache file ../../../../../../WORKPLACE/Mini_laboratory/MEPhI_VR_term_1/Mini_laboratory/DerivedDataCache/Compressed.ddp not found, will not use a pak cache.
[2025.12.10-19.08.38:354][  0]LogDerivedDataCache: Unable to find inner node CompressedPak for hierarchical cache Hierarchy.
[2025.12.10-19.08.38:399][  0]LogDerivedDataCache: Display: Pak cache opened for reading ../../../Engine/DerivedDataCache/Compressed.ddp.
[2025.12.10-19.08.38:399][  0]LogDerivedDataCache: FDerivedDataBackendGraph:  EnterprisePak pak cache file ../../../Enterprise/DerivedDataCache/Compressed.ddp not found, will not use a pak cache.
[2025.12.10-19.08.38:399][  0]LogDerivedDataCache: Unable to find inner node EnterprisePak for hierarchical cache Hierarchy.
[2025.12.10-19.08.38:509][  0]LogDerivedDataCache: Speed tests for C:/Users/Владислав/AppData/Local/UnrealEngine/Common/DerivedDataCache took 0.11 seconds
[2025.12.10-19.08.38:510][  0]LogDerivedDataCache: Display: Performance to C:/Users/Владислав/AppData/Local/UnrealEngine/Common/DerivedDataCache: Latency=0.52ms. RandomReadSpeed=9.87MBs, RandomWriteSpeed=89.00MBs. Assigned SpeedClass 'Local'
[2025.12.10-19.08.38:510][  0]LogDerivedDataCache: Using Local data cache path C:/Users/Владислав/AppData/Local/UnrealEngine/Common/DerivedDataCache: Writable
[2025.12.10-19.08.38:510][  0]LogDerivedDataCache: Shared data cache path not found in *engine.ini, will not use an Shared cache.
[2025.12.10-19.08.38:510][  0]LogDerivedDataCache: Unable to find inner node Shared for hierarchical cache Hierarchy.
[2025.12.10-19.08.38:601][  0]LogSlate: Using FreeType 2.10.0
[2025.12.10-19.08.38:627][  0]LogSlate: SlateFontServices - WITH_FREETYPE: 1, WITH_HARFBUZZ: 1
[2025.12.10-19.08.39:121][  0]LogAssetRegistry: FAssetRegistry took 0.0073 seconds to start up
[2025.12.10-19.08.39:799][  0]LogInit: Selected Device Profile: [Windows]
[2025.12.10-19.08.39:799][  0]LogInit: Active device profile: [0000023488CDD100][000002348719B880 49] Windows
[2025.12.10-19.08.39:799][  0]LogInit: Profiles: [0000023488CDD100][000002348719B880 49] Windows, [0000023488CA2C00][00000234886D5A00 49] WindowsNoEditor, [0000023488CDE200][0000023481C83B80 49] WindowsServer, [0000023488CA1E00][0000023481C86180 49] WindowsClient, [0000023488CDD700][00000234F08EE300 49] IOS, [0000023488CA2E00][0000023487196480 49] iPadAir, [0000023488CDFC00][00000234871B8600 49] iPadAir2, [000002348A5FD400][00000234887F88C0 49] IPadPro, [000002348A5FD500][0000023489A9A900 49] iPadAir3, [0000023488CA3F00][0000023481E20A40 49] iPadAir4, [000002348A5FE300][00000234886AAB80 49] iPadMini2, [0000023488CA3600][00000234886AECC0 49] iPadMini3, [000002348A5FEF00][00000234886B6E40 49] iPadMini4, [0000023488CA2300][00000234886BAFC0 49] iPadMini5, [0000023488C99000][000002348882B280 49] iPhone6, [0000023488C99100][00000234888272C0 49] iPodTouch6, [0000023488CDF900][0000023488833580 49] iPhone7, [0000023488CDE900][000002348882F5C0 49] iPodTouch7, [000002348A5FD000][0000023488837740 49] iPhone5S, [0000023488CDEF00][000002348883B8C0 49] iPhone6Plus, [000002348A5FF600][000002348883FA40 49] iPhone6S, [0000023488CDCC00][0000023488843BC0 49] iPhone6SPlus, [0000023488CDDD00][0000023489C401C0 49] iPhone7Plus, [0000023488C98800][0000023489C44340 49] iPhoneSE, [0000023488CDC400][0000023489C484C0 49] iPhone8, [0000023488C98900][0000023489C4C640 49] iPhone8Plus, [0000023488C9AE00][0000023489C507C0 49] iPhoneX, [000002348A5FDD00][0000023489C54940 49] iPhoneXS, [0000023488C9A700][0000023489C58AC0 49] iPhoneXSMax, [000002348A5FDC00][00000234886B2C00 49] iPhoneXR, [0000023488C9A800][0000023489C5CD40 49] iPhone11, [000002348A5FCF00][0000023481B58E80 49] iPhone11Pro, [0000023488C98B00][0000023481B5CFC0 49] iPhone11ProMax, [000002348A5FCD00][0000023481B65140 49] iPhoneSE2, [0000023488C98E00][0000023481B692C0 49] iPhone12Mini, [0000023488CDF800][0000023481B6D440 49] iPhone12, [0000023488C9B000][0000023481B715C0 49] iPhone12Pro, [0000023488CDF700][0000023481B75740 49] iPhone12ProMax, [0000023488C99E00][0000023481B798C0 49] iPadPro105, [0000023488CDD300][0000023481B7DA40 49] iPadPro129, [0000023488C9BE00][0000023481B81BC0 49] iPadPro97, [0000023488CDDC00][0000023481B841C0 49] iPadPro2_129, [0000023488C9A000][0000023481B88340 49] iPad5, [0000023488CDE300][0000023481B8C4C0 49] iPad6, [0000023488C9BB00][0000023481B90640 49] iPad7, [0000023488CDDE00][0000023481B947C0 49] iPad8, [0000023488C98A00][0000023481B98940 49] iPadPro11, [0000023488CDE600][0000023481B9CAC0 49] iPadPro2_11, [0000023488C98F00][0000023481BA0C40 49] iPadPro3_129, [0000023488CDE800][0000023481B60D80 49] iPadPro4_129, [0000023488C9BC00][0000023481BA4EC0 49] AppleTV, [0000023488CDDA00][0000023481BA9000 49] AppleTV4K, [0000023488C9A600][0000023481BAD140 49] TVOS, [0000023488CDE100][0000023481BB52C0 49] Mac, [0000023488C9AF00][0000023481BB9440 49] MacClient, [0000023488CDEA00][0000023481BBD5C0 49] MacNoEditor, [0000023488C9AC00][0000023481BC1740 49] MacServer, [0000023488CDF000][000002348A1298C0 49] Linux, [0000023488C98400][000002348A12DA40 49] LinuxAArch64, [0000023488CDC700][000002348A131BC0 49] LinuxNoEditor, [0000023488C9B700][000002348A1341C0 49] LinuxAArch64NoEditor, [0000023488CDFB00][000002348A138340 49] LinuxClient, [0000023488C9B400][000002348A13C4C0 49] LinuxAArch64Client, [0000023488CDFE00][000002348A140640 49] LinuxServer, [0000023488C98700][000002348A1447C0 49] LinuxAArch64Server, [0000023488CDDF00][000002348A148940 49] Android, [0000023488C9AA00][000002348A14CAC0 49] Android_Low, [0000023488CDED00][000002348A150C40 49] Android_Mid, [0000023488C99F00][000002348A154DC0 49] Android_High, [0000023488CDEB00][000002348A158F40 49] Android_Default, [0000023488C98100][0000023481BB1080 49] Android_Adreno4xx, [0000023488CDC500][000002348A15D1C0 49] Android_Adreno5xx_Low, [0000023488C99400][000002348A161300 49] Android_Adreno5xx, [0000023488CDF400][000002348A169480 49] Android_Adreno6xx, [0000023488C9A300][000002348A16D600 49] Android_Adreno6xx_Vulkan, [0000023488CDFD00][000002348A171780 49] Android_Mali_T6xx, [0000023488C98200][000002348A175900 49] Android_Mali_T7xx, [0000023488CDF600][000002348A179A80 49] Android_Mali_T8xx, [0000023488C9B200][000002348A17DC00 49] Android_Mali_G71, [000002348A5FF100][000002348A180200 49] Android_Mali_G72, [0000023488CA3400][000002348A184380 49] Android_Mali_G72_Vulkan, [000002348A5FEB00][000002348A188500 49] Android_Mali_G76, [0000023488CA0500][000002348A18C680 49] Android_Mali_G76_Vulkan, [000002348A5FCC00][000002348A190800 49] Android_Mali_G77, [0000023488CA0600][000002348A194980 49] Android_Mali_G77_Vulkan, [000002348A5FE400][000002348A198B00 49] Android_Mali_G78, [0000023488CA0D00][000002348A19CC80 49] Android_Mali_G78_Vulkan, [000002348A5FFD00][000002348A1A0E00 49] Android_Mali_G710, [0000023488CA3000][000002348A1A4F80 49] Android_Mali_G710_Vulkan, [000002348A5FEA00][000002348A1A9100 49] Android_Vulkan_SM5, [0000023488CA1F00][000002348A165240 49] Android_PowerVR_G6xxx, [000002348A5FC500][000002348A1AD380 49] Android_PowerVR_GT7xxx, [0000023488CA0200][000002348A1B14C0 49] Android_PowerVR_GE8xxx, [000002348A5FFB00][000002348A1B9640 49] Android_PowerVR_GM9xxx, [0000023488CA2600][000002348A1BD7C0 49] Android_PowerVR_GM9xxx_Vulkan, [000002348A5FDF00][000002348A1C1940 49] Android_TegraK1, [0000023488CA0A00][000002348A1C5AC0 49] Android_Unknown_Vulkan, [000002348A5FF900][000002348A1C80C0 49] Lumin, [0000023488CA1100][000002348A1CC240 49] Lumin_Desktop, [000002348A5FE000][000002348A1D03C0 49] HoloLens, 
[2025.12.10-19.08.40:994][  0]LogMeshReduction: Using QuadricMeshReduction for automatic static mesh reduction
[2025.12.10-19.08.40:994][  0]LogMeshReduction: Using SimplygonMeshReduction for automatic skeletal mesh reduction
[2025.12.10-19.08.40:994][  0]LogMeshReduction: Using ProxyLODMeshReduction for automatic mesh merging
[2025.12.10-19.08.40:994][  0]LogMeshReduction: No distributed automatic mesh merging module available
[2025.12.10-19.08.40:994][  0]LogMeshMerging: No distributed automatic mesh merging module available
[2025.12.10-19.08.41:185][  0]LogNetVersion: Mini_laboratory 1.0.0, NetCL: 17155196, EngineNetVer: 17, GameNetVer: 0 (Checksum: 65826005)
[2025.12.10-19.08.46:750][  0]LogTexture: Default maximum texture size for cubemaps generated from long-lat sources has been changed from 512 to unlimited. In order to preserve old behaiour for '/Engine/MapTemplates/Sky/DaylightAmbientCubemap.DaylightAmbientCubemap', its maximum texture size has been explicitly set to 512.
[2025.12.10-19.08.47:423][  0]LogHMD: PokeAHoleMaterial loaded successfully
[2025.12.10-19.08.47:490][  0]LogUObjectArray: 17178 objects as part of root set at end of initial load.
[2025.12.10-19.08.47:490][  0]LogUObjectAllocator: 4302048 out of 0 bytes used by permanent object pool.
[2025.12.10-19.08.47:490][  0]LogUObjectArray: CloseDisregardForGC: 0/0 objects in disregard for GC pool
[2025.12.10-19.08.51:110][  0]LogPython: Using Python 3.7.7
[2025.12.10-19.08.52:730][  0]LogNiagaraDebuggerClient: Niagara Debugger Client Initialized | Session: 8A1603D5456D4FB34FFC629A21527E04 | Instance: AE8EBB8B4B87AFE4BBC1B79D6835E969 (LAPTOP-RE3L13LG-9548).
[2025.12.10-19.08.52:937][  0]LogUdpMessaging: Initializing bridge on interface 0.0.0.0:0 to multicast group 230.0.0.1:6666.
[2025.12.10-19.08.52:959][  0]LogTcpMessaging: Initializing TcpMessaging bridge
[2025.12.10-19.08.55:807][  0]SourceControl: Source control is disabled
[2025.12.10-19.08.55:808][  0]SourceControl: Source control is disabled
[2025.12.10-19.08.55:882][  0]SourceControl: Source control is disabled
[2025.12.10-19.08.55:932][  0]SourceControl: Source control is disabled
[2025.12.10-19.08.55:990][  0]SourceControl: Source control is disabled
[2025.12.10-19.08.57:861][  0]LogOpenImageDenoise: OIDN starting up
[2025.12.10-19.08.57:873][  0]LogUProjectInfo: Found projects:
[2025.12.10-19.08.58:086][  0]LogAndroidPermission: UAndroidPermissionCallbackProxy::GetInstance
[2025.12.10-19.08.58:355][  0]LogAudioCaptureCore: Display: No Audio Capture implementations found. Audio input will be silent.
[2025.12.10-19.08.58:355][  0]LogAudioCaptureCore: Display: No Audio Capture implementations found. Audio input will be silent.
[2025.12.10-19.08.59:473][  0]LogCollectionManager: Loaded 0 collections in 0.001078 seconds
[2025.12.10-19.08.59:604][  0]LogFileCache: Scanning file cache for directory 'D:/WORKPLACE/Mini_laboratory/MEPhI_VR_term_1/Mini_laboratory/Saved/Collections/' took 0.00s
[2025.12.10-19.08.59:604][  0]LogFileCache: Scanning file cache for directory 'D:/WORKPLACE/Mini_laboratory/MEPhI_VR_term_1/Mini_laboratory/Content/Developers/Vladislav/Collections/' took 0.00s
[2025.12.10-19.08.59:604][  0]LogFileCache: Scanning file cache for directory 'D:/WORKPLACE/Mini_laboratory/MEPhI_VR_term_1/Mini_laboratory/Content/Collections/' took 0.00s
[2025.12.10-19.08.59:604][  0]LogOcInput: OculusInput pre-init called
[2025.12.10-19.09.01:189][  0]LogEngine: Initializing Engine...
[2025.12.10-19.09.01:307][  0]LogHMD: Failed to enumerate extensions. Please check that you have a valid OpenXR runtime installed.
[2025.12.10-19.09.01:309][  0]LogHMD: Failed to initialize OpenVR with code 110
[2025.12.10-19.09.01:309][  0]LogMagicLeap: Warning: VR disabled because ZI is not enabled.  To enable, in the editor, Edit -> Project Settings -> Plugins -> Magic Leap Plugin -> Enable Zero Iteration
[2025.12.10-19.09.01:324][  0]LogStats: UGameplayTagsManager::InitializeManager -  0.003 s
[2025.12.10-19.09.03:018][  0]LogInit: Initializing FReadOnlyCVARCache
[2025.12.10-19.09.03:345][  0]LogAIModule: Creating AISystem for world Untitled
[2025.12.10-19.09.03:357][  0]LogAudio: Display: Initializing Audio Device Manager...
[2025.12.10-19.09.03:425][  0]LogAudio: Display: Loading Default Audio Settings Objects...
[2025.12.10-19.09.03:439][  0]LogAudio: Display: No default SoundConcurrencyObject specified (or failed to load).
[2025.12.10-19.09.03:446][  0]LogAudio: Display: Audio Device Manager Initialized
[2025.12.10-19.09.03:447][  0]LogAudio: Display: Creating Audio Device:                 Id: 1, Scope: Shared, Realtime: True
[2025.12.10-19.09.03:449][  0]LogAudioMixer: Display: Audio Mixer Platform Settings:
[2025.12.10-19.09.03:449][  0]LogAudioMixer: Display: 	Sample Rate:						  48000
[2025.12.10-19.09.03:449][  0]LogAudioMixer: Display: 	Callback Buffer Frame Size Requested: 1024
[2025.12.10-19.09.03:449][  0]LogAudioMixer: Display: 	Callback Buffer Frame Size To Use:	  1024
[2025.12.10-19.09.03:449][  0]LogAudioMixer: Display: 	Number of buffers to queue:			  2
[2025.12.10-19.09.03:449][  0]LogAudioMixer: Display: 	Max Channels (voices):				  32
[2025.12.10-19.09.03:449][  0]LogAudioMixer: Display: 	Number of Async Source Workers:		  0
[2025.12.10-19.09.03:450][  0]LogAudio: Display: AudioDevice MaxSources: 32
[2025.12.10-19.09.03:453][  0]LogAudio: Display: Audio Spatialization Plugin: None (built-in).
[2025.12.10-19.09.03:453][  0]LogAudio: Display: Audio Reverb Plugin: None (built-in).
[2025.12.10-19.09.03:453][  0]LogAudio: Display: Audio Occlusion Plugin: None (built-in).
[2025.12.10-19.09.03:453][  0]LogAudioMixer: Display: Initializing audio mixer.
[2025.12.10-19.09.03:609][  0]LogAudioMixer: Display: 0: FrontLeft
[2025.12.10-19.09.03:609][  0]LogAudioMixer: Display: 1: FrontRight
[2025.12.10-19.09.03:654][  0]LogAudioMixer: Display: Using Audio Device Наушники (Realtek(R) Audio)
[2025.12.10-19.09.03:665][  0]LogAudioMixer: Display: Initializing Sound Submixes...
[2025.12.10-19.09.03:726][  0]LogAudioMixer: Display: Creating Master Submix 'MasterSubmixDefault'
[2025.12.10-19.09.03:726][  0]LogAudioMixer: Display: Creating Master Submix 'MasterReverbSubmixDefault'
[2025.12.10-19.09.03:730][  0]LogAudioMixer: Display: Creating Master Submix 'MasterEQSubmixDefault'
[2025.12.10-19.09.03:730][  0]LogAudioMixer: FMixerPlatformXAudio2::StartAudioStream() called
[2025.12.10-19.09.03:730][  0]LogAudioMixer: Display: Output buffers initialized: Frames=1024, Channels=2, Samples=2048
[2025.12.10-19.09.03:733][  0]LogAudioMixer: Display: Starting AudioMixerPlatformInterface::RunInternal()
[2025.12.10-19.09.03:733][  0]LogAudioMixer: Display: FMixerPlatformXAudio2::SubmitBuffer() called for the first time
[2025.12.10-19.09.03:733][  0]LogInit: FAudioDevice initialized.
[2025.12.10-19.09.03:739][  0]LogAudio: Display: Audio Device (ID: 1) registered with world 'Untitled'.
[2025.12.10-19.09.03:741][  0]LogNetVersion: Set ProjectVersion to 1.0.0.0. Version Checksum will be recalculated on next use.
[2025.12.10-19.09.04:107][  0]LogDerivedDataCache: Saved boot cache 0.37s 94MB C:/Users/Владислав/AppData/Local/UnrealEngine/4.27/DerivedDataCache/Boot.ddc.
[2025.12.10-19.09.04:202][  0]LogInit: Texture streaming: Enabled
[2025.12.10-19.09.04:636][  0]LogAnalytics: Display: [UEEditor.Rocket.Release] APIServer = https://datarouter.ol.epicgames.com/. AppVersion = 4.27.2-18319896+++UE4+Release-4.27
[2025.12.10-19.09.04:785][  0]LogEngineSessionManager: EngineSessionManager initialized
[2025.12.10-19.09.04:786][  0]LogEditorSessionSummary: Verbose: Initializing EditorSessionSummaryWriter for editor session tracking
[2025.12.10-19.09.04:793][  0]LogEditorSessionSummary: EditorSessionSummaryWriter initialized
[2025.12.10-19.09.05:006][  0]LogInit: Transaction tracking system initialized
[2025.12.10-19.09.05:349][  0]BlueprintLog: New page: Editor Load
[2025.12.10-19.09.09:425][  0]LocalizationService: Localization service is disabled
[2025.12.10-19.09.09:768][  0]TimingProfiler: Initialize
[2025.12.10-19.09.09:777][  0]TimingProfiler: OnSessionChanged
[2025.12.10-19.09.09:779][  0]LoadingProfiler: Initialize
[2025.12.10-19.09.09:781][  0]LoadingProfiler: OnSessionChanged
[2025.12.10-19.09.09:783][  0]NetworkingProfiler: Initialize
[2025.12.10-19.09.09:784][  0]NetworkingProfiler: OnSessionChanged
[2025.12.10-19.09.09:784][  0]MemoryProfiler: Initialize
[2025.12.10-19.09.09:784][  0]MemoryProfiler: OnSessionChanged
[2025.12.10-19.09.11:334][  0]LogCook: Display: CookSettings for Memory: MemoryMaxUsedVirtual 0MiB, MemoryMaxUsedPhysical 16384MiB, MemoryMinFreeVirtual 0MiB, MemoryMinFreePhysical 1024MiB
[2025.12.10-19.09.11:334][  0]LogCook: Display: Mobile HDR setting 1
[2025.12.10-19.09.11:407][  0]LogFileCache: Scanning file cache for directory 'D:/WORKPLACE/Mini_laboratory/MEPhI_VR_term_1/Mini_laboratory/Content/' took 0.03s
[2025.12.10-19.09.13:951][  0]LogInit: Display: Engine is initialized. Leaving FEngineLoop::Init()
[2025.12.10-19.09.13:970][  0]SourceControl: Source control is disabled
[2025.12.10-19.09.13:971][  0]LogUnrealEdMisc: Loading editor; pre map load, took 43.028
[2025.12.10-19.09.13:975][  0]Cmd: MAP LOAD FILE="../../../../../../WORKPLACE/Mini_laboratory/MEPhI_VR_term_1/Mini_laboratory/Content/Workplace/Maps/StartMenu.umap" TEMPLATE=0 SHOWPROGRESS=1 FEATURELEVEL=3
[2025.12.10-19.09.13:985][  0]LightingResults: New page: Lighting Build
[2025.12.10-19.09.14:008][  0]LogWorld: UWorld::CleanupWorld for Untitled, bSessionEnded=true, bCleanupResources=true
[2025.12.10-19.09.14:037][  0]LogSlate: InvalidateAllWidgets triggered.  All widgets were invalidated
[2025.12.10-19.09.14:045][  0]MapCheck: New page: Map Check
[2025.12.10-19.09.14:045][  0]LightingResults: New page: Lighting Build
[2025.12.10-19.09.14:082][  0]LogAudio: Display: Audio Device unregistered from world 'None'.
[2025.12.10-19.09.14:141][  0]LogUObjectHash: Compacting FUObjectHashTables data took  19.90ms
[2025.12.10-19.09.14:423][  0]LogAudio: Display: Audio Device (ID: 1) registered with world 'StartMenu'.
[2025.12.10-19.09.14:425][  0]LogAIModule: Creating AISystem for world StartMenu
[2025.12.10-19.09.14:436][  0]LogEditorServer: Finished looking for orphan Actors (0.000 secs)
[2025.12.10-19.09.14:461][  0]LogUObjectHash: Compacting FUObjectHashTables data took   2.12ms
[2025.12.10-19.09.14:465][  0]Cmd: MAP CHECKDEP NOCLEARLOG
[2025.12.10-19.09.14:465][  0]MapCheck: Map check complete: 0 Error(s), 0 Warning(s), took 0,531ms to complete.
[2025.12.10-19.09.14:466][  0]LogFileHelpers: Loading map 'StartMenu' took 0.494
[2025.12.10-19.09.14:563][  0]LogUnrealEdMisc: Total Editor Startup Time, took 43.620
[2025.12.10-19.09.14:954][  0]LogSlate: Updating window title bar state: overlay mode, drag disabled, window buttons hidden, title bar hidden
[2025.12.10-19.09.14:966][  0]LogSlate: Updating window title bar state: overlay mode, drag disabled, window buttons hidden, title bar hidden
[2025.12.10-19.09.14:975][  0]LogSlate: Updating window title bar state: overlay mode, drag disabled, window buttons hidden, title bar hidden
[2025.12.10-19.09.14:983][  0]LogSlate: Updating window title bar state: overlay mode, drag disabled, window buttons hidden, title bar hidden
[2025.12.10-19.09.15:103][  0]LogNativeClassHierarchy: Verbose: Native class hierarchy populated in 0.0418 seconds. Added 3822 classes and 928 folders.
[2025.12.10-19.09.15:118][  0]LogNativeClassHierarchy: Verbose: Native class hierarchy updated for 'WidgetCarousel' in 0.0004 seconds. Added 0 classes and 0 folders.
[2025.12.10-19.09.15:161][  0]LogPakFile: PakFile PrimaryIndexSize=187
[2025.12.10-19.09.15:161][  0]LogPakFile: PakFile PathHashIndexSize=101
[2025.12.10-19.09.15:161][  0]LogPakFile: PakFile FullDirectoryIndexSize=148
[2025.12.10-19.09.15:162][  0]LogShaderLibrary: Display: ShaderCodeLibraryPakFileMountedCallback: PakFile 'D:/Progams on PC/Unreal/UE_4.27/FeaturePacks/FP_FirstPerson.upack' (chunk index -1, root 'root:/') mounted
[2025.12.10-19.09.15:163][  0]LogShaderLibrary: Display: ShaderCodeLibraryPakFileMountedCallback: pending pak file info (ChunkID:-1 Root:root:/ File:D:/Progams on PC/Unreal/UE_4.27/FeaturePacks/FP_FirstPerson.upack)
[2025.12.10-19.09.15:164][  0]LogPakFile: OnPakFileMounted2Time == 0.003011
[2025.12.10-19.09.15:183][  0]LogPakFile: PakFile PrimaryIndexSize=189
[2025.12.10-19.09.15:183][  0]LogPakFile: PakFile PathHashIndexSize=101
[2025.12.10-19.09.15:183][  0]LogPakFile: PakFile FullDirectoryIndexSize=152
[2025.12.10-19.09.15:183][  0]LogShaderLibrary: Display: ShaderCodeLibraryPakFileMountedCallback: PakFile 'D:/Progams on PC/Unreal/UE_4.27/FeaturePacks/FP_FirstPersonBP.upack' (chunk index -1, root 'root:/') mounted
[2025.12.10-19.09.15:183][  0]LogShaderLibrary: Display: ShaderCodeLibraryPakFileMountedCallback: pending pak file info (ChunkID:-1 Root:root:/ File:D:/Progams on PC/Unreal/UE_4.27/FeaturePacks/FP_FirstPersonBP.upack)
[2025.12.10-19.09.15:183][  0]LogPakFile: OnPakFileMounted2Time == 0.000052
[2025.12.10-19.09.15:198][  0]LogPakFile: PakFile PrimaryIndexSize=191
[2025.12.10-19.09.15:198][  0]LogPakFile: PakFile PathHashIndexSize=101
[2025.12.10-19.09.15:198][  0]LogPakFile: PakFile FullDirectoryIndexSize=160
[2025.12.10-19.09.15:198][  0]LogShaderLibrary: Display: ShaderCodeLibraryPakFileMountedCallback: PakFile 'D:/Progams on PC/Unreal/UE_4.27/FeaturePacks/MobileStarterContent.upack' (chunk index -1, root 'root:/') mounted
[2025.12.10-19.09.15:198][  0]LogShaderLibrary: Display: ShaderCodeLibraryPakFileMountedCallback: pending pak file info (ChunkID:-1 Root:root:/ File:D:/Progams on PC/Unreal/UE_4.27/FeaturePacks/MobileStarterContent.upack)
[2025.12.10-19.09.15:198][  0]LogPakFile: OnPakFileMounted2Time == 0.000072
[2025.12.10-19.09.15:211][  0]LogPakFile: PakFile PrimaryIndexSize=185
[2025.12.10-19.09.15:211][  0]LogPakFile: PakFile PathHashIndexSize=101
[2025.12.10-19.09.15:211][  0]LogPakFile: PakFile FullDirectoryIndexSize=148
[2025.12.10-19.09.15:211][  0]LogShaderLibrary: Display: ShaderCodeLibraryPakFileMountedCallback: PakFile 'D:/Progams on PC/Unreal/UE_4.27/FeaturePacks/StarterContent.upack' (chunk index -1, root 'root:/') mounted
[2025.12.10-19.09.15:211][  0]LogShaderLibrary: Display: ShaderCodeLibraryPakFileMountedCallback: pending pak file info (ChunkID:-1 Root:root:/ File:D:/Progams on PC/Unreal/UE_4.27/FeaturePacks/StarterContent.upack)
[2025.12.10-19.09.15:211][  0]LogPakFile: OnPakFileMounted2Time == 0.000044
[2025.12.10-19.09.15:224][  0]LogPakFile: PakFile PrimaryIndexSize=190
[2025.12.10-19.09.15:224][  0]LogPakFile: PakFile PathHashIndexSize=101
[2025.12.10-19.09.15:224][  0]LogPakFile: PakFile FullDirectoryIndexSize=154
[2025.12.10-19.09.15:224][  0]LogShaderLibrary: Display: ShaderCodeLibraryPakFileMountedCallback: PakFile 'D:/Progams on PC/Unreal/UE_4.27/FeaturePacks/TP_2DSideScroller.upack' (chunk index -1, root 'root:/') mounted
[2025.12.10-19.09.15:224][  0]LogShaderLibrary: Display: ShaderCodeLibraryPakFileMountedCallback: pending pak file info (ChunkID:-1 Root:root:/ File:D:/Progams on PC/Unreal/UE_4.27/FeaturePacks/TP_2DSideScroller.upack)
[2025.12.10-19.09.15:224][  0]LogPakFile: OnPakFileMounted2Time == 0.000050
[2025.12.10-19.09.15:234][  0]LogPakFile: PakFile PrimaryIndexSize=192
[2025.12.10-19.09.15:234][  0]LogPakFile: PakFile PathHashIndexSize=101
[2025.12.10-19.09.15:235][  0]LogPakFile: PakFile FullDirectoryIndexSize=158
[2025.12.10-19.09.15:235][  0]LogShaderLibrary: Display: ShaderCodeLibraryPakFileMountedCallback: PakFile 'D:/Progams on PC/Unreal/UE_4.27/FeaturePacks/TP_2DSideScrollerBP.upack' (chunk index -1, root 'root:/') mounted
[2025.12.10-19.09.15:235][  0]LogShaderLibrary: Display: ShaderCodeLibraryPakFileMountedCallback: pending pak file info (ChunkID:-1 Root:root:/ File:D:/Progams on PC/Unreal/UE_4.27/FeaturePacks/TP_2DSideScrollerBP.upack)
[2025.12.10-19.09.15:235][  0]LogPakFile: OnPakFileMounted2Time == 0.000055
[2025.12.10-19.09.15:246][  0]LogPakFile: PakFile PrimaryIndexSize=182
[2025.12.10-19.09.15:246][  0]LogPakFile: PakFile PathHashIndexSize=101
[2025.12.10-19.09.15:246][  0]LogPakFile: PakFile FullDirectoryIndexSize=138
[2025.12.10-19.09.15:246][  0]LogShaderLibrary: Display: ShaderCodeLibraryPakFileMountedCallback: PakFile 'D:/Progams on PC/Unreal/UE_4.27/FeaturePacks/TP_Flying.upack' (chunk index -1, root 'root:/') mounted
[2025.12.10-19.09.15:246][  0]LogShaderLibrary: Display: ShaderCodeLibraryPakFileMountedCallback: pending pak file info (ChunkID:-1 Root:root:/ File:D:/Progams on PC/Unreal/UE_4.27/FeaturePacks/TP_Flying.upack)
[2025.12.10-19.09.15:246][  0]LogPakFile: OnPakFileMounted2Time == 0.000050
[2025.12.10-19.09.15:259][  0]LogPakFile: PakFile PrimaryIndexSize=184
[2025.12.10-19.09.15:259][  0]LogPakFile: PakFile PathHashIndexSize=101
[2025.12.10-19.09.15:259][  0]LogPakFile: PakFile FullDirectoryIndexSize=142
[2025.12.10-19.09.15:259][  0]LogShaderLibrary: Display: ShaderCodeLibraryPakFileMountedCallback: PakFile 'D:/Progams on PC/Unreal/UE_4.27/FeaturePacks/TP_FlyingBP.upack' (chunk index -1, root 'root:/') mounted
[2025.12.10-19.09.15:259][  0]LogShaderLibrary: Display: ShaderCodeLibraryPakFileMountedCallback: pending pak file info (ChunkID:-1 Root:root:/ File:D:/Progams on PC/Unreal/UE_4.27/FeaturePacks/TP_FlyingBP.upack)
[2025.12.10-19.09.15:259][  0]LogPakFile: OnPakFileMounted2Time == 0.000050
[2025.12.10-19.09.15:276][  0]LogPakFile: PakFile PrimaryIndexSize=188
[2025.12.10-19.09.15:276][  0]LogPakFile: PakFile PathHashIndexSize=101
[2025.12.10-19.09.15:276][  0]LogPakFile: PakFile FullDirectoryIndexSize=150
[2025.12.10-19.09.15:276][  0]LogShaderLibrary: Display: ShaderCodeLibraryPakFileMountedCallback: PakFile 'D:/Progams on PC/Unreal/UE_4.27/FeaturePacks/TP_HandheldARBP.upack' (chunk index -1, root 'root:/') mounted
[2025.12.10-19.09.15:276][  0]LogShaderLibrary: Display: ShaderCodeLibraryPakFileMountedCallback: pending pak file info (ChunkID:-1 Root:root:/ File:D:/Progams on PC/Unreal/UE_4.27/FeaturePacks/TP_HandheldARBP.upack)
[2025.12.10-19.09.15:276][  0]LogPakFile: OnPakFileMounted2Time == 0.000121
[2025.12.10-19.09.15:289][  0]LogPakFile: PakFile PrimaryIndexSize=182
[2025.12.10-19.09.15:289][  0]LogPakFile: PakFile PathHashIndexSize=101
[2025.12.10-19.09.15:289][  0]LogPakFile: PakFile FullDirectoryIndexSize=138
[2025.12.10-19.09.15:289][  0]LogShaderLibrary: Display: ShaderCodeLibraryPakFileMountedCallback: PakFile 'D:/Progams on PC/Unreal/UE_4.27/FeaturePacks/TP_Puzzle.upack' (chunk index -1, root 'root:/') mounted
[2025.12.10-19.09.15:289][  0]LogShaderLibrary: Display: ShaderCodeLibraryPakFileMountedCallback: pending pak file info (ChunkID:-1 Root:root:/ File:D:/Progams on PC/Unreal/UE_4.27/FeaturePacks/TP_Puzzle.upack)
[2025.12.10-19.09.15:289][  0]LogPakFile: OnPakFileMounted2Time == 0.000045
[2025.12.10-19.09.15:300][  0]LogPakFile: PakFile PrimaryIndexSize=184
[2025.12.10-19.09.15:300][  0]LogPakFile: PakFile PathHashIndexSize=101
[2025.12.10-19.09.15:300][  0]LogPakFile: PakFile FullDirectoryIndexSize=142
[2025.12.10-19.09.15:300][  0]LogShaderLibrary: Display: ShaderCodeLibraryPakFileMountedCallback: PakFile 'D:/Progams on PC/Unreal/UE_4.27/FeaturePacks/TP_PuzzleBP.upack' (chunk index -1, root 'root:/') mounted
[2025.12.10-19.09.15:300][  0]LogShaderLibrary: Display: ShaderCodeLibraryPakFileMountedCallback: pending pak file info (ChunkID:-1 Root:root:/ File:D:/Progams on PC/Unreal/UE_4.27/FeaturePacks/TP_PuzzleBP.upack)
[2025.12.10-19.09.15:300][  0]LogPakFile: OnPakFileMounted2Time == 0.000044
[2025.12.10-19.09.15:313][  0]LogPakFile: PakFile PrimaryIndexSize=183
[2025.12.10-19.09.15:313][  0]LogPakFile: PakFile PathHashIndexSize=101
[2025.12.10-19.09.15:313][  0]LogPakFile: PakFile FullDirectoryIndexSize=140
[2025.12.10-19.09.15:313][  0]LogShaderLibrary: Display: ShaderCodeLibraryPakFileMountedCallback: PakFile 'D:/Progams on PC/Unreal/UE_4.27/FeaturePacks/TP_Rolling.upack' (chunk index -1, root 'root:/') mounted
[2025.12.10-19.09.15:313][  0]LogShaderLibrary: Display: ShaderCodeLibraryPakFileMountedCallback: pending pak file info (ChunkID:-1 Root:root:/ File:D:/Progams on PC/Unreal/UE_4.27/FeaturePacks/TP_Rolling.upack)
[2025.12.10-19.09.15:313][  0]LogPakFile: OnPakFileMounted2Time == 0.000046
[2025.12.10-19.09.15:325][  0]LogPakFile: PakFile PrimaryIndexSize=185
[2025.12.10-19.09.15:325][  0]LogPakFile: PakFile PathHashIndexSize=101
[2025.12.10-19.09.15:325][  0]LogPakFile: PakFile FullDirectoryIndexSize=144
[2025.12.10-19.09.15:325][  0]LogShaderLibrary: Display: ShaderCodeLibraryPakFileMountedCallback: PakFile 'D:/Progams on PC/Unreal/UE_4.27/FeaturePacks/TP_RollingBP.upack' (chunk index -1, root 'root:/') mounted
[2025.12.10-19.09.15:325][  0]LogShaderLibrary: Display: ShaderCodeLibraryPakFileMountedCallback: pending pak file info (ChunkID:-1 Root:root:/ File:D:/Progams on PC/Unreal/UE_4.27/FeaturePacks/TP_RollingBP.upack)
[2025.12.10-19.09.15:325][  0]LogPakFile: OnPakFileMounted2Time == 0.000048
[2025.12.10-19.09.15:337][  0]LogPakFile: PakFile PrimaryIndexSize=188
[2025.12.10-19.09.15:337][  0]LogPakFile: PakFile PathHashIndexSize=101
[2025.12.10-19.09.15:337][  0]LogPakFile: PakFile FullDirectoryIndexSize=150
[2025.12.10-19.09.15:337][  0]LogShaderLibrary: Display: ShaderCodeLibraryPakFileMountedCallback: PakFile 'D:/Progams on PC/Unreal/UE_4.27/FeaturePacks/TP_SideScroller.upack' (chunk index -1, root 'root:/') mounted
[2025.12.10-19.09.15:337][  0]LogShaderLibrary: Display: ShaderCodeLibraryPakFileMountedCallback: pending pak file info (ChunkID:-1 Root:root:/ File:D:/Progams on PC/Unreal/UE_4.27/FeaturePacks/TP_SideScroller.upack)
[2025.12.10-19.09.15:337][  0]LogPakFile: OnPakFileMounted2Time == 0.000044
[2025.12.10-19.09.15:349][  0]LogPakFile: PakFile PrimaryIndexSize=190
[2025.12.10-19.09.15:349][  0]LogPakFile: PakFile PathHashIndexSize=101
[2025.12.10-19.09.15:349][  0]LogPakFile: PakFile FullDirectoryIndexSize=154
[2025.12.10-19.09.15:349][  0]LogShaderLibrary: Display: ShaderCodeLibraryPakFileMountedCallback: PakFile 'D:/Progams on PC/Unreal/UE_4.27/FeaturePacks/TP_SideScrollerBP.upack' (chunk index -1, root 'root:/') mounted
[2025.12.10-19.09.15:349][  0]LogShaderLibrary: Display: ShaderCodeLibraryPakFileMountedCallback: pending pak file info (ChunkID:-1 Root:root:/ File:D:/Progams on PC/Unreal/UE_4.27/FeaturePacks/TP_SideScrollerBP.upack)
[2025.12.10-19.09.15:349][  0]LogPakFile: OnPakFileMounted2Time == 0.000044
[2025.12.10-19.09.15:362][  0]LogPakFile: PakFile PrimaryIndexSize=187
[2025.12.10-19.09.15:362][  0]LogPakFile: PakFile PathHashIndexSize=101
[2025.12.10-19.09.15:362][  0]LogPakFile: PakFile FullDirectoryIndexSize=148
[2025.12.10-19.09.15:362][  0]LogShaderLibrary: Display: ShaderCodeLibraryPakFileMountedCallback: PakFile 'D:/Progams on PC/Unreal/UE_4.27/FeaturePacks/TP_ThirdPerson.upack' (chunk index -1, root 'root:/') mounted
[2025.12.10-19.09.15:362][  0]LogShaderLibrary: Display: ShaderCodeLibraryPakFileMountedCallback: pending pak file info (ChunkID:-1 Root:root:/ File:D:/Progams on PC/Unreal/UE_4.27/FeaturePacks/TP_ThirdPerson.upack)
[2025.12.10-19.09.15:362][  0]LogPakFile: OnPakFileMounted2Time == 0.000046
[2025.12.10-19.09.15:373][  0]LogPakFile: PakFile PrimaryIndexSize=189
[2025.12.10-19.09.15:373][  0]LogPakFile: PakFile PathHashIndexSize=101
[2025.12.10-19.09.15:373][  0]LogPakFile: PakFile FullDirectoryIndexSize=152
[2025.12.10-19.09.15:373][  0]LogShaderLibrary: Display: ShaderCodeLibraryPakFileMountedCallback: PakFile 'D:/Progams on PC/Unreal/UE_4.27/FeaturePacks/TP_ThirdPersonBP.upack' (chunk index -1, root 'root:/') mounted
[2025.12.10-19.09.15:373][  0]LogShaderLibrary: Display: ShaderCodeLibraryPakFileMountedCallback: pending pak file info (ChunkID:-1 Root:root:/ File:D:/Progams on PC/Unreal/UE_4.27/FeaturePacks/TP_ThirdPersonBP.upack)
[2025.12.10-19.09.15:373][  0]LogPakFile: OnPakFileMounted2Time == 0.000042
[2025.12.10-19.09.15:384][  0]LogPakFile: PakFile PrimaryIndexSize=183
[2025.12.10-19.09.15:384][  0]LogPakFile: PakFile PathHashIndexSize=101
[2025.12.10-19.09.15:384][  0]LogPakFile: PakFile FullDirectoryIndexSize=140
[2025.12.10-19.09.15:384][  0]LogShaderLibrary: Display: ShaderCodeLibraryPakFileMountedCallback: PakFile 'D:/Progams on PC/Unreal/UE_4.27/FeaturePacks/TP_TopDown.upack' (chunk index -1, root 'root:/') mounted
[2025.12.10-19.09.15:385][  0]LogShaderLibrary: Display: ShaderCodeLibraryPakFileMountedCallback: pending pak file info (ChunkID:-1 Root:root:/ File:D:/Progams on PC/Unreal/UE_4.27/FeaturePacks/TP_TopDown.upack)
[2025.12.10-19.09.15:385][  0]LogPakFile: OnPakFileMounted2Time == 0.000131
[2025.12.10-19.09.15:399][  0]LogPakFile: PakFile PrimaryIndexSize=185
[2025.12.10-19.09.15:399][  0]LogPakFile: PakFile PathHashIndexSize=101
[2025.12.10-19.09.15:399][  0]LogPakFile: PakFile FullDirectoryIndexSize=144
[2025.12.10-19.09.15:399][  0]LogShaderLibrary: Display: ShaderCodeLibraryPakFileMountedCallback: PakFile 'D:/Progams on PC/Unreal/UE_4.27/FeaturePacks/TP_TopDownBP.upack' (chunk index -1, root 'root:/') mounted
[2025.12.10-19.09.15:399][  0]LogShaderLibrary: Display: ShaderCodeLibraryPakFileMountedCallback: pending pak file info (ChunkID:-1 Root:root:/ File:D:/Progams on PC/Unreal/UE_4.27/FeaturePacks/TP_TopDownBP.upack)
[2025.12.10-19.09.15:399][  0]LogPakFile: OnPakFileMounted2Time == 0.000042
[2025.12.10-19.09.15:413][  0]LogPakFile: PakFile PrimaryIndexSize=185
[2025.12.10-19.09.15:413][  0]LogPakFile: PakFile PathHashIndexSize=101
[2025.12.10-19.09.15:413][  0]LogPakFile: PakFile FullDirectoryIndexSize=144
[2025.12.10-19.09.15:413][  0]LogShaderLibrary: Display: ShaderCodeLibraryPakFileMountedCallback: PakFile 'D:/Progams on PC/Unreal/UE_4.27/FeaturePacks/TP_TwinStick.upack' (chunk index -1, root 'root:/') mounted
[2025.12.10-19.09.15:413][  0]LogShaderLibrary: Display: ShaderCodeLibraryPakFileMountedCallback: pending pak file info (ChunkID:-1 Root:root:/ File:D:/Progams on PC/Unreal/UE_4.27/FeaturePacks/TP_TwinStick.upack)
[2025.12.10-19.09.15:413][  0]LogPakFile: OnPakFileMounted2Time == 0.000044
[2025.12.10-19.09.15:423][  0]LogPakFile: PakFile PrimaryIndexSize=187
[2025.12.10-19.09.15:423][  0]LogPakFile: PakFile PathHashIndexSize=101
[2025.12.10-19.09.15:423][  0]LogPakFile: PakFile FullDirectoryIndexSize=148
[2025.12.10-19.09.15:423][  0]LogShaderLibrary: Display: ShaderCodeLibraryPakFileMountedCallback: PakFile 'D:/Progams on PC/Unreal/UE_4.27/FeaturePacks/TP_TwinStickBP.upack' (chunk index -1, root 'root:/') mounted
[2025.12.10-19.09.15:423][  0]LogShaderLibrary: Display: ShaderCodeLibraryPakFileMountedCallback: pending pak file info (ChunkID:-1 Root:root:/ File:D:/Progams on PC/Unreal/UE_4.27/FeaturePacks/TP_TwinStickBP.upack)
[2025.12.10-19.09.15:423][  0]LogPakFile: OnPakFileMounted2Time == 0.000051
[2025.12.10-19.09.15:433][  0]LogPakFile: PakFile PrimaryIndexSize=183
[2025.12.10-19.09.15:433][  0]LogPakFile: PakFile PathHashIndexSize=101
[2025.12.10-19.09.15:433][  0]LogPakFile: PakFile FullDirectoryIndexSize=140
[2025.12.10-19.09.15:433][  0]LogShaderLibrary: Display: ShaderCodeLibraryPakFileMountedCallback: PakFile 'D:/Progams on PC/Unreal/UE_4.27/FeaturePacks/TP_Vehicle.upack' (chunk index -1, root 'root:/') mounted
[2025.12.10-19.09.15:433][  0]LogShaderLibrary: Display: ShaderCodeLibraryPakFileMountedCallback: pending pak file info (ChunkID:-1 Root:root:/ File:D:/Progams on PC/Unreal/UE_4.27/FeaturePacks/TP_Vehicle.upack)
[2025.12.10-19.09.15:433][  0]LogPakFile: OnPakFileMounted2Time == 0.000060
[2025.12.10-19.09.15:443][  0]LogPakFile: PakFile PrimaryIndexSize=186
[2025.12.10-19.09.15:443][  0]LogPakFile: PakFile PathHashIndexSize=101
[2025.12.10-19.09.15:443][  0]LogPakFile: PakFile FullDirectoryIndexSize=146
[2025.12.10-19.09.15:443][  0]LogShaderLibrary: Display: ShaderCodeLibraryPakFileMountedCallback: PakFile 'D:/Progams on PC/Unreal/UE_4.27/FeaturePacks/TP_VehicleAdv.upack' (chunk index -1, root 'root:/') mounted
[2025.12.10-19.09.15:443][  0]LogShaderLibrary: Display: ShaderCodeLibraryPakFileMountedCallback: pending pak file info (ChunkID:-1 Root:root:/ File:D:/Progams on PC/Unreal/UE_4.27/FeaturePacks/TP_VehicleAdv.upack)
[2025.12.10-19.09.15:443][  0]LogPakFile: OnPakFileMounted2Time == 0.000043
[2025.12.10-19.09.15:454][  0]LogPakFile: PakFile PrimaryIndexSize=188
[2025.12.10-19.09.15:454][  0]LogPakFile: PakFile PathHashIndexSize=101
[2025.12.10-19.09.15:454][  0]LogPakFile: PakFile FullDirectoryIndexSize=150
[2025.12.10-19.09.15:454][  0]LogShaderLibrary: Display: ShaderCodeLibraryPakFileMountedCallback: PakFile 'D:/Progams on PC/Unreal/UE_4.27/FeaturePacks/TP_VehicleAdvBP.upack' (chunk index -1, root 'root:/') mounted
[2025.12.10-19.09.15:454][  0]LogShaderLibrary: Display: ShaderCodeLibraryPakFileMountedCallback: pending pak file info (ChunkID:-1 Root:root:/ File:D:/Progams on PC/Unreal/UE_4.27/FeaturePacks/TP_VehicleAdvBP.upack)
[2025.12.10-19.09.15:454][  0]LogPakFile: OnPakFileMounted2Time == 0.000056
[2025.12.10-19.09.15:466][  0]LogPakFile: PakFile PrimaryIndexSize=185
[2025.12.10-19.09.15:466][  0]LogPakFile: PakFile PathHashIndexSize=101
[2025.12.10-19.09.15:466][  0]LogPakFile: PakFile FullDirectoryIndexSize=144
[2025.12.10-19.09.15:466][  0]LogShaderLibrary: Display: ShaderCodeLibraryPakFileMountedCallback: PakFile 'D:/Progams on PC/Unreal/UE_4.27/FeaturePacks/TP_VehicleBP.upack' (chunk index -1, root 'root:/') mounted
[2025.12.10-19.09.15:466][  0]LogShaderLibrary: Display: ShaderCodeLibraryPakFileMountedCallback: pending pak file info (ChunkID:-1 Root:root:/ File:D:/Progams on PC/Unreal/UE_4.27/FeaturePacks/TP_VehicleBP.upack)
[2025.12.10-19.09.15:466][  0]LogPakFile: OnPakFileMounted2Time == 0.000062
[2025.12.10-19.09.15:479][  0]LogPakFile: PakFile PrimaryIndexSize=192
[2025.12.10-19.09.15:479][  0]LogPakFile: PakFile PathHashIndexSize=101
[2025.12.10-19.09.15:479][  0]LogPakFile: PakFile FullDirectoryIndexSize=158
[2025.12.10-19.09.15:479][  0]LogShaderLibrary: Display: ShaderCodeLibraryPakFileMountedCallback: PakFile 'D:/Progams on PC/Unreal/UE_4.27/FeaturePacks/TP_VirtualRealityBP.upack' (chunk index -1, root 'root:/') mounted
[2025.12.10-19.09.15:479][  0]LogShaderLibrary: Display: ShaderCodeLibraryPakFileMountedCallback: pending pak file info (ChunkID:-1 Root:root:/ File:D:/Progams on PC/Unreal/UE_4.27/FeaturePacks/TP_VirtualRealityBP.upack)
[2025.12.10-19.09.15:479][  0]LogPakFile: OnPakFileMounted2Time == 0.000040
[2025.12.10-19.09.16:340][  0]LogNativeClassHierarchy: Verbose: Native class hierarchy updated for 'AddContentDialog' in 0.0010 seconds. Added 0 classes and 0 folders.
[2025.12.10-19.09.16:351][  0]LogNativeClassHierarchy: Verbose: Native class hierarchy updated for 'SceneOutliner' in 0.0005 seconds. Added 2 classes and 0 folders.
[2025.12.10-19.09.16:694][  0]LogSlate: Took 0.020865 seconds to synchronously load lazily loaded font '../../../Engine/Content/Slate/Fonts/Roboto-Regular.ttf' (155K)
[2025.12.10-19.09.16:709][  0]LogSlate: Took 0.010111 seconds to synchronously load lazily loaded font '../../../Engine/Content/Editor/Slate/Fonts/FontAwesome.ttf' (139K)
[2025.12.10-19.09.16:725][  0]LogSlate: Took 0.011851 seconds to synchronously load lazily loaded font '../../../Engine/Content/Slate/Fonts/Roboto-Bold.ttf' (160K)
[2025.12.10-19.09.17:019][  0]LogRenderer: Reallocating scene render targets to support 924x364 Format 10 NumSamples 1 (Frame:1).
[2025.12.10-19.09.19:691][  0]LogAudioMixer: Display: Audio Buffer Underrun (starvation) detected.
[2025.12.10-19.09.19:856][  0]LogNativeClassHierarchy: Verbose: Native class hierarchy updated for 'HierarchicalLODOutliner' in 0.0005 seconds. Added 0 classes and 0 folders.
[2025.12.10-19.09.19:857][  0]LogLoad: (Engine Initialization) Total time: 48.91 seconds
[2025.12.10-19.09.19:857][  0]LogLoad: (Engine Initialization) Total Blueprint compile time: 0.00 seconds
[2025.12.10-19.09.20:261][  0]LogContentStreaming: Texture pool size now 1000 MB
[2025.12.10-19.09.21:068][  2]LogSlate: Took 0.011232 seconds to synchronously load lazily loaded font '../../../Engine/Content/Slate/Fonts/Roboto-Light.ttf' (167K)
[2025.12.10-19.09.21:331][  3]LogAssetRegistry: Asset discovery search completed in 42.2125 seconds
[2025.12.10-19.09.21:428][  3]LogCollectionManager: Fixed up redirectors for 0 collections in 0.000244 seconds (updated 0 objects)
[2025.12.10-19.09.30:235][805]LogUObjectHash: Compacting FUObjectHashTables data took   4.89ms
[2025.12.10-19.09.30:323][805]LogSlate: Took 0.000200 seconds to synchronously load lazily loaded font '../../../Engine/Content/Slate/Fonts/Roboto-Light.ttf' (167K)
[2025.12.10-19.09.31:411][805]LogAssetEditorSubsystem: Opening Asset editor for World /Game/Workplace/Maps/FirstLevel.FirstLevel
[2025.12.10-19.09.31:414][805]Cmd: MAP LOAD FILE="../../../../../../WORKPLACE/Mini_laboratory/MEPhI_VR_term_1/Mini_laboratory/Content/Workplace/Maps/FirstLevel.umap" TEMPLATE=0 SHOWPROGRESS=1 FEATURELEVEL=3
[2025.12.10-19.09.31:415][805]LightingResults: New page: Lighting Build
[2025.12.10-19.09.31:417][805]LoadErrors: New page: Loading map: FirstLevel.umap
[2025.12.10-19.09.31:428][805]LogWorld: UWorld::CleanupWorld for StartMenu, bSessionEnded=true, bCleanupResources=true
[2025.12.10-19.09.31:433][805]LogSlate: InvalidateAllWidgets triggered.  All widgets were invalidated
[2025.12.10-19.09.31:438][805]MapCheck: New page: Map Check
[2025.12.10-19.09.31:438][805]LightingResults: New page: Lighting Build
[2025.12.10-19.09.31:448][805]LogAudio: Display: Audio Device unregistered from world 'None'.
[2025.12.10-19.09.31:483][805]LogUObjectHash: Compacting FUObjectHashTables data took   1.47ms
[2025.12.10-19.09.31:485][805]LogAudio: Display: Audio Device (ID: 1) registered with world 'FirstLevel'.
[2025.12.10-19.09.31:749][805]LogEditorServer: Finished looking for orphan Actors (0.000 secs)
[2025.12.10-19.09.31:749][805]LogAIModule: Creating AISystem for world FirstLevel
[2025.12.10-19.09.31:771][805]LogUObjectHash: Compacting FUObjectHashTables data took   1.01ms
[2025.12.10-19.09.31:780][805]Cmd: MAP CHECKDEP NOCLEARLOG
[2025.12.10-19.09.31:780][805]MapCheck: Map check complete: 0 Error(s), 0 Warning(s), took 0,122ms to complete.
[2025.12.10-19.09.31:781][805]LogFileHelpers: Loading map 'FirstLevel' took 0.368
[2025.12.10-19.09.49:256][879]LogUObjectHash: Compacting FUObjectHashTables data took   0.48ms
[2025.12.10-19.10.29:888][316]LogEditorClassViewer: Warning: Class /Engine/Tutorial/InWorldBlueprintEditing/TutorialAssets/IWBE_Blutility.IWBE_Blutility_C has parent /Script/Blutility.PlacedEditorUtilityBase, but this parent is not found. The Class will not be shown in ClassViewer.
[2025.12.10-19.10.31:089][316]LogSlate: Window 'Pick Parent Class' being destroyed
[2025.12.10-19.10.31:099][316]LogContentBrowser: Deferred new asset file creation: NewBlueprint
[2025.12.10-19.10.31:115][316]LogContentBrowser: Creating deferred item: NewBlueprint
[2025.12.10-19.10.35:681][535]LogContentBrowser: Attempting asset rename: NewBlueprint -> BP_Button
[2025.12.10-19.10.35:746][535]LogContentBrowser: End creating deferred item NewBlueprint
[2025.12.10-19.11.03:718][ 57]LogWindowsTextInputMethodSystem: Display: IME system deactivated.
[2025.12.10-19.11.03:718][ 57]LogWindowsTextInputMethodSystem: Display: IME system deactivated.
[2025.12.10-19.11.07:167][272]LogContentBrowser: Deferred new asset file creation: NewMaterial
[2025.12.10-19.11.07:181][272]LogContentBrowser: Creating deferred item: NewMaterial
[2025.12.10-19.11.32:236][499]LogWindowsTextInputMethodSystem: Display: IME system deactivated.
[2025.12.10-19.11.32:236][499]LogWindowsTextInputMethodSystem: Display: IME system deactivated.
[2025.12.10-19.11.42:746][ 34]LogContentBrowser: Attempting asset rename: NewMaterial -> ShineGreenMaterial
[2025.12.10-19.11.42:781][ 34]LogContentBrowser: End creating deferred item NewMaterial
[2025.12.10-19.11.45:225][120]LogAssetEditorSubsystem: Opening Asset editor for Material /Game/Workplace/Materials/ShineGreenMaterial.ShineGreenMaterial
[2025.12.10-19.11.45:231][120]LogMaterial: Display: Missing cached shadermap for ShineGreenMaterial in PCD3D_SM5, Default, SM5 (DDC key hash: 7B72886F7AA8932390DF9F8380A34058136DD7D6), compiling. 
[2025.12.10-19.11.45:285][120]LogShaderCompilers: Display: Submitted 10 shader compile jobs with 'Normal' priority
[2025.12.10-19.11.45:310][120]LogShaderCompilers: Display: Worker (1/5): shaders left to compile 10
[2025.12.10-19.11.45:310][120]LogShaderCompilers: Display: Worker (2/5): shaders left to compile 7
[2025.12.10-19.11.45:310][120]LogShaderCompilers: Display: Worker (3/5): shaders left to compile 4
[2025.12.10-19.11.45:310][120]LogShaderCompilers: Display: Worker (4/5): shaders left to compile 1
[2025.12.10-19.11.45:310][120]LogShaderCompilers: Display: Started 10 'Local' shader compile jobs with 'Normal' priority
[2025.12.10-19.11.45:325][120]LogTexture: Default maximum texture size for cubemaps generated from long-lat sources has been changed from 512 to unlimited. In order to preserve old behaiour for '/Engine/EditorMaterials/AssetViewer/EpicQuadPanorama_CC+EV1.EpicQuadPanorama_CC+EV1', its maximum texture size has been explicitly set to 512.
[2025.12.10-19.11.45:533][120]LogTexture: Default maximum texture size for cubemaps generated from long-lat sources has been changed from 512 to unlimited. In order to preserve old behaiour for '/Engine/MapTemplates/Sky/SunsetAmbientCubemap.SunsetAmbientCubemap', its maximum texture size has been explicitly set to 512.
[2025.12.10-19.11.45:917][120]LogMaterial: Display: Missing cached shadermap for ShineGreenMaterial in PCD3D_SM5, Default, SM5 (DDC key hash: D3B7060D5D307BDEAB7D998E3604C928FA9E0CB4), compiling. 
[2025.12.10-19.11.45:924][120]LogMaterial: Display: Missing cached shadermap for ShineGreenMaterial in PCD3D_SM5, Default, SM5 (DDC key hash: E0C79D2CDBF6F26A43A3C532956399C69EA86166), compiling. 
[2025.12.10-19.11.45:950][120]MaterialEditorStats: Texture samplers: 0/16
[2025.12.10-19.11.45:973][120]LogSlate: Took 0.017024 seconds to synchronously load lazily loaded font '../../../Engine/Content/Slate/Fonts/Roboto-BoldCondensed.ttf' (158K)
[2025.12.10-19.11.47:740][209]LogSlate: Window 'ShineGreenMaterial' being destroyed
[2025.12.10-19.11.49:325][318]MaterialEditorStats: Texture samplers: 2/16
[2025.12.10-19.11.50:301][375]LogShaderCompilers: Display: === FShaderJobCache stats ===
[2025.12.10-19.11.50:301][375]LogShaderCompilers: Display: Total job queries 20, among them cache hits 0 (0.00%)
[2025.12.10-19.11.50:301][375]LogShaderCompilers: Display: Tracking 4 distinct input hashes that result in 4 distinct outputs (100.00%)
[2025.12.10-19.11.50:301][375]LogShaderCompilers: Display: RAM used: 0.02 MB (0.00 GB) of 409.60 MB (0.40 GB) budget. Usage: 0.00%
[2025.12.10-19.11.50:301][375]LogShaderCompilers: Display: ================================================
[2025.12.10-19.11.50:538][390]LogUObjectHash: Compacting FUObjectHashTables data took   1.33ms
[2025.12.10-19.11.50:609][390]LogSavePackage: Moving '../../../../../../WORKPLACE/Mini_laboratory/MEPhI_VR_term_1/Mini_laboratory/Saved/BP_Button32FBDCA74DB594F72DF10691AEFB50A4.tmp' to '../../../../../../WORKPLACE/Mini_laboratory/MEPhI_VR_term_1/Mini_laboratory/Content/Workplace/Blueprints/BP_Button.uasset'
[2025.12.10-19.11.50:640][390]LogSavePackage: Moving '../../../../../../WORKPLACE/Mini_laboratory/MEPhI_VR_term_1/Mini_laboratory/Saved/ShineGreenMaterialED4F92EF437CF47B936A96A1081F4D79.tmp' to '../../../../../../WORKPLACE/Mini_laboratory/MEPhI_VR_term_1/Mini_laboratory/Content/Workplace/Materials/ShineGreenMaterial.uasset'
[2025.12.10-19.11.50:675][390]AssetCheck: New page: Asset Save: multiple assets
[2025.12.10-19.11.50:675][390]LogContentValidation: Display: Validating Material /Game/Workplace/Materials/ShineGreenMaterial.ShineGreenMaterial
[2025.12.10-19.11.50:675][390]LogContentValidation: Display: Validating Blueprint /Game/Workplace/Blueprints/BP_Button.BP_Button
[2025.12.10-19.11.50:855][402]MaterialEditorStats: Base pass shader: 117 instructions
[2025.12.10-19.11.50:855][402]MaterialEditorStats: Base pass shader with Volumetric Lightmap: 191 instructions
[2025.12.10-19.11.50:855][402]MaterialEditorStats: Base pass vertex shader: 42 instructions
[2025.12.10-19.11.50:855][402]MaterialEditorStats: Texture samplers: 2/16
[2025.12.10-19.12.07:499][854]LogAssetEditorSubsystem: Opening Asset editor for Material /Game/Workplace/Materials/BlueMaterial.BlueMaterial
[2025.12.10-19.12.07:501][854]LogMaterial: Display: Missing cached shadermap for BlueMaterial in PCD3D_SM5, Default, SM5 (DDC key hash: 9F5B646857463704179F3E5F169BCD6485D9CBA2), compiling. 
[2025.12.10-19.12.07:636][854]LogShaderCompilers: Display: Submitted 25 shader compile jobs with 'Normal' priority
[2025.12.10-19.12.07:691][854]LogMaterial: Display: Missing cached shadermap for BlueMaterial in PCD3D_SM5, Default, SM5 (DDC key hash: CF1F522A53944A69EB623AC7A308D4DD67E6CC96), compiling. 
[2025.12.10-19.12.07:695][854]LogMaterial: Display: Missing cached shadermap for BlueMaterial in PCD3D_SM5, Default, SM5 (DDC key hash: 36EB0621F4264F446490BC459E4751B3FB41B208), compiling. 
[2025.12.10-19.12.07:699][854]LogMaterial: Display: Missing cached shadermap for FMatExpressionPreview MaterialExpressionConstant3Vector_0 in PCD3D_SM5, Default, SM5 (DDC key hash: 1CF3702FC15B4E63C9663556076C88FEF7FA539B), compiling. 
[2025.12.10-19.12.07:710][854]MaterialEditorStats: Texture samplers: 0/16
[2025.12.10-19.12.07:818][856]LogShaderCompilers: Display: Submitted 25 shader compile jobs with 'Normal' priority
[2025.12.10-19.12.07:818][856]LogShaderCompilers: Display: Worker (1/5): shaders left to compile 2
[2025.12.10-19.12.07:818][856]LogShaderCompilers: Display: Worker (2/5): shaders left to compile 1
[2025.12.10-19.12.07:818][856]LogShaderCompilers: Display: Worker (3/5): shaders left to compile 23
[2025.12.10-19.12.07:818][856]LogShaderCompilers: Display: Worker (4/5): shaders left to compile 17
[2025.12.10-19.12.07:818][856]LogShaderCompilers: Display: Started 12 'Local' shader compile jobs with 'Normal' priority
[2025.12.10-19.12.07:819][856]LogShaderCompilers: Display: Started 2 'Local' shader compile jobs with 'ForceLocal' priority
[2025.12.10-19.12.07:912][859]LogShaderCompilers: Display: Submitted 2 shader compile jobs with 'ForceLocal' priority
[2025.12.10-19.12.09:658][960]LogShaderCompilers: Display: Worker (2/5): shaders left to compile 2
[2025.12.10-19.12.09:658][960]LogShaderCompilers: Display: Started 1 'Local' shader compile jobs with 'ForceLocal' priority
[2025.12.10-19.12.09:675][961]MaterialEditorStats: Texture samplers: 2/16
[2025.12.10-19.12.09:903][979]LogShaderCompilers: Display: Worker (1/5): shaders left to compile 1
[2025.12.10-19.12.09:903][979]LogShaderCompilers: Display: Started 1 'Local' shader compile jobs with 'ForceLocal' priority
[2025.12.10-19.12.10:799][ 37]LogShaderCompilers: Display: Worker (2/5): shaders left to compile 11
[2025.12.10-19.12.10:799][ 37]LogShaderCompilers: Display: Started 3 'Local' shader compile jobs with 'Normal' priority
[2025.12.10-19.12.10:946][ 50]LogShaderCompilers: Display: Worker (1/5): shaders left to compile 8
[2025.12.10-19.12.10:946][ 50]LogShaderCompilers: Display: Started 3 'Local' shader compile jobs with 'Normal' priority
[2025.12.10-19.12.14:067][295]LogShaderCompilers: Display: Worker (2/5): shaders left to compile 5
[2025.12.10-19.12.14:067][295]LogShaderCompilers: Display: Started 2 'Local' shader compile jobs with 'Normal' priority
[2025.12.10-19.12.14:838][376]LogShaderCompilers: Display: Worker (1/5): shaders left to compile 3
[2025.12.10-19.12.14:838][376]LogShaderCompilers: Display: Started 1 'Local' shader compile jobs with 'Normal' priority
[2025.12.10-19.12.15:446][448]LogShaderCompilers: Display: Worker (2/5): shaders left to compile 2
[2025.12.10-19.12.15:446][448]LogShaderCompilers: Display: Started 1 'Local' shader compile jobs with 'Normal' priority
[2025.12.10-19.12.15:933][504]LogShaderCompilers: Display: Worker (4/5): shaders left to compile 1
[2025.12.10-19.12.15:933][504]LogShaderCompilers: Display: Started 1 'Local' shader compile jobs with 'Normal' priority
[2025.12.10-19.12.15:940][504]MaterialEditorStats: Texture samplers: 4/16
[2025.12.10-19.12.16:876][576]MaterialEditorStats: Base pass shader: 78 instructions
[2025.12.10-19.12.16:876][576]MaterialEditorStats: Base pass shader with Surface Lightmap: 116 instructions
[2025.12.10-19.12.16:876][576]MaterialEditorStats: Base pass shader with Volumetric Lightmap: 99 instructions
[2025.12.10-19.12.16:876][576]MaterialEditorStats: Base pass vertex shader: 193 instructions
[2025.12.10-19.12.16:876][576]MaterialEditorStats: Texture samplers: 4/16
[2025.12.10-19.13.31:946][380]LogMaterial: Display: Missing cached shadermap for ShineGreenMaterial in PCD3D_SM5, Default, SM5 (DDC key hash: 52676B3AA3D7D5C6240127DA4810DB3CF714343C), compiling. 
[2025.12.10-19.13.31:950][380]LogMaterial: Display: Missing cached shadermap for FMatExpressionPreview MaterialExpressionVectorParameter_0 in PCD3D_SM5, Default, SM5 (DDC key hash: E62A6C8F2243648A6EAD2BAC96C7C376B7AB7C0A), compiling. 
[2025.12.10-19.13.32:041][381]LogShaderCompilers: Display: Submitted 2 shader compile jobs with 'ForceLocal' priority
[2025.12.10-19.13.32:041][381]LogShaderCompilers: Display: Worker (1/5): shaders left to compile 2
[2025.12.10-19.13.32:041][381]LogShaderCompilers: Display: Worker (2/5): shaders left to compile 1
[2025.12.10-19.13.32:041][381]LogShaderCompilers: Display: Started 2 'Local' shader compile jobs with 'ForceLocal' priority
[2025.12.10-19.13.32:041][381]LogSlate: Took 0.027097 seconds to synchronously load lazily loaded font '../../../Engine/Content/Slate/Fonts/Roboto-Italic.ttf' (157K)
[2025.12.10-19.13.49:279][281]LogMaterial: Display: Missing cached shadermap for ShineGreenMaterial in PCD3D_SM5, Default, SM5 (DDC key hash: CD7050167B4AD2987DDB313858DE9B70920FCA18), compiling. 
[2025.12.10-19.13.49:282][281]MaterialEditorStats: Texture samplers: 0/16
[2025.12.10-19.13.49:328][283]MaterialEditorStats: Base pass shader: 117 instructions
[2025.12.10-19.13.49:328][283]MaterialEditorStats: Base pass shader with Volumetric Lightmap: 191 instructions
[2025.12.10-19.13.49:328][283]MaterialEditorStats: Base pass vertex shader: 42 instructions
[2025.12.10-19.13.49:328][283]MaterialEditorStats: Texture samplers: 2/16
[2025.12.10-19.14.27:846][ 14]LogMaterial: Display: Missing cached shadermap for ShineGreenMaterial in PCD3D_SM5, Default, SM5 (DDC key hash: 60AEA60A95195536F7B1E9B939E7E66E95930566), compiling. 
[2025.12.10-19.14.27:848][ 14]LogMaterial: Display: Missing cached shadermap for FMatExpressionPreview MaterialExpressionConstant3Vector_0 in PCD3D_SM5, Default, SM5 (DDC key hash: 9B26B6C58D1F840969F6273F7B307F09BD7A9218), compiling. 
[2025.12.10-19.14.27:851][ 14]MaterialEditorStats: Texture samplers: 0/16
[2025.12.10-19.14.27:880][ 16]LogShaderCompilers: Display: Submitted 2 shader compile jobs with 'ForceLocal' priority
[2025.12.10-19.14.27:880][ 16]MaterialEditorStats: Texture samplers: 2/16
[2025.12.10-19.14.27:897][ 17]LogShaderCompilers: Display: Worker (1/5): shaders left to compile 2
[2025.12.10-19.14.27:897][ 17]LogShaderCompilers: Display: Worker (2/5): shaders left to compile 1
[2025.12.10-19.14.27:897][ 17]LogShaderCompilers: Display: Started 2 'Local' shader compile jobs with 'ForceLocal' priority
[2025.12.10-19.14.27:898][ 17]MaterialEditorStats: Base pass shader: 117 instructions
[2025.12.10-19.14.27:898][ 17]MaterialEditorStats: Base pass shader with Volumetric Lightmap: 191 instructions
[2025.12.10-19.14.27:898][ 17]MaterialEditorStats: Base pass vertex shader: 42 instructions
[2025.12.10-19.14.27:898][ 17]MaterialEditorStats: Texture samplers: 2/16
[2025.12.10-19.14.31:660][390]LogMaterial: Display: Missing cached shadermap for ShineGreenMaterial in PCD3D_SM5, Default, SM5 (DDC key hash: F8DAD3B8A471C9E42616FF419C41AEFC36F926E4), compiling. 
[2025.12.10-19.14.31:664][390]LogMaterial: Display: Missing cached shadermap for FMatExpressionPreview MaterialExpressionConstant3Vector_0 in PCD3D_SM5, Default, SM5 (DDC key hash: 56192E226A9748AEC230678FC9E86C47F34515F2), compiling. 
[2025.12.10-19.14.31:671][390]MaterialEditorStats: Texture samplers: 0/16
[2025.12.10-19.14.31:725][392]MaterialEditorStats: Base pass shader: 117 instructions
[2025.12.10-19.14.31:725][392]MaterialEditorStats: Base pass shader with Volumetric Lightmap: 191 instructions
[2025.12.10-19.14.31:725][392]MaterialEditorStats: Base pass vertex shader: 42 instructions
[2025.12.10-19.14.31:725][392]MaterialEditorStats: Texture samplers: 2/16
[2025.12.10-19.14.35:287][736]LogMaterial: Display: Missing cached shadermap for FMatExpressionPreview MaterialExpressionConstant3Vector_0 in PCD3D_SM5, Default, SM5 (DDC key hash: 7203E5567958D344FC9FC15550D4268AF3BDFC18), compiling. 
[2025.12.10-19.14.38:052][993]LogMaterial: Display: Missing cached shadermap for ShineGreenMaterial in PCD3D_SM5, Default, SM5 (DDC key hash: 1157315CC3EF6B112733C82858BCE5FA2D366B02), compiling. 
[2025.12.10-19.14.38:055][993]LogMaterial: Display: Missing cached shadermap for FMatExpressionPreview MaterialExpressionConstant3Vector_0 in PCD3D_SM5, Default, SM5 (DDC key hash: 6DE43A3F6DFE86FBA87A87F425CE1F49541BAD3D), compiling. 
[2025.12.10-19.14.38:059][993]MaterialEditorStats: Texture samplers: 0/16
[2025.12.10-19.14.38:088][995]MaterialEditorStats: Texture samplers: 2/16
[2025.12.10-19.14.38:108][996]MaterialEditorStats: Base pass shader: 117 instructions
[2025.12.10-19.14.38:108][996]MaterialEditorStats: Base pass shader with Volumetric Lightmap: 191 instructions
[2025.12.10-19.14.38:108][996]MaterialEditorStats: Base pass vertex shader: 42 instructions
[2025.12.10-19.14.38:108][996]MaterialEditorStats: Texture samplers: 2/16
[2025.12.10-19.14.41:927][348]LogMaterial: Display: Missing cached shadermap for ShineGreenMaterial in PCD3D_SM5, Default, SM5 (DDC key hash: 2694481AB8646D0246BE02DC65E51031FA213DE4), compiling. 
[2025.12.10-19.14.41:930][348]LogMaterial: Display: Missing cached shadermap for FMatExpressionPreview MaterialExpressionConstant3Vector_0 in PCD3D_SM5, Default, SM5 (DDC key hash: 5B0AAC51878C6C710D6D59C64DF7393EECA79535), compiling. 
[2025.12.10-19.14.41:935][348]MaterialEditorStats: Texture samplers: 0/16
[2025.12.10-19.14.41:966][350]MaterialEditorStats: Texture samplers: 2/16
[2025.12.10-19.14.41:988][351]MaterialEditorStats: Base pass shader: 117 instructions
[2025.12.10-19.14.41:988][351]MaterialEditorStats: Base pass shader with Volumetric Lightmap: 191 instructions
[2025.12.10-19.14.41:988][351]MaterialEditorStats: Base pass vertex shader: 42 instructions
[2025.12.10-19.14.41:988][351]MaterialEditorStats: Texture samplers: 2/16
[2025.12.10-19.14.42:886][439]LogMaterial: Display: Missing cached shadermap for ShineGreenMaterial in PCD3D_SM5, Default, SM5 (DDC key hash: 59C51E6040D4C54BD91F015EB974BF7CF0395D8F), compiling. 
[2025.12.10-19.14.42:890][439]LogMaterial: Display: Missing cached shadermap for FMatExpressionPreview MaterialExpressionConstant3Vector_0 in PCD3D_SM5, Default, SM5 (DDC key hash: E62E3DC8AC00ACF966E2013C8FF48B61576E0AC9), compiling. 
[2025.12.10-19.14.42:890][439]LogSlate: Window 'Color Picker' being destroyed
[2025.12.10-19.14.42:904][439]MaterialEditorStats: Texture samplers: 0/16
[2025.12.10-19.14.42:958][441]MaterialEditorStats: Base pass shader: 117 instructions
[2025.12.10-19.14.42:958][441]MaterialEditorStats: Base pass shader with Volumetric Lightmap: 191 instructions
[2025.12.10-19.14.42:958][441]MaterialEditorStats: Base pass vertex shader: 42 instructions
[2025.12.10-19.14.42:958][441]MaterialEditorStats: Texture samplers: 2/16
[2025.12.10-19.14.56:864][921]LogMaterial: Display: Missing cached shadermap for ShineGreenMaterial in PCD3D_SM5, Default, SM5 (DDC key hash: 6CB178366892C09ECF0BC3B3CB9CDD237123A2EA), compiling. 
[2025.12.10-19.14.56:866][921]MaterialEditorStats: Texture samplers: 0/16
[2025.12.10-19.14.56:884][922]LogShaderCompilers: Display: === FShaderJobCache stats ===
[2025.12.10-19.14.56:884][922]LogShaderCompilers: Display: Total job queries 175, among them cache hits 99 (56.57%)
[2025.12.10-19.14.56:884][922]LogShaderCompilers: Display: Tracking 41 distinct input hashes that result in 29 distinct outputs (70.73%)
[2025.12.10-19.14.56:884][922]LogShaderCompilers: Display: RAM used: 0.14 MB (0.00 GB) of 409.60 MB (0.40 GB) budget. Usage: 0.04%
[2025.12.10-19.14.56:884][922]LogShaderCompilers: Display: ================================================
[2025.12.10-19.14.56:893][923]MaterialEditorStats: Texture samplers: 2/16
[2025.12.10-19.14.56:909][924]MaterialEditorStats: Base pass shader: 117 instructions
[2025.12.10-19.14.56:909][924]MaterialEditorStats: Base pass shader with Volumetric Lightmap: 191 instructions
[2025.12.10-19.14.56:909][924]MaterialEditorStats: Base pass vertex shader: 42 instructions
[2025.12.10-19.14.56:909][924]MaterialEditorStats: Texture samplers: 2/16
[2025.12.10-19.15.16:835][647]LogMaterial: Display: Missing cached shadermap for ShineGreenMaterial in PCD3D_SM5, Default, SM5 (DDC key hash: F730ABDCAB3A728150715E4BDFEE14236100272D), compiling. 
[2025.12.10-19.15.16:841][647]MaterialEditorStats: Texture samplers: 0/16
[2025.12.10-19.15.16:874][649]MaterialEditorStats: Texture samplers: 2/16
[2025.12.10-19.15.16:895][650]MaterialEditorStats: Base pass shader: 117 instructions
[2025.12.10-19.15.16:895][650]MaterialEditorStats: Base pass shader with Volumetric Lightmap: 191 instructions
[2025.12.10-19.15.16:895][650]MaterialEditorStats: Base pass vertex shader: 42 instructions
[2025.12.10-19.15.16:895][650]MaterialEditorStats: Texture samplers: 2/16
[2025.12.10-19.15.25:204][418]LogMaterial: Display: Missing cached shadermap for ShineGreenMaterial in PCD3D_SM5, Default, SM5 (DDC key hash: 70B5B38A4A15210513F88223F0280A7B411C0C7D), compiling. 
[2025.12.10-19.15.25:209][418]LogMaterial: Display: Missing cached shadermap for ShineGreenMaterial in PCD3D_SM5, Default, SM5 (DDC key hash: 7DC57D91C9AE2ADA009B84581110257DBC8E08DC), compiling. 
[2025.12.10-19.15.25:212][418]MaterialEditorStats: Texture samplers: 0/16
[2025.12.10-19.15.25:252][420]MaterialEditorStats: Texture samplers: 2/16
[2025.12.10-19.15.25:287][421]MaterialEditorStats: Base pass shader: 117 instructions
[2025.12.10-19.15.25:287][421]MaterialEditorStats: Base pass shader with Volumetric Lightmap: 191 instructions
[2025.12.10-19.15.25:287][421]MaterialEditorStats: Base pass vertex shader: 42 instructions
[2025.12.10-19.15.25:287][421]MaterialEditorStats: Texture samplers: 2/16
[2025.12.10-19.15.30:565][896]LogMaterial: Display: Missing cached shadermap for ShineGreenMaterial in PCD3D_SM5, Default, SM5 (DDC key hash: D211C8C089937D65D6C23C8B68CEF7F5125AEBC5), compiling. 
[2025.12.10-19.15.30:569][896]LogMaterial: Display: Missing cached shadermap for FMatExpressionPreview MaterialExpressionConstant3Vector_0 in PCD3D_SM5, Default, SM5 (DDC key hash: 1923CA518B793397A6FED7B89F2162014F07D09F), compiling. 
[2025.12.10-19.15.30:572][896]MaterialEditorStats: Texture samplers: 0/16
[2025.12.10-19.15.30:602][898]MaterialEditorStats: Texture samplers: 2/16
[2025.12.10-19.15.30:621][899]MaterialEditorStats: Base pass shader: 117 instructions
[2025.12.10-19.15.30:621][899]MaterialEditorStats: Base pass shader with Volumetric Lightmap: 191 instructions
[2025.12.10-19.15.30:622][899]MaterialEditorStats: Base pass vertex shader: 42 instructions
[2025.12.10-19.15.30:622][899]MaterialEditorStats: Texture samplers: 2/16
[2025.12.10-19.15.31:463][981]LogMaterial: Display: Missing cached shadermap for ShineGreenMaterial in PCD3D_SM5, Default, SM5 (DDC key hash: FA4F00FA4B5209C5909DE7A46D60EDF835F3AB5B), compiling. 
[2025.12.10-19.15.31:469][981]LogMaterial: Display: Missing cached shadermap for FMatExpressionPreview MaterialExpressionConstant3Vector_0 in PCD3D_SM5, Default, SM5 (DDC key hash: 72CBCC56CBD4E13529E1618B890ED8176CBD20C0), compiling. 
[2025.12.10-19.15.31:471][981]LogSlate: Window 'Color Picker' being destroyed
[2025.12.10-19.15.31:479][981]MaterialEditorStats: Texture samplers: 0/16
[2025.12.10-19.15.31:518][983]MaterialEditorStats: Texture samplers: 2/16
[2025.12.10-19.15.31:551][984]MaterialEditorStats: Base pass shader: 117 instructions
[2025.12.10-19.15.31:552][984]MaterialEditorStats: Base pass shader with Volumetric Lightmap: 191 instructions
[2025.12.10-19.15.31:552][984]MaterialEditorStats: Base pass vertex shader: 42 instructions
[2025.12.10-19.15.31:552][984]MaterialEditorStats: Texture samplers: 2/16
[2025.12.10-19.15.36:840][506]LogMaterial: Display: Missing cached shadermap for ShineGreenMaterial in PCD3D_SM5, Default, SM5 (DDC key hash: 0765846B98C56B4FAD90BE9C5376244B3B51FE74), compiling. 
[2025.12.10-19.15.36:843][506]LogMaterial: Display: Missing cached shadermap for FMatExpressionPreview MaterialExpressionConstant3Vector_0 in PCD3D_SM5, Default, SM5 (DDC key hash: EE1B18486E64AC79EABBDFD09226CBBA4603BA42), compiling. 
[2025.12.10-19.15.36:846][506]MaterialEditorStats: Texture samplers: 0/16
[2025.12.10-19.15.36:886][508]MaterialEditorStats: Texture samplers: 2/16
[2025.12.10-19.15.36:919][509]MaterialEditorStats: Base pass shader: 117 instructions
[2025.12.10-19.15.36:919][509]MaterialEditorStats: Base pass shader with Volumetric Lightmap: 191 instructions
[2025.12.10-19.15.36:919][509]MaterialEditorStats: Base pass vertex shader: 42 instructions
[2025.12.10-19.15.36:919][509]MaterialEditorStats: Texture samplers: 2/16
[2025.12.10-19.15.41:073][908]LogMaterial: Display: Missing cached shadermap for ShineGreenMaterial in PCD3D_SM5, Default, SM5 (DDC key hash: D89614C06C428346D9C963F6F113FDD232EE5EE5), compiling. 
[2025.12.10-19.15.41:079][908]LogMaterial: Display: Missing cached shadermap for FMatExpressionPreview MaterialExpressionConstant3Vector_0 in PCD3D_SM5, Default, SM5 (DDC key hash: 27074A7334BB3DF7DB2F654923C11E23DE85B442), compiling. 
[2025.12.10-19.15.41:082][908]LogSlate: Window 'Color Picker' being destroyed
[2025.12.10-19.15.41:090][908]MaterialEditorStats: Texture samplers: 0/16
[2025.12.10-19.15.41:132][910]MaterialEditorStats: Texture samplers: 2/16
[2025.12.10-19.15.41:157][911]MaterialEditorStats: Base pass shader: 117 instructions
[2025.12.10-19.15.41:157][911]MaterialEditorStats: Base pass shader with Volumetric Lightmap: 191 instructions
[2025.12.10-19.15.41:157][911]MaterialEditorStats: Base pass vertex shader: 42 instructions
[2025.12.10-19.15.41:157][911]MaterialEditorStats: Texture samplers: 2/16
[2025.12.10-19.15.45:070][234]LogMaterial: Display: Missing cached shadermap for ShineGreenMaterial in PCD3D_SM5, Default, SM5 (DDC key hash: 4F5E2252F35F0A13F017CEB7D268F9D67E75624D), compiling. 
[2025.12.10-19.15.45:073][234]LogMaterial: Display: Missing cached shadermap for FMatExpressionPreview MaterialExpressionVectorParameter_1 in PCD3D_SM5, Default, SM5 (DDC key hash: 69F01174025676ACFE511FD6B8ED5CFEC31510C8), compiling. 
[2025.12.10-19.15.45:076][234]LogMaterial: Display: Missing cached shadermap for FMatExpressionPreview MaterialExpressionVectorParameter_1 in PCD3D_SM5, Default, SM5 (DDC key hash: 6409F3BA779632539CD344A09570164F9106781B), compiling. 
[2025.12.10-19.15.45:087][234]LogMaterial: Display: Missing cached shadermap for ShineGreenMaterial in PCD3D_SM5, Default, SM5 (DDC key hash: 31C7432975829E5D8401E8E6E155C4FF66CAF1D0), compiling. 
[2025.12.10-19.15.45:089][234]LogMaterial: Display: Missing cached shadermap for FMatExpressionPreview MaterialExpressionVectorParameter_1 in PCD3D_SM5, Default, SM5 (DDC key hash: 3F360E316DEEEC1ECCBA01D69B62D2161B70676A), compiling. 
[2025.12.10-19.15.45:102][234]MaterialEditorStats: Texture samplers: 0/16
[2025.12.10-19.15.45:130][235]LogShaderCompilers: Display: Submitted 2 shader compile jobs with 'ForceLocal' priority
[2025.12.10-19.15.45:130][235]LogShaderCompilers: Display: Worker (1/5): shaders left to compile 2
[2025.12.10-19.15.45:130][235]LogShaderCompilers: Display: Worker (2/5): shaders left to compile 1
[2025.12.10-19.15.45:130][235]LogShaderCompilers: Display: Started 2 'Local' shader compile jobs with 'ForceLocal' priority
[2025.12.10-19.15.45:130][235]LogShaderCompilers: Display: Submitted 8 shader compile jobs with 'Normal' priority
[2025.12.10-19.15.45:130][235]LogShaderCompilers: Display: Worker (3/5): shaders left to compile 8
[2025.12.10-19.15.45:130][235]LogShaderCompilers: Display: Worker (4/5): shaders left to compile 5
[2025.12.10-19.15.45:130][235]LogShaderCompilers: Display: Started 6 'Local' shader compile jobs with 'Normal' priority
[2025.12.10-19.15.45:149][236]LogShaderCompilers: Display: Submitted 2 shader compile jobs with 'ForceLocal' priority
[2025.12.10-19.15.46:602][345]LogShaderCompilers: Display: Worker (2/5): shaders left to compile 2
[2025.12.10-19.15.46:603][345]LogShaderCompilers: Display: Started 1 'Local' shader compile jobs with 'ForceLocal' priority
[2025.12.10-19.15.47:053][377]LogShaderCompilers: Display: Worker (1/5): shaders left to compile 1
[2025.12.10-19.15.47:053][377]LogShaderCompilers: Display: Started 1 'Local' shader compile jobs with 'ForceLocal' priority
[2025.12.10-19.15.47:075][378]MaterialEditorStats: Texture samplers: 2/16
[2025.12.10-19.15.48:240][451]LogShaderCompilers: Display: Worker (2/5): shaders left to compile 2
[2025.12.10-19.15.48:240][451]LogShaderCompilers: Display: Started 1 'Local' shader compile jobs with 'Normal' priority
[2025.12.10-19.15.48:678][485]LogShaderCompilers: Display: Worker (1/5): shaders left to compile 1
[2025.12.10-19.15.48:679][485]LogShaderCompilers: Display: Started 1 'Local' shader compile jobs with 'Normal' priority
[2025.12.10-19.15.50:191][586]MaterialEditorStats: Base pass shader: 119 instructions
[2025.12.10-19.15.50:191][586]MaterialEditorStats: Base pass shader with Volumetric Lightmap: 193 instructions
[2025.12.10-19.15.50:191][586]MaterialEditorStats: Base pass vertex shader: 42 instructions
[2025.12.10-19.15.50:191][586]MaterialEditorStats: Texture samplers: 2/16
[2025.12.10-19.15.51:221][676]LogMaterial: Display: Missing cached shadermap for ShineGreenMaterial in PCD3D_SM5, Default, SM5 (DDC key hash: 1F04EE2C4E4C2B6C171B2D5872C907DE8A94C85F), compiling. 
[2025.12.10-19.15.51:227][676]LogMaterial: Display: Missing cached shadermap for FMatExpressionPreview MaterialExpressionVectorParameter_1 in PCD3D_SM5, Default, SM5 (DDC key hash: 5342D3EB7BF2E4F8B1364CA6BF8F33947AFA0E94), compiling. 
[2025.12.10-19.15.51:230][676]LogSlate: Window 'Color Picker' being destroyed
[2025.12.10-19.15.51:238][676]MaterialEditorStats: Texture samplers: 0/16
[2025.12.10-19.15.51:280][678]MaterialEditorStats: Texture samplers: 2/16
[2025.12.10-19.15.51:301][679]MaterialEditorStats: Base pass shader: 119 instructions
[2025.12.10-19.15.51:301][679]MaterialEditorStats: Base pass shader with Volumetric Lightmap: 193 instructions
[2025.12.10-19.15.51:301][679]MaterialEditorStats: Base pass vertex shader: 42 instructions
[2025.12.10-19.15.51:301][679]MaterialEditorStats: Texture samplers: 2/16
[2025.12.10-19.15.55:657][ 77]LogMaterial: Display: Missing cached shadermap for ShineGreenMaterial in PCD3D_SM5, Default, SM5 (DDC key hash: A3D1CA3BB703A34A0131BED24DCCDC604EE78617), compiling. 
[2025.12.10-19.15.55:660][ 77]LogMaterial: Display: Missing cached shadermap for FMatExpressionPreview MaterialExpressionVectorParameter_1 in PCD3D_SM5, Default, SM5 (DDC key hash: 9BCD5D615F03F6BA65260B7AC6AFB5FE53CC9DC1), compiling. 
[2025.12.10-19.15.55:666][ 77]MaterialEditorStats: Texture samplers: 0/16
[2025.12.10-19.15.55:700][ 79]MaterialEditorStats: Texture samplers: 2/16
[2025.12.10-19.15.55:724][ 80]MaterialEditorStats: Base pass shader: 119 instructions
[2025.12.10-19.15.55:724][ 80]MaterialEditorStats: Base pass shader with Volumetric Lightmap: 193 instructions
[2025.12.10-19.15.55:724][ 80]MaterialEditorStats: Base pass vertex shader: 42 instructions
[2025.12.10-19.15.55:724][ 80]MaterialEditorStats: Texture samplers: 2/16
[2025.12.10-19.15.56:369][140]LogMaterial: Display: Missing cached shadermap for ShineGreenMaterial in PCD3D_SM5, Default, SM5 (DDC key hash: B65EDA7156F1A997A5D77F5D11B1B812354FAFAD), compiling. 
[2025.12.10-19.15.56:373][140]LogMaterial: Display: Missing cached shadermap for FMatExpressionPreview MaterialExpressionVectorParameter_1 in PCD3D_SM5, Default, SM5 (DDC key hash: 8FA83DCBA34782F1F73F598FA125D10DB1E47565), compiling. 
[2025.12.10-19.15.56:376][140]LogSlate: Window 'Color Picker' being destroyed
[2025.12.10-19.15.56:385][140]MaterialEditorStats: Texture samplers: 0/16
[2025.12.10-19.15.56:419][142]MaterialEditorStats: Texture samplers: 2/16
[2025.12.10-19.15.56:439][143]MaterialEditorStats: Base pass shader: 119 instructions
[2025.12.10-19.15.56:439][143]MaterialEditorStats: Base pass shader with Volumetric Lightmap: 193 instructions
[2025.12.10-19.15.56:439][143]MaterialEditorStats: Base pass vertex shader: 42 instructions
[2025.12.10-19.15.56:439][143]MaterialEditorStats: Texture samplers: 2/16
[2025.12.10-19.16.47:606][859]LogMaterial: Display: Missing cached shadermap for ShineGreenMaterial in PCD3D_SM5, Default, SM5 (DDC key hash: D3698A8023B71F5ACE96B21E3AA974EC94C74503), compiling. 
[2025.12.10-19.16.47:610][859]LogMaterial: Display: Missing cached shadermap for FMatExpressionPreview MaterialExpressionConstant3Vector_1 in PCD3D_SM5, Default, SM5 (DDC key hash: E4ADE187F47379C1C2524AB626A65AAA54C6C410), compiling. 
[2025.12.10-19.16.47:614][859]LogMaterial: Display: Missing cached shadermap for FMatExpressionPreview MaterialExpressionConstant3Vector_1 in PCD3D_SM5, Default, SM5 (DDC key hash: 7C231D8D002448316B4B269E31A2D12D54CC7642), compiling. 
[2025.12.10-19.16.47:624][859]LogMaterial: Display: Missing cached shadermap for ShineGreenMaterial in PCD3D_SM5, Default, SM5 (DDC key hash: 69F9F39A157F3AFFA1064B9D986C867487FDFEB2), compiling. 
[2025.12.10-19.16.47:627][859]LogMaterial: Display: Missing cached shadermap for FMatExpressionPreview MaterialExpressionConstant3Vector_1 in PCD3D_SM5, Default, SM5 (DDC key hash: 46B5B2190D003D2304BF568844512677C0D8A14C), compiling. 
[2025.12.10-19.16.47:632][859]MaterialEditorStats: Texture samplers: 0/16
[2025.12.10-19.16.47:670][861]LogShaderCompilers: Display: Submitted 2 shader compile jobs with 'ForceLocal' priority
[2025.12.10-19.16.47:670][861]LogShaderCompilers: Display: Worker (1/5): shaders left to compile 2
[2025.12.10-19.16.47:670][861]LogShaderCompilers: Display: Worker (2/5): shaders left to compile 1
[2025.12.10-19.16.47:670][861]LogShaderCompilers: Display: Started 2 'Local' shader compile jobs with 'ForceLocal' priority
[2025.12.10-19.16.47:673][861]MaterialEditorStats: Base pass shader: 117 instructions
[2025.12.10-19.16.47:673][861]MaterialEditorStats: Base pass shader with Volumetric Lightmap: 191 instructions
[2025.12.10-19.16.47:674][861]MaterialEditorStats: Base pass vertex shader: 42 instructions
[2025.12.10-19.16.47:674][861]MaterialEditorStats: Texture samplers: 2/16
[2025.12.10-19.16.49:873][ 33]LogMaterial: Display: Missing cached shadermap for ShineGreenMaterial in PCD3D_SM5, Default, SM5 (DDC key hash: 3829CF814DCB6F36BBCCFCA31349562B3423A4BE), compiling. 
[2025.12.10-19.16.49:876][ 33]LogMaterial: Display: Missing cached shadermap for FMatExpressionPreview MaterialExpressionVectorParameter_2 in PCD3D_SM5, Default, SM5 (DDC key hash: F8680C441DCCBCDDDDEEB4E31861EFC0190B359D), compiling. 
[2025.12.10-19.16.49:879][ 33]LogMaterial: Display: Missing cached shadermap for FMatExpressionPreview MaterialExpressionVectorParameter_2 in PCD3D_SM5, Default, SM5 (DDC key hash: 87DDCF7518FBC3E28ABEDAE9272F3A364C504B26), compiling. 
[2025.12.10-19.16.49:896][ 33]LogMaterial: Display: Missing cached shadermap for ShineGreenMaterial in PCD3D_SM5, Default, SM5 (DDC key hash: 383F8F64A6658CDE777D5B56B9BC38E1DC40E3D1), compiling. 
[2025.12.10-19.16.49:900][ 33]LogMaterial: Display: Missing cached shadermap for FMatExpressionPreview MaterialExpressionVectorParameter_2 in PCD3D_SM5, Default, SM5 (DDC key hash: 89C7F7D1565705E0134725D3BF62104040D3722D), compiling. 
[2025.12.10-19.16.49:916][ 33]MaterialEditorStats: Texture samplers: 0/16
[2025.12.10-19.16.49:992][ 35]LogShaderCompilers: Display: Submitted 2 shader compile jobs with 'ForceLocal' priority
[2025.12.10-19.16.49:992][ 35]LogShaderCompilers: Display: Worker (1/5): shaders left to compile 2
[2025.12.10-19.16.49:992][ 35]LogShaderCompilers: Display: Worker (2/5): shaders left to compile 1
[2025.12.10-19.16.49:993][ 35]LogShaderCompilers: Display: Started 2 'Local' shader compile jobs with 'ForceLocal' priority
[2025.12.10-19.16.49:994][ 35]MaterialEditorStats: Base pass shader: 119 instructions
[2025.12.10-19.16.49:994][ 35]MaterialEditorStats: Base pass shader with Volumetric Lightmap: 193 instructions
[2025.12.10-19.16.49:994][ 35]MaterialEditorStats: Base pass vertex shader: 42 instructions
[2025.12.10-19.16.49:994][ 35]MaterialEditorStats: Texture samplers: 2/16
[2025.12.10-19.17.37:595][ 32]LogMaterial: Display: Missing cached shadermap for ShineGreenMaterial in PCD3D_SM5, Default, SM5 (DDC key hash: 9F2EC5CC91F9F0D73E54464C74151A8009867239), compiling. 
[2025.12.10-19.17.38:857][156]LogMaterial: Display: Missing cached shadermap for ShineGreenMaterial in PCD3D_SM5, Default, SM5 (DDC key hash: 395674DBE332E52C09835572E7528FBA44AA5B85), compiling. 
[2025.12.10-19.17.38:861][156]LogMaterial: Display: Missing cached shadermap for ShineGreenMaterial in PCD3D_SM5, Default, SM5 (DDC key hash: B19B6B003FCD83CF71757F9C1A89FB1140055035), compiling. 
[2025.12.10-19.17.38:864][156]LogMaterial: Display: Missing cached shadermap for FMatExpressionPreview MaterialExpressionVectorParameter_2 in PCD3D_SM5, Default, SM5 (DDC key hash: 06E4AC996B14419C3B55093CA4E050FE6CB4AF7B), compiling. 
[2025.12.10-19.17.38:871][156]LogMaterial: Display: Missing cached shadermap for ShineGreenMaterial in PCD3D_SM5, Default, SM5 (DDC key hash: 1D86E1C51E5FCD1961F67C9AE9C79013D899D7CC), compiling. 
[2025.12.10-19.17.38:877][156]MaterialEditorStats: Texture samplers: 0/16
[2025.12.10-19.17.38:910][158]LogShaderCompilers: Display: Submitted 23 shader compile jobs with 'Normal' priority
[2025.12.10-19.17.38:918][158]LogShaderCompilers: Display: Worker (1/5): shaders left to compile 2
[2025.12.10-19.17.38:918][158]LogShaderCompilers: Display: Worker (2/5): shaders left to compile 1
[2025.12.10-19.17.38:918][158]LogShaderCompilers: Display: Worker (3/5): shaders left to compile 21
[2025.12.10-19.17.38:918][158]LogShaderCompilers: Display: Worker (4/5): shaders left to compile 15
[2025.12.10-19.17.38:919][158]LogShaderCompilers: Display: Started 12 'Local' shader compile jobs with 'Normal' priority
[2025.12.10-19.17.38:919][158]LogShaderCompilers: Display: Started 2 'Local' shader compile jobs with 'ForceLocal' priority
[2025.12.10-19.17.40:056][242]LogMaterial: Display: Missing cached shadermap for ShineGreenMaterial in PCD3D_SM5, Default, SM5 (DDC key hash: 9A4CC9ACEA5737C08E46322AB3D2DEC4D1827059), compiling. 
[2025.12.10-19.17.40:120][243]LogShaderCompilers: Display: Submitted 9 shader compile jobs with 'Normal' priority
[2025.12.10-19.17.40:516][275]LogShaderCompilers: Display: Worker (2/5): shaders left to compile 9
[2025.12.10-19.17.40:516][275]LogShaderCompilers: Display: Started 3 'Local' shader compile jobs with 'Normal' priority
[2025.12.10-19.17.40:613][283]LogShaderCompilers: Display: Worker (1/5): shaders left to compile 6
[2025.12.10-19.17.40:613][283]LogShaderCompilers: Display: Started 2 'Local' shader compile jobs with 'Normal' priority
[2025.12.10-19.17.41:814][370]LogMaterial: Display: Missing cached shadermap for ShineGreenMaterial in PCD3D_SM5, Default, SM5 (DDC key hash: B853812557D33958CDFB6A660DC0C04223404813), compiling. 
[2025.12.10-19.17.41:820][370]LogMaterial: Display: Missing cached shadermap for ShineGreenMaterial in PCD3D_SM5, Default, SM5 (DDC key hash: 1E911DEE5F1285E058E4B2D57D050F6679584FE2), compiling. 
[2025.12.10-19.17.41:827][370]LogMaterial: Display: Missing cached shadermap for ShineGreenMaterial in PCD3D_SM5, Default, SM5 (DDC key hash: 901316516C4D87BAF1C71E00F4F7862048A70932), compiling. 
[2025.12.10-19.17.41:870][372]MaterialEditorStats: Texture samplers: 2/16
[2025.12.10-19.17.41:899][373]MaterialEditorStats: Base pass shader: 119 instructions
[2025.12.10-19.17.41:900][373]MaterialEditorStats: Base pass shader with Volumetric Lightmap: 193 instructions
[2025.12.10-19.17.41:900][373]MaterialEditorStats: Base pass vertex shader: 42 instructions
[2025.12.10-19.17.41:900][373]MaterialEditorStats: Texture samplers: 2/16
[2025.12.10-19.17.44:589][575]LogMaterial: Display: Missing cached shadermap for ShineGreenMaterial in PCD3D_SM5, Default, SM5 (DDC key hash: 289427D055AE77C584D109E035AB21FF9B871386), compiling. 
[2025.12.10-19.17.47:487][864]LogMaterial: Display: Missing cached shadermap for ShineGreenMaterial in PCD3D_SM5, Default, SM5 (DDC key hash: 59552A4DCA0819B17547D21E841354DE5C21A3DB), compiling. 
[2025.12.10-19.17.47:551][864]LogMaterial: Warning: [AssetLog] /Engine/Transient.ShineGreenMaterial (no disk path found): Failed to compile Material for platform PCD3D_SM5, Default Material will be used in game.
[2025.12.10-19.17.47:551][864]LogMaterial: Display: 	Dynamically lit translucency is not supported for BLEND_Modulate materials.
[2025.12.10-19.17.47:558][864]LogMaterial: Display: Missing cached shadermap for ShineGreenMaterial in PCD3D_SM5, Default, SM5 (DDC key hash: BF3ACF2AB7037E28A13B4B04AF5985E991F0C700), compiling. 
[2025.12.10-19.17.47:560][864]LogMaterial: Warning: [AssetLog] /Engine/Transient.ShineGreenMaterial (no disk path found): Failed to compile Material for platform PCD3D_SM5, Default Material will be used in game.
[2025.12.10-19.17.47:560][864]LogMaterial: Display: 	Dynamically lit translucency is not supported for BLEND_Modulate materials.
[2025.12.10-19.17.47:566][864]LogMaterial: Display: Missing cached shadermap for ShineGreenMaterial in PCD3D_SM5, Default, SM5 (DDC key hash: 16FAEC384694B9E1E6FC461075A0CA4F581DB933), compiling. 
[2025.12.10-19.17.47:568][864]LogMaterial: Warning: [AssetLog] /Engine/Transient.ShineGreenMaterial (no disk path found): Failed to compile Material for platform PCD3D_SM5, Default Material will be used in game.
[2025.12.10-19.17.47:568][864]LogMaterial: Display: 	Dynamically lit translucency is not supported for BLEND_Modulate materials.
[2025.12.10-19.17.47:578][864]MaterialEditorStats: Error: [SM5] Dynamically lit translucency is not supported for BLEND_Modulate materials.
[2025.12.10-19.17.47:610][864]LogSlate: Took 0.013868 seconds to synchronously load lazily loaded font '../../../Engine/Content/Slate/Fonts/DroidSansMono.ttf' (77K)
[2025.12.10-19.17.50:053][ 85]LogMaterial: Display: Missing cached shadermap for ShineGreenMaterial in PCD3D_SM5, Default, SM5 (DDC key hash: 4EDE5FD9330CC6328CFB73761D143B2573CD3547), compiling. 
[2025.12.10-19.17.50:054][ 85]LogMaterial: Warning: [AssetLog] /Engine/Transient.ShineGreenMaterial (no disk path found): Failed to compile Material for platform PCD3D_SM5, Default Material will be used in game.
[2025.12.10-19.17.50:054][ 85]LogMaterial: Display: 	Dynamically lit translucency is not supported for BLEND_Modulate materials.
[2025.12.10-19.17.51:028][164]LogMaterial: Display: Missing cached shadermap for ShineGreenMaterial in PCD3D_SM5, Default, SM5 (DDC key hash: 3A44E9988D1EF1ED3CAB97AA59CD40F346D2E2D5), compiling. 
[2025.12.10-19.17.51:032][164]LogMaterial: Display: Missing cached shadermap for ShineGreenMaterial in PCD3D_SM5, Default, SM5 (DDC key hash: 60320DBCB75113B25C93E37AAFCD251F7CE706C8), compiling. 
[2025.12.10-19.17.51:037][164]LogMaterial: Display: Missing cached shadermap for ShineGreenMaterial in PCD3D_SM5, Default, SM5 (DDC key hash: 32868BFC1E6687B66A55087779A014388999B495), compiling. 
[2025.12.10-19.17.51:045][164]MaterialEditorStats: Texture samplers: 0/16
[2025.12.10-19.17.51:121][166]MaterialEditorStats: Base pass shader: 119 instructions
[2025.12.10-19.17.51:121][166]MaterialEditorStats: Base pass shader with Volumetric Lightmap: 193 instructions
[2025.12.10-19.17.51:121][166]MaterialEditorStats: Base pass vertex shader: 42 instructions
[2025.12.10-19.17.51:121][166]MaterialEditorStats: Texture samplers: 2/16
[2025.12.10-19.17.56:594][651]LogMaterial: Display: Missing cached shadermap for ShineGreenMaterial in PCD3D_SM5, Default, SM5 (DDC key hash: E721FFEA618F49F10ECC986C5B09F9D29F9FE0E4), compiling. 
[2025.12.10-19.18.01:356][101]LogMaterial: Display: Missing cached shadermap for ShineGreenMaterial in PCD3D_SM5, Default, SM5 (DDC key hash: F3CCF31AD5748583991687F3BA43507C7387CEB6), compiling. 
[2025.12.10-19.18.01:407][101]LogMaterial: Display: Missing cached shadermap for FMatExpressionPreview MaterialExpressionVectorParameter_2 in PCD3D_SM5, Default, SM5 (DDC key hash: 3E62391FCCD9BBD6C9E519F9DBB63F8337D0DA9F), compiling. 
[2025.12.10-19.18.01:410][101]MaterialEditorStats: Texture samplers: 0/16
[2025.12.10-19.18.01:418][102]LogShaderCompilers: Display: === FShaderJobCache stats ===
[2025.12.10-19.18.01:418][102]LogShaderCompilers: Display: Total job queries 456, among them cache hits 318 (69.74%)
[2025.12.10-19.18.01:418][102]LogShaderCompilers: Display: Tracking 76 distinct input hashes that result in 45 distinct outputs (59.21%)
[2025.12.10-19.18.01:418][102]LogShaderCompilers: Display: RAM used: 0.23 MB (0.00 GB) of 409.60 MB (0.40 GB) budget. Usage: 0.06%
[2025.12.10-19.18.01:418][102]LogShaderCompilers: Display: ================================================
[2025.12.10-19.18.01:440][103]MaterialEditorStats: Texture samplers: 2/16
[2025.12.10-19.18.01:460][104]MaterialEditorStats: Base pass shader: 119 instructions
[2025.12.10-19.18.01:460][104]MaterialEditorStats: Base pass shader with Volumetric Lightmap: 193 instructions
[2025.12.10-19.18.01:460][104]MaterialEditorStats: Base pass vertex shader: 42 instructions
[2025.12.10-19.18.01:460][104]MaterialEditorStats: Texture samplers: 2/16
[2025.12.10-19.18.03:494][300]LogMaterial: Display: Missing cached shadermap for ShineGreenMaterial in PCD3D_SM5, Default, SM5 (DDC key hash: 1AE6DDC38E2B922776A10F6F8F17FEEFA4583216), compiling. 
[2025.12.10-19.18.03:496][300]LogMaterial: Display: Missing cached shadermap for FMatExpressionPreview MaterialExpressionVectorParameter_2 in PCD3D_SM5, Default, SM5 (DDC key hash: 3901F74E5635680D4D38DDD8833F00ACA45F254D), compiling. 
[2025.12.10-19.18.03:500][300]LogSlate: Window 'Color Picker' being destroyed
[2025.12.10-19.18.03:507][300]MaterialEditorStats: Texture samplers: 0/16
[2025.12.10-19.18.03:541][302]MaterialEditorStats: Texture samplers: 2/16
[2025.12.10-19.18.03:561][303]MaterialEditorStats: Base pass shader: 119 instructions
[2025.12.10-19.18.03:561][303]MaterialEditorStats: Base pass shader with Volumetric Lightmap: 193 instructions
[2025.12.10-19.18.03:561][303]MaterialEditorStats: Base pass vertex shader: 42 instructions
[2025.12.10-19.18.03:561][303]MaterialEditorStats: Texture samplers: 2/16
[2025.12.10-19.18.10:443][884]LogMaterial: Display: Missing cached shadermap for ShineGreenMaterial in PCD3D_SM5, Default, SM5 (DDC key hash: 475476359DD6B0E5D6F524D3EB2E2704A0BF41AE), compiling. 
[2025.12.10-19.18.10:445][884]LogMaterial: Display: Missing cached shadermap for FMatExpressionPreview MaterialExpressionVectorParameter_2 in PCD3D_SM5, Default, SM5 (DDC key hash: E8C26C4B4DD6C56C0AEF1F83212C6AABFAB7DD0A), compiling. 
[2025.12.10-19.18.10:452][884]MaterialEditorStats: Texture samplers: 0/16
[2025.12.10-19.18.10:489][886]MaterialEditorStats: Texture samplers: 2/16
[2025.12.10-19.18.10:517][887]MaterialEditorStats: Base pass shader: 119 instructions
[2025.12.10-19.18.10:517][887]MaterialEditorStats: Base pass shader with Volumetric Lightmap: 193 instructions
[2025.12.10-19.18.10:517][887]MaterialEditorStats: Base pass vertex shader: 42 instructions
[2025.12.10-19.18.10:517][887]MaterialEditorStats: Texture samplers: 2/16
[2025.12.10-19.18.12:433][ 70]LogMaterial: Display: Missing cached shadermap for ShineGreenMaterial in PCD3D_SM5, Default, SM5 (DDC key hash: 7AE3346A66CE717378D5FA5F61027C06508B5693), compiling. 
[2025.12.10-19.18.12:437][ 70]LogMaterial: Display: Missing cached shadermap for FMatExpressionPreview MaterialExpressionVectorParameter_2 in PCD3D_SM5, Default, SM5 (DDC key hash: 2F0AFA156BED53AB0F7A230E29493735B79A6267), compiling. 
[2025.12.10-19.18.12:445][ 70]MaterialEditorStats: Texture samplers: 0/16
[2025.12.10-19.18.12:506][ 72]MaterialEditorStats: Texture samplers: 2/16
[2025.12.10-19.18.12:557][ 74]MaterialEditorStats: Base pass shader: 119 instructions
[2025.12.10-19.18.12:557][ 74]MaterialEditorStats: Base pass shader with Volumetric Lightmap: 193 instructions
[2025.12.10-19.18.12:557][ 74]MaterialEditorStats: Base pass vertex shader: 42 instructions
[2025.12.10-19.18.12:557][ 74]MaterialEditorStats: Texture samplers: 2/16
[2025.12.10-19.18.13:801][184]LogMaterial: Display: Missing cached shadermap for ShineGreenMaterial in PCD3D_SM5, Default, SM5 (DDC key hash: EF9F2E7DE8A0281BA989689014F914C5A6500724), compiling. 
[2025.12.10-19.18.13:818][184]LogMaterial: Display: Missing cached shadermap for FMatExpressionPreview MaterialExpressionVectorParameter_2 in PCD3D_SM5, Default, SM5 (DDC key hash: 1EE39B18A7C5B9C6437CD3A9F3DE50B563526623), compiling. 
[2025.12.10-19.18.13:824][184]MaterialEditorStats: Texture samplers: 0/16
[2025.12.10-19.18.13:859][186]MaterialEditorStats: Texture samplers: 2/16
[2025.12.10-19.18.13:880][187]MaterialEditorStats: Base pass shader: 119 instructions
[2025.12.10-19.18.13:880][187]MaterialEditorStats: Base pass shader with Volumetric Lightmap: 193 instructions
[2025.12.10-19.18.13:880][187]MaterialEditorStats: Base pass vertex shader: 42 instructions
[2025.12.10-19.18.13:880][187]MaterialEditorStats: Texture samplers: 2/16
[2025.12.10-19.18.21:273][841]LogMaterial: Display: Missing cached shadermap for ShineGreenMaterial in PCD3D_SM5, Default, SM5 (DDC key hash: 10A4D601958C8244FF404BAEB8F4D3CC258498A6), compiling. 
[2025.12.10-19.18.21:276][841]LogMaterial: Display: Missing cached shadermap for FMatExpressionPreview MaterialExpressionVectorParameter_2 in PCD3D_SM5, Default, SM5 (DDC key hash: 33A85C49290167D3743B11DEB0B0427F0D48612E), compiling. 
[2025.12.10-19.18.21:280][841]MaterialEditorStats: Texture samplers: 0/16
[2025.12.10-19.18.21:313][843]MaterialEditorStats: Texture samplers: 2/16
[2025.12.10-19.18.21:334][844]MaterialEditorStats: Base pass shader: 119 instructions
[2025.12.10-19.18.21:335][844]MaterialEditorStats: Base pass shader with Volumetric Lightmap: 193 instructions
[2025.12.10-19.18.21:335][844]MaterialEditorStats: Base pass vertex shader: 42 instructions
[2025.12.10-19.18.21:335][844]MaterialEditorStats: Texture samplers: 2/16
[2025.12.10-19.18.22:820][959]LogMaterial: Display: Missing cached shadermap for ShineGreenMaterial in PCD3D_SM5, Default, SM5 (DDC key hash: 08DE92DCAA0A011ADAE39BE5801A0FAE11FB8F97), compiling. 
[2025.12.10-19.18.22:823][959]LogMaterial: Display: Missing cached shadermap for FMatExpressionPreview MaterialExpressionVectorParameter_2 in PCD3D_SM5, Default, SM5 (DDC key hash: 5377D6C08EE21664C9EE63336C11FDA2981987E1), compiling. 
[2025.12.10-19.18.22:830][959]MaterialEditorStats: Texture samplers: 0/16
[2025.12.10-19.18.22:866][961]MaterialEditorStats: Texture samplers: 2/16
[2025.12.10-19.18.22:890][962]MaterialEditorStats: Base pass shader: 119 instructions
[2025.12.10-19.18.22:890][962]MaterialEditorStats: Base pass shader with Volumetric Lightmap: 193 instructions
[2025.12.10-19.18.22:890][962]MaterialEditorStats: Base pass vertex shader: 42 instructions
[2025.12.10-19.18.22:890][962]MaterialEditorStats: Texture samplers: 2/16
[2025.12.10-19.18.25:906][182]LogMaterial: Display: Missing cached shadermap for ShineGreenMaterial in PCD3D_SM5, Default, SM5 (DDC key hash: 3FCC37B00F8BA7684F6F46BBA6F27E13F4F424C6), compiling. 
[2025.12.10-19.18.25:909][182]LogMaterial: Display: Missing cached shadermap for FMatExpressionPreview MaterialExpressionVectorParameter_2 in PCD3D_SM5, Default, SM5 (DDC key hash: 8B71CB3E96549562F7B876925509A9726903AFC9), compiling. 
[2025.12.10-19.18.25:913][182]LogSlate: Window 'Color Picker' being destroyed
[2025.12.10-19.18.25:926][182]MaterialEditorStats: Texture samplers: 0/16
[2025.12.10-19.18.25:969][184]MaterialEditorStats: Texture samplers: 2/16
[2025.12.10-19.18.25:994][185]MaterialEditorStats: Base pass shader: 119 instructions
[2025.12.10-19.18.25:994][185]MaterialEditorStats: Base pass shader with Volumetric Lightmap: 193 instructions
[2025.12.10-19.18.25:994][185]MaterialEditorStats: Base pass vertex shader: 42 instructions
[2025.12.10-19.18.25:994][185]MaterialEditorStats: Texture samplers: 2/16
[2025.12.10-19.18.33:421][994]LogMaterial: Display: Missing cached shadermap for ShineGreenMaterial in PCD3D_SM5, Default, SM5 (DDC key hash: 048E63E4B308603EC9CB4865C26498735FE457EB), compiling. 
[2025.12.10-19.18.33:428][994]MaterialEditorStats: Texture samplers: 0/16
[2025.12.10-19.18.33:457][996]MaterialEditorStats: Texture samplers: 2/16
[2025.12.10-19.18.33:488][997]MaterialEditorStats: Base pass shader: 119 instructions
[2025.12.10-19.18.33:488][997]MaterialEditorStats: Base pass shader with Volumetric Lightmap: 193 instructions
[2025.12.10-19.18.33:488][997]MaterialEditorStats: Base pass vertex shader: 42 instructions
[2025.12.10-19.18.33:488][997]MaterialEditorStats: Texture samplers: 2/16
[2025.12.10-19.18.40:749][613]LogMaterial: Display: Missing cached shadermap for ShineGreenMaterial in PCD3D_SM5, Default, SM5 (DDC key hash: BC864B9276B62A0D98AFB2AADA3139E826367D3D), compiling. 
[2025.12.10-19.18.40:760][613]LogMaterial: Display: Missing cached shadermap for ShineGreenMaterial in PCD3D_SM5, Default, SM5 (DDC key hash: B5855C988A7653D4EF92EB801FE1B1576E20D2CB), compiling. 
[2025.12.10-19.18.40:767][613]MaterialEditorStats: Texture samplers: 0/16
[2025.12.10-19.18.40:820][615]MaterialEditorStats: Base pass shader: 119 instructions
[2025.12.10-19.18.40:820][615]MaterialEditorStats: Base pass shader with Volumetric Lightmap: 193 instructions
[2025.12.10-19.18.40:820][615]MaterialEditorStats: Base pass vertex shader: 42 instructions
[2025.12.10-19.18.40:820][615]MaterialEditorStats: Texture samplers: 2/16
[2025.12.10-19.18.49:601][573]LogMaterial: Display: Missing cached shadermap for ShineGreenMaterial in PCD3D_SM5, Default, SM5 (DDC key hash: 6759E4749D81FC90605A3BBE4A3918BF4B8FDD06), compiling. 
[2025.12.10-19.18.51:972][807]LogMaterial: Display: Missing cached shadermap for ShineGreenMaterial in PCD3D_SM5, Default, SM5 (DDC key hash: 5598E5D40C838D540971FAC0BE442074C8C30704), compiling. 
[2025.12.10-19.18.51:978][807]MaterialEditorStats: Texture samplers: 0/16
[2025.12.10-19.18.51:984][808]LogShaderCompilers: Display: Submitted 2 shader compile jobs with 'ForceLocal' priority
[2025.12.10-19.18.51:996][809]LogShaderCompilers: Display: Worker (1/5): shaders left to compile 2
[2025.12.10-19.18.51:996][809]LogShaderCompilers: Display: Worker (2/5): shaders left to compile 1
[2025.12.10-19.18.51:996][809]LogShaderCompilers: Display: Started 2 'Local' shader compile jobs with 'ForceLocal' priority
[2025.12.10-19.18.51:996][809]LogShaderCompilers: Display: Submitted 8 shader compile jobs with 'Normal' priority
[2025.12.10-19.18.52:012][810]LogShaderCompilers: Display: Worker (3/5): shaders left to compile 8
[2025.12.10-19.18.52:012][810]LogShaderCompilers: Display: Worker (4/5): shaders left to compile 5
[2025.12.10-19.18.52:012][810]LogShaderCompilers: Display: Started 6 'Local' shader compile jobs with 'Normal' priority
[2025.12.10-19.18.53:556][920]LogShaderCompilers: Display: Worker (2/5): shaders left to compile 2
[2025.12.10-19.18.53:556][920]LogShaderCompilers: Display: Started 1 'Local' shader compile jobs with 'Normal' priority
[2025.12.10-19.18.53:775][929]LogShaderCompilers: Display: Worker (1/5): shaders left to compile 1
[2025.12.10-19.18.53:775][929]LogShaderCompilers: Display: Started 1 'Local' shader compile jobs with 'Normal' priority
[2025.12.10-19.18.53:831][930]MaterialEditorStats: Texture samplers: 2/16
[2025.12.10-19.18.56:327][123]MaterialEditorStats: Base pass shader: 120 instructions
[2025.12.10-19.18.56:327][123]MaterialEditorStats: Base pass shader with Volumetric Lightmap: 194 instructions
[2025.12.10-19.18.56:327][123]MaterialEditorStats: Base pass vertex shader: 42 instructions
[2025.12.10-19.18.56:327][123]MaterialEditorStats: Texture samplers: 2/16
[2025.12.10-19.18.58:080][310]LogMaterial: Display: Missing cached shadermap for ShineGreenMaterial in PCD3D_SM5, Default, SM5 (DDC key hash: E188338BED879BFAACBAFB1397C1B99F5618CA76), compiling. 
[2025.12.10-19.18.58:083][310]MaterialEditorStats: Texture samplers: 0/16
[2025.12.10-19.18.58:129][312]MaterialEditorStats: Base pass shader: 119 instructions
[2025.12.10-19.18.58:129][312]MaterialEditorStats: Base pass shader with Volumetric Lightmap: 193 instructions
[2025.12.10-19.18.58:129][312]MaterialEditorStats: Base pass vertex shader: 42 instructions
[2025.12.10-19.18.58:129][312]MaterialEditorStats: Texture samplers: 2/16
[2025.12.10-19.19.01:183][591]LogMaterial: Display: Missing cached shadermap for ShineGreenMaterial in PCD3D_SM5, Default, SM5 (DDC key hash: 5474F2BE1AF8DD8CE86F07EDCC728AD44952CD82), compiling. 
[2025.12.10-19.19.01:185][591]MaterialEditorStats: Texture samplers: 0/16
[2025.12.10-19.19.01:212][593]MaterialEditorStats: Texture samplers: 2/16
[2025.12.10-19.19.01:230][594]MaterialEditorStats: Base pass shader: 119 instructions
[2025.12.10-19.19.01:230][594]MaterialEditorStats: Base pass shader with Volumetric Lightmap: 193 instructions
[2025.12.10-19.19.01:230][594]MaterialEditorStats: Base pass vertex shader: 42 instructions
[2025.12.10-19.19.01:230][594]MaterialEditorStats: Texture samplers: 2/16
[2025.12.10-19.19.24:823][379]LogSlate: Only BGRA pngs, bmps or icos are supported in by External Image Picker
[2025.12.10-19.20.02:072][766]LogMaterial: Display: Missing cached shadermap for ShineGreenMaterial in PCD3D_SM5, Default, SM5 (DDC key hash: 02B9C4120E9A055D8EC408A156EFCA9C74AE1D46), compiling. 
[2025.12.10-19.20.02:080][766]MaterialEditorStats: Texture samplers: 0/16
[2025.12.10-19.20.02:103][768]MaterialEditorStats: Texture samplers: 2/16
[2025.12.10-19.20.02:121][769]MaterialEditorStats: Base pass shader: 119 instructions
[2025.12.10-19.20.02:121][769]MaterialEditorStats: Base pass shader with Volumetric Lightmap: 193 instructions
[2025.12.10-19.20.02:121][769]MaterialEditorStats: Base pass vertex shader: 42 instructions
[2025.12.10-19.20.02:121][769]MaterialEditorStats: Texture samplers: 2/16
[2025.12.10-19.20.07:939][319]LogMaterial: Display: Missing cached shadermap for ShineGreenMaterial in PCD3D_SM5, Default, SM5 (DDC key hash: 9E4726601A21CCD5139C738C1098A2B6E9C88C87), compiling. 
[2025.12.10-19.20.07:943][319]LogMaterial: Display: Missing cached shadermap for ShineGreenMaterial in PCD3D_SM5, Default, SM5 (DDC key hash: 395D9F4D4AFD6CD735514189105AD13990F305A9), compiling. 
[2025.12.10-19.20.07:948][319]MaterialEditorStats: Texture samplers: 0/16
[2025.12.10-19.20.07:961][320]LogShaderCompilers: Display: Submitted 2 shader compile jobs with 'ForceLocal' priority
[2025.12.10-19.20.07:961][320]LogShaderCompilers: Display: Worker (1/5): shaders left to compile 2
[2025.12.10-19.20.07:961][320]LogShaderCompilers: Display: Worker (2/5): shaders left to compile 1
[2025.12.10-19.20.07:961][320]LogShaderCompilers: Display: Started 2 'Local' shader compile jobs with 'ForceLocal' priority
[2025.12.10-19.20.07:970][321]LogShaderCompilers: Display: Submitted 8 shader compile jobs with 'Normal' priority
[2025.12.10-19.20.07:970][321]LogShaderCompilers: Display: Worker (3/5): shaders left to compile 8
[2025.12.10-19.20.07:970][321]LogShaderCompilers: Display: Worker (4/5): shaders left to compile 5
[2025.12.10-19.20.07:970][321]LogShaderCompilers: Display: Started 6 'Local' shader compile jobs with 'Normal' priority
[2025.12.10-19.20.09:417][434]LogShaderCompilers: Display: Worker (2/5): shaders left to compile 2
[2025.12.10-19.20.09:418][434]LogShaderCompilers: Display: Started 1 'Local' shader compile jobs with 'Normal' priority
[2025.12.10-19.20.09:730][457]LogShaderCompilers: Display: Worker (1/5): shaders left to compile 1
[2025.12.10-19.20.09:730][457]LogShaderCompilers: Display: Started 1 'Local' shader compile jobs with 'Normal' priority
[2025.12.10-19.20.09:749][458]MaterialEditorStats: Texture samplers: 2/16
[2025.12.10-19.20.12:120][646]MaterialEditorStats: Base pass shader: 120 instructions
[2025.12.10-19.20.12:120][646]MaterialEditorStats: Base pass shader with Volumetric Lightmap: 194 instructions
[2025.12.10-19.20.12:120][646]MaterialEditorStats: Base pass vertex shader: 42 instructions
[2025.12.10-19.20.12:120][646]MaterialEditorStats: Texture samplers: 2/16
[2025.12.10-19.21.03:691][194]LogMaterial: Display: Missing cached shadermap for ShineGreenMaterial in PCD3D_SM5, Default, SM5 (DDC key hash: CD5D35851B900BEEC0102C49C2F554C9EF278B5F), compiling. 
[2025.12.10-19.21.03:701][195]LogShaderCompilers: Display: Submitted 2 shader compile jobs with 'ForceLocal' priority
[2025.12.10-19.21.03:711][196]LogShaderCompilers: Display: Worker (1/5): shaders left to compile 2
[2025.12.10-19.21.03:711][196]LogShaderCompilers: Display: Worker (2/5): shaders left to compile 1
[2025.12.10-19.21.03:711][196]LogShaderCompilers: Display: Started 2 'Local' shader compile jobs with 'ForceLocal' priority
[2025.12.10-19.21.03:715][196]LogShaderCompilers: Display: Submitted 8 shader compile jobs with 'Normal' priority
[2025.12.10-19.21.03:729][197]LogShaderCompilers: Display: Worker (3/5): shaders left to compile 8
[2025.12.10-19.21.03:729][197]LogShaderCompilers: Display: Worker (4/5): shaders left to compile 5
[2025.12.10-19.21.03:729][197]LogShaderCompilers: Display: Started 6 'Local' shader compile jobs with 'Normal' priority
[2025.12.10-19.21.03:770][201]MaterialEditorStats: Texture samplers: 0/16
[2025.12.10-19.21.05:123][304]LogShaderCompilers: Display: Worker (2/5): shaders left to compile 2
[2025.12.10-19.21.05:123][304]LogShaderCompilers: Display: Started 1 'Local' shader compile jobs with 'Normal' priority
[2025.12.10-19.21.05:123][304]LogShaderCompilers: Display: === FShaderJobCache stats ===
[2025.12.10-19.21.05:123][304]LogShaderCompilers: Display: Total job queries 666, among them cache hits 498 (74.77%)
[2025.12.10-19.21.05:123][304]LogShaderCompilers: Display: Tracking 97 distinct input hashes that result in 57 distinct outputs (58.76%)
[2025.12.10-19.21.05:123][304]LogShaderCompilers: Display: RAM used: 0.31 MB (0.00 GB) of 409.60 MB (0.40 GB) budget. Usage: 0.08%
[2025.12.10-19.21.05:123][304]LogShaderCompilers: Display: ================================================
[2025.12.10-19.21.05:487][334]LogShaderCompilers: Display: Worker (1/5): shaders left to compile 1
[2025.12.10-19.21.05:487][334]LogShaderCompilers: Display: Started 1 'Local' shader compile jobs with 'Normal' priority
[2025.12.10-19.21.05:493][334]MaterialEditorStats: Texture samplers: 2/16
[2025.12.10-19.21.06:032][368]LogMaterial: Display: Missing cached shadermap for ShineGreenMaterial in PCD3D_SM5, Default, SM5 (DDC key hash: 7B401D98885CE3CB96CE19E50DE56126CE90E9EF), compiling. 
[2025.12.10-19.21.06:111][371]MaterialEditorStats: Base pass shader: 117 instructions
[2025.12.10-19.21.06:111][371]MaterialEditorStats: Base pass shader with Volumetric Lightmap: 191 instructions
[2025.12.10-19.21.06:111][371]MaterialEditorStats: Base pass vertex shader: 42 instructions
[2025.12.10-19.21.06:111][371]MaterialEditorStats: Texture samplers: 2/16
[2025.12.10-19.21.08:567][532]LogMaterial: Display: Missing cached shadermap for ShineGreenMaterial in PCD3D_SM5, Default, SM5 (DDC key hash: BB3AC06AAF661E0FB9A7435477A43D527D25EE17), compiling. 
[2025.12.10-19.21.08:570][532]LogMaterial: Display: Missing cached shadermap for FMatExpressionPreview MaterialExpressionVectorParameter_2 in PCD3D_SM5, Default, SM5 (DDC key hash: DFDEEB442D06D2CF0B8C22493E89FA69FA74B73D), compiling. 
[2025.12.10-19.21.08:575][532]MaterialEditorStats: Texture samplers: 0/16
[2025.12.10-19.21.08:582][533]LogShaderCompilers: Display: Submitted 2 shader compile jobs with 'ForceLocal' priority
[2025.12.10-19.21.08:588][534]LogShaderCompilers: Display: Worker (1/5): shaders left to compile 2
[2025.12.10-19.21.08:588][534]LogShaderCompilers: Display: Worker (2/5): shaders left to compile 1
[2025.12.10-19.21.08:588][534]LogShaderCompilers: Display: Started 2 'Local' shader compile jobs with 'ForceLocal' priority
[2025.12.10-19.21.08:597][534]LogShaderCompilers: Display: Submitted 8 shader compile jobs with 'Normal' priority
[2025.12.10-19.21.08:597][534]LogShaderCompilers: Display: Worker (3/5): shaders left to compile 8
[2025.12.10-19.21.08:597][534]LogShaderCompilers: Display: Worker (4/5): shaders left to compile 5
[2025.12.10-19.21.08:597][534]LogShaderCompilers: Display: Started 6 'Local' shader compile jobs with 'Normal' priority
[2025.12.10-19.21.09:651][605]LogShaderCompilers: Display: Worker (2/5): shaders left to compile 2
[2025.12.10-19.21.09:651][605]LogShaderCompilers: Display: Started 1 'Local' shader compile jobs with 'Normal' priority
[2025.12.10-19.21.09:945][625]LogShaderCompilers: Display: Worker (1/5): shaders left to compile 1
[2025.12.10-19.21.09:945][625]LogShaderCompilers: Display: Started 1 'Local' shader compile jobs with 'Normal' priority
[2025.12.10-19.21.09:963][626]MaterialEditorStats: Texture samplers: 2/16
[2025.12.10-19.21.12:342][813]MaterialEditorStats: Base pass shader: 118 instructions
[2025.12.10-19.21.12:343][813]MaterialEditorStats: Base pass shader with Volumetric Lightmap: 192 instructions
[2025.12.10-19.21.12:343][813]MaterialEditorStats: Base pass vertex shader: 42 instructions
[2025.12.10-19.21.12:343][813]MaterialEditorStats: Texture samplers: 2/16
[2025.12.10-19.21.19:385][575]LogMaterial: Display: Missing cached shadermap for ShineGreenMaterial in PCD3D_SM5, Default, SM5 (DDC key hash: 65D6B3D36633558344B0A39B7169494AAE9156DA), compiling. 
[2025.12.10-19.21.19:390][575]MaterialEditorStats: Texture samplers: 0/16
[2025.12.10-19.21.19:431][577]MaterialEditorStats: Base pass shader: 118 instructions
[2025.12.10-19.21.19:431][577]MaterialEditorStats: Base pass shader with Volumetric Lightmap: 192 instructions
[2025.12.10-19.21.19:431][577]MaterialEditorStats: Base pass vertex shader: 42 instructions
[2025.12.10-19.21.19:431][577]MaterialEditorStats: Texture samplers: 2/16
[2025.12.10-19.21.23:085][878]LogMaterial: Display: Missing cached shadermap for ShineGreenMaterial in PCD3D_SM5, Default, SM5 (DDC key hash: 74B917F60F3DA3D4B63E9A7B608DC82087F07521), compiling. 
[2025.12.10-19.21.23:093][878]MaterialEditorStats: Texture samplers: 0/16
[2025.12.10-19.21.23:119][880]MaterialEditorStats: Texture samplers: 2/16
[2025.12.10-19.21.23:137][881]MaterialEditorStats: Base pass shader: 118 instructions
[2025.12.10-19.21.23:137][881]MaterialEditorStats: Base pass shader with Volumetric Lightmap: 192 instructions
[2025.12.10-19.21.23:137][881]MaterialEditorStats: Base pass vertex shader: 42 instructions
[2025.12.10-19.21.23:137][881]MaterialEditorStats: Texture samplers: 2/16
[2025.12.10-19.21.25:428][127]LogMaterial: Display: Missing cached shadermap for ShineGreenMaterial in PCD3D_SM5, Default, SM5 (DDC key hash: 460FEF19B2D7566CBDD145819FA73A3AE58C593A), compiling. 
[2025.12.10-19.21.25:511][132]MaterialEditorStats: Base pass shader: 117 instructions
[2025.12.10-19.21.25:512][132]MaterialEditorStats: Base pass shader with Volumetric Lightmap: 191 instructions
[2025.12.10-19.21.25:512][132]MaterialEditorStats: Base pass vertex shader: 42 instructions
[2025.12.10-19.21.25:512][132]MaterialEditorStats: Texture samplers: 2/16
[2025.12.10-19.21.27:304][331]LogMaterial: Display: Missing cached shadermap for ShineGreenMaterial in PCD3D_SM5, Default, SM5 (DDC key hash: A408E5712DB58D9DA3838E94A460D77572F29697), compiling. 
[2025.12.10-19.21.27:363][331]LogMaterial: Display: Missing cached shadermap for FMatExpressionPreview MaterialExpressionVectorParameter_2 in PCD3D_SM5, Default, SM5 (DDC key hash: 009266D859BF432168BF07ABD05052D271FB216D), compiling. 
[2025.12.10-19.21.27:375][331]MaterialEditorStats: Texture samplers: 0/16
[2025.12.10-19.21.27:442][333]MaterialEditorStats: Texture samplers: 2/16
[2025.12.10-19.21.27:481][334]MaterialEditorStats: Base pass shader: 117 instructions
[2025.12.10-19.21.27:482][334]MaterialEditorStats: Base pass shader with Volumetric Lightmap: 191 instructions
[2025.12.10-19.21.27:482][334]MaterialEditorStats: Base pass vertex shader: 42 instructions
[2025.12.10-19.21.27:482][334]MaterialEditorStats: Texture samplers: 2/16
[2025.12.10-19.21.32:948][840]LogMaterial: Display: Missing cached shadermap for ShineGreenMaterial in PCD3D_SM5, Default, SM5 (DDC key hash: FA039BED36EA5F081C8855BEED2DB80D92E2BFD3), compiling. 
[2025.12.10-19.21.33:012][840]MaterialEditorStats: Texture samplers: 0/16
[2025.12.10-19.21.33:054][840]LogShaderCompilers: Display: Submitted 2 shader compile jobs with 'ForceLocal' priority
[2025.12.10-19.21.33:054][840]LogShaderCompilers: Display: Worker (1/5): shaders left to compile 2
[2025.12.10-19.21.33:054][840]LogShaderCompilers: Display: Worker (2/5): shaders left to compile 1
[2025.12.10-19.21.33:054][840]LogShaderCompilers: Display: Started 2 'Local' shader compile jobs with 'ForceLocal' priority
[2025.12.10-19.21.33:054][840]LogShaderCompilers: Display: Submitted 8 shader compile jobs with 'Normal' priority
[2025.12.10-19.21.33:054][840]LogShaderCompilers: Display: Worker (3/5): shaders left to compile 8
[2025.12.10-19.21.33:054][840]LogShaderCompilers: Display: Worker (4/5): shaders left to compile 5
[2025.12.10-19.21.33:054][840]LogShaderCompilers: Display: Started 6 'Local' shader compile jobs with 'Normal' priority
[2025.12.10-19.21.34:226][920]LogShaderCompilers: Display: Worker (2/5): shaders left to compile 2
[2025.12.10-19.21.34:226][920]LogShaderCompilers: Display: Started 1 'Local' shader compile jobs with 'Normal' priority
[2025.12.10-19.21.34:437][933]LogShaderCompilers: Display: Worker (1/5): shaders left to compile 1
[2025.12.10-19.21.34:438][933]LogShaderCompilers: Display: Started 1 'Local' shader compile jobs with 'Normal' priority
[2025.12.10-19.21.34:466][934]MaterialEditorStats: Texture samplers: 2/16
[2025.12.10-19.21.36:822][112]MaterialEditorStats: Base pass shader: 118 instructions
[2025.12.10-19.21.36:822][112]MaterialEditorStats: Base pass shader with Volumetric Lightmap: 192 instructions
[2025.12.10-19.21.36:822][112]MaterialEditorStats: Base pass vertex shader: 42 instructions
[2025.12.10-19.21.36:822][112]MaterialEditorStats: Texture samplers: 2/16
[2025.12.10-19.21.40:406][448]LogMaterial: Display: Missing cached shadermap for ShineGreenMaterial in PCD3D_SM5, Default, SM5 (DDC key hash: 163325535B1A5DDB726DE5A523BB1E08E3E3DB99), compiling. 
[2025.12.10-19.21.40:411][448]LogMaterial: Display: Missing cached shadermap for ShineGreenMaterial in PCD3D_SM5, Default, SM5 (DDC key hash: BBCC7ACA94CC7A04BAA568D9168AADC40B04965F), compiling. 
[2025.12.10-19.21.40:414][448]MaterialEditorStats: Texture samplers: 0/16
[2025.12.10-19.21.40:439][450]MaterialEditorStats: Texture samplers: 2/16
[2025.12.10-19.21.40:455][451]MaterialEditorStats: Base pass shader: 118 instructions
[2025.12.10-19.21.40:455][451]MaterialEditorStats: Base pass shader with Volumetric Lightmap: 192 instructions
[2025.12.10-19.21.40:455][451]MaterialEditorStats: Base pass vertex shader: 42 instructions
[2025.12.10-19.21.40:455][451]MaterialEditorStats: Texture samplers: 2/16
[2025.12.10-19.21.43:086][671]LogMaterial: Display: Missing cached shadermap for ShineGreenMaterial in PCD3D_SM5, Default, SM5 (DDC key hash: C956AAC81874A23E95A19C1356B1C08BCDB6D1FB), compiling. 
[2025.12.10-19.21.43:093][671]LogMaterial: Display: Missing cached shadermap for ShineGreenMaterial in PCD3D_SM5, Default, SM5 (DDC key hash: E0107E2D88FEFDEF0A4DA7DB26650EC12DF97165), compiling. 
[2025.12.10-19.21.43:098][671]MaterialEditorStats: Texture samplers: 0/16
[2025.12.10-19.21.43:137][673]MaterialEditorStats: Base pass shader: 118 instructions
[2025.12.10-19.21.43:137][673]MaterialEditorStats: Base pass shader with Volumetric Lightmap: 192 instructions
[2025.12.10-19.21.43:137][673]MaterialEditorStats: Base pass vertex shader: 42 instructions
[2025.12.10-19.21.43:137][673]MaterialEditorStats: Texture samplers: 2/16
[2025.12.10-19.21.44:620][781]LogMaterial: Display: Missing cached shadermap for ShineGreenMaterial in PCD3D_SM5, Default, SM5 (DDC key hash: 7B561A9E64CECE3EACE35422520171DA11A7E0CD), compiling. 
[2025.12.10-19.21.44:629][781]LogMaterial: Display: Missing cached shadermap for ShineGreenMaterial in PCD3D_SM5, Default, SM5 (DDC key hash: 2AE09C63DDF6DCD25C69AEA64C5985E0AAEC776A), compiling. 
[2025.12.10-19.21.44:635][781]MaterialEditorStats: Texture samplers: 0/16
[2025.12.10-19.21.44:691][783]MaterialEditorStats: Texture samplers: 2/16
[2025.12.10-19.21.44:736][785]MaterialEditorStats: Base pass shader: 118 instructions
[2025.12.10-19.21.44:736][785]MaterialEditorStats: Base pass shader with Volumetric Lightmap: 192 instructions
[2025.12.10-19.21.44:736][785]MaterialEditorStats: Base pass vertex shader: 42 instructions
[2025.12.10-19.21.44:736][785]MaterialEditorStats: Texture samplers: 2/16
[2025.12.10-19.21.46:151][899]LogMaterial: Display: Missing cached shadermap for ShineGreenMaterial in PCD3D_SM5, Default, SM5 (DDC key hash: FC999C490DA2DF4FAADEE0E831E1DEC4AB8BE334), compiling. 
[2025.12.10-19.21.46:155][899]LogMaterial: Display: Missing cached shadermap for ShineGreenMaterial in PCD3D_SM5, Default, SM5 (DDC key hash: 0D9430F493C94FCD20C7CD32F2E088A4F3DB6F0E), compiling. 
[2025.12.10-19.21.46:158][899]MaterialEditorStats: Texture samplers: 0/16
[2025.12.10-19.21.46:183][901]MaterialEditorStats: Texture samplers: 2/16
[2025.12.10-19.21.46:204][902]MaterialEditorStats: Base pass shader: 118 instructions
[2025.12.10-19.21.46:204][902]MaterialEditorStats: Base pass shader with Volumetric Lightmap: 192 instructions
[2025.12.10-19.21.46:204][902]MaterialEditorStats: Base pass vertex shader: 42 instructions
[2025.12.10-19.21.46:204][902]MaterialEditorStats: Texture samplers: 2/16
[2025.12.10-19.21.47:301][972]LogMaterial: Display: Missing cached shadermap for ShineGreenMaterial in PCD3D_SM5, Default, SM5 (DDC key hash: 07C0969CBF33315381F5C09C0F9C2E4677484F3C), compiling. 
[2025.12.10-19.21.47:307][972]LogMaterial: Display: Missing cached shadermap for ShineGreenMaterial in PCD3D_SM5, Default, SM5 (DDC key hash: ACC400E94BBA12C0E7DFA56FBCA2C210B1A04155), compiling. 
[2025.12.10-19.21.47:311][972]MaterialEditorStats: Texture samplers: 0/16
[2025.12.10-19.21.47:335][974]MaterialEditorStats: Texture samplers: 2/16
[2025.12.10-19.21.47:351][975]MaterialEditorStats: Base pass shader: 118 instructions
[2025.12.10-19.21.47:351][975]MaterialEditorStats: Base pass shader with Volumetric Lightmap: 192 instructions
[2025.12.10-19.21.47:351][975]MaterialEditorStats: Base pass vertex shader: 42 instructions
[2025.12.10-19.21.47:351][975]MaterialEditorStats: Texture samplers: 2/16
[2025.12.10-19.21.50:702][289]LogMaterial: Display: Missing cached shadermap for ShineGreenMaterial in PCD3D_SM5, Default, SM5 (DDC key hash: 396DCE3937714B820A5957DB8AFB4E426AD080F9), compiling. 
[2025.12.10-19.21.50:708][289]LogMaterial: Display: Missing cached shadermap for ShineGreenMaterial in PCD3D_SM5, Default, SM5 (DDC key hash: 26927F9EFBC2B63071D266022FB7FF0D4856D13B), compiling. 
[2025.12.10-19.21.50:711][289]MaterialEditorStats: Texture samplers: 0/16
[2025.12.10-19.21.50:743][291]MaterialEditorStats: Texture samplers: 2/16
[2025.12.10-19.21.50:765][292]MaterialEditorStats: Base pass shader: 118 instructions
[2025.12.10-19.21.50:765][292]MaterialEditorStats: Base pass shader with Volumetric Lightmap: 192 instructions
[2025.12.10-19.21.50:765][292]MaterialEditorStats: Base pass vertex shader: 42 instructions
[2025.12.10-19.21.50:765][292]MaterialEditorStats: Texture samplers: 2/16
[2025.12.10-19.21.52:541][443]LogMaterialEditor: Saving and Compiling material ShineGreenMaterial
[2025.12.10-19.21.53:289][443]LogMaterial: Display: Missing cached shadermap for ShineGreenMaterial in PCD3D_SM5, Default, SM5 (DDC key hash: 37911C9BE42AFA982971F0FECAD97DBABE0AC406), compiling. 
[2025.12.10-19.21.53:329][443]LogMaterial: Display: Missing cached shadermap for ShineGreenMaterial in PCD3D_SM5, Default, SM5 (DDC key hash: 1CF376C55AB4EB5F184AB44CDFBDC685B0E21FDB), compiling. 
[2025.12.10-19.21.53:377][443]LogUObjectHash: Compacting FUObjectHashTables data took   0.90ms
[2025.12.10-19.21.53:398][443]LogShaderCompilers: Display: Submitted 1 shader compile jobs with 'ForceLocal' priority
[2025.12.10-19.21.53:730][443]LogShaderCompilers: Display: Worker (1/5): shaders left to compile 1
[2025.12.10-19.21.53:730][443]LogShaderCompilers: Display: Started 1 'Local' shader compile jobs with 'ForceLocal' priority
[2025.12.10-19.21.53:730][443]LogUObjectHash: Compacting FUObjectHashTables data took   0.86ms
[2025.12.10-19.21.53:814][443]LogShaderCompilers: Display: Submitted 5 shader compile jobs with 'Normal' priority
[2025.12.10-19.21.53:823][443]LogShaderCompilers: Display: Worker (1/5): shaders left to compile 5
[2025.12.10-19.21.53:823][443]LogShaderCompilers: Display: Worker (2/5): shaders left to compile 3
[2025.12.10-19.21.53:825][443]LogShaderCompilers: Display: Worker (3/5): shaders left to compile 1
[2025.12.10-19.21.53:825][443]LogShaderCompilers: Display: Started 5 'Local' shader compile jobs with 'Normal' priority
[2025.12.10-19.21.53:867][443]LogSavePackage: Moving '../../../../../../WORKPLACE/Mini_laboratory/MEPhI_VR_term_1/Mini_laboratory/Saved/ShineGreenMaterial394A55BB44F655C2BF7FCE9A80522468.tmp' to '../../../../../../WORKPLACE/Mini_laboratory/MEPhI_VR_term_1/Mini_laboratory/Content/Workplace/Materials/ShineGreenMaterial.uasset'
[2025.12.10-19.21.53:892][443]AssetCheck: New page: Asset Save: ShineGreenMaterial
[2025.12.10-19.21.53:892][443]LogContentValidation: Display: Validating Material /Game/Workplace/Materials/ShineGreenMaterial.ShineGreenMaterial
[2025.12.10-19.21.53:902][443]MaterialEditorStats: Texture samplers: 2/16
[2025.12.10-19.21.55:954][602]MaterialEditorStats: Base pass shader: 118 instructions
[2025.12.10-19.21.55:954][602]MaterialEditorStats: Base pass shader with Volumetric Lightmap: 192 instructions
[2025.12.10-19.21.55:954][602]MaterialEditorStats: Base pass vertex shader: 42 instructions
[2025.12.10-19.21.55:954][602]MaterialEditorStats: Texture samplers: 3/16
[2025.12.10-19.21.59:835][893]LogContentBrowser: Deferred new asset file creation: NewMaterial
[2025.12.10-19.21.59:852][893]LogContentBrowser: Creating deferred item: NewMaterial
[2025.12.10-19.22.08:241][805]LogContentBrowser: Attempting asset rename: NewMaterial -> ShuneRedMaterial
[2025.12.10-19.22.08:244][805]LogContentBrowser: End creating deferred item NewMaterial
[2025.12.10-19.22.10:668][ 22]LogAssetEditorSubsystem: Opening Asset editor for Material /Game/Workplace/Materials/ShuneRedMaterial.ShuneRedMaterial
[2025.12.10-19.22.10:709][ 22]LogMaterial: Display: Missing cached shadermap for ShuneRedMaterial in PCD3D_SM5, Default, SM5 (DDC key hash: 6DF943A182338B4B4D9A9633CE13556DE3DA7C71), compiling. 
[2025.12.10-19.22.10:724][ 22]LogShaderCompilers: Display: Submitted 10 shader compile jobs with 'Normal' priority
[2025.12.10-19.22.10:783][ 22]LogMaterial: Display: Missing cached shadermap for ShuneRedMaterial in PCD3D_SM5, Default, SM5 (DDC key hash: 7DBA39F5C50779F65A926A4E689E2AABF3FA4220), compiling. 
[2025.12.10-19.22.10:785][ 22]LogMaterial: Display: Missing cached shadermap for ShuneRedMaterial in PCD3D_SM5, Default, SM5 (DDC key hash: 5D921C9DD1A8CB712C33EB23FED774F88D97DCCD), compiling. 
[2025.12.10-19.22.10:798][ 22]MaterialEditorStats: Texture samplers: 0/16
[2025.12.10-19.22.10:872][ 23]LogShaderCompilers: Display: Submitted 2 shader compile jobs with 'ForceLocal' priority
[2025.12.10-19.22.10:873][ 23]LogShaderCompilers: Display: Worker (1/5): shaders left to compile 2
[2025.12.10-19.22.10:873][ 23]LogShaderCompilers: Display: Worker (2/5): shaders left to compile 1
[2025.12.10-19.22.10:873][ 23]LogShaderCompilers: Display: Started 2 'Local' shader compile jobs with 'ForceLocal' priority
[2025.12.10-19.22.10:873][ 23]LogShaderCompilers: Display: Submitted 8 shader compile jobs with 'Normal' priority
[2025.12.10-19.22.10:873][ 23]LogShaderCompilers: Display: Worker (3/5): shaders left to compile 8
[2025.12.10-19.22.10:873][ 23]LogShaderCompilers: Display: Worker (4/5): shaders left to compile 5
[2025.12.10-19.22.10:873][ 23]LogShaderCompilers: Display: Started 6 'Local' shader compile jobs with 'Normal' priority
[2025.12.10-19.22.12:499][120]LogShaderCompilers: Display: Worker (2/5): shaders left to compile 2
[2025.12.10-19.22.12:499][120]LogShaderCompilers: Display: Started 1 'Local' shader compile jobs with 'Normal' priority
[2025.12.10-19.22.12:927][156]LogShaderCompilers: Display: Worker (1/5): shaders left to compile 1
[2025.12.10-19.22.12:927][156]LogShaderCompilers: Display: Started 1 'Local' shader compile jobs with 'Normal' priority
[2025.12.10-19.22.12:943][157]MaterialEditorStats: Texture samplers: 2/16
[2025.12.10-19.22.15:104][332]LogMaterial: Display: Missing cached shadermap for ShuneRedMaterial in PCD3D_SM5, Default, SM5 (DDC key hash: 94F392E38DD4E73473378546589A9F303B0E45C9), compiling. 
[2025.12.10-19.22.15:132][332]LogMaterial: Display: Missing cached shadermap for FMatExpressionPreview MaterialExpressionConstant3Vector_0 in PCD3D_SM5, Default, SM5 (DDC key hash: 5C99C80A108EB1FF54005A9C56D52E298B42FB64), compiling. 
[2025.12.10-19.22.15:134][332]MaterialEditorStats: Texture samplers: 0/16
[2025.12.10-19.22.15:169][334]MaterialEditorStats: Texture samplers: 2/16
[2025.12.10-19.22.15:306][347]MaterialEditorStats: Base pass shader: 117 instructions
[2025.12.10-19.22.15:306][347]MaterialEditorStats: Base pass shader with Volumetric Lightmap: 191 instructions
[2025.12.10-19.22.15:306][347]MaterialEditorStats: Base pass vertex shader: 42 instructions
[2025.12.10-19.22.15:306][347]MaterialEditorStats: Texture samplers: 2/16
[2025.12.10-19.22.17:353][506]LogMaterial: Display: Missing cached shadermap for ShuneRedMaterial in PCD3D_SM5, Default, SM5 (DDC key hash: CA73EB3785698C93F3AAD31774A823353B95B14B), compiling. 
[2025.12.10-19.22.17:398][506]LogMaterial: Display: Missing cached shadermap for FMatExpressionPreview MaterialExpressionVectorParameter_0 in PCD3D_SM5, Default, SM5 (DDC key hash: 13AB6CDAC6BE017BC6337346CE80E1A3ED36D37F), compiling. 
[2025.12.10-19.22.17:401][506]LogMaterial: Display: Missing cached shadermap for FMatExpressionPreview MaterialExpressionVectorParameter_0 in PCD3D_SM5, Default, SM5 (DDC key hash: 7E59AC12797CBFCE7FFAA97A42B6EFBC905E6CCA), compiling. 
[2025.12.10-19.22.17:412][506]LogMaterial: Display: Missing cached shadermap for ShuneRedMaterial in PCD3D_SM5, Default, SM5 (DDC key hash: 6E7C7DBBF0D338D929F8113B6BA844B51DA0FC35), compiling. 
[2025.12.10-19.22.17:421][506]MaterialEditorStats: Texture samplers: 0/16
[2025.12.10-19.22.17:480][508]MaterialEditorStats: Base pass shader: 117 instructions
[2025.12.10-19.22.17:480][508]MaterialEditorStats: Base pass shader with Volumetric Lightmap: 191 instructions
[2025.12.10-19.22.17:480][508]MaterialEditorStats: Base pass vertex shader: 42 instructions
[2025.12.10-19.22.17:480][508]MaterialEditorStats: Texture samplers: 2/16
[2025.12.10-19.22.28:209][523]LogMaterial: Display: Missing cached shadermap for ShuneRedMaterial in PCD3D_SM5, Default, SM5 (DDC key hash: 2E0D78C84CE89D5E3885E09230893CB97EF0F0FD), compiling. 
[2025.12.10-19.22.28:212][523]LogMaterial: Display: Missing cached shadermap for FMatExpressionPreview MaterialExpressionVectorParameter_0 in PCD3D_SM5, Default, SM5 (DDC key hash: 5BF6AE2EDFA1E50E5E4B33D3F58F6AB760710A16), compiling. 
[2025.12.10-19.22.28:220][523]MaterialEditorStats: Texture samplers: 0/16
[2025.12.10-19.22.28:262][525]MaterialEditorStats: Texture samplers: 2/16
[2025.12.10-19.22.28:289][526]MaterialEditorStats: Base pass shader: 117 instructions
[2025.12.10-19.22.28:289][526]MaterialEditorStats: Base pass shader with Volumetric Lightmap: 191 instructions
[2025.12.10-19.22.28:289][526]MaterialEditorStats: Base pass vertex shader: 42 instructions
[2025.12.10-19.22.28:289][526]MaterialEditorStats: Texture samplers: 2/16
[2025.12.10-19.22.31:853][873]LogMaterial: Display: Missing cached shadermap for ShuneRedMaterial in PCD3D_SM5, Default, SM5 (DDC key hash: 632090859AE4FA3B04A3386461DBC0BD3DC2449C), compiling. 
[2025.12.10-19.22.31:857][873]LogMaterial: Display: Missing cached shadermap for FMatExpressionPreview MaterialExpressionVectorParameter_0 in PCD3D_SM5, Default, SM5 (DDC key hash: 500B8B83EEC05C778F001CB2673BF57017176469), compiling. 
[2025.12.10-19.22.31:861][873]MaterialEditorStats: Texture samplers: 0/16
[2025.12.10-19.22.31:891][875]MaterialEditorStats: Texture samplers: 2/16
[2025.12.10-19.22.31:912][876]MaterialEditorStats: Base pass shader: 117 instructions
[2025.12.10-19.22.31:912][876]MaterialEditorStats: Base pass shader with Volumetric Lightmap: 191 instructions
[2025.12.10-19.22.31:912][876]MaterialEditorStats: Base pass vertex shader: 42 instructions
[2025.12.10-19.22.31:912][876]MaterialEditorStats: Texture samplers: 2/16
[2025.12.10-19.22.34:981][158]LogMaterial: Display: Missing cached shadermap for ShuneRedMaterial in PCD3D_SM5, Default, SM5 (DDC key hash: 9484595E39FACD8A2FDB05FC8D3312955E0AD055), compiling. 
[2025.12.10-19.22.34:983][158]LogMaterial: Display: Missing cached shadermap for FMatExpressionPreview MaterialExpressionVectorParameter_0 in PCD3D_SM5, Default, SM5 (DDC key hash: 3CEB1E85A1C3938B677B42620606B69245E346FB), compiling. 
[2025.12.10-19.22.34:989][158]MaterialEditorStats: Texture samplers: 0/16
[2025.12.10-19.22.35:020][160]MaterialEditorStats: Texture samplers: 2/16
[2025.12.10-19.22.35:040][161]MaterialEditorStats: Base pass shader: 117 instructions
[2025.12.10-19.22.35:040][161]MaterialEditorStats: Base pass shader with Volumetric Lightmap: 191 instructions
[2025.12.10-19.22.35:040][161]MaterialEditorStats: Base pass vertex shader: 42 instructions
[2025.12.10-19.22.35:040][161]MaterialEditorStats: Texture samplers: 2/16
[2025.12.10-19.22.36:885][339]LogMaterial: Display: Missing cached shadermap for ShuneRedMaterial in PCD3D_SM5, Default, SM5 (DDC key hash: B354C0A6F615DDD3FFAD6FFD1B2563D9E1BD60A3), compiling. 
[2025.12.10-19.22.36:889][339]LogMaterial: Display: Missing cached shadermap for FMatExpressionPreview MaterialExpressionVectorParameter_0 in PCD3D_SM5, Default, SM5 (DDC key hash: E2A26FD664FC4B8D52846363CB83104EF56EB23F), compiling. 
[2025.12.10-19.22.36:895][339]MaterialEditorStats: Texture samplers: 0/16
[2025.12.10-19.22.36:925][341]MaterialEditorStats: Texture samplers: 2/16
[2025.12.10-19.22.36:947][342]MaterialEditorStats: Base pass shader: 117 instructions
[2025.12.10-19.22.36:947][342]MaterialEditorStats: Base pass shader with Volumetric Lightmap: 191 instructions
[2025.12.10-19.22.36:947][342]MaterialEditorStats: Base pass vertex shader: 42 instructions
[2025.12.10-19.22.36:947][342]MaterialEditorStats: Texture samplers: 2/16
[2025.12.10-19.22.39:266][561]LogMaterial: Display: Missing cached shadermap for ShuneRedMaterial in PCD3D_SM5, Default, SM5 (DDC key hash: B603527BEA1320BA5E1B538458B9189CB889F704), compiling. 
[2025.12.10-19.22.39:269][561]LogMaterial: Display: Missing cached shadermap for FMatExpressionPreview MaterialExpressionVectorParameter_0 in PCD3D_SM5, Default, SM5 (DDC key hash: FD72960135FA47C4D097C953366F0FF510F56DB8), compiling. 
[2025.12.10-19.22.39:275][561]MaterialEditorStats: Texture samplers: 0/16
[2025.12.10-19.22.39:308][563]MaterialEditorStats: Texture samplers: 2/16
[2025.12.10-19.22.39:328][564]MaterialEditorStats: Base pass shader: 117 instructions
[2025.12.10-19.22.39:328][564]MaterialEditorStats: Base pass shader with Volumetric Lightmap: 191 instructions
[2025.12.10-19.22.39:328][564]MaterialEditorStats: Base pass vertex shader: 42 instructions
[2025.12.10-19.22.39:328][564]MaterialEditorStats: Texture samplers: 2/16
[2025.12.10-19.22.41:271][703]LogMaterial: Display: Missing cached shadermap for ShuneRedMaterial in PCD3D_SM5, Default, SM5 (DDC key hash: 9D6F5E0DEC0E288B6B5C836F4FE6A49CA1C5030E), compiling. 
[2025.12.10-19.22.41:274][703]LogMaterial: Display: Missing cached shadermap for FMatExpressionPreview MaterialExpressionVectorParameter_0 in PCD3D_SM5, Default, SM5 (DDC key hash: 678D51D07B5B02AD15DDF8B4756FA536D3147124), compiling. 
[2025.12.10-19.22.41:279][703]MaterialEditorStats: Texture samplers: 0/16
[2025.12.10-19.22.41:311][705]MaterialEditorStats: Texture samplers: 2/16
[2025.12.10-19.22.41:331][706]MaterialEditorStats: Base pass shader: 117 instructions
[2025.12.10-19.22.41:332][706]MaterialEditorStats: Base pass shader with Volumetric Lightmap: 191 instructions
[2025.12.10-19.22.41:332][706]MaterialEditorStats: Base pass vertex shader: 42 instructions
[2025.12.10-19.22.41:332][706]MaterialEditorStats: Texture samplers: 2/16
[2025.12.10-19.22.43:260][867]LogMaterial: Display: Missing cached shadermap for ShuneRedMaterial in PCD3D_SM5, Default, SM5 (DDC key hash: 1514BA3BD8D7A6AC980484293D4B8E8685B7E982), compiling. 
[2025.12.10-19.22.43:263][867]LogMaterial: Display: Missing cached shadermap for FMatExpressionPreview MaterialExpressionVectorParameter_0 in PCD3D_SM5, Default, SM5 (DDC key hash: F8B7D8143CAA7D15DBEB32299348C0F190623CC1), compiling. 
[2025.12.10-19.22.43:267][867]MaterialEditorStats: Texture samplers: 0/16
[2025.12.10-19.22.43:299][869]MaterialEditorStats: Texture samplers: 2/16
[2025.12.10-19.22.43:319][870]MaterialEditorStats: Base pass shader: 117 instructions
[2025.12.10-19.22.43:319][870]MaterialEditorStats: Base pass shader with Volumetric Lightmap: 191 instructions
[2025.12.10-19.22.43:319][870]MaterialEditorStats: Base pass vertex shader: 42 instructions
[2025.12.10-19.22.43:320][870]MaterialEditorStats: Texture samplers: 2/16
[2025.12.10-19.22.46:371][153]LogMaterial: Display: Missing cached shadermap for ShuneRedMaterial in PCD3D_SM5, Default, SM5 (DDC key hash: 220E6828195262ED172C5312A1E48388D7395A2A), compiling. 
[2025.12.10-19.22.46:408][153]LogMaterial: Display: Missing cached shadermap for FMatExpressionPreview MaterialExpressionVectorParameter_0 in PCD3D_SM5, Default, SM5 (DDC key hash: 01A48272AA50558AFD58CBA280EC7EDFD3061050), compiling. 
[2025.12.10-19.22.46:411][153]LogSlate: Window 'Color Picker' being destroyed
[2025.12.10-19.22.46:423][153]MaterialEditorStats: Texture samplers: 0/16
[2025.12.10-19.22.46:467][155]MaterialEditorStats: Base pass shader: 117 instructions
[2025.12.10-19.22.46:467][155]MaterialEditorStats: Base pass shader with Volumetric Lightmap: 191 instructions
[2025.12.10-19.22.46:468][155]MaterialEditorStats: Base pass vertex shader: 42 instructions
[2025.12.10-19.22.46:468][155]MaterialEditorStats: Texture samplers: 2/16
[2025.12.10-19.22.50:373][541]LogMaterial: Display: Missing cached shadermap for ShuneRedMaterial in PCD3D_SM5, Default, SM5 (DDC key hash: 2B6E8AACF6D4EC3F478FD55CBD986BB78099ADE2), compiling. 
[2025.12.10-19.22.50:376][541]MaterialEditorStats: Texture samplers: 0/16
[2025.12.10-19.22.50:400][543]MaterialEditorStats: Texture samplers: 2/16
[2025.12.10-19.22.50:414][544]MaterialEditorStats: Base pass shader: 117 instructions
[2025.12.10-19.22.50:414][544]MaterialEditorStats: Base pass shader with Volumetric Lightmap: 191 instructions
[2025.12.10-19.22.50:414][544]MaterialEditorStats: Base pass vertex shader: 42 instructions
[2025.12.10-19.22.50:414][544]MaterialEditorStats: Texture samplers: 2/16
[2025.12.10-19.22.55:753][106]LogMaterial: Display: Missing cached shadermap for ShuneRedMaterial in PCD3D_SM5, Default, SM5 (DDC key hash: A9FDA5CDFCDF0608B56E3F51A3F798A4DC8E43B5), compiling. 
[2025.12.10-19.22.58:602][332]LogMaterial: Display: Missing cached shadermap for ShuneRedMaterial in PCD3D_SM5, Default, SM5 (DDC key hash: D6B63386997E25090B317157ABAABBAF74880583), compiling. 
[2025.12.10-19.22.58:609][332]LogMaterial: Display: Missing cached shadermap for FMatExpressionPreview MaterialExpressionVectorParameter_0 in PCD3D_SM5, Default, SM5 (DDC key hash: D90E683B9BC18ED88368AFD25133E959BA020D20), compiling. 
[2025.12.10-19.22.58:621][332]MaterialEditorStats: Texture samplers: 0/16
[2025.12.10-19.22.58:652][334]MaterialEditorStats: Texture samplers: 2/16
[2025.12.10-19.22.58:674][335]MaterialEditorStats: Base pass shader: 117 instructions
[2025.12.10-19.22.58:674][335]MaterialEditorStats: Base pass shader with Volumetric Lightmap: 191 instructions
[2025.12.10-19.22.58:674][335]MaterialEditorStats: Base pass vertex shader: 42 instructions
[2025.12.10-19.22.58:674][335]MaterialEditorStats: Texture samplers: 2/16
[2025.12.10-19.23.00:493][478]LogMaterial: Display: Missing cached shadermap for ShuneRedMaterial in PCD3D_SM5, Default, SM5 (DDC key hash: FCF046F60D350794DDDA98F52AE754D70584B620), compiling. 
[2025.12.10-19.23.00:499][478]MaterialEditorStats: Texture samplers: 0/16
[2025.12.10-19.23.00:525][480]MaterialEditorStats: Texture samplers: 2/16
[2025.12.10-19.23.00:544][481]MaterialEditorStats: Base pass shader: 117 instructions
[2025.12.10-19.23.00:544][481]MaterialEditorStats: Base pass shader with Volumetric Lightmap: 191 instructions
[2025.12.10-19.23.00:544][481]MaterialEditorStats: Base pass vertex shader: 42 instructions
[2025.12.10-19.23.00:544][481]MaterialEditorStats: Texture samplers: 2/16
[2025.12.10-19.23.04:750][845]LogMaterial: Display: Missing cached shadermap for ShuneRedMaterial in PCD3D_SM5, Default, SM5 (DDC key hash: 58551514DD665B149FFE03165BE50CAAF17F31D3), compiling. 
[2025.12.10-19.23.04:757][845]MaterialEditorStats: Texture samplers: 0/16
[2025.12.10-19.23.04:765][846]LogShaderCompilers: Display: Submitted 2 shader compile jobs with 'ForceLocal' priority
[2025.12.10-19.23.04:771][847]LogShaderCompilers: Display: Worker (1/5): shaders left to compile 2
[2025.12.10-19.23.04:771][847]LogShaderCompilers: Display: Worker (2/5): shaders left to compile 1
[2025.12.10-19.23.04:771][847]LogShaderCompilers: Display: Started 2 'Local' shader compile jobs with 'ForceLocal' priority
[2025.12.10-19.23.04:777][847]LogShaderCompilers: Display: Submitted 8 shader compile jobs with 'Normal' priority
[2025.12.10-19.23.04:783][847]LogShaderCompilers: Display: Worker (3/5): shaders left to compile 8
[2025.12.10-19.23.04:783][847]LogShaderCompilers: Display: Worker (4/5): shaders left to compile 5
[2025.12.10-19.23.04:783][847]LogShaderCompilers: Display: Started 6 'Local' shader compile jobs with 'Normal' priority
[2025.12.10-19.23.06:201][947]LogShaderCompilers: Display: Worker (2/5): shaders left to compile 2
[2025.12.10-19.23.06:201][947]LogShaderCompilers: Display: Started 1 'Local' shader compile jobs with 'Normal' priority
[2025.12.10-19.23.06:502][969]LogShaderCompilers: Display: Worker (1/5): shaders left to compile 1
[2025.12.10-19.23.06:502][969]LogShaderCompilers: Display: Started 1 'Local' shader compile jobs with 'Normal' priority
[2025.12.10-19.23.06:521][970]MaterialEditorStats: Texture samplers: 2/16
[2025.12.10-19.23.08:703][109]MaterialEditorStats: Base pass shader: 118 instructions
[2025.12.10-19.23.08:703][109]MaterialEditorStats: Base pass shader with Volumetric Lightmap: 192 instructions
[2025.12.10-19.23.08:703][109]MaterialEditorStats: Base pass vertex shader: 42 instructions
[2025.12.10-19.23.08:703][109]MaterialEditorStats: Texture samplers: 2/16
[2025.12.10-19.23.13:725][552]LogMaterial: Display: Missing cached shadermap for ShineGreenMaterial in PCD3D_SM5, Default, SM5 (DDC key hash: F558CB920A365992C6B545984C431EA3385DAB0C), compiling. 
[2025.12.10-19.23.13:730][552]LogMaterial: Display: Missing cached shadermap for ShineGreenMaterial in PCD3D_SM5, Default, SM5 (DDC key hash: 3BE00D518ECC6749CF02254015FEE8A8F3395B55), compiling. 
[2025.12.10-19.23.13:734][552]MaterialEditorStats: Texture samplers: 0/16
[2025.12.10-19.23.13:781][555]MaterialEditorStats: Base pass shader: 118 instructions
[2025.12.10-19.23.13:781][555]MaterialEditorStats: Base pass shader with Volumetric Lightmap: 192 instructions
[2025.12.10-19.23.13:781][555]MaterialEditorStats: Base pass vertex shader: 42 instructions
[2025.12.10-19.23.13:781][555]MaterialEditorStats: Texture samplers: 2/16
[2025.12.10-19.23.16:413][800]LogMaterialEditor: Saving and Compiling material ShineGreenMaterial
[2025.12.10-19.23.16:915][800]LogMaterial: Display: Missing cached shadermap for ShineGreenMaterial in PCD3D_SM5, Default, SM5 (DDC key hash: E6B4C4170CD26F56449F1EB7A7A3EE11243F083A), compiling. 
[2025.12.10-19.23.16:952][800]LogMaterial: Display: Missing cached shadermap for ShineGreenMaterial in PCD3D_SM5, Default, SM5 (DDC key hash: EB5FB2E3DA1A611EEC4A99DB4C3CC6593EC49229), compiling. 
[2025.12.10-19.23.16:994][800]LogUObjectHash: Compacting FUObjectHashTables data took   0.80ms
[2025.12.10-19.23.17:141][800]LogUObjectHash: Compacting FUObjectHashTables data took   0.57ms
[2025.12.10-19.23.17:227][800]LogSavePackage: Moving '../../../../../../WORKPLACE/Mini_laboratory/MEPhI_VR_term_1/Mini_laboratory/Saved/ShineGreenMaterialDA387EEC46F2463D5A9695B2C0CF2894.tmp' to '../../../../../../WORKPLACE/Mini_laboratory/MEPhI_VR_term_1/Mini_laboratory/Content/Workplace/Materials/ShineGreenMaterial.uasset'
[2025.12.10-19.23.17:251][800]AssetCheck: New page: Asset Save: ShineGreenMaterial
[2025.12.10-19.23.17:251][800]LogContentValidation: Display: Validating Material /Game/Workplace/Materials/ShineGreenMaterial.ShineGreenMaterial
[2025.12.10-19.23.17:261][800]MaterialEditorStats: Base pass shader: 118 instructions
[2025.12.10-19.23.17:261][800]MaterialEditorStats: Base pass shader with Volumetric Lightmap: 192 instructions
[2025.12.10-19.23.17:261][800]MaterialEditorStats: Base pass vertex shader: 42 instructions
[2025.12.10-19.23.17:261][800]MaterialEditorStats: Texture samplers: 3/16
[2025.12.10-19.23.18:797][894]LogWorld: UWorld::CleanupWorld for World_7, bSessionEnded=true, bCleanupResources=true
[2025.12.10-19.23.18:797][894]LogSlate: InvalidateAllWidgets triggered.  All widgets were invalidated
[2025.12.10-19.23.22:206][246]LogMaterial: Display: Missing cached shadermap for ShuneRedMaterial in PCD3D_SM5, Default, SM5 (DDC key hash: 849AB730532527A52B378F78D8B92A807F6CFF9F), compiling. 
[2025.12.10-19.23.22:210][246]LogMaterial: Display: Missing cached shadermap for ShuneRedMaterial in PCD3D_SM5, Default, SM5 (DDC key hash: F53C3D8732FE15E2CC4D81FD36F1B693D414F6CB), compiling. 
[2025.12.10-19.23.22:214][246]MaterialEditorStats: Texture samplers: 0/16
[2025.12.10-19.23.22:260][249]MaterialEditorStats: Base pass shader: 118 instructions
[2025.12.10-19.23.22:260][249]MaterialEditorStats: Base pass shader with Volumetric Lightmap: 192 instructions
[2025.12.10-19.23.22:260][249]MaterialEditorStats: Base pass vertex shader: 42 instructions
[2025.12.10-19.23.22:260][249]MaterialEditorStats: Texture samplers: 2/16
[2025.12.10-19.23.29:122][940]LogMaterial: Display: Missing cached shadermap for ShuneRedMaterial in PCD3D_SM5, Default, SM5 (DDC key hash: EACF47C71FB6B715E5FC8CD40304615FDD356788), compiling. 
[2025.12.10-19.23.29:178][940]LogMaterial: Display: Missing cached shadermap for FMatExpressionPreview MaterialExpressionVectorParameter_0 in PCD3D_SM5, Default, SM5 (DDC key hash: 024A9F7E7560D285BF70CF26E429D04F7B5FDE20), compiling. 
[2025.12.10-19.23.29:190][940]MaterialEditorStats: Texture samplers: 0/16
[2025.12.10-19.23.29:239][942]MaterialEditorStats: Texture samplers: 2/16
[2025.12.10-19.23.29:259][943]MaterialEditorStats: Base pass shader: 118 instructions
[2025.12.10-19.23.29:259][943]MaterialEditorStats: Base pass shader with Volumetric Lightmap: 192 instructions
[2025.12.10-19.23.29:259][943]MaterialEditorStats: Base pass vertex shader: 42 instructions
[2025.12.10-19.23.29:259][943]MaterialEditorStats: Texture samplers: 2/16
[2025.12.10-19.23.33:245][353]LogMaterial: Display: Missing cached shadermap for ShuneRedMaterial in PCD3D_SM5, Default, SM5 (DDC key hash: 96DA1FC3C906BA3A0BC6FF3D2A2CBA97B6903B04), compiling. 
[2025.12.10-19.23.33:249][353]LogMaterial: Display: Missing cached shadermap for FMatExpressionPreview MaterialExpressionVectorParameter_0 in PCD3D_SM5, Default, SM5 (DDC key hash: 155723184F789D8A37D4B24FFE934B401A23B0EC), compiling. 
[2025.12.10-19.23.33:255][353]MaterialEditorStats: Texture samplers: 0/16
[2025.12.10-19.23.33:285][355]MaterialEditorStats: Texture samplers: 2/16
[2025.12.10-19.23.33:307][356]MaterialEditorStats: Base pass shader: 118 instructions
[2025.12.10-19.23.33:308][356]MaterialEditorStats: Base pass shader with Volumetric Lightmap: 192 instructions
[2025.12.10-19.23.33:308][356]MaterialEditorStats: Base pass vertex shader: 42 instructions
[2025.12.10-19.23.33:308][356]MaterialEditorStats: Texture samplers: 2/16
[2025.12.10-19.23.35:471][544]LogMaterial: Display: Missing cached shadermap for ShuneRedMaterial in PCD3D_SM5, Default, SM5 (DDC key hash: 186E526297794ABFB7C1521D728746476E1E393C), compiling. 
[2025.12.10-19.23.35:473][544]LogMaterial: Display: Missing cached shadermap for FMatExpressionPreview MaterialExpressionVectorParameter_0 in PCD3D_SM5, Default, SM5 (DDC key hash: 81F4B58BE92B154F9AB1540C9DA7E4E3BD0DA7F3), compiling. 
[2025.12.10-19.23.35:477][544]LogSlate: Window 'Color Picker' being destroyed
[2025.12.10-19.23.35:487][544]MaterialEditorStats: Texture samplers: 0/16
[2025.12.10-19.23.35:521][546]MaterialEditorStats: Texture samplers: 2/16
[2025.12.10-19.23.35:547][547]MaterialEditorStats: Base pass shader: 118 instructions
[2025.12.10-19.23.35:547][547]MaterialEditorStats: Base pass shader with Volumetric Lightmap: 192 instructions
[2025.12.10-19.23.35:547][547]MaterialEditorStats: Base pass vertex shader: 42 instructions
[2025.12.10-19.23.35:547][547]MaterialEditorStats: Texture samplers: 2/16
[2025.12.10-19.23.36:869][678]LogMaterialEditor: Saving and Compiling material ShuneRedMaterial
[2025.12.10-19.23.37:335][678]LogMaterial: Display: Missing cached shadermap for ShuneRedMaterial in PCD3D_SM5, Default, SM5 (DDC key hash: EE194148D498A0A160EF5626B50960D6791A057C), compiling. 
[2025.12.10-19.23.37:378][678]LogMaterial: Display: Missing cached shadermap for ShuneRedMaterial in PCD3D_SM5, Default, SM5 (DDC key hash: 0121D1D37138FC87A3423691D3A718537DEF7E3D), compiling. 
[2025.12.10-19.23.37:428][678]LogUObjectHash: Compacting FUObjectHashTables data took   1.64ms
[2025.12.10-19.23.37:433][678]LogShaderCompilers: Display: Submitted 1 shader compile jobs with 'ForceLocal' priority
[2025.12.10-19.23.37:863][678]LogShaderCompilers: Display: Worker (1/5): shaders left to compile 1
[2025.12.10-19.23.37:863][678]LogShaderCompilers: Display: Started 1 'Local' shader compile jobs with 'ForceLocal' priority
[2025.12.10-19.23.37:866][678]LogUObjectHash: Compacting FUObjectHashTables data took   2.14ms
[2025.12.10-19.23.37:943][678]LogShaderCompilers: Display: Submitted 5 shader compile jobs with 'Normal' priority
[2025.12.10-19.23.37:947][678]LogShaderCompilers: Display: Worker (1/5): shaders left to compile 5
[2025.12.10-19.23.37:947][678]LogShaderCompilers: Display: Worker (2/5): shaders left to compile 3
[2025.12.10-19.23.37:947][678]LogShaderCompilers: Display: Worker (3/5): shaders left to compile 1
[2025.12.10-19.23.37:947][678]LogShaderCompilers: Display: Started 5 'Local' shader compile jobs with 'Normal' priority
[2025.12.10-19.23.37:978][678]LogSavePackage: Moving '../../../../../../WORKPLACE/Mini_laboratory/MEPhI_VR_term_1/Mini_laboratory/Saved/ShuneRedMaterial9AC30AA949A29644E2A0078A205FA13B.tmp' to '../../../../../../WORKPLACE/Mini_laboratory/MEPhI_VR_term_1/Mini_laboratory/Content/Workplace/Materials/ShuneRedMaterial.uasset'
[2025.12.10-19.23.38:004][678]AssetCheck: New page: Asset Save: ShuneRedMaterial
[2025.12.10-19.23.38:004][678]LogContentValidation: Display: Validating Material /Game/Workplace/Materials/ShuneRedMaterial.ShuneRedMaterial
[2025.12.10-19.23.38:012][678]MaterialEditorStats: Texture samplers: 2/16
[2025.12.10-19.23.38:840][745]LogMaterialEditor: Saving and Compiling material ShuneRedMaterial
[2025.12.10-19.23.38:879][745]LogSavePackage: Moving '../../../../../../WORKPLACE/Mini_laboratory/MEPhI_VR_term_1/Mini_laboratory/Saved/ShuneRedMaterialC6FB0FBF4131A3D73823C0AEC2BD6B82.tmp' to '../../../../../../WORKPLACE/Mini_laboratory/MEPhI_VR_term_1/Mini_laboratory/Content/Workplace/Materials/ShuneRedMaterial.uasset'
[2025.12.10-19.23.38:904][745]AssetCheck: New page: Asset Save: ShuneRedMaterial
[2025.12.10-19.23.38:904][745]LogContentValidation: Display: Validating Material /Game/Workplace/Materials/ShuneRedMaterial.ShuneRedMaterial
[2025.12.10-19.23.40:250][858]MaterialEditorStats: Base pass shader: 118 instructions
[2025.12.10-19.23.40:250][858]MaterialEditorStats: Base pass shader with Volumetric Lightmap: 192 instructions
[2025.12.10-19.23.40:250][858]MaterialEditorStats: Base pass vertex shader: 42 instructions
[2025.12.10-19.23.40:250][858]MaterialEditorStats: Texture samplers: 3/16
[2025.12.10-19.23.41:488][975]LogWorld: UWorld::CleanupWorld for World_8, bSessionEnded=true, bCleanupResources=true
[2025.12.10-19.23.41:488][975]LogSlate: InvalidateAllWidgets triggered.  All widgets were invalidated
[2025.12.10-19.23.42:894][118]LogWorld: UWorld::CleanupWorld for World_6, bSessionEnded=true, bCleanupResources=true
[2025.12.10-19.23.42:894][118]LogSlate: InvalidateAllWidgets triggered.  All widgets were invalidated
[2025.12.10-19.23.59:873][650]LogAssetEditorSubsystem: Opening Asset editor for Blueprint /Game/Workplace/Blueprints/BP_Button.BP_Button
[2025.12.10-19.24.01:524][650]LogNativeClassHierarchy: Verbose: Native class hierarchy updated for 'BlueprintGraph' in 0.0088 seconds. Added 126 classes and 0 folders.
[2025.12.10-19.24.03:309][650]LogRenderer: Reallocating scene render targets to support 924x436 Format 10 NumSamples 1 (Frame:1).
[2025.12.10-19.24.58:851][674]LogSlate: Warning: Ignoring SetUserFocus because it's not an active modal Window (user 0 not set to SSCSTreeType [SSCSEditor.cpp(3869)].
[2025.12.10-19.24.58:941][674]LogUObjectHash: Compacting FUObjectHashTables data took   4.04ms
[2025.12.10-19.24.58:947][674]LogFileHelpers: Editor autosave (incl. external actors) for '/Game/Workplace/Maps/FirstLevel' took 0.050
[2025.12.10-19.24.58:949][674]OBJ SavePackage: Generating thumbnails for [0] asset(s) in package [/Game/Workplace/Blueprints/BP_Button] ([2] browsable assets)...
[2025.12.10-19.24.58:949][674]OBJ SavePackage: Finished generating thumbnails for package [/Game/Workplace/Blueprints/BP_Button]
[2025.12.10-19.24.58:954][674]LogSavePackage: Moving '../../../../../../WORKPLACE/Mini_laboratory/MEPhI_VR_term_1/Mini_laboratory/Saved/BP_Button_Auto1F4B3304949D353A74349E0BABDEFCC51.tmp' to '../../../../../../WORKPLACE/Mini_laboratory/MEPhI_VR_term_1/Mini_laboratory/Saved/Autosaves/Game/Workplace/Blueprints/BP_Button_Auto1.uasset'
[2025.12.10-19.24.58:955][674]LogFileHelpers: Auto-saving content packages took 0.007
[2025.12.10-19.25.42:006][214]BlueprintLog: New page: Compile BP_Button
[2025.12.10-19.25.42:101][214]LogUObjectHash: Compacting FUObjectHashTables data took   4.20ms
[2025.12.10-19.25.42:728][243]LogSavePackage: Moving '../../../../../../WORKPLACE/Mini_laboratory/MEPhI_VR_term_1/Mini_laboratory/Saved/BP_Button7A4294C84A8153FA2281D2A13D9949EC.tmp' to '../../../../../../WORKPLACE/Mini_laboratory/MEPhI_VR_term_1/Mini_laboratory/Content/Workplace/Blueprints/BP_Button.uasset'
[2025.12.10-19.25.42:757][243]AssetCheck: New page: Asset Save: BP_Button
[2025.12.10-19.25.42:757][243]LogContentValidation: Display: Validating Blueprint /Game/Workplace/Blueprints/BP_Button.BP_Button
[2025.12.10-19.25.43:171][268]BlueprintLog: New page: Compile BP_Button
[2025.12.10-19.25.43:281][268]LogUObjectHash: Compacting FUObjectHashTables data took   6.69ms
[2025.12.10-19.25.43:658][283]LogSavePackage: Moving '../../../../../../WORKPLACE/Mini_laboratory/MEPhI_VR_term_1/Mini_laboratory/Saved/BP_Button0B0C784C4F97EBA3F6587CB3DC327BD9.tmp' to '../../../../../../WORKPLACE/Mini_laboratory/MEPhI_VR_term_1/Mini_laboratory/Content/Workplace/Blueprints/BP_Button.uasset'
[2025.12.10-19.25.43:684][283]AssetCheck: New page: Asset Save: BP_Button
[2025.12.10-19.25.43:684][283]LogContentValidation: Display: Validating Blueprint /Game/Workplace/Blueprints/BP_Button.BP_Button
[2025.12.10-19.27.20:173][307]LogWindowsTextInputMethodSystem: Display: IME system deactivated.
[2025.12.10-19.27.20:173][307]LogWindowsTextInputMethodSystem: Display: IME system deactivated.
[2025.12.10-19.27.41:426][816]BlueprintLog: New page: Compile BP_Button
[2025.12.10-19.27.41:471][816]LogUObjectHash: Compacting FUObjectHashTables data took   3.48ms
[2025.12.10-19.27.43:361][909]LogSlate: Window 'BP_Button' being destroyed
[2025.12.10-19.28.05:832][176]LogPhysics: Warning: Scale for /Engine/Transient.World_9:PersistentLevel.BP_Button_C_0.platform has a component set to zero, which will result in a bad body instance. Scale:X=1.000 Y=1.000 Z=0.000
[2025.12.10-19.28.05:832][176]LogPhysics: Warning: PopulatePhysXGeometryAndTransform(Convex): ConvexElem has invalid transform
[2025.12.10-19.28.05:832][176]LogPhysics: Warning: ForeachShape(Convex): ScaledElem[0] invalid
[2025.12.10-19.28.05:832][176]LogPhysics: Warning: Scale for /Engine/Transient.World_9:PersistentLevel.BP_Button_C_0.platform has a component set to zero, which will result in a bad body instance. Scale:X=1.000 Y=1.000 Z=0.000
[2025.12.10-19.28.05:832][176]LogPhysics: Warning: PopulatePhysXGeometryAndTransform(Convex): ConvexElem has invalid transform
[2025.12.10-19.28.05:832][176]LogPhysics: Warning: ForeachShape(Convex): ScaledElem[0] invalid
[2025.12.10-19.28.05:849][177]LogPhysics: Warning: Scale for /Engine/Transient.World_9:PersistentLevel.BP_Button_C_0.platform has a component set to zero, which will result in a bad body instance. Scale:X=1.000 Y=1.000 Z=0.000
[2025.12.10-19.28.05:850][177]LogPhysics: Warning: PopulatePhysXGeometryAndTransform(Convex): ConvexElem has invalid transform
[2025.12.10-19.28.05:850][177]LogPhysics: Warning: ForeachShape(Convex): ScaledElem[0] invalid
[2025.12.10-19.28.05:850][177]LogPhysics: Warning: Scale for /Engine/Transient.World_9:PersistentLevel.BP_Button_C_0.platform has a component set to zero, which will result in a bad body instance. Scale:X=1.000 Y=1.000 Z=0.000
[2025.12.10-19.28.05:850][177]LogPhysics: Warning: PopulatePhysXGeometryAndTransform(Convex): ConvexElem has invalid transform
[2025.12.10-19.28.05:850][177]LogPhysics: Warning: ForeachShape(Convex): ScaledElem[0] invalid
[2025.12.10-19.28.05:850][177]LogPhysics: Warning: Scale for /Engine/Transient.World_9:PersistentLevel.BP_Button_C_0.platform has a component set to zero, which will result in a bad body instance. Scale:X=1.000 Y=1.000 Z=0.000
[2025.12.10-19.28.05:850][177]LogPhysics: Warning: PopulatePhysXGeometryAndTransform(Convex): ConvexElem has invalid transform
[2025.12.10-19.28.05:850][177]LogPhysics: Warning: ForeachShape(Convex): ScaledElem[0] invalid
[2025.12.10-19.28.05:865][178]LogPhysics: Warning: Scale for /Engine/Transient.World_9:PersistentLevel.BP_Button_C_0.platform has a component set to zero, which will result in a bad body instance. Scale:X=1.000 Y=1.000 Z=0.000
[2025.12.10-19.28.05:865][178]LogPhysics: Warning: PopulatePhysXGeometryAndTransform(Convex): ConvexElem has invalid transform
[2025.12.10-19.28.05:865][178]LogPhysics: Warning: ForeachShape(Convex): ScaledElem[0] invalid
[2025.12.10-19.28.05:865][178]LogPhysics: Warning: Scale for /Engine/Transient.World_9:PersistentLevel.BP_Button_C_0.platform has a component set to zero, which will result in a bad body instance. Scale:X=1.000 Y=1.000 Z=0.000
[2025.12.10-19.28.05:865][178]LogPhysics: Warning: PopulatePhysXGeometryAndTransform(Convex): ConvexElem has invalid transform
[2025.12.10-19.28.05:866][178]LogPhysics: Warning: ForeachShape(Convex): ScaledElem[0] invalid
[2025.12.10-19.28.05:866][178]LogPhysics: Warning: Scale for /Engine/Transient.World_9:PersistentLevel.BP_Button_C_0.platform has a component set to zero, which will result in a bad body instance. Scale:X=1.000 Y=1.000 Z=0.000
[2025.12.10-19.28.05:866][178]LogPhysics: Warning: PopulatePhysXGeometryAndTransform(Convex): ConvexElem has invalid transform
[2025.12.10-19.28.05:866][178]LogPhysics: Warning: ForeachShape(Convex): ScaledElem[0] invalid
[2025.12.10-19.28.05:882][179]LogPhysics: Warning: Scale for /Engine/Transient.World_9:PersistentLevel.BP_Button_C_0.platform has a component set to zero, which will result in a bad body instance. Scale:X=1.000 Y=1.000 Z=0.000
[2025.12.10-19.28.05:882][179]LogPhysics: Warning: PopulatePhysXGeometryAndTransform(Convex): ConvexElem has invalid transform
[2025.12.10-19.28.05:882][179]LogPhysics: Warning: ForeachShape(Convex): ScaledElem[0] invalid
[2025.12.10-19.28.05:882][179]LogPhysics: Warning: Scale for /Engine/Transient.World_9:PersistentLevel.BP_Button_C_0.platform has a component set to zero, which will result in a bad body instance. Scale:X=1.000 Y=1.000 Z=0.000
[2025.12.10-19.28.05:882][179]LogPhysics: Warning: PopulatePhysXGeometryAndTransform(Convex): ConvexElem has invalid transform
[2025.12.10-19.28.05:882][179]LogPhysics: Warning: ForeachShape(Convex): ScaledElem[0] invalid
[2025.12.10-19.28.05:882][179]LogPhysics: Warning: Scale for /Engine/Transient.World_9:PersistentLevel.BP_Button_C_0.platform has a component set to zero, which will result in a bad body instance. Scale:X=1.000 Y=1.000 Z=0.000
[2025.12.10-19.28.05:882][179]LogPhysics: Warning: PopulatePhysXGeometryAndTransform(Convex): ConvexElem has invalid transform
[2025.12.10-19.28.05:882][179]LogPhysics: Warning: ForeachShape(Convex): ScaledElem[0] invalid
[2025.12.10-19.28.05:901][180]LogPhysics: Warning: Scale for /Engine/Transient.World_9:PersistentLevel.BP_Button_C_0.platform has a component set to zero, which will result in a bad body instance. Scale:X=1.000 Y=1.000 Z=0.000
[2025.12.10-19.28.05:901][180]LogPhysics: Warning: PopulatePhysXGeometryAndTransform(Convex): ConvexElem has invalid transform
[2025.12.10-19.28.05:901][180]LogPhysics: Warning: ForeachShape(Convex): ScaledElem[0] invalid
[2025.12.10-19.28.05:901][180]LogPhysics: Warning: Scale for /Engine/Transient.World_9:PersistentLevel.BP_Button_C_0.platform has a component set to zero, which will result in a bad body instance. Scale:X=1.000 Y=1.000 Z=0.000
[2025.12.10-19.28.05:901][180]LogPhysics: Warning: PopulatePhysXGeometryAndTransform(Convex): ConvexElem has invalid transform
[2025.12.10-19.28.05:901][180]LogPhysics: Warning: ForeachShape(Convex): ScaledElem[0] invalid
[2025.12.10-19.28.05:901][180]LogPhysics: Warning: Scale for /Engine/Transient.World_9:PersistentLevel.BP_Button_C_0.platform has a component set to zero, which will result in a bad body instance. Scale:X=1.000 Y=1.000 Z=0.000
[2025.12.10-19.28.05:901][180]LogPhysics: Warning: PopulatePhysXGeometryAndTransform(Convex): ConvexElem has invalid transform
[2025.12.10-19.28.05:901][180]LogPhysics: Warning: ForeachShape(Convex): ScaledElem[0] invalid
[2025.12.10-19.28.05:915][181]LogPhysics: Warning: Scale for /Engine/Transient.World_9:PersistentLevel.BP_Button_C_0.platform has a component set to zero, which will result in a bad body instance. Scale:X=1.000 Y=1.000 Z=0.000
[2025.12.10-19.28.05:915][181]LogPhysics: Warning: PopulatePhysXGeometryAndTransform(Convex): ConvexElem has invalid transform
[2025.12.10-19.28.05:915][181]LogPhysics: Warning: ForeachShape(Convex): ScaledElem[0] invalid
[2025.12.10-19.28.05:915][181]LogPhysics: Warning: Scale for /Engine/Transient.World_9:PersistentLevel.BP_Button_C_0.platform has a component set to zero, which will result in a bad body instance. Scale:X=1.000 Y=1.000 Z=0.000
[2025.12.10-19.28.05:915][181]LogPhysics: Warning: PopulatePhysXGeometryAndTransform(Convex): ConvexElem has invalid transform
[2025.12.10-19.28.05:915][181]LogPhysics: Warning: ForeachShape(Convex): ScaledElem[0] invalid
[2025.12.10-19.28.05:915][181]LogPhysics: Warning: Scale for /Engine/Transient.World_9:PersistentLevel.BP_Button_C_0.platform has a component set to zero, which will result in a bad body instance. Scale:X=1.000 Y=1.000 Z=0.000
[2025.12.10-19.28.05:915][181]LogPhysics: Warning: PopulatePhysXGeometryAndTransform(Convex): ConvexElem has invalid transform
[2025.12.10-19.28.05:915][181]LogPhysics: Warning: ForeachShape(Convex): ScaledElem[0] invalid
[2025.12.10-19.28.05:931][182]LogPhysics: Warning: Scale for /Engine/Transient.World_9:PersistentLevel.BP_Button_C_0.platform has a component set to zero, which will result in a bad body instance. Scale:X=1.000 Y=1.000 Z=0.000
[2025.12.10-19.28.05:931][182]LogPhysics: Warning: PopulatePhysXGeometryAndTransform(Convex): ConvexElem has invalid transform
[2025.12.10-19.28.05:931][182]LogPhysics: Warning: ForeachShape(Convex): ScaledElem[0] invalid
[2025.12.10-19.28.05:931][182]LogPhysics: Warning: Scale for /Engine/Transient.World_9:PersistentLevel.BP_Button_C_0.platform has a component set to zero, which will result in a bad body instance. Scale:X=1.000 Y=1.000 Z=0.000
[2025.12.10-19.28.05:931][182]LogPhysics: Warning: PopulatePhysXGeometryAndTransform(Convex): ConvexElem has invalid transform
[2025.12.10-19.28.05:932][182]LogPhysics: Warning: ForeachShape(Convex): ScaledElem[0] invalid
[2025.12.10-19.28.05:932][182]LogPhysics: Warning: Scale for /Engine/Transient.World_9:PersistentLevel.BP_Button_C_0.platform has a component set to zero, which will result in a bad body instance. Scale:X=1.000 Y=1.000 Z=0.000
[2025.12.10-19.28.05:932][182]LogPhysics: Warning: PopulatePhysXGeometryAndTransform(Convex): ConvexElem has invalid transform
[2025.12.10-19.28.05:932][182]LogPhysics: Warning: ForeachShape(Convex): ScaledElem[0] invalid
[2025.12.10-19.28.05:947][183]LogPhysics: Warning: Scale for /Engine/Transient.World_9:PersistentLevel.BP_Button_C_0.platform has a component set to zero, which will result in a bad body instance. Scale:X=1.000 Y=1.000 Z=0.000
[2025.12.10-19.28.05:948][183]LogPhysics: Warning: PopulatePhysXGeometryAndTransform(Convex): ConvexElem has invalid transform
[2025.12.10-19.28.05:948][183]LogPhysics: Warning: ForeachShape(Convex): ScaledElem[0] invalid
[2025.12.10-19.28.05:948][183]LogPhysics: Warning: Scale for /Engine/Transient.World_9:PersistentLevel.BP_Button_C_0.platform has a component set to zero, which will result in a bad body instance. Scale:X=1.000 Y=1.000 Z=0.000
[2025.12.10-19.28.05:948][183]LogPhysics: Warning: PopulatePhysXGeometryAndTransform(Convex): ConvexElem has invalid transform
[2025.12.10-19.28.05:948][183]LogPhysics: Warning: ForeachShape(Convex): ScaledElem[0] invalid
[2025.12.10-19.28.05:948][183]LogPhysics: Warning: Scale for /Engine/Transient.World_9:PersistentLevel.BP_Button_C_0.platform has a component set to zero, which will result in a bad body instance. Scale:X=1.000 Y=1.000 Z=0.000
[2025.12.10-19.28.05:948][183]LogPhysics: Warning: PopulatePhysXGeometryAndTransform(Convex): ConvexElem has invalid transform
[2025.12.10-19.28.05:948][183]LogPhysics: Warning: ForeachShape(Convex): ScaledElem[0] invalid
[2025.12.10-19.28.05:965][184]LogPhysics: Warning: Scale for /Engine/Transient.World_9:PersistentLevel.BP_Button_C_0.platform has a component set to zero, which will result in a bad body instance. Scale:X=1.000 Y=1.000 Z=0.000
[2025.12.10-19.28.05:965][184]LogPhysics: Warning: PopulatePhysXGeometryAndTransform(Convex): ConvexElem has invalid transform
[2025.12.10-19.28.05:965][184]LogPhysics: Warning: ForeachShape(Convex): ScaledElem[0] invalid
[2025.12.10-19.28.05:965][184]LogPhysics: Warning: Scale for /Engine/Transient.World_9:PersistentLevel.BP_Button_C_0.platform has a component set to zero, which will result in a bad body instance. Scale:X=1.000 Y=1.000 Z=0.000
[2025.12.10-19.28.05:965][184]LogPhysics: Warning: PopulatePhysXGeometryAndTransform(Convex): ConvexElem has invalid transform
[2025.12.10-19.28.05:965][184]LogPhysics: Warning: ForeachShape(Convex): ScaledElem[0] invalid
[2025.12.10-19.28.05:965][184]LogPhysics: Warning: Scale for /Engine/Transient.World_9:PersistentLevel.BP_Button_C_0.platform has a component set to zero, which will result in a bad body instance. Scale:X=1.000 Y=1.000 Z=0.000
[2025.12.10-19.28.05:965][184]LogPhysics: Warning: PopulatePhysXGeometryAndTransform(Convex): ConvexElem has invalid transform
[2025.12.10-19.28.05:965][184]LogPhysics: Warning: ForeachShape(Convex): ScaledElem[0] invalid
[2025.12.10-19.28.05:982][185]LogPhysics: Warning: Scale for /Engine/Transient.World_9:PersistentLevel.BP_Button_C_0.platform has a component set to zero, which will result in a bad body instance. Scale:X=1.000 Y=1.000 Z=0.000
[2025.12.10-19.28.05:982][185]LogPhysics: Warning: PopulatePhysXGeometryAndTransform(Convex): ConvexElem has invalid transform
[2025.12.10-19.28.05:982][185]LogPhysics: Warning: ForeachShape(Convex): ScaledElem[0] invalid
[2025.12.10-19.28.05:982][185]LogPhysics: Warning: Scale for /Engine/Transient.World_9:PersistentLevel.BP_Button_C_0.platform has a component set to zero, which will result in a bad body instance. Scale:X=1.000 Y=1.000 Z=0.000
[2025.12.10-19.28.05:982][185]LogPhysics: Warning: PopulatePhysXGeometryAndTransform(Convex): ConvexElem has invalid transform
[2025.12.10-19.28.05:982][185]LogPhysics: Warning: ForeachShape(Convex): ScaledElem[0] invalid
[2025.12.10-19.28.05:983][185]LogPhysics: Warning: Scale for /Engine/Transient.World_9:PersistentLevel.BP_Button_C_0.platform has a component set to zero, which will result in a bad body instance. Scale:X=1.000 Y=1.000 Z=0.000
[2025.12.10-19.28.05:983][185]LogPhysics: Warning: PopulatePhysXGeometryAndTransform(Convex): ConvexElem has invalid transform
[2025.12.10-19.28.05:983][185]LogPhysics: Warning: ForeachShape(Convex): ScaledElem[0] invalid
[2025.12.10-19.28.05:999][186]LogPhysics: Warning: Scale for /Engine/Transient.World_9:PersistentLevel.BP_Button_C_0.platform has a component set to zero, which will result in a bad body instance. Scale:X=1.000 Y=1.000 Z=0.000
[2025.12.10-19.28.05:999][186]LogPhysics: Warning: PopulatePhysXGeometryAndTransform(Convex): ConvexElem has invalid transform
[2025.12.10-19.28.05:999][186]LogPhysics: Warning: ForeachShape(Convex): ScaledElem[0] invalid
[2025.12.10-19.28.05:999][186]LogPhysics: Warning: Scale for /Engine/Transient.World_9:PersistentLevel.BP_Button_C_0.platform has a component set to zero, which will result in a bad body instance. Scale:X=1.000 Y=1.000 Z=0.000
[2025.12.10-19.28.05:999][186]LogPhysics: Warning: PopulatePhysXGeometryAndTransform(Convex): ConvexElem has invalid transform
[2025.12.10-19.28.05:999][186]LogPhysics: Warning: ForeachShape(Convex): ScaledElem[0] invalid
[2025.12.10-19.28.05:999][186]LogPhysics: Warning: Scale for /Engine/Transient.World_9:PersistentLevel.BP_Button_C_0.platform has a component set to zero, which will result in a bad body instance. Scale:X=1.000 Y=1.000 Z=0.000
[2025.12.10-19.28.05:999][186]LogPhysics: Warning: PopulatePhysXGeometryAndTransform(Convex): ConvexElem has invalid transform
[2025.12.10-19.28.05:999][186]LogPhysics: Warning: ForeachShape(Convex): ScaledElem[0] invalid
[2025.12.10-19.28.06:015][187]LogPhysics: Warning: Scale for /Engine/Transient.World_9:PersistentLevel.BP_Button_C_0.platform has a component set to zero, which will result in a bad body instance. Scale:X=1.000 Y=1.000 Z=0.000
[2025.12.10-19.28.06:015][187]LogPhysics: Warning: PopulatePhysXGeometryAndTransform(Convex): ConvexElem has invalid transform
[2025.12.10-19.28.06:015][187]LogPhysics: Warning: ForeachShape(Convex): ScaledElem[0] invalid
[2025.12.10-19.28.06:015][187]LogPhysics: Warning: Scale for /Engine/Transient.World_9:PersistentLevel.BP_Button_C_0.platform has a component set to zero, which will result in a bad body instance. Scale:X=1.000 Y=1.000 Z=0.000
[2025.12.10-19.28.06:015][187]LogPhysics: Warning: PopulatePhysXGeometryAndTransform(Convex): ConvexElem has invalid transform
[2025.12.10-19.28.06:015][187]LogPhysics: Warning: ForeachShape(Convex): ScaledElem[0] invalid
[2025.12.10-19.28.06:016][187]LogPhysics: Warning: Scale for /Engine/Transient.World_9:PersistentLevel.BP_Button_C_0.platform has a component set to zero, which will result in a bad body instance. Scale:X=1.000 Y=1.000 Z=0.000
[2025.12.10-19.28.06:016][187]LogPhysics: Warning: PopulatePhysXGeometryAndTransform(Convex): ConvexElem has invalid transform
[2025.12.10-19.28.06:016][187]LogPhysics: Warning: ForeachShape(Convex): ScaledElem[0] invalid
[2025.12.10-19.28.06:033][188]LogPhysics: Warning: Scale for /Engine/Transient.World_9:PersistentLevel.BP_Button_C_0.platform has a component set to zero, which will result in a bad body instance. Scale:X=1.000 Y=1.000 Z=0.000
[2025.12.10-19.28.06:034][188]LogPhysics: Warning: PopulatePhysXGeometryAndTransform(Convex): ConvexElem has invalid transform
[2025.12.10-19.28.06:034][188]LogPhysics: Warning: ForeachShape(Convex): ScaledElem[0] invalid
[2025.12.10-19.28.06:034][188]LogPhysics: Warning: Scale for /Engine/Transient.World_9:PersistentLevel.BP_Button_C_0.platform has a component set to zero, which will result in a bad body instance. Scale:X=1.000 Y=1.000 Z=0.000
[2025.12.10-19.28.06:034][188]LogPhysics: Warning: PopulatePhysXGeometryAndTransform(Convex): ConvexElem has invalid transform
[2025.12.10-19.28.06:034][188]LogPhysics: Warning: ForeachShape(Convex): ScaledElem[0] invalid
[2025.12.10-19.28.06:034][188]LogPhysics: Warning: Scale for /Engine/Transient.World_9:PersistentLevel.BP_Button_C_0.platform has a component set to zero, which will result in a bad body instance. Scale:X=1.000 Y=1.000 Z=0.000
[2025.12.10-19.28.06:034][188]LogPhysics: Warning: PopulatePhysXGeometryAndTransform(Convex): ConvexElem has invalid transform
[2025.12.10-19.28.06:034][188]LogPhysics: Warning: ForeachShape(Convex): ScaledElem[0] invalid
[2025.12.10-19.28.06:049][189]LogPhysics: Warning: Scale for /Engine/Transient.World_9:PersistentLevel.BP_Button_C_0.platform has a component set to zero, which will result in a bad body instance. Scale:X=1.000 Y=1.000 Z=0.000
[2025.12.10-19.28.06:049][189]LogPhysics: Warning: PopulatePhysXGeometryAndTransform(Convex): ConvexElem has invalid transform
[2025.12.10-19.28.06:049][189]LogPhysics: Warning: ForeachShape(Convex): ScaledElem[0] invalid
[2025.12.10-19.28.06:050][189]LogPhysics: Warning: Scale for /Engine/Transient.World_9:PersistentLevel.BP_Button_C_0.platform has a component set to zero, which will result in a bad body instance. Scale:X=1.000 Y=1.000 Z=0.000
[2025.12.10-19.28.06:050][189]LogPhysics: Warning: PopulatePhysXGeometryAndTransform(Convex): ConvexElem has invalid transform
[2025.12.10-19.28.06:050][189]LogPhysics: Warning: ForeachShape(Convex): ScaledElem[0] invalid
[2025.12.10-19.28.06:050][189]LogPhysics: Warning: Scale for /Engine/Transient.World_9:PersistentLevel.BP_Button_C_0.platform has a component set to zero, which will result in a bad body instance. Scale:X=1.000 Y=1.000 Z=0.000
[2025.12.10-19.28.06:050][189]LogPhysics: Warning: PopulatePhysXGeometryAndTransform(Convex): ConvexElem has invalid transform
[2025.12.10-19.28.06:050][189]LogPhysics: Warning: ForeachShape(Convex): ScaledElem[0] invalid
[2025.12.10-19.28.06:066][190]LogPhysics: Warning: Scale for /Engine/Transient.World_9:PersistentLevel.BP_Button_C_0.platform has a component set to zero, which will result in a bad body instance. Scale:X=1.000 Y=1.000 Z=0.000
[2025.12.10-19.28.06:066][190]LogPhysics: Warning: PopulatePhysXGeometryAndTransform(Convex): ConvexElem has invalid transform
[2025.12.10-19.28.06:066][190]LogPhysics: Warning: ForeachShape(Convex): ScaledElem[0] invalid
[2025.12.10-19.28.06:066][190]LogPhysics: Warning: Scale for /Engine/Transient.World_9:PersistentLevel.BP_Button_C_0.platform has a component set to zero, which will result in a bad body instance. Scale:X=1.000 Y=1.000 Z=0.000
[2025.12.10-19.28.06:066][190]LogPhysics: Warning: PopulatePhysXGeometryAndTransform(Convex): ConvexElem has invalid transform
[2025.12.10-19.28.06:067][190]LogPhysics: Warning: ForeachShape(Convex): ScaledElem[0] invalid
[2025.12.10-19.28.06:067][190]LogPhysics: Warning: Scale for /Engine/Transient.World_9:PersistentLevel.BP_Button_C_0.platform has a component set to zero, which will result in a bad body instance. Scale:X=1.000 Y=1.000 Z=0.000
[2025.12.10-19.28.06:067][190]LogPhysics: Warning: PopulatePhysXGeometryAndTransform(Convex): ConvexElem has invalid transform
[2025.12.10-19.28.06:067][190]LogPhysics: Warning: ForeachShape(Convex): ScaledElem[0] invalid
[2025.12.10-19.28.06:082][191]LogPhysics: Warning: Scale for /Engine/Transient.World_9:PersistentLevel.BP_Button_C_0.platform has a component set to zero, which will result in a bad body instance. Scale:X=1.000 Y=1.000 Z=0.000
[2025.12.10-19.28.06:082][191]LogPhysics: Warning: PopulatePhysXGeometryAndTransform(Convex): ConvexElem has invalid transform
[2025.12.10-19.28.06:082][191]LogPhysics: Warning: ForeachShape(Convex): ScaledElem[0] invalid
[2025.12.10-19.28.06:082][191]LogPhysics: Warning: Scale for /Engine/Transient.World_9:PersistentLevel.BP_Button_C_0.platform has a component set to zero, which will result in a bad body instance. Scale:X=1.000 Y=1.000 Z=0.000
[2025.12.10-19.28.06:082][191]LogPhysics: Warning: PopulatePhysXGeometryAndTransform(Convex): ConvexElem has invalid transform
[2025.12.10-19.28.06:082][191]LogPhysics: Warning: ForeachShape(Convex): ScaledElem[0] invalid
[2025.12.10-19.28.06:082][191]LogPhysics: Warning: Scale for /Engine/Transient.World_9:PersistentLevel.BP_Button_C_0.platform has a component set to zero, which will result in a bad body instance. Scale:X=1.000 Y=1.000 Z=0.000
[2025.12.10-19.28.06:082][191]LogPhysics: Warning: PopulatePhysXGeometryAndTransform(Convex): ConvexElem has invalid transform
[2025.12.10-19.28.06:083][191]LogPhysics: Warning: ForeachShape(Convex): ScaledElem[0] invalid
[2025.12.10-19.28.06:098][192]LogPhysics: Warning: Scale for /Engine/Transient.World_9:PersistentLevel.BP_Button_C_0.platform has a component set to zero, which will result in a bad body instance. Scale:X=1.000 Y=1.000 Z=0.000
[2025.12.10-19.28.06:098][192]LogPhysics: Warning: PopulatePhysXGeometryAndTransform(Convex): ConvexElem has invalid transform
[2025.12.10-19.28.06:098][192]LogPhysics: Warning: ForeachShape(Convex): ScaledElem[0] invalid
[2025.12.10-19.28.06:099][192]LogPhysics: Warning: Scale for /Engine/Transient.World_9:PersistentLevel.BP_Button_C_0.platform has a component set to zero, which will result in a bad body instance. Scale:X=1.000 Y=1.000 Z=0.000
[2025.12.10-19.28.06:099][192]LogPhysics: Warning: PopulatePhysXGeometryAndTransform(Convex): ConvexElem has invalid transform
[2025.12.10-19.28.06:099][192]LogPhysics: Warning: ForeachShape(Convex): ScaledElem[0] invalid
[2025.12.10-19.28.06:099][192]LogPhysics: Warning: Scale for /Engine/Transient.World_9:PersistentLevel.BP_Button_C_0.platform has a component set to zero, which will result in a bad body instance. Scale:X=1.000 Y=1.000 Z=0.000
[2025.12.10-19.28.06:099][192]LogPhysics: Warning: PopulatePhysXGeometryAndTransform(Convex): ConvexElem has invalid transform
[2025.12.10-19.28.06:099][192]LogPhysics: Warning: ForeachShape(Convex): ScaledElem[0] invalid
[2025.12.10-19.28.06:114][193]LogPhysics: Warning: Scale for /Engine/Transient.World_9:PersistentLevel.BP_Button_C_0.platform has a component set to zero, which will result in a bad body instance. Scale:X=1.000 Y=1.000 Z=0.000
[2025.12.10-19.28.06:114][193]LogPhysics: Warning: PopulatePhysXGeometryAndTransform(Convex): ConvexElem has invalid transform
[2025.12.10-19.28.06:114][193]LogPhysics: Warning: ForeachShape(Convex): ScaledElem[0] invalid
[2025.12.10-19.28.06:115][193]LogPhysics: Warning: Scale for /Engine/Transient.World_9:PersistentLevel.BP_Button_C_0.platform has a component set to zero, which will result in a bad body instance. Scale:X=1.000 Y=1.000 Z=0.000
[2025.12.10-19.28.06:115][193]LogPhysics: Warning: PopulatePhysXGeometryAndTransform(Convex): ConvexElem has invalid transform
[2025.12.10-19.28.06:115][193]LogPhysics: Warning: ForeachShape(Convex): ScaledElem[0] invalid
[2025.12.10-19.28.06:115][193]LogPhysics: Warning: Scale for /Engine/Transient.World_9:PersistentLevel.BP_Button_C_0.platform has a component set to zero, which will result in a bad body instance. Scale:X=1.000 Y=1.000 Z=0.000
[2025.12.10-19.28.06:115][193]LogPhysics: Warning: PopulatePhysXGeometryAndTransform(Convex): ConvexElem has invalid transform
[2025.12.10-19.28.06:115][193]LogPhysics: Warning: ForeachShape(Convex): ScaledElem[0] invalid
[2025.12.10-19.28.06:133][194]LogPhysics: Warning: Scale for /Engine/Transient.World_9:PersistentLevel.BP_Button_C_0.platform has a component set to zero, which will result in a bad body instance. Scale:X=1.000 Y=1.000 Z=0.000
[2025.12.10-19.28.06:133][194]LogPhysics: Warning: PopulatePhysXGeometryAndTransform(Convex): ConvexElem has invalid transform
[2025.12.10-19.28.06:133][194]LogPhysics: Warning: ForeachShape(Convex): ScaledElem[0] invalid
[2025.12.10-19.28.06:133][194]LogPhysics: Warning: Scale for /Engine/Transient.World_9:PersistentLevel.BP_Button_C_0.platform has a component set to zero, which will result in a bad body instance. Scale:X=1.000 Y=1.000 Z=0.000
[2025.12.10-19.28.06:133][194]LogPhysics: Warning: PopulatePhysXGeometryAndTransform(Convex): ConvexElem has invalid transform
[2025.12.10-19.28.06:133][194]LogPhysics: Warning: ForeachShape(Convex): ScaledElem[0] invalid
[2025.12.10-19.28.06:133][194]LogPhysics: Warning: Scale for /Engine/Transient.World_9:PersistentLevel.BP_Button_C_0.platform has a component set to zero, which will result in a bad body instance. Scale:X=1.000 Y=1.000 Z=0.000
[2025.12.10-19.28.06:133][194]LogPhysics: Warning: PopulatePhysXGeometryAndTransform(Convex): ConvexElem has invalid transform
[2025.12.10-19.28.06:133][194]LogPhysics: Warning: ForeachShape(Convex): ScaledElem[0] invalid
[2025.12.10-19.28.06:148][195]LogPhysics: Warning: Scale for /Engine/Transient.World_9:PersistentLevel.BP_Button_C_0.platform has a component set to zero, which will result in a bad body instance. Scale:X=1.000 Y=1.000 Z=0.000
[2025.12.10-19.28.06:148][195]LogPhysics: Warning: PopulatePhysXGeometryAndTransform(Convex): ConvexElem has invalid transform
[2025.12.10-19.28.06:148][195]LogPhysics: Warning: ForeachShape(Convex): ScaledElem[0] invalid
[2025.12.10-19.28.06:148][195]LogPhysics: Warning: Scale for /Engine/Transient.World_9:PersistentLevel.BP_Button_C_0.platform has a component set to zero, which will result in a bad body instance. Scale:X=1.000 Y=1.000 Z=0.000
[2025.12.10-19.28.06:148][195]LogPhysics: Warning: PopulatePhysXGeometryAndTransform(Convex): ConvexElem has invalid transform
[2025.12.10-19.28.06:148][195]LogPhysics: Warning: ForeachShape(Convex): ScaledElem[0] invalid
[2025.12.10-19.28.06:149][195]LogPhysics: Warning: Scale for /Engine/Transient.World_9:PersistentLevel.BP_Button_C_0.platform has a component set to zero, which will result in a bad body instance. Scale:X=1.000 Y=1.000 Z=0.000
[2025.12.10-19.28.06:149][195]LogPhysics: Warning: PopulatePhysXGeometryAndTransform(Convex): ConvexElem has invalid transform
[2025.12.10-19.28.06:149][195]LogPhysics: Warning: ForeachShape(Convex): ScaledElem[0] invalid
[2025.12.10-19.28.06:165][196]LogPhysics: Warning: Scale for /Engine/Transient.World_9:PersistentLevel.BP_Button_C_0.platform has a component set to zero, which will result in a bad body instance. Scale:X=1.000 Y=1.000 Z=0.000
[2025.12.10-19.28.06:165][196]LogPhysics: Warning: PopulatePhysXGeometryAndTransform(Convex): ConvexElem has invalid transform
[2025.12.10-19.28.06:165][196]LogPhysics: Warning: ForeachShape(Convex): ScaledElem[0] invalid
[2025.12.10-19.28.06:165][196]LogPhysics: Warning: Scale for /Engine/Transient.World_9:PersistentLevel.BP_Button_C_0.platform has a component set to zero, which will result in a bad body instance. Scale:X=1.000 Y=1.000 Z=0.000
[2025.12.10-19.28.06:165][196]LogPhysics: Warning: PopulatePhysXGeometryAndTransform(Convex): ConvexElem has invalid transform
[2025.12.10-19.28.06:165][196]LogPhysics: Warning: ForeachShape(Convex): ScaledElem[0] invalid
[2025.12.10-19.28.06:165][196]LogPhysics: Warning: Scale for /Engine/Transient.World_9:PersistentLevel.BP_Button_C_0.platform has a component set to zero, which will result in a bad body instance. Scale:X=1.000 Y=1.000 Z=0.000
[2025.12.10-19.28.06:166][196]LogPhysics: Warning: PopulatePhysXGeometryAndTransform(Convex): ConvexElem has invalid transform
[2025.12.10-19.28.06:166][196]LogPhysics: Warning: ForeachShape(Convex): ScaledElem[0] invalid
[2025.12.10-19.28.06:182][197]LogPhysics: Warning: Scale for /Engine/Transient.World_9:PersistentLevel.BP_Button_C_0.platform has a component set to zero, which will result in a bad body instance. Scale:X=1.000 Y=1.000 Z=0.000
[2025.12.10-19.28.06:182][197]LogPhysics: Warning: PopulatePhysXGeometryAndTransform(Convex): ConvexElem has invalid transform
[2025.12.10-19.28.06:182][197]LogPhysics: Warning: ForeachShape(Convex): ScaledElem[0] invalid
[2025.12.10-19.28.06:182][197]LogPhysics: Warning: Scale for /Engine/Transient.World_9:PersistentLevel.BP_Button_C_0.platform has a component set to zero, which will result in a bad body instance. Scale:X=1.000 Y=1.000 Z=0.000
[2025.12.10-19.28.06:182][197]LogPhysics: Warning: PopulatePhysXGeometryAndTransform(Convex): ConvexElem has invalid transform
[2025.12.10-19.28.06:183][197]LogPhysics: Warning: ForeachShape(Convex): ScaledElem[0] invalid
[2025.12.10-19.28.06:183][197]LogPhysics: Warning: Scale for /Engine/Transient.World_9:PersistentLevel.BP_Button_C_0.platform has a component set to zero, which will result in a bad body instance. Scale:X=1.000 Y=1.000 Z=0.000
[2025.12.10-19.28.06:183][197]LogPhysics: Warning: PopulatePhysXGeometryAndTransform(Convex): ConvexElem has invalid transform
[2025.12.10-19.28.06:183][197]LogPhysics: Warning: ForeachShape(Convex): ScaledElem[0] invalid
[2025.12.10-19.28.06:199][198]LogPhysics: Warning: Scale for /Engine/Transient.World_9:PersistentLevel.BP_Button_C_0.platform has a component set to zero, which will result in a bad body instance. Scale:X=1.000 Y=1.000 Z=0.000
[2025.12.10-19.28.06:199][198]LogPhysics: Warning: PopulatePhysXGeometryAndTransform(Convex): ConvexElem has invalid transform
[2025.12.10-19.28.06:199][198]LogPhysics: Warning: ForeachShape(Convex): ScaledElem[0] invalid
[2025.12.10-19.28.06:199][198]LogPhysics: Warning: Scale for /Engine/Transient.World_9:PersistentLevel.BP_Button_C_0.platform has a component set to zero, which will result in a bad body instance. Scale:X=1.000 Y=1.000 Z=0.000
[2025.12.10-19.28.06:199][198]LogPhysics: Warning: PopulatePhysXGeometryAndTransform(Convex): ConvexElem has invalid transform
[2025.12.10-19.28.06:199][198]LogPhysics: Warning: ForeachShape(Convex): ScaledElem[0] invalid
[2025.12.10-19.28.06:199][198]LogPhysics: Warning: Scale for /Engine/Transient.World_9:PersistentLevel.BP_Button_C_0.platform has a component set to zero, which will result in a bad body instance. Scale:X=1.000 Y=1.000 Z=0.000
[2025.12.10-19.28.06:199][198]LogPhysics: Warning: PopulatePhysXGeometryAndTransform(Convex): ConvexElem has invalid transform
[2025.12.10-19.28.06:199][198]LogPhysics: Warning: ForeachShape(Convex): ScaledElem[0] invalid
[2025.12.10-19.28.06:214][199]LogPhysics: Warning: Scale for /Engine/Transient.World_9:PersistentLevel.BP_Button_C_0.platform has a component set to zero, which will result in a bad body instance. Scale:X=1.000 Y=1.000 Z=0.000
[2025.12.10-19.28.06:214][199]LogPhysics: Warning: PopulatePhysXGeometryAndTransform(Convex): ConvexElem has invalid transform
[2025.12.10-19.28.06:214][199]LogPhysics: Warning: ForeachShape(Convex): ScaledElem[0] invalid
[2025.12.10-19.28.06:214][199]LogPhysics: Warning: Scale for /Engine/Transient.World_9:PersistentLevel.BP_Button_C_0.platform has a component set to zero, which will result in a bad body instance. Scale:X=1.000 Y=1.000 Z=0.000
[2025.12.10-19.28.06:214][199]LogPhysics: Warning: PopulatePhysXGeometryAndTransform(Convex): ConvexElem has invalid transform
[2025.12.10-19.28.06:214][199]LogPhysics: Warning: ForeachShape(Convex): ScaledElem[0] invalid
[2025.12.10-19.28.06:214][199]LogPhysics: Warning: Scale for /Engine/Transient.World_9:PersistentLevel.BP_Button_C_0.platform has a component set to zero, which will result in a bad body instance. Scale:X=1.000 Y=1.000 Z=0.000
[2025.12.10-19.28.06:214][199]LogPhysics: Warning: PopulatePhysXGeometryAndTransform(Convex): ConvexElem has invalid transform
[2025.12.10-19.28.06:214][199]LogPhysics: Warning: ForeachShape(Convex): ScaledElem[0] invalid
[2025.12.10-19.28.06:234][200]LogPhysics: Warning: Scale for /Engine/Transient.World_9:PersistentLevel.BP_Button_C_0.platform has a component set to zero, which will result in a bad body instance. Scale:X=1.000 Y=1.000 Z=0.000
[2025.12.10-19.28.06:234][200]LogPhysics: Warning: PopulatePhysXGeometryAndTransform(Convex): ConvexElem has invalid transform
[2025.12.10-19.28.06:234][200]LogPhysics: Warning: ForeachShape(Convex): ScaledElem[0] invalid
[2025.12.10-19.28.06:234][200]LogPhysics: Warning: Scale for /Engine/Transient.World_9:PersistentLevel.BP_Button_C_0.platform has a component set to zero, which will result in a bad body instance. Scale:X=1.000 Y=1.000 Z=0.000
[2025.12.10-19.28.06:234][200]LogPhysics: Warning: PopulatePhysXGeometryAndTransform(Convex): ConvexElem has invalid transform
[2025.12.10-19.28.06:234][200]LogPhysics: Warning: ForeachShape(Convex): ScaledElem[0] invalid
[2025.12.10-19.28.06:234][200]LogPhysics: Warning: Scale for /Engine/Transient.World_9:PersistentLevel.BP_Button_C_0.platform has a component set to zero, which will result in a bad body instance. Scale:X=1.000 Y=1.000 Z=0.000
[2025.12.10-19.28.06:234][200]LogPhysics: Warning: PopulatePhysXGeometryAndTransform(Convex): ConvexElem has invalid transform
[2025.12.10-19.28.06:234][200]LogPhysics: Warning: ForeachShape(Convex): ScaledElem[0] invalid
[2025.12.10-19.28.06:250][201]LogPhysics: Warning: Scale for /Engine/Transient.World_9:PersistentLevel.BP_Button_C_0.platform has a component set to zero, which will result in a bad body instance. Scale:X=1.000 Y=1.000 Z=0.000
[2025.12.10-19.28.06:251][201]LogPhysics: Warning: PopulatePhysXGeometryAndTransform(Convex): ConvexElem has invalid transform
[2025.12.10-19.28.06:251][201]LogPhysics: Warning: ForeachShape(Convex): ScaledElem[0] invalid
[2025.12.10-19.28.06:251][201]LogPhysics: Warning: Scale for /Engine/Transient.World_9:PersistentLevel.BP_Button_C_0.platform has a component set to zero, which will result in a bad body instance. Scale:X=1.000 Y=1.000 Z=0.000
[2025.12.10-19.28.06:251][201]LogPhysics: Warning: PopulatePhysXGeometryAndTransform(Convex): ConvexElem has invalid transform
[2025.12.10-19.28.06:251][201]LogPhysics: Warning: ForeachShape(Convex): ScaledElem[0] invalid
[2025.12.10-19.28.06:251][201]LogPhysics: Warning: Scale for /Engine/Transient.World_9:PersistentLevel.BP_Button_C_0.platform has a component set to zero, which will result in a bad body instance. Scale:X=1.000 Y=1.000 Z=0.000
[2025.12.10-19.28.06:251][201]LogPhysics: Warning: PopulatePhysXGeometryAndTransform(Convex): ConvexElem has invalid transform
[2025.12.10-19.28.06:251][201]LogPhysics: Warning: ForeachShape(Convex): ScaledElem[0] invalid
[2025.12.10-19.28.06:266][202]LogPhysics: Warning: Scale for /Engine/Transient.World_9:PersistentLevel.BP_Button_C_0.platform has a component set to zero, which will result in a bad body instance. Scale:X=1.000 Y=1.000 Z=0.000
[2025.12.10-19.28.06:266][202]LogPhysics: Warning: PopulatePhysXGeometryAndTransform(Convex): ConvexElem has invalid transform
[2025.12.10-19.28.06:266][202]LogPhysics: Warning: ForeachShape(Convex): ScaledElem[0] invalid
[2025.12.10-19.28.06:266][202]LogPhysics: Warning: Scale for /Engine/Transient.World_9:PersistentLevel.BP_Button_C_0.platform has a component set to zero, which will result in a bad body instance. Scale:X=1.000 Y=1.000 Z=0.000
[2025.12.10-19.28.06:266][202]LogPhysics: Warning: PopulatePhysXGeometryAndTransform(Convex): ConvexElem has invalid transform
[2025.12.10-19.28.06:266][202]LogPhysics: Warning: ForeachShape(Convex): ScaledElem[0] invalid
[2025.12.10-19.28.06:266][202]LogPhysics: Warning: Scale for /Engine/Transient.World_9:PersistentLevel.BP_Button_C_0.platform has a component set to zero, which will result in a bad body instance. Scale:X=1.000 Y=1.000 Z=0.000
[2025.12.10-19.28.06:266][202]LogPhysics: Warning: PopulatePhysXGeometryAndTransform(Convex): ConvexElem has invalid transform
[2025.12.10-19.28.06:266][202]LogPhysics: Warning: ForeachShape(Convex): ScaledElem[0] invalid
[2025.12.10-19.28.06:281][203]LogPhysics: Warning: Scale for /Engine/Transient.World_9:PersistentLevel.BP_Button_C_0.platform has a component set to zero, which will result in a bad body instance. Scale:X=1.000 Y=1.000 Z=0.000
[2025.12.10-19.28.06:281][203]LogPhysics: Warning: PopulatePhysXGeometryAndTransform(Convex): ConvexElem has invalid transform
[2025.12.10-19.28.06:281][203]LogPhysics: Warning: ForeachShape(Convex): ScaledElem[0] invalid
[2025.12.10-19.28.06:281][203]LogPhysics: Warning: Scale for /Engine/Transient.World_9:PersistentLevel.BP_Button_C_0.platform has a component set to zero, which will result in a bad body instance. Scale:X=1.000 Y=1.000 Z=0.000
[2025.12.10-19.28.06:281][203]LogPhysics: Warning: PopulatePhysXGeometryAndTransform(Convex): ConvexElem has invalid transform
[2025.12.10-19.28.06:281][203]LogPhysics: Warning: ForeachShape(Convex): ScaledElem[0] invalid
[2025.12.10-19.28.06:281][203]LogPhysics: Warning: Scale for /Engine/Transient.World_9:PersistentLevel.BP_Button_C_0.platform has a component set to zero, which will result in a bad body instance. Scale:X=1.000 Y=1.000 Z=0.000
[2025.12.10-19.28.06:281][203]LogPhysics: Warning: PopulatePhysXGeometryAndTransform(Convex): ConvexElem has invalid transform
[2025.12.10-19.28.06:281][203]LogPhysics: Warning: ForeachShape(Convex): ScaledElem[0] invalid
[2025.12.10-19.28.06:297][204]LogPhysics: Warning: Scale for /Engine/Transient.World_9:PersistentLevel.BP_Button_C_0.platform has a component set to zero, which will result in a bad body instance. Scale:X=1.000 Y=1.000 Z=0.000
[2025.12.10-19.28.06:297][204]LogPhysics: Warning: PopulatePhysXGeometryAndTransform(Convex): ConvexElem has invalid transform
[2025.12.10-19.28.06:297][204]LogPhysics: Warning: ForeachShape(Convex): ScaledElem[0] invalid
[2025.12.10-19.28.06:297][204]LogPhysics: Warning: Scale for /Engine/Transient.World_9:PersistentLevel.BP_Button_C_0.platform has a component set to zero, which will result in a bad body instance. Scale:X=1.000 Y=1.000 Z=0.000
[2025.12.10-19.28.06:297][204]LogPhysics: Warning: PopulatePhysXGeometryAndTransform(Convex): ConvexElem has invalid transform
[2025.12.10-19.28.06:297][204]LogPhysics: Warning: ForeachShape(Convex): ScaledElem[0] invalid
[2025.12.10-19.28.06:297][204]LogPhysics: Warning: Scale for /Engine/Transient.World_9:PersistentLevel.BP_Button_C_0.platform has a component set to zero, which will result in a bad body instance. Scale:X=1.000 Y=1.000 Z=0.000
[2025.12.10-19.28.06:297][204]LogPhysics: Warning: PopulatePhysXGeometryAndTransform(Convex): ConvexElem has invalid transform
[2025.12.10-19.28.06:297][204]LogPhysics: Warning: ForeachShape(Convex): ScaledElem[0] invalid
[2025.12.10-19.28.06:313][205]LogPhysics: Warning: Scale for /Engine/Transient.World_9:PersistentLevel.BP_Button_C_0.platform has a component set to zero, which will result in a bad body instance. Scale:X=1.000 Y=1.000 Z=0.000
[2025.12.10-19.28.06:313][205]LogPhysics: Warning: PopulatePhysXGeometryAndTransform(Convex): ConvexElem has invalid transform
[2025.12.10-19.28.06:313][205]LogPhysics: Warning: ForeachShape(Convex): ScaledElem[0] invalid
[2025.12.10-19.28.06:313][205]LogPhysics: Warning: Scale for /Engine/Transient.World_9:PersistentLevel.BP_Button_C_0.platform has a component set to zero, which will result in a bad body instance. Scale:X=1.000 Y=1.000 Z=0.000
[2025.12.10-19.28.06:313][205]LogPhysics: Warning: PopulatePhysXGeometryAndTransform(Convex): ConvexElem has invalid transform
[2025.12.10-19.28.06:313][205]LogPhysics: Warning: ForeachShape(Convex): ScaledElem[0] invalid
[2025.12.10-19.28.06:313][205]LogPhysics: Warning: Scale for /Engine/Transient.World_9:PersistentLevel.BP_Button_C_0.platform has a component set to zero, which will result in a bad body instance. Scale:X=1.000 Y=1.000 Z=0.000
[2025.12.10-19.28.06:313][205]LogPhysics: Warning: PopulatePhysXGeometryAndTransform(Convex): ConvexElem has invalid transform
[2025.12.10-19.28.06:313][205]LogPhysics: Warning: ForeachShape(Convex): ScaledElem[0] invalid
[2025.12.10-19.28.06:330][206]LogPhysics: Warning: Scale for /Engine/Transient.World_9:PersistentLevel.BP_Button_C_0.platform has a component set to zero, which will result in a bad body instance. Scale:X=1.000 Y=1.000 Z=0.000
[2025.12.10-19.28.06:330][206]LogPhysics: Warning: PopulatePhysXGeometryAndTransform(Convex): ConvexElem has invalid transform
[2025.12.10-19.28.06:330][206]LogPhysics: Warning: ForeachShape(Convex): ScaledElem[0] invalid
[2025.12.10-19.28.06:330][206]LogPhysics: Warning: Scale for /Engine/Transient.World_9:PersistentLevel.BP_Button_C_0.platform has a component set to zero, which will result in a bad body instance. Scale:X=1.000 Y=1.000 Z=0.000
[2025.12.10-19.28.06:330][206]LogPhysics: Warning: PopulatePhysXGeometryAndTransform(Convex): ConvexElem has invalid transform
[2025.12.10-19.28.06:330][206]LogPhysics: Warning: ForeachShape(Convex): ScaledElem[0] invalid
[2025.12.10-19.28.06:330][206]LogPhysics: Warning: Scale for /Engine/Transient.World_9:PersistentLevel.BP_Button_C_0.platform has a component set to zero, which will result in a bad body instance. Scale:X=1.000 Y=1.000 Z=0.000
[2025.12.10-19.28.06:330][206]LogPhysics: Warning: PopulatePhysXGeometryAndTransform(Convex): ConvexElem has invalid transform
[2025.12.10-19.28.06:330][206]LogPhysics: Warning: ForeachShape(Convex): ScaledElem[0] invalid
[2025.12.10-19.28.06:346][207]LogPhysics: Warning: Scale for /Engine/Transient.World_9:PersistentLevel.BP_Button_C_0.platform has a component set to zero, which will result in a bad body instance. Scale:X=1.000 Y=1.000 Z=0.000
[2025.12.10-19.28.06:346][207]LogPhysics: Warning: PopulatePhysXGeometryAndTransform(Convex): ConvexElem has invalid transform
[2025.12.10-19.28.06:346][207]LogPhysics: Warning: ForeachShape(Convex): ScaledElem[0] invalid
[2025.12.10-19.28.06:346][207]LogPhysics: Warning: Scale for /Engine/Transient.World_9:PersistentLevel.BP_Button_C_0.platform has a component set to zero, which will result in a bad body instance. Scale:X=1.000 Y=1.000 Z=0.000
[2025.12.10-19.28.06:346][207]LogPhysics: Warning: PopulatePhysXGeometryAndTransform(Convex): ConvexElem has invalid transform
[2025.12.10-19.28.06:346][207]LogPhysics: Warning: ForeachShape(Convex): ScaledElem[0] invalid
[2025.12.10-19.28.06:347][207]LogPhysics: Warning: Scale for /Engine/Transient.World_9:PersistentLevel.BP_Button_C_0.platform has a component set to zero, which will result in a bad body instance. Scale:X=1.000 Y=1.000 Z=0.000
[2025.12.10-19.28.06:347][207]LogPhysics: Warning: PopulatePhysXGeometryAndTransform(Convex): ConvexElem has invalid transform
[2025.12.10-19.28.06:347][207]LogPhysics: Warning: ForeachShape(Convex): ScaledElem[0] invalid
[2025.12.10-19.28.06:363][208]LogPhysics: Warning: Scale for /Engine/Transient.World_9:PersistentLevel.BP_Button_C_0.platform has a component set to zero, which will result in a bad body instance. Scale:X=1.000 Y=1.000 Z=0.000
[2025.12.10-19.28.06:363][208]LogPhysics: Warning: PopulatePhysXGeometryAndTransform(Convex): ConvexElem has invalid transform
[2025.12.10-19.28.06:363][208]LogPhysics: Warning: ForeachShape(Convex): ScaledElem[0] invalid
[2025.12.10-19.28.06:363][208]LogPhysics: Warning: Scale for /Engine/Transient.World_9:PersistentLevel.BP_Button_C_0.platform has a component set to zero, which will result in a bad body instance. Scale:X=1.000 Y=1.000 Z=0.000
[2025.12.10-19.28.06:363][208]LogPhysics: Warning: PopulatePhysXGeometryAndTransform(Convex): ConvexElem has invalid transform
[2025.12.10-19.28.06:363][208]LogPhysics: Warning: ForeachShape(Convex): ScaledElem[0] invalid
[2025.12.10-19.28.06:363][208]LogPhysics: Warning: Scale for /Engine/Transient.World_9:PersistentLevel.BP_Button_C_0.platform has a component set to zero, which will result in a bad body instance. Scale:X=1.000 Y=1.000 Z=0.000
[2025.12.10-19.28.06:363][208]LogPhysics: Warning: PopulatePhysXGeometryAndTransform(Convex): ConvexElem has invalid transform
[2025.12.10-19.28.06:363][208]LogPhysics: Warning: ForeachShape(Convex): ScaledElem[0] invalid
[2025.12.10-19.28.06:379][209]LogPhysics: Warning: Scale for /Engine/Transient.World_9:PersistentLevel.BP_Button_C_0.platform has a component set to zero, which will result in a bad body instance. Scale:X=1.000 Y=1.000 Z=0.000
[2025.12.10-19.28.06:379][209]LogPhysics: Warning: PopulatePhysXGeometryAndTransform(Convex): ConvexElem has invalid transform
[2025.12.10-19.28.06:379][209]LogPhysics: Warning: ForeachShape(Convex): ScaledElem[0] invalid
[2025.12.10-19.28.06:379][209]LogPhysics: Warning: Scale for /Engine/Transient.World_9:PersistentLevel.BP_Button_C_0.platform has a component set to zero, which will result in a bad body instance. Scale:X=1.000 Y=1.000 Z=0.000
[2025.12.10-19.28.06:380][209]LogPhysics: Warning: PopulatePhysXGeometryAndTransform(Convex): ConvexElem has invalid transform
[2025.12.10-19.28.06:380][209]LogPhysics: Warning: ForeachShape(Convex): ScaledElem[0] invalid
[2025.12.10-19.28.06:380][209]LogPhysics: Warning: Scale for /Engine/Transient.World_9:PersistentLevel.BP_Button_C_0.platform has a component set to zero, which will result in a bad body instance. Scale:X=1.000 Y=1.000 Z=0.000
[2025.12.10-19.28.06:380][209]LogPhysics: Warning: PopulatePhysXGeometryAndTransform(Convex): ConvexElem has invalid transform
[2025.12.10-19.28.06:380][209]LogPhysics: Warning: ForeachShape(Convex): ScaledElem[0] invalid
[2025.12.10-19.28.06:396][210]LogPhysics: Warning: Scale for /Engine/Transient.World_9:PersistentLevel.BP_Button_C_0.platform has a component set to zero, which will result in a bad body instance. Scale:X=1.000 Y=1.000 Z=0.000
[2025.12.10-19.28.06:396][210]LogPhysics: Warning: PopulatePhysXGeometryAndTransform(Convex): ConvexElem has invalid transform
[2025.12.10-19.28.06:396][210]LogPhysics: Warning: ForeachShape(Convex): ScaledElem[0] invalid
[2025.12.10-19.28.06:396][210]LogPhysics: Warning: Scale for /Engine/Transient.World_9:PersistentLevel.BP_Button_C_0.platform has a component set to zero, which will result in a bad body instance. Scale:X=1.000 Y=1.000 Z=0.000
[2025.12.10-19.28.06:396][210]LogPhysics: Warning: PopulatePhysXGeometryAndTransform(Convex): ConvexElem has invalid transform
[2025.12.10-19.28.06:396][210]LogPhysics: Warning: ForeachShape(Convex): ScaledElem[0] invalid
[2025.12.10-19.28.06:396][210]LogPhysics: Warning: Scale for /Engine/Transient.World_9:PersistentLevel.BP_Button_C_0.platform has a component set to zero, which will result in a bad body instance. Scale:X=1.000 Y=1.000 Z=0.000
[2025.12.10-19.28.06:396][210]LogPhysics: Warning: PopulatePhysXGeometryAndTransform(Convex): ConvexElem has invalid transform
[2025.12.10-19.28.06:396][210]LogPhysics: Warning: ForeachShape(Convex): ScaledElem[0] invalid
[2025.12.10-19.28.06:412][211]LogPhysics: Warning: Scale for /Engine/Transient.World_9:PersistentLevel.BP_Button_C_0.platform has a component set to zero, which will result in a bad body instance. Scale:X=1.000 Y=1.000 Z=0.000
[2025.12.10-19.28.06:412][211]LogPhysics: Warning: PopulatePhysXGeometryAndTransform(Convex): ConvexElem has invalid transform
[2025.12.10-19.28.06:412][211]LogPhysics: Warning: ForeachShape(Convex): ScaledElem[0] invalid
[2025.12.10-19.28.06:413][211]LogPhysics: Warning: Scale for /Engine/Transient.World_9:PersistentLevel.BP_Button_C_0.platform has a component set to zero, which will result in a bad body instance. Scale:X=1.000 Y=1.000 Z=0.000
[2025.12.10-19.28.06:413][211]LogPhysics: Warning: PopulatePhysXGeometryAndTransform(Convex): ConvexElem has invalid transform
[2025.12.10-19.28.06:413][211]LogPhysics: Warning: ForeachShape(Convex): ScaledElem[0] invalid
[2025.12.10-19.28.06:413][211]LogPhysics: Warning: Scale for /Engine/Transient.World_9:PersistentLevel.BP_Button_C_0.platform has a component set to zero, which will result in a bad body instance. Scale:X=1.000 Y=1.000 Z=0.000
[2025.12.10-19.28.06:413][211]LogPhysics: Warning: PopulatePhysXGeometryAndTransform(Convex): ConvexElem has invalid transform
[2025.12.10-19.28.06:413][211]LogPhysics: Warning: ForeachShape(Convex): ScaledElem[0] invalid
[2025.12.10-19.28.06:430][212]LogPhysics: Warning: Scale for /Engine/Transient.World_9:PersistentLevel.BP_Button_C_0.platform has a component set to zero, which will result in a bad body instance. Scale:X=1.000 Y=1.000 Z=0.000
[2025.12.10-19.28.06:430][212]LogPhysics: Warning: PopulatePhysXGeometryAndTransform(Convex): ConvexElem has invalid transform
[2025.12.10-19.28.06:430][212]LogPhysics: Warning: ForeachShape(Convex): ScaledElem[0] invalid
[2025.12.10-19.28.06:430][212]LogPhysics: Warning: Scale for /Engine/Transient.World_9:PersistentLevel.BP_Button_C_0.platform has a component set to zero, which will result in a bad body instance. Scale:X=1.000 Y=1.000 Z=0.000
[2025.12.10-19.28.06:430][212]LogPhysics: Warning: PopulatePhysXGeometryAndTransform(Convex): ConvexElem has invalid transform
[2025.12.10-19.28.06:430][212]LogPhysics: Warning: ForeachShape(Convex): ScaledElem[0] invalid
[2025.12.10-19.28.06:430][212]LogPhysics: Warning: Scale for /Engine/Transient.World_9:PersistentLevel.BP_Button_C_0.platform has a component set to zero, which will result in a bad body instance. Scale:X=1.000 Y=1.000 Z=0.000
[2025.12.10-19.28.06:430][212]LogPhysics: Warning: PopulatePhysXGeometryAndTransform(Convex): ConvexElem has invalid transform
[2025.12.10-19.28.06:430][212]LogPhysics: Warning: ForeachShape(Convex): ScaledElem[0] invalid
[2025.12.10-19.28.06:446][213]LogPhysics: Warning: Scale for /Engine/Transient.World_9:PersistentLevel.BP_Button_C_0.platform has a component set to zero, which will result in a bad body instance. Scale:X=1.000 Y=1.000 Z=0.000
[2025.12.10-19.28.06:446][213]LogPhysics: Warning: PopulatePhysXGeometryAndTransform(Convex): ConvexElem has invalid transform
[2025.12.10-19.28.06:446][213]LogPhysics: Warning: ForeachShape(Convex): ScaledElem[0] invalid
[2025.12.10-19.28.06:446][213]LogPhysics: Warning: Scale for /Engine/Transient.World_9:PersistentLevel.BP_Button_C_0.platform has a component set to zero, which will result in a bad body instance. Scale:X=1.000 Y=1.000 Z=0.000
[2025.12.10-19.28.06:446][213]LogPhysics: Warning: PopulatePhysXGeometryAndTransform(Convex): ConvexElem has invalid transform
[2025.12.10-19.28.06:446][213]LogPhysics: Warning: ForeachShape(Convex): ScaledElem[0] invalid
[2025.12.10-19.28.06:447][213]LogPhysics: Warning: Scale for /Engine/Transient.World_9:PersistentLevel.BP_Button_C_0.platform has a component set to zero, which will result in a bad body instance. Scale:X=1.000 Y=1.000 Z=0.000
[2025.12.10-19.28.06:447][213]LogPhysics: Warning: PopulatePhysXGeometryAndTransform(Convex): ConvexElem has invalid transform
[2025.12.10-19.28.06:447][213]LogPhysics: Warning: ForeachShape(Convex): ScaledElem[0] invalid
[2025.12.10-19.28.06:463][214]LogPhysics: Warning: Scale for /Engine/Transient.World_9:PersistentLevel.BP_Button_C_0.platform has a component set to zero, which will result in a bad body instance. Scale:X=1.000 Y=1.000 Z=0.000
[2025.12.10-19.28.06:463][214]LogPhysics: Warning: PopulatePhysXGeometryAndTransform(Convex): ConvexElem has invalid transform
[2025.12.10-19.28.06:463][214]LogPhysics: Warning: ForeachShape(Convex): ScaledElem[0] invalid
[2025.12.10-19.28.06:463][214]LogPhysics: Warning: Scale for /Engine/Transient.World_9:PersistentLevel.BP_Button_C_0.platform has a component set to zero, which will result in a bad body instance. Scale:X=1.000 Y=1.000 Z=0.000
[2025.12.10-19.28.06:463][214]LogPhysics: Warning: PopulatePhysXGeometryAndTransform(Convex): ConvexElem has invalid transform
[2025.12.10-19.28.06:463][214]LogPhysics: Warning: ForeachShape(Convex): ScaledElem[0] invalid
[2025.12.10-19.28.06:463][214]LogPhysics: Warning: Scale for /Engine/Transient.World_9:PersistentLevel.BP_Button_C_0.platform has a component set to zero, which will result in a bad body instance. Scale:X=1.000 Y=1.000 Z=0.000
[2025.12.10-19.28.06:463][214]LogPhysics: Warning: PopulatePhysXGeometryAndTransform(Convex): ConvexElem has invalid transform
[2025.12.10-19.28.06:463][214]LogPhysics: Warning: ForeachShape(Convex): ScaledElem[0] invalid
[2025.12.10-19.28.06:480][215]LogPhysics: Warning: Scale for /Engine/Transient.World_9:PersistentLevel.BP_Button_C_0.platform has a component set to zero, which will result in a bad body instance. Scale:X=1.000 Y=1.000 Z=0.000
[2025.12.10-19.28.06:480][215]LogPhysics: Warning: PopulatePhysXGeometryAndTransform(Convex): ConvexElem has invalid transform
[2025.12.10-19.28.06:480][215]LogPhysics: Warning: ForeachShape(Convex): ScaledElem[0] invalid
[2025.12.10-19.28.06:480][215]LogPhysics: Warning: Scale for /Engine/Transient.World_9:PersistentLevel.BP_Button_C_0.platform has a component set to zero, which will result in a bad body instance. Scale:X=1.000 Y=1.000 Z=0.000
[2025.12.10-19.28.06:480][215]LogPhysics: Warning: PopulatePhysXGeometryAndTransform(Convex): ConvexElem has invalid transform
[2025.12.10-19.28.06:480][215]LogPhysics: Warning: ForeachShape(Convex): ScaledElem[0] invalid
[2025.12.10-19.28.06:480][215]LogPhysics: Warning: Scale for /Engine/Transient.World_9:PersistentLevel.BP_Button_C_0.platform has a component set to zero, which will result in a bad body instance. Scale:X=1.000 Y=1.000 Z=0.000
[2025.12.10-19.28.06:480][215]LogPhysics: Warning: PopulatePhysXGeometryAndTransform(Convex): ConvexElem has invalid transform
[2025.12.10-19.28.06:480][215]LogPhysics: Warning: ForeachShape(Convex): ScaledElem[0] invalid
[2025.12.10-19.28.06:496][216]LogPhysics: Warning: Scale for /Engine/Transient.World_9:PersistentLevel.BP_Button_C_0.platform has a component set to zero, which will result in a bad body instance. Scale:X=1.000 Y=1.000 Z=0.000
[2025.12.10-19.28.06:496][216]LogPhysics: Warning: PopulatePhysXGeometryAndTransform(Convex): ConvexElem has invalid transform
[2025.12.10-19.28.06:496][216]LogPhysics: Warning: ForeachShape(Convex): ScaledElem[0] invalid
[2025.12.10-19.28.06:497][216]LogPhysics: Warning: Scale for /Engine/Transient.World_9:PersistentLevel.BP_Button_C_0.platform has a component set to zero, which will result in a bad body instance. Scale:X=1.000 Y=1.000 Z=0.000
[2025.12.10-19.28.06:497][216]LogPhysics: Warning: PopulatePhysXGeometryAndTransform(Convex): ConvexElem has invalid transform
[2025.12.10-19.28.06:497][216]LogPhysics: Warning: ForeachShape(Convex): ScaledElem[0] invalid
[2025.12.10-19.28.06:497][216]LogPhysics: Warning: Scale for /Engine/Transient.World_9:PersistentLevel.BP_Button_C_0.platform has a component set to zero, which will result in a bad body instance. Scale:X=1.000 Y=1.000 Z=0.000
[2025.12.10-19.28.06:497][216]LogPhysics: Warning: PopulatePhysXGeometryAndTransform(Convex): ConvexElem has invalid transform
[2025.12.10-19.28.06:497][216]LogPhysics: Warning: ForeachShape(Convex): ScaledElem[0] invalid
[2025.12.10-19.28.06:513][217]LogPhysics: Warning: Scale for /Engine/Transient.World_9:PersistentLevel.BP_Button_C_0.platform has a component set to zero, which will result in a bad body instance. Scale:X=1.000 Y=1.000 Z=0.000
[2025.12.10-19.28.06:513][217]LogPhysics: Warning: PopulatePhysXGeometryAndTransform(Convex): ConvexElem has invalid transform
[2025.12.10-19.28.06:513][217]LogPhysics: Warning: ForeachShape(Convex): ScaledElem[0] invalid
[2025.12.10-19.28.06:513][217]LogPhysics: Warning: Scale for /Engine/Transient.World_9:PersistentLevel.BP_Button_C_0.platform has a component set to zero, which will result in a bad body instance. Scale:X=1.000 Y=1.000 Z=0.000
[2025.12.10-19.28.06:513][217]LogPhysics: Warning: PopulatePhysXGeometryAndTransform(Convex): ConvexElem has invalid transform
[2025.12.10-19.28.06:513][217]LogPhysics: Warning: ForeachShape(Convex): ScaledElem[0] invalid
[2025.12.10-19.28.06:513][217]LogPhysics: Warning: Scale for /Engine/Transient.World_9:PersistentLevel.BP_Button_C_0.platform has a component set to zero, which will result in a bad body instance. Scale:X=1.000 Y=1.000 Z=0.000
[2025.12.10-19.28.06:513][217]LogPhysics: Warning: PopulatePhysXGeometryAndTransform(Convex): ConvexElem has invalid transform
[2025.12.10-19.28.06:513][217]LogPhysics: Warning: ForeachShape(Convex): ScaledElem[0] invalid
[2025.12.10-19.28.06:530][218]LogPhysics: Warning: Scale for /Engine/Transient.World_9:PersistentLevel.BP_Button_C_0.platform has a component set to zero, which will result in a bad body instance. Scale:X=1.000 Y=1.000 Z=0.000
[2025.12.10-19.28.06:530][218]LogPhysics: Warning: PopulatePhysXGeometryAndTransform(Convex): ConvexElem has invalid transform
[2025.12.10-19.28.06:530][218]LogPhysics: Warning: ForeachShape(Convex): ScaledElem[0] invalid
[2025.12.10-19.28.06:530][218]LogPhysics: Warning: Scale for /Engine/Transient.World_9:PersistentLevel.BP_Button_C_0.platform has a component set to zero, which will result in a bad body instance. Scale:X=1.000 Y=1.000 Z=0.000
[2025.12.10-19.28.06:530][218]LogPhysics: Warning: PopulatePhysXGeometryAndTransform(Convex): ConvexElem has invalid transform
[2025.12.10-19.28.06:530][218]LogPhysics: Warning: ForeachShape(Convex): ScaledElem[0] invalid
[2025.12.10-19.28.06:530][218]LogPhysics: Warning: Scale for /Engine/Transient.World_9:PersistentLevel.BP_Button_C_0.platform has a component set to zero, which will result in a bad body instance. Scale:X=1.000 Y=1.000 Z=0.000
[2025.12.10-19.28.06:530][218]LogPhysics: Warning: PopulatePhysXGeometryAndTransform(Convex): ConvexElem has invalid transform
[2025.12.10-19.28.06:530][218]LogPhysics: Warning: ForeachShape(Convex): ScaledElem[0] invalid
[2025.12.10-19.28.06:547][219]LogPhysics: Warning: Scale for /Engine/Transient.World_9:PersistentLevel.BP_Button_C_0.platform has a component set to zero, which will result in a bad body instance. Scale:X=1.000 Y=1.000 Z=0.000
[2025.12.10-19.28.06:547][219]LogPhysics: Warning: PopulatePhysXGeometryAndTransform(Convex): ConvexElem has invalid transform
[2025.12.10-19.28.06:547][219]LogPhysics: Warning: ForeachShape(Convex): ScaledElem[0] invalid
[2025.12.10-19.28.06:547][219]LogPhysics: Warning: Scale for /Engine/Transient.World_9:PersistentLevel.BP_Button_C_0.platform has a component set to zero, which will result in a bad body instance. Scale:X=1.000 Y=1.000 Z=0.000
[2025.12.10-19.28.06:547][219]LogPhysics: Warning: PopulatePhysXGeometryAndTransform(Convex): ConvexElem has invalid transform
[2025.12.10-19.28.06:547][219]LogPhysics: Warning: ForeachShape(Convex): ScaledElem[0] invalid
[2025.12.10-19.28.06:547][219]LogPhysics: Warning: Scale for /Engine/Transient.World_9:PersistentLevel.BP_Button_C_0.platform has a component set to zero, which will result in a bad body instance. Scale:X=1.000 Y=1.000 Z=0.000
[2025.12.10-19.28.06:547][219]LogPhysics: Warning: PopulatePhysXGeometryAndTransform(Convex): ConvexElem has invalid transform
[2025.12.10-19.28.06:547][219]LogPhysics: Warning: ForeachShape(Convex): ScaledElem[0] invalid
[2025.12.10-19.28.06:564][220]LogPhysics: Warning: Scale for /Engine/Transient.World_9:PersistentLevel.BP_Button_C_0.platform has a component set to zero, which will result in a bad body instance. Scale:X=1.000 Y=1.000 Z=0.000
[2025.12.10-19.28.06:564][220]LogPhysics: Warning: PopulatePhysXGeometryAndTransform(Convex): ConvexElem has invalid transform
[2025.12.10-19.28.06:564][220]LogPhysics: Warning: ForeachShape(Convex): ScaledElem[0] invalid
[2025.12.10-19.28.06:564][220]LogPhysics: Warning: Scale for /Engine/Transient.World_9:PersistentLevel.BP_Button_C_0.platform has a component set to zero, which will result in a bad body instance. Scale:X=1.000 Y=1.000 Z=0.000
[2025.12.10-19.28.06:565][220]LogPhysics: Warning: PopulatePhysXGeometryAndTransform(Convex): ConvexElem has invalid transform
[2025.12.10-19.28.06:565][220]LogPhysics: Warning: ForeachShape(Convex): ScaledElem[0] invalid
[2025.12.10-19.28.06:565][220]LogPhysics: Warning: Scale for /Engine/Transient.World_9:PersistentLevel.BP_Button_C_0.platform has a component set to zero, which will result in a bad body instance. Scale:X=1.000 Y=1.000 Z=0.000
[2025.12.10-19.28.06:565][220]LogPhysics: Warning: PopulatePhysXGeometryAndTransform(Convex): ConvexElem has invalid transform
[2025.12.10-19.28.06:565][220]LogPhysics: Warning: ForeachShape(Convex): ScaledElem[0] invalid
[2025.12.10-19.28.06:581][221]LogPhysics: Warning: Scale for /Engine/Transient.World_9:PersistentLevel.BP_Button_C_0.platform has a component set to zero, which will result in a bad body instance. Scale:X=1.000 Y=1.000 Z=0.000
[2025.12.10-19.28.06:581][221]LogPhysics: Warning: PopulatePhysXGeometryAndTransform(Convex): ConvexElem has invalid transform
[2025.12.10-19.28.06:581][221]LogPhysics: Warning: ForeachShape(Convex): ScaledElem[0] invalid
[2025.12.10-19.28.06:581][221]LogPhysics: Warning: Scale for /Engine/Transient.World_9:PersistentLevel.BP_Button_C_0.platform has a component set to zero, which will result in a bad body instance. Scale:X=1.000 Y=1.000 Z=0.000
[2025.12.10-19.28.06:581][221]LogPhysics: Warning: PopulatePhysXGeometryAndTransform(Convex): ConvexElem has invalid transform
[2025.12.10-19.28.06:581][221]LogPhysics: Warning: ForeachShape(Convex): ScaledElem[0] invalid
[2025.12.10-19.28.06:581][221]LogPhysics: Warning: Scale for /Engine/Transient.World_9:PersistentLevel.BP_Button_C_0.platform has a component set to zero, which will result in a bad body instance. Scale:X=1.000 Y=1.000 Z=0.000
[2025.12.10-19.28.06:581][221]LogPhysics: Warning: PopulatePhysXGeometryAndTransform(Convex): ConvexElem has invalid transform
[2025.12.10-19.28.06:581][221]LogPhysics: Warning: ForeachShape(Convex): ScaledElem[0] invalid
[2025.12.10-19.28.06:596][222]LogPhysics: Warning: Scale for /Engine/Transient.World_9:PersistentLevel.BP_Button_C_0.platform has a component set to zero, which will result in a bad body instance. Scale:X=1.000 Y=1.000 Z=0.000
[2025.12.10-19.28.06:596][222]LogPhysics: Warning: PopulatePhysXGeometryAndTransform(Convex): ConvexElem has invalid transform
[2025.12.10-19.28.06:596][222]LogPhysics: Warning: ForeachShape(Convex): ScaledElem[0] invalid
[2025.12.10-19.28.06:596][222]LogPhysics: Warning: Scale for /Engine/Transient.World_9:PersistentLevel.BP_Button_C_0.platform has a component set to zero, which will result in a bad body instance. Scale:X=1.000 Y=1.000 Z=0.000
[2025.12.10-19.28.06:597][222]LogPhysics: Warning: PopulatePhysXGeometryAndTransform(Convex): ConvexElem has invalid transform
[2025.12.10-19.28.06:597][222]LogPhysics: Warning: ForeachShape(Convex): ScaledElem[0] invalid
[2025.12.10-19.28.06:597][222]LogPhysics: Warning: Scale for /Engine/Transient.World_9:PersistentLevel.BP_Button_C_0.platform has a component set to zero, which will result in a bad body instance. Scale:X=1.000 Y=1.000 Z=0.000
[2025.12.10-19.28.06:597][222]LogPhysics: Warning: PopulatePhysXGeometryAndTransform(Convex): ConvexElem has invalid transform
[2025.12.10-19.28.06:597][222]LogPhysics: Warning: ForeachShape(Convex): ScaledElem[0] invalid
[2025.12.10-19.28.06:612][223]LogPhysics: Warning: Scale for /Engine/Transient.World_9:PersistentLevel.BP_Button_C_0.platform has a component set to zero, which will result in a bad body instance. Scale:X=1.000 Y=1.000 Z=0.000
[2025.12.10-19.28.06:612][223]LogPhysics: Warning: PopulatePhysXGeometryAndTransform(Convex): ConvexElem has invalid transform
[2025.12.10-19.28.06:613][223]LogPhysics: Warning: ForeachShape(Convex): ScaledElem[0] invalid
[2025.12.10-19.28.06:613][223]LogPhysics: Warning: Scale for /Engine/Transient.World_9:PersistentLevel.BP_Button_C_0.platform has a component set to zero, which will result in a bad body instance. Scale:X=1.000 Y=1.000 Z=0.000
[2025.12.10-19.28.06:613][223]LogPhysics: Warning: PopulatePhysXGeometryAndTransform(Convex): ConvexElem has invalid transform
[2025.12.10-19.28.06:613][223]LogPhysics: Warning: ForeachShape(Convex): ScaledElem[0] invalid
[2025.12.10-19.28.06:613][223]LogPhysics: Warning: Scale for /Engine/Transient.World_9:PersistentLevel.BP_Button_C_0.platform has a component set to zero, which will result in a bad body instance. Scale:X=1.000 Y=1.000 Z=0.000
[2025.12.10-19.28.06:613][223]LogPhysics: Warning: PopulatePhysXGeometryAndTransform(Convex): ConvexElem has invalid transform
[2025.12.10-19.28.06:613][223]LogPhysics: Warning: ForeachShape(Convex): ScaledElem[0] invalid
[2025.12.10-19.28.06:629][224]LogPhysics: Warning: Scale for /Engine/Transient.World_9:PersistentLevel.BP_Button_C_0.platform has a component set to zero, which will result in a bad body instance. Scale:X=1.000 Y=1.000 Z=0.000
[2025.12.10-19.28.06:629][224]LogPhysics: Warning: PopulatePhysXGeometryAndTransform(Convex): ConvexElem has invalid transform
[2025.12.10-19.28.06:629][224]LogPhysics: Warning: ForeachShape(Convex): ScaledElem[0] invalid
[2025.12.10-19.28.06:629][224]LogPhysics: Warning: Scale for /Engine/Transient.World_9:PersistentLevel.BP_Button_C_0.platform has a component set to zero, which will result in a bad body instance. Scale:X=1.000 Y=1.000 Z=0.000
[2025.12.10-19.28.06:629][224]LogPhysics: Warning: PopulatePhysXGeometryAndTransform(Convex): ConvexElem has invalid transform
[2025.12.10-19.28.06:629][224]LogPhysics: Warning: ForeachShape(Convex): ScaledElem[0] invalid
[2025.12.10-19.28.06:629][224]LogPhysics: Warning: Scale for /Engine/Transient.World_9:PersistentLevel.BP_Button_C_0.platform has a component set to zero, which will result in a bad body instance. Scale:X=1.000 Y=1.000 Z=0.000
[2025.12.10-19.28.06:629][224]LogPhysics: Warning: PopulatePhysXGeometryAndTransform(Convex): ConvexElem has invalid transform
[2025.12.10-19.28.06:630][224]LogPhysics: Warning: ForeachShape(Convex): ScaledElem[0] invalid
[2025.12.10-19.28.06:646][225]LogPhysics: Warning: Scale for /Engine/Transient.World_9:PersistentLevel.BP_Button_C_0.platform has a component set to zero, which will result in a bad body instance. Scale:X=1.000 Y=1.000 Z=0.000
[2025.12.10-19.28.06:646][225]LogPhysics: Warning: PopulatePhysXGeometryAndTransform(Convex): ConvexElem has invalid transform
[2025.12.10-19.28.06:646][225]LogPhysics: Warning: ForeachShape(Convex): ScaledElem[0] invalid
[2025.12.10-19.28.06:646][225]LogPhysics: Warning: Scale for /Engine/Transient.World_9:PersistentLevel.BP_Button_C_0.platform has a component set to zero, which will result in a bad body instance. Scale:X=1.000 Y=1.000 Z=0.000
[2025.12.10-19.28.06:646][225]LogPhysics: Warning: PopulatePhysXGeometryAndTransform(Convex): ConvexElem has invalid transform
[2025.12.10-19.28.06:646][225]LogPhysics: Warning: ForeachShape(Convex): ScaledElem[0] invalid
[2025.12.10-19.28.07:381][269]LogPhysics: Warning: Scale for /Engine/Transient.World_9:PersistentLevel.BP_Button_C_0.platform has a component set to zero, which will result in a bad body instance. Scale:X=1.000 Y=1.000 Z=0.000
[2025.12.10-19.28.07:381][269]LogPhysics: Warning: PopulatePhysXGeometryAndTransform(Convex): ConvexElem has invalid transform
[2025.12.10-19.28.07:381][269]LogPhysics: Warning: ForeachShape(Convex): ScaledElem[0] invalid
[2025.12.10-19.28.07:381][269]LogPhysics: Warning: Scale for /Engine/Transient.World_9:PersistentLevel.BP_Button_C_0.platform has a component set to zero, which will result in a bad body instance. Scale:X=1.000 Y=1.000 Z=0.000
[2025.12.10-19.28.07:381][269]LogPhysics: Warning: PopulatePhysXGeometryAndTransform(Convex): ConvexElem has invalid transform
[2025.12.10-19.28.07:381][269]LogPhysics: Warning: ForeachShape(Convex): ScaledElem[0] invalid
[2025.12.10-19.28.07:398][270]LogPhysics: Warning: Scale for /Engine/Transient.World_9:PersistentLevel.BP_Button_C_0.platform has a component set to zero, which will result in a bad body instance. Scale:X=1.000 Y=1.000 Z=0.000
[2025.12.10-19.28.07:398][270]LogPhysics: Warning: PopulatePhysXGeometryAndTransform(Convex): ConvexElem has invalid transform
[2025.12.10-19.28.07:398][270]LogPhysics: Warning: ForeachShape(Convex): ScaledElem[0] invalid
[2025.12.10-19.28.07:398][270]LogPhysics: Warning: Scale for /Engine/Transient.World_9:PersistentLevel.BP_Button_C_0.platform has a component set to zero, which will result in a bad body instance. Scale:X=1.000 Y=1.000 Z=0.000
[2025.12.10-19.28.07:398][270]LogPhysics: Warning: PopulatePhysXGeometryAndTransform(Convex): ConvexElem has invalid transform
[2025.12.10-19.28.07:398][270]LogPhysics: Warning: ForeachShape(Convex): ScaledElem[0] invalid
[2025.12.10-19.28.07:398][270]LogPhysics: Warning: Scale for /Engine/Transient.World_9:PersistentLevel.BP_Button_C_0.platform has a component set to zero, which will result in a bad body instance. Scale:X=1.000 Y=1.000 Z=0.000
[2025.12.10-19.28.07:398][270]LogPhysics: Warning: PopulatePhysXGeometryAndTransform(Convex): ConvexElem has invalid transform
[2025.12.10-19.28.07:398][270]LogPhysics: Warning: ForeachShape(Convex): ScaledElem[0] invalid
[2025.12.10-19.28.07:414][271]LogPhysics: Warning: Scale for /Engine/Transient.World_9:PersistentLevel.BP_Button_C_0.platform has a component set to zero, which will result in a bad body instance. Scale:X=1.000 Y=1.000 Z=0.000
[2025.12.10-19.28.07:415][271]LogPhysics: Warning: PopulatePhysXGeometryAndTransform(Convex): ConvexElem has invalid transform
[2025.12.10-19.28.07:415][271]LogPhysics: Warning: ForeachShape(Convex): ScaledElem[0] invalid
[2025.12.10-19.28.07:415][271]LogPhysics: Warning: Scale for /Engine/Transient.World_9:PersistentLevel.BP_Button_C_0.platform has a component set to zero, which will result in a bad body instance. Scale:X=1.000 Y=1.000 Z=0.000
[2025.12.10-19.28.07:415][271]LogPhysics: Warning: PopulatePhysXGeometryAndTransform(Convex): ConvexElem has invalid transform
[2025.12.10-19.28.07:415][271]LogPhysics: Warning: ForeachShape(Convex): ScaledElem[0] invalid
[2025.12.10-19.28.07:415][271]LogPhysics: Warning: Scale for /Engine/Transient.World_9:PersistentLevel.BP_Button_C_0.platform has a component set to zero, which will result in a bad body instance. Scale:X=1.000 Y=1.000 Z=0.000
[2025.12.10-19.28.07:415][271]LogPhysics: Warning: PopulatePhysXGeometryAndTransform(Convex): ConvexElem has invalid transform
[2025.12.10-19.28.07:415][271]LogPhysics: Warning: ForeachShape(Convex): ScaledElem[0] invalid
[2025.12.10-19.28.07:431][272]LogPhysics: Warning: Scale for /Engine/Transient.World_9:PersistentLevel.BP_Button_C_0.platform has a component set to zero, which will result in a bad body instance. Scale:X=1.000 Y=1.000 Z=0.000
[2025.12.10-19.28.07:431][272]LogPhysics: Warning: PopulatePhysXGeometryAndTransform(Convex): ConvexElem has invalid transform
[2025.12.10-19.28.07:431][272]LogPhysics: Warning: ForeachShape(Convex): ScaledElem[0] invalid
[2025.12.10-19.28.07:431][272]LogPhysics: Warning: Scale for /Engine/Transient.World_9:PersistentLevel.BP_Button_C_0.platform has a component set to zero, which will result in a bad body instance. Scale:X=1.000 Y=1.000 Z=0.000
[2025.12.10-19.28.07:431][272]LogPhysics: Warning: PopulatePhysXGeometryAndTransform(Convex): ConvexElem has invalid transform
[2025.12.10-19.28.07:431][272]LogPhysics: Warning: ForeachShape(Convex): ScaledElem[0] invalid
[2025.12.10-19.28.07:431][272]LogPhysics: Warning: Scale for /Engine/Transient.World_9:PersistentLevel.BP_Button_C_0.platform has a component set to zero, which will result in a bad body instance. Scale:X=1.000 Y=1.000 Z=0.000
[2025.12.10-19.28.07:431][272]LogPhysics: Warning: PopulatePhysXGeometryAndTransform(Convex): ConvexElem has invalid transform
[2025.12.10-19.28.07:431][272]LogPhysics: Warning: ForeachShape(Convex): ScaledElem[0] invalid
[2025.12.10-19.28.07:447][273]LogPhysics: Warning: Scale for /Engine/Transient.World_9:PersistentLevel.BP_Button_C_0.platform has a component set to zero, which will result in a bad body instance. Scale:X=1.000 Y=1.000 Z=0.000
[2025.12.10-19.28.07:447][273]LogPhysics: Warning: PopulatePhysXGeometryAndTransform(Convex): ConvexElem has invalid transform
[2025.12.10-19.28.07:447][273]LogPhysics: Warning: ForeachShape(Convex): ScaledElem[0] invalid
[2025.12.10-19.28.07:447][273]LogPhysics: Warning: Scale for /Engine/Transient.World_9:PersistentLevel.BP_Button_C_0.platform has a component set to zero, which will result in a bad body instance. Scale:X=1.000 Y=1.000 Z=0.000
[2025.12.10-19.28.07:447][273]LogPhysics: Warning: PopulatePhysXGeometryAndTransform(Convex): ConvexElem has invalid transform
[2025.12.10-19.28.07:447][273]LogPhysics: Warning: ForeachShape(Convex): ScaledElem[0] invalid
[2025.12.10-19.28.07:448][273]LogPhysics: Warning: Scale for /Engine/Transient.World_9:PersistentLevel.BP_Button_C_0.platform has a component set to zero, which will result in a bad body instance. Scale:X=1.000 Y=1.000 Z=0.000
[2025.12.10-19.28.07:448][273]LogPhysics: Warning: PopulatePhysXGeometryAndTransform(Convex): ConvexElem has invalid transform
[2025.12.10-19.28.07:448][273]LogPhysics: Warning: ForeachShape(Convex): ScaledElem[0] invalid
[2025.12.10-19.28.07:463][274]LogPhysics: Warning: Scale for /Engine/Transient.World_9:PersistentLevel.BP_Button_C_0.platform has a component set to zero, which will result in a bad body instance. Scale:X=1.000 Y=1.000 Z=0.000
[2025.12.10-19.28.07:463][274]LogPhysics: Warning: PopulatePhysXGeometryAndTransform(Convex): ConvexElem has invalid transform
[2025.12.10-19.28.07:463][274]LogPhysics: Warning: ForeachShape(Convex): ScaledElem[0] invalid
[2025.12.10-19.28.07:464][274]LogPhysics: Warning: Scale for /Engine/Transient.World_9:PersistentLevel.BP_Button_C_0.platform has a component set to zero, which will result in a bad body instance. Scale:X=1.000 Y=1.000 Z=0.000
[2025.12.10-19.28.07:464][274]LogPhysics: Warning: PopulatePhysXGeometryAndTransform(Convex): ConvexElem has invalid transform
[2025.12.10-19.28.07:464][274]LogPhysics: Warning: ForeachShape(Convex): ScaledElem[0] invalid
[2025.12.10-19.28.07:464][274]LogPhysics: Warning: Scale for /Engine/Transient.World_9:PersistentLevel.BP_Button_C_0.platform has a component set to zero, which will result in a bad body instance. Scale:X=1.000 Y=1.000 Z=0.000
[2025.12.10-19.28.07:464][274]LogPhysics: Warning: PopulatePhysXGeometryAndTransform(Convex): ConvexElem has invalid transform
[2025.12.10-19.28.07:464][274]LogPhysics: Warning: ForeachShape(Convex): ScaledElem[0] invalid
[2025.12.10-19.28.07:480][275]LogPhysics: Warning: Scale for /Engine/Transient.World_9:PersistentLevel.BP_Button_C_0.platform has a component set to zero, which will result in a bad body instance. Scale:X=1.000 Y=1.000 Z=0.000
[2025.12.10-19.28.07:480][275]LogPhysics: Warning: PopulatePhysXGeometryAndTransform(Convex): ConvexElem has invalid transform
[2025.12.10-19.28.07:480][275]LogPhysics: Warning: ForeachShape(Convex): ScaledElem[0] invalid
[2025.12.10-19.28.07:480][275]LogPhysics: Warning: Scale for /Engine/Transient.World_9:PersistentLevel.BP_Button_C_0.platform has a component set to zero, which will result in a bad body instance. Scale:X=1.000 Y=1.000 Z=0.000
[2025.12.10-19.28.07:480][275]LogPhysics: Warning: PopulatePhysXGeometryAndTransform(Convex): ConvexElem has invalid transform
[2025.12.10-19.28.07:481][275]LogPhysics: Warning: ForeachShape(Convex): ScaledElem[0] invalid
[2025.12.10-19.28.07:481][275]LogPhysics: Warning: Scale for /Engine/Transient.World_9:PersistentLevel.BP_Button_C_0.platform has a component set to zero, which will result in a bad body instance. Scale:X=1.000 Y=1.000 Z=0.000
[2025.12.10-19.28.07:481][275]LogPhysics: Warning: PopulatePhysXGeometryAndTransform(Convex): ConvexElem has invalid transform
[2025.12.10-19.28.07:481][275]LogPhysics: Warning: ForeachShape(Convex): ScaledElem[0] invalid
[2025.12.10-19.28.07:498][276]LogPhysics: Warning: Scale for /Engine/Transient.World_9:PersistentLevel.BP_Button_C_0.platform has a component set to zero, which will result in a bad body instance. Scale:X=1.000 Y=1.000 Z=0.000
[2025.12.10-19.28.07:498][276]LogPhysics: Warning: PopulatePhysXGeometryAndTransform(Convex): ConvexElem has invalid transform
[2025.12.10-19.28.07:498][276]LogPhysics: Warning: ForeachShape(Convex): ScaledElem[0] invalid
[2025.12.10-19.28.07:498][276]LogPhysics: Warning: Scale for /Engine/Transient.World_9:PersistentLevel.BP_Button_C_0.platform has a component set to zero, which will result in a bad body instance. Scale:X=1.000 Y=1.000 Z=0.000
[2025.12.10-19.28.07:498][276]LogPhysics: Warning: PopulatePhysXGeometryAndTransform(Convex): ConvexElem has invalid transform
[2025.12.10-19.28.07:498][276]LogPhysics: Warning: ForeachShape(Convex): ScaledElem[0] invalid
[2025.12.10-19.28.07:498][276]LogPhysics: Warning: Scale for /Engine/Transient.World_9:PersistentLevel.BP_Button_C_0.platform has a component set to zero, which will result in a bad body instance. Scale:X=1.000 Y=1.000 Z=0.000
[2025.12.10-19.28.07:498][276]LogPhysics: Warning: PopulatePhysXGeometryAndTransform(Convex): ConvexElem has invalid transform
[2025.12.10-19.28.07:498][276]LogPhysics: Warning: ForeachShape(Convex): ScaledElem[0] invalid
[2025.12.10-19.28.07:514][277]LogPhysics: Warning: Scale for /Engine/Transient.World_9:PersistentLevel.BP_Button_C_0.platform has a component set to zero, which will result in a bad body instance. Scale:X=1.000 Y=1.000 Z=0.000
[2025.12.10-19.28.07:514][277]LogPhysics: Warning: PopulatePhysXGeometryAndTransform(Convex): ConvexElem has invalid transform
[2025.12.10-19.28.07:514][277]LogPhysics: Warning: ForeachShape(Convex): ScaledElem[0] invalid
[2025.12.10-19.28.07:514][277]LogPhysics: Warning: Scale for /Engine/Transient.World_9:PersistentLevel.BP_Button_C_0.platform has a component set to zero, which will result in a bad body instance. Scale:X=1.000 Y=1.000 Z=0.000
[2025.12.10-19.28.07:514][277]LogPhysics: Warning: PopulatePhysXGeometryAndTransform(Convex): ConvexElem has invalid transform
[2025.12.10-19.28.07:514][277]LogPhysics: Warning: ForeachShape(Convex): ScaledElem[0] invalid
[2025.12.10-19.28.07:514][277]LogPhysics: Warning: Scale for /Engine/Transient.World_9:PersistentLevel.BP_Button_C_0.platform has a component set to zero, which will result in a bad body instance. Scale:X=1.000 Y=1.000 Z=0.000
[2025.12.10-19.28.07:514][277]LogPhysics: Warning: PopulatePhysXGeometryAndTransform(Convex): ConvexElem has invalid transform
[2025.12.10-19.28.07:514][277]LogPhysics: Warning: ForeachShape(Convex): ScaledElem[0] invalid
[2025.12.10-19.28.07:530][278]LogPhysics: Warning: Scale for /Engine/Transient.World_9:PersistentLevel.BP_Button_C_0.platform has a component set to zero, which will result in a bad body instance. Scale:X=1.000 Y=1.000 Z=0.000
[2025.12.10-19.28.07:530][278]LogPhysics: Warning: PopulatePhysXGeometryAndTransform(Convex): ConvexElem has invalid transform
[2025.12.10-19.28.07:530][278]LogPhysics: Warning: ForeachShape(Convex): ScaledElem[0] invalid
[2025.12.10-19.28.07:530][278]LogPhysics: Warning: Scale for /Engine/Transient.World_9:PersistentLevel.BP_Button_C_0.platform has a component set to zero, which will result in a bad body instance. Scale:X=1.000 Y=1.000 Z=0.000
[2025.12.10-19.28.07:531][278]LogPhysics: Warning: PopulatePhysXGeometryAndTransform(Convex): ConvexElem has invalid transform
[2025.12.10-19.28.07:531][278]LogPhysics: Warning: ForeachShape(Convex): ScaledElem[0] invalid
[2025.12.10-19.28.07:531][278]LogPhysics: Warning: Scale for /Engine/Transient.World_9:PersistentLevel.BP_Button_C_0.platform has a component set to zero, which will result in a bad body instance. Scale:X=1.000 Y=1.000 Z=0.000
[2025.12.10-19.28.07:531][278]LogPhysics: Warning: PopulatePhysXGeometryAndTransform(Convex): ConvexElem has invalid transform
[2025.12.10-19.28.07:531][278]LogPhysics: Warning: ForeachShape(Convex): ScaledElem[0] invalid
[2025.12.10-19.28.07:546][279]LogPhysics: Warning: Scale for /Engine/Transient.World_9:PersistentLevel.BP_Button_C_0.platform has a component set to zero, which will result in a bad body instance. Scale:X=1.000 Y=1.000 Z=0.000
[2025.12.10-19.28.07:546][279]LogPhysics: Warning: PopulatePhysXGeometryAndTransform(Convex): ConvexElem has invalid transform
[2025.12.10-19.28.07:546][279]LogPhysics: Warning: ForeachShape(Convex): ScaledElem[0] invalid
[2025.12.10-19.28.07:547][279]LogPhysics: Warning: Scale for /Engine/Transient.World_9:PersistentLevel.BP_Button_C_0.platform has a component set to zero, which will result in a bad body instance. Scale:X=1.000 Y=1.000 Z=0.000
[2025.12.10-19.28.07:547][279]LogPhysics: Warning: PopulatePhysXGeometryAndTransform(Convex): ConvexElem has invalid transform
[2025.12.10-19.28.07:547][279]LogPhysics: Warning: ForeachShape(Convex): ScaledElem[0] invalid
[2025.12.10-19.28.07:547][279]LogPhysics: Warning: Scale for /Engine/Transient.World_9:PersistentLevel.BP_Button_C_0.platform has a component set to zero, which will result in a bad body instance. Scale:X=1.000 Y=1.000 Z=0.000
[2025.12.10-19.28.07:547][279]LogPhysics: Warning: PopulatePhysXGeometryAndTransform(Convex): ConvexElem has invalid transform
[2025.12.10-19.28.07:547][279]LogPhysics: Warning: ForeachShape(Convex): ScaledElem[0] invalid
[2025.12.10-19.28.07:563][280]LogPhysics: Warning: Scale for /Engine/Transient.World_9:PersistentLevel.BP_Button_C_0.platform has a component set to zero, which will result in a bad body instance. Scale:X=1.000 Y=1.000 Z=0.000
[2025.12.10-19.28.07:563][280]LogPhysics: Warning: PopulatePhysXGeometryAndTransform(Convex): ConvexElem has invalid transform
[2025.12.10-19.28.07:563][280]LogPhysics: Warning: ForeachShape(Convex): ScaledElem[0] invalid
[2025.12.10-19.28.07:563][280]LogPhysics: Warning: Scale for /Engine/Transient.World_9:PersistentLevel.BP_Button_C_0.platform has a component set to zero, which will result in a bad body instance. Scale:X=1.000 Y=1.000 Z=0.000
[2025.12.10-19.28.07:563][280]LogPhysics: Warning: PopulatePhysXGeometryAndTransform(Convex): ConvexElem has invalid transform
[2025.12.10-19.28.07:563][280]LogPhysics: Warning: ForeachShape(Convex): ScaledElem[0] invalid
[2025.12.10-19.28.07:563][280]LogPhysics: Warning: Scale for /Engine/Transient.World_9:PersistentLevel.BP_Button_C_0.platform has a component set to zero, which will result in a bad body instance. Scale:X=1.000 Y=1.000 Z=0.000
[2025.12.10-19.28.07:563][280]LogPhysics: Warning: PopulatePhysXGeometryAndTransform(Convex): ConvexElem has invalid transform
[2025.12.10-19.28.07:563][280]LogPhysics: Warning: ForeachShape(Convex): ScaledElem[0] invalid
[2025.12.10-19.28.07:579][281]LogPhysics: Warning: Scale for /Engine/Transient.World_9:PersistentLevel.BP_Button_C_0.platform has a component set to zero, which will result in a bad body instance. Scale:X=1.000 Y=1.000 Z=0.000
[2025.12.10-19.28.07:579][281]LogPhysics: Warning: PopulatePhysXGeometryAndTransform(Convex): ConvexElem has invalid transform
[2025.12.10-19.28.07:579][281]LogPhysics: Warning: ForeachShape(Convex): ScaledElem[0] invalid
[2025.12.10-19.28.07:580][281]LogPhysics: Warning: Scale for /Engine/Transient.World_9:PersistentLevel.BP_Button_C_0.platform has a component set to zero, which will result in a bad body instance. Scale:X=1.000 Y=1.000 Z=0.000
[2025.12.10-19.28.07:580][281]LogPhysics: Warning: PopulatePhysXGeometryAndTransform(Convex): ConvexElem has invalid transform
[2025.12.10-19.28.07:580][281]LogPhysics: Warning: ForeachShape(Convex): ScaledElem[0] invalid
[2025.12.10-19.28.07:580][281]LogPhysics: Warning: Scale for /Engine/Transient.World_9:PersistentLevel.BP_Button_C_0.platform has a component set to zero, which will result in a bad body instance. Scale:X=1.000 Y=1.000 Z=0.000
[2025.12.10-19.28.07:580][281]LogPhysics: Warning: PopulatePhysXGeometryAndTransform(Convex): ConvexElem has invalid transform
[2025.12.10-19.28.07:580][281]LogPhysics: Warning: ForeachShape(Convex): ScaledElem[0] invalid
[2025.12.10-19.28.07:596][282]LogPhysics: Warning: Scale for /Engine/Transient.World_9:PersistentLevel.BP_Button_C_0.platform has a component set to zero, which will result in a bad body instance. Scale:X=1.000 Y=1.000 Z=0.000
[2025.12.10-19.28.07:596][282]LogPhysics: Warning: PopulatePhysXGeometryAndTransform(Convex): ConvexElem has invalid transform
[2025.12.10-19.28.07:596][282]LogPhysics: Warning: ForeachShape(Convex): ScaledElem[0] invalid
[2025.12.10-19.28.07:597][282]LogPhysics: Warning: Scale for /Engine/Transient.World_9:PersistentLevel.BP_Button_C_0.platform has a component set to zero, which will result in a bad body instance. Scale:X=1.000 Y=1.000 Z=0.000
[2025.12.10-19.28.07:597][282]LogPhysics: Warning: PopulatePhysXGeometryAndTransform(Convex): ConvexElem has invalid transform
[2025.12.10-19.28.07:597][282]LogPhysics: Warning: ForeachShape(Convex): ScaledElem[0] invalid
[2025.12.10-19.28.07:597][282]LogPhysics: Warning: Scale for /Engine/Transient.World_9:PersistentLevel.BP_Button_C_0.platform has a component set to zero, which will result in a bad body instance. Scale:X=1.000 Y=1.000 Z=0.000
[2025.12.10-19.28.07:597][282]LogPhysics: Warning: PopulatePhysXGeometryAndTransform(Convex): ConvexElem has invalid transform
[2025.12.10-19.28.07:597][282]LogPhysics: Warning: ForeachShape(Convex): ScaledElem[0] invalid
[2025.12.10-19.28.07:613][283]LogPhysics: Warning: Scale for /Engine/Transient.World_9:PersistentLevel.BP_Button_C_0.platform has a component set to zero, which will result in a bad body instance. Scale:X=1.000 Y=1.000 Z=0.000
[2025.12.10-19.28.07:613][283]LogPhysics: Warning: PopulatePhysXGeometryAndTransform(Convex): ConvexElem has invalid transform
[2025.12.10-19.28.07:613][283]LogPhysics: Warning: ForeachShape(Convex): ScaledElem[0] invalid
[2025.12.10-19.28.07:613][283]LogPhysics: Warning: Scale for /Engine/Transient.World_9:PersistentLevel.BP_Button_C_0.platform has a component set to zero, which will result in a bad body instance. Scale:X=1.000 Y=1.000 Z=0.000
[2025.12.10-19.28.07:613][283]LogPhysics: Warning: PopulatePhysXGeometryAndTransform(Convex): ConvexElem has invalid transform
[2025.12.10-19.28.07:613][283]LogPhysics: Warning: ForeachShape(Convex): ScaledElem[0] invalid
[2025.12.10-19.28.07:613][283]LogPhysics: Warning: Scale for /Engine/Transient.World_9:PersistentLevel.BP_Button_C_0.platform has a component set to zero, which will result in a bad body instance. Scale:X=1.000 Y=1.000 Z=0.000
[2025.12.10-19.28.07:613][283]LogPhysics: Warning: PopulatePhysXGeometryAndTransform(Convex): ConvexElem has invalid transform
[2025.12.10-19.28.07:613][283]LogPhysics: Warning: ForeachShape(Convex): ScaledElem[0] invalid
[2025.12.10-19.28.07:630][284]LogPhysics: Warning: Scale for /Engine/Transient.World_9:PersistentLevel.BP_Button_C_0.platform has a component set to zero, which will result in a bad body instance. Scale:X=1.000 Y=1.000 Z=0.000
[2025.12.10-19.28.07:630][284]LogPhysics: Warning: PopulatePhysXGeometryAndTransform(Convex): ConvexElem has invalid transform
[2025.12.10-19.28.07:630][284]LogPhysics: Warning: ForeachShape(Convex): ScaledElem[0] invalid
[2025.12.10-19.28.07:630][284]LogPhysics: Warning: Scale for /Engine/Transient.World_9:PersistentLevel.BP_Button_C_0.platform has a component set to zero, which will result in a bad body instance. Scale:X=1.000 Y=1.000 Z=0.000
[2025.12.10-19.28.07:630][284]LogPhysics: Warning: PopulatePhysXGeometryAndTransform(Convex): ConvexElem has invalid transform
[2025.12.10-19.28.07:630][284]LogPhysics: Warning: ForeachShape(Convex): ScaledElem[0] invalid
[2025.12.10-19.28.07:630][284]LogPhysics: Warning: Scale for /Engine/Transient.World_9:PersistentLevel.BP_Button_C_0.platform has a component set to zero, which will result in a bad body instance. Scale:X=1.000 Y=1.000 Z=0.000
[2025.12.10-19.28.07:630][284]LogPhysics: Warning: PopulatePhysXGeometryAndTransform(Convex): ConvexElem has invalid transform
[2025.12.10-19.28.07:630][284]LogPhysics: Warning: ForeachShape(Convex): ScaledElem[0] invalid
[2025.12.10-19.28.07:646][285]LogPhysics: Warning: Scale for /Engine/Transient.World_9:PersistentLevel.BP_Button_C_0.platform has a component set to zero, which will result in a bad body instance. Scale:X=1.000 Y=1.000 Z=0.000
[2025.12.10-19.28.07:646][285]LogPhysics: Warning: PopulatePhysXGeometryAndTransform(Convex): ConvexElem has invalid transform
[2025.12.10-19.28.07:646][285]LogPhysics: Warning: ForeachShape(Convex): ScaledElem[0] invalid
[2025.12.10-19.28.07:647][285]LogPhysics: Warning: Scale for /Engine/Transient.World_9:PersistentLevel.BP_Button_C_0.platform has a component set to zero, which will result in a bad body instance. Scale:X=1.000 Y=1.000 Z=0.000
[2025.12.10-19.28.07:647][285]LogPhysics: Warning: PopulatePhysXGeometryAndTransform(Convex): ConvexElem has invalid transform
[2025.12.10-19.28.07:647][285]LogPhysics: Warning: ForeachShape(Convex): ScaledElem[0] invalid
[2025.12.10-19.28.07:647][285]LogPhysics: Warning: Scale for /Engine/Transient.World_9:PersistentLevel.BP_Button_C_0.platform has a component set to zero, which will result in a bad body instance. Scale:X=1.000 Y=1.000 Z=0.000
[2025.12.10-19.28.07:647][285]LogPhysics: Warning: PopulatePhysXGeometryAndTransform(Convex): ConvexElem has invalid transform
[2025.12.10-19.28.07:647][285]LogPhysics: Warning: ForeachShape(Convex): ScaledElem[0] invalid
[2025.12.10-19.28.07:663][286]LogPhysics: Warning: Scale for /Engine/Transient.World_9:PersistentLevel.BP_Button_C_0.platform has a component set to zero, which will result in a bad body instance. Scale:X=1.000 Y=1.000 Z=0.000
[2025.12.10-19.28.07:663][286]LogPhysics: Warning: PopulatePhysXGeometryAndTransform(Convex): ConvexElem has invalid transform
[2025.12.10-19.28.07:663][286]LogPhysics: Warning: ForeachShape(Convex): ScaledElem[0] invalid
[2025.12.10-19.28.07:663][286]LogPhysics: Warning: Scale for /Engine/Transient.World_9:PersistentLevel.BP_Button_C_0.platform has a component set to zero, which will result in a bad body instance. Scale:X=1.000 Y=1.000 Z=0.000
[2025.12.10-19.28.07:663][286]LogPhysics: Warning: PopulatePhysXGeometryAndTransform(Convex): ConvexElem has invalid transform
[2025.12.10-19.28.07:663][286]LogPhysics: Warning: ForeachShape(Convex): ScaledElem[0] invalid
[2025.12.10-19.28.07:663][286]LogPhysics: Warning: Scale for /Engine/Transient.World_9:PersistentLevel.BP_Button_C_0.platform has a component set to zero, which will result in a bad body instance. Scale:X=1.000 Y=1.000 Z=0.000
[2025.12.10-19.28.07:663][286]LogPhysics: Warning: PopulatePhysXGeometryAndTransform(Convex): ConvexElem has invalid transform
[2025.12.10-19.28.07:664][286]LogPhysics: Warning: ForeachShape(Convex): ScaledElem[0] invalid
[2025.12.10-19.28.07:680][287]LogPhysics: Warning: Scale for /Engine/Transient.World_9:PersistentLevel.BP_Button_C_0.platform has a component set to zero, which will result in a bad body instance. Scale:X=1.000 Y=1.000 Z=0.000
[2025.12.10-19.28.07:680][287]LogPhysics: Warning: PopulatePhysXGeometryAndTransform(Convex): ConvexElem has invalid transform
[2025.12.10-19.28.07:680][287]LogPhysics: Warning: ForeachShape(Convex): ScaledElem[0] invalid
[2025.12.10-19.28.07:680][287]LogPhysics: Warning: Scale for /Engine/Transient.World_9:PersistentLevel.BP_Button_C_0.platform has a component set to zero, which will result in a bad body instance. Scale:X=1.000 Y=1.000 Z=0.000
[2025.12.10-19.28.07:680][287]LogPhysics: Warning: PopulatePhysXGeometryAndTransform(Convex): ConvexElem has invalid transform
[2025.12.10-19.28.07:680][287]LogPhysics: Warning: ForeachShape(Convex): ScaledElem[0] invalid
[2025.12.10-19.28.07:680][287]LogPhysics: Warning: Scale for /Engine/Transient.World_9:PersistentLevel.BP_Button_C_0.platform has a component set to zero, which will result in a bad body instance. Scale:X=1.000 Y=1.000 Z=0.000
[2025.12.10-19.28.07:680][287]LogPhysics: Warning: PopulatePhysXGeometryAndTransform(Convex): ConvexElem has invalid transform
[2025.12.10-19.28.07:680][287]LogPhysics: Warning: ForeachShape(Convex): ScaledElem[0] invalid
[2025.12.10-19.28.07:696][288]LogPhysics: Warning: Scale for /Engine/Transient.World_9:PersistentLevel.BP_Button_C_0.platform has a component set to zero, which will result in a bad body instance. Scale:X=1.000 Y=1.000 Z=0.000
[2025.12.10-19.28.07:696][288]LogPhysics: Warning: PopulatePhysXGeometryAndTransform(Convex): ConvexElem has invalid transform
[2025.12.10-19.28.07:696][288]LogPhysics: Warning: ForeachShape(Convex): ScaledElem[0] invalid
[2025.12.10-19.28.07:697][288]LogPhysics: Warning: Scale for /Engine/Transient.World_9:PersistentLevel.BP_Button_C_0.platform has a component set to zero, which will result in a bad body instance. Scale:X=1.000 Y=1.000 Z=0.000
[2025.12.10-19.28.07:697][288]LogPhysics: Warning: PopulatePhysXGeometryAndTransform(Convex): ConvexElem has invalid transform
[2025.12.10-19.28.07:697][288]LogPhysics: Warning: ForeachShape(Convex): ScaledElem[0] invalid
[2025.12.10-19.28.07:697][288]LogPhysics: Warning: Scale for /Engine/Transient.World_9:PersistentLevel.BP_Button_C_0.platform has a component set to zero, which will result in a bad body instance. Scale:X=1.000 Y=1.000 Z=0.000
[2025.12.10-19.28.07:697][288]LogPhysics: Warning: PopulatePhysXGeometryAndTransform(Convex): ConvexElem has invalid transform
[2025.12.10-19.28.07:697][288]LogPhysics: Warning: ForeachShape(Convex): ScaledElem[0] invalid
[2025.12.10-19.28.07:713][289]LogPhysics: Warning: Scale for /Engine/Transient.World_9:PersistentLevel.BP_Button_C_0.platform has a component set to zero, which will result in a bad body instance. Scale:X=1.000 Y=1.000 Z=0.000
[2025.12.10-19.28.07:713][289]LogPhysics: Warning: PopulatePhysXGeometryAndTransform(Convex): ConvexElem has invalid transform
[2025.12.10-19.28.07:713][289]LogPhysics: Warning: ForeachShape(Convex): ScaledElem[0] invalid
[2025.12.10-19.28.07:713][289]LogPhysics: Warning: Scale for /Engine/Transient.World_9:PersistentLevel.BP_Button_C_0.platform has a component set to zero, which will result in a bad body instance. Scale:X=1.000 Y=1.000 Z=0.000
[2025.12.10-19.28.07:713][289]LogPhysics: Warning: PopulatePhysXGeometryAndTransform(Convex): ConvexElem has invalid transform
[2025.12.10-19.28.07:713][289]LogPhysics: Warning: ForeachShape(Convex): ScaledElem[0] invalid
[2025.12.10-19.28.07:713][289]LogPhysics: Warning: Scale for /Engine/Transient.World_9:PersistentLevel.BP_Button_C_0.platform has a component set to zero, which will result in a bad body instance. Scale:X=1.000 Y=1.000 Z=0.000
[2025.12.10-19.28.07:713][289]LogPhysics: Warning: PopulatePhysXGeometryAndTransform(Convex): ConvexElem has invalid transform
[2025.12.10-19.28.07:713][289]LogPhysics: Warning: ForeachShape(Convex): ScaledElem[0] invalid
[2025.12.10-19.28.07:730][290]LogPhysics: Warning: Scale for /Engine/Transient.World_9:PersistentLevel.BP_Button_C_0.platform has a component set to zero, which will result in a bad body instance. Scale:X=1.000 Y=1.000 Z=0.000
[2025.12.10-19.28.07:730][290]LogPhysics: Warning: PopulatePhysXGeometryAndTransform(Convex): ConvexElem has invalid transform
[2025.12.10-19.28.07:730][290]LogPhysics: Warning: ForeachShape(Convex): ScaledElem[0] invalid
[2025.12.10-19.28.07:730][290]LogPhysics: Warning: Scale for /Engine/Transient.World_9:PersistentLevel.BP_Button_C_0.platform has a component set to zero, which will result in a bad body instance. Scale:X=1.000 Y=1.000 Z=0.000
[2025.12.10-19.28.07:730][290]LogPhysics: Warning: PopulatePhysXGeometryAndTransform(Convex): ConvexElem has invalid transform
[2025.12.10-19.28.07:730][290]LogPhysics: Warning: ForeachShape(Convex): ScaledElem[0] invalid
[2025.12.10-19.28.07:730][290]LogPhysics: Warning: Scale for /Engine/Transient.World_9:PersistentLevel.BP_Button_C_0.platform has a component set to zero, which will result in a bad body instance. Scale:X=1.000 Y=1.000 Z=0.000
[2025.12.10-19.28.07:730][290]LogPhysics: Warning: PopulatePhysXGeometryAndTransform(Convex): ConvexElem has invalid transform
[2025.12.10-19.28.07:730][290]LogPhysics: Warning: ForeachShape(Convex): ScaledElem[0] invalid
[2025.12.10-19.28.07:747][291]LogPhysics: Warning: Scale for /Engine/Transient.World_9:PersistentLevel.BP_Button_C_0.platform has a component set to zero, which will result in a bad body instance. Scale:X=1.000 Y=1.000 Z=0.000
[2025.12.10-19.28.07:747][291]LogPhysics: Warning: PopulatePhysXGeometryAndTransform(Convex): ConvexElem has invalid transform
[2025.12.10-19.28.07:747][291]LogPhysics: Warning: ForeachShape(Convex): ScaledElem[0] invalid
[2025.12.10-19.28.07:747][291]LogPhysics: Warning: Scale for /Engine/Transient.World_9:PersistentLevel.BP_Button_C_0.platform has a component set to zero, which will result in a bad body instance. Scale:X=1.000 Y=1.000 Z=0.000
[2025.12.10-19.28.07:747][291]LogPhysics: Warning: PopulatePhysXGeometryAndTransform(Convex): ConvexElem has invalid transform
[2025.12.10-19.28.07:747][291]LogPhysics: Warning: ForeachShape(Convex): ScaledElem[0] invalid
[2025.12.10-19.28.07:747][291]LogPhysics: Warning: Scale for /Engine/Transient.World_9:PersistentLevel.BP_Button_C_0.platform has a component set to zero, which will result in a bad body instance. Scale:X=1.000 Y=1.000 Z=0.000
[2025.12.10-19.28.07:747][291]LogPhysics: Warning: PopulatePhysXGeometryAndTransform(Convex): ConvexElem has invalid transform
[2025.12.10-19.28.07:748][291]LogPhysics: Warning: ForeachShape(Convex): ScaledElem[0] invalid
[2025.12.10-19.28.07:764][292]LogPhysics: Warning: Scale for /Engine/Transient.World_9:PersistentLevel.BP_Button_C_0.platform has a component set to zero, which will result in a bad body instance. Scale:X=1.000 Y=1.000 Z=0.000
[2025.12.10-19.28.07:764][292]LogPhysics: Warning: PopulatePhysXGeometryAndTransform(Convex): ConvexElem has invalid transform
[2025.12.10-19.28.07:764][292]LogPhysics: Warning: ForeachShape(Convex): ScaledElem[0] invalid
[2025.12.10-19.28.07:764][292]LogPhysics: Warning: Scale for /Engine/Transient.World_9:PersistentLevel.BP_Button_C_0.platform has a component set to zero, which will result in a bad body instance. Scale:X=1.000 Y=1.000 Z=0.000
[2025.12.10-19.28.07:764][292]LogPhysics: Warning: PopulatePhysXGeometryAndTransform(Convex): ConvexElem has invalid transform
[2025.12.10-19.28.07:764][292]LogPhysics: Warning: ForeachShape(Convex): ScaledElem[0] invalid
[2025.12.10-19.28.07:764][292]LogPhysics: Warning: Scale for /Engine/Transient.World_9:PersistentLevel.BP_Button_C_0.platform has a component set to zero, which will result in a bad body instance. Scale:X=1.000 Y=1.000 Z=0.000
[2025.12.10-19.28.07:764][292]LogPhysics: Warning: PopulatePhysXGeometryAndTransform(Convex): ConvexElem has invalid transform
[2025.12.10-19.28.07:764][292]LogPhysics: Warning: ForeachShape(Convex): ScaledElem[0] invalid
[2025.12.10-19.28.07:780][293]LogPhysics: Warning: Scale for /Engine/Transient.World_9:PersistentLevel.BP_Button_C_0.platform has a component set to zero, which will result in a bad body instance. Scale:X=1.000 Y=1.000 Z=0.000
[2025.12.10-19.28.07:780][293]LogPhysics: Warning: PopulatePhysXGeometryAndTransform(Convex): ConvexElem has invalid transform
[2025.12.10-19.28.07:780][293]LogPhysics: Warning: ForeachShape(Convex): ScaledElem[0] invalid
[2025.12.10-19.28.07:780][293]LogPhysics: Warning: Scale for /Engine/Transient.World_9:PersistentLevel.BP_Button_C_0.platform has a component set to zero, which will result in a bad body instance. Scale:X=1.000 Y=1.000 Z=0.000
[2025.12.10-19.28.07:780][293]LogPhysics: Warning: PopulatePhysXGeometryAndTransform(Convex): ConvexElem has invalid transform
[2025.12.10-19.28.07:780][293]LogPhysics: Warning: ForeachShape(Convex): ScaledElem[0] invalid
[2025.12.10-19.28.07:780][293]LogPhysics: Warning: Scale for /Engine/Transient.World_9:PersistentLevel.BP_Button_C_0.platform has a component set to zero, which will result in a bad body instance. Scale:X=1.000 Y=1.000 Z=0.000
[2025.12.10-19.28.07:780][293]LogPhysics: Warning: PopulatePhysXGeometryAndTransform(Convex): ConvexElem has invalid transform
[2025.12.10-19.28.07:780][293]LogPhysics: Warning: ForeachShape(Convex): ScaledElem[0] invalid
[2025.12.10-19.28.07:797][294]LogPhysics: Warning: Scale for /Engine/Transient.World_9:PersistentLevel.BP_Button_C_0.platform has a component set to zero, which will result in a bad body instance. Scale:X=1.000 Y=1.000 Z=0.000
[2025.12.10-19.28.07:797][294]LogPhysics: Warning: PopulatePhysXGeometryAndTransform(Convex): ConvexElem has invalid transform
[2025.12.10-19.28.07:797][294]LogPhysics: Warning: ForeachShape(Convex): ScaledElem[0] invalid
[2025.12.10-19.28.07:797][294]LogPhysics: Warning: Scale for /Engine/Transient.World_9:PersistentLevel.BP_Button_C_0.platform has a component set to zero, which will result in a bad body instance. Scale:X=1.000 Y=1.000 Z=0.000
[2025.12.10-19.28.07:797][294]LogPhysics: Warning: PopulatePhysXGeometryAndTransform(Convex): ConvexElem has invalid transform
[2025.12.10-19.28.07:797][294]LogPhysics: Warning: ForeachShape(Convex): ScaledElem[0] invalid
[2025.12.10-19.28.07:797][294]LogPhysics: Warning: Scale for /Engine/Transient.World_9:PersistentLevel.BP_Button_C_0.platform has a component set to zero, which will result in a bad body instance. Scale:X=1.000 Y=1.000 Z=0.000
[2025.12.10-19.28.07:797][294]LogPhysics: Warning: PopulatePhysXGeometryAndTransform(Convex): ConvexElem has invalid transform
[2025.12.10-19.28.07:797][294]LogPhysics: Warning: ForeachShape(Convex): ScaledElem[0] invalid
[2025.12.10-19.28.07:813][295]LogPhysics: Warning: Scale for /Engine/Transient.World_9:PersistentLevel.BP_Button_C_0.platform has a component set to zero, which will result in a bad body instance. Scale:X=1.000 Y=1.000 Z=0.000
[2025.12.10-19.28.07:813][295]LogPhysics: Warning: PopulatePhysXGeometryAndTransform(Convex): ConvexElem has invalid transform
[2025.12.10-19.28.07:813][295]LogPhysics: Warning: ForeachShape(Convex): ScaledElem[0] invalid
[2025.12.10-19.28.07:813][295]LogPhysics: Warning: Scale for /Engine/Transient.World_9:PersistentLevel.BP_Button_C_0.platform has a component set to zero, which will result in a bad body instance. Scale:X=1.000 Y=1.000 Z=0.000
[2025.12.10-19.28.07:813][295]LogPhysics: Warning: PopulatePhysXGeometryAndTransform(Convex): ConvexElem has invalid transform
[2025.12.10-19.28.07:813][295]LogPhysics: Warning: ForeachShape(Convex): ScaledElem[0] invalid
[2025.12.10-19.28.07:814][295]LogPhysics: Warning: Scale for /Engine/Transient.World_9:PersistentLevel.BP_Button_C_0.platform has a component set to zero, which will result in a bad body instance. Scale:X=1.000 Y=1.000 Z=0.000
[2025.12.10-19.28.07:814][295]LogPhysics: Warning: PopulatePhysXGeometryAndTransform(Convex): ConvexElem has invalid transform
[2025.12.10-19.28.07:814][295]LogPhysics: Warning: ForeachShape(Convex): ScaledElem[0] invalid
[2025.12.10-19.28.07:830][296]LogPhysics: Warning: Scale for /Engine/Transient.World_9:PersistentLevel.BP_Button_C_0.platform has a component set to zero, which will result in a bad body instance. Scale:X=1.000 Y=1.000 Z=0.000
[2025.12.10-19.28.07:830][296]LogPhysics: Warning: PopulatePhysXGeometryAndTransform(Convex): ConvexElem has invalid transform
[2025.12.10-19.28.07:830][296]LogPhysics: Warning: ForeachShape(Convex): ScaledElem[0] invalid
[2025.12.10-19.28.07:830][296]LogPhysics: Warning: Scale for /Engine/Transient.World_9:PersistentLevel.BP_Button_C_0.platform has a component set to zero, which will result in a bad body instance. Scale:X=1.000 Y=1.000 Z=0.000
[2025.12.10-19.28.07:830][296]LogPhysics: Warning: PopulatePhysXGeometryAndTransform(Convex): ConvexElem has invalid transform
[2025.12.10-19.28.07:830][296]LogPhysics: Warning: ForeachShape(Convex): ScaledElem[0] invalid
[2025.12.10-19.28.07:830][296]LogPhysics: Warning: Scale for /Engine/Transient.World_9:PersistentLevel.BP_Button_C_0.platform has a component set to zero, which will result in a bad body instance. Scale:X=1.000 Y=1.000 Z=0.000
[2025.12.10-19.28.07:830][296]LogPhysics: Warning: PopulatePhysXGeometryAndTransform(Convex): ConvexElem has invalid transform
[2025.12.10-19.28.07:830][296]LogPhysics: Warning: ForeachShape(Convex): ScaledElem[0] invalid
[2025.12.10-19.28.07:847][297]LogPhysics: Warning: Scale for /Engine/Transient.World_9:PersistentLevel.BP_Button_C_0.platform has a component set to zero, which will result in a bad body instance. Scale:X=1.000 Y=1.000 Z=0.000
[2025.12.10-19.28.07:847][297]LogPhysics: Warning: PopulatePhysXGeometryAndTransform(Convex): ConvexElem has invalid transform
[2025.12.10-19.28.07:847][297]LogPhysics: Warning: ForeachShape(Convex): ScaledElem[0] invalid
[2025.12.10-19.28.07:847][297]LogPhysics: Warning: Scale for /Engine/Transient.World_9:PersistentLevel.BP_Button_C_0.platform has a component set to zero, which will result in a bad body instance. Scale:X=1.000 Y=1.000 Z=0.000
[2025.12.10-19.28.07:847][297]LogPhysics: Warning: PopulatePhysXGeometryAndTransform(Convex): ConvexElem has invalid transform
[2025.12.10-19.28.07:847][297]LogPhysics: Warning: ForeachShape(Convex): ScaledElem[0] invalid
[2025.12.10-19.28.07:848][297]LogPhysics: Warning: Scale for /Engine/Transient.World_9:PersistentLevel.BP_Button_C_0.platform has a component set to zero, which will result in a bad body instance. Scale:X=1.000 Y=1.000 Z=0.000
[2025.12.10-19.28.07:848][297]LogPhysics: Warning: PopulatePhysXGeometryAndTransform(Convex): ConvexElem has invalid transform
[2025.12.10-19.28.07:848][297]LogPhysics: Warning: ForeachShape(Convex): ScaledElem[0] invalid
[2025.12.10-19.28.07:864][298]LogPhysics: Warning: Scale for /Engine/Transient.World_9:PersistentLevel.BP_Button_C_0.platform has a component set to zero, which will result in a bad body instance. Scale:X=1.000 Y=1.000 Z=0.000
[2025.12.10-19.28.07:864][298]LogPhysics: Warning: PopulatePhysXGeometryAndTransform(Convex): ConvexElem has invalid transform
[2025.12.10-19.28.07:864][298]LogPhysics: Warning: ForeachShape(Convex): ScaledElem[0] invalid
[2025.12.10-19.28.07:864][298]LogPhysics: Warning: Scale for /Engine/Transient.World_9:PersistentLevel.BP_Button_C_0.platform has a component set to zero, which will result in a bad body instance. Scale:X=1.000 Y=1.000 Z=0.000
[2025.12.10-19.28.07:864][298]LogPhysics: Warning: PopulatePhysXGeometryAndTransform(Convex): ConvexElem has invalid transform
[2025.12.10-19.28.07:864][298]LogPhysics: Warning: ForeachShape(Convex): ScaledElem[0] invalid
[2025.12.10-19.28.07:864][298]LogPhysics: Warning: Scale for /Engine/Transient.World_9:PersistentLevel.BP_Button_C_0.platform has a component set to zero, which will result in a bad body instance. Scale:X=1.000 Y=1.000 Z=0.000
[2025.12.10-19.28.07:864][298]LogPhysics: Warning: PopulatePhysXGeometryAndTransform(Convex): ConvexElem has invalid transform
[2025.12.10-19.28.07:864][298]LogPhysics: Warning: ForeachShape(Convex): ScaledElem[0] invalid
[2025.12.10-19.28.07:880][299]LogPhysics: Warning: Scale for /Engine/Transient.World_9:PersistentLevel.BP_Button_C_0.platform has a component set to zero, which will result in a bad body instance. Scale:X=1.000 Y=1.000 Z=0.000
[2025.12.10-19.28.07:880][299]LogPhysics: Warning: PopulatePhysXGeometryAndTransform(Convex): ConvexElem has invalid transform
[2025.12.10-19.28.07:880][299]LogPhysics: Warning: ForeachShape(Convex): ScaledElem[0] invalid
[2025.12.10-19.28.07:880][299]LogPhysics: Warning: Scale for /Engine/Transient.World_9:PersistentLevel.BP_Button_C_0.platform has a component set to zero, which will result in a bad body instance. Scale:X=1.000 Y=1.000 Z=0.000
[2025.12.10-19.28.07:880][299]LogPhysics: Warning: PopulatePhysXGeometryAndTransform(Convex): ConvexElem has invalid transform
[2025.12.10-19.28.07:880][299]LogPhysics: Warning: ForeachShape(Convex): ScaledElem[0] invalid
[2025.12.10-19.28.07:881][299]LogPhysics: Warning: Scale for /Engine/Transient.World_9:PersistentLevel.BP_Button_C_0.platform has a component set to zero, which will result in a bad body instance. Scale:X=1.000 Y=1.000 Z=0.000
[2025.12.10-19.28.07:881][299]LogPhysics: Warning: PopulatePhysXGeometryAndTransform(Convex): ConvexElem has invalid transform
[2025.12.10-19.28.07:881][299]LogPhysics: Warning: ForeachShape(Convex): ScaledElem[0] invalid
[2025.12.10-19.28.07:896][300]LogPhysics: Warning: Scale for /Engine/Transient.World_9:PersistentLevel.BP_Button_C_0.platform has a component set to zero, which will result in a bad body instance. Scale:X=1.000 Y=1.000 Z=0.000
[2025.12.10-19.28.07:896][300]LogPhysics: Warning: PopulatePhysXGeometryAndTransform(Convex): ConvexElem has invalid transform
[2025.12.10-19.28.07:896][300]LogPhysics: Warning: ForeachShape(Convex): ScaledElem[0] invalid
[2025.12.10-19.28.07:896][300]LogPhysics: Warning: Scale for /Engine/Transient.World_9:PersistentLevel.BP_Button_C_0.platform has a component set to zero, which will result in a bad body instance. Scale:X=1.000 Y=1.000 Z=0.000
[2025.12.10-19.28.07:896][300]LogPhysics: Warning: PopulatePhysXGeometryAndTransform(Convex): ConvexElem has invalid transform
[2025.12.10-19.28.07:896][300]LogPhysics: Warning: ForeachShape(Convex): ScaledElem[0] invalid
[2025.12.10-19.28.07:896][300]LogPhysics: Warning: Scale for /Engine/Transient.World_9:PersistentLevel.BP_Button_C_0.platform has a component set to zero, which will result in a bad body instance. Scale:X=1.000 Y=1.000 Z=0.000
[2025.12.10-19.28.07:896][300]LogPhysics: Warning: PopulatePhysXGeometryAndTransform(Convex): ConvexElem has invalid transform
[2025.12.10-19.28.07:897][300]LogPhysics: Warning: ForeachShape(Convex): ScaledElem[0] invalid
[2025.12.10-19.28.07:913][301]LogPhysics: Warning: Scale for /Engine/Transient.World_9:PersistentLevel.BP_Button_C_0.platform has a component set to zero, which will result in a bad body instance. Scale:X=1.000 Y=1.000 Z=0.000
[2025.12.10-19.28.07:913][301]LogPhysics: Warning: PopulatePhysXGeometryAndTransform(Convex): ConvexElem has invalid transform
[2025.12.10-19.28.07:913][301]LogPhysics: Warning: ForeachShape(Convex): ScaledElem[0] invalid
[2025.12.10-19.28.07:913][301]LogPhysics: Warning: Scale for /Engine/Transient.World_9:PersistentLevel.BP_Button_C_0.platform has a component set to zero, which will result in a bad body instance. Scale:X=1.000 Y=1.000 Z=0.000
[2025.12.10-19.28.07:913][301]LogPhysics: Warning: PopulatePhysXGeometryAndTransform(Convex): ConvexElem has invalid transform
[2025.12.10-19.28.07:913][301]LogPhysics: Warning: ForeachShape(Convex): ScaledElem[0] invalid
[2025.12.10-19.28.07:913][301]LogPhysics: Warning: Scale for /Engine/Transient.World_9:PersistentLevel.BP_Button_C_0.platform has a component set to zero, which will result in a bad body instance. Scale:X=1.000 Y=1.000 Z=0.000
[2025.12.10-19.28.07:913][301]LogPhysics: Warning: PopulatePhysXGeometryAndTransform(Convex): ConvexElem has invalid transform
[2025.12.10-19.28.07:913][301]LogPhysics: Warning: ForeachShape(Convex): ScaledElem[0] invalid
[2025.12.10-19.28.07:929][302]LogPhysics: Warning: Scale for /Engine/Transient.World_9:PersistentLevel.BP_Button_C_0.platform has a component set to zero, which will result in a bad body instance. Scale:X=1.000 Y=1.000 Z=0.000
[2025.12.10-19.28.07:929][302]LogPhysics: Warning: PopulatePhysXGeometryAndTransform(Convex): ConvexElem has invalid transform
[2025.12.10-19.28.07:929][302]LogPhysics: Warning: ForeachShape(Convex): ScaledElem[0] invalid
[2025.12.10-19.28.07:929][302]LogPhysics: Warning: Scale for /Engine/Transient.World_9:PersistentLevel.BP_Button_C_0.platform has a component set to zero, which will result in a bad body instance. Scale:X=1.000 Y=1.000 Z=0.000
[2025.12.10-19.28.07:929][302]LogPhysics: Warning: PopulatePhysXGeometryAndTransform(Convex): ConvexElem has invalid transform
[2025.12.10-19.28.07:929][302]LogPhysics: Warning: ForeachShape(Convex): ScaledElem[0] invalid
[2025.12.10-19.28.07:929][302]LogPhysics: Warning: Scale for /Engine/Transient.World_9:PersistentLevel.BP_Button_C_0.platform has a component set to zero, which will result in a bad body instance. Scale:X=1.000 Y=1.000 Z=0.000
[2025.12.10-19.28.07:929][302]LogPhysics: Warning: PopulatePhysXGeometryAndTransform(Convex): ConvexElem has invalid transform
[2025.12.10-19.28.07:929][302]LogPhysics: Warning: ForeachShape(Convex): ScaledElem[0] invalid
[2025.12.10-19.28.07:946][303]LogPhysics: Warning: Scale for /Engine/Transient.World_9:PersistentLevel.BP_Button_C_0.platform has a component set to zero, which will result in a bad body instance. Scale:X=1.000 Y=1.000 Z=0.000
[2025.12.10-19.28.07:946][303]LogPhysics: Warning: PopulatePhysXGeometryAndTransform(Convex): ConvexElem has invalid transform
[2025.12.10-19.28.07:946][303]LogPhysics: Warning: ForeachShape(Convex): ScaledElem[0] invalid
[2025.12.10-19.28.07:946][303]LogPhysics: Warning: Scale for /Engine/Transient.World_9:PersistentLevel.BP_Button_C_0.platform has a component set to zero, which will result in a bad body instance. Scale:X=1.000 Y=1.000 Z=0.000
[2025.12.10-19.28.07:946][303]LogPhysics: Warning: PopulatePhysXGeometryAndTransform(Convex): ConvexElem has invalid transform
[2025.12.10-19.28.07:946][303]LogPhysics: Warning: ForeachShape(Convex): ScaledElem[0] invalid
[2025.12.10-19.28.23:909][241]BlueprintLog: New page: Compile BP_Button
[2025.12.10-19.28.24:051][241]LogUObjectHash: Compacting FUObjectHashTables data took   4.26ms
[2025.12.10-19.28.24:660][271]LogSavePackage: Moving '../../../../../../WORKPLACE/Mini_laboratory/MEPhI_VR_term_1/Mini_laboratory/Saved/BP_ButtonA46C8BCB4B4B5E152AA01DAE9118CEC5.tmp' to '../../../../../../WORKPLACE/Mini_laboratory/MEPhI_VR_term_1/Mini_laboratory/Content/Workplace/Blueprints/BP_Button.uasset'
[2025.12.10-19.28.24:686][271]AssetCheck: New page: Asset Save: BP_Button
[2025.12.10-19.28.24:686][271]LogContentValidation: Display: Validating Blueprint /Game/Workplace/Blueprints/BP_Button.BP_Button
[2025.12.10-19.28.53:705][882]LogContentBrowser: Deferred new asset file creation: NewMaterial
[2025.12.10-19.28.53:726][882]LogContentBrowser: Creating deferred item: NewMaterial
[2025.12.10-19.28.57:846][123]LogWindowsTextInputMethodSystem: Display: IME system deactivated.
[2025.12.10-19.28.57:846][123]LogWindowsTextInputMethodSystem: Display: IME system deactivated.
[2025.12.10-19.29.09:348][781]LogContentBrowser: Attempting asset rename: NewMaterial -> PlasticMaterial
[2025.12.10-19.29.09:351][781]LogContentBrowser: End creating deferred item NewMaterial
[2025.12.10-19.29.35:141][ 61]LogAssetEditorSubsystem: Opening Asset editor for Material /Game/Workplace/Materials/PlasticMaterial.PlasticMaterial
[2025.12.10-19.29.35:143][ 61]LogMaterial: Display: Missing cached shadermap for PlasticMaterial in PCD3D_SM5, Default, SM5 (DDC key hash: D2712D345F96243917137986478AB92B8F3B41DC), compiling. 
[2025.12.10-19.29.35:159][ 61]LogShaderCompilers: Display: Submitted 10 shader compile jobs with 'Normal' priority
[2025.12.10-19.29.35:269][ 61]LogMaterial: Display: Missing cached shadermap for PlasticMaterial in PCD3D_SM5, Default, SM5 (DDC key hash: 2C8F3892D79A0A67653C3CEF9A887913DAEA7648), compiling. 
[2025.12.10-19.29.35:275][ 61]LogMaterial: Display: Missing cached shadermap for PlasticMaterial in PCD3D_SM5, Default, SM5 (DDC key hash: 11B3511BB0E1E31CC5A307A969E0AD21E843DE3C), compiling. 
[2025.12.10-19.29.35:301][ 61]MaterialEditorStats: Texture samplers: 0/16
[2025.12.10-19.29.35:463][ 62]LogShaderCompilers: Display: Submitted 2 shader compile jobs with 'ForceLocal' priority
[2025.12.10-19.29.35:463][ 62]LogShaderCompilers: Display: Worker (1/5): shaders left to compile 2
[2025.12.10-19.29.35:463][ 62]LogShaderCompilers: Display: Worker (2/5): shaders left to compile 1
[2025.12.10-19.29.35:463][ 62]LogShaderCompilers: Display: Started 2 'Local' shader compile jobs with 'ForceLocal' priority
[2025.12.10-19.29.35:463][ 62]LogShaderCompilers: Display: Submitted 8 shader compile jobs with 'Normal' priority
[2025.12.10-19.29.35:463][ 62]LogShaderCompilers: Display: Worker (3/5): shaders left to compile 8
[2025.12.10-19.29.35:463][ 62]LogShaderCompilers: Display: Worker (4/5): shaders left to compile 5
[2025.12.10-19.29.35:463][ 62]LogShaderCompilers: Display: Started 6 'Local' shader compile jobs with 'Normal' priority
[2025.12.10-19.29.36:974][140]LogShaderCompilers: Display: Worker (2/5): shaders left to compile 2
[2025.12.10-19.29.36:974][140]LogShaderCompilers: Display: Started 1 'Local' shader compile jobs with 'Normal' priority
[2025.12.10-19.29.36:974][140]LogShaderCompilers: Display: === FShaderJobCache stats ===
[2025.12.10-19.29.36:974][140]LogShaderCompilers: Display: Total job queries 1208, among them cache hits 955 (79.06%)
[2025.12.10-19.29.36:974][140]LogShaderCompilers: Display: Tracking 159 distinct input hashes that result in 80 distinct outputs (50.31%)
[2025.12.10-19.29.36:974][140]LogShaderCompilers: Display: RAM used: 0.46 MB (0.00 GB) of 409.60 MB (0.40 GB) budget. Usage: 0.11%
[2025.12.10-19.29.36:974][140]LogShaderCompilers: Display: ================================================
[2025.12.10-19.29.37:288][159]LogShaderCompilers: Display: Worker (1/5): shaders left to compile 1
[2025.12.10-19.29.37:288][159]LogShaderCompilers: Display: Started 1 'Local' shader compile jobs with 'Normal' priority
[2025.12.10-19.29.37:309][160]MaterialEditorStats: Texture samplers: 2/16
[2025.12.10-19.29.39:279][277]MaterialEditorStats: Base pass shader: 117 instructions
[2025.12.10-19.29.39:279][277]MaterialEditorStats: Base pass shader with Volumetric Lightmap: 191 instructions
[2025.12.10-19.29.39:279][277]MaterialEditorStats: Base pass vertex shader: 42 instructions
[2025.12.10-19.29.39:279][277]MaterialEditorStats: Texture samplers: 2/16
[2025.12.10-19.29.41:368][400]LogMaterial: Display: Missing cached shadermap for PlasticMaterial in PCD3D_SM5, Default, SM5 (DDC key hash: C5786411A01D5E5E57A5902E5D89D0BFA6583F02), compiling. 
[2025.12.10-19.29.41:370][400]LogMaterial: Display: Missing cached shadermap for FMatExpressionPreview MaterialExpressionConstant3Vector_0 in PCD3D_SM5, Default, SM5 (DDC key hash: 45D604D74B2CC6DBB18EBA15665289339D5C697C), compiling. 
[2025.12.10-19.29.41:372][400]MaterialEditorStats: Texture samplers: 0/16
[2025.12.10-19.29.41:413][402]MaterialEditorStats: Base pass shader: 117 instructions
[2025.12.10-19.29.41:413][402]MaterialEditorStats: Base pass shader with Volumetric Lightmap: 191 instructions
[2025.12.10-19.29.41:413][402]MaterialEditorStats: Base pass vertex shader: 42 instructions
[2025.12.10-19.29.41:413][402]MaterialEditorStats: Texture samplers: 2/16
[2025.12.10-19.29.43:540][523]LogMaterial: Display: Missing cached shadermap for PlasticMaterial in PCD3D_SM5, Default, SM5 (DDC key hash: 3F291F6CAC64C99033BB435A476301C309B6C010), compiling. 
[2025.12.10-19.29.43:542][523]LogMaterial: Display: Missing cached shadermap for FMatExpressionPreview MaterialExpressionVectorParameter_0 in PCD3D_SM5, Default, SM5 (DDC key hash: 03EE891F5B2113983D547AF28271C5CBC34D4017), compiling. 
[2025.12.10-19.29.43:545][523]LogMaterial: Display: Missing cached shadermap for FMatExpressionPreview MaterialExpressionVectorParameter_0 in PCD3D_SM5, Default, SM5 (DDC key hash: 4BC9A0E51BBF3A4CE229C708242699663E850F50), compiling. 
[2025.12.10-19.29.43:555][523]LogMaterial: Display: Missing cached shadermap for PlasticMaterial in PCD3D_SM5, Default, SM5 (DDC key hash: 7B428D0BFD2035597F910856F2A6A63A145F212E), compiling. 
[2025.12.10-19.29.43:566][523]MaterialEditorStats: Texture samplers: 0/16
[2025.12.10-19.29.43:618][525]MaterialEditorStats: Base pass shader: 117 instructions
[2025.12.10-19.29.43:618][525]MaterialEditorStats: Base pass shader with Volumetric Lightmap: 191 instructions
[2025.12.10-19.29.43:618][525]MaterialEditorStats: Base pass vertex shader: 42 instructions
[2025.12.10-19.29.43:618][525]MaterialEditorStats: Texture samplers: 2/16
[2025.12.10-19.29.56:543][288]LogMaterial: Display: Missing cached shadermap for PlasticMaterial in PCD3D_SM5, Default, SM5 (DDC key hash: DD93473E8E5B8D35B803CA19773A78F830737FDB), compiling. 
[2025.12.10-19.29.56:545][288]LogMaterial: Display: Missing cached shadermap for FMatExpressionPreview MaterialExpressionVectorParameter_0 in PCD3D_SM5, Default, SM5 (DDC key hash: 676B13701DE0A5E2AAA7BEFC733FC722F00CBB71), compiling. 
[2025.12.10-19.29.56:548][288]MaterialEditorStats: Texture samplers: 0/16
[2025.12.10-19.29.56:579][290]MaterialEditorStats: Texture samplers: 2/16
[2025.12.10-19.29.56:598][291]MaterialEditorStats: Base pass shader: 117 instructions
[2025.12.10-19.29.56:598][291]MaterialEditorStats: Base pass shader with Volumetric Lightmap: 191 instructions
[2025.12.10-19.29.56:598][291]MaterialEditorStats: Base pass vertex shader: 42 instructions
[2025.12.10-19.29.56:598][291]MaterialEditorStats: Texture samplers: 2/16
[2025.12.10-19.30.07:826][964]LogMaterial: Display: Missing cached shadermap for PlasticMaterial in PCD3D_SM5, Default, SM5 (DDC key hash: 29783F5A0DC0B151242843A43237DF37F36BE802), compiling. 
[2025.12.10-19.30.07:830][964]LogMaterial: Display: Missing cached shadermap for FMatExpressionPreview MaterialExpressionVectorParameter_0 in PCD3D_SM5, Default, SM5 (DDC key hash: C038A1C891442BC01F28DE7AB3BE5233A4D4638E), compiling. 
[2025.12.10-19.30.07:833][964]MaterialEditorStats: Texture samplers: 0/16
[2025.12.10-19.30.07:861][966]MaterialEditorStats: Texture samplers: 2/16
[2025.12.10-19.30.07:882][967]MaterialEditorStats: Base pass shader: 117 instructions
[2025.12.10-19.30.07:882][967]MaterialEditorStats: Base pass shader with Volumetric Lightmap: 191 instructions
[2025.12.10-19.30.07:882][967]MaterialEditorStats: Base pass vertex shader: 42 instructions
[2025.12.10-19.30.07:882][967]MaterialEditorStats: Texture samplers: 2/16
[2025.12.10-19.30.08:862][ 23]LogMaterial: Display: Missing cached shadermap for PlasticMaterial in PCD3D_SM5, Default, SM5 (DDC key hash: 06004744BB7DAB4E4A94E611239EE432E20B0A31), compiling. 
[2025.12.10-19.30.08:866][ 23]LogMaterial: Display: Missing cached shadermap for FMatExpressionPreview MaterialExpressionVectorParameter_0 in PCD3D_SM5, Default, SM5 (DDC key hash: BFCCD46A658B729156FD555817E412D1FE915986), compiling. 
[2025.12.10-19.30.08:868][ 23]LogSlate: Window 'Color Picker' being destroyed
[2025.12.10-19.30.08:876][ 23]MaterialEditorStats: Texture samplers: 0/16
[2025.12.10-19.30.08:909][ 25]MaterialEditorStats: Texture samplers: 2/16
[2025.12.10-19.30.08:928][ 26]MaterialEditorStats: Base pass shader: 117 instructions
[2025.12.10-19.30.08:928][ 26]MaterialEditorStats: Base pass shader with Volumetric Lightmap: 191 instructions
[2025.12.10-19.30.08:928][ 26]MaterialEditorStats: Base pass vertex shader: 42 instructions
[2025.12.10-19.30.08:928][ 26]MaterialEditorStats: Texture samplers: 2/16
[2025.12.10-19.30.13:443][293]LogMaterial: Display: Missing cached shadermap for PlasticMaterial in PCD3D_SM5, Default, SM5 (DDC key hash: 7343451E2ABFBECC9AD13976BC5A2A689D08CD86), compiling. 
[2025.12.10-19.30.13:446][293]LogMaterial: Display: Missing cached shadermap for FMatExpressionPreview MaterialExpressionVectorParameter_0 in PCD3D_SM5, Default, SM5 (DDC key hash: 67C42F98E9E12F9691208246B0FE91808241E877), compiling. 
[2025.12.10-19.30.13:454][293]MaterialEditorStats: Texture samplers: 0/16
[2025.12.10-19.30.13:466][294]LogShaderCompilers: Display: Submitted 2 shader compile jobs with 'ForceLocal' priority
[2025.12.10-19.30.13:480][295]LogShaderCompilers: Display: Worker (1/5): shaders left to compile 2
[2025.12.10-19.30.13:480][295]LogShaderCompilers: Display: Worker (2/5): shaders left to compile 1
[2025.12.10-19.30.13:481][295]LogShaderCompilers: Display: Started 2 'Local' shader compile jobs with 'ForceLocal' priority
[2025.12.10-19.30.13:490][295]LogShaderCompilers: Display: Submitted 8 shader compile jobs with 'Normal' priority
[2025.12.10-19.30.13:494][295]LogShaderCompilers: Display: Worker (3/5): shaders left to compile 8
[2025.12.10-19.30.13:494][295]LogShaderCompilers: Display: Worker (4/5): shaders left to compile 5
[2025.12.10-19.30.13:494][295]LogShaderCompilers: Display: Started 6 'Local' shader compile jobs with 'Normal' priority
[2025.12.10-19.30.14:635][356]LogShaderCompilers: Display: Worker (2/5): shaders left to compile 2
[2025.12.10-19.30.14:635][356]LogShaderCompilers: Display: Started 1 'Local' shader compile jobs with 'Normal' priority
[2025.12.10-19.30.14:857][364]LogShaderCompilers: Display: Worker (1/5): shaders left to compile 1
[2025.12.10-19.30.14:857][364]LogShaderCompilers: Display: Started 1 'Local' shader compile jobs with 'Normal' priority
[2025.12.10-19.30.14:916][366]MaterialEditorStats: Texture samplers: 2/16
[2025.12.10-19.30.16:559][464]MaterialEditorStats: Base pass shader: 119 instructions
[2025.12.10-19.30.16:559][464]MaterialEditorStats: Base pass shader with Volumetric Lightmap: 193 instructions
[2025.12.10-19.30.16:559][464]MaterialEditorStats: Base pass vertex shader: 42 instructions
[2025.12.10-19.30.16:559][464]MaterialEditorStats: Texture samplers: 2/16
[2025.12.10-19.30.17:650][525]LogMaterialEditor: Saving and Compiling material PlasticMaterial
[2025.12.10-19.30.18:219][525]LogMaterial: Display: Missing cached shadermap for PlasticMaterial in PCD3D_SM5, Default, SM5 (DDC key hash: 37AAE2FCE0F01FF746E6D34EA4FEACB973F21FC5), compiling. 
[2025.12.10-19.30.18:265][525]LogMaterial: Display: Missing cached shadermap for PlasticMaterial in PCD3D_SM5, Default, SM5 (DDC key hash: C00C1623B4F5F48F2B556790C4BB534E7480D003), compiling. 
[2025.12.10-19.30.18:323][525]LogUObjectHash: Compacting FUObjectHashTables data took   3.53ms
[2025.12.10-19.30.18:333][525]LogShaderCompilers: Display: Submitted 1 shader compile jobs with 'ForceLocal' priority
[2025.12.10-19.30.18:694][525]LogShaderCompilers: Display: Worker (1/5): shaders left to compile 1
[2025.12.10-19.30.18:694][525]LogShaderCompilers: Display: Started 1 'Local' shader compile jobs with 'ForceLocal' priority
[2025.12.10-19.30.18:694][525]LogUObjectHash: Compacting FUObjectHashTables data took   0.83ms
[2025.12.10-19.30.18:764][525]LogShaderCompilers: Display: Submitted 5 shader compile jobs with 'Normal' priority
[2025.12.10-19.30.18:769][525]LogShaderCompilers: Display: Worker (1/5): shaders left to compile 5
[2025.12.10-19.30.18:769][525]LogShaderCompilers: Display: Worker (2/5): shaders left to compile 3
[2025.12.10-19.30.18:769][525]LogShaderCompilers: Display: Worker (3/5): shaders left to compile 1
[2025.12.10-19.30.18:769][525]LogShaderCompilers: Display: Started 5 'Local' shader compile jobs with 'Normal' priority
[2025.12.10-19.30.18:815][525]LogSavePackage: Moving '../../../../../../WORKPLACE/Mini_laboratory/MEPhI_VR_term_1/Mini_laboratory/Saved/PlasticMaterial6560E9A04912CD79C99531832F2B32B6.tmp' to '../../../../../../WORKPLACE/Mini_laboratory/MEPhI_VR_term_1/Mini_laboratory/Content/Workplace/Materials/PlasticMaterial.uasset'
[2025.12.10-19.30.18:843][525]AssetCheck: New page: Asset Save: PlasticMaterial
[2025.12.10-19.30.18:843][525]LogContentValidation: Display: Validating Material /Game/Workplace/Materials/PlasticMaterial.PlasticMaterial
[2025.12.10-19.30.18:853][525]MaterialEditorStats: Texture samplers: 2/16
[2025.12.10-19.30.19:444][561]LogMaterialEditor: Saving and Compiling material PlasticMaterial
[2025.12.10-19.30.19:470][561]LogSavePackage: Moving '../../../../../../WORKPLACE/Mini_laboratory/MEPhI_VR_term_1/Mini_laboratory/Saved/PlasticMaterial9B0D8A7545D4DAB43357BBBF7BC42E5F.tmp' to '../../../../../../WORKPLACE/Mini_laboratory/MEPhI_VR_term_1/Mini_laboratory/Content/Workplace/Materials/PlasticMaterial.uasset'
[2025.12.10-19.30.19:502][561]AssetCheck: New page: Asset Save: PlasticMaterial
[2025.12.10-19.30.19:502][561]LogContentValidation: Display: Validating Material /Game/Workplace/Materials/PlasticMaterial.PlasticMaterial
[2025.12.10-19.30.20:377][614]MaterialEditorStats: Base pass shader: 119 instructions
[2025.12.10-19.30.20:377][614]MaterialEditorStats: Base pass shader with Volumetric Lightmap: 193 instructions
[2025.12.10-19.30.20:377][614]MaterialEditorStats: Base pass vertex shader: 42 instructions
[2025.12.10-19.30.20:377][614]MaterialEditorStats: Texture samplers: 3/16
[2025.12.10-19.30.34:539][405]BlueprintLog: New page: Compile BP_Button
[2025.12.10-19.30.34:590][405]LogUObjectHash: Compacting FUObjectHashTables data took   2.91ms
[2025.12.10-19.30.35:094][431]LogSavePackage: Moving '../../../../../../WORKPLACE/Mini_laboratory/MEPhI_VR_term_1/Mini_laboratory/Saved/BP_Button69D26DD2449F94F54146BEA15A823A40.tmp' to '../../../../../../WORKPLACE/Mini_laboratory/MEPhI_VR_term_1/Mini_laboratory/Content/Workplace/Blueprints/BP_Button.uasset'
[2025.12.10-19.30.35:120][431]AssetCheck: New page: Asset Save: BP_Button
[2025.12.10-19.30.35:120][431]LogContentValidation: Display: Validating Blueprint /Game/Workplace/Blueprints/BP_Button.BP_Button
[2025.12.10-19.31.06:386][249]BlueprintLog: New page: Compile BP_Button
[2025.12.10-19.31.06:509][249]LogUObjectHash: Compacting FUObjectHashTables data took   4.12ms
[2025.12.10-19.31.07:811][322]LogSavePackage: Moving '../../../../../../WORKPLACE/Mini_laboratory/MEPhI_VR_term_1/Mini_laboratory/Saved/BP_ButtonC5A4599444700104E708E19AAFB69170.tmp' to '../../../../../../WORKPLACE/Mini_laboratory/MEPhI_VR_term_1/Mini_laboratory/Content/Workplace/Blueprints/BP_Button.uasset'
[2025.12.10-19.31.07:837][322]AssetCheck: New page: Asset Save: BP_Button
[2025.12.10-19.31.07:837][322]LogContentValidation: Display: Validating Blueprint /Game/Workplace/Blueprints/BP_Button.BP_Button
[2025.12.10-19.34.21:002][579]BlueprintLog: New page: Compile BP_Button
[2025.12.10-19.34.21:157][579]LogUObjectHash: Compacting FUObjectHashTables data took   4.04ms
[2025.12.10-19.34.21:639][598]LogSavePackage: Moving '../../../../../../WORKPLACE/Mini_laboratory/MEPhI_VR_term_1/Mini_laboratory/Saved/BP_ButtonEC14CF2E45EE412AB840B888263819A3.tmp' to '../../../../../../WORKPLACE/Mini_laboratory/MEPhI_VR_term_1/Mini_laboratory/Content/Workplace/Blueprints/BP_Button.uasset'
[2025.12.10-19.34.21:670][598]AssetCheck: New page: Asset Save: BP_Button
[2025.12.10-19.34.21:670][598]LogContentValidation: Display: Validating Blueprint /Game/Workplace/Blueprints/BP_Button.BP_Button
[2025.12.10-19.34.30:581][ 89]BlueprintLog: New page: Compile BP_Button
[2025.12.10-19.34.30:727][ 89]LogUObjectHash: Compacting FUObjectHashTables data took   4.10ms
[2025.12.10-19.34.31:341][117]LogSavePackage: Moving '../../../../../../WORKPLACE/Mini_laboratory/MEPhI_VR_term_1/Mini_laboratory/Saved/BP_Button9A2D94F646A2F4CB596E45BCA625811B.tmp' to '../../../../../../WORKPLACE/Mini_laboratory/MEPhI_VR_term_1/Mini_laboratory/Content/Workplace/Blueprints/BP_Button.uasset'
[2025.12.10-19.34.31:371][117]AssetCheck: New page: Asset Save: BP_Button
[2025.12.10-19.34.31:371][117]LogContentValidation: Display: Validating Blueprint /Game/Workplace/Blueprints/BP_Button.BP_Button
[2025.12.10-19.34.31:927][148]BlueprintLog: New page: Compile BP_Button
[2025.12.10-19.34.31:979][148]LogUObjectHash: Compacting FUObjectHashTables data took   4.14ms
[2025.12.10-19.34.32:561][168]LogSavePackage: Moving '../../../../../../WORKPLACE/Mini_laboratory/MEPhI_VR_term_1/Mini_laboratory/Saved/BP_Button2987DE3F4344CE228DCBB5B73201D982.tmp' to '../../../../../../WORKPLACE/Mini_laboratory/MEPhI_VR_term_1/Mini_laboratory/Content/Workplace/Blueprints/BP_Button.uasset'
[2025.12.10-19.34.32:589][168]AssetCheck: New page: Asset Save: BP_Button
[2025.12.10-19.34.32:589][168]LogContentValidation: Display: Validating Blueprint /Game/Workplace/Blueprints/BP_Button.BP_Button
[2025.12.10-19.34.45:231][883]LogSlate: Prevented a slow task dialog from being summoned while a context menu was open
[2025.12.10-19.34.45:259][883]LogEditorClassViewer: Warning: Class /Engine/Tutorial/InWorldBlueprintEditing/TutorialAssets/IWBE_Blutility.IWBE_Blutility_C has parent /Script/Blutility.PlacedEditorUtilityBase, but this parent is not found. The Class will not be shown in ClassViewer.
[2025.12.10-19.35.07:826][184]BlueprintLog: New page: Compile BP_Button
[2025.12.10-19.35.07:881][184]LogUObjectHash: Compacting FUObjectHashTables data took   4.06ms
[2025.12.10-19.35.08:622][219]LogSavePackage: Moving '../../../../../../WORKPLACE/Mini_laboratory/MEPhI_VR_term_1/Mini_laboratory/Saved/BP_Button4F06A62E4D9742D48BC37C9E98BEF118.tmp' to '../../../../../../WORKPLACE/Mini_laboratory/MEPhI_VR_term_1/Mini_laboratory/Content/Workplace/Blueprints/BP_Button.uasset'
[2025.12.10-19.35.08:660][219]AssetCheck: New page: Asset Save: BP_Button
[2025.12.10-19.35.08:660][219]LogContentValidation: Display: Validating Blueprint /Game/Workplace/Blueprints/BP_Button.BP_Button
[2025.12.10-19.35.10:649][329]BlueprintLog: New page: Compile BP_Button
[2025.12.10-19.35.10:708][329]LogUObjectHash: Compacting FUObjectHashTables data took   3.93ms
[2025.12.10-19.35.34:818][722]BlueprintLog: New page: Compile BP_Button
[2025.12.10-19.35.34:873][722]LogUObjectHash: Compacting FUObjectHashTables data took   4.48ms
[2025.12.10-19.35.35:692][755]LogSavePackage: Moving '../../../../../../WORKPLACE/Mini_laboratory/MEPhI_VR_term_1/Mini_laboratory/Saved/BP_Button2A50C1DC4F450C15B289ABBA09BD40F8.tmp' to '../../../../../../WORKPLACE/Mini_laboratory/MEPhI_VR_term_1/Mini_laboratory/Content/Workplace/Blueprints/BP_Button.uasset'
[2025.12.10-19.35.35:739][755]AssetCheck: New page: Asset Save: BP_Button
[2025.12.10-19.35.35:739][755]LogContentValidation: Display: Validating Blueprint /Game/Workplace/Blueprints/BP_Button.BP_Button
[2025.12.10-19.35.51:607][658]BlueprintLog: New page: Compile BP_Button
[2025.12.10-19.35.51:751][658]LogUObjectHash: Compacting FUObjectHashTables data took  10.68ms
[2025.12.10-19.35.52:637][706]BlueprintLog: New page: Compile BP_Button
[2025.12.10-19.35.52:713][706]LogUObjectHash: Compacting FUObjectHashTables data took   5.99ms
[2025.12.10-19.35.53:132][727]LogSavePackage: Moving '../../../../../../WORKPLACE/Mini_laboratory/MEPhI_VR_term_1/Mini_laboratory/Saved/BP_Button0812E8C040A81518301289A28B88A6EC.tmp' to '../../../../../../WORKPLACE/Mini_laboratory/MEPhI_VR_term_1/Mini_laboratory/Content/Workplace/Blueprints/BP_Button.uasset'
[2025.12.10-19.35.53:160][727]AssetCheck: New page: Asset Save: BP_Button
[2025.12.10-19.35.53:160][727]LogContentValidation: Display: Validating Blueprint /Game/Workplace/Blueprints/BP_Button.BP_Button
[2025.12.10-19.35.53:468][745]BlueprintLog: New page: Compile BP_Button
[2025.12.10-19.35.53:527][745]LogUObjectHash: Compacting FUObjectHashTables data took   5.21ms
[2025.12.10-19.35.54:962][821]LogSavePackage: Moving '../../../../../../WORKPLACE/Mini_laboratory/MEPhI_VR_term_1/Mini_laboratory/Saved/BP_Button63C4B243491DBDA9B60BFAA587002D50.tmp' to '../../../../../../WORKPLACE/Mini_laboratory/MEPhI_VR_term_1/Mini_laboratory/Content/Workplace/Blueprints/BP_Button.uasset'
[2025.12.10-19.35.54:990][821]AssetCheck: New page: Asset Save: BP_Button
[2025.12.10-19.35.54:990][821]LogContentValidation: Display: Validating Blueprint /Game/Workplace/Blueprints/BP_Button.BP_Button
[2025.12.10-19.35.55:280][839]BlueprintLog: New page: Compile BP_Button
[2025.12.10-19.35.55:340][839]LogUObjectHash: Compacting FUObjectHashTables data took   5.23ms
[2025.12.10-19.35.55:740][852]LogSavePackage: Moving '../../../../../../WORKPLACE/Mini_laboratory/MEPhI_VR_term_1/Mini_laboratory/Saved/BP_Button4F2D95AD40473BA336AB05BDA18E4FB7.tmp' to '../../../../../../WORKPLACE/Mini_laboratory/MEPhI_VR_term_1/Mini_laboratory/Content/Workplace/Blueprints/BP_Button.uasset'
[2025.12.10-19.35.55:765][852]AssetCheck: New page: Asset Save: BP_Button
[2025.12.10-19.35.55:765][852]LogContentValidation: Display: Validating Blueprint /Game/Workplace/Blueprints/BP_Button.BP_Button
[2025.12.10-19.35.56:076][871]BlueprintLog: New page: Compile BP_Button
[2025.12.10-19.35.56:138][871]LogUObjectHash: Compacting FUObjectHashTables data took   5.19ms
[2025.12.10-19.35.56:709][891]LogSavePackage: Moving '../../../../../../WORKPLACE/Mini_laboratory/MEPhI_VR_term_1/Mini_laboratory/Saved/BP_ButtonDF9782464B840A97777176ADD07983E5.tmp' to '../../../../../../WORKPLACE/Mini_laboratory/MEPhI_VR_term_1/Mini_laboratory/Content/Workplace/Blueprints/BP_Button.uasset'
[2025.12.10-19.35.56:740][891]AssetCheck: New page: Asset Save: BP_Button
[2025.12.10-19.35.56:740][891]LogContentValidation: Display: Validating Blueprint /Game/Workplace/Blueprints/BP_Button.BP_Button
[2025.12.10-19.35.57:033][901]BlueprintLog: New page: Compile BP_Button
[2025.12.10-19.35.57:097][901]LogUObjectHash: Compacting FUObjectHashTables data took   5.26ms
[2025.12.10-19.35.57:508][921]LogSavePackage: Moving '../../../../../../WORKPLACE/Mini_laboratory/MEPhI_VR_term_1/Mini_laboratory/Saved/BP_ButtonB6BB424A4E918A5045FAF88C7C03E3CB.tmp' to '../../../../../../WORKPLACE/Mini_laboratory/MEPhI_VR_term_1/Mini_laboratory/Content/Workplace/Blueprints/BP_Button.uasset'
[2025.12.10-19.35.57:535][921]AssetCheck: New page: Asset Save: BP_Button
[2025.12.10-19.35.57:535][921]LogContentValidation: Display: Validating Blueprint /Game/Workplace/Blueprints/BP_Button.BP_Button
[2025.12.10-19.37.11:465][ 55]BlueprintLog: New page: Compile BP_Button
[2025.12.10-19.37.11:550][ 55]LogUObjectHash: Compacting FUObjectHashTables data took   6.57ms
[2025.12.10-19.37.12:206][ 82]LogSavePackage: Moving '../../../../../../WORKPLACE/Mini_laboratory/MEPhI_VR_term_1/Mini_laboratory/Saved/BP_ButtonD58C841E4ED37AC5A230CDB7551A0A7C.tmp' to '../../../../../../WORKPLACE/Mini_laboratory/MEPhI_VR_term_1/Mini_laboratory/Content/Workplace/Blueprints/BP_Button.uasset'
[2025.12.10-19.37.12:239][ 82]AssetCheck: New page: Asset Save: BP_Button
[2025.12.10-19.37.12:239][ 82]LogContentValidation: Display: Validating Blueprint /Game/Workplace/Blueprints/BP_Button.BP_Button
[2025.12.10-19.37.12:581][101]BlueprintLog: New page: Compile BP_Button
[2025.12.10-19.37.12:712][101]LogUObjectHash: Compacting FUObjectHashTables data took  10.16ms
[2025.12.10-19.37.13:017][110]LogSavePackage: Moving '../../../../../../WORKPLACE/Mini_laboratory/MEPhI_VR_term_1/Mini_laboratory/Saved/BP_Button609BB2414518329E757D1A8EFDD56795.tmp' to '../../../../../../WORKPLACE/Mini_laboratory/MEPhI_VR_term_1/Mini_laboratory/Content/Workplace/Blueprints/BP_Button.uasset'
[2025.12.10-19.37.13:045][110]AssetCheck: New page: Asset Save: BP_Button
[2025.12.10-19.37.13:045][110]LogContentValidation: Display: Validating Blueprint /Game/Workplace/Blueprints/BP_Button.BP_Button
[2025.12.10-19.37.13:352][129]BlueprintLog: New page: Compile BP_Button
[2025.12.10-19.37.13:488][129]LogUObjectHash: Compacting FUObjectHashTables data took  11.83ms
[2025.12.10-19.38.42:943][122]BlueprintLog: New page: Compile BP_Button
[2025.12.10-19.38.43:092][122]LogUObjectHash: Compacting FUObjectHashTables data took   6.68ms
[2025.12.10-19.38.43:566][142]LogSavePackage: Moving '../../../../../../WORKPLACE/Mini_laboratory/MEPhI_VR_term_1/Mini_laboratory/Saved/BP_Button617D7A5F48F1A59A70A2248BDF1887A1.tmp' to '../../../../../../WORKPLACE/Mini_laboratory/MEPhI_VR_term_1/Mini_laboratory/Content/Workplace/Blueprints/BP_Button.uasset'
[2025.12.10-19.38.43:601][142]AssetCheck: New page: Asset Save: BP_Button
[2025.12.10-19.38.43:601][142]LogContentValidation: Display: Validating Blueprint /Game/Workplace/Blueprints/BP_Button.BP_Button
[2025.12.10-19.39.03:882][245]BlueprintLog: New page: Compile BP_Button
[2025.12.10-19.39.04:050][245]LogUObjectHash: Compacting FUObjectHashTables data took  13.23ms
[2025.12.10-19.39.04:344][256]LogSavePackage: Moving '../../../../../../WORKPLACE/Mini_laboratory/MEPhI_VR_term_1/Mini_laboratory/Saved/BP_Button5ED723614164D69CA3E7A280B93380C2.tmp' to '../../../../../../WORKPLACE/Mini_laboratory/MEPhI_VR_term_1/Mini_laboratory/Content/Workplace/Blueprints/BP_Button.uasset'
[2025.12.10-19.39.04:428][256]AssetCheck: New page: Asset Save: BP_Button
[2025.12.10-19.39.04:428][256]LogContentValidation: Display: Validating Blueprint /Game/Workplace/Blueprints/BP_Button.BP_Button
[2025.12.10-19.39.04:745][275]BlueprintLog: New page: Compile BP_Button
[2025.12.10-19.39.04:805][275]LogUObjectHash: Compacting FUObjectHashTables data took   5.24ms
[2025.12.10-19.39.05:158][292]LogSavePackage: Moving '../../../../../../WORKPLACE/Mini_laboratory/MEPhI_VR_term_1/Mini_laboratory/Saved/BP_Button1653450C4FE701999BC62B91CB412176.tmp' to '../../../../../../WORKPLACE/Mini_laboratory/MEPhI_VR_term_1/Mini_laboratory/Content/Workplace/Blueprints/BP_Button.uasset'
[2025.12.10-19.39.05:185][292]AssetCheck: New page: Asset Save: BP_Button
[2025.12.10-19.39.05:185][292]LogContentValidation: Display: Validating Blueprint /Game/Workplace/Blueprints/BP_Button.BP_Button
[2025.12.10-19.39.30:810][769]BlueprintLog: New page: Compile BP_Button
[2025.12.10-19.39.30:870][769]LogUObjectHash: Compacting FUObjectHashTables data took   5.17ms
[2025.12.10-19.39.31:376][793]LogSavePackage: Moving '../../../../../../WORKPLACE/Mini_laboratory/MEPhI_VR_term_1/Mini_laboratory/Saved/BP_ButtonB728F44D416EC11B04C924B6EF870E86.tmp' to '../../../../../../WORKPLACE/Mini_laboratory/MEPhI_VR_term_1/Mini_laboratory/Content/Workplace/Blueprints/BP_Button.uasset'
[2025.12.10-19.39.31:403][793]AssetCheck: New page: Asset Save: BP_Button
[2025.12.10-19.39.31:403][793]LogContentValidation: Display: Validating Blueprint /Game/Workplace/Blueprints/BP_Button.BP_Button
[2025.12.10-19.39.31:692][811]BlueprintLog: New page: Compile BP_Button
[2025.12.10-19.39.31:754][811]LogUObjectHash: Compacting FUObjectHashTables data took   5.20ms
[2025.12.10-19.39.32:102][827]LogSavePackage: Moving '../../../../../../WORKPLACE/Mini_laboratory/MEPhI_VR_term_1/Mini_laboratory/Saved/BP_Button8D2C0F2340579B6110517D94ACA3CAC9.tmp' to '../../../../../../WORKPLACE/Mini_laboratory/MEPhI_VR_term_1/Mini_laboratory/Content/Workplace/Blueprints/BP_Button.uasset'
[2025.12.10-19.39.32:133][827]AssetCheck: New page: Asset Save: BP_Button
[2025.12.10-19.39.32:134][827]LogContentValidation: Display: Validating Blueprint /Game/Workplace/Blueprints/BP_Button.BP_Button
[2025.12.10-19.39.32:521][851]BlueprintLog: New page: Compile BP_Button
[2025.12.10-19.39.32:581][851]LogUObjectHash: Compacting FUObjectHashTables data took   5.12ms
[2025.12.10-19.39.32:982][867]LogSavePackage: Moving '../../../../../../WORKPLACE/Mini_laboratory/MEPhI_VR_term_1/Mini_laboratory/Saved/BP_ButtonB2D2253A45CA89F3E67DE4BD194A1B2A.tmp' to '../../../../../../WORKPLACE/Mini_laboratory/MEPhI_VR_term_1/Mini_laboratory/Content/Workplace/Blueprints/BP_Button.uasset'
[2025.12.10-19.39.33:009][867]AssetCheck: New page: Asset Save: BP_Button
[2025.12.10-19.39.33:009][867]LogContentValidation: Display: Validating Blueprint /Game/Workplace/Blueprints/BP_Button.BP_Button
[2025.12.10-19.39.50:606][858]BlueprintLog: New page: Compile BP_Button
[2025.12.10-19.39.50:670][858]LogUObjectHash: Compacting FUObjectHashTables data took   5.29ms
[2025.12.10-19.39.51:170][878]LogSavePackage: Moving '../../../../../../WORKPLACE/Mini_laboratory/MEPhI_VR_term_1/Mini_laboratory/Saved/BP_ButtonB0A079D945F915AAA455C7BD2C0FCFB5.tmp' to '../../../../../../WORKPLACE/Mini_laboratory/MEPhI_VR_term_1/Mini_laboratory/Content/Workplace/Blueprints/BP_Button.uasset'
[2025.12.10-19.39.51:199][878]AssetCheck: New page: Asset Save: BP_Button
[2025.12.10-19.39.51:199][878]LogContentValidation: Display: Validating Blueprint /Game/Workplace/Blueprints/BP_Button.BP_Button
[2025.12.10-19.40.32:590][190]BlueprintLog: New page: Compile BP_Button
[2025.12.10-19.40.32:651][190]LogUObjectHash: Compacting FUObjectHashTables data took   5.24ms
[2025.12.10-19.40.33:100][212]LogSavePackage: Moving '../../../../../../WORKPLACE/Mini_laboratory/MEPhI_VR_term_1/Mini_laboratory/Saved/BP_Button4E74C6CA4149684269184785A7416657.tmp' to '../../../../../../WORKPLACE/Mini_laboratory/MEPhI_VR_term_1/Mini_laboratory/Content/Workplace/Blueprints/BP_Button.uasset'
[2025.12.10-19.40.33:127][212]AssetCheck: New page: Asset Save: BP_Button
[2025.12.10-19.40.33:127][212]LogContentValidation: Display: Validating Blueprint /Game/Workplace/Blueprints/BP_Button.BP_Button
[2025.12.10-19.40.35:966][365]BlueprintLog: New page: Compile BP_Button
[2025.12.10-19.40.36:025][365]LogUObjectHash: Compacting FUObjectHashTables data took   5.18ms
[2025.12.10-19.40.36:603][390]LogSavePackage: Moving '../../../../../../WORKPLACE/Mini_laboratory/MEPhI_VR_term_1/Mini_laboratory/Saved/BP_ButtonF424B7C744AE5C0FD0DE7FB09F6E6539.tmp' to '../../../../../../WORKPLACE/Mini_laboratory/MEPhI_VR_term_1/Mini_laboratory/Content/Workplace/Blueprints/BP_Button.uasset'
[2025.12.10-19.40.36:643][390]AssetCheck: New page: Asset Save: BP_Button
[2025.12.10-19.40.36:643][390]LogContentValidation: Display: Validating Blueprint /Game/Workplace/Blueprints/BP_Button.BP_Button
[2025.12.10-19.40.36:814][400]BlueprintLog: New page: Compile BP_Button
[2025.12.10-19.40.36:875][400]LogUObjectHash: Compacting FUObjectHashTables data took   5.25ms
[2025.12.10-19.40.37:326][423]LogSavePackage: Moving '../../../../../../WORKPLACE/Mini_laboratory/MEPhI_VR_term_1/Mini_laboratory/Saved/BP_Button452E91CA486EEE9C63F7E69B796336AA.tmp' to '../../../../../../WORKPLACE/Mini_laboratory/MEPhI_VR_term_1/Mini_laboratory/Content/Workplace/Blueprints/BP_Button.uasset'
[2025.12.10-19.40.37:356][423]AssetCheck: New page: Asset Save: BP_Button
[2025.12.10-19.40.37:357][423]LogContentValidation: Display: Validating Blueprint /Game/Workplace/Blueprints/BP_Button.BP_Button
[2025.12.10-19.40.42:082][674]LogSlate: Took 0.010849 seconds to synchronously load lazily loaded font '../../../Engine/Content/Slate/Fonts/Roboto-BoldCondensedItalic.ttf' (160K)
[2025.12.10-19.40.55:850][418]BlueprintLog: New page: Compile BP_Button
[2025.12.10-19.40.55:915][418]LogUObjectHash: Compacting FUObjectHashTables data took   6.26ms
[2025.12.10-19.40.56:325][438]LogSavePackage: Moving '../../../../../../WORKPLACE/Mini_laboratory/MEPhI_VR_term_1/Mini_laboratory/Saved/BP_ButtonC95F3C78449B5071E45DBCAD028937DB.tmp' to '../../../../../../WORKPLACE/Mini_laboratory/MEPhI_VR_term_1/Mini_laboratory/Content/Workplace/Blueprints/BP_Button.uasset'
[2025.12.10-19.40.56:352][438]AssetCheck: New page: Asset Save: BP_Button
[2025.12.10-19.40.56:352][438]LogContentValidation: Display: Validating Blueprint /Game/Workplace/Blueprints/BP_Button.BP_Button
[2025.12.10-19.41.02:493][789]BlueprintLog: New page: Compile BP_Button
[2025.12.10-19.41.02:554][789]LogUObjectHash: Compacting FUObjectHashTables data took   5.33ms
[2025.12.10-19.41.03:038][814]LogSavePackage: Moving '../../../../../../WORKPLACE/Mini_laboratory/MEPhI_VR_term_1/Mini_laboratory/Saved/BP_ButtonC26B3A6C4921B2D879954FA33924FE32.tmp' to '../../../../../../WORKPLACE/Mini_laboratory/MEPhI_VR_term_1/Mini_laboratory/Content/Workplace/Blueprints/BP_Button.uasset'
[2025.12.10-19.41.03:067][814]AssetCheck: New page: Asset Save: BP_Button
[2025.12.10-19.41.03:067][814]LogContentValidation: Display: Validating Blueprint /Game/Workplace/Blueprints/BP_Button.BP_Button
[2025.12.10-19.41.33:027][219]LogContentBrowser: Attempting asset rename: ShuneRedMaterial -> ShineRedMaterial
[2025.12.10-19.41.33:147][219]LogSavePackage: Moving '../../../../../../WORKPLACE/Mini_laboratory/MEPhI_VR_term_1/Mini_laboratory/Saved/ShineRedMaterial8244E99744AEE08F2915FC9444B8765D.tmp' to '../../../../../../WORKPLACE/Mini_laboratory/MEPhI_VR_term_1/Mini_laboratory/Content/Workplace/Materials/ShineRedMaterial.uasset'
[2025.12.10-19.41.33:260][219]LogUObjectHash: Compacting FUObjectHashTables data took   4.68ms
[2025.12.10-19.41.33:307][219]LogUObjectHash: Compacting FUObjectHashTables data took   3.36ms
[2025.12.10-19.41.33:344][219]LogUObjectHash: Compacting FUObjectHashTables data took   0.97ms
[2025.12.10-19.41.33:436][219]AssetCheck: New page: Asset Save: ShineRedMaterial
[2025.12.10-19.41.33:436][219]LogContentValidation: Display: Validating Material /Game/Workplace/Materials/ShineRedMaterial.ShineRedMaterial
[2025.12.10-19.41.37:049][371]LogWorld: UWorld::CleanupWorld for World_12, bSessionEnded=true, bCleanupResources=true
[2025.12.10-19.41.37:049][371]LogSlate: InvalidateAllWidgets triggered.  All widgets were invalidated
[2025.12.10-19.41.38:396][441]BlueprintLog: New page: Compile BP_Button
[2025.12.10-19.41.38:458][441]LogUObjectHash: Compacting FUObjectHashTables data took   4.00ms
[2025.12.10-19.41.38:995][462]LogSavePackage: Moving '../../../../../../WORKPLACE/Mini_laboratory/MEPhI_VR_term_1/Mini_laboratory/Saved/BP_ButtonEBA1198B4C0D1FE0032C8D981BC14466.tmp' to '../../../../../../WORKPLACE/Mini_laboratory/MEPhI_VR_term_1/Mini_laboratory/Content/Workplace/Blueprints/BP_Button.uasset'
[2025.12.10-19.41.39:029][462]AssetCheck: New page: Asset Save: BP_Button
[2025.12.10-19.41.39:029][462]LogContentValidation: Display: Validating Blueprint /Game/Workplace/Blueprints/BP_Button.BP_Button
[2025.12.10-19.42.13:302][305]BlueprintLog: New page: Compile BP_Button
[2025.12.10-19.42.13:394][305]LogUObjectHash: Compacting FUObjectHashTables data took   6.30ms
[2025.12.10-19.42.13:948][331]LogSavePackage: Moving '../../../../../../WORKPLACE/Mini_laboratory/MEPhI_VR_term_1/Mini_laboratory/Saved/BP_Button3C37F82344E4D4B12C4D66BDB5BC2A7C.tmp' to '../../../../../../WORKPLACE/Mini_laboratory/MEPhI_VR_term_1/Mini_laboratory/Content/Workplace/Blueprints/BP_Button.uasset'
[2025.12.10-19.42.13:977][331]AssetCheck: New page: Asset Save: BP_Button
[2025.12.10-19.42.13:977][331]LogContentValidation: Display: Validating Blueprint /Game/Workplace/Blueprints/BP_Button.BP_Button
[2025.12.10-19.42.14:347][352]BlueprintLog: New page: Compile BP_Button
[2025.12.10-19.42.14:408][352]LogUObjectHash: Compacting FUObjectHashTables data took   5.24ms
[2025.12.10-19.42.14:759][369]LogSavePackage: Moving '../../../../../../WORKPLACE/Mini_laboratory/MEPhI_VR_term_1/Mini_laboratory/Saved/BP_ButtonCD7B6E3E406A89FE04FA25AD2C865E4E.tmp' to '../../../../../../WORKPLACE/Mini_laboratory/MEPhI_VR_term_1/Mini_laboratory/Content/Workplace/Blueprints/BP_Button.uasset'
[2025.12.10-19.42.14:783][369]AssetCheck: New page: Asset Save: BP_Button
[2025.12.10-19.42.14:783][369]LogContentValidation: Display: Validating Blueprint /Game/Workplace/Blueprints/BP_Button.BP_Button
[2025.12.10-19.42.46:607][ 91]BlueprintLog: New page: Compile BP_Button
[2025.12.10-19.42.46:674][ 91]LogUObjectHash: Compacting FUObjectHashTables data took   8.57ms
[2025.12.10-19.42.47:167][114]LogSavePackage: Moving '../../../../../../WORKPLACE/Mini_laboratory/MEPhI_VR_term_1/Mini_laboratory/Saved/BP_ButtonD38799284424917919BC4F88F926EB05.tmp' to '../../../../../../WORKPLACE/Mini_laboratory/MEPhI_VR_term_1/Mini_laboratory/Content/Workplace/Blueprints/BP_Button.uasset'
[2025.12.10-19.42.47:204][114]AssetCheck: New page: Asset Save: BP_Button
[2025.12.10-19.42.47:204][114]LogContentValidation: Display: Validating Blueprint /Game/Workplace/Blueprints/BP_Button.BP_Button
[2025.12.10-19.42.47:625][139]BlueprintLog: New page: Compile BP_Button
[2025.12.10-19.42.47:690][139]LogUObjectHash: Compacting FUObjectHashTables data took   5.28ms
[2025.12.10-19.42.48:073][158]LogSavePackage: Moving '../../../../../../WORKPLACE/Mini_laboratory/MEPhI_VR_term_1/Mini_laboratory/Saved/BP_Button2C7A2AD24DFF45F5B6EE05A81B0D2FDE.tmp' to '../../../../../../WORKPLACE/Mini_laboratory/MEPhI_VR_term_1/Mini_laboratory/Content/Workplace/Blueprints/BP_Button.uasset'
[2025.12.10-19.42.48:102][158]AssetCheck: New page: Asset Save: BP_Button
[2025.12.10-19.42.48:102][158]LogContentValidation: Display: Validating Blueprint /Game/Workplace/Blueprints/BP_Button.BP_Button
[2025.12.10-19.43.43:983][539]LogUObjectHash: Compacting FUObjectHashTables data took  11.18ms
[2025.12.10-19.43.43:987][539]LogFileHelpers: Editor autosave (incl. external actors) for '/Game/Workplace/Maps/FirstLevel' took 0.083
[2025.12.10-19.43.43:988][539]OBJ SavePackage: Generating thumbnails for [2] asset(s) in package [/Game/Workplace/Blueprints/BP_Button] ([2] browsable assets)...
[2025.12.10-19.43.44:063][539]OBJ SavePackage:     Rendered thumbnail for [Blueprint /Game/Workplace/Blueprints/BP_Button.BP_Button]
[2025.12.10-19.43.44:064][539]OBJ SavePackage: Finished generating thumbnails for package [/Game/Workplace/Blueprints/BP_Button]
[2025.12.10-19.43.44:101][539]LogSavePackage: Moving '../../../../../../WORKPLACE/Mini_laboratory/MEPhI_VR_term_1/Mini_laboratory/Saved/BP_Button_Auto2CE95DCF54404DF4E5D8B04AC0977D7B5.tmp' to '../../../../../../WORKPLACE/Mini_laboratory/MEPhI_VR_term_1/Mini_laboratory/Saved/Autosaves/Game/Workplace/Blueprints/BP_Button_Auto2.uasset'
[2025.12.10-19.43.44:103][539]LogFileHelpers: Auto-saving content packages took 0.115
[2025.12.10-19.44.04:690][865]BlueprintLog: New page: Compile BP_Button
[2025.12.10-19.44.04:731][865]LogUObjectHash: Compacting FUObjectHashTables data took   2.57ms
[2025.12.10-19.44.05:305][914]LogSavePackage: Moving '../../../../../../WORKPLACE/Mini_laboratory/MEPhI_VR_term_1/Mini_laboratory/Saved/BP_ButtonB5F97A4F4C9497BE8F92D39F0F676D05.tmp' to '../../../../../../WORKPLACE/Mini_laboratory/MEPhI_VR_term_1/Mini_laboratory/Content/Workplace/Blueprints/BP_Button.uasset'
[2025.12.10-19.44.05:324][914]AssetCheck: New page: Asset Save: BP_Button
[2025.12.10-19.44.05:324][914]LogContentValidation: Display: Validating Blueprint /Game/Workplace/Blueprints/BP_Button.BP_Button
[2025.12.10-19.44.05:705][959]BlueprintLog: New page: Compile BP_Button
[2025.12.10-19.44.05:747][959]LogUObjectHash: Compacting FUObjectHashTables data took   3.11ms
[2025.12.10-19.44.06:112][994]LogSavePackage: Moving '../../../../../../WORKPLACE/Mini_laboratory/MEPhI_VR_term_1/Mini_laboratory/Saved/BP_Button11F1578D494CE6DB5B1BFD92F4B9FDC2.tmp' to '../../../../../../WORKPLACE/Mini_laboratory/MEPhI_VR_term_1/Mini_laboratory/Content/Workplace/Blueprints/BP_Button.uasset'
[2025.12.10-19.44.06:162][994]AssetCheck: New page: Asset Save: BP_Button
[2025.12.10-19.44.06:162][994]LogContentValidation: Display: Validating Blueprint /Game/Workplace/Blueprints/BP_Button.BP_Button
[2025.12.10-19.44.23:031][204]LogAssetEditorSubsystem: Opening Asset editor for Blueprint /Game/Workplace/Blueprints/GlobalVariables.GlobalVariables
[2025.12.10-19.44.36:620][453]LogUObjectHash: Compacting FUObjectHashTables data took   4.54ms
[2025.12.10-19.44.36:707][453]LogAssetEditorSubsystem: Opening Asset editor for World /Game/Workplace/Maps/StartMenu.StartMenu
[2025.12.10-19.44.36:707][453]Cmd: MAP LOAD FILE="../../../../../../WORKPLACE/Mini_laboratory/MEPhI_VR_term_1/Mini_laboratory/Content/Workplace/Maps/StartMenu.umap" TEMPLATE=0 SHOWPROGRESS=1 FEATURELEVEL=3
[2025.12.10-19.44.36:707][453]LightingResults: New page: Lighting Build
[2025.12.10-19.44.36:710][453]LoadErrors: New page: Loading map: StartMenu.umap
[2025.12.10-19.44.36:712][453]LogWorld: UWorld::CleanupWorld for FirstLevel, bSessionEnded=true, bCleanupResources=true
[2025.12.10-19.44.36:712][453]LogSlate: InvalidateAllWidgets triggered.  All widgets were invalidated
[2025.12.10-19.44.36:712][453]MapCheck: New page: Map Check
[2025.12.10-19.44.36:712][453]LightingResults: New page: Lighting Build
[2025.12.10-19.44.36:744][453]LogAudio: Display: Audio Device unregistered from world 'None'.
[2025.12.10-19.44.36:757][453]LogUObjectHash: Compacting FUObjectHashTables data took   3.28ms
[2025.12.10-19.44.36:759][453]LogAudio: Display: Audio Device (ID: 1) registered with world 'StartMenu'.
[2025.12.10-19.44.36:787][453]LogEditorServer: Finished looking for orphan Actors (0.000 secs)
[2025.12.10-19.44.36:787][453]LogAIModule: Creating AISystem for world StartMenu
[2025.12.10-19.44.36:816][453]LogUObjectHash: Compacting FUObjectHashTables data took   2.65ms
[2025.12.10-19.44.36:820][453]Cmd: MAP CHECKDEP NOCLEARLOG
[2025.12.10-19.44.36:821][453]MapCheck: Map check complete: 0 Error(s), 0 Warning(s), took 0,066ms to complete.
[2025.12.10-19.44.36:821][453]LogFileHelpers: Loading map 'StartMenu' took 0.114
[2025.12.10-19.44.43:553][ 75]LogAssetEditorSubsystem: Opening Asset editor for LevelScriptBlueprint /Game/Workplace/Maps/StartMenu.StartMenu:PersistentLevel.StartMenu
[2025.12.10-19.45.19:143][578]LogAssetEditorSubsystem: Opening Asset editor for EditorUtilityWidgetBlueprint /Game/Workplace/Menu/Blueprints/BPW_StartMenu.BPW_StartMenu
[2025.12.10-19.45.31:451][809]LogWorld: UWorld::CleanupWorld for World_13, bSessionEnded=true, bCleanupResources=true
[2025.12.10-19.45.31:451][809]LogSlate: InvalidateAllWidgets triggered.  All widgets were invalidated
[2025.12.10-19.45.33:214][951]LogWorld: UWorld::CleanupWorld for World_14, bSessionEnded=true, bCleanupResources=true
[2025.12.10-19.45.33:214][951]LogSlate: InvalidateAllWidgets triggered.  All widgets were invalidated
[2025.12.10-19.45.40:073][644]LogUObjectHash: Compacting FUObjectHashTables data took   4.73ms
[2025.12.10-19.45.40:118][644]LogAssetEditorSubsystem: Opening Asset editor for World /Game/Workplace/Maps/FirstLevel.FirstLevel
[2025.12.10-19.45.40:118][644]Cmd: MAP LOAD FILE="../../../../../../WORKPLACE/Mini_laboratory/MEPhI_VR_term_1/Mini_laboratory/Content/Workplace/Maps/FirstLevel.umap" TEMPLATE=0 SHOWPROGRESS=1 FEATURELEVEL=3
[2025.12.10-19.45.40:118][644]LightingResults: New page: Lighting Build
[2025.12.10-19.45.40:118][644]LoadErrors: New page: Loading map: FirstLevel.umap
[2025.12.10-19.45.40:119][644]LogWorld: UWorld::CleanupWorld for StartMenu, bSessionEnded=true, bCleanupResources=true
[2025.12.10-19.45.40:119][644]LogSlate: InvalidateAllWidgets triggered.  All widgets were invalidated
[2025.12.10-19.45.40:119][644]MapCheck: New page: Map Check
[2025.12.10-19.45.40:119][644]LightingResults: New page: Lighting Build
[2025.12.10-19.45.40:150][644]LogAudio: Display: Audio Device unregistered from world 'None'.
[2025.12.10-19.45.40:158][644]LogUObjectHash: Compacting FUObjectHashTables data took   4.00ms
[2025.12.10-19.45.40:158][644]LogAudio: Display: Audio Device (ID: 1) registered with world 'FirstLevel'.
[2025.12.10-19.45.40:242][644]LogEditorServer: Finished looking for orphan Actors (0.000 secs)
[2025.12.10-19.45.40:242][644]LogAIModule: Creating AISystem for world FirstLevel
[2025.12.10-19.45.40:277][644]LogUObjectHash: Compacting FUObjectHashTables data took   3.81ms
[2025.12.10-19.45.40:281][644]Cmd: MAP CHECKDEP NOCLEARLOG
[2025.12.10-19.45.40:281][644]MapCheck: Map check complete: 0 Error(s), 0 Warning(s), took 0,063ms to complete.
[2025.12.10-19.45.40:281][644]LogFileHelpers: Loading map 'FirstLevel' took 0.164
[2025.12.10-19.47.05:051][796]LogSlate: Window 'Change Variable Type' being destroyed
[2025.12.10-19.47.52:077][840]LogSlate: Window 'Change Variable Type' being destroyed
[2025.12.10-19.47.55:964][220]LogSlate: Window 'Find in Blueprints' being destroyed
[2025.12.10-19.47.55:970][220]LogSlate: Window 'Find in Blueprints' being destroyed
[2025.12.10-19.48.01:400][808]BlueprintLog: New page: Compile BP_Button
[2025.12.10-19.48.01:443][808]LogClass: Warning: Array Inner Type mismatch in Materials of Materials - Previous (StructProperty) Current(ObjectProperty) for package:  FObjectReader
[2025.12.10-19.48.01:493][808]LogUObjectHash: Compacting FUObjectHashTables data took   4.84ms
[2025.12.10-19.48.02:038][846]LogSavePackage: Moving '../../../../../../WORKPLACE/Mini_laboratory/MEPhI_VR_term_1/Mini_laboratory/Saved/BP_ButtonD95A7C274F58EDBA4F42B3B4177CE367.tmp' to '../../../../../../WORKPLACE/Mini_laboratory/MEPhI_VR_term_1/Mini_laboratory/Content/Workplace/Blueprints/BP_Button.uasset'
[2025.12.10-19.48.02:058][846]AssetCheck: New page: Asset Save: BP_Button
[2025.12.10-19.48.02:058][846]LogContentValidation: Display: Validating Blueprint /Game/Workplace/Blueprints/BP_Button.BP_Button
[2025.12.10-19.49.08:470][666]LogSlate: Window 'Change Variable Type' being destroyed
[2025.12.10-19.49.19:850][579]LogSlate: Window 'Change Variable Type' being destroyed
[2025.12.10-19.49.21:508][742]LogSlate: Window 'Find in Blueprints' being destroyed
[2025.12.10-19.49.21:514][742]LogSlate: Window 'Find in Blueprints' being destroyed
[2025.12.10-19.49.53:726][702]LogSelectionDetails: Warning: NavigateToFunctionSource:  Unable to find symbols for 'UPrimitiveComponent::SetMaterial' [Не найден указанный модуль.]
[2025.12.10-19.52.22:430][468]LogUObjectHash: Compacting FUObjectHashTables data took   5.17ms
[2025.12.10-19.52.22:494][468]LogSavePackage: Moving '../../../../../../WORKPLACE/Mini_laboratory/MEPhI_VR_term_1/Mini_laboratory/Saved/FirstLevel030E52E144D4B73CFE41DF879E31623C.tmp' to '../../../../../../WORKPLACE/Mini_laboratory/MEPhI_VR_term_1/Mini_laboratory/Content/Workplace/Maps/FirstLevel.umap'
[2025.12.10-19.52.22:530][468]LogSavePackage: Moving '../../../../../../WORKPLACE/Mini_laboratory/MEPhI_VR_term_1/Mini_laboratory/Saved/FirstLevel_BuiltData9D5E7E5E4E5E28A4248E43A2D19CF091.tmp' to '../../../../../../WORKPLACE/Mini_laboratory/MEPhI_VR_term_1/Mini_laboratory/Content/Workplace/Maps/FirstLevel_BuiltData.uasset'
[2025.12.10-19.52.22:557][468]AssetCheck: New page: Asset Save: multiple assets
[2025.12.10-19.52.22:557][468]LogContentValidation: Display: Validating World /Game/Workplace/Maps/FirstLevel.FirstLevel
[2025.12.10-19.52.22:557][468]LogContentValidation: Display: Validating MapBuildDataRegistry /Game/Workplace/Maps/FirstLevel_BuiltData.FirstLevel_BuiltData
[2025.12.10-19.52.24:057][610]BlueprintLog: New page: Compile BP_Button
[2025.12.10-19.52.24:063][610]LogClass: Warning: Array Inner Type mismatch in Materials of Materials - Previous (ObjectProperty) Current(StructProperty) for package:  FObjectReader
[2025.12.10-19.52.24:114][610]LogUObjectHash: Compacting FUObjectHashTables data took   3.08ms
[2025.12.10-19.52.24:551][645]LogSavePackage: Moving '../../../../../../WORKPLACE/Mini_laboratory/MEPhI_VR_term_1/Mini_laboratory/Saved/BP_ButtonA6C8638D4A20F1CD41EC198083401695.tmp' to '../../../../../../WORKPLACE/Mini_laboratory/MEPhI_VR_term_1/Mini_laboratory/Content/Workplace/Blueprints/BP_Button.uasset'
[2025.12.10-19.52.24:571][645]AssetCheck: New page: Asset Save: BP_Button
[2025.12.10-19.52.24:571][645]LogContentValidation: Display: Validating Blueprint /Game/Workplace/Blueprints/BP_Button.BP_Button
[2025.12.10-19.52.27:106][901]LogUObjectHash: Compacting FUObjectHashTables data took   4.11ms
[2025.12.10-19.52.29:298][118]LogWorld: UWorld::CleanupWorld for World_16, bSessionEnded=true, bCleanupResources=true
[2025.12.10-19.52.29:298][118]LogSlate: InvalidateAllWidgets triggered.  All widgets were invalidated
[2025.12.10-19.52.29:313][118]LogWorld: UWorld::CleanupWorld for World_15, bSessionEnded=true, bCleanupResources=true
[2025.12.10-19.52.29:313][118]LogSlate: InvalidateAllWidgets triggered.  All widgets were invalidated
[2025.12.10-19.52.54:505][622]LogSlate: Window 'Change Variable Type' being destroyed
[2025.12.10-19.52.56:608][827]LogSlate: Window 'Find in Blueprints' being destroyed
[2025.12.10-19.52.56:616][827]LogSlate: Window 'Find in Blueprints' being destroyed
[2025.12.10-19.53.14:257][695]BlueprintLog: New page: Compile BP_Button
[2025.12.10-19.53.14:261][695]LogOutputDevice: Warning: 

Script Stack (0 frames):

[2025.12.10-19.53.14:261][695]LogWindows: Windows GetLastError: Операция успешно завершена. (0)
[2025.12.10-19.53.16:212][695]LogWindows: Error: === Critical error: ===
[2025.12.10-19.53.16:212][695]LogWindows: Error: 
[2025.12.10-19.53.16:212][695]LogWindows: Error: Assertion failed: Tag.Size == Loaded [File:D:/Build/++UE4/Sync/Engine/Source/Runtime/CoreUObject/Private/UObject/Class.cpp] [Line: 1499] 
[2025.12.10-19.53.16:212][695]LogWindows: Error: 
[2025.12.10-19.53.16:212][695]LogWindows: Error: 
[2025.12.10-19.53.16:212][695]LogWindows: Error: 
[2025.12.10-19.53.16:212][695]LogWindows: Error: [Callstack] 0x00007ff911df5369 KERNELBASE.dll!UnknownFunction []
[2025.12.10-19.53.16:212][695]LogWindows: Error: [Callstack] 0x00007ff8bc560216 UE4Editor-Core.dll!UnknownFunction []
[2025.12.10-19.53.16:212][695]LogWindows: Error: [Callstack] 0x00007ff8bc564218 UE4Editor-Core.dll!UnknownFunction []
[2025.12.10-19.53.16:212][695]LogWindows: Error: [Callstack] 0x00007ff8bc28242d UE4Editor-Core.dll!UnknownFunction []
[2025.12.10-19.53.16:212][695]LogWindows: Error: [Callstack] 0x00007ff8bc1d6a45 UE4Editor-Core.dll!UnknownFunction []
[2025.12.10-19.53.16:212][695]LogWindows: Error: [Callstack] 0x00007ff8bc1d80a0 UE4Editor-Core.dll!UnknownFunction []
[2025.12.10-19.53.16:212][695]LogWindows: Error: [Callstack] 0x00007ff8bde59cb7 UE4Editor-CoreUObject.dll!UnknownFunction []
[2025.12.10-19.53.16:212][695]LogWindows: Error: [Callstack] 0x00007ff8bde57c3c UE4Editor-CoreUObject.dll!UnknownFunction []
[2025.12.10-19.53.16:212][695]LogWindows: Error: [Callstack] 0x00007ff8be016d74 UE4Editor-CoreUObject.dll!UnknownFunction []
[2025.12.10-19.53.16:212][695]LogWindows: Error: [Callstack] 0x00007ff8be013470 UE4Editor-CoreUObject.dll!UnknownFunction []
[2025.12.10-19.53.16:212][695]LogWindows: Error: [Callstack] 0x00007ff8be012edb UE4Editor-CoreUObject.dll!UnknownFunction []
[2025.12.10-19.53.16:212][695]LogWindows: Error: [Callstack] 0x00007ff843417579 UE4Editor-Engine.dll!UnknownFunction []
[2025.12.10-19.53.16:212][695]LogWindows: Error: [Callstack] 0x00007ff84466df66 UE4Editor-Engine.dll!UnknownFunction []
[2025.12.10-19.53.16:212][695]LogWindows: Error: [Callstack] 0x00007ff8bad246b2 UE4Editor-UnrealEd.dll!UnknownFunction []
[2025.12.10-19.53.16:212][695]LogWindows: Error: [Callstack] 0x00007ff8b76fdc87 UE4Editor-Kismet.dll!UnknownFunction []
[2025.12.10-19.53.16:212][695]LogWindows: Error: [Callstack] 0x00007ff8b76a6027 UE4Editor-Kismet.dll!UnknownFunction []
[2025.12.10-19.53.16:212][695]LogWindows: Error: [Callstack] 0x00007ff8b764c02f UE4Editor-Kismet.dll!UnknownFunction []
[2025.12.10-19.53.16:212][695]LogWindows: Error: [Callstack] 0x00007ff8b764bd71 UE4Editor-Kismet.dll!UnknownFunction []
[2025.12.10-19.53.16:212][695]LogWindows: Error: [Callstack] 0x00007ff8bad200de UE4Editor-UnrealEd.dll!UnknownFunction []
[2025.12.10-19.53.16:212][695]LogWindows: Error: [Callstack] 0x00007ff8b774ee7c UE4Editor-Kismet.dll!UnknownFunction []
[2025.12.10-19.53.16:212][695]LogWindows: Error: [Callstack] 0x00007ff8b776ca46 UE4Editor-Kismet.dll!UnknownFunction []
[2025.12.10-19.53.16:212][695]LogWindows: Error: [Callstack] 0x00007ff8bd3fcf28 UE4Editor-Slate.dll!UnknownFunction []
[2025.12.10-19.53.16:212][695]LogWindows: Error: [Callstack] 0x00007ff8bd422082 UE4Editor-Slate.dll!UnknownFunction []
[2025.12.10-19.53.16:212][695]LogWindows: Error: [Callstack] 0x00007ff8bd3fca87 UE4Editor-Slate.dll!UnknownFunction []
[2025.12.10-19.53.16:212][695]LogWindows: Error: [Callstack] 0x00007ff8bd49a6fe UE4Editor-Slate.dll!UnknownFunction []
[2025.12.10-19.53.16:212][695]LogWindows: Error: [Callstack] 0x00007ff8bd4b280e UE4Editor-Slate.dll!UnknownFunction []
[2025.12.10-19.53.16:212][695]LogWindows: Error: [Callstack] 0x00007ff8bd30421e UE4Editor-Slate.dll!UnknownFunction []
[2025.12.10-19.53.16:212][695]LogWindows: Error: [Callstack] 0x00007ff8bd37e104 UE4Editor-Slate.dll!UnknownFunction []
[2025.12.10-19.53.16:212][695]LogWindows: Error: [Callstack] 0x00007ff8bd367097 UE4Editor-Slate.dll!UnknownFunction []
[2025.12.10-19.53.16:212][695]LogWindows: Error: [Callstack] 0x00007ff8bd359b62 UE4Editor-Slate.dll!UnknownFunction []
[2025.12.10-19.53.16:212][695]LogWindows: Error: [Callstack] 0x00007ff8ec43c025 UE4Editor-ApplicationCore.dll!UnknownFunction []
[2025.12.10-19.53.16:212][695]LogWindows: Error: [Callstack] 0x00007ff8ec4292b7 UE4Editor-ApplicationCore.dll!UnknownFunction []
[2025.12.10-19.53.16:212][695]LogWindows: Error: [Callstack] 0x00007ff8ec43e465 UE4Editor-ApplicationCore.dll!UnknownFunction []
[2025.12.10-19.53.16:212][695]LogWindows: Error: [Callstack] 0x00007ff8ec424410 UE4Editor-ApplicationCore.dll!UnknownFunction []
[2025.12.10-19.53.16:212][695]LogWindows: Error: [Callstack] 0x00007ff91392ef5c USER32.dll!UnknownFunction []
[2025.12.10-19.53.16:212][695]LogWindows: Error: [Callstack] 0x00007ff91392e684 USER32.dll!UnknownFunction []
[2025.12.10-19.53.16:212][695]LogWindows: Error: [Callstack] 0x00007ff8ec43fcd4 UE4Editor-ApplicationCore.dll!UnknownFunction []
[2025.12.10-19.53.16:212][695]LogWindows: Error: [Callstack] 0x00007ff7e8ab7621 UE4Editor.exe!UnknownFunction []
[2025.12.10-19.53.16:212][695]LogWindows: Error: [Callstack] 0x00007ff7e8ad0fcc UE4Editor.exe!UnknownFunction []
[2025.12.10-19.53.16:212][695]LogWindows: Error: [Callstack] 0x00007ff7e8ad10ba UE4Editor.exe!UnknownFunction []
[2025.12.10-19.53.16:212][695]LogWindows: Error: [Callstack] 0x00007ff7e8ad40dd UE4Editor.exe!UnknownFunction []
[2025.12.10-19.53.16:212][695]LogWindows: Error: [Callstack] 0x00007ff7e8ae5984 UE4Editor.exe!UnknownFunction []
[2025.12.10-19.53.16:212][695]LogWindows: Error: [Callstack] 0x00007ff7e8ae853a UE4Editor.exe!UnknownFunction []
[2025.12.10-19.53.16:212][695]LogWindows: Error: [Callstack] 0x00007ff912ab7374 KERNEL32.DLL!UnknownFunction []
[2025.12.10-19.53.16:212][695]LogWindows: Error: [Callstack] 0x00007ff91431cc91 ntdll.dll!UnknownFunction []
[2025.12.10-19.53.16:212][695]LogWindows: Error: 
[2025.12.10-19.53.16:224][695]LogExit: Executing StaticShutdownAfterError
[2025.12.10-19.53.16:287][695]LogWindows: FPlatformMisc::RequestExit(1)
[2025.12.10-19.53.16:287][695]LogWindows: FPlatformMisc::RequestExitWithStatus(1, 3)
[2025.12.10-19.53.16:287][695]LogCore: Engine exit requested (reason: Win RequestExit)
[2025.12.10-19.53.16:300][695]Log file closed, 12/10/25 22:53:16
