Log file open, 12/21/25 15:29:48
LogWindows: Failed to load 'aqProf.dll' (GetLastError=126)
LogWindows: File 'aqProf.dll' does not exist
LogWindows: Failed to load 'VtuneApi.dll' (GetLastError=126)
LogWindows: File 'VtuneApi.dll' does not exist
LogWindows: Failed to load 'VtuneApi32e.dll' (GetLastError=126)
LogWindows: File 'VtuneApi32e.dll' does not exist
LogConsoleResponse: Display: Failed to find resolution value strings in scalability ini. Falling back to default.
LogConsoleResponse: Display: Failed to find resolution value strings in scalability ini. Falling back to default.
LogInit: Display: Running engine for game: Mini_laboratory
LogPlatformFile: Not using cached read wrapper
LogTaskGraph: Started task graph with 5 named threads and 23 total threads with 3 sets of task threads.
LogStats: Stats thread started at 0.653261
LogICUInternationalization: ICU TimeZone Detection - Raw Offset: +3:00, Platform Override: ''
LogInit: Display: Loading text-based GConfig....
LogPluginManager: Mounting plugin MeshPainting
LogPluginManager: Mounting plugin XGEController
LogPluginManager: Mounting plugin Paper2D
LogPluginManager: Mounting plugin AISupport
LogPluginManager: Mounting plugin EnvironmentQueryEditor
LogPluginManager: Mounting plugin LightPropagationVolume
LogPluginManager: Mounting plugin LiveLink
LogPluginManager: Mounting plugin OodleData
LogPluginManager: Mounting plugin OodleNetwork
LogPluginManager: Mounting plugin CameraShakePreviewer
LogPluginManager: Mounting plugin AnimationSharing
LogPluginManager: Mounting plugin GameplayCameras
LogPluginManager: Mounting plugin AssetManagerEditor
LogPluginManager: Mounting plugin CryptoKeys
LogPluginManager: Mounting plugin CurveEditorTools
LogPluginManager: Mounting plugin DataValidation
LogPluginManager: Mounting plugin CLionSourceCodeAccess
LogPluginManager: Mounting plugin GeometryMode
LogPluginManager: Mounting plugin GameplayTagsEditor
LogPluginManager: Mounting plugin FacialAnimation
LogPluginManager: Mounting plugin MacGraphicsSwitching
LogPluginManager: Mounting plugin MaterialAnalyzer
LogPluginManager: Mounting plugin MobileLauncherProfileWizard
LogPluginManager: Mounting plugin PluginBrowser
LogPluginManager: Mounting plugin SpeedTreeImporter
LogPluginManager: Mounting plugin AlembicImporter
LogPluginManager: Mounting plugin AutomationUtils
LogPluginManager: Mounting plugin BackChannel
LogPluginManager: Mounting plugin Niagara
LogPluginManager: Mounting plugin ChaosCloth
LogPluginManager: Mounting plugin ChaosClothEditor
LogPluginManager: Mounting plugin ChaosNiagara
LogPluginManager: Mounting plugin ChaosEditor
LogPluginManager: Mounting plugin ChaosSolverPlugin
LogPluginManager: Mounting plugin CharacterAI
LogPluginManager: Mounting plugin GeometryCache
LogPluginManager: Mounting plugin GeometryCollectionPlugin
LogPluginManager: Mounting plugin GeometryProcessing
LogPluginManager: Mounting plugin AndroidMedia
LogPluginManager: Mounting plugin AvfMedia
LogPluginManager: Mounting plugin MotoSynth
LogPluginManager: Mounting plugin LuminPlatformFeatures
LogPluginManager: Mounting plugin OpenImageDenoise
LogPluginManager: Mounting plugin PlanarCut
LogPluginManager: Mounting plugin PlatformCrypto
LogPluginManager: Mounting plugin ImgMedia
LogPluginManager: Mounting plugin ProxyLODPlugin
LogPluginManager: Mounting plugin MediaCompositing
LogPluginManager: Mounting plugin PythonScriptPlugin
LogPluginManager: Mounting plugin MagicLeap
LogPluginManager: Mounting plugin MediaPlayerEditor
LogPluginManager: Mounting plugin WebMMedia
LogPluginManager: Mounting plugin WmfMedia
LogPluginManager: Mounting plugin MagicLeapLightEstimation
LogPluginManager: Mounting plugin SkeletalReduction
LogPluginManager: Mounting plugin MagicLeapMedia
LogPluginManager: Mounting plugin MagicLeapPassableWorld
LogPluginManager: Mounting plugin MLSDK
LogPluginManager: Mounting plugin TcpMessaging
LogPluginManager: Mounting plugin UdpMessaging
LogPluginManager: Mounting plugin ActorSequence
LogPluginManager: Mounting plugin OnlineSubsystem
LogPluginManager: Mounting plugin OnlineSubsystemNull
LogPluginManager: Mounting plugin OnlineSubsystemUtils
LogPluginManager: Mounting plugin LevelSequenceEditor
LogPluginManager: Mounting plugin MatineeToLevelSequence
LogPluginManager: Mounting plugin LauncherChunkInstaller
LogPluginManager: Mounting plugin ActorLayerUtilities
LogPluginManager: Mounting plugin TemplateSequence
LogPluginManager: Mounting plugin AndroidDeviceProfileSelector
LogPluginManager: Mounting plugin AndroidMoviePlayer
LogPluginManager: Mounting plugin AndroidPermission
LogPluginManager: Mounting plugin AppleImageUtils
LogPluginManager: Mounting plugin AppleMoviePlayer
LogPluginManager: Mounting plugin ArchVisCharacter
LogPluginManager: Mounting plugin AudioCapture
LogPluginManager: Mounting plugin AssetTags
LogPluginManager: Mounting plugin AudioSynesthesia
LogPluginManager: Mounting plugin CableComponent
LogPluginManager: Mounting plugin CustomMeshComponent
LogPluginManager: Mounting plugin ChunkDownloader
LogPluginManager: Mounting plugin EditableMesh
LogPluginManager: Mounting plugin ExampleDeviceProfileSelector
LogPluginManager: Mounting plugin GoogleCloudMessaging
LogPluginManager: Mounting plugin GooglePAD
LogPluginManager: Mounting plugin LinuxDeviceProfileSelector
LogPluginManager: Mounting plugin LocationServicesBPLibrary
LogPluginManager: Mounting plugin MobilePatchingUtils
LogPluginManager: Mounting plugin OpenXREyeTracker
LogPluginManager: Mounting plugin OpenXR
LogPluginManager: Mounting plugin OpenXRHandTracking
LogPluginManager: Mounting plugin PhysXVehicles
LogPluginManager: Mounting plugin IOSDeviceProfileSelector
LogPluginManager: Mounting plugin ScreenshotTools
LogPluginManager: Mounting plugin PostSplashScreen
LogPluginManager: Mounting plugin ProceduralMeshComponent
LogPluginManager: Mounting plugin PropertyAccessEditor
LogPluginManager: Mounting plugin RuntimePhysXCooking
LogPluginManager: Mounting plugin SignificanceManager
LogPluginManager: Mounting plugin SoundFields
LogPluginManager: Mounting plugin Synthesis
LogPluginManager: Mounting plugin WebMMoviePlayer
LogPluginManager: Mounting plugin WindowsMoviePlayer
LogPluginManager: Mounting plugin Takes
LogPluginManager: Mounting plugin CodeLiteSourceCodeAccess
LogPluginManager: Mounting plugin GitSourceControl
LogPluginManager: Mounting plugin KDevelopSourceCodeAccess
LogPluginManager: Mounting plugin NullSourceCodeAccess
LogPluginManager: Mounting plugin PerforceSourceControl
LogPluginManager: Mounting plugin PixWinPlugin
LogPluginManager: Mounting plugin PlasticSourceControl
LogPluginManager: Mounting plugin PluginUtils
LogPluginManager: Mounting plugin PropertyAccessNode
LogPluginManager: Mounting plugin RiderSourceCodeAccess
LogPluginManager: Mounting plugin SubversionSourceControl
LogPluginManager: Mounting plugin TextureFormatOodle
LogPluginManager: Mounting plugin UObjectPlugin
LogPluginManager: Mounting plugin VisualStudioCodeSourceCodeAccess
LogPluginManager: Mounting plugin VisualStudioSourceCodeAccess
LogPluginManager: Mounting plugin XCodeSourceCodeAccess
LogPluginManager: Mounting plugin DatasmithContent
LogPluginManager: Mounting plugin VariantManagerContent
LogPluginManager: Mounting plugin ContentBrowserClassDataSource
LogPluginManager: Mounting plugin ContentBrowserAssetDataSource
LogPluginManager: Mounting plugin ContentBrowserFileDataSource
LogPluginManager: Mounting plugin OnlineSubsystemGooglePlay
LogPluginManager: Mounting plugin OnlineSubsystemIOS
LogPluginManager: Mounting plugin OculusVR
LogPluginManager: Mounting plugin SteamVR
LogInit: Using libcurl 7.55.1-DEV
LogInit:  - built for x86_64-pc-win32
LogInit:  - supports SSL with OpenSSL/1.1.1
LogInit:  - supports HTTP deflate (compression) using libz 1.2.8
LogInit:  - other features:
LogInit:      CURL_VERSION_SSL
LogInit:      CURL_VERSION_LIBZ
LogInit:      CURL_VERSION_IPV6
LogInit:      CURL_VERSION_ASYNCHDNS
LogInit:      CURL_VERSION_LARGEFILE
LogInit:      CURL_VERSION_IDN
LogInit:  CurlRequestOptions (configurable via config and command line):
LogInit:  - bVerifyPeer = true  - Libcurl will verify peer certificate
LogInit:  - bUseHttpProxy = false  - Libcurl will NOT use HTTP proxy
LogInit:  - bDontReuseConnections = false  - Libcurl will reuse connections
LogInit:  - MaxHostConnections = 16  - Libcurl will limit the number of connections to a host
LogInit:  - LocalHostAddr = Default
LogInit:  - BufferSize = 65536
LogOnline: OSS: Creating online subsystem instance for: NULL
LogInit: WinSock: version 1.1 (2.2), MaxSocks=32767, MaxUdp=65467
LogOnline: OSS: TryLoadSubsystemAndSetDefault: Loaded subsystem for module [NULL]
PixWinPlugin: PIX capture plugin failed to initialize! Check that the process is launched from PIX.
LogOculusPluginWrapper: OculusPlugin initialized successfully
LogHMD: Failed initializing OVRPlugin 1.59.0
LogInit: Build: ++UE4+Release-4.27-CL-18319896
LogInit: Engine Version: 4.27.2-18319896+++UE4+Release-4.27
LogInit: Compatible Engine Version: 4.27.0-17155196+++UE4+Release-4.27
LogInit: Net CL: 17155196
LogInit: OS: Windows 10 (Release 2009) (), CPU: Intel(R) Core(TM) i5-10300H CPU @ 2.50GHz, GPU: Intel(R) UHD Graphics
LogInit: Compiled (64-bit): Nov 30 2021 07:12:08
LogInit: Compiled with Visual C++: 19.24.28315.00
LogInit: Build Configuration: Development
LogInit: Branch Name: ++UE4+Release-4.27
LogInit: Command Line: 
LogInit: Base Directory: D:/Progams on PC/Unreal/UE_4.27/Engine/Binaries/Win64/
LogInit: Allocator: TBB
LogInit: Installed Engine Build: 1
LogDevObjectVersion: Number of dev versions registered: 29
LogDevObjectVersion:   Dev-Blueprints (B0D832E4-1F89-4F0D-ACCF-7EB736FD4AA2): 10
LogDevObjectVersion:   Dev-Build (E1C64328-A22C-4D53-A36C-8E866417BD8C): 0
LogDevObjectVersion:   Dev-Core (375EC13C-06E4-48FB-B500-84F0262A717E): 4
LogDevObjectVersion:   Dev-Editor (E4B068ED-F494-42E9-A231-DA0B2E46BB41): 40
LogDevObjectVersion:   Dev-Framework (CFFC743F-43B0-4480-9391-14DF171D2073): 37
LogDevObjectVersion:   Dev-Mobile (B02B49B5-BB20-44E9-A304-32B752E40360): 3
LogDevObjectVersion:   Dev-Networking (A4E4105C-59A1-49B5-A7C5-40C4547EDFEE): 0
LogDevObjectVersion:   Dev-Online (39C831C9-5AE6-47DC-9A44-9C173E1C8E7C): 0
LogDevObjectVersion:   Dev-Physics (78F01B33-EBEA-4F98-B9B4-84EACCB95AA2): 14
LogDevObjectVersion:   Dev-Platform (6631380F-2D4D-43E0-8009-CF276956A95A): 0
LogDevObjectVersion:   Dev-Rendering (12F88B9F-8875-4AFC-A67C-D90C383ABD29): 45
LogDevObjectVersion:   Dev-Sequencer (7B5AE74C-D270-4C10-A958-57980B212A5A): 13
LogDevObjectVersion:   Dev-VR (D7296918-1DD6-4BDD-9DE2-64A83CC13884): 3
LogDevObjectVersion:   Dev-LoadTimes (C2A15278-BFE7-4AFE-6C17-90FF531DF755): 1
LogDevObjectVersion:   Private-Geometry (6EACA3D4-40EC-4CC1-B786-8BED09428FC5): 3
LogDevObjectVersion:   Dev-AnimPhys (29E575DD-E0A3-4627-9D10-D276232CDCEA): 17
LogDevObjectVersion:   Dev-Anim (AF43A65D-7FD3-4947-9873-3E8ED9C1BB05): 15
LogDevObjectVersion:   Dev-ReflectionCapture (6B266CEC-1EC7-4B8F-A30B-E4D90942FC07): 1
LogDevObjectVersion:   Dev-Automation (0DF73D61-A23F-47EA-B727-89E90C41499A): 1
LogDevObjectVersion:   FortniteMain (601D1886-AC64-4F84-AA16-D3DE0DEAC7D6): 47
LogDevObjectVersion:   FortniteRelease (E7086368-6B23-4C58-8439-1B7016265E91): 1
LogDevObjectVersion:   Dev-Enterprise (9DFFBCD6-494F-0158-E221-12823C92A888): 10
LogDevObjectVersion:   Dev-Niagara (F2AED0AC-9AFE-416F-8664-AA7FFA26D6FC): 1
LogDevObjectVersion:   Dev-Destruction (174F1F0B-B4C6-45A5-B13F-2EE8D0FB917D): 10
LogDevObjectVersion:   Dev-Physics-Ext (35F94A83-E258-406C-A318-09F59610247C): 41
LogDevObjectVersion:   Dev-PhysicsMaterial-Chaos (B68FC16E-8B1B-42E2-B453-215C058844FE): 1
LogDevObjectVersion:   Dev-CineCamera (B2E18506-4273-CFC2-A54E-F4BB758BBA07): 1
LogDevObjectVersion:   Dev-VirtualProduction (64F58936-FD1B-42BA-BA96-7289D5D0FA4E): 1
LogDevObjectVersion:   Dev-MediaFramework (6F0ED827-A609-4895-9C91-998D90180EA4): 2
LogInit: Presizing for max 25165824 objects, including 0 objects not considered by GC, pre-allocating 0 bytes for permanent pool.
LogConfig: Applying CVar settings from Section [/Script/Engine.StreamingSettings] File [D:/WORKPLACE/Mini_laboratory/MEPhI_VR_term_1/Mini_laboratory/Saved/Config/Windows/Engine.ini]
LogConfig: Setting CVar [[s.MinBulkDataSizeForAsyncLoading:131072]]
LogConfig: Setting CVar [[s.AsyncLoadingThreadEnabled:0]]
LogConfig: Setting CVar [[s.EventDrivenLoaderEnabled:1]]
LogConfig: Setting CVar [[s.WarnIfTimeLimitExceeded:0]]
LogConfig: Setting CVar [[s.TimeLimitExceededMultiplier:1.5]]
LogConfig: Setting CVar [[s.TimeLimitExceededMinTime:0.005]]
LogConfig: Setting CVar [[s.UseBackgroundLevelStreaming:1]]
LogConfig: Setting CVar [[s.PriorityAsyncLoadingExtraTime:15.0]]
LogConfig: Setting CVar [[s.LevelStreamingActorsUpdateTimeLimit:5.0]]
LogConfig: Setting CVar [[s.PriorityLevelStreamingActorsUpdateExtraTime:5.0]]
LogConfig: Setting CVar [[s.LevelStreamingComponentsRegistrationGranularity:10]]
LogConfig: Setting CVar [[s.UnregisterComponentsTimeLimit:1.0]]
LogConfig: Setting CVar [[s.LevelStreamingComponentsUnregistrationGranularity:5]]
LogConfig: Setting CVar [[s.FlushStreamingOnExit:1]]
LogInit: Object subsystem initialized
LogConfig: Setting CVar [[con.DebugEarlyDefault:1]]
LogConfig: Setting CVar [[r.setres:1280x720]]
[2025.12.21-12.29.49:863][  0]LogConfig: Setting CVar [[r.VSync:0]]
[2025.12.21-12.29.49:863][  0]LogConfig: Setting CVar [[r.RHICmdBypass:0]]
[2025.12.21-12.29.49:863][  0]LogConfig: Applying CVar settings from Section [/Script/Engine.RendererSettings] File [D:/WORKPLACE/Mini_laboratory/MEPhI_VR_term_1/Mini_laboratory/Saved/Config/Windows/Engine.ini]
[2025.12.21-12.29.49:863][  0]LogConfig: Setting CVar [[r.GPUCrashDebugging:0]]
[2025.12.21-12.29.49:863][  0]LogConfig: Applying CVar settings from Section [/Script/Engine.RendererOverrideSettings] File [D:/WORKPLACE/Mini_laboratory/MEPhI_VR_term_1/Mini_laboratory/Saved/Config/Windows/Engine.ini]
[2025.12.21-12.29.49:863][  0]LogConfig: Applying CVar settings from Section [/Script/Engine.StreamingSettings] File [D:/WORKPLACE/Mini_laboratory/MEPhI_VR_term_1/Mini_laboratory/Saved/Config/Windows/Engine.ini]
[2025.12.21-12.29.49:863][  0]LogConfig: Setting CVar [[s.MinBulkDataSizeForAsyncLoading:131072]]
[2025.12.21-12.29.49:863][  0]LogConfig: Setting CVar [[s.AsyncLoadingThreadEnabled:0]]
[2025.12.21-12.29.49:863][  0]LogConfig: Setting CVar [[s.EventDrivenLoaderEnabled:1]]
[2025.12.21-12.29.49:863][  0]LogConfig: Setting CVar [[s.WarnIfTimeLimitExceeded:0]]
[2025.12.21-12.29.49:863][  0]LogConfig: Setting CVar [[s.TimeLimitExceededMultiplier:1.5]]
[2025.12.21-12.29.49:863][  0]LogConfig: Setting CVar [[s.TimeLimitExceededMinTime:0.005]]
[2025.12.21-12.29.49:863][  0]LogConfig: Setting CVar [[s.UseBackgroundLevelStreaming:1]]
[2025.12.21-12.29.49:863][  0]LogConfig: Setting CVar [[s.PriorityAsyncLoadingExtraTime:15.0]]
[2025.12.21-12.29.49:863][  0]LogConfig: Setting CVar [[s.LevelStreamingActorsUpdateTimeLimit:5.0]]
[2025.12.21-12.29.49:863][  0]LogConfig: Setting CVar [[s.PriorityLevelStreamingActorsUpdateExtraTime:5.0]]
[2025.12.21-12.29.49:863][  0]LogConfig: Setting CVar [[s.LevelStreamingComponentsRegistrationGranularity:10]]
[2025.12.21-12.29.49:863][  0]LogConfig: Setting CVar [[s.UnregisterComponentsTimeLimit:1.0]]
[2025.12.21-12.29.49:863][  0]LogConfig: Setting CVar [[s.LevelStreamingComponentsUnregistrationGranularity:5]]
[2025.12.21-12.29.49:863][  0]LogConfig: Setting CVar [[s.FlushStreamingOnExit:1]]
[2025.12.21-12.29.49:863][  0]LogConfig: Applying CVar settings from Section [/Script/Engine.GarbageCollectionSettings] File [D:/WORKPLACE/Mini_laboratory/MEPhI_VR_term_1/Mini_laboratory/Saved/Config/Windows/Engine.ini]
[2025.12.21-12.29.49:863][  0]LogConfig: Setting CVar [[gc.MaxObjectsNotConsideredByGC:1]]
[2025.12.21-12.29.49:863][  0]LogConfig: Setting CVar [[gc.SizeOfPermanentObjectPool:0]]
[2025.12.21-12.29.49:863][  0]LogConfig: Setting CVar [[gc.FlushStreamingOnGC:0]]
[2025.12.21-12.29.49:863][  0]LogConfig: Setting CVar [[gc.NumRetriesBeforeForcingGC:10]]
[2025.12.21-12.29.49:863][  0]LogConfig: Setting CVar [[gc.AllowParallelGC:1]]
[2025.12.21-12.29.49:863][  0]LogConfig: Setting CVar [[gc.TimeBetweenPurgingPendingKillObjects:61.1]]
[2025.12.21-12.29.49:863][  0]LogConfig: Setting CVar [[gc.MaxObjectsInEditor:25165824]]
[2025.12.21-12.29.49:863][  0]LogConfig: Setting CVar [[gc.IncrementalBeginDestroyEnabled:1]]
[2025.12.21-12.29.49:863][  0]LogConfig: Setting CVar [[gc.CreateGCClusters:1]]
[2025.12.21-12.29.49:863][  0]LogConfig: Setting CVar [[gc.MinGCClusterSize:5]]
[2025.12.21-12.29.49:863][  0]LogConfig: Setting CVar [[gc.ActorClusteringEnabled:0]]
[2025.12.21-12.29.49:863][  0]LogConfig: Setting CVar [[gc.BlueprintClusteringEnabled:0]]
[2025.12.21-12.29.49:863][  0]LogConfig: Setting CVar [[gc.UseDisregardForGCOnDedicatedServers:0]]
[2025.12.21-12.29.49:863][  0]LogConfig: Setting CVar [[gc.MultithreadedDestructionEnabled:1]]
[2025.12.21-12.29.49:863][  0]LogConfig: Applying CVar settings from Section [/Script/Engine.NetworkSettings] File [D:/WORKPLACE/Mini_laboratory/MEPhI_VR_term_1/Mini_laboratory/Saved/Config/Windows/Engine.ini]
[2025.12.21-12.29.49:863][  0]LogConfig: Applying CVar settings from Section [/Script/UnrealEd.CookerSettings] File [D:/WORKPLACE/Mini_laboratory/MEPhI_VR_term_1/Mini_laboratory/Saved/Config/Windows/Engine.ini]
[2025.12.21-12.29.49:868][  0]LogConfig: Applying CVar settings from Section [ViewDistanceQuality@3] File [D:/WORKPLACE/Mini_laboratory/MEPhI_VR_term_1/Mini_laboratory/Saved/Config/Windows/Scalability.ini]
[2025.12.21-12.29.49:868][  0]LogConfig: Setting CVar [[r.SkeletalMeshLODBias:0]]
[2025.12.21-12.29.49:868][  0]LogConfig: Setting CVar [[r.ViewDistanceScale:1.0]]
[2025.12.21-12.29.49:868][  0]LogConfig: Applying CVar settings from Section [AntiAliasingQuality@3] File [D:/WORKPLACE/Mini_laboratory/MEPhI_VR_term_1/Mini_laboratory/Saved/Config/Windows/Scalability.ini]
[2025.12.21-12.29.49:869][  0]LogConfig: Setting CVar [[r.PostProcessAAQuality:4]]
[2025.12.21-12.29.49:869][  0]LogConfig: Applying CVar settings from Section [ShadowQuality@3] File [D:/WORKPLACE/Mini_laboratory/MEPhI_VR_term_1/Mini_laboratory/Saved/Config/Windows/Scalability.ini]
[2025.12.21-12.29.49:869][  0]LogConfig: Setting CVar [[r.LightFunctionQuality:1]]
[2025.12.21-12.29.49:869][  0]LogConfig: Setting CVar [[r.ShadowQuality:5]]
[2025.12.21-12.29.49:869][  0]LogConfig: Setting CVar [[r.Shadow.CSM.MaxCascades:10]]
[2025.12.21-12.29.49:869][  0]LogConfig: Setting CVar [[r.Shadow.MaxResolution:2048]]
[2025.12.21-12.29.49:869][  0]LogConfig: Setting CVar [[r.Shadow.MaxCSMResolution:2048]]
[2025.12.21-12.29.49:869][  0]LogConfig: Setting CVar [[r.Shadow.RadiusThreshold:0.01]]
[2025.12.21-12.29.49:869][  0]LogConfig: Setting CVar [[r.Shadow.DistanceScale:1.0]]
[2025.12.21-12.29.49:869][  0]LogConfig: Setting CVar [[r.Shadow.CSM.TransitionScale:1.0]]
[2025.12.21-12.29.49:869][  0]LogConfig: Setting CVar [[r.Shadow.PreShadowResolutionFactor:1.0]]
[2025.12.21-12.29.49:869][  0]LogConfig: Setting CVar [[r.DistanceFieldShadowing:1]]
[2025.12.21-12.29.49:869][  0]LogConfig: Setting CVar [[r.DistanceFieldAO:1]]
[2025.12.21-12.29.49:869][  0]LogConfig: Setting CVar [[r.AOQuality:2]]
[2025.12.21-12.29.49:869][  0]LogConfig: Setting CVar [[r.VolumetricFog:1]]
[2025.12.21-12.29.49:869][  0]LogConfig: Setting CVar [[r.VolumetricFog.GridPixelSize:8]]
[2025.12.21-12.29.49:869][  0]LogConfig: Setting CVar [[r.VolumetricFog.GridSizeZ:128]]
[2025.12.21-12.29.49:869][  0]LogConfig: Setting CVar [[r.VolumetricFog.HistoryMissSupersampleCount:4]]
[2025.12.21-12.29.49:869][  0]LogConfig: Setting CVar [[r.LightMaxDrawDistanceScale:1]]
[2025.12.21-12.29.49:869][  0]LogConfig: Setting CVar [[r.CapsuleShadows:1]]
[2025.12.21-12.29.49:869][  0]LogConfig: Applying CVar settings from Section [PostProcessQuality@3] File [D:/WORKPLACE/Mini_laboratory/MEPhI_VR_term_1/Mini_laboratory/Saved/Config/Windows/Scalability.ini]
[2025.12.21-12.29.49:869][  0]LogConfig: Setting CVar [[r.MotionBlurQuality:4]]
[2025.12.21-12.29.49:869][  0]LogConfig: Setting CVar [[r.AmbientOcclusionMipLevelFactor:0.4]]
[2025.12.21-12.29.49:869][  0]LogConfig: Setting CVar [[r.AmbientOcclusionMaxQuality:100]]
[2025.12.21-12.29.49:869][  0]LogConfig: Setting CVar [[r.AmbientOcclusionLevels:-1]]
[2025.12.21-12.29.49:869][  0]LogConfig: Setting CVar [[r.AmbientOcclusionRadiusScale:1.0]]
[2025.12.21-12.29.49:869][  0]LogConfig: Setting CVar [[r.DepthOfFieldQuality:2]]
[2025.12.21-12.29.49:869][  0]LogConfig: Setting CVar [[r.RenderTargetPoolMin:400]]
[2025.12.21-12.29.49:869][  0]LogConfig: Setting CVar [[r.LensFlareQuality:2]]
[2025.12.21-12.29.49:869][  0]LogConfig: Setting CVar [[r.SceneColorFringeQuality:1]]
[2025.12.21-12.29.49:869][  0]LogConfig: Setting CVar [[r.EyeAdaptationQuality:2]]
[2025.12.21-12.29.49:869][  0]LogConfig: Setting CVar [[r.BloomQuality:5]]
[2025.12.21-12.29.49:869][  0]LogConfig: Setting CVar [[r.FastBlurThreshold:100]]
[2025.12.21-12.29.49:869][  0]LogConfig: Setting CVar [[r.Upscale.Quality:3]]
[2025.12.21-12.29.49:869][  0]LogConfig: Setting CVar [[r.Tonemapper.GrainQuantization:1]]
[2025.12.21-12.29.49:869][  0]LogConfig: Setting CVar [[r.LightShaftQuality:1]]
[2025.12.21-12.29.49:869][  0]LogConfig: Setting CVar [[r.Filter.SizeScale:1]]
[2025.12.21-12.29.49:869][  0]LogConfig: Setting CVar [[r.Tonemapper.Quality:5]]
[2025.12.21-12.29.49:869][  0]LogConfig: Setting CVar [[r.DOF.Gather.AccumulatorQuality:1        ; higher gathering accumulator quality]]
[2025.12.21-12.29.49:869][  0]LogConfig: Setting CVar [[r.DOF.Gather.PostfilterMethod:1          ; Median3x3 postfilering method]]
[2025.12.21-12.29.49:869][  0]LogConfig: Setting CVar [[r.DOF.Gather.EnableBokehSettings:0       ; no bokeh simulation when gathering]]
[2025.12.21-12.29.49:869][  0]LogConfig: Setting CVar [[r.DOF.Gather.RingCount:4                 ; medium number of samples when gathering]]
[2025.12.21-12.29.49:869][  0]LogConfig: Setting CVar [[r.DOF.Scatter.ForegroundCompositing:1    ; additive foreground scattering]]
[2025.12.21-12.29.49:869][  0]LogConfig: Setting CVar [[r.DOF.Scatter.BackgroundCompositing:2    ; additive background scattering]]
[2025.12.21-12.29.49:869][  0]LogConfig: Setting CVar [[r.DOF.Scatter.EnableBokehSettings:1      ; bokeh simulation when scattering]]
[2025.12.21-12.29.49:869][  0]LogConfig: Setting CVar [[r.DOF.Scatter.MaxSpriteRatio:0.1         ; only a maximum of 10% of scattered bokeh]]
[2025.12.21-12.29.49:869][  0]LogConfig: Setting CVar [[r.DOF.Recombine.Quality:1                ; cheap slight out of focus]]
[2025.12.21-12.29.49:869][  0]LogConfig: Setting CVar [[r.DOF.Recombine.EnableBokehSettings:0    ; no bokeh simulation on slight out of focus]]
[2025.12.21-12.29.49:869][  0]LogConfig: Setting CVar [[r.DOF.TemporalAAQuality:1                ; more stable temporal accumulation]]
[2025.12.21-12.29.49:869][  0]LogConfig: Setting CVar [[r.DOF.Kernel.MaxForegroundRadius:0.025]]
[2025.12.21-12.29.49:869][  0]LogConfig: Setting CVar [[r.DOF.Kernel.MaxBackgroundRadius:0.025]]
[2025.12.21-12.29.49:869][  0]LogConfig: Applying CVar settings from Section [TextureQuality@3] File [D:/WORKPLACE/Mini_laboratory/MEPhI_VR_term_1/Mini_laboratory/Saved/Config/Windows/Scalability.ini]
[2025.12.21-12.29.49:869][  0]LogConfig: Setting CVar [[r.Streaming.MipBias:0]]
[2025.12.21-12.29.49:869][  0]LogConfig: Setting CVar [[r.Streaming.AmortizeCPUToGPUCopy:0]]
[2025.12.21-12.29.49:869][  0]LogConfig: Setting CVar [[r.Streaming.MaxNumTexturesToStreamPerFrame:0]]
[2025.12.21-12.29.49:869][  0]LogConfig: Setting CVar [[r.Streaming.Boost:1]]
[2025.12.21-12.29.49:869][  0]LogConfig: Setting CVar [[r.MaxAnisotropy:8]]
[2025.12.21-12.29.49:869][  0]LogConfig: Setting CVar [[r.VT.MaxAnisotropy:8]]
[2025.12.21-12.29.49:869][  0]LogConfig: Setting CVar [[r.Streaming.LimitPoolSizeToVRAM:0]]
[2025.12.21-12.29.49:869][  0]LogConfig: Setting CVar [[r.Streaming.PoolSize:1000]]
[2025.12.21-12.29.49:869][  0]LogConfig: Setting CVar [[r.Streaming.MaxEffectiveScreenSize:0]]
[2025.12.21-12.29.49:869][  0]LogConfig: Applying CVar settings from Section [EffectsQuality@3] File [D:/WORKPLACE/Mini_laboratory/MEPhI_VR_term_1/Mini_laboratory/Saved/Config/Windows/Scalability.ini]
[2025.12.21-12.29.49:869][  0]LogConfig: Setting CVar [[r.TranslucencyLightingVolumeDim:64]]
[2025.12.21-12.29.49:869][  0]LogConfig: Setting CVar [[r.RefractionQuality:2]]
[2025.12.21-12.29.49:869][  0]LogConfig: Setting CVar [[r.SSR.Quality:3]]
[2025.12.21-12.29.49:869][  0]LogConfig: Setting CVar [[r.SSR.HalfResSceneColor:0]]
[2025.12.21-12.29.49:869][  0]LogConfig: Setting CVar [[r.SceneColorFormat:4]]
[2025.12.21-12.29.49:869][  0]LogConfig: Setting CVar [[r.DetailMode:2]]
[2025.12.21-12.29.49:869][  0]LogConfig: Setting CVar [[r.TranslucencyVolumeBlur:1]]
[2025.12.21-12.29.49:869][  0]LogConfig: Setting CVar [[r.MaterialQualityLevel:1 ; High quality]]
[2025.12.21-12.29.49:869][  0]LogConfig: Setting CVar [[r.AnisotropicMaterials:1]]
[2025.12.21-12.29.49:869][  0]LogConfig: Setting CVar [[r.SSS.Scale:1]]
[2025.12.21-12.29.49:869][  0]LogConfig: Setting CVar [[r.SSS.SampleSet:2]]
[2025.12.21-12.29.49:869][  0]LogConfig: Setting CVar [[r.SSS.Quality:1]]
[2025.12.21-12.29.49:869][  0]LogConfig: Setting CVar [[r.SSS.HalfRes:0]]
[2025.12.21-12.29.49:869][  0]LogConfig: Setting CVar [[r.SSGI.Quality:3]]
[2025.12.21-12.29.49:869][  0]LogConfig: Setting CVar [[r.EmitterSpawnRateScale:1.0]]
[2025.12.21-12.29.49:869][  0]LogConfig: Setting CVar [[r.ParticleLightQuality:2]]
[2025.12.21-12.29.49:869][  0]LogConfig: Setting CVar [[r.SkyAtmosphere.AerialPerspectiveLUT.FastApplyOnOpaque:1 ; Always have FastSkyLUT 1 in this case to avoid wrong sky]]
[2025.12.21-12.29.49:869][  0]LogConfig: Setting CVar [[r.SkyAtmosphere.AerialPerspectiveLUT.SampleCountMaxPerSlice:4]]
[2025.12.21-12.29.49:869][  0]LogConfig: Setting CVar [[r.SkyAtmosphere.AerialPerspectiveLUT.DepthResolution:16.0]]
[2025.12.21-12.29.49:869][  0]LogConfig: Setting CVar [[r.SkyAtmosphere.FastSkyLUT:1]]
[2025.12.21-12.29.49:869][  0]LogConfig: Setting CVar [[r.SkyAtmosphere.FastSkyLUT.SampleCountMin:4.0]]
[2025.12.21-12.29.49:869][  0]LogConfig: Setting CVar [[r.SkyAtmosphere.FastSkyLUT.SampleCountMax:128.0]]
[2025.12.21-12.29.49:869][  0]LogConfig: Setting CVar [[r.SkyAtmosphere.SampleCountMin:4.0]]
[2025.12.21-12.29.49:869][  0]LogConfig: Setting CVar [[r.SkyAtmosphere.SampleCountMax:128.0]]
[2025.12.21-12.29.49:869][  0]LogConfig: Setting CVar [[r.SkyAtmosphere.TransmittanceLUT.UseSmallFormat:0]]
[2025.12.21-12.29.49:869][  0]LogConfig: Setting CVar [[r.SkyAtmosphere.TransmittanceLUT.SampleCount:10.0]]
[2025.12.21-12.29.49:869][  0]LogConfig: Setting CVar [[r.SkyAtmosphere.MultiScatteringLUT.SampleCount:15.0]]
[2025.12.21-12.29.49:869][  0]LogConfig: Setting CVar [[r.SkyLight.RealTimeReflectionCapture:1]]
[2025.12.21-12.29.49:869][  0]LogConfig: Applying CVar settings from Section [FoliageQuality@3] File [D:/WORKPLACE/Mini_laboratory/MEPhI_VR_term_1/Mini_laboratory/Saved/Config/Windows/Scalability.ini]
[2025.12.21-12.29.49:870][  0]LogConfig: Setting CVar [[foliage.DensityScale:1.0]]
[2025.12.21-12.29.49:870][  0]LogConfig: Setting CVar [[grass.DensityScale:1.0]]
[2025.12.21-12.29.49:870][  0]LogConfig: Applying CVar settings from Section [ShadingQuality@3] File [D:/WORKPLACE/Mini_laboratory/MEPhI_VR_term_1/Mini_laboratory/Saved/Config/Windows/Scalability.ini]
[2025.12.21-12.29.49:870][  0]LogConfig: Setting CVar [[r.HairStrands.SkyLighting.IntegrationType:2]]
[2025.12.21-12.29.49:870][  0]LogConfig: Setting CVar [[r.HairStrands.SkyAO.SampleCount:4]]
[2025.12.21-12.29.49:870][  0]LogConfig: Setting CVar [[r.HairStrands.Visibility.MSAA.SamplePerPixel:4]]
[2025.12.21-12.29.49:870][  0]LogInit: Selected Device Profile: [Windows]
[2025.12.21-12.29.49:870][  0]LogInit: Applying CVar settings loaded from the selected device profile: [Windows]
[2025.12.21-12.29.49:870][  0]LogHAL: Display: Platform has ~ 8 GB [8451309568 / 8589934592 / 8], which maps to Default [LargestMinGB=32, LargerMinGB=12, DefaultMinGB=8, SmallerMinGB=6, SmallestMinGB=0)
[2025.12.21-12.29.49:871][  0]LogInit: Going up to parent DeviceProfile []
[2025.12.21-12.29.49:871][  0]LogConfig: Applying CVar settings from Section [ViewDistanceQuality@3] File [D:/WORKPLACE/Mini_laboratory/MEPhI_VR_term_1/Mini_laboratory/Saved/Config/Windows/Scalability.ini]
[2025.12.21-12.29.49:871][  0]LogConfig: Setting CVar [[r.SkeletalMeshLODBias:0]]
[2025.12.21-12.29.49:871][  0]LogConfig: Setting CVar [[r.ViewDistanceScale:1.0]]
[2025.12.21-12.29.49:871][  0]LogConfig: Applying CVar settings from Section [AntiAliasingQuality@3] File [D:/WORKPLACE/Mini_laboratory/MEPhI_VR_term_1/Mini_laboratory/Saved/Config/Windows/Scalability.ini]
[2025.12.21-12.29.49:871][  0]LogConfig: Setting CVar [[r.PostProcessAAQuality:4]]
[2025.12.21-12.29.49:871][  0]LogConfig: Applying CVar settings from Section [ShadowQuality@3] File [D:/WORKPLACE/Mini_laboratory/MEPhI_VR_term_1/Mini_laboratory/Saved/Config/Windows/Scalability.ini]
[2025.12.21-12.29.49:871][  0]LogConfig: Setting CVar [[r.LightFunctionQuality:1]]
[2025.12.21-12.29.49:871][  0]LogConfig: Setting CVar [[r.ShadowQuality:5]]
[2025.12.21-12.29.49:871][  0]LogConfig: Setting CVar [[r.Shadow.CSM.MaxCascades:10]]
[2025.12.21-12.29.49:871][  0]LogConfig: Setting CVar [[r.Shadow.MaxResolution:2048]]
[2025.12.21-12.29.49:871][  0]LogConfig: Setting CVar [[r.Shadow.MaxCSMResolution:2048]]
[2025.12.21-12.29.49:871][  0]LogConfig: Setting CVar [[r.Shadow.RadiusThreshold:0.01]]
[2025.12.21-12.29.49:871][  0]LogConfig: Setting CVar [[r.Shadow.DistanceScale:1.0]]
[2025.12.21-12.29.49:871][  0]LogConfig: Setting CVar [[r.Shadow.CSM.TransitionScale:1.0]]
[2025.12.21-12.29.49:871][  0]LogConfig: Setting CVar [[r.Shadow.PreShadowResolutionFactor:1.0]]
[2025.12.21-12.29.49:871][  0]LogConfig: Setting CVar [[r.DistanceFieldShadowing:1]]
[2025.12.21-12.29.49:871][  0]LogConfig: Setting CVar [[r.DistanceFieldAO:1]]
[2025.12.21-12.29.49:871][  0]LogConfig: Setting CVar [[r.AOQuality:2]]
[2025.12.21-12.29.49:871][  0]LogConfig: Setting CVar [[r.VolumetricFog:1]]
[2025.12.21-12.29.49:871][  0]LogConfig: Setting CVar [[r.VolumetricFog.GridPixelSize:8]]
[2025.12.21-12.29.49:871][  0]LogConfig: Setting CVar [[r.VolumetricFog.GridSizeZ:128]]
[2025.12.21-12.29.49:871][  0]LogConfig: Setting CVar [[r.VolumetricFog.HistoryMissSupersampleCount:4]]
[2025.12.21-12.29.49:871][  0]LogConfig: Setting CVar [[r.LightMaxDrawDistanceScale:1]]
[2025.12.21-12.29.49:871][  0]LogConfig: Setting CVar [[r.CapsuleShadows:1]]
[2025.12.21-12.29.49:871][  0]LogConfig: Applying CVar settings from Section [PostProcessQuality@3] File [D:/WORKPLACE/Mini_laboratory/MEPhI_VR_term_1/Mini_laboratory/Saved/Config/Windows/Scalability.ini]
[2025.12.21-12.29.49:871][  0]LogConfig: Setting CVar [[r.MotionBlurQuality:4]]
[2025.12.21-12.29.49:871][  0]LogConfig: Setting CVar [[r.AmbientOcclusionMipLevelFactor:0.4]]
[2025.12.21-12.29.49:871][  0]LogConfig: Setting CVar [[r.AmbientOcclusionMaxQuality:100]]
[2025.12.21-12.29.49:871][  0]LogConfig: Setting CVar [[r.AmbientOcclusionLevels:-1]]
[2025.12.21-12.29.49:871][  0]LogConfig: Setting CVar [[r.AmbientOcclusionRadiusScale:1.0]]
[2025.12.21-12.29.49:871][  0]LogConfig: Setting CVar [[r.DepthOfFieldQuality:2]]
[2025.12.21-12.29.49:871][  0]LogConfig: Setting CVar [[r.RenderTargetPoolMin:400]]
[2025.12.21-12.29.49:871][  0]LogConfig: Setting CVar [[r.LensFlareQuality:2]]
[2025.12.21-12.29.49:871][  0]LogConfig: Setting CVar [[r.SceneColorFringeQuality:1]]
[2025.12.21-12.29.49:871][  0]LogConfig: Setting CVar [[r.EyeAdaptationQuality:2]]
[2025.12.21-12.29.49:871][  0]LogConfig: Setting CVar [[r.BloomQuality:5]]
[2025.12.21-12.29.49:871][  0]LogConfig: Setting CVar [[r.FastBlurThreshold:100]]
[2025.12.21-12.29.49:871][  0]LogConfig: Setting CVar [[r.Upscale.Quality:3]]
[2025.12.21-12.29.49:871][  0]LogConfig: Setting CVar [[r.Tonemapper.GrainQuantization:1]]
[2025.12.21-12.29.49:871][  0]LogConfig: Setting CVar [[r.LightShaftQuality:1]]
[2025.12.21-12.29.49:871][  0]LogConfig: Setting CVar [[r.Filter.SizeScale:1]]
[2025.12.21-12.29.49:871][  0]LogConfig: Setting CVar [[r.Tonemapper.Quality:5]]
[2025.12.21-12.29.49:871][  0]LogConfig: Setting CVar [[r.DOF.Gather.AccumulatorQuality:1        ; higher gathering accumulator quality]]
[2025.12.21-12.29.49:871][  0]LogConfig: Setting CVar [[r.DOF.Gather.PostfilterMethod:1          ; Median3x3 postfilering method]]
[2025.12.21-12.29.49:871][  0]LogConfig: Setting CVar [[r.DOF.Gather.EnableBokehSettings:0       ; no bokeh simulation when gathering]]
[2025.12.21-12.29.49:871][  0]LogConfig: Setting CVar [[r.DOF.Gather.RingCount:4                 ; medium number of samples when gathering]]
[2025.12.21-12.29.49:871][  0]LogConfig: Setting CVar [[r.DOF.Scatter.ForegroundCompositing:1    ; additive foreground scattering]]
[2025.12.21-12.29.49:871][  0]LogConfig: Setting CVar [[r.DOF.Scatter.BackgroundCompositing:2    ; additive background scattering]]
[2025.12.21-12.29.49:871][  0]LogConfig: Setting CVar [[r.DOF.Scatter.EnableBokehSettings:1      ; bokeh simulation when scattering]]
[2025.12.21-12.29.49:871][  0]LogConfig: Setting CVar [[r.DOF.Scatter.MaxSpriteRatio:0.1         ; only a maximum of 10% of scattered bokeh]]
[2025.12.21-12.29.49:871][  0]LogConfig: Setting CVar [[r.DOF.Recombine.Quality:1                ; cheap slight out of focus]]
[2025.12.21-12.29.49:871][  0]LogConfig: Setting CVar [[r.DOF.Recombine.EnableBokehSettings:0    ; no bokeh simulation on slight out of focus]]
[2025.12.21-12.29.49:871][  0]LogConfig: Setting CVar [[r.DOF.TemporalAAQuality:1                ; more stable temporal accumulation]]
[2025.12.21-12.29.49:871][  0]LogConfig: Setting CVar [[r.DOF.Kernel.MaxForegroundRadius:0.025]]
[2025.12.21-12.29.49:871][  0]LogConfig: Setting CVar [[r.DOF.Kernel.MaxBackgroundRadius:0.025]]
[2025.12.21-12.29.49:871][  0]LogConfig: Applying CVar settings from Section [TextureQuality@3] File [D:/WORKPLACE/Mini_laboratory/MEPhI_VR_term_1/Mini_laboratory/Saved/Config/Windows/Scalability.ini]
[2025.12.21-12.29.49:871][  0]LogConfig: Setting CVar [[r.Streaming.MipBias:0]]
[2025.12.21-12.29.49:871][  0]LogConfig: Setting CVar [[r.Streaming.AmortizeCPUToGPUCopy:0]]
[2025.12.21-12.29.49:871][  0]LogConfig: Setting CVar [[r.Streaming.MaxNumTexturesToStreamPerFrame:0]]
[2025.12.21-12.29.49:871][  0]LogConfig: Setting CVar [[r.Streaming.Boost:1]]
[2025.12.21-12.29.49:871][  0]LogConfig: Setting CVar [[r.MaxAnisotropy:8]]
[2025.12.21-12.29.49:871][  0]LogConfig: Setting CVar [[r.VT.MaxAnisotropy:8]]
[2025.12.21-12.29.49:871][  0]LogConfig: Setting CVar [[r.Streaming.LimitPoolSizeToVRAM:0]]
[2025.12.21-12.29.49:871][  0]LogConfig: Setting CVar [[r.Streaming.PoolSize:1000]]
[2025.12.21-12.29.49:871][  0]LogConfig: Setting CVar [[r.Streaming.MaxEffectiveScreenSize:0]]
[2025.12.21-12.29.49:871][  0]LogConfig: Applying CVar settings from Section [EffectsQuality@3] File [D:/WORKPLACE/Mini_laboratory/MEPhI_VR_term_1/Mini_laboratory/Saved/Config/Windows/Scalability.ini]
[2025.12.21-12.29.49:871][  0]LogConfig: Setting CVar [[r.TranslucencyLightingVolumeDim:64]]
[2025.12.21-12.29.49:871][  0]LogConfig: Setting CVar [[r.RefractionQuality:2]]
[2025.12.21-12.29.49:871][  0]LogConfig: Setting CVar [[r.SSR.Quality:3]]
[2025.12.21-12.29.49:871][  0]LogConfig: Setting CVar [[r.SSR.HalfResSceneColor:0]]
[2025.12.21-12.29.49:871][  0]LogConfig: Setting CVar [[r.SceneColorFormat:4]]
[2025.12.21-12.29.49:871][  0]LogConfig: Setting CVar [[r.DetailMode:2]]
[2025.12.21-12.29.49:872][  0]LogConfig: Setting CVar [[r.TranslucencyVolumeBlur:1]]
[2025.12.21-12.29.49:872][  0]LogConfig: Setting CVar [[r.MaterialQualityLevel:1 ; High quality]]
[2025.12.21-12.29.49:872][  0]LogConfig: Setting CVar [[r.AnisotropicMaterials:1]]
[2025.12.21-12.29.49:872][  0]LogConfig: Setting CVar [[r.SSS.Scale:1]]
[2025.12.21-12.29.49:872][  0]LogConfig: Setting CVar [[r.SSS.SampleSet:2]]
[2025.12.21-12.29.49:872][  0]LogConfig: Setting CVar [[r.SSS.Quality:1]]
[2025.12.21-12.29.49:872][  0]LogConfig: Setting CVar [[r.SSS.HalfRes:0]]
[2025.12.21-12.29.49:872][  0]LogConfig: Setting CVar [[r.SSGI.Quality:3]]
[2025.12.21-12.29.49:872][  0]LogConfig: Setting CVar [[r.EmitterSpawnRateScale:1.0]]
[2025.12.21-12.29.49:872][  0]LogConfig: Setting CVar [[r.ParticleLightQuality:2]]
[2025.12.21-12.29.49:872][  0]LogConfig: Setting CVar [[r.SkyAtmosphere.AerialPerspectiveLUT.FastApplyOnOpaque:1 ; Always have FastSkyLUT 1 in this case to avoid wrong sky]]
[2025.12.21-12.29.49:872][  0]LogConfig: Setting CVar [[r.SkyAtmosphere.AerialPerspectiveLUT.SampleCountMaxPerSlice:4]]
[2025.12.21-12.29.49:872][  0]LogConfig: Setting CVar [[r.SkyAtmosphere.AerialPerspectiveLUT.DepthResolution:16.0]]
[2025.12.21-12.29.49:872][  0]LogConfig: Setting CVar [[r.SkyAtmosphere.FastSkyLUT:1]]
[2025.12.21-12.29.49:872][  0]LogConfig: Setting CVar [[r.SkyAtmosphere.FastSkyLUT.SampleCountMin:4.0]]
[2025.12.21-12.29.49:872][  0]LogConfig: Setting CVar [[r.SkyAtmosphere.FastSkyLUT.SampleCountMax:128.0]]
[2025.12.21-12.29.49:872][  0]LogConfig: Setting CVar [[r.SkyAtmosphere.SampleCountMin:4.0]]
[2025.12.21-12.29.49:872][  0]LogConfig: Setting CVar [[r.SkyAtmosphere.SampleCountMax:128.0]]
[2025.12.21-12.29.49:872][  0]LogConfig: Setting CVar [[r.SkyAtmosphere.TransmittanceLUT.UseSmallFormat:0]]
[2025.12.21-12.29.49:872][  0]LogConfig: Setting CVar [[r.SkyAtmosphere.TransmittanceLUT.SampleCount:10.0]]
[2025.12.21-12.29.49:872][  0]LogConfig: Setting CVar [[r.SkyAtmosphere.MultiScatteringLUT.SampleCount:15.0]]
[2025.12.21-12.29.49:872][  0]LogConfig: Setting CVar [[r.SkyLight.RealTimeReflectionCapture:1]]
[2025.12.21-12.29.49:872][  0]LogConfig: Applying CVar settings from Section [FoliageQuality@3] File [D:/WORKPLACE/Mini_laboratory/MEPhI_VR_term_1/Mini_laboratory/Saved/Config/Windows/Scalability.ini]
[2025.12.21-12.29.49:872][  0]LogConfig: Setting CVar [[foliage.DensityScale:1.0]]
[2025.12.21-12.29.49:872][  0]LogConfig: Setting CVar [[grass.DensityScale:1.0]]
[2025.12.21-12.29.49:872][  0]LogConfig: Applying CVar settings from Section [ShadingQuality@3] File [D:/WORKPLACE/Mini_laboratory/MEPhI_VR_term_1/Mini_laboratory/Saved/Config/Windows/Scalability.ini]
[2025.12.21-12.29.49:872][  0]LogConfig: Setting CVar [[r.HairStrands.SkyLighting.IntegrationType:2]]
[2025.12.21-12.29.49:872][  0]LogConfig: Setting CVar [[r.HairStrands.SkyAO.SampleCount:4]]
[2025.12.21-12.29.49:872][  0]LogConfig: Setting CVar [[r.HairStrands.Visibility.MSAA.SamplePerPixel:4]]
[2025.12.21-12.29.49:872][  0]LogConfig: Applying CVar settings from Section [Startup] File [../../../Engine/Config/ConsoleVariables.ini]
[2025.12.21-12.29.49:873][  0]LogConfig: Setting CVar [[net.UseAdaptiveNetUpdateFrequency:0]]
[2025.12.21-12.29.49:873][  0]LogConfig: Setting CVar [[p.chaos.AllowCreatePhysxBodies:1]]
[2025.12.21-12.29.49:873][  0]LogConfig: Setting CVar [[fx.SkipVectorVMBackendOptimizations:1]]
[2025.12.21-12.29.49:873][  0]LogConfig: Applying CVar settings from Section [ConsoleVariables] File [D:/WORKPLACE/Mini_laboratory/MEPhI_VR_term_1/Mini_laboratory/Saved/Config/Windows/Engine.ini]
[2025.12.21-12.29.49:873][  0]LogConfig: Applying CVar settings from Section [ConsoleVariables] File [D:/WORKPLACE/Mini_laboratory/MEPhI_VR_term_1/Mini_laboratory/Saved/Config/Windows/Editor.ini]
[2025.12.21-12.29.49:874][  0]LogInit: Computer: LAPTOP-RE3L13LG
[2025.12.21-12.29.49:874][  0]LogInit: User: Vladislav
[2025.12.21-12.29.49:874][  0]LogInit: CPU Page size=4096, Cores=4
[2025.12.21-12.29.49:874][  0]LogInit: High frequency timer resolution =10.000000 MHz
[2025.12.21-12.29.49:874][  0]LogMemory: Memory total: Physical=7.9GB (8GB approx)
[2025.12.21-12.29.49:874][  0]LogMemory: Platform Memory Stats for Windows
[2025.12.21-12.29.49:874][  0]LogMemory: Process Physical Memory: 143.54 MB used, 143.54 MB peak
[2025.12.21-12.29.49:874][  0]LogMemory: Process Virtual Memory: 128.50 MB used, 128.50 MB peak
[2025.12.21-12.29.49:874][  0]LogMemory: Physical Memory: 6828.45 MB used,  1231.34 MB free, 8059.80 MB total
[2025.12.21-12.29.49:874][  0]LogMemory: Virtual Memory: 134210512.00 MB used,  7219.84 MB free, 134217728.00 MB total
[2025.12.21-12.29.49:880][  0]LogWindows: WindowsPlatformFeatures enabled
[2025.12.21-12.29.50:001][  0]LogInit: Physics initialised using underlying interface: PhysX
[2025.12.21-12.29.50:003][  0]LogInit: Using OS detected language (ru-RU).
[2025.12.21-12.29.50:003][  0]LogInit: Using OS detected locale (ru-RU).
[2025.12.21-12.29.50:005][  0]LogTextLocalizationManager: No specific localization for 'ru-RU' exists, so the 'ru' localization will be used.
[2025.12.21-12.29.50:006][  0]LogTextLocalizationResource: LocRes '../../../Engine/Content/Localization/Editor/ru/Editor.locres' could not be opened for reading!
[2025.12.21-12.29.50:006][  0]LogTextLocalizationResource: LocRes '../../../Engine/Content/Localization/EditorTutorials/ru/EditorTutorials.locres' could not be opened for reading!
[2025.12.21-12.29.50:006][  0]LogTextLocalizationResource: LocRes '../../../Engine/Content/Localization/Keywords/ru/Keywords.locres' could not be opened for reading!
[2025.12.21-12.29.50:006][  0]LogTextLocalizationResource: LocRes '../../../Engine/Content/Localization/Category/ru/Category.locres' could not be opened for reading!
[2025.12.21-12.29.50:006][  0]LogTextLocalizationResource: LocRes '../../../Engine/Content/Localization/ToolTips/ru/ToolTips.locres' could not be opened for reading!
[2025.12.21-12.29.50:006][  0]LogTextLocalizationResource: LocRes '../../../Engine/Content/Localization/PropertyNames/ru/PropertyNames.locres' could not be opened for reading!
[2025.12.21-12.29.50:006][  0]LogTextLocalizationResource: LocRes '../../../Engine/Content/Localization/Engine/ru/Engine.locres' could not be opened for reading!
[2025.12.21-12.29.50:010][  0]LogInit: Setting process to per monitor DPI aware
[2025.12.21-12.29.50:029][  0]LogWindowsTextInputMethodSystem: Display: IME system deactivated.
[2025.12.21-12.29.50:055][  0]LogSlate: New Slate User Created.  User Index 0, Is Virtual User: 0
[2025.12.21-12.29.50:055][  0]LogSlate: Slate User Registered.  User Index 0, Is Virtual User: 0
[2025.12.21-12.29.50:452][  0]LogD3D11RHI: Loaded GFSDK_Aftermath_Lib.x64.dll
[2025.12.21-12.29.50:469][  0]LogHMD: Failed to initialize OpenVR with code 110
[2025.12.21-12.29.50:469][  0]LogD3D11RHI: D3D11 min allowed feature level: 11_0
[2025.12.21-12.29.50:469][  0]LogD3D11RHI: D3D11 max allowed feature level: 11_0
[2025.12.21-12.29.50:469][  0]LogD3D11RHI: D3D11 adapters:
[2025.12.21-12.29.51:485][  0]LogD3D11RHI:    0. 'NVIDIA GeForce GTX 1650 Ti' (Feature Level 11_0)
[2025.12.21-12.29.51:485][  0]LogD3D11RHI:       3935/0/4029 MB DedicatedVideo/DedicatedSystem/SharedSystem, Outputs:1, VendorId:0x10de
[2025.12.21-12.29.51:539][  0]LogD3D11RHI:    1. 'Intel(R) UHD Graphics' (Feature Level 11_0)
[2025.12.21-12.29.51:539][  0]LogD3D11RHI:       128/0/4029 MB DedicatedVideo/DedicatedSystem/SharedSystem, Outputs:0, VendorId:0x8086
[2025.12.21-12.29.51:545][  0]LogD3D11RHI:    2. 'Microsoft Basic Render Driver' (Feature Level 11_0)
[2025.12.21-12.29.51:545][  0]LogD3D11RHI:       0/0/4029 MB DedicatedVideo/DedicatedSystem/SharedSystem, Outputs:0, VendorId:0x1414
[2025.12.21-12.29.51:545][  0]LogD3D11RHI: Chosen D3D11 Adapter:
[2025.12.21-12.29.51:545][  0]LogD3D11RHI:     Description : NVIDIA GeForce GTX 1650 Ti
[2025.12.21-12.29.51:545][  0]LogD3D11RHI:     VendorId    : 10de
[2025.12.21-12.29.51:545][  0]LogD3D11RHI:     DeviceId    : 1f95
[2025.12.21-12.29.51:545][  0]LogD3D11RHI:     SubSysId    : 3fa317aa
[2025.12.21-12.29.51:545][  0]LogD3D11RHI:     Revision    : 00a1
[2025.12.21-12.29.51:545][  0]LogD3D11RHI:     DedicatedVideoMemory : 4126146560 bytes
[2025.12.21-12.29.51:545][  0]LogD3D11RHI:     DedicatedSystemMemory : 0 bytes
[2025.12.21-12.29.51:545][  0]LogD3D11RHI:     SharedSystemMemory : 4225654784 bytes
[2025.12.21-12.29.51:545][  0]LogD3D11RHI:     AdapterLuid : 0 69445
[2025.12.21-12.29.51:551][  0]LogD3D11RHI: Creating new Direct3DDevice
[2025.12.21-12.29.51:551][  0]LogD3D11RHI:     GPU DeviceId: 0x1f95 (for the marketing name, search the web for "GPU Device Id")
[2025.12.21-12.29.51:551][  0]LogWindows: EnumDisplayDevices:
[2025.12.21-12.29.51:551][  0]LogWindows:    0. 'Intel(R) UHD Graphics' (P:1 D:1)
[2025.12.21-12.29.51:551][  0]LogWindows:    1. 'Intel(R) UHD Graphics' (P:0 D:0)
[2025.12.21-12.29.51:551][  0]LogWindows:    2. 'Intel(R) UHD Graphics' (P:0 D:0)
[2025.12.21-12.29.51:552][  0]LogWindows:    3. 'NVIDIA GeForce GTX 1650 Ti' (P:0 D:0)
[2025.12.21-12.29.51:552][  0]LogWindows: DebugString: PrimaryIsNotTheChoosenAdapter PrimaryIsNotTheChoosenAdapter PrimaryIsNotTheChoosenAdapter 
[2025.12.21-12.29.51:552][  0]LogD3D11RHI:     Adapter Name: NVIDIA GeForce GTX 1650 Ti
[2025.12.21-12.29.51:552][  0]LogD3D11RHI:   Driver Version: 560.76 (internal:32.0.15.6076, unified:560.76)
[2025.12.21-12.29.51:552][  0]LogD3D11RHI:      Driver Date: 7-23-2024
[2025.12.21-12.29.51:552][  0]LogRHI: Texture pool is 2754 MB (70% of 3935 MB)
[2025.12.21-12.29.51:552][  0]LogD3D11RHI: Creating D3DDevice using adapter:
[2025.12.21-12.29.51:552][  0]LogD3D11RHI:     Description : NVIDIA GeForce GTX 1650 Ti
[2025.12.21-12.29.51:552][  0]LogD3D11RHI:     VendorId    : 10de
[2025.12.21-12.29.51:552][  0]LogD3D11RHI:     DeviceId    : 1f95
[2025.12.21-12.29.51:552][  0]LogD3D11RHI:     SubSysId    : 3fa317aa
[2025.12.21-12.29.51:552][  0]LogD3D11RHI:     Revision    : 00a1
[2025.12.21-12.29.51:552][  0]LogD3D11RHI:     DedicatedVideoMemory : 4126146560 bytes
[2025.12.21-12.29.51:552][  0]LogD3D11RHI:     DedicatedSystemMemory : 0 bytes
[2025.12.21-12.29.51:552][  0]LogD3D11RHI:     SharedSystemMemory : 4225654784 bytes
[2025.12.21-12.29.51:552][  0]LogD3D11RHI:     AdapterLuid : 0 69445
[2025.12.21-12.29.51:680][  0]LogD3D11RHI: RHI has support for 64 bit atomics
[2025.12.21-12.29.51:681][  0]LogD3D11RHI: Async texture creation enabled
[2025.12.21-12.29.51:681][  0]LogD3D11RHI: Array index from any shader is supported
[2025.12.21-12.29.51:707][  0]LogD3D11RHI: GPU Timing Frequency: 1000.000000 (Debug: 2 1)
[2025.12.21-12.29.51:760][  0]LogRHI: GeForceNow SDK initialized: 1
[2025.12.21-12.29.54:750][  0]LogTargetPlatformManager: Display: Loaded TargetPlatform 'AllDesktop'
[2025.12.21-12.29.54:777][  0]LogTargetPlatformManager: Display: Loaded TargetPlatform 'Android'
[2025.12.21-12.29.54:777][  0]LogTargetPlatformManager: Display: Loaded TargetPlatform 'Android_ASTC'
[2025.12.21-12.29.54:777][  0]LogTargetPlatformManager: Display: Loaded TargetPlatform 'Android_DXT'
[2025.12.21-12.29.54:777][  0]LogTargetPlatformManager: Display: Loaded TargetPlatform 'Android_ETC2'
[2025.12.21-12.29.54:777][  0]LogTargetPlatformManager: Display: Loaded TargetPlatform 'AndroidClient'
[2025.12.21-12.29.54:777][  0]LogTargetPlatformManager: Display: Loaded TargetPlatform 'Android_ASTCClient'
[2025.12.21-12.29.54:777][  0]LogTargetPlatformManager: Display: Loaded TargetPlatform 'Android_DXTClient'
[2025.12.21-12.29.54:777][  0]LogTargetPlatformManager: Display: Loaded TargetPlatform 'Android_ETC2Client'
[2025.12.21-12.29.54:777][  0]LogTargetPlatformManager: Display: Loaded TargetPlatform 'Android_Multi'
[2025.12.21-12.29.54:777][  0]LogTargetPlatformManager: Display: Loaded TargetPlatform 'Android_MultiClient'
[2025.12.21-12.29.54:801][  0]LogTargetPlatformManager: Display: Loaded TargetPlatform 'IOSClient'
[2025.12.21-12.29.54:801][  0]LogTargetPlatformManager: Display: Loaded TargetPlatform 'IOS'
[2025.12.21-12.29.54:813][  0]LogTargetPlatformManager: Display: Loaded TargetPlatform 'Linux'
[2025.12.21-12.29.54:819][  0]LogTargetPlatformManager: Display: Loaded TargetPlatform 'LinuxNoEditor'
[2025.12.21-12.29.54:825][  0]LogTargetPlatformManager: Display: Loaded TargetPlatform 'LinuxClient'
[2025.12.21-12.29.54:832][  0]LogTargetPlatformManager: Display: Loaded TargetPlatform 'LinuxServer'
[2025.12.21-12.29.54:843][  0]LogTargetPlatformManager: Display: Loaded TargetPlatform 'LinuxAArch64NoEditor'
[2025.12.21-12.29.54:850][  0]LogTargetPlatformManager: Display: Loaded TargetPlatform 'LinuxAArch64Client'
[2025.12.21-12.29.54:856][  0]LogTargetPlatformManager: Display: Loaded TargetPlatform 'LinuxAArch64Server'
[2025.12.21-12.29.54:881][  0]LogTargetPlatformManager: Display: Loaded TargetPlatform 'Lumin'
[2025.12.21-12.29.54:881][  0]LogTargetPlatformManager: Display: Loaded TargetPlatform 'LuminClient'
[2025.12.21-12.29.54:891][  0]LogTargetPlatformManager: Display: Loaded TargetPlatform 'MacNoEditor'
[2025.12.21-12.29.54:897][  0]LogTargetPlatformManager: Display: Loaded TargetPlatform 'Mac'
[2025.12.21-12.29.54:903][  0]LogTargetPlatformManager: Display: Loaded TargetPlatform 'MacClient'
[2025.12.21-12.29.54:908][  0]LogTargetPlatformManager: Display: Loaded TargetPlatform 'MacServer'
[2025.12.21-12.29.54:920][  0]LogTargetPlatformManager: Display: Loaded TargetPlatform 'TVOSClient'
[2025.12.21-12.29.54:920][  0]LogTargetPlatformManager: Display: Loaded TargetPlatform 'TVOS'
[2025.12.21-12.29.54:930][  0]LogTargetPlatformManager: Display: Loaded TargetPlatform 'WindowsNoEditor'
[2025.12.21-12.29.54:936][  0]LogTargetPlatformManager: Display: Loaded TargetPlatform 'Windows'
[2025.12.21-12.29.54:942][  0]LogTargetPlatformManager: Display: Loaded TargetPlatform 'WindowsClient'
[2025.12.21-12.29.54:949][  0]LogTargetPlatformManager: Display: Loaded TargetPlatform 'WindowsServer'
[2025.12.21-12.29.54:949][  0]LogTargetPlatformManager: Display: Building Assets For Windows
[2025.12.21-12.29.54:963][  0]LogAudioDebug: Display: Lib vorbis DLL was dynamically loaded.
[2025.12.21-12.29.55:034][  0]LogTextureFormatOodle: Display: Oodle Texture 2.9.0 init RDO Off
[2025.12.21-12.29.55:166][  0]LogRendererCore: Ray tracing is disabled. Reason: r.RayTracing=0.
[2025.12.21-12.29.55:166][  0]LogShaderCompilers: Guid format shader working directory is -25 characters bigger than the processId version (../../../../../../WORKPLACE/Mini_laboratory/MEPhI_VR_term_1/Mini_laboratory/Intermediate/Shaders/WorkingDirectory/2720/).
[2025.12.21-12.29.55:167][  0]LogShaderCompilers: Cleaned the shader compiler working directory 'C:/Users/Владислав/AppData/Local/Temp/UnrealShaderWorkingDir/5F5AB22745855CF71F93BF89832077A7/'.
[2025.12.21-12.29.55:167][  0]LogXGEController: Cannot use XGE Controller as Incredibuild is not installed on this machine.
[2025.12.21-12.29.55:167][  0]LogShaderCompilers: Cannot use XGE Shader Compiler as Incredibuild is not installed on this machine.
[2025.12.21-12.29.55:167][  0]LogShaderCompilers: Display: Using Local Shader Compiler.
[2025.12.21-12.29.56:271][  0]LogDerivedDataCache: Display: Max Cache Size: 512 MB
[2025.12.21-12.29.56:402][  0]LogDerivedDataCache: Loaded boot cache 0.13s 94MB C:/Users/Владислав/AppData/Local/UnrealEngine/4.27/DerivedDataCache/Boot.ddc.
[2025.12.21-12.29.56:402][  0]LogDerivedDataCache: Display: Loaded Boot cache: C:/Users/Владислав/AppData/Local/UnrealEngine/4.27/DerivedDataCache/Boot.ddc
[2025.12.21-12.29.56:402][  0]LogDerivedDataCache: FDerivedDataBackendGraph:  Pak pak cache file ../../../../../../WORKPLACE/Mini_laboratory/MEPhI_VR_term_1/Mini_laboratory/DerivedDataCache/DDC.ddp not found, will not use a pak cache.
[2025.12.21-12.29.56:402][  0]LogDerivedDataCache: Unable to find inner node Pak for hierarchical cache Hierarchy.
[2025.12.21-12.29.56:402][  0]LogDerivedDataCache: FDerivedDataBackendGraph:  CompressedPak pak cache file ../../../../../../WORKPLACE/Mini_laboratory/MEPhI_VR_term_1/Mini_laboratory/DerivedDataCache/Compressed.ddp not found, will not use a pak cache.
[2025.12.21-12.29.56:402][  0]LogDerivedDataCache: Unable to find inner node CompressedPak for hierarchical cache Hierarchy.
[2025.12.21-12.29.56:419][  0]LogDerivedDataCache: Display: Pak cache opened for reading ../../../Engine/DerivedDataCache/Compressed.ddp.
[2025.12.21-12.29.56:419][  0]LogDerivedDataCache: FDerivedDataBackendGraph:  EnterprisePak pak cache file ../../../Enterprise/DerivedDataCache/Compressed.ddp not found, will not use a pak cache.
[2025.12.21-12.29.56:419][  0]LogDerivedDataCache: Unable to find inner node EnterprisePak for hierarchical cache Hierarchy.
[2025.12.21-12.29.56:440][  0]LogDerivedDataCache: Speed tests for C:/Users/Владислав/AppData/Local/UnrealEngine/Common/DerivedDataCache took 0.02 seconds
[2025.12.21-12.29.56:440][  0]LogDerivedDataCache: Display: Performance to C:/Users/Владислав/AppData/Local/UnrealEngine/Common/DerivedDataCache: Latency=0.03ms. RandomReadSpeed=86.47MBs, RandomWriteSpeed=98.18MBs. Assigned SpeedClass 'Local'
[2025.12.21-12.29.56:441][  0]LogDerivedDataCache: Using Local data cache path C:/Users/Владислав/AppData/Local/UnrealEngine/Common/DerivedDataCache: Writable
[2025.12.21-12.29.56:441][  0]LogDerivedDataCache: Shared data cache path not found in *engine.ini, will not use an Shared cache.
[2025.12.21-12.29.56:441][  0]LogDerivedDataCache: Unable to find inner node Shared for hierarchical cache Hierarchy.
[2025.12.21-12.29.56:502][  0]LogSlate: Using FreeType 2.10.0
[2025.12.21-12.29.56:504][  0]LogSlate: SlateFontServices - WITH_FREETYPE: 1, WITH_HARFBUZZ: 1
[2025.12.21-12.29.56:541][  0]LogAssetRegistry: FAssetRegistry took 0.0027 seconds to start up
[2025.12.21-12.29.56:916][  0]LogInit: Selected Device Profile: [Windows]
[2025.12.21-12.29.56:916][  0]LogInit: Active device profile: [000001ADE95B9100][000001ADE6646BC0 49] Windows
[2025.12.21-12.29.56:916][  0]LogInit: Profiles: [000001ADE95B9100][000001ADE6646BC0 49] Windows, [000001ADE9566C00][000001ADE664AD00 49] WindowsNoEditor, [000001ADE95BA200][000001ADE752EE80 49] WindowsServer, [000001ADE9565E00][000001ADE7533000 49] WindowsClient, [000001ADE95B9700][000001ADE7537180 49] IOS, [000001ADE9566E00][000001ADE753B300 49] iPadAir, [000001ADE95BBC00][000001ADE6D31480 49] iPadAir2, [000001ADEA4FD400][000001ADE6D39740 49] IPadPro, [000001ADEA4FD500][000001ADE6D35780 49] iPadAir3, [000001ADE9567F00][000001ADE6D3D900 49] iPadAir4, [000001ADEA4FE300][000001ADE6D41A80 49] iPadMini2, [000001ADE9567600][000001ADE6D45C00 49] iPadMini3, [000001ADEA4FEF00][000001ADE6D48200 49] iPadMini4, [000001ADE9566300][000001ADE6D4C380 49] iPadMini5, [000001ADEA529000][000001ADE6D54640 49] iPhone6, [000001ADEA529100][000001ADE6D50680 49] iPodTouch6, [000001ADE95BB900][000001ADE6D5C940 49] iPhone7, [000001ADE95BA900][000001ADE6D58980 49] iPodTouch7, [000001ADEA4FD000][000001ADE6D60B00 49] iPhone5S, [000001ADE95BAF00][000001ADE752AC40 49] iPhone6Plus, [000001ADEA4FF600][000001ADE6D64D80 49] iPhone6S, [000001ADE95B8C00][000001ADE6D68EC0 49] iPhone6SPlus, [000001ADE95B9D00][000001ADE6D71040 49] iPhone7Plus, [000001ADEA528800][000001ADE6D751C0 49] iPhoneSE, [000001ADE95B8400][000001ADE6D79340 49] iPhone8, [000001ADEA528900][000001ADE6D7D4C0 49] iPhone8Plus, [000001ADEA52AE00][000001ADE6D81640 49] iPhoneX, [000001ADEA4FDD00][000001ADE6D857C0 49] iPhoneXS, [000001ADEA52A700][000001ADE6D89940 49] iPhoneXSMax, [000001ADEA4FDC00][000001ADE6D8DAC0 49] iPhoneXR, [000001ADEA52A800][000001ADE6D900C0 49] iPhone11, [000001ADEA4FCF00][000001ADE6D94240 49] iPhone11Pro, [000001ADEA528B00][000001ADE6D983C0 49] iPhone11ProMax, [000001ADEA4FCD00][000001ADE6D9C540 49] iPhoneSE2, [000001ADEA528E00][000001ADE6DA06C0 49] iPhone12Mini, [000001ADE95BB800][000001ADE6DA4840 49] iPhone12, [000001ADEA52B000][000001ADE6DA89C0 49] iPhone12Pro, [000001ADE95BB700][000001ADE6DACB40 49] iPhone12ProMax, [000001ADEA529E00][000001ADE6DB0CC0 49] iPadPro105, [000001ADE95B9300][000001ADE6D6CE00 49] iPadPro129, [000001ADEA52BE00][000001ADE6DB4F40 49] iPadPro97, [000001ADE95B9C00][000001ADE6DB9080 49] iPadPro2_129, [000001ADEA52A000][000001ADE6DBD1C0 49] iPad5, [000001ADE95BA300][000001ADE6DC5340 49] iPad6, [000001ADEA52BB00][000001ADE6DC94C0 49] iPad7, [000001ADE95B9E00][000001ADE6DCD640 49] iPad8, [000001ADEA528A00][000001ADE6DD17C0 49] iPadPro11, [000001ADE95BA600][000001ADE6DD5940 49] iPadPro2_11, [000001ADEA528F00][000001ADE6DD9AC0 49] iPadPro3_129, [000001ADE95BA800][000001ADE6DDC0C0 49] iPadPro4_129, [000001ADEA52BC00][000001ADE6DE0240 49] AppleTV, [000001ADE95B9A00][000001ADE6DE43C0 49] AppleTV4K, [000001ADEA52A600][000001ADE6DE8540 49] TVOS, [000001ADE95BA100][000001ADE6DEC6C0 49] Mac, [000001ADEA52AF00][000001ADE6DF0840 49] MacClient, [000001ADE95BAA00][000001ADE6DF49C0 49] MacNoEditor, [000001ADEA52AC00][000001ADE6DF8B40 49] MacServer, [000001ADE95BB000][000001ADE6DFCCC0 49] Linux, [000001ADEA528400][000001ADE6E00E40 49] LinuxAArch64, [000001ADE95B8700][000001ADE6DC0F80 49] LinuxNoEditor, [000001ADEA52B700][000001ADE6E050C0 49] LinuxAArch64NoEditor, [000001ADE95BBB00][000001ADE6E09200 49] LinuxClient, [000001ADEA52B400][000001ADE6E0D340 49] LinuxAArch64Client, [000001ADE95BBE00][000001ADE6E154C0 49] LinuxServer, [000001ADEA528700][000001ADE6E19640 49] LinuxAArch64Server, [000001ADE95B9F00][000001ADE6E1D7C0 49] Android, [000001ADEA52AA00][000001ADE6E21940 49] Android_Low, [000001ADE95BAD00][000001ADE6E25AC0 49] Android_Mid, [000001ADEA529F00][000001ADE6E280C0 49] Android_High, [000001ADE95BAB00][000001ADE6E2C240 49] Android_Default, [000001ADEA528100][000001ADE6E303C0 49] Android_Adreno4xx, [000001ADE95B8500][000001ADE6E34540 49] Android_Adreno5xx_Low, [000001ADEA529400][000001ADE6E386C0 49] Android_Adreno5xx, [000001ADE95BB400][000001ADE6E3C840 49] Android_Adreno6xx, [000001ADEA52A300][000001ADE6E409C0 49] Android_Adreno6xx_Vulkan, [000001ADE95BBD00][000001ADE6E44B40 49] Android_Mali_T6xx, [000001ADEA528200][000001ADE6E48CC0 49] Android_Mali_T7xx, [000001ADE95BB600][000001ADE6E4CE40 49] Android_Mali_T8xx, [000001ADEA52B200][000001ADE6E50FC0 49] Android_Mali_G71, [000001ADEA4FF100][000001ADE6E55140 49] Android_Mali_G72, [000001ADE9567400][000001ADE6E11280 49] Android_Mali_G72_Vulkan, [000001ADEA4FEB00][000001ADE6EC93C0 49] Android_Mali_G76, [000001ADE9564500][000001ADE5C17500 49] Android_Mali_G76_Vulkan, [000001ADEA4FCC00][000001ADE5B6F680 49] Android_Mali_G77, [000001ADE9564600][000001ADE5C8B800 49] Android_Mali_G77_Vulkan, [000001ADEA4FE400][000001ADE5C8F980 49] Android_Mali_G78, [000001ADE9564D00][000001ADE5CD5B00 49] Android_Mali_G78_Vulkan, [000001ADEA4FFD00][000001ADE5CD8100 49] Android_Mali_G710, [000001ADE9567000][000001ADE6564280 49] Android_Mali_G710_Vulkan, [000001ADEA4FEA00][000001ADE656C400 49] Android_Vulkan_SM5, [000001ADE9565F00][000001ADE6E68580 49] Android_PowerVR_G6xxx, [000001ADEA4FC500][000001ADE6E6C700 49] Android_PowerVR_GT7xxx, [000001ADE9564200][000001ADE6E70880 49] Android_PowerVR_GE8xxx, [000001ADEA4FFB00][000001ADE6E9AA00 49] Android_PowerVR_GM9xxx, [000001ADE9566600][000001ADE6EA2B80 49] Android_PowerVR_GM9xxx_Vulkan, [000001ADEA4FDF00][000001ADE6EAAD00 49] Android_TegraK1, [000001ADE9564A00][000001ADE6EBEE80 49] Android_Unknown_Vulkan, [000001ADEA4FF900][000001ADE6EC3000 49] Lumin, [000001ADE9565100][000001ADE7121180 49] Lumin_Desktop, [000001ADEA4FE000][000001ADE7125300 49] HoloLens, 
[2025.12.21-12.29.57:124][  0]LogMeshReduction: Using QuadricMeshReduction for automatic static mesh reduction
[2025.12.21-12.29.57:124][  0]LogMeshReduction: Using SimplygonMeshReduction for automatic skeletal mesh reduction
[2025.12.21-12.29.57:124][  0]LogMeshReduction: Using ProxyLODMeshReduction for automatic mesh merging
[2025.12.21-12.29.57:124][  0]LogMeshReduction: No distributed automatic mesh merging module available
[2025.12.21-12.29.57:124][  0]LogMeshMerging: No distributed automatic mesh merging module available
[2025.12.21-12.29.57:159][  0]LogNetVersion: Mini_laboratory 1.0.0, NetCL: 17155196, EngineNetVer: 17, GameNetVer: 0 (Checksum: 65826005)
[2025.12.21-12.29.57:915][  0]LogTexture: Default maximum texture size for cubemaps generated from long-lat sources has been changed from 512 to unlimited. In order to preserve old behaiour for '/Engine/MapTemplates/Sky/DaylightAmbientCubemap.DaylightAmbientCubemap', its maximum texture size has been explicitly set to 512.
[2025.12.21-12.29.58:712][  0]LogHMD: PokeAHoleMaterial loaded successfully
[2025.12.21-12.29.58:729][  0]LogUObjectArray: 17178 objects as part of root set at end of initial load.
[2025.12.21-12.29.58:730][  0]LogUObjectAllocator: 4302048 out of 0 bytes used by permanent object pool.
[2025.12.21-12.29.58:730][  0]LogUObjectArray: CloseDisregardForGC: 0/0 objects in disregard for GC pool
[2025.12.21-12.29.59:380][  0]LogNiagaraDebuggerClient: Niagara Debugger Client Initialized | Session: AEC9695C4C4F553AF4356398CC55F42B | Instance: 88B0F243482A3CB434126C864D060260 (LAPTOP-RE3L13LG-2720).
[2025.12.21-12.29.59:512][  0]LogPython: Using Python 3.7.7
[2025.12.21-12.30.00:306][  0]LogTcpMessaging: Initializing TcpMessaging bridge
[2025.12.21-12.30.00:317][  0]LogUdpMessaging: Initializing bridge on interface 0.0.0.0:0 to multicast group 230.0.0.1:6666.
[2025.12.21-12.30.01:114][  0]LogOpenImageDenoise: OIDN starting up
[2025.12.21-12.30.01:190][  0]LogAndroidPermission: UAndroidPermissionCallbackProxy::GetInstance
[2025.12.21-12.30.01:219][  0]LogAudioCaptureCore: Display: No Audio Capture implementations found. Audio input will be silent.
[2025.12.21-12.30.01:219][  0]LogAudioCaptureCore: Display: No Audio Capture implementations found. Audio input will be silent.
[2025.12.21-12.30.01:452][  0]SourceControl: Source control is disabled
[2025.12.21-12.30.01:452][  0]SourceControl: Source control is disabled
[2025.12.21-12.30.01:469][  0]SourceControl: Source control is disabled
[2025.12.21-12.30.01:477][  0]SourceControl: Source control is disabled
[2025.12.21-12.30.01:491][  0]SourceControl: Source control is disabled
[2025.12.21-12.30.01:500][  0]LogUProjectInfo: Found projects:
[2025.12.21-12.30.01:559][  0]LogCollectionManager: Loaded 0 collections in 0.001209 seconds
[2025.12.21-12.30.01:602][  0]LogFileCache: Scanning file cache for directory 'D:/WORKPLACE/Mini_laboratory/MEPhI_VR_term_1/Mini_laboratory/Saved/Collections/' took 0.00s
[2025.12.21-12.30.01:602][  0]LogFileCache: Scanning file cache for directory 'D:/WORKPLACE/Mini_laboratory/MEPhI_VR_term_1/Mini_laboratory/Content/Developers/Vladislav/Collections/' took 0.00s
[2025.12.21-12.30.01:602][  0]LogFileCache: Scanning file cache for directory 'D:/WORKPLACE/Mini_laboratory/MEPhI_VR_term_1/Mini_laboratory/Content/Collections/' took 0.00s
[2025.12.21-12.30.01:602][  0]LogOcInput: OculusInput pre-init called
[2025.12.21-12.30.02:060][  0]LogEngine: Initializing Engine...
[2025.12.21-12.30.02:081][  0]LogHMD: Failed to enumerate extensions. Please check that you have a valid OpenXR runtime installed.
[2025.12.21-12.30.02:082][  0]LogHMD: Failed to initialize OpenVR with code 110
[2025.12.21-12.30.02:083][  0]LogMagicLeap: Warning: VR disabled because ZI is not enabled.  To enable, in the editor, Edit -> Project Settings -> Plugins -> Magic Leap Plugin -> Enable Zero Iteration
[2025.12.21-12.30.02:087][  0]LogStats: UGameplayTagsManager::InitializeManager -  0.002 s
[2025.12.21-12.30.02:268][  0]LogInit: Initializing FReadOnlyCVARCache
[2025.12.21-12.30.02:333][  0]LogAIModule: Creating AISystem for world Untitled
[2025.12.21-12.30.02:346][  0]LogAudio: Display: Initializing Audio Device Manager...
[2025.12.21-12.30.02:352][  0]LogAudio: Display: Loading Default Audio Settings Objects...
[2025.12.21-12.30.02:353][  0]LogAudio: Display: No default SoundConcurrencyObject specified (or failed to load).
[2025.12.21-12.30.02:356][  0]LogAudio: Display: Audio Device Manager Initialized
[2025.12.21-12.30.02:356][  0]LogAudio: Display: Creating Audio Device:                 Id: 1, Scope: Shared, Realtime: True
[2025.12.21-12.30.02:357][  0]LogAudioMixer: Display: Audio Mixer Platform Settings:
[2025.12.21-12.30.02:357][  0]LogAudioMixer: Display: 	Sample Rate:						  48000
[2025.12.21-12.30.02:357][  0]LogAudioMixer: Display: 	Callback Buffer Frame Size Requested: 1024
[2025.12.21-12.30.02:357][  0]LogAudioMixer: Display: 	Callback Buffer Frame Size To Use:	  1024
[2025.12.21-12.30.02:357][  0]LogAudioMixer: Display: 	Number of buffers to queue:			  2
[2025.12.21-12.30.02:357][  0]LogAudioMixer: Display: 	Max Channels (voices):				  32
[2025.12.21-12.30.02:357][  0]LogAudioMixer: Display: 	Number of Async Source Workers:		  0
[2025.12.21-12.30.02:358][  0]LogAudio: Display: AudioDevice MaxSources: 32
[2025.12.21-12.30.02:360][  0]LogAudio: Display: Audio Spatialization Plugin: None (built-in).
[2025.12.21-12.30.02:360][  0]LogAudio: Display: Audio Reverb Plugin: None (built-in).
[2025.12.21-12.30.02:360][  0]LogAudio: Display: Audio Occlusion Plugin: None (built-in).
[2025.12.21-12.30.02:361][  0]LogAudioMixer: Display: Initializing audio mixer.
[2025.12.21-12.30.02:392][  0]LogAudioMixer: Display: 0: FrontLeft
[2025.12.21-12.30.02:392][  0]LogAudioMixer: Display: 1: FrontRight
[2025.12.21-12.30.02:690][  0]LogAudioMixer: Display: Using Audio Device Динамики (Realtek(R) Audio)
[2025.12.21-12.30.02:698][  0]LogAudioMixer: Display: Initializing Sound Submixes...
[2025.12.21-12.30.02:710][  0]LogAudioMixer: Display: Creating Master Submix 'MasterSubmixDefault'
[2025.12.21-12.30.02:710][  0]LogAudioMixer: Display: Creating Master Submix 'MasterReverbSubmixDefault'
[2025.12.21-12.30.02:713][  0]LogAudioMixer: Display: Creating Master Submix 'MasterEQSubmixDefault'
[2025.12.21-12.30.02:714][  0]LogAudioMixer: FMixerPlatformXAudio2::StartAudioStream() called
[2025.12.21-12.30.02:714][  0]LogAudioMixer: Display: Output buffers initialized: Frames=1024, Channels=2, Samples=2048
[2025.12.21-12.30.02:715][  0]LogAudioMixer: Display: Starting AudioMixerPlatformInterface::RunInternal()
[2025.12.21-12.30.02:715][  0]LogAudioMixer: Display: FMixerPlatformXAudio2::SubmitBuffer() called for the first time
[2025.12.21-12.30.02:715][  0]LogInit: FAudioDevice initialized.
[2025.12.21-12.30.02:717][  0]LogAudio: Display: Audio Device (ID: 1) registered with world 'Untitled'.
[2025.12.21-12.30.02:718][  0]LogNetVersion: Set ProjectVersion to 1.0.0.0. Version Checksum will be recalculated on next use.
[2025.12.21-12.30.02:806][  0]LogDerivedDataCache: Saved boot cache 0.09s 94MB C:/Users/Владислав/AppData/Local/UnrealEngine/4.27/DerivedDataCache/Boot.ddc.
[2025.12.21-12.30.02:807][  0]LogInit: Texture streaming: Enabled
[2025.12.21-12.30.02:838][  0]LogAnalytics: Display: [UEEditor.Rocket.Release] APIServer = https://datarouter.ol.epicgames.com/. AppVersion = 4.27.2-18319896+++UE4+Release-4.27
[2025.12.21-12.30.02:848][  0]LogEngineSessionManager: EngineSessionManager initialized
[2025.12.21-12.30.02:849][  0]LogEditorSessionSummary: Verbose: Initializing EditorSessionSummaryWriter for editor session tracking
[2025.12.21-12.30.02:852][  0]LogEditorSessionSummary: EditorSessionSummaryWriter initialized
[2025.12.21-12.30.02:949][  0]LogInit: Transaction tracking system initialized
[2025.12.21-12.30.03:223][  0]BlueprintLog: New page: Editor Load
[2025.12.21-12.30.03:428][  0]LocalizationService: Localization service is disabled
[2025.12.21-12.30.03:521][  0]TimingProfiler: Initialize
[2025.12.21-12.30.03:524][  0]TimingProfiler: OnSessionChanged
[2025.12.21-12.30.03:525][  0]LoadingProfiler: Initialize
[2025.12.21-12.30.03:525][  0]LoadingProfiler: OnSessionChanged
[2025.12.21-12.30.03:526][  0]NetworkingProfiler: Initialize
[2025.12.21-12.30.03:527][  0]NetworkingProfiler: OnSessionChanged
[2025.12.21-12.30.03:527][  0]MemoryProfiler: Initialize
[2025.12.21-12.30.03:527][  0]MemoryProfiler: OnSessionChanged
[2025.12.21-12.30.03:824][  0]LogCook: Display: CookSettings for Memory: MemoryMaxUsedVirtual 0MiB, MemoryMaxUsedPhysical 16384MiB, MemoryMinFreeVirtual 0MiB, MemoryMinFreePhysical 1024MiB
[2025.12.21-12.30.03:824][  0]LogCook: Display: Mobile HDR setting 1
[2025.12.21-12.30.03:840][  0]LogFileCache: Scanning file cache for directory 'D:/WORKPLACE/Mini_laboratory/MEPhI_VR_term_1/Mini_laboratory/Content/' took 0.01s
[2025.12.21-12.30.04:529][  0]LogInit: Display: Engine is initialized. Leaving FEngineLoop::Init()
[2025.12.21-12.30.04:548][  0]SourceControl: Source control is disabled
[2025.12.21-12.30.04:548][  0]LogUnrealEdMisc: Loading editor; pre map load, took 16.921
[2025.12.21-12.30.04:551][  0]Cmd: MAP LOAD FILE="../../../../../../WORKPLACE/Mini_laboratory/MEPhI_VR_term_1/Mini_laboratory/Content/Workplace/Maps/StartMenu.umap" TEMPLATE=0 SHOWPROGRESS=1 FEATURELEVEL=3
[2025.12.21-12.30.04:554][  0]LightingResults: New page: Lighting Build
[2025.12.21-12.30.04:565][  0]LogWorld: UWorld::CleanupWorld for Untitled, bSessionEnded=true, bCleanupResources=true
[2025.12.21-12.30.04:568][  0]LogSlate: InvalidateAllWidgets triggered.  All widgets were invalidated
[2025.12.21-12.30.04:572][  0]MapCheck: New page: Map Check
[2025.12.21-12.30.04:572][  0]LightingResults: New page: Lighting Build
[2025.12.21-12.30.04:590][  0]LogAudio: Display: Audio Device unregistered from world 'None'.
[2025.12.21-12.30.04:611][  0]LogUObjectHash: Compacting FUObjectHashTables data took   1.64ms
[2025.12.21-12.30.04:782][  0]LogAudio: Display: Audio Device (ID: 1) registered with world 'StartMenu'.
[2025.12.21-12.30.04:784][  0]LogAIModule: Creating AISystem for world StartMenu
[2025.12.21-12.30.04:793][  0]LogEditorServer: Finished looking for orphan Actors (0.000 secs)
[2025.12.21-12.30.04:813][  0]LogUObjectHash: Compacting FUObjectHashTables data took   1.20ms
[2025.12.21-12.30.04:815][  0]Cmd: MAP CHECKDEP NOCLEARLOG
[2025.12.21-12.30.04:815][  0]MapCheck: Map check complete: 0 Error(s), 0 Warning(s), took 0,479ms to complete.
[2025.12.21-12.30.04:815][  0]LogFileHelpers: Loading map 'StartMenu' took 0.266
[2025.12.21-12.30.04:848][  0]LogUnrealEdMisc: Total Editor Startup Time, took 17.221
[2025.12.21-12.30.05:063][  0]LogSlate: Updating window title bar state: overlay mode, drag disabled, window buttons hidden, title bar hidden
[2025.12.21-12.30.05:073][  0]LogSlate: Updating window title bar state: overlay mode, drag disabled, window buttons hidden, title bar hidden
[2025.12.21-12.30.05:081][  0]LogSlate: Updating window title bar state: overlay mode, drag disabled, window buttons hidden, title bar hidden
[2025.12.21-12.30.05:086][  0]LogSlate: Updating window title bar state: overlay mode, drag disabled, window buttons hidden, title bar hidden
[2025.12.21-12.30.05:142][  0]LogNativeClassHierarchy: Verbose: Native class hierarchy populated in 0.0113 seconds. Added 3822 classes and 928 folders.
[2025.12.21-12.30.05:154][  0]LogNativeClassHierarchy: Verbose: Native class hierarchy updated for 'WidgetCarousel' in 0.0004 seconds. Added 0 classes and 0 folders.
[2025.12.21-12.30.05:163][  0]LogPakFile: PakFile PrimaryIndexSize=187
[2025.12.21-12.30.05:163][  0]LogPakFile: PakFile PathHashIndexSize=101
[2025.12.21-12.30.05:163][  0]LogPakFile: PakFile FullDirectoryIndexSize=148
[2025.12.21-12.30.05:165][  0]LogShaderLibrary: Display: ShaderCodeLibraryPakFileMountedCallback: PakFile 'D:/Progams on PC/Unreal/UE_4.27/FeaturePacks/FP_FirstPerson.upack' (chunk index -1, root 'root:/') mounted
[2025.12.21-12.30.05:165][  0]LogShaderLibrary: Display: ShaderCodeLibraryPakFileMountedCallback: pending pak file info (ChunkID:-1 Root:root:/ File:D:/Progams on PC/Unreal/UE_4.27/FeaturePacks/FP_FirstPerson.upack)
[2025.12.21-12.30.05:165][  0]LogPakFile: OnPakFileMounted2Time == 0.001880
[2025.12.21-12.30.05:171][  0]LogPakFile: PakFile PrimaryIndexSize=189
[2025.12.21-12.30.05:171][  0]LogPakFile: PakFile PathHashIndexSize=101
[2025.12.21-12.30.05:171][  0]LogPakFile: PakFile FullDirectoryIndexSize=152
[2025.12.21-12.30.05:171][  0]LogShaderLibrary: Display: ShaderCodeLibraryPakFileMountedCallback: PakFile 'D:/Progams on PC/Unreal/UE_4.27/FeaturePacks/FP_FirstPersonBP.upack' (chunk index -1, root 'root:/') mounted
[2025.12.21-12.30.05:171][  0]LogShaderLibrary: Display: ShaderCodeLibraryPakFileMountedCallback: pending pak file info (ChunkID:-1 Root:root:/ File:D:/Progams on PC/Unreal/UE_4.27/FeaturePacks/FP_FirstPersonBP.upack)
[2025.12.21-12.30.05:171][  0]LogPakFile: OnPakFileMounted2Time == 0.000055
[2025.12.21-12.30.05:174][  0]LogPakFile: PakFile PrimaryIndexSize=191
[2025.12.21-12.30.05:174][  0]LogPakFile: PakFile PathHashIndexSize=101
[2025.12.21-12.30.05:174][  0]LogPakFile: PakFile FullDirectoryIndexSize=160
[2025.12.21-12.30.05:174][  0]LogShaderLibrary: Display: ShaderCodeLibraryPakFileMountedCallback: PakFile 'D:/Progams on PC/Unreal/UE_4.27/FeaturePacks/MobileStarterContent.upack' (chunk index -1, root 'root:/') mounted
[2025.12.21-12.30.05:174][  0]LogShaderLibrary: Display: ShaderCodeLibraryPakFileMountedCallback: pending pak file info (ChunkID:-1 Root:root:/ File:D:/Progams on PC/Unreal/UE_4.27/FeaturePacks/MobileStarterContent.upack)
[2025.12.21-12.30.05:174][  0]LogPakFile: OnPakFileMounted2Time == 0.000047
[2025.12.21-12.30.05:176][  0]LogPakFile: PakFile PrimaryIndexSize=185
[2025.12.21-12.30.05:176][  0]LogPakFile: PakFile PathHashIndexSize=101
[2025.12.21-12.30.05:176][  0]LogPakFile: PakFile FullDirectoryIndexSize=148
[2025.12.21-12.30.05:176][  0]LogShaderLibrary: Display: ShaderCodeLibraryPakFileMountedCallback: PakFile 'D:/Progams on PC/Unreal/UE_4.27/FeaturePacks/StarterContent.upack' (chunk index -1, root 'root:/') mounted
[2025.12.21-12.30.05:176][  0]LogShaderLibrary: Display: ShaderCodeLibraryPakFileMountedCallback: pending pak file info (ChunkID:-1 Root:root:/ File:D:/Progams on PC/Unreal/UE_4.27/FeaturePacks/StarterContent.upack)
[2025.12.21-12.30.05:176][  0]LogPakFile: OnPakFileMounted2Time == 0.000050
[2025.12.21-12.30.05:179][  0]LogPakFile: PakFile PrimaryIndexSize=190
[2025.12.21-12.30.05:179][  0]LogPakFile: PakFile PathHashIndexSize=101
[2025.12.21-12.30.05:179][  0]LogPakFile: PakFile FullDirectoryIndexSize=154
[2025.12.21-12.30.05:179][  0]LogShaderLibrary: Display: ShaderCodeLibraryPakFileMountedCallback: PakFile 'D:/Progams on PC/Unreal/UE_4.27/FeaturePacks/TP_2DSideScroller.upack' (chunk index -1, root 'root:/') mounted
[2025.12.21-12.30.05:179][  0]LogShaderLibrary: Display: ShaderCodeLibraryPakFileMountedCallback: pending pak file info (ChunkID:-1 Root:root:/ File:D:/Progams on PC/Unreal/UE_4.27/FeaturePacks/TP_2DSideScroller.upack)
[2025.12.21-12.30.05:179][  0]LogPakFile: OnPakFileMounted2Time == 0.000047
[2025.12.21-12.30.05:182][  0]LogPakFile: PakFile PrimaryIndexSize=192
[2025.12.21-12.30.05:182][  0]LogPakFile: PakFile PathHashIndexSize=101
[2025.12.21-12.30.05:182][  0]LogPakFile: PakFile FullDirectoryIndexSize=158
[2025.12.21-12.30.05:182][  0]LogShaderLibrary: Display: ShaderCodeLibraryPakFileMountedCallback: PakFile 'D:/Progams on PC/Unreal/UE_4.27/FeaturePacks/TP_2DSideScrollerBP.upack' (chunk index -1, root 'root:/') mounted
[2025.12.21-12.30.05:182][  0]LogShaderLibrary: Display: ShaderCodeLibraryPakFileMountedCallback: pending pak file info (ChunkID:-1 Root:root:/ File:D:/Progams on PC/Unreal/UE_4.27/FeaturePacks/TP_2DSideScrollerBP.upack)
[2025.12.21-12.30.05:182][  0]LogPakFile: OnPakFileMounted2Time == 0.000053
[2025.12.21-12.30.05:183][  0]LogPakFile: PakFile PrimaryIndexSize=182
[2025.12.21-12.30.05:184][  0]LogPakFile: PakFile PathHashIndexSize=101
[2025.12.21-12.30.05:184][  0]LogPakFile: PakFile FullDirectoryIndexSize=138
[2025.12.21-12.30.05:184][  0]LogShaderLibrary: Display: ShaderCodeLibraryPakFileMountedCallback: PakFile 'D:/Progams on PC/Unreal/UE_4.27/FeaturePacks/TP_Flying.upack' (chunk index -1, root 'root:/') mounted
[2025.12.21-12.30.05:184][  0]LogShaderLibrary: Display: ShaderCodeLibraryPakFileMountedCallback: pending pak file info (ChunkID:-1 Root:root:/ File:D:/Progams on PC/Unreal/UE_4.27/FeaturePacks/TP_Flying.upack)
[2025.12.21-12.30.05:184][  0]LogPakFile: OnPakFileMounted2Time == 0.000048
[2025.12.21-12.30.05:186][  0]LogPakFile: PakFile PrimaryIndexSize=184
[2025.12.21-12.30.05:186][  0]LogPakFile: PakFile PathHashIndexSize=101
[2025.12.21-12.30.05:186][  0]LogPakFile: PakFile FullDirectoryIndexSize=142
[2025.12.21-12.30.05:186][  0]LogShaderLibrary: Display: ShaderCodeLibraryPakFileMountedCallback: PakFile 'D:/Progams on PC/Unreal/UE_4.27/FeaturePacks/TP_FlyingBP.upack' (chunk index -1, root 'root:/') mounted
[2025.12.21-12.30.05:186][  0]LogShaderLibrary: Display: ShaderCodeLibraryPakFileMountedCallback: pending pak file info (ChunkID:-1 Root:root:/ File:D:/Progams on PC/Unreal/UE_4.27/FeaturePacks/TP_FlyingBP.upack)
[2025.12.21-12.30.05:186][  0]LogPakFile: OnPakFileMounted2Time == 0.000047
[2025.12.21-12.30.05:189][  0]LogPakFile: PakFile PrimaryIndexSize=188
[2025.12.21-12.30.05:189][  0]LogPakFile: PakFile PathHashIndexSize=101
[2025.12.21-12.30.05:189][  0]LogPakFile: PakFile FullDirectoryIndexSize=150
[2025.12.21-12.30.05:189][  0]LogShaderLibrary: Display: ShaderCodeLibraryPakFileMountedCallback: PakFile 'D:/Progams on PC/Unreal/UE_4.27/FeaturePacks/TP_HandheldARBP.upack' (chunk index -1, root 'root:/') mounted
[2025.12.21-12.30.05:189][  0]LogShaderLibrary: Display: ShaderCodeLibraryPakFileMountedCallback: pending pak file info (ChunkID:-1 Root:root:/ File:D:/Progams on PC/Unreal/UE_4.27/FeaturePacks/TP_HandheldARBP.upack)
[2025.12.21-12.30.05:189][  0]LogPakFile: OnPakFileMounted2Time == 0.000046
[2025.12.21-12.30.05:194][  0]LogPakFile: PakFile PrimaryIndexSize=182
[2025.12.21-12.30.05:195][  0]LogPakFile: PakFile PathHashIndexSize=101
[2025.12.21-12.30.05:195][  0]LogPakFile: PakFile FullDirectoryIndexSize=138
[2025.12.21-12.30.05:195][  0]LogShaderLibrary: Display: ShaderCodeLibraryPakFileMountedCallback: PakFile 'D:/Progams on PC/Unreal/UE_4.27/FeaturePacks/TP_Puzzle.upack' (chunk index -1, root 'root:/') mounted
[2025.12.21-12.30.05:195][  0]LogShaderLibrary: Display: ShaderCodeLibraryPakFileMountedCallback: pending pak file info (ChunkID:-1 Root:root:/ File:D:/Progams on PC/Unreal/UE_4.27/FeaturePacks/TP_Puzzle.upack)
[2025.12.21-12.30.05:195][  0]LogPakFile: OnPakFileMounted2Time == 0.000046
[2025.12.21-12.30.05:198][  0]LogPakFile: PakFile PrimaryIndexSize=184
[2025.12.21-12.30.05:198][  0]LogPakFile: PakFile PathHashIndexSize=101
[2025.12.21-12.30.05:198][  0]LogPakFile: PakFile FullDirectoryIndexSize=142
[2025.12.21-12.30.05:198][  0]LogShaderLibrary: Display: ShaderCodeLibraryPakFileMountedCallback: PakFile 'D:/Progams on PC/Unreal/UE_4.27/FeaturePacks/TP_PuzzleBP.upack' (chunk index -1, root 'root:/') mounted
[2025.12.21-12.30.05:198][  0]LogShaderLibrary: Display: ShaderCodeLibraryPakFileMountedCallback: pending pak file info (ChunkID:-1 Root:root:/ File:D:/Progams on PC/Unreal/UE_4.27/FeaturePacks/TP_PuzzleBP.upack)
[2025.12.21-12.30.05:198][  0]LogPakFile: OnPakFileMounted2Time == 0.000047
[2025.12.21-12.30.05:199][  0]LogPakFile: PakFile PrimaryIndexSize=183
[2025.12.21-12.30.05:200][  0]LogPakFile: PakFile PathHashIndexSize=101
[2025.12.21-12.30.05:200][  0]LogPakFile: PakFile FullDirectoryIndexSize=140
[2025.12.21-12.30.05:200][  0]LogShaderLibrary: Display: ShaderCodeLibraryPakFileMountedCallback: PakFile 'D:/Progams on PC/Unreal/UE_4.27/FeaturePacks/TP_Rolling.upack' (chunk index -1, root 'root:/') mounted
[2025.12.21-12.30.05:200][  0]LogShaderLibrary: Display: ShaderCodeLibraryPakFileMountedCallback: pending pak file info (ChunkID:-1 Root:root:/ File:D:/Progams on PC/Unreal/UE_4.27/FeaturePacks/TP_Rolling.upack)
[2025.12.21-12.30.05:200][  0]LogPakFile: OnPakFileMounted2Time == 0.000058
[2025.12.21-12.30.05:202][  0]LogPakFile: PakFile PrimaryIndexSize=185
[2025.12.21-12.30.05:202][  0]LogPakFile: PakFile PathHashIndexSize=101
[2025.12.21-12.30.05:202][  0]LogPakFile: PakFile FullDirectoryIndexSize=144
[2025.12.21-12.30.05:202][  0]LogShaderLibrary: Display: ShaderCodeLibraryPakFileMountedCallback: PakFile 'D:/Progams on PC/Unreal/UE_4.27/FeaturePacks/TP_RollingBP.upack' (chunk index -1, root 'root:/') mounted
[2025.12.21-12.30.05:202][  0]LogShaderLibrary: Display: ShaderCodeLibraryPakFileMountedCallback: pending pak file info (ChunkID:-1 Root:root:/ File:D:/Progams on PC/Unreal/UE_4.27/FeaturePacks/TP_RollingBP.upack)
[2025.12.21-12.30.05:202][  0]LogPakFile: OnPakFileMounted2Time == 0.000045
[2025.12.21-12.30.05:204][  0]LogPakFile: PakFile PrimaryIndexSize=188
[2025.12.21-12.30.05:204][  0]LogPakFile: PakFile PathHashIndexSize=101
[2025.12.21-12.30.05:204][  0]LogPakFile: PakFile FullDirectoryIndexSize=150
[2025.12.21-12.30.05:204][  0]LogShaderLibrary: Display: ShaderCodeLibraryPakFileMountedCallback: PakFile 'D:/Progams on PC/Unreal/UE_4.27/FeaturePacks/TP_SideScroller.upack' (chunk index -1, root 'root:/') mounted
[2025.12.21-12.30.05:204][  0]LogShaderLibrary: Display: ShaderCodeLibraryPakFileMountedCallback: pending pak file info (ChunkID:-1 Root:root:/ File:D:/Progams on PC/Unreal/UE_4.27/FeaturePacks/TP_SideScroller.upack)
[2025.12.21-12.30.05:204][  0]LogPakFile: OnPakFileMounted2Time == 0.000048
[2025.12.21-12.30.05:206][  0]LogPakFile: PakFile PrimaryIndexSize=190
[2025.12.21-12.30.05:206][  0]LogPakFile: PakFile PathHashIndexSize=101
[2025.12.21-12.30.05:206][  0]LogPakFile: PakFile FullDirectoryIndexSize=154
[2025.12.21-12.30.05:206][  0]LogShaderLibrary: Display: ShaderCodeLibraryPakFileMountedCallback: PakFile 'D:/Progams on PC/Unreal/UE_4.27/FeaturePacks/TP_SideScrollerBP.upack' (chunk index -1, root 'root:/') mounted
[2025.12.21-12.30.05:206][  0]LogShaderLibrary: Display: ShaderCodeLibraryPakFileMountedCallback: pending pak file info (ChunkID:-1 Root:root:/ File:D:/Progams on PC/Unreal/UE_4.27/FeaturePacks/TP_SideScrollerBP.upack)
[2025.12.21-12.30.05:206][  0]LogPakFile: OnPakFileMounted2Time == 0.000056
[2025.12.21-12.30.05:208][  0]LogPakFile: PakFile PrimaryIndexSize=187
[2025.12.21-12.30.05:208][  0]LogPakFile: PakFile PathHashIndexSize=101
[2025.12.21-12.30.05:208][  0]LogPakFile: PakFile FullDirectoryIndexSize=148
[2025.12.21-12.30.05:208][  0]LogShaderLibrary: Display: ShaderCodeLibraryPakFileMountedCallback: PakFile 'D:/Progams on PC/Unreal/UE_4.27/FeaturePacks/TP_ThirdPerson.upack' (chunk index -1, root 'root:/') mounted
[2025.12.21-12.30.05:208][  0]LogShaderLibrary: Display: ShaderCodeLibraryPakFileMountedCallback: pending pak file info (ChunkID:-1 Root:root:/ File:D:/Progams on PC/Unreal/UE_4.27/FeaturePacks/TP_ThirdPerson.upack)
[2025.12.21-12.30.05:208][  0]LogPakFile: OnPakFileMounted2Time == 0.000050
[2025.12.21-12.30.05:211][  0]LogPakFile: PakFile PrimaryIndexSize=189
[2025.12.21-12.30.05:211][  0]LogPakFile: PakFile PathHashIndexSize=101
[2025.12.21-12.30.05:211][  0]LogPakFile: PakFile FullDirectoryIndexSize=152
[2025.12.21-12.30.05:211][  0]LogShaderLibrary: Display: ShaderCodeLibraryPakFileMountedCallback: PakFile 'D:/Progams on PC/Unreal/UE_4.27/FeaturePacks/TP_ThirdPersonBP.upack' (chunk index -1, root 'root:/') mounted
[2025.12.21-12.30.05:211][  0]LogShaderLibrary: Display: ShaderCodeLibraryPakFileMountedCallback: pending pak file info (ChunkID:-1 Root:root:/ File:D:/Progams on PC/Unreal/UE_4.27/FeaturePacks/TP_ThirdPersonBP.upack)
[2025.12.21-12.30.05:211][  0]LogPakFile: OnPakFileMounted2Time == 0.000050
[2025.12.21-12.30.05:213][  0]LogPakFile: PakFile PrimaryIndexSize=183
[2025.12.21-12.30.05:213][  0]LogPakFile: PakFile PathHashIndexSize=101
[2025.12.21-12.30.05:213][  0]LogPakFile: PakFile FullDirectoryIndexSize=140
[2025.12.21-12.30.05:213][  0]LogShaderLibrary: Display: ShaderCodeLibraryPakFileMountedCallback: PakFile 'D:/Progams on PC/Unreal/UE_4.27/FeaturePacks/TP_TopDown.upack' (chunk index -1, root 'root:/') mounted
[2025.12.21-12.30.05:213][  0]LogShaderLibrary: Display: ShaderCodeLibraryPakFileMountedCallback: pending pak file info (ChunkID:-1 Root:root:/ File:D:/Progams on PC/Unreal/UE_4.27/FeaturePacks/TP_TopDown.upack)
[2025.12.21-12.30.05:213][  0]LogPakFile: OnPakFileMounted2Time == 0.000061
[2025.12.21-12.30.05:215][  0]LogPakFile: PakFile PrimaryIndexSize=185
[2025.12.21-12.30.05:215][  0]LogPakFile: PakFile PathHashIndexSize=101
[2025.12.21-12.30.05:215][  0]LogPakFile: PakFile FullDirectoryIndexSize=144
[2025.12.21-12.30.05:215][  0]LogShaderLibrary: Display: ShaderCodeLibraryPakFileMountedCallback: PakFile 'D:/Progams on PC/Unreal/UE_4.27/FeaturePacks/TP_TopDownBP.upack' (chunk index -1, root 'root:/') mounted
[2025.12.21-12.30.05:215][  0]LogShaderLibrary: Display: ShaderCodeLibraryPakFileMountedCallback: pending pak file info (ChunkID:-1 Root:root:/ File:D:/Progams on PC/Unreal/UE_4.27/FeaturePacks/TP_TopDownBP.upack)
[2025.12.21-12.30.05:216][  0]LogPakFile: OnPakFileMounted2Time == 0.000050
[2025.12.21-12.30.05:218][  0]LogPakFile: PakFile PrimaryIndexSize=185
[2025.12.21-12.30.05:218][  0]LogPakFile: PakFile PathHashIndexSize=101
[2025.12.21-12.30.05:218][  0]LogPakFile: PakFile FullDirectoryIndexSize=144
[2025.12.21-12.30.05:218][  0]LogShaderLibrary: Display: ShaderCodeLibraryPakFileMountedCallback: PakFile 'D:/Progams on PC/Unreal/UE_4.27/FeaturePacks/TP_TwinStick.upack' (chunk index -1, root 'root:/') mounted
[2025.12.21-12.30.05:218][  0]LogShaderLibrary: Display: ShaderCodeLibraryPakFileMountedCallback: pending pak file info (ChunkID:-1 Root:root:/ File:D:/Progams on PC/Unreal/UE_4.27/FeaturePacks/TP_TwinStick.upack)
[2025.12.21-12.30.05:218][  0]LogPakFile: OnPakFileMounted2Time == 0.000048
[2025.12.21-12.30.05:219][  0]LogPakFile: PakFile PrimaryIndexSize=187
[2025.12.21-12.30.05:219][  0]LogPakFile: PakFile PathHashIndexSize=101
[2025.12.21-12.30.05:219][  0]LogPakFile: PakFile FullDirectoryIndexSize=148
[2025.12.21-12.30.05:219][  0]LogShaderLibrary: Display: ShaderCodeLibraryPakFileMountedCallback: PakFile 'D:/Progams on PC/Unreal/UE_4.27/FeaturePacks/TP_TwinStickBP.upack' (chunk index -1, root 'root:/') mounted
[2025.12.21-12.30.05:219][  0]LogShaderLibrary: Display: ShaderCodeLibraryPakFileMountedCallback: pending pak file info (ChunkID:-1 Root:root:/ File:D:/Progams on PC/Unreal/UE_4.27/FeaturePacks/TP_TwinStickBP.upack)
[2025.12.21-12.30.05:219][  0]LogPakFile: OnPakFileMounted2Time == 0.000042
[2025.12.21-12.30.05:221][  0]LogPakFile: PakFile PrimaryIndexSize=183
[2025.12.21-12.30.05:221][  0]LogPakFile: PakFile PathHashIndexSize=101
[2025.12.21-12.30.05:221][  0]LogPakFile: PakFile FullDirectoryIndexSize=140
[2025.12.21-12.30.05:221][  0]LogShaderLibrary: Display: ShaderCodeLibraryPakFileMountedCallback: PakFile 'D:/Progams on PC/Unreal/UE_4.27/FeaturePacks/TP_Vehicle.upack' (chunk index -1, root 'root:/') mounted
[2025.12.21-12.30.05:221][  0]LogShaderLibrary: Display: ShaderCodeLibraryPakFileMountedCallback: pending pak file info (ChunkID:-1 Root:root:/ File:D:/Progams on PC/Unreal/UE_4.27/FeaturePacks/TP_Vehicle.upack)
[2025.12.21-12.30.05:221][  0]LogPakFile: OnPakFileMounted2Time == 0.000043
[2025.12.21-12.30.05:223][  0]LogPakFile: PakFile PrimaryIndexSize=186
[2025.12.21-12.30.05:223][  0]LogPakFile: PakFile PathHashIndexSize=101
[2025.12.21-12.30.05:223][  0]LogPakFile: PakFile FullDirectoryIndexSize=146
[2025.12.21-12.30.05:223][  0]LogShaderLibrary: Display: ShaderCodeLibraryPakFileMountedCallback: PakFile 'D:/Progams on PC/Unreal/UE_4.27/FeaturePacks/TP_VehicleAdv.upack' (chunk index -1, root 'root:/') mounted
[2025.12.21-12.30.05:223][  0]LogShaderLibrary: Display: ShaderCodeLibraryPakFileMountedCallback: pending pak file info (ChunkID:-1 Root:root:/ File:D:/Progams on PC/Unreal/UE_4.27/FeaturePacks/TP_VehicleAdv.upack)
[2025.12.21-12.30.05:223][  0]LogPakFile: OnPakFileMounted2Time == 0.000050
[2025.12.21-12.30.05:225][  0]LogPakFile: PakFile PrimaryIndexSize=188
[2025.12.21-12.30.05:225][  0]LogPakFile: PakFile PathHashIndexSize=101
[2025.12.21-12.30.05:225][  0]LogPakFile: PakFile FullDirectoryIndexSize=150
[2025.12.21-12.30.05:225][  0]LogShaderLibrary: Display: ShaderCodeLibraryPakFileMountedCallback: PakFile 'D:/Progams on PC/Unreal/UE_4.27/FeaturePacks/TP_VehicleAdvBP.upack' (chunk index -1, root 'root:/') mounted
[2025.12.21-12.30.05:225][  0]LogShaderLibrary: Display: ShaderCodeLibraryPakFileMountedCallback: pending pak file info (ChunkID:-1 Root:root:/ File:D:/Progams on PC/Unreal/UE_4.27/FeaturePacks/TP_VehicleAdvBP.upack)
[2025.12.21-12.30.05:225][  0]LogPakFile: OnPakFileMounted2Time == 0.000055
[2025.12.21-12.30.05:227][  0]LogPakFile: PakFile PrimaryIndexSize=185
[2025.12.21-12.30.05:227][  0]LogPakFile: PakFile PathHashIndexSize=101
[2025.12.21-12.30.05:227][  0]LogPakFile: PakFile FullDirectoryIndexSize=144
[2025.12.21-12.30.05:227][  0]LogShaderLibrary: Display: ShaderCodeLibraryPakFileMountedCallback: PakFile 'D:/Progams on PC/Unreal/UE_4.27/FeaturePacks/TP_VehicleBP.upack' (chunk index -1, root 'root:/') mounted
[2025.12.21-12.30.05:227][  0]LogShaderLibrary: Display: ShaderCodeLibraryPakFileMountedCallback: pending pak file info (ChunkID:-1 Root:root:/ File:D:/Progams on PC/Unreal/UE_4.27/FeaturePacks/TP_VehicleBP.upack)
[2025.12.21-12.30.05:227][  0]LogPakFile: OnPakFileMounted2Time == 0.000049
[2025.12.21-12.30.05:231][  0]LogPakFile: PakFile PrimaryIndexSize=192
[2025.12.21-12.30.05:231][  0]LogPakFile: PakFile PathHashIndexSize=101
[2025.12.21-12.30.05:231][  0]LogPakFile: PakFile FullDirectoryIndexSize=158
[2025.12.21-12.30.05:231][  0]LogShaderLibrary: Display: ShaderCodeLibraryPakFileMountedCallback: PakFile 'D:/Progams on PC/Unreal/UE_4.27/FeaturePacks/TP_VirtualRealityBP.upack' (chunk index -1, root 'root:/') mounted
[2025.12.21-12.30.05:231][  0]LogShaderLibrary: Display: ShaderCodeLibraryPakFileMountedCallback: pending pak file info (ChunkID:-1 Root:root:/ File:D:/Progams on PC/Unreal/UE_4.27/FeaturePacks/TP_VirtualRealityBP.upack)
[2025.12.21-12.30.05:231][  0]LogPakFile: OnPakFileMounted2Time == 0.000049
[2025.12.21-12.30.05:346][  0]LogNativeClassHierarchy: Verbose: Native class hierarchy updated for 'AddContentDialog' in 0.0003 seconds. Added 0 classes and 0 folders.
[2025.12.21-12.30.05:351][  0]LogNativeClassHierarchy: Verbose: Native class hierarchy updated for 'SceneOutliner' in 0.0003 seconds. Added 2 classes and 0 folders.
[2025.12.21-12.30.05:605][  0]LogSlate: Took 0.000736 seconds to synchronously load lazily loaded font '../../../Engine/Content/Slate/Fonts/Roboto-Regular.ttf' (155K)
[2025.12.21-12.30.05:612][  0]LogSlate: Took 0.001135 seconds to synchronously load lazily loaded font '../../../Engine/Content/Editor/Slate/Fonts/FontAwesome.ttf' (139K)
[2025.12.21-12.30.05:616][  0]LogSlate: Took 0.000855 seconds to synchronously load lazily loaded font '../../../Engine/Content/Slate/Fonts/Roboto-Bold.ttf' (160K)
[2025.12.21-12.30.05:789][  0]LogRenderer: Reallocating scene render targets to support 916x364 Format 10 NumSamples 1 (Frame:1).
[2025.12.21-12.30.05:995][  0]LogNativeClassHierarchy: Verbose: Native class hierarchy updated for 'HierarchicalLODOutliner' in 0.0004 seconds. Added 0 classes and 0 folders.
[2025.12.21-12.30.05:996][  0]LogLoad: (Engine Initialization) Total time: 18.37 seconds
[2025.12.21-12.30.05:996][  0]LogLoad: (Engine Initialization) Total Blueprint compile time: 0.00 seconds
[2025.12.21-12.30.06:082][  0]LogAssetRegistry: Asset discovery search completed in 9.5413 seconds
[2025.12.21-12.30.06:094][  0]LogCollectionManager: Fixed up redirectors for 0 collections in 0.000004 seconds (updated 0 objects)
[2025.12.21-12.30.06:105][  0]LogContentStreaming: Texture pool size now 1000 MB
[2025.12.21-12.30.06:266][  2]LogSlate: Took 0.002536 seconds to synchronously load lazily loaded font '../../../Engine/Content/Slate/Fonts/Roboto-Light.ttf' (167K)
[2025.12.21-12.31.45:181][691]LogSlate: Took 0.001821 seconds to synchronously load lazily loaded font '../../../Engine/Content/Slate/Fonts/Roboto-Light.ttf' (167K)
[2025.12.21-12.31.45:231][691]LogFactory: FactoryCreateFile: StaticMesh with FbxFactory (0 0 ../../../../../../WORKPLACE/Mini_laboratory/MEPhI_VR_term_1/blender_FBX/3D_printer.fbx)
[2025.12.21-12.31.45:279][691]LogFbx: Loading FBX Scene from ../../../../../../WORKPLACE/Mini_laboratory/MEPhI_VR_term_1/blender_FBX/3D_printer.fbx
[2025.12.21-12.31.45:309][691]LogFbx: FBX Scene Loaded Succesfully
[2025.12.21-12.31.53:133][691]LogSlate: Window 'FBX Import Options' being destroyed
[2025.12.21-12.31.53:185][691]LogFbx: Valid bind pose for Pose (Plane) - Corpus
[2025.12.21-12.31.53:185][691]LogFbx: Valid bind pose for Pose (Plane.006) - Corpus
[2025.12.21-12.31.53:185][691]LogFbx: Valid bind pose for Pose (Cylinder.004) - Corpus
[2025.12.21-12.31.53:185][691]LogFbx: Valid bind pose for Pose (Cylinder.005) - Corpus
[2025.12.21-12.31.53:186][691]LogFbx: Valid bind pose for Pose (Cylinder.006) - Corpus
[2025.12.21-12.31.53:186][691]LogFbx: Valid bind pose for Pose (Cube) - Corpus
[2025.12.21-12.31.53:186][691]LogFbx: Valid bind pose for Pose (Cube.001) - Corpus
[2025.12.21-12.31.53:186][691]LogFbx: Valid bind pose for Pose (Plane.005) - Corpus
[2025.12.21-12.31.53:187][691]LogFbx: Triangulating skeletal mesh Corpus
[2025.12.21-12.31.53:203][691]LogFbx: Triangulating skeletal mesh Direction X
[2025.12.21-12.31.53:205][691]LogFbx: Triangulating skeletal mesh Direction Z1
[2025.12.21-12.31.53:207][691]LogFbx: Triangulating skeletal mesh Direction Z2
[2025.12.21-12.31.53:209][691]LogFbx: Triangulating skeletal mesh Direction Z3
[2025.12.21-12.31.53:210][691]LogFbx: Triangulating skeletal mesh Door
[2025.12.21-12.31.53:212][691]LogFbx: Triangulating skeletal mesh Extruder
[2025.12.21-12.31.53:218][691]LogFbx: Triangulating skeletal mesh Table
[2025.12.21-12.31.53:232][691]LogFbx: Warning: Bones digested - 16  Depth of hierarchy - 5
[2025.12.21-12.31.53:279][691]LogSkeletalMesh: Section 0: Material=0, 1530 triangles
[2025.12.21-12.31.53:290][691]LogFbx: SortedLinks :(0) Bone_001
[2025.12.21-12.31.53:290][691]LogFbx: SortedLinks :(1) Bone
[2025.12.21-12.31.53:290][691]LogFbx: SortedLinks :(2) Bone_004
[2025.12.21-12.31.53:290][691]LogFbx: SortedLinks :(3) Bone_004_end
[2025.12.21-12.31.53:290][691]LogFbx: SortedLinks :(4) Bone_006
[2025.12.21-12.31.53:290][691]LogFbx: SortedLinks :(5) Bone_007
[2025.12.21-12.31.53:290][691]LogFbx: SortedLinks :(6) Bone_007_end
[2025.12.21-12.31.53:290][691]LogFbx: SortedLinks :(7) Bone_002
[2025.12.21-12.31.53:290][691]LogFbx: SortedLinks :(8) Bone_003
[2025.12.21-12.31.53:290][691]LogFbx: SortedLinks :(9) Bone_003_end
[2025.12.21-12.31.53:290][691]LogFbx: SortedLinks :(10) Bone_005
[2025.12.21-12.31.53:290][691]LogFbx: SortedLinks :(11) Bone_009
[2025.12.21-12.31.53:290][691]LogFbx: SortedLinks :(12) Bone_008
[2025.12.21-12.31.53:290][691]LogFbx: SortedLinks :(13) Bone_008_end
[2025.12.21-12.31.53:290][691]LogFbx: SortedLinks :(14) Bone_010
[2025.12.21-12.31.53:290][691]LogFbx: SortedLinks :(15) Bone_010_end
[2025.12.21-12.31.53:292][691]LogFbx: Parsing AnimStack Armature|ArmatureAction
[2025.12.21-12.31.53:561][691]LogAnimationCompression: Building Anim DDC data for AnimSequence /Game/Workplace/Meshes/3D_printer_Anim.3D_printer_Anim
[2025.12.21-12.31.53:561][691]LogFbx: Warning: IMPORT TRANSFORM ERROR : Bone (Bone_001:0) 
Source Global Transform (0.000000,0.000000,0.000000|90.000000,0.000000,90.000000|63.651920,63.651924,63.651924), 
Converted Global Transform (0.000000,0.000000,0.000000|0.000007,-90.000008,-45.024014|1.000000,1.000000,1.000000)
[2025.12.21-12.31.53:567][691]LogSkeletalMesh: Building Skeletal Mesh 3D_printer...
[2025.12.21-12.31.53:594][691]LogSkeletalMesh: Section 0: Material=0, 1530 triangles
[2025.12.21-12.31.53:603][691]LogSkeletalMesh: Built Skeletal Mesh [0.04s] /Game/Workplace/Meshes/3D_printer.3D_printer
[2025.12.21-12.31.53:615][691]FBXImport: Warning: No smoothing group information was found in this FBX scene.  Please make sure to enable the 'Export Smoothing Groups' option in the FBX Exporter plug-in before exporting the file.  Even for tools that don't support smoothing groups, the FBX Exporter will generate appropriate smoothing data at export-time so that correct vertex normals can be inferred while importing. 
[2025.12.21-12.31.53:615][691]FBXImport: Warning: The following bones are missing from the bind pose:
Bone.004_end  
Bone.007_end  
Bone.003_end  
Bone.008_end  
Bone.010_end  

This can happen for bones that are not vert weighted. If they are not in the correct orientation after importing,
please set the "Use T0 as ref pose" option or add them to the bind pose and reimport the skeletal mesh. 
[2025.12.21-12.31.53:615][691]FBXImport: Warning: Imported bone transform is different from original. Please check Output Log to see detail of error.  
[2025.12.21-12.31.53:767][691]LogSlate: Took 0.012133 seconds to synchronously load lazily loaded font '../../../Engine/Content/Slate/Fonts/DroidSansMono.ttf' (77K)
[2025.12.21-12.31.57:524][904]LogSlate: Window 'Message Log' being destroyed
[2025.12.21-12.31.57:534][904]LogSlate: Window 'Message Log' being destroyed
[2025.12.21-12.32.05:276][333]LogUObjectHash: Compacting FUObjectHashTables data took   1.67ms
[2025.12.21-12.32.12:496][333]LogSlate: Window 'Save Content' being destroyed
[2025.12.21-12.32.12:588][333]Cmd: OBJ SAVEPACKAGE PACKAGE="/Game/Workplace/Meshes/3D_printer" FILE="../../../../../../WORKPLACE/Mini_laboratory/MEPhI_VR_term_1/Mini_laboratory/Content/Workplace/Meshes/3D_printer.uasset" SILENT=true
[2025.12.21-12.32.12:626][333]LogSavePackage: Moving '../../../../../../WORKPLACE/Mini_laboratory/MEPhI_VR_term_1/Mini_laboratory/Saved/3D_printer9007FC1B45A9C97DE9C69AB363D19DF9.tmp' to '../../../../../../WORKPLACE/Mini_laboratory/MEPhI_VR_term_1/Mini_laboratory/Content/Workplace/Meshes/3D_printer.uasset'
[2025.12.21-12.32.12:667][333]LogSavePackage: Moving '../../../../../../WORKPLACE/Mini_laboratory/MEPhI_VR_term_1/Mini_laboratory/Saved/3D_printer_Anim01A4D6D2435A6C08D9EAAAACFEA5BC41.tmp' to '../../../../../../WORKPLACE/Mini_laboratory/MEPhI_VR_term_1/Mini_laboratory/Content/Workplace/Meshes/3D_printer_Anim.uasset'
[2025.12.21-12.32.12:670][333]LogSavePackage: Moving '../../../../../../WORKPLACE/Mini_laboratory/MEPhI_VR_term_1/Mini_laboratory/Saved/3D_printer_SkeletonB5DBDDB54A2AF1B36B4236A3AEEE4ED5.tmp' to '../../../../../../WORKPLACE/Mini_laboratory/MEPhI_VR_term_1/Mini_laboratory/Content/Workplace/Meshes/3D_printer_Skeleton.uasset'
[2025.12.21-12.32.13:734][333]LogAssetEditorSubsystem: Opening Asset editor for World /Game/Workplace/Maps/FirstLevel.FirstLevel
[2025.12.21-12.32.13:734][333]Cmd: MAP LOAD FILE="../../../../../../WORKPLACE/Mini_laboratory/MEPhI_VR_term_1/Mini_laboratory/Content/Workplace/Maps/FirstLevel.umap" TEMPLATE=0 SHOWPROGRESS=1 FEATURELEVEL=3
[2025.12.21-12.32.13:735][333]LightingResults: New page: Lighting Build
[2025.12.21-12.32.13:735][333]LoadErrors: New page: Loading map: FirstLevel.umap
[2025.12.21-12.32.13:745][333]LogWorld: UWorld::CleanupWorld for StartMenu, bSessionEnded=true, bCleanupResources=true
[2025.12.21-12.32.13:749][333]LogSlate: InvalidateAllWidgets triggered.  All widgets were invalidated
[2025.12.21-12.32.13:753][333]MapCheck: New page: Map Check
[2025.12.21-12.32.13:753][333]LightingResults: New page: Lighting Build
[2025.12.21-12.32.13:762][333]LogAudio: Display: Audio Device unregistered from world 'None'.
[2025.12.21-12.32.13:790][333]LogUObjectHash: Compacting FUObjectHashTables data took   1.57ms
[2025.12.21-12.32.13:790][333]LogAudio: Display: Audio Device (ID: 1) registered with world 'FirstLevel'.
[2025.12.21-12.32.13:977][333]LogEditorServer: Finished looking for orphan Actors (0.000 secs)
[2025.12.21-12.32.13:978][333]LogAIModule: Creating AISystem for world FirstLevel
[2025.12.21-12.32.14:000][333]LogUObjectHash: Compacting FUObjectHashTables data took   1.35ms
[2025.12.21-12.32.14:010][333]Cmd: MAP CHECKDEP NOCLEARLOG
[2025.12.21-12.32.14:010][333]MapCheck: Map check complete: 0 Error(s), 0 Warning(s), took 0,122ms to complete.
[2025.12.21-12.32.14:010][333]LogFileHelpers: Loading map 'FirstLevel' took 0.276
[2025.12.21-12.32.14:046][333]AssetCheck: New page: Asset Save: multiple assets
[2025.12.21-12.32.14:046][333]LogContentValidation: Display: Validating SkeletalMesh /Game/Workplace/Meshes/3D_printer.3D_printer
[2025.12.21-12.32.14:047][333]LogContentValidation: Display: Validating Skeleton /Game/Workplace/Meshes/3D_printer_Skeleton.3D_printer_Skeleton
[2025.12.21-12.32.14:047][333]LogContentValidation: Display: Validating AnimSequence /Game/Workplace/Meshes/3D_printer_Anim.3D_printer_Anim
[2025.12.21-12.32.28:077][120]LogAssetEditorSubsystem: Opening Asset editor for AnimSequence /Game/Workplace/Meshes/3D_printer_Anim.3D_printer_Anim
[2025.12.21-12.32.28:285][120]LogNativeClassHierarchy: Verbose: Native class hierarchy updated for 'SkeletonEditor' in 0.0008 seconds. Added 1 classes and 2 folders.
[2025.12.21-12.32.28:311][120]LogTexture: Default maximum texture size for cubemaps generated from long-lat sources has been changed from 512 to unlimited. In order to preserve old behaiour for '/Engine/EditorMaterials/AssetViewer/EpicQuadPanorama_CC+EV1.EpicQuadPanorama_CC+EV1', its maximum texture size has been explicitly set to 512.
[2025.12.21-12.32.28:496][120]LogTexture: Default maximum texture size for cubemaps generated from long-lat sources has been changed from 512 to unlimited. In order to preserve old behaiour for '/Engine/MapTemplates/Sky/SunsetAmbientCubemap.SunsetAmbientCubemap', its maximum texture size has been explicitly set to 512.
[2025.12.21-12.32.28:647][120]LogActorComponent: RegisterComponentWithWorld: (/Engine/Transient.World_3:PersistentLevel.AnimationEditorPreviewActor_0.DebugSkelMeshComponent_0) Already registered. Aborting.
[2025.12.21-12.32.28:652][120]LogNativeClassHierarchy: Verbose: Native class hierarchy updated for 'PinnedCommandList' in 0.0005 seconds. Added 1 classes and 0 folders.
[2025.12.21-12.32.29:622][120]LogContentBrowser: Verbose: The majority of assets in the view are of type: AnimSequence
[2025.12.21-12.32.43:794][790]LogSlate: Window '3D_printer_Anim' being destroyed
[2025.12.21-12.32.43:805][790]LogWorld: UWorld::CleanupWorld for World_3, bSessionEnded=true, bCleanupResources=true
[2025.12.21-12.32.43:805][790]LogSlate: InvalidateAllWidgets triggered.  All widgets were invalidated
[2025.12.21-12.32.43:831][790]LogWorld: UWorld::CleanupWorld for World_5, bSessionEnded=true, bCleanupResources=true
[2025.12.21-12.32.43:831][790]LogSlate: InvalidateAllWidgets triggered.  All widgets were invalidated
[2025.12.21-12.32.43:949][790]LogWorld: UWorld::CleanupWorld for World_4, bSessionEnded=true, bCleanupResources=true
[2025.12.21-12.32.43:949][790]LogSlate: InvalidateAllWidgets triggered.  All widgets were invalidated
[2025.12.21-12.32.44:878][838]LogAssetEditorSubsystem: Opening Asset editor for SkeletalMesh /Game/Workplace/Meshes/3D_printer.3D_printer
[2025.12.21-12.32.44:921][838]LogActorComponent: RegisterComponentWithWorld: (/Engine/Transient.World_6:PersistentLevel.AnimationEditorPreviewActor_0.DebugSkelMeshComponent_0) Already registered. Aborting.
[2025.12.21-12.32.45:361][838]LogSlate: Took 0.008468 seconds to synchronously load lazily loaded font '../../../Engine/Content/Slate/Fonts/Roboto-Italic.ttf' (157K)
[2025.12.21-12.32.45:383][838]LogRenderer: Reallocating scene render targets to support 916x568 Format 10 NumSamples 1 (Frame:1).
[2025.12.21-12.32.48:129][948]LogUObjectGlobals: Warning: Failed to find object 'Class None.ControlRigBlueprint'
[2025.12.21-12.32.48:731][981]LogUObjectGlobals: Warning: Failed to find object 'Class None.ControlRigBlueprint'
[2025.12.21-12.33.02:658][572]LogSlate: Window '3D_printer' being destroyed
[2025.12.21-12.33.02:674][572]LogWorld: UWorld::CleanupWorld for World_6, bSessionEnded=true, bCleanupResources=true
[2025.12.21-12.33.02:674][572]LogSlate: InvalidateAllWidgets triggered.  All widgets were invalidated
[2025.12.21-12.33.04:228][644]LogAssetEditorSubsystem: Opening Asset editor for AnimSequence /Game/Workplace/Meshes/3D_printer_Anim.3D_printer_Anim
[2025.12.21-12.33.04:233][644]LogActorComponent: RegisterComponentWithWorld: (/Engine/Transient.World_17:PersistentLevel.AnimationEditorPreviewActor_0.DebugSkelMeshComponent_0) Already registered. Aborting.
[2025.12.21-12.33.04:646][644]LogContentBrowser: Verbose: The majority of assets in the view are of type: AnimSequence
[2025.12.21-12.33.21:308][415]LogSlate: Window '3D_printer_Anim' being destroyed
[2025.12.21-12.33.21:328][415]LogWorld: UWorld::CleanupWorld for World_17, bSessionEnded=true, bCleanupResources=true
[2025.12.21-12.33.21:328][415]LogSlate: InvalidateAllWidgets triggered.  All widgets were invalidated
[2025.12.21-12.33.21:344][415]LogWorld: UWorld::CleanupWorld for World_19, bSessionEnded=true, bCleanupResources=true
[2025.12.21-12.33.21:345][415]LogSlate: InvalidateAllWidgets triggered.  All widgets were invalidated
[2025.12.21-12.33.21:479][415]LogWorld: UWorld::CleanupWorld for World_18, bSessionEnded=true, bCleanupResources=true
[2025.12.21-12.33.21:479][415]LogSlate: InvalidateAllWidgets triggered.  All widgets were invalidated
[2025.12.21-12.33.31:787][892]LogAssetEditorSubsystem: Opening Asset editor for AnimSequence /Game/Workplace/Meshes/3D_printer_Anim.3D_printer_Anim
[2025.12.21-12.33.31:793][892]LogActorComponent: RegisterComponentWithWorld: (/Engine/Transient.World_20:PersistentLevel.AnimationEditorPreviewActor_0.DebugSkelMeshComponent_0) Already registered. Aborting.
[2025.12.21-12.33.32:188][892]LogContentBrowser: Verbose: The majority of assets in the view are of type: AnimSequence
[2025.12.21-12.34.11:058][275]LogWindowsTextInputMethodSystem: Display: IME system deactivated.
[2025.12.21-12.34.11:058][275]LogWindowsTextInputMethodSystem: Display: IME system deactivated.
[2025.12.21-12.34.20:591][674]LogEditorClassViewer: Warning: Class /Engine/Tutorial/InWorldBlueprintEditing/TutorialAssets/IWBE_Blutility.IWBE_Blutility_C has parent /Script/Blutility.PlacedEditorUtilityBase, but this parent is not found. The Class will not be shown in ClassViewer.
[2025.12.21-12.34.29:007][674]LogWindowsTextInputMethodSystem: Display: IME system deactivated.
[2025.12.21-12.34.29:007][674]LogWindowsTextInputMethodSystem: Display: IME system deactivated.
[2025.12.21-12.34.43:592][674]LogSlate: Window 'Pick Parent Class' being destroyed
[2025.12.21-12.34.49:289][972]LogContentBrowser: Verbose: The majority of assets in the view are of type: Skeleton
[2025.12.21-12.35.02:112][972]LogSlate: Window 'Create Animation Blueprint' being destroyed
[2025.12.21-12.35.02:184][972]LogContentBrowser: Deferred new asset file creation: NewAnimBlueprint
[2025.12.21-12.35.02:210][972]LogContentBrowser: Creating deferred item: NewAnimBlueprint
[2025.12.21-12.35.08:697][229]LogContentBrowser: Attempting asset rename: NewAnimBlueprint -> AB_Test
[2025.12.21-12.35.08:789][229]LogContentBrowser: End creating deferred item NewAnimBlueprint
[2025.12.21-12.35.10:117][301]LogAssetEditorSubsystem: Opening Asset editor for AnimBlueprint /Game/Workplace/Meshes/AB_Test.AB_Test
[2025.12.21-12.35.10:129][301]LogActorComponent: RegisterComponentWithWorld: (/Engine/Transient.World_25:PersistentLevel.AnimationEditorPreviewActor_0.DebugSkelMeshComponent_0) Already registered. Aborting.
[2025.12.21-12.35.11:566][301]LogNativeClassHierarchy: Verbose: Native class hierarchy updated for 'BlueprintGraph' in 0.0021 seconds. Added 126 classes and 0 folders.
[2025.12.21-12.35.13:133][301]LogSlate: Took 0.015253 seconds to synchronously load lazily loaded font '../../../Engine/Content/Slate/Fonts/Roboto-BoldCondensed.ttf' (158K)
[2025.12.21-12.35.53:824][385]LogSlate: Window 'Create New Animation Object' being destroyed
[2025.12.21-12.38.20:709][ 83]LogWorld: UWorld::CleanupWorld for World_20, bSessionEnded=true, bCleanupResources=true
[2025.12.21-12.38.20:709][ 83]LogSlate: InvalidateAllWidgets triggered.  All widgets were invalidated
[2025.12.21-12.38.20:728][ 83]LogWorld: UWorld::CleanupWorld for World_22, bSessionEnded=true, bCleanupResources=true
[2025.12.21-12.38.20:728][ 83]LogSlate: InvalidateAllWidgets triggered.  All widgets were invalidated
[2025.12.21-12.38.20:897][ 83]LogWorld: UWorld::CleanupWorld for World_21, bSessionEnded=true, bCleanupResources=true
[2025.12.21-12.38.20:897][ 83]LogSlate: InvalidateAllWidgets triggered.  All widgets were invalidated
[2025.12.21-12.38.21:419][111]LogSlate: Window 'AB_Test' being destroyed
[2025.12.21-12.38.21:439][111]LogWorld: UWorld::CleanupWorld for World_25, bSessionEnded=true, bCleanupResources=true
[2025.12.21-12.38.21:439][111]LogSlate: InvalidateAllWidgets triggered.  All widgets were invalidated
[2025.12.21-12.38.21:458][111]LogWorld: UWorld::CleanupWorld for World_24, bSessionEnded=true, bCleanupResources=true
[2025.12.21-12.38.21:458][111]LogSlate: InvalidateAllWidgets triggered.  All widgets were invalidated
[2025.12.21-12.38.21:593][111]LogWorld: UWorld::CleanupWorld for World_26, bSessionEnded=true, bCleanupResources=true
[2025.12.21-12.38.21:594][111]LogSlate: InvalidateAllWidgets triggered.  All widgets were invalidated
[2025.12.21-12.38.22:541][163]LogAssetEditorSubsystem: Opening Asset editor for AnimBlueprint /Game/Workplace/Meshes/AB_Test.AB_Test
[2025.12.21-12.38.22:551][163]LogActorComponent: RegisterComponentWithWorld: (/Engine/Transient.World_28:PersistentLevel.AnimationEditorPreviewActor_0.DebugSkelMeshComponent_0) Already registered. Aborting.
[2025.12.21-12.38.24:749][215]LogSlate: Window 'AB_Test' being destroyed
[2025.12.21-12.38.27:252][327]LogSlate: Window 'AB_Test' being destroyed
[2025.12.21-12.38.47:487][ 10]LogAssetEditorSubsystem: Opening Asset editor for AnimSequence /Game/Workplace/Meshes/3D_printer_Anim.3D_printer_Anim
[2025.12.21-12.38.47:492][ 10]LogActorComponent: RegisterComponentWithWorld: (/Engine/Transient.World_30:PersistentLevel.AnimationEditorPreviewActor_0.DebugSkelMeshComponent_0) Already registered. Aborting.
[2025.12.21-12.38.47:816][ 10]LogContentBrowser: Verbose: The majority of assets in the view are of type: AnimSequence
[2025.12.21-12.38.50:845][187]LogWorld: UWorld::CleanupWorld for World_30, bSessionEnded=true, bCleanupResources=true
[2025.12.21-12.38.50:845][187]LogSlate: InvalidateAllWidgets triggered.  All widgets were invalidated
[2025.12.21-12.38.50:860][187]LogWorld: UWorld::CleanupWorld for World_32, bSessionEnded=true, bCleanupResources=true
[2025.12.21-12.38.50:860][187]LogSlate: InvalidateAllWidgets triggered.  All widgets were invalidated
[2025.12.21-12.38.50:934][187]LogWorld: UWorld::CleanupWorld for World_31, bSessionEnded=true, bCleanupResources=true
[2025.12.21-12.38.50:934][187]LogSlate: InvalidateAllWidgets triggered.  All widgets were invalidated
[2025.12.21-12.38.51:710][230]LogAssetEditorSubsystem: Opening Asset editor for Skeleton /Game/Workplace/Meshes/3D_printer_Skeleton.3D_printer_Skeleton
[2025.12.21-12.38.51:751][230]LogActorComponent: RegisterComponentWithWorld: (/Engine/Transient.World_33:PersistentLevel.AnimationEditorPreviewActor_0.DebugSkelMeshComponent_0) Already registered. Aborting.
[2025.12.21-12.38.52:989][287]LogAssetEditorSubsystem: Opening Asset editor for SkeletalMesh /Game/Workplace/Meshes/3D_printer.3D_printer
[2025.12.21-12.38.52:993][287]LogActorComponent: RegisterComponentWithWorld: (/Engine/Transient.World_34:PersistentLevel.AnimationEditorPreviewActor_0.DebugSkelMeshComponent_0) Already registered. Aborting.
[2025.12.21-12.38.55:551][417]LogWorld: UWorld::CleanupWorld for World_33, bSessionEnded=true, bCleanupResources=true
[2025.12.21-12.38.55:551][417]LogSlate: InvalidateAllWidgets triggered.  All widgets were invalidated
[2025.12.21-12.38.56:112][442]LogWorld: UWorld::CleanupWorld for World_34, bSessionEnded=true, bCleanupResources=true
[2025.12.21-12.38.56:112][442]LogSlate: InvalidateAllWidgets triggered.  All widgets were invalidated
[2025.12.21-12.38.57:062][493]LogAssetEditorSubsystem: Opening Asset editor for AnimSequence /Game/Workplace/Meshes/3D_printer_Anim.3D_printer_Anim
[2025.12.21-12.38.57:066][493]LogActorComponent: RegisterComponentWithWorld: (/Engine/Transient.World_35:PersistentLevel.AnimationEditorPreviewActor_0.DebugSkelMeshComponent_0) Already registered. Aborting.
[2025.12.21-12.38.57:364][493]LogContentBrowser: Verbose: The majority of assets in the view are of type: AnimSequence
[2025.12.21-12.39.03:328][829]LogAssetEditorSubsystem: Opening Asset editor for SkeletalMesh /Game/Workplace/Meshes/3D_printer.3D_printer
[2025.12.21-12.39.03:333][829]LogActorComponent: RegisterComponentWithWorld: (/Engine/Transient.World_38:PersistentLevel.AnimationEditorPreviewActor_0.DebugSkelMeshComponent_0) Already registered. Aborting.
[2025.12.21-12.39.06:501][992]LogWorld: UWorld::CleanupWorld for World_38, bSessionEnded=true, bCleanupResources=true
[2025.12.21-12.39.06:501][992]LogSlate: InvalidateAllWidgets triggered.  All widgets were invalidated
[2025.12.21-12.39.07:518][ 38]LogUObjectHash: Compacting FUObjectHashTables data took   2.92ms
[2025.12.21-12.39.08:595][ 38]LogSlate: Window 'Save Content' being destroyed
[2025.12.21-12.39.08:730][ 38]LogWorld: UWorld::CleanupWorld for World_29, bSessionEnded=true, bCleanupResources=true
[2025.12.21-12.39.08:730][ 38]LogSlate: InvalidateAllWidgets triggered.  All widgets were invalidated
[2025.12.21-12.39.08:756][ 38]LogWorld: UWorld::CleanupWorld for World_28, bSessionEnded=true, bCleanupResources=true
[2025.12.21-12.39.08:756][ 38]LogSlate: InvalidateAllWidgets triggered.  All widgets were invalidated
[2025.12.21-12.39.08:765][ 38]LogWorld: UWorld::CleanupWorld for World_27, bSessionEnded=true, bCleanupResources=true
[2025.12.21-12.39.08:766][ 38]LogSlate: InvalidateAllWidgets triggered.  All widgets were invalidated
[2025.12.21-12.39.08:813][ 38]LogWorld: UWorld::CleanupWorld for World_37, bSessionEnded=true, bCleanupResources=true
[2025.12.21-12.39.08:813][ 38]LogSlate: InvalidateAllWidgets triggered.  All widgets were invalidated
[2025.12.21-12.39.08:884][ 38]LogWorld: UWorld::CleanupWorld for World_36, bSessionEnded=true, bCleanupResources=true
[2025.12.21-12.39.08:885][ 38]LogSlate: InvalidateAllWidgets triggered.  All widgets were invalidated
[2025.12.21-12.39.08:904][ 38]LogWorld: UWorld::CleanupWorld for World_35, bSessionEnded=true, bCleanupResources=true
[2025.12.21-12.39.08:904][ 38]LogSlate: InvalidateAllWidgets triggered.  All widgets were invalidated
[2025.12.21-12.39.08:932][ 38]LogSlate: Window 'Mini_laboratory - Unreal Editor' being destroyed
[2025.12.21-12.39.09:137][ 39]Cmd: QUIT_EDITOR
[2025.12.21-12.39.09:137][ 39]LogCore: Engine exit requested (reason: UUnrealEdEngine::CloseEditor())
[2025.12.21-12.39.09:150][ 39]LogCore: Engine exit requested (reason: EngineExit() was called; note: exit was already requested)
[2025.12.21-12.39.09:169][ 39]LogAudio: Display: Beginning Audio Device Manager Shutdown (Module: AudioMixerXAudio2)...
[2025.12.21-12.39.09:169][ 39]LogAudio: Display: Destroying 1 Remaining Audio Device(s)...
[2025.12.21-12.39.09:169][ 39]LogAudio: Display: Audio Device unregistered from world 'FirstLevel'.
[2025.12.21-12.39.09:175][ 39]LogAudioMixer: FMixerPlatformXAudio2::StopAudioStream() called
[2025.12.21-12.39.09:178][ 39]LogAudioMixer: FMixerPlatformXAudio2::StopAudioStream() called
[2025.12.21-12.39.09:215][ 39]LogAudio: Display: Audio Device Manager Shutdown
[2025.12.21-12.39.09:216][ 39]LogWindowsTextInputMethodSystem: Display: IME system deactivated.
[2025.12.21-12.39.09:225][ 39]LogExit: Preparing to exit.
[2025.12.21-12.39.09:699][ 39]LogUObjectHash: Compacting FUObjectHashTables data took   2.43ms
[2025.12.21-12.39.09:926][ 39]LogWorld: UWorld::CleanupWorld for World_8, bSessionEnded=true, bCleanupResources=true
[2025.12.21-12.39.09:929][ 39]LogWorld: UWorld::CleanupWorld for World_9, bSessionEnded=true, bCleanupResources=true
[2025.12.21-12.39.09:932][ 39]LogWorld: UWorld::CleanupWorld for World_10, bSessionEnded=true, bCleanupResources=true
[2025.12.21-12.39.09:935][ 39]LogWorld: UWorld::CleanupWorld for World_11, bSessionEnded=true, bCleanupResources=true
[2025.12.21-12.39.09:938][ 39]LogWorld: UWorld::CleanupWorld for World_12, bSessionEnded=true, bCleanupResources=true
[2025.12.21-12.39.09:940][ 39]LogWorld: UWorld::CleanupWorld for World_13, bSessionEnded=true, bCleanupResources=true
[2025.12.21-12.39.09:943][ 39]LogWorld: UWorld::CleanupWorld for World_14, bSessionEnded=true, bCleanupResources=true
[2025.12.21-12.39.09:945][ 39]LogWorld: UWorld::CleanupWorld for World_15, bSessionEnded=true, bCleanupResources=true
[2025.12.21-12.39.09:947][ 39]LogWorld: UWorld::CleanupWorld for World_16, bSessionEnded=true, bCleanupResources=true
[2025.12.21-12.39.09:950][ 39]LogWorld: UWorld::CleanupWorld for World_7, bSessionEnded=true, bCleanupResources=true
[2025.12.21-12.39.09:954][ 39]LogWorld: UWorld::CleanupWorld for World_2, bSessionEnded=true, bCleanupResources=true
[2025.12.21-12.39.09:958][ 39]LogWorld: UWorld::CleanupWorld for World_1, bSessionEnded=true, bCleanupResources=true
[2025.12.21-12.39.09:961][ 39]LogWorld: UWorld::CleanupWorld for World_0, bSessionEnded=true, bCleanupResources=true
[2025.12.21-12.39.09:964][ 39]LogWorld: UWorld::CleanupWorld for World_23, bSessionEnded=true, bCleanupResources=true
[2025.12.21-12.39.10:043][ 39]LogDemo: Cleaned up 0 splitscreen connections with owner deletion
[2025.12.21-12.39.10:089][ 39]LogWorld: UWorld::CleanupWorld for None, bSessionEnded=true, bCleanupResources=true
[2025.12.21-12.39.10:092][ 39]LogExit: Editor shut down
[2025.12.21-12.39.10:095][ 39]LogExit: Transaction tracking system shut down
[2025.12.21-12.39.10:544][ 39]LogExit: Object subsystem successfully closed.
[2025.12.21-12.39.10:565][ 39]LogShaderCompilers: Display: === FShaderJobCache stats ===
[2025.12.21-12.39.10:565][ 39]LogShaderCompilers: Display: Total job queries 0, among them cache hits 0 (0.00%)
[2025.12.21-12.39.10:565][ 39]LogShaderCompilers: Display: Tracking 0 distinct input hashes that result in 0 distinct outputs (0.00%)
[2025.12.21-12.39.10:565][ 39]LogShaderCompilers: Display: RAM used: 0.00 MB (0.00 GB) of 409.60 MB (0.40 GB) budget. Usage: 0.00%
[2025.12.21-12.39.10:565][ 39]LogShaderCompilers: Display: ================================================
[2025.12.21-12.39.10:607][ 39]LogShaderCompilers: Display: Shaders left to compile 0
[2025.12.21-12.39.10:709][ 39]LogModuleManager: Shutting down and abandoning module BlueprintGraph (880)
[2025.12.21-12.39.10:709][ 39]LogModuleManager: Shutting down and abandoning module SequencerWidgets (878)
[2025.12.21-12.39.10:709][ 39]LogModuleManager: Shutting down and abandoning module PinnedCommandList (876)
[2025.12.21-12.39.10:709][ 39]LogModuleManager: Shutting down and abandoning module SkeletonEditor (874)
[2025.12.21-12.39.10:709][ 39]LogModuleManager: Shutting down and abandoning module AnimationEditor (872)
[2025.12.21-12.39.10:709][ 39]LogModuleManager: Shutting down and abandoning module HierarchicalLODOutliner (870)
[2025.12.21-12.39.10:709][ 39]LogModuleManager: Shutting down and abandoning module SceneOutliner (868)
[2025.12.21-12.39.10:709][ 39]LogModuleManager: Shutting down and abandoning module AddContentDialog (866)
[2025.12.21-12.39.10:714][ 39]LogModuleManager: Shutting down and abandoning module WidgetCarousel (865)
[2025.12.21-12.39.10:714][ 39]LogModuleManager: Shutting down and abandoning module EditorWidgets (862)
[2025.12.21-12.39.10:714][ 39]LogModuleManager: Shutting down and abandoning module StatsViewer (860)
[2025.12.21-12.39.10:715][ 39]LogModuleManager: Shutting down and abandoning module PIEPreviewDeviceProfileSelector (858)
[2025.12.21-12.39.10:716][ 39]LogModuleManager: Shutting down and abandoning module SequenceRecorderSections (856)
[2025.12.21-12.39.10:716][ 39]LogModuleManager: Shutting down and abandoning module AutomationWorker (854)
[2025.12.21-12.39.10:716][ 39]LogModuleManager: Shutting down and abandoning module SteamVREditor (852)
[2025.12.21-12.39.10:716][ 39]LogModuleManager: Shutting down and abandoning module OculusMR (850)
[2025.12.21-12.39.10:716][ 39]LogModuleManager: Shutting down and abandoning module TakeRecorderSources (848)
[2025.12.21-12.39.10:720][ 39]LogModuleManager: Shutting down and abandoning module TakeRecorder (847)
[2025.12.21-12.39.10:722][ 39]LogModuleManager: Shutting down and abandoning module TakeTrackRecorders (844)
[2025.12.21-12.39.10:722][ 39]LogModuleManager: Shutting down and abandoning module TakesCore (842)
[2025.12.21-12.39.10:722][ 39]LogModuleManager: Shutting down and abandoning module OpenXRInput (840)
[2025.12.21-12.39.10:723][ 39]LogModuleManager: Shutting down and abandoning module GooglePADEditor (838)
[2025.12.21-12.39.10:723][ 39]LogModuleManager: Shutting down and abandoning module AudioCaptureEditor (836)
[2025.12.21-12.39.10:723][ 39]LogModuleManager: Shutting down and abandoning module TemplateSequenceEditor (834)
[2025.12.21-12.39.10:726][ 39]LogModuleManager: Shutting down and abandoning module MatineeToLevelSequence (832)
[2025.12.21-12.39.10:726][ 39]LogModuleManager: Shutting down and abandoning module LevelSequenceEditor (830)
[2025.12.21-12.39.10:728][ 39]LogModuleManager: Shutting down and abandoning module ActorSequenceEditor (828)
[2025.12.21-12.39.10:729][ 39]LogModuleManager: Shutting down and abandoning module MagicLeapMediaCodecFactory (826)
[2025.12.21-12.39.10:730][ 39]LogModuleManager: Shutting down and abandoning module MagicLeapMediaFactory (824)
[2025.12.21-12.39.10:731][ 39]LogModuleManager: Shutting down and abandoning module MagicLeapMediaEditor (822)
[2025.12.21-12.39.10:731][ 39]LogModuleManager: Shutting down and abandoning module WmfMediaFactory (820)
[2025.12.21-12.39.10:731][ 39]LogModuleManager: Shutting down and abandoning module WmfMediaEditor (818)
[2025.12.21-12.39.10:731][ 39]LogModuleManager: Shutting down and abandoning module WebMMediaFactory (816)
[2025.12.21-12.39.10:731][ 39]LogModuleManager: Shutting down and abandoning module WebMMediaEditor (814)
[2025.12.21-12.39.10:731][ 39]LogModuleManager: Shutting down and abandoning module WebMMedia (812)
[2025.12.21-12.39.10:731][ 39]LogModuleManager: Shutting down and abandoning module MediaPlayerEditor (810)
[2025.12.21-12.39.10:731][ 39]LogModuleManager: Shutting down and abandoning module MediaCompositingEditor (808)
[2025.12.21-12.39.10:733][ 39]LogModuleManager: Shutting down and abandoning module SequenceRecorder (807)
[2025.12.21-12.39.10:733][ 39]LogModuleManager: Shutting down and abandoning module OpenExrWrapper (804)
[2025.12.21-12.39.10:733][ 39]LogModuleManager: Shutting down and abandoning module ImgMediaFactory (802)
[2025.12.21-12.39.10:733][ 39]LogModuleManager: Shutting down and abandoning module ImgMediaEditor (800)
[2025.12.21-12.39.10:733][ 39]LogModuleManager: Shutting down and abandoning module PlanarCut (798)
[2025.12.21-12.39.10:734][ 39]LogModuleManager: Shutting down and abandoning module AvfMediaFactory (796)
[2025.12.21-12.39.10:734][ 39]LogModuleManager: Shutting down and abandoning module AvfMediaEditor (794)
[2025.12.21-12.39.10:734][ 39]LogModuleManager: Shutting down and abandoning module AndroidMediaFactory (792)
[2025.12.21-12.39.10:734][ 39]LogModuleManager: Shutting down and abandoning module AndroidMediaEditor (790)
[2025.12.21-12.39.10:734][ 39]LogModuleManager: Shutting down and abandoning module CharacterAI (788)
[2025.12.21-12.39.10:734][ 39]LogModuleManager: Shutting down and abandoning module TextureAlignMode (786)
[2025.12.21-12.39.10:734][ 39]LogModuleManager: Shutting down and abandoning module BspMode (784)
[2025.12.21-12.39.10:734][ 39]LogModuleManager: Shutting down and abandoning module GeometryMode (782)
[2025.12.21-12.39.10:735][ 39]LogModuleManager: Shutting down and abandoning module CameraShakePreviewer (780)
[2025.12.21-12.39.10:735][ 39]LogModuleManager: Shutting down and abandoning module SmartSnapping (778)
[2025.12.21-12.39.10:736][ 39]LogModuleManager: Shutting down and abandoning module SessionServices (776)
[2025.12.21-12.39.10:736][ 39]LogModuleManager: Shutting down and abandoning module MeshPaint (774)
[2025.12.21-12.39.10:737][ 39]LogModuleManager: Shutting down and abandoning module VirtualTexturingEditor (772)
[2025.12.21-12.39.10:737][ 39]LogModuleManager: Shutting down and abandoning module FoliageEdit (770)
[2025.12.21-12.39.10:740][ 39]LogModuleManager: Shutting down and abandoning module LandscapeEditor (768)
[2025.12.21-12.39.10:742][ 39]LogModuleManager: Shutting down and abandoning module MeshPaintMode (766)
[2025.12.21-12.39.10:742][ 39]LogModuleManager: Shutting down and abandoning module SceneDepthPickerMode (764)
[2025.12.21-12.39.10:742][ 39]LogModuleManager: Shutting down and abandoning module ActorPickerMode (762)
[2025.12.21-12.39.10:742][ 39]LogModuleManager: Shutting down and abandoning module PlacementMode (760)
[2025.12.21-12.39.10:742][ 39]LogModuleManager: Shutting down and abandoning module ViewportSnapping (758)
[2025.12.21-12.39.10:742][ 39]LogModuleManager: Shutting down and abandoning module ViewportInteraction (756)
[2025.12.21-12.39.10:742][ 39]LogModuleManager: Shutting down and abandoning module ClothPainter (754)
[2025.12.21-12.39.10:744][ 39]LogModuleManager: Shutting down and abandoning module SkeletalMeshEditor (753)
[2025.12.21-12.39.10:744][ 39]LogModuleManager: Shutting down and abandoning module LogVisualizer (750)
[2025.12.21-12.39.10:745][ 39]LogModuleManager: Shutting down and abandoning module IntroTutorials (748)
[2025.12.21-12.39.10:746][ 39]LogModuleManager: Shutting down and abandoning module GameProjectGeneration (747)
[2025.12.21-12.39.10:747][ 39]LogModuleManager: Shutting down and abandoning module LuminPlatformEditor (744)
[2025.12.21-12.39.10:747][ 39]LogModuleManager: Shutting down and abandoning module IOSPlatformEditor (742)
[2025.12.21-12.39.10:747][ 39]LogModuleManager: Shutting down and abandoning module AndroidPlatformEditor (740)
[2025.12.21-12.39.10:747][ 39]LogModuleManager: Shutting down and abandoning module AndroidDeviceDetection (739)
[2025.12.21-12.39.10:906][ 39]LogModuleManager: Shutting down and abandoning module WindowsPlatformEditor (736)
[2025.12.21-12.39.10:906][ 39]LogModuleManager: Shutting down and abandoning module LuminRuntimeSettings (734)
[2025.12.21-12.39.10:906][ 39]LogModuleManager: Shutting down and abandoning module IOSRuntimeSettings (732)
[2025.12.21-12.39.10:906][ 39]LogModuleManager: Shutting down and abandoning module AndroidRuntimeSettings (730)
[2025.12.21-12.39.10:906][ 39]LogModuleManager: Shutting down and abandoning module TraceInsights (728)
[2025.12.21-12.39.10:915][ 39]MemoryProfiler: Shutdown
[2025.12.21-12.39.10:915][ 39]NetworkingProfiler: Shutdown
[2025.12.21-12.39.10:916][ 39]LoadingProfiler: Shutdown
[2025.12.21-12.39.10:917][ 39]TimingProfiler: Shutdown
[2025.12.21-12.39.10:921][ 39]LogModuleManager: Shutting down and abandoning module TraceServices (727)
[2025.12.21-12.39.10:923][ 39]LogModuleManager: Shutting down and abandoning module EditorInteractiveToolsFramework (724)
[2025.12.21-12.39.10:923][ 39]LogModuleManager: Shutting down and abandoning module TimeManagementEditor (722)
[2025.12.21-12.39.10:924][ 39]LogModuleManager: Shutting down and abandoning module InputBindingEditor (720)
[2025.12.21-12.39.10:926][ 39]LogModuleManager: Shutting down and abandoning module MergeActors (718)
[2025.12.21-12.39.10:927][ 39]LogModuleManager: Shutting down and abandoning module LocalizationDashboard (716)
[2025.12.21-12.39.10:930][ 39]LogModuleManager: Shutting down and abandoning module LocalizationService (715)
[2025.12.21-12.39.10:931][ 39]LogModuleManager: Shutting down and abandoning module HardwareTargeting (712)
[2025.12.21-12.39.10:931][ 39]LogModuleManager: Shutting down and abandoning module DeviceProfileEditor (710)
[2025.12.21-12.39.10:932][ 39]LogModuleManager: Shutting down and abandoning module UndoHistory (708)
[2025.12.21-12.39.10:933][ 39]LogModuleManager: Shutting down and abandoning module XmlParser (706)
[2025.12.21-12.39.10:933][ 39]LogModuleManager: Shutting down and abandoning module Blutility (704)
[2025.12.21-12.39.10:933][ 39]LogModuleManager: Shutting down and abandoning module ProjectSettingsViewer (702)
[2025.12.21-12.39.10:934][ 39]LogModuleManager: Shutting down and abandoning module ProjectTargetPlatformEditor (701)
[2025.12.21-12.39.10:934][ 39]LogModuleManager: Shutting down and abandoning module EditorSettingsViewer (698)
[2025.12.21-12.39.10:935][ 39]LogModuleManager: Shutting down and abandoning module InternationalizationSettings (697)
[2025.12.21-12.39.10:935][ 39]LogModuleManager: Shutting down and abandoning module SettingsEditor (694)
[2025.12.21-12.39.10:936][ 39]LogModuleManager: Shutting down and abandoning module ProjectLauncher (692)
[2025.12.21-12.39.10:938][ 39]LogModuleManager: Shutting down and abandoning module SessionFrontend (690)
[2025.12.21-12.39.10:939][ 39]LogModuleManager: Shutting down and abandoning module ProfilerClient (688)
[2025.12.21-12.39.10:940][ 39]LogModuleManager: Shutting down and abandoning module DeviceManager (686)
[2025.12.21-12.39.10:941][ 39]LogModuleManager: Shutting down and abandoning module TargetDeviceServices (685)
[2025.12.21-12.39.10:975][ 39]LogModuleManager: Shutting down and abandoning module AutomationController (682)
[2025.12.21-12.39.10:977][ 39]LogModuleManager: Shutting down and abandoning module AutomationWindow (680)
[2025.12.21-12.39.10:978][ 39]LogModuleManager: Shutting down and abandoning module Layers (678)
[2025.12.21-12.39.10:981][ 39]LogModuleManager: Shutting down and abandoning module ComponentVisualizers (676)
[2025.12.21-12.39.10:981][ 39]LogModuleManager: Shutting down and abandoning module DetailCustomizations (674)
[2025.12.21-12.39.10:981][ 39]LogModuleManager: Shutting down and abandoning module PackagesDialog (672)
[2025.12.21-12.39.10:984][ 39]LogModuleManager: Shutting down and abandoning module AnimationBlueprintEditor (670)
[2025.12.21-12.39.10:985][ 39]LogModuleManager: Shutting down and abandoning module Persona (668)
[2025.12.21-12.39.10:985][ 39]LogModuleManager: Shutting down and abandoning module AdvancedPreviewScene (667)
[2025.12.21-12.39.10:985][ 39]LogModuleManager: Shutting down and abandoning module AnimGraph (665)
[2025.12.21-12.39.10:986][ 39]LogModuleManager: Shutting down and abandoning module Kismet (662)
[2025.12.21-12.39.11:004][ 39]LogModuleManager: Shutting down and abandoning module KismetWidgets (661)
[2025.12.21-12.39.11:004][ 39]LogModuleManager: Shutting down and abandoning module GraphEditor (658)
[2025.12.21-12.39.11:005][ 39]LogModuleManager: Shutting down and abandoning module StructViewer (656)
[2025.12.21-12.39.11:006][ 39]LogModuleManager: Shutting down and abandoning module ClassViewer (654)
[2025.12.21-12.39.11:009][ 39]LogModuleManager: Shutting down and abandoning module Toolbox (652)
[2025.12.21-12.39.11:010][ 39]LogModuleManager: Shutting down and abandoning module ModuleUI (650)
[2025.12.21-12.39.11:011][ 39]LogModuleManager: Shutting down and abandoning module OutputLog (648)
[2025.12.21-12.39.11:013][ 39]LogModuleManager: Shutting down and abandoning module GammaUI (646)
[2025.12.21-12.39.11:013][ 39]LogModuleManager: Shutting down and abandoning module Documentation (644)
[2025.12.21-12.39.11:013][ 39]LogModuleManager: Shutting down and abandoning module LiveCoding (642)
[2025.12.21-12.39.11:016][ 39]LogModuleManager: Shutting down and abandoning module LevelSequence (640)
[2025.12.21-12.39.11:016][ 39]LogModuleManager: Shutting down and abandoning module MovieSceneTracks (638)
[2025.12.21-12.39.11:016][ 39]LogModuleManager: Shutting down and abandoning module MovieScene (636)
[2025.12.21-12.39.11:018][ 39]LogModuleManager: Shutting down and abandoning module StreamingPauseRendering (634)
[2025.12.21-12.39.11:018][ 39]LogModuleManager: Shutting down and abandoning module LauncherPlatform (632)
[2025.12.21-12.39.11:018][ 39]LogModuleManager: Shutting down and abandoning module AnalyticsET (630)
[2025.12.21-12.39.11:018][ 39]LogModuleManager: Shutting down and abandoning module PortalServices (628)
[2025.12.21-12.39.11:018][ 39]LogModuleManager: Shutting down and abandoning module PortalRpc (626)
[2025.12.21-12.39.11:019][ 39]LogModuleManager: Shutting down and abandoning module MessagingRpc (624)
[2025.12.21-12.39.11:019][ 39]LogModuleManager: Shutting down and abandoning module AudioMixerXAudio2 (622)
[2025.12.21-12.39.11:019][ 39]LogModuleManager: Shutting down and abandoning module AudioMixerCore (621)
[2025.12.21-12.39.11:019][ 39]LogModuleManager: Shutting down and abandoning module AIModule (618)
[2025.12.21-12.39.11:020][ 39]LogModuleManager: Shutting down and abandoning module GameplayDebugger (617)
[2025.12.21-12.39.11:020][ 39]LogModuleManager: Shutting down and abandoning module AITestSuite (615)
[2025.12.21-12.39.11:021][ 39]LogModuleManager: Shutting down and abandoning module NavigationSystem (613)
[2025.12.21-12.39.11:021][ 39]LogModuleManager: Shutting down and abandoning module ImageWriteQueue (610)
[2025.12.21-12.39.11:021][ 39]LogModuleManager: Shutting down and abandoning module ProfilerService (608)
[2025.12.21-12.39.11:113][ 39]LogModuleManager: Shutting down and abandoning module TaskGraph (606)
[2025.12.21-12.39.11:115][ 39]LogModuleManager: Shutting down and abandoning module AudioSynesthesiaEditor (604)
[2025.12.21-12.39.11:115][ 39]LogModuleManager: Shutting down and abandoning module OculusEditor (602)
[2025.12.21-12.39.11:124][ 39]LogModuleManager: Shutting down and abandoning module OculusInput (600)
[2025.12.21-12.39.11:124][ 39]LogModuleManager: Shutting down and abandoning module ContentBrowserFileDataSource (598)
[2025.12.21-12.39.11:124][ 39]LogModuleManager: Shutting down and abandoning module ContentBrowserAssetDataSource (596)
[2025.12.21-12.39.11:124][ 39]LogModuleManager: Shutting down and abandoning module ContentBrowserClassDataSource (594)
[2025.12.21-12.39.11:124][ 39]LogModuleManager: Shutting down and abandoning module CollectionManager (593)
[2025.12.21-12.39.11:126][ 39]LogModuleManager: Shutting down and abandoning module VariantManagerContentEditor (590)
[2025.12.21-12.39.11:127][ 39]LogModuleManager: Shutting down and abandoning module DatasmithContentEditor (588)
[2025.12.21-12.39.11:129][ 39]LogModuleManager: Shutting down and abandoning module VisualStudioSourceCodeAccess (586)
[2025.12.21-12.39.11:129][ 39]LogModuleManager: Shutting down and abandoning module VisualStudioCodeSourceCodeAccess (584)
[2025.12.21-12.39.11:129][ 39]LogModuleManager: Shutting down and abandoning module UObjectPlugin (582)
[2025.12.21-12.39.11:129][ 39]LogModuleManager: Shutting down and abandoning module SubversionSourceControl (580)
[2025.12.21-12.39.11:132][ 39]LogModuleManager: Shutting down and abandoning module RiderSourceCodeAccess (578)
[2025.12.21-12.39.11:132][ 39]LogModuleManager: Shutting down and abandoning module PluginUtils (576)
[2025.12.21-12.39.11:133][ 39]LogModuleManager: Shutting down and abandoning module PlasticSourceControl (574)
[2025.12.21-12.39.11:136][ 39]LogModuleManager: Shutting down and abandoning module PerforceSourceControl (572)
[2025.12.21-12.39.11:139][ 39]LogModuleManager: Shutting down and abandoning module GitSourceControl (570)
[2025.12.21-12.39.11:141][ 39]LogModuleManager: Shutting down and abandoning module SourceControl (569)
[2025.12.21-12.39.11:141][ 39]LogModuleManager: Shutting down and abandoning module TakeSequencer (566)
[2025.12.21-12.39.11:141][ 39]LogModuleManager: Shutting down and abandoning module TakeMovieScene (564)
[2025.12.21-12.39.11:142][ 39]LogModuleManager: Shutting down and abandoning module SynthesisEditor (562)
[2025.12.21-12.39.11:142][ 39]LogModuleManager: Shutting down and abandoning module Synthesis (560)
[2025.12.21-12.39.11:144][ 39]LogModuleManager: Shutting down and abandoning module ProceduralMeshComponentEditor (558)
[2025.12.21-12.39.11:144][ 39]LogModuleManager: Shutting down and abandoning module ProceduralMeshComponent (556)
[2025.12.21-12.39.11:144][ 39]LogModuleManager: Shutting down and abandoning module ScreenshotTools (554)
[2025.12.21-12.39.11:144][ 39]LogModuleManager: Shutting down and abandoning module OpenXREditor (552)
[2025.12.21-12.39.11:145][ 39]LogModuleManager: Shutting down and abandoning module MobilePatchingUtils (550)
[2025.12.21-12.39.11:145][ 39]LogModuleManager: Shutting down and abandoning module GooglePAD (548)
[2025.12.21-12.39.11:145][ 39]LogModuleManager: Shutting down and abandoning module EditableMesh (546)
[2025.12.21-12.39.11:145][ 39]LogModuleManager: Shutting down and abandoning module CustomMeshComponent (544)
[2025.12.21-12.39.11:146][ 39]LogModuleManager: Shutting down and abandoning module CableComponent (542)
[2025.12.21-12.39.11:146][ 39]LogModuleManager: Shutting down and abandoning module AssetTags (540)
[2025.12.21-12.39.11:146][ 39]LogModuleManager: Shutting down and abandoning module AudioCapture (538)
[2025.12.21-12.39.11:146][ 39]LogModuleManager: Shutting down and abandoning module AudioCaptureRtAudio (537)
[2025.12.21-12.39.11:146][ 39]LogModuleManager: Shutting down and abandoning module ArchVisCharacter (534)
[2025.12.21-12.39.11:146][ 39]LogModuleManager: Shutting down and abandoning module AppleImageUtilsBlueprintSupport (532)
[2025.12.21-12.39.11:146][ 39]LogModuleManager: Shutting down and abandoning module AppleImageUtils (530)
[2025.12.21-12.39.11:146][ 39]LogModuleManager: Shutting down and abandoning module AndroidPermission (528)
[2025.12.21-12.39.11:146][ 39]LogModuleManager: Shutting down and abandoning module TemplateSequence (526)
[2025.12.21-12.39.11:146][ 39]LogModuleManager: Shutting down and abandoning module ActorLayerUtilitiesEditor (524)
[2025.12.21-12.39.11:149][ 39]LogModuleManager: Shutting down and abandoning module ActorLayerUtilities (522)
[2025.12.21-12.39.11:149][ 39]LogModuleManager: Shutting down and abandoning module MagicLeapSharedWorld (520)
[2025.12.21-12.39.11:149][ 39]LogModuleManager: Shutting down and abandoning module MagicLeapLightEstimation (518)
[2025.12.21-12.39.11:149][ 39]LogModuleManager: Shutting down and abandoning module MagicLeapHelperVulkan (516)
[2025.12.21-12.39.11:149][ 39]LogModuleManager: Shutting down and abandoning module MagicLeapHelperOpenGL (514)
[2025.12.21-12.39.11:149][ 39]LogModuleManager: Shutting down and abandoning module MagicLeapAudio (512)
[2025.12.21-12.39.11:149][ 39]LogModuleManager: Shutting down and abandoning module MediaCompositing (510)
[2025.12.21-12.39.11:149][ 39]LogModuleManager: Shutting down and abandoning module ImgMedia (508)
[2025.12.21-12.39.11:149][ 39]LogModuleManager: Shutting down and abandoning module OpenImageDenoise (506)
[2025.12.21-12.39.11:151][ 39]LogOpenImageDenoise: OIDN shutting down
[2025.12.21-12.39.11:151][ 39]LogModuleManager: Shutting down and abandoning module MotoSynthEditor (504)
[2025.12.21-12.39.11:151][ 39]LogModuleManager: Shutting down and abandoning module MotoSynth (502)
[2025.12.21-12.39.11:151][ 39]LogModuleManager: Shutting down and abandoning module MeshConversion (500)
[2025.12.21-12.39.11:151][ 39]LogModuleManager: Shutting down and abandoning module DynamicMesh (498)
[2025.12.21-12.39.11:152][ 39]LogModuleManager: Shutting down and abandoning module GeometryAlgorithms (496)
[2025.12.21-12.39.11:153][ 39]LogModuleManager: Shutting down and abandoning module GeometricObjects (494)
[2025.12.21-12.39.11:154][ 39]LogModuleManager: Shutting down and abandoning module GeometryCollectionTracks (492)
[2025.12.21-12.39.11:154][ 39]LogModuleManager: Shutting down and abandoning module GeometryCollectionSequencer (491)
[2025.12.21-12.39.11:154][ 39]LogModuleManager: Shutting down and abandoning module GeometryCollectionEditor (488)
[2025.12.21-12.39.11:154][ 39]LogModuleManager: Shutting down and abandoning module GeometryCacheTracks (486)
[2025.12.21-12.39.11:154][ 39]LogModuleManager: Shutting down and abandoning module GeometryCacheStreamer (484)
[2025.12.21-12.39.11:156][ 39]LogModuleManager: Shutting down and abandoning module GeometryCacheSequencer (482)
[2025.12.21-12.39.11:156][ 39]LogModuleManager: Shutting down and abandoning module ChaosSolverEditor (480)
[2025.12.21-12.39.11:156][ 39]LogModuleManager: Shutting down and abandoning module FractureEditor (478)
[2025.12.21-12.39.11:157][ 39]LogModuleManager: Shutting down and abandoning module ChaosNiagara (476)
[2025.12.21-12.39.11:157][ 39]LogModuleManager: Shutting down and abandoning module FieldSystemEngine (475)
[2025.12.21-12.39.11:157][ 39]LogModuleManager: Shutting down and abandoning module ChaosClothEditor (472)
[2025.12.21-12.39.11:158][ 39]LogModuleManager: Shutting down and abandoning module NiagaraEditorWidgets (470)
[2025.12.21-12.39.11:164][ 39]LogModuleManager: Shutting down and abandoning module BackChannel (468)
[2025.12.21-12.39.11:164][ 39]LogModuleManager: Shutting down and abandoning module AutomationUtilsEditor (466)
[2025.12.21-12.39.11:164][ 39]LogModuleManager: Shutting down and abandoning module AutomationUtils (464)
[2025.12.21-12.39.11:164][ 39]LogModuleManager: Shutting down and abandoning module AlembicImporter (462)
[2025.12.21-12.39.11:164][ 39]LogModuleManager: Shutting down and abandoning module AlembicLibrary (461)
[2025.12.21-12.39.11:165][ 39]LogModuleManager: Shutting down and abandoning module GeometryCache (460)
[2025.12.21-12.39.11:165][ 39]LogModuleManager: Shutting down and abandoning module GeometryCacheEd (459)
[2025.12.21-12.39.11:165][ 39]LogModuleManager: Shutting down and abandoning module SpeedTreeImporter (454)
[2025.12.21-12.39.11:165][ 39]LogModuleManager: Shutting down and abandoning module PluginBrowser (452)
[2025.12.21-12.39.11:168][ 39]LogModuleManager: Shutting down and abandoning module MobileLauncherProfileWizard (450)
[2025.12.21-12.39.11:170][ 39]LogModuleManager: Shutting down and abandoning module MaterialAnalyzer (448)
[2025.12.21-12.39.11:171][ 39]LogModuleManager: Shutting down and abandoning module CLionSourceCodeAccess (446)
[2025.12.21-12.39.11:171][ 39]LogModuleManager: Shutting down and abandoning module CurveEditorTools (444)
[2025.12.21-12.39.11:174][ 39]LogModuleManager: Shutting down and abandoning module CryptoKeysOpenSSL (442)
[2025.12.21-12.39.11:174][ 39]LogModuleManager: Shutting down and abandoning module CryptoKeys (440)
[2025.12.21-12.39.11:174][ 39]LogModuleManager: Shutting down and abandoning module AnimationSharingEd (438)
[2025.12.21-12.39.11:174][ 39]LogModuleManager: Shutting down and abandoning module OodleNetworkHandlerComponent (436)
[2025.12.21-12.39.11:174][ 39]LogModuleManager: Shutting down and abandoning module LiveLinkSequencer (434)
[2025.12.21-12.39.11:174][ 39]LogModuleManager: Shutting down and abandoning module LiveLinkMovieScene (432)
[2025.12.21-12.39.11:174][ 39]LogModuleManager: Shutting down and abandoning module LiveLinkGraphNode (430)
[2025.12.21-12.39.11:174][ 39]LogModuleManager: Shutting down and abandoning module LiveLinkEditor (428)
[2025.12.21-12.39.11:176][ 39]LogModuleManager: Shutting down and abandoning module LiveLinkComponents (426)
[2025.12.21-12.39.11:176][ 39]LogModuleManager: Shutting down and abandoning module LiveLink (424)
[2025.12.21-12.39.11:823][ 39]LogModuleManager: Shutting down and abandoning module LightPropagationVolumeEditor (422)
[2025.12.21-12.39.11:824][ 39]LogModuleManager: Shutting down and abandoning module PaperTiledImporter (420)
[2025.12.21-12.39.11:824][ 39]LogModuleManager: Shutting down and abandoning module PaperSpriteSheetImporter (418)
[2025.12.21-12.39.11:825][ 39]LogModuleManager: Shutting down and abandoning module Paper2DEditor (416)
[2025.12.21-12.39.11:826][ 39]LogModuleManager: Shutting down and abandoning module MeshPaintingToolset (414)
[2025.12.21-12.39.11:827][ 39]LogModuleManager: Shutting down and abandoning module MeshPaintEditorMode (412)
[2025.12.21-12.39.11:828][ 39]LogModuleManager: Shutting down and abandoning module PropertyAccessNode (410)
[2025.12.21-12.39.11:828][ 39]LogModuleManager: Shutting down and abandoning module SoundFields (408)
[2025.12.21-12.39.11:828][ 39]LogModuleManager: Shutting down and abandoning module SignificanceManager (406)
[2025.12.21-12.39.11:828][ 39]LogModuleManager: Shutting down and abandoning module RuntimePhysXCooking (404)
[2025.12.21-12.39.11:828][ 39]LogModuleManager: Shutting down and abandoning module PropertyAccessEditor (402)
[2025.12.21-12.39.11:828][ 39]LogModuleManager: Shutting down and abandoning module PhysXVehiclesEditor (400)
[2025.12.21-12.39.11:829][ 39]LogModuleManager: Shutting down and abandoning module LocationServicesBPLibrary (396)
[2025.12.21-12.39.11:829][ 39]LogModuleManager: Shutting down and abandoning module AudioSynesthesia (394)
[2025.12.21-12.39.11:829][ 39]LogModuleManager: Shutting down and abandoning module AudioSynesthesiaCore (392)
[2025.12.21-12.39.11:830][ 39]LogModuleManager: Shutting down and abandoning module ActorSequence (390)
[2025.12.21-12.39.11:830][ 39]LogModuleManager: Shutting down and abandoning module UdpMessaging (388)
[2025.12.21-12.39.11:931][ 39]LogModuleManager: Shutting down and abandoning module TcpMessaging (386)
[2025.12.21-12.39.12:033][ 39]LogModuleManager: Shutting down and abandoning module MagicLeapARPin (384)
[2025.12.21-12.39.12:033][ 39]LogModuleManager: Shutting down and abandoning module MagicLeapHandMeshing (382)
[2025.12.21-12.39.12:033][ 39]LogModuleManager: Shutting down and abandoning module MagicLeapSecureStorage (380)
[2025.12.21-12.39.12:033][ 39]LogModuleManager: Shutting down and abandoning module MagicLeapPrivileges (378)
[2025.12.21-12.39.12:034][ 39]LogModuleManager: Shutting down and abandoning module MagicLeapPlanes (376)
[2025.12.21-12.39.12:036][ 39]LogMagicLeapPlanes: Planes tracker already destroyed.
[2025.12.21-12.39.12:036][ 39]LogModuleManager: Shutting down and abandoning module MagicLeapImageTracker (374)
[2025.12.21-12.39.12:036][ 39]LogModuleManager: Shutting down and abandoning module MagicLeapIdentity (372)
[2025.12.21-12.39.12:036][ 39]LogModuleManager: Shutting down and abandoning module MagicLeapHandTracking (370)
[2025.12.21-12.39.12:037][ 39]LogModuleManager: Shutting down and abandoning module MagicLeapEyeTracker (368)
[2025.12.21-12.39.12:038][ 39]LogModuleManager: Shutting down and abandoning module MagicLeapController (366)
[2025.12.21-12.39.12:038][ 39]LogModuleManager: Shutting down and abandoning module MagicLeapARPinImpl (364)
[2025.12.21-12.39.12:038][ 39]LogModuleManager: Shutting down and abandoning module MagicLeapAR (362)
[2025.12.21-12.39.12:038][ 39]LogModuleManager: Shutting down and abandoning module PythonScriptPlugin (360)
[2025.12.21-12.39.12:038][ 39]LogModuleManager: Shutting down and abandoning module ImgMediaEngine (358)
[2025.12.21-12.39.12:038][ 39]LogModuleManager: Shutting down and abandoning module NiagaraAnimNotifies (356)
[2025.12.21-12.39.12:038][ 39]LogModuleManager: Shutting down and abandoning module Niagara (354)
[2025.12.21-12.39.12:043][ 39]LogModuleManager: Shutting down and abandoning module SignalProcessing (353)
[2025.12.21-12.39.12:044][ 39]LogModuleManager: Shutting down and abandoning module NiagaraEditor (351)
[2025.12.21-12.39.12:048][ 39]LogModuleManager: Shutting down and abandoning module NiagaraCore (348)
[2025.12.21-12.39.12:048][ 39]LogModuleManager: Shutting down and abandoning module FacialAnimationEditor (346)
[2025.12.21-12.39.12:050][ 39]LogModuleManager: Shutting down and abandoning module FacialAnimation (344)
[2025.12.21-12.39.12:050][ 39]LogModuleManager: Shutting down and abandoning module GameplayTagsEditor (342)
[2025.12.21-12.39.12:052][ 39]LogModuleManager: Shutting down and abandoning module DataValidation (340)
[2025.12.21-12.39.12:052][ 39]LogModuleManager: Shutting down and abandoning module AssetManagerEditor (338)
[2025.12.21-12.39.12:054][ 39]LogModuleManager: Shutting down and abandoning module LevelEditor (337)
[2025.12.21-12.39.12:062][ 39]LogModuleManager: Shutting down and abandoning module PixelInspectorModule (336)
[2025.12.21-12.39.12:064][ 39]LogModuleManager: Shutting down and abandoning module CommonMenuExtensions (334)
[2025.12.21-12.39.12:065][ 39]LogModuleManager: Shutting down and abandoning module MainFrame (332)
[2025.12.21-12.39.12:066][ 39]LogModuleManager: Shutting down and abandoning module HotReload (331)
[2025.12.21-12.39.12:069][ 39]LogModuleManager: Shutting down and abandoning module ToolMenus (327)
[2025.12.21-12.39.12:069][ 39]LogModuleManager: Shutting down and abandoning module ContentBrowser (325)
[2025.12.21-12.39.12:069][ 39]LogModuleManager: Shutting down and abandoning module ContentBrowserData (324)
[2025.12.21-12.39.12:069][ 39]LogModuleManager: Shutting down and abandoning module TreeMap (321)
[2025.12.21-12.39.12:071][ 39]LogModuleManager: Shutting down and abandoning module GameplayCameras (318)
[2025.12.21-12.39.12:071][ 39]LogModuleManager: Shutting down and abandoning module AnimationSharing (316)
[2025.12.21-12.39.12:071][ 39]LogModuleManager: Shutting down and abandoning module LightPropagationVolumeRuntime (314)
[2025.12.21-12.39.12:071][ 39]LogModuleManager: Shutting down and abandoning module EnvironmentQueryEditor (312)
[2025.12.21-12.39.12:073][ 39]LogModuleManager: Shutting down and abandoning module Paper2D (310)
[2025.12.21-12.39.12:074][ 39]LogModuleManager: Shutting down and abandoning module WindowsMoviePlayer (308)
[2025.12.21-12.39.12:084][ 39]LogModuleManager: Shutting down and abandoning module WebMMoviePlayer (306)
[2025.12.21-12.39.12:085][ 39]LogModuleManager: Shutting down and abandoning module NetworkReplayStreaming (304)
[2025.12.21-12.39.12:085][ 39]LogModuleManager: Shutting down and abandoning module PacketHandler (302)
[2025.12.21-12.39.12:085][ 39]LogModuleManager: Shutting down and abandoning module ClothingSystemEditor (300)
[2025.12.21-12.39.12:086][ 39]LogModuleManager: Shutting down and abandoning module ClothingSystemRuntimeNv (298)
[2025.12.21-12.39.12:091][ 39]LogModuleManager: Shutting down and abandoning module MediaAssets (296)
[2025.12.21-12.39.12:092][ 39]LogModuleManager: Shutting down and abandoning module Overlay (294)
[2025.12.21-12.39.12:092][ 39]LogModuleManager: Shutting down and abandoning module OverlayEditor (293)
[2025.12.21-12.39.12:092][ 39]LogModuleManager: Shutting down and abandoning module VREditor (290)
[2025.12.21-12.39.12:093][ 39]LogModuleManager: Shutting down and abandoning module StringTableEditor (288)
[2025.12.21-12.39.12:094][ 39]LogModuleManager: Shutting down and abandoning module GameplayTasksEditor (286)
[2025.12.21-12.39.12:094][ 39]LogModuleManager: Shutting down and abandoning module BehaviorTreeEditor (284)
[2025.12.21-12.39.12:096][ 39]LogModuleManager: Shutting down and abandoning module FunctionalTesting (282)
[2025.12.21-12.39.12:097][ 39]LogModuleManager: Shutting down and abandoning module CollisionAnalyzer (280)
[2025.12.21-12.39.12:101][ 39]LogModuleManager: Shutting down and abandoning module WorkspaceMenuStructure (279)
[2025.12.21-12.39.12:107][ 39]LogModuleManager: Shutting down and abandoning module UMG (276)
[2025.12.21-12.39.12:107][ 39]LogModuleManager: Shutting down and abandoning module UMGEditor (275)
[2025.12.21-12.39.12:110][ 39]LogModuleManager: Shutting down and abandoning module MessageLog (273)
[2025.12.21-12.39.12:110][ 39]LogModuleManager: Shutting down and abandoning module SlateReflector (268)
[2025.12.21-12.39.12:119][ 39]LogModuleManager: Shutting down and abandoning module Slate (266)
[2025.12.21-12.39.12:119][ 39]LogModuleManager: Shutting down and abandoning module SlateCore (264)
[2025.12.21-12.39.12:123][ 39]LogModuleManager: Shutting down and abandoning module LandscapeEditorUtilities (262)
[2025.12.21-12.39.12:123][ 39]LogModuleManager: Shutting down and abandoning module UnrealEd (260)
[2025.12.21-12.39.12:123][ 39]LogModuleManager: Shutting down and abandoning module MRMesh (258)
[2025.12.21-12.39.12:123][ 39]LogModuleManager: Shutting down and abandoning module SourceCodeAccess (256)
[2025.12.21-12.39.12:124][ 39]LogModuleManager: Shutting down and abandoning module HeadMountedDisplay (254)
[2025.12.21-12.39.12:125][ 39]LogModuleManager: Shutting down and abandoning module XAudio2 (252)
[2025.12.21-12.39.12:126][ 39]LogModuleManager: Shutting down and abandoning module Networking (250)
[2025.12.21-12.39.12:126][ 39]LogModuleManager: Shutting down and abandoning module Core (248)
[2025.12.21-12.39.12:126][ 39]LogModuleManager: Shutting down and abandoning module MaterialEditor (246)
[2025.12.21-12.39.12:127][ 39]LogModuleManager: Shutting down and abandoning module MovieSceneTools (244)
[2025.12.21-12.39.12:132][ 39]LogModuleManager: Shutting down and abandoning module CurveEditor (243)
[2025.12.21-12.39.12:135][ 39]LogModuleManager: Shutting down and abandoning module Sequencer (241)
[2025.12.21-12.39.12:139][ 39]LogModuleManager: Shutting down and abandoning module EditorStyle (240)
[2025.12.21-12.39.12:151][ 39]LogModuleManager: Shutting down and abandoning module KismetCompiler (236)
[2025.12.21-12.39.12:151][ 39]LogModuleManager: Shutting down and abandoning module MeshBuilder (234)
[2025.12.21-12.39.12:151][ 39]LogModuleManager: Shutting down and abandoning module MeshUtilities (232)
[2025.12.21-12.39.12:151][ 39]LogModuleManager: Shutting down and abandoning module MeshMergeUtilities (231)
[2025.12.21-12.39.12:152][ 39]LogModuleManager: Shutting down and abandoning module MeshReductionInterface (230)
[2025.12.21-12.39.12:153][ 39]LogModuleManager: Shutting down and abandoning module MeshBoneReduction (229)
[2025.12.21-12.39.12:154][ 39]LogModuleManager: Shutting down and abandoning module SkeletalMeshReduction (227)
[2025.12.21-12.39.12:155][ 39]LogModuleManager: Shutting down and abandoning module ProxyLODMeshReduction (225)
[2025.12.21-12.39.12:159][ 39]LogModuleManager: Shutting down and abandoning module QuadricMeshReduction (223)
[2025.12.21-12.39.12:160][ 39]LogModuleManager: Shutting down and abandoning module MaterialBaking (219)
[2025.12.21-12.39.12:161][ 39]LogModuleManager: Shutting down and abandoning module NullInstallBundleManager (214)
[2025.12.21-12.39.12:161][ 39]LogModuleManager: Shutting down and abandoning module DerivedDataCache (212)
[2025.12.21-12.39.12:162][ 39]LogModuleManager: Shutting down and abandoning module TargetPlatform (210)
[2025.12.21-12.39.12:163][ 39]LogModuleManager: Shutting down and abandoning module VulkanShaderFormat (209)
[2025.12.21-12.39.12:168][ 39]LogModuleManager: Shutting down and abandoning module ShaderFormatVectorVM (207)
[2025.12.21-12.39.12:169][ 39]LogModuleManager: Shutting down and abandoning module ShaderFormatOpenGL (205)
[2025.12.21-12.39.12:169][ 39]LogModuleManager: Shutting down and abandoning module ShaderFormatD3D (203)
[2025.12.21-12.39.12:170][ 39]LogModuleManager: Shutting down and abandoning module MetalShaderFormat (201)
[2025.12.21-12.39.12:172][ 39]LogModuleManager: Shutting down and abandoning module TextureFormatOodle (199)
[2025.12.21-12.39.12:172][ 39]LogModuleManager: Shutting down and abandoning module TextureFormatUncompressed (197)
[2025.12.21-12.39.12:172][ 39]LogModuleManager: Shutting down and abandoning module TextureFormatPVR (195)
[2025.12.21-12.39.12:173][ 39]LogModuleManager: Shutting down and abandoning module TextureFormatETC2 (193)
[2025.12.21-12.39.12:173][ 39]LogModuleManager: Shutting down and abandoning module TextureFormatDXT (191)
[2025.12.21-12.39.12:175][ 39]LogModuleManager: Shutting down and abandoning module TextureFormatIntelISPCTexComp (189)
[2025.12.21-12.39.12:178][ 39]LogModuleManager: Shutting down and abandoning module TextureFormatASTC (187)
[2025.12.21-12.39.12:178][ 39]LogModuleManager: Shutting down and abandoning module ImageWrapper (186)
[2025.12.21-12.39.12:178][ 39]LogModuleManager: Shutting down and abandoning module AudioFormatOpus (183)
[2025.12.21-12.39.12:179][ 39]LogModuleManager: Shutting down and abandoning module AudioFormatOgg (181)
[2025.12.21-12.39.12:180][ 39]LogModuleManager: Shutting down and abandoning module AudioFormatADPCM (179)
[2025.12.21-12.39.12:180][ 39]LogModuleManager: Shutting down and abandoning module WindowsServerTargetPlatform (177)
[2025.12.21-12.39.12:180][ 39]LogModuleManager: Shutting down and abandoning module WindowsClientTargetPlatform (175)
[2025.12.21-12.39.12:181][ 39]LogModuleManager: Shutting down and abandoning module WindowsTargetPlatform (173)
[2025.12.21-12.39.12:181][ 39]LogModuleManager: Shutting down and abandoning module WindowsNoEditorTargetPlatform (171)
[2025.12.21-12.39.12:182][ 39]LogModuleManager: Shutting down and abandoning module TVOSTargetPlatform (169)
[2025.12.21-12.39.12:184][ 39]LogModuleManager: Shutting down and abandoning module MacServerTargetPlatform (167)
[2025.12.21-12.39.12:184][ 39]LogModuleManager: Shutting down and abandoning module MacClientTargetPlatform (165)
[2025.12.21-12.39.12:184][ 39]LogModuleManager: Shutting down and abandoning module MacTargetPlatform (163)
[2025.12.21-12.39.12:184][ 39]LogModuleManager: Shutting down and abandoning module MacNoEditorTargetPlatform (161)
[2025.12.21-12.39.12:184][ 39]LogModuleManager: Shutting down and abandoning module LuminTargetPlatform (159)
[2025.12.21-12.39.12:187][ 39]LogModuleManager: Shutting down and abandoning module LinuxAArch64ServerTargetPlatform (157)
[2025.12.21-12.39.12:189][ 39]LogModuleManager: Shutting down and abandoning module LinuxAArch64ClientTargetPlatform (155)
[2025.12.21-12.39.12:189][ 39]LogModuleManager: Shutting down and abandoning module LinuxAArch64NoEditorTargetPlatform (153)
[2025.12.21-12.39.12:190][ 39]LogModuleManager: Shutting down and abandoning module LinuxServerTargetPlatform (151)
[2025.12.21-12.39.12:190][ 39]LogModuleManager: Shutting down and abandoning module LinuxClientTargetPlatform (149)
[2025.12.21-12.39.12:191][ 39]LogModuleManager: Shutting down and abandoning module LinuxNoEditorTargetPlatform (147)
[2025.12.21-12.39.12:191][ 39]LogModuleManager: Shutting down and abandoning module LinuxTargetPlatform (145)
[2025.12.21-12.39.12:191][ 39]LogModuleManager: Shutting down and abandoning module Messaging (143)
[2025.12.21-12.39.12:191][ 39]LogModuleManager: Shutting down and abandoning module IOSTargetPlatform (141)
[2025.12.21-12.39.12:194][ 39]LogModuleManager: Shutting down and abandoning module AndroidTargetPlatform (139)
[2025.12.21-12.39.12:205][ 39]LogModuleManager: Shutting down and abandoning module AllDesktopTargetPlatform (137)
[2025.12.21-12.39.12:206][ 39]LogModuleManager: Shutting down and abandoning module D3D11RHI (134)
[2025.12.21-12.39.12:206][ 39]LogModuleManager: Shutting down and abandoning module InputCore (132)
[2025.12.21-12.39.12:206][ 39]LogModuleManager: Shutting down and abandoning module Settings (130)
[2025.12.21-12.39.12:206][ 39]LogModuleManager: Shutting down and abandoning module DirectoryWatcher (128)
[2025.12.21-12.39.12:207][ 39]LogModuleManager: Shutting down and abandoning module PhysXCooking (126)
[2025.12.21-12.39.12:207][ 39]LogModuleManager: Shutting down and abandoning module Chaos (124)
[2025.12.21-12.39.12:207][ 39]LogModuleManager: Shutting down and abandoning module WindowsPlatformFeatures (122)
[2025.12.21-12.39.12:207][ 39]LogModuleManager: Shutting down and abandoning module GameplayMediaEncoder (121)
[2025.12.21-12.39.12:208][ 39]LogModuleManager: Shutting down and abandoning module AVEncoder (120)
[2025.12.21-12.39.12:209][ 39]LogModuleManager: Shutting down and abandoning module SteamVRInputDevice (116)
[2025.12.21-12.39.12:209][ 39]LogModuleManager: Shutting down and abandoning module SteamVRInput (114)
[2025.12.21-12.39.12:209][ 39]LogModuleManager: Shutting down and abandoning module SteamVR (112)
[2025.12.21-12.39.12:210][ 39]LogHMD: Freeing OpenVRDLLHandle.
[2025.12.21-12.39.12:210][ 39]LogModuleManager: Shutting down and abandoning module OculusHMD (110)
[2025.12.21-12.39.12:210][ 39]LogModuleManager: Shutting down and abandoning module VariantManagerContent (108)
[2025.12.21-12.39.12:210][ 39]LogModuleManager: Shutting down and abandoning module DatasmithContent (106)
[2025.12.21-12.39.12:211][ 39]LogModuleManager: Shutting down and abandoning module PixWinPlugin (104)
[2025.12.21-12.39.12:211][ 39]LogModuleManager: Shutting down and abandoning module OpenXRHandTracking (102)
[2025.12.21-12.39.12:212][ 39]LogSlate: Slate User Destroyed.  User Index 0, Is Virtual User: 0
[2025.12.21-12.39.12:212][ 39]LogModuleManager: Shutting down and abandoning module OpenXRAR (100)
[2025.12.21-12.39.12:212][ 39]LogModuleManager: Shutting down and abandoning module AugmentedReality (99)
[2025.12.21-12.39.12:212][ 39]LogModuleManager: Shutting down and abandoning module OpenXRHMD (96)
[2025.12.21-12.39.12:220][ 39]LogModuleManager: Shutting down and abandoning module OpenXREyeTracker (94)
[2025.12.21-12.39.12:221][ 39]LogModuleManager: Shutting down and abandoning module ExampleDeviceProfileSelector (92)
[2025.12.21-12.39.12:221][ 39]LogModuleManager: Shutting down and abandoning module ChunkDownloader (90)
[2025.12.21-12.39.12:222][ 39]LogModuleManager: Shutting down and abandoning module LauncherChunkInstaller (88)
[2025.12.21-12.39.12:222][ 39]LogModuleManager: Shutting down and abandoning module OnlineBlueprintSupport (86)
[2025.12.21-12.39.12:222][ 39]LogModuleManager: Shutting down and abandoning module OnlineSubsystem (82)
[2025.12.21-12.39.12:227][ 39]LogModuleManager: Shutting down and abandoning module XMPP (77)
[2025.12.21-12.39.12:229][ 39]LogModuleManager: Shutting down and abandoning module WebSockets (76)
[2025.12.21-12.39.12:242][ 39]LogModuleManager: Shutting down and abandoning module HTTP (73)
[2025.12.21-12.39.12:242][ 39]LogHttp: Display: Http module shutting down, but needs to wait on 1 outstanding Http requests:
[2025.12.21-12.39.12:243][ 39]LogHttp: Display: 	verb=[POST] url=[https://datarouter.ol.epicgames.com/datarouter/api/v1/public/data?SessionID=%7B652A5255-4026-712C-DF59-928813F7096A%7D&AppID=UEEditor.Rocket.Release&AppVersion=4.27.2-18319896%2B%2B%2BUE4%2BRelease-4.27&UserID=b04b7cc342cbf28028732289d7babebf%7C984fab8377564a2eb8bdb4af4726766f%7C7b2af634-a612-4e7f-9a50-30bec8fc931d&AppEnvironment=datacollector-binary&UploadType=eteventstream] refs=[1] status=Processing
[2025.12.21-12.39.12:243][ 39]LogHttp: Display: cleaning up 1 outstanding Http requests.
[2025.12.21-12.39.12:251][ 39]LogModuleManager: Shutting down and abandoning module SSL (72)
[2025.12.21-12.39.12:260][ 39]LogModuleManager: Shutting down and abandoning module MLSDK (68)
[2025.12.21-12.39.12:261][ 39]LogModuleManager: Shutting down and abandoning module WmfMedia (66)
[2025.12.21-12.39.12:269][ 39]LogModuleManager: Shutting down and abandoning module Media (65)
[2025.12.21-12.39.12:271][ 39]LogModuleManager: Shutting down and abandoning module MediaInfo (64)
[2025.12.21-12.39.12:271][ 39]LogModuleManager: Shutting down and abandoning module MagicLeap (60)
[2025.12.21-12.39.12:271][ 39]LogModuleManager: Shutting down and abandoning module ExrReaderGpu (58)
[2025.12.21-12.39.12:271][ 39]LogModuleManager: Shutting down and abandoning module ChaosCloth (56)
[2025.12.21-12.39.12:272][ 39]LogModuleManager: Shutting down and abandoning module NiagaraVertexFactories (54)
[2025.12.21-12.39.12:272][ 39]LogModuleManager: Shutting down and abandoning module NiagaraShader (52)
[2025.12.21-12.39.12:272][ 39]LogModuleManager: Shutting down and abandoning module AISupportModule (50)
[2025.12.21-12.39.12:272][ 39]LogModuleManager: Shutting down and abandoning module DesktopPlatform (48)
[2025.12.21-12.39.12:273][ 39]LogModuleManager: Shutting down and abandoning module PythonScriptPluginPreload (46)
[2025.12.21-12.39.12:273][ 39]LogModuleManager: Shutting down and abandoning module PlatformCryptoOpenSSL (44)
[2025.12.21-12.39.12:274][ 39]LogModuleManager: Shutting down and abandoning module PlatformCryptoTypes (42)
[2025.12.21-12.39.12:274][ 39]LogModuleManager: Shutting down and abandoning module PlatformCrypto (40)
[2025.12.21-12.39.12:274][ 39]LogModuleManager: Shutting down and abandoning module OodleDataCompressionFormat (38)
[2025.12.21-12.39.12:275][ 39]LogModuleManager: Shutting down and abandoning module XGEController (36)
[2025.12.21-12.39.12:275][ 39]LogXGEController: Cleaning working directory: C:/Users/Владислав/AppData/Local/Temp/UnrealXGEWorkingDir/
[2025.12.21-12.39.12:275][ 39]LogModuleManager: Shutting down and abandoning module AnimationModifiers (34)
[2025.12.21-12.39.12:276][ 39]LogModuleManager: Shutting down and abandoning module AudioEditor (32)
[2025.12.21-12.39.12:280][ 39]LogModuleManager: Shutting down and abandoning module PropertyEditor (31)
[2025.12.21-12.39.12:285][ 39]LogModuleManager: Shutting down and abandoning module TextureCompressor (28)
[2025.12.21-12.39.12:286][ 39]LogModuleManager: Shutting down and abandoning module RenderCore (26)
[2025.12.21-12.39.12:286][ 39]LogModuleManager: Shutting down and abandoning module Landscape (24)
[2025.12.21-12.39.12:286][ 39]LogModuleManager: Shutting down and abandoning module SlateRHIRenderer (22)
[2025.12.21-12.39.12:289][ 39]LogModuleManager: Shutting down and abandoning module AnimGraphRuntime (20)
[2025.12.21-12.39.12:289][ 39]LogModuleManager: Shutting down and abandoning module Renderer (18)
[2025.12.21-12.39.12:291][ 39]LogModuleManager: Shutting down and abandoning module Engine (16)
[2025.12.21-12.39.12:291][ 39]LogModuleManager: Shutting down and abandoning module CoreUObject (14)
[2025.12.21-12.39.12:291][ 39]LogModuleManager: Shutting down and abandoning module NetworkFile (12)
[2025.12.21-12.39.12:292][ 39]LogModuleManager: Shutting down and abandoning module CookedIterativeFile (10)
[2025.12.21-12.39.12:292][ 39]LogModuleManager: Shutting down and abandoning module StreamingFile (8)
[2025.12.21-12.39.12:293][ 39]LogModuleManager: Shutting down and abandoning module SandboxFile (6)
[2025.12.21-12.39.12:293][ 39]LogModuleManager: Shutting down and abandoning module PakFile (4)
[2025.12.21-12.39.12:296][ 39]LogModuleManager: Shutting down and abandoning module RSA (3)
[2025.12.21-12.39.12:296][ 39]LogContentStreaming: Display: There are 1 unreleased StreamingManagers
[2025.12.21-12.39.12:326][ 39]LogD3D11RHI: Shutdown
[2025.12.21-12.39.12:327][ 39]LogD3D11RHI: CleanupD3DDevice
[2025.12.21-12.39.12:371][ 39]LogExit: Exiting.
[2025.12.21-12.39.12:381][ 39]Log file closed, 12/21/25 15:39:12
