Log file open, 12/18/25 21:14:25
LogWindows: Failed to load 'aqProf.dll' (GetLastError=126)
LogWindows: File 'aqProf.dll' does not exist
LogWindows: Failed to load 'VtuneApi.dll' (GetLastError=126)
LogWindows: File 'VtuneApi.dll' does not exist
LogWindows: Failed to load 'VtuneApi32e.dll' (GetLastError=126)
LogWindows: File 'VtuneApi32e.dll' does not exist
LogConsoleResponse: Display: Failed to find resolution value strings in scalability ini. Falling back to default.
LogConsoleResponse: Display: Failed to find resolution value strings in scalability ini. Falling back to default.
LogInit: Display: Running engine for game: Mini_laboratory
LogPlatformFile: Not using cached read wrapper
LogTaskGraph: Started task graph with 5 named threads and 23 total threads with 3 sets of task threads.
LogStats: Stats thread started at 0.451977
LogICUInternationalization: ICU TimeZone Detection - Raw Offset: +3:00, Platform Override: ''
LogInit: Display: Loading text-based GConfig....
LogPluginManager: Mounting plugin MeshPainting
LogPluginManager: Mounting plugin XGEController
LogPluginManager: Mounting plugin LiveLink
LogPluginManager: Mounting plugin OodleData
LogPluginManager: Mounting plugin Paper2D
LogPluginManager: Mounting plugin LightPropagationVolume
LogPluginManager: Mounting plugin OodleNetwork
LogPluginManager: Mounting plugin CameraShakePreviewer
LogPluginManager: Mounting plugin GameplayCameras
LogPluginManager: Mounting plugin AnimationSharing
LogPluginManager: Mounting plugin CodeLiteSourceCodeAccess
LogPluginManager: Mounting plugin CLionSourceCodeAccess
LogPluginManager: Mounting plugin GitSourceControl
LogPluginManager: Mounting plugin NullSourceCodeAccess
LogPluginManager: Mounting plugin Niagara
LogPluginManager: Mounting plugin PerforceSourceControl
LogPluginManager: Mounting plugin KDevelopSourceCodeAccess
LogPluginManager: Mounting plugin PixWinPlugin
LogPluginManager: Mounting plugin PlasticSourceControl
LogPluginManager: Mounting plugin PluginUtils
LogPluginManager: Mounting plugin PropertyAccessNode
LogPluginManager: Mounting plugin RiderSourceCodeAccess
LogPluginManager: Mounting plugin SubversionSourceControl
LogPluginManager: Mounting plugin TextureFormatOodle
LogPluginManager: Mounting plugin UObjectPlugin
LogPluginManager: Mounting plugin VisualStudioCodeSourceCodeAccess
LogPluginManager: Mounting plugin XCodeSourceCodeAccess
LogPluginManager: Mounting plugin VisualStudioSourceCodeAccess
LogPluginManager: Mounting plugin AssetManagerEditor
LogPluginManager: Mounting plugin CryptoKeys
LogPluginManager: Mounting plugin DataValidation
LogPluginManager: Mounting plugin CurveEditorTools
LogPluginManager: Mounting plugin FacialAnimation
LogPluginManager: Mounting plugin MacGraphicsSwitching
LogPluginManager: Mounting plugin GameplayTagsEditor
LogPluginManager: Mounting plugin GeometryMode
LogPluginManager: Mounting plugin MaterialAnalyzer
LogPluginManager: Mounting plugin MobileLauncherProfileWizard
LogPluginManager: Mounting plugin SpeedTreeImporter
LogPluginManager: Mounting plugin PluginBrowser
LogPluginManager: Mounting plugin DatasmithContent
LogPluginManager: Mounting plugin VariantManagerContent
LogPluginManager: Mounting plugin LuminPlatformFeatures
LogPluginManager: Mounting plugin MagicLeapMedia
LogPluginManager: Mounting plugin MagicLeapPassableWorld
LogPluginManager: Mounting plugin MLSDK
LogPluginManager: Mounting plugin MagicLeap
LogPluginManager: Mounting plugin TcpMessaging
LogPluginManager: Mounting plugin UdpMessaging
LogPluginManager: Mounting plugin MagicLeapLightEstimation
LogPluginManager: Mounting plugin AvfMedia
LogPluginManager: Mounting plugin AndroidMedia
LogPluginManager: Mounting plugin ImgMedia
LogPluginManager: Mounting plugin MediaCompositing
LogPluginManager: Mounting plugin MediaPlayerEditor
LogPluginManager: Mounting plugin WebMMedia
LogPluginManager: Mounting plugin WmfMedia
LogPluginManager: Mounting plugin AlembicImporter
LogPluginManager: Mounting plugin BackChannel
LogPluginManager: Mounting plugin AutomationUtils
LogPluginManager: Mounting plugin ChaosCloth
LogPluginManager: Mounting plugin ChaosClothEditor
LogPluginManager: Mounting plugin ChaosEditor
LogPluginManager: Mounting plugin ChaosSolverPlugin
LogPluginManager: Mounting plugin ChaosNiagara
LogPluginManager: Mounting plugin CharacterAI
LogPluginManager: Mounting plugin GeometryCache
LogPluginManager: Mounting plugin ActorSequence
LogPluginManager: Mounting plugin LevelSequenceEditor
LogPluginManager: Mounting plugin MatineeToLevelSequence
LogPluginManager: Mounting plugin LauncherChunkInstaller
LogPluginManager: Mounting plugin GeometryCollectionPlugin
LogPluginManager: Mounting plugin TemplateSequence
LogPluginManager: Mounting plugin GeometryProcessing
LogPluginManager: Mounting plugin OpenImageDenoise
LogPluginManager: Mounting plugin PlanarCut
LogPluginManager: Mounting plugin PlatformCrypto
LogPluginManager: Mounting plugin MotoSynth
LogPluginManager: Mounting plugin ProxyLODPlugin
LogPluginManager: Mounting plugin PythonScriptPlugin
LogPluginManager: Mounting plugin SkeletalReduction
LogPluginManager: Mounting plugin ActorLayerUtilities
LogPluginManager: Mounting plugin Takes
LogPluginManager: Mounting plugin AndroidMoviePlayer
LogPluginManager: Mounting plugin AndroidDeviceProfileSelector
LogPluginManager: Mounting plugin AndroidPermission
LogPluginManager: Mounting plugin AppleImageUtils
LogPluginManager: Mounting plugin AppleMoviePlayer
LogPluginManager: Mounting plugin ArchVisCharacter
LogPluginManager: Mounting plugin AssetTags
LogPluginManager: Mounting plugin AudioCapture
LogPluginManager: Mounting plugin CableComponent
LogPluginManager: Mounting plugin AudioSynesthesia
LogPluginManager: Mounting plugin ChunkDownloader
LogPluginManager: Mounting plugin CustomMeshComponent
LogPluginManager: Mounting plugin EditableMesh
LogPluginManager: Mounting plugin ExampleDeviceProfileSelector
LogPluginManager: Mounting plugin GoogleCloudMessaging
LogPluginManager: Mounting plugin GooglePAD
LogPluginManager: Mounting plugin OnlineSubsystem
LogPluginManager: Mounting plugin OnlineSubsystemNull
LogPluginManager: Mounting plugin OnlineSubsystemUtils
LogPluginManager: Mounting plugin ScreenshotTools
LogPluginManager: Mounting plugin IOSDeviceProfileSelector
LogPluginManager: Mounting plugin LinuxDeviceProfileSelector
LogPluginManager: Mounting plugin LocationServicesBPLibrary
LogPluginManager: Mounting plugin MobilePatchingUtils
LogPluginManager: Mounting plugin OpenXR
LogPluginManager: Mounting plugin OpenXREyeTracker
LogPluginManager: Mounting plugin OpenXRHandTracking
LogPluginManager: Mounting plugin PhysXVehicles
LogPluginManager: Mounting plugin PostSplashScreen
LogPluginManager: Mounting plugin PropertyAccessEditor
LogPluginManager: Mounting plugin ProceduralMeshComponent
LogPluginManager: Mounting plugin RuntimePhysXCooking
LogPluginManager: Mounting plugin SignificanceManager
LogPluginManager: Mounting plugin SoundFields
LogPluginManager: Mounting plugin Synthesis
LogPluginManager: Mounting plugin WebMMoviePlayer
LogPluginManager: Mounting plugin AISupport
LogPluginManager: Mounting plugin WindowsMoviePlayer
LogPluginManager: Mounting plugin EnvironmentQueryEditor
LogPluginManager: Mounting plugin ContentBrowserAssetDataSource
LogPluginManager: Mounting plugin ContentBrowserFileDataSource
LogPluginManager: Mounting plugin ContentBrowserClassDataSource
LogPluginManager: Mounting plugin OnlineSubsystemGooglePlay
LogPluginManager: Mounting plugin OnlineSubsystemIOS
LogPluginManager: Mounting plugin OculusVR
LogPluginManager: Mounting plugin SteamVR
PixWinPlugin: PIX capture plugin failed to initialize! Check that the process is launched from PIX.
LogInit: Using libcurl 7.55.1-DEV
LogInit:  - built for x86_64-pc-win32
LogInit:  - supports SSL with OpenSSL/1.1.1
LogInit:  - supports HTTP deflate (compression) using libz 1.2.8
LogInit:  - other features:
LogInit:      CURL_VERSION_SSL
LogInit:      CURL_VERSION_LIBZ
LogInit:      CURL_VERSION_IPV6
LogInit:      CURL_VERSION_ASYNCHDNS
LogInit:      CURL_VERSION_LARGEFILE
LogInit:      CURL_VERSION_IDN
LogInit:  CurlRequestOptions (configurable via config and command line):
LogInit:  - bVerifyPeer = true  - Libcurl will verify peer certificate
LogInit:  - bUseHttpProxy = false  - Libcurl will NOT use HTTP proxy
LogInit:  - bDontReuseConnections = false  - Libcurl will reuse connections
LogInit:  - MaxHostConnections = 16  - Libcurl will limit the number of connections to a host
LogInit:  - LocalHostAddr = Default
LogInit:  - BufferSize = 65536
LogOnline: OSS: Creating online subsystem instance for: NULL
LogInit: WinSock: version 1.1 (2.2), MaxSocks=32767, MaxUdp=65467
LogOnline: OSS: TryLoadSubsystemAndSetDefault: Loaded subsystem for module [NULL]
LogOculusPluginWrapper: OculusPlugin initialized successfully
LogHMD: Failed initializing OVRPlugin 1.59.0
LogInit: Build: ++UE4+Release-4.27-CL-18319896
LogInit: Engine Version: 4.27.2-18319896+++UE4+Release-4.27
LogInit: Compatible Engine Version: 4.27.0-17155196+++UE4+Release-4.27
LogInit: Net CL: 17155196
LogInit: OS: Windows 10 (Release 2009) (), CPU: Intel(R) Core(TM) i5-10300H CPU @ 2.50GHz, GPU: Intel(R) UHD Graphics
LogInit: Compiled (64-bit): Nov 30 2021 07:12:08
LogInit: Compiled with Visual C++: 19.24.28315.00
LogInit: Build Configuration: Development
LogInit: Branch Name: ++UE4+Release-4.27
LogInit: Command Line: 
LogInit: Base Directory: D:/Progams on PC/Unreal/UE_4.27/Engine/Binaries/Win64/
LogInit: Allocator: TBB
LogInit: Installed Engine Build: 1
LogDevObjectVersion: Number of dev versions registered: 29
LogDevObjectVersion:   Dev-Blueprints (B0D832E4-1F89-4F0D-ACCF-7EB736FD4AA2): 10
LogDevObjectVersion:   Dev-Build (E1C64328-A22C-4D53-A36C-8E866417BD8C): 0
LogDevObjectVersion:   Dev-Core (375EC13C-06E4-48FB-B500-84F0262A717E): 4
LogDevObjectVersion:   Dev-Editor (E4B068ED-F494-42E9-A231-DA0B2E46BB41): 40
LogDevObjectVersion:   Dev-Framework (CFFC743F-43B0-4480-9391-14DF171D2073): 37
LogDevObjectVersion:   Dev-Mobile (B02B49B5-BB20-44E9-A304-32B752E40360): 3
LogDevObjectVersion:   Dev-Networking (A4E4105C-59A1-49B5-A7C5-40C4547EDFEE): 0
LogDevObjectVersion:   Dev-Online (39C831C9-5AE6-47DC-9A44-9C173E1C8E7C): 0
LogDevObjectVersion:   Dev-Physics (78F01B33-EBEA-4F98-B9B4-84EACCB95AA2): 14
LogDevObjectVersion:   Dev-Platform (6631380F-2D4D-43E0-8009-CF276956A95A): 0
LogDevObjectVersion:   Dev-Rendering (12F88B9F-8875-4AFC-A67C-D90C383ABD29): 45
LogDevObjectVersion:   Dev-Sequencer (7B5AE74C-D270-4C10-A958-57980B212A5A): 13
LogDevObjectVersion:   Dev-VR (D7296918-1DD6-4BDD-9DE2-64A83CC13884): 3
LogDevObjectVersion:   Dev-LoadTimes (C2A15278-BFE7-4AFE-6C17-90FF531DF755): 1
LogDevObjectVersion:   Private-Geometry (6EACA3D4-40EC-4CC1-B786-8BED09428FC5): 3
LogDevObjectVersion:   Dev-AnimPhys (29E575DD-E0A3-4627-9D10-D276232CDCEA): 17
LogDevObjectVersion:   Dev-Anim (AF43A65D-7FD3-4947-9873-3E8ED9C1BB05): 15
LogDevObjectVersion:   Dev-ReflectionCapture (6B266CEC-1EC7-4B8F-A30B-E4D90942FC07): 1
LogDevObjectVersion:   Dev-Automation (0DF73D61-A23F-47EA-B727-89E90C41499A): 1
LogDevObjectVersion:   FortniteMain (601D1886-AC64-4F84-AA16-D3DE0DEAC7D6): 47
LogDevObjectVersion:   FortniteRelease (E7086368-6B23-4C58-8439-1B7016265E91): 1
LogDevObjectVersion:   Dev-Enterprise (9DFFBCD6-494F-0158-E221-12823C92A888): 10
LogDevObjectVersion:   Dev-Niagara (F2AED0AC-9AFE-416F-8664-AA7FFA26D6FC): 1
LogDevObjectVersion:   Dev-Destruction (174F1F0B-B4C6-45A5-B13F-2EE8D0FB917D): 10
LogDevObjectVersion:   Dev-Physics-Ext (35F94A83-E258-406C-A318-09F59610247C): 41
LogDevObjectVersion:   Dev-PhysicsMaterial-Chaos (B68FC16E-8B1B-42E2-B453-215C058844FE): 1
LogDevObjectVersion:   Dev-CineCamera (B2E18506-4273-CFC2-A54E-F4BB758BBA07): 1
LogDevObjectVersion:   Dev-VirtualProduction (64F58936-FD1B-42BA-BA96-7289D5D0FA4E): 1
LogDevObjectVersion:   Dev-MediaFramework (6F0ED827-A609-4895-9C91-998D90180EA4): 2
LogInit: Presizing for max 25165824 objects, including 0 objects not considered by GC, pre-allocating 0 bytes for permanent pool.
LogConfig: Applying CVar settings from Section [/Script/Engine.StreamingSettings] File [D:/WORKPLACE/Mini_laboratory/MEPhI_VR_term_1/Mini_laboratory/Saved/Config/Windows/Engine.ini]
LogConfig: Setting CVar [[s.MinBulkDataSizeForAsyncLoading:131072]]
LogConfig: Setting CVar [[s.AsyncLoadingThreadEnabled:0]]
LogConfig: Setting CVar [[s.EventDrivenLoaderEnabled:1]]
LogConfig: Setting CVar [[s.WarnIfTimeLimitExceeded:0]]
LogConfig: Setting CVar [[s.TimeLimitExceededMultiplier:1.5]]
LogConfig: Setting CVar [[s.TimeLimitExceededMinTime:0.005]]
LogConfig: Setting CVar [[s.UseBackgroundLevelStreaming:1]]
LogConfig: Setting CVar [[s.PriorityAsyncLoadingExtraTime:15.0]]
LogConfig: Setting CVar [[s.LevelStreamingActorsUpdateTimeLimit:5.0]]
LogConfig: Setting CVar [[s.PriorityLevelStreamingActorsUpdateExtraTime:5.0]]
LogConfig: Setting CVar [[s.LevelStreamingComponentsRegistrationGranularity:10]]
LogConfig: Setting CVar [[s.UnregisterComponentsTimeLimit:1.0]]
LogConfig: Setting CVar [[s.LevelStreamingComponentsUnregistrationGranularity:5]]
LogConfig: Setting CVar [[s.FlushStreamingOnExit:1]]
LogInit: Object subsystem initialized
LogConfig: Setting CVar [[con.DebugEarlyDefault:1]]
LogConfig: Setting CVar [[r.setres:1280x720]]
[2025.12.18-18.14.28:434][  0]LogConfig: Setting CVar [[r.VSync:0]]
[2025.12.18-18.14.28:434][  0]LogConfig: Setting CVar [[r.RHICmdBypass:0]]
[2025.12.18-18.14.28:434][  0]LogConfig: Applying CVar settings from Section [/Script/Engine.RendererSettings] File [D:/WORKPLACE/Mini_laboratory/MEPhI_VR_term_1/Mini_laboratory/Saved/Config/Windows/Engine.ini]
[2025.12.18-18.14.28:434][  0]LogConfig: Setting CVar [[r.GPUCrashDebugging:0]]
[2025.12.18-18.14.28:434][  0]LogConfig: Applying CVar settings from Section [/Script/Engine.RendererOverrideSettings] File [D:/WORKPLACE/Mini_laboratory/MEPhI_VR_term_1/Mini_laboratory/Saved/Config/Windows/Engine.ini]
[2025.12.18-18.14.28:434][  0]LogConfig: Applying CVar settings from Section [/Script/Engine.StreamingSettings] File [D:/WORKPLACE/Mini_laboratory/MEPhI_VR_term_1/Mini_laboratory/Saved/Config/Windows/Engine.ini]
[2025.12.18-18.14.28:434][  0]LogConfig: Setting CVar [[s.MinBulkDataSizeForAsyncLoading:131072]]
[2025.12.18-18.14.28:434][  0]LogConfig: Setting CVar [[s.AsyncLoadingThreadEnabled:0]]
[2025.12.18-18.14.28:434][  0]LogConfig: Setting CVar [[s.EventDrivenLoaderEnabled:1]]
[2025.12.18-18.14.28:434][  0]LogConfig: Setting CVar [[s.WarnIfTimeLimitExceeded:0]]
[2025.12.18-18.14.28:434][  0]LogConfig: Setting CVar [[s.TimeLimitExceededMultiplier:1.5]]
[2025.12.18-18.14.28:434][  0]LogConfig: Setting CVar [[s.TimeLimitExceededMinTime:0.005]]
[2025.12.18-18.14.28:434][  0]LogConfig: Setting CVar [[s.UseBackgroundLevelStreaming:1]]
[2025.12.18-18.14.28:434][  0]LogConfig: Setting CVar [[s.PriorityAsyncLoadingExtraTime:15.0]]
[2025.12.18-18.14.28:434][  0]LogConfig: Setting CVar [[s.LevelStreamingActorsUpdateTimeLimit:5.0]]
[2025.12.18-18.14.28:434][  0]LogConfig: Setting CVar [[s.PriorityLevelStreamingActorsUpdateExtraTime:5.0]]
[2025.12.18-18.14.28:434][  0]LogConfig: Setting CVar [[s.LevelStreamingComponentsRegistrationGranularity:10]]
[2025.12.18-18.14.28:434][  0]LogConfig: Setting CVar [[s.UnregisterComponentsTimeLimit:1.0]]
[2025.12.18-18.14.28:434][  0]LogConfig: Setting CVar [[s.LevelStreamingComponentsUnregistrationGranularity:5]]
[2025.12.18-18.14.28:434][  0]LogConfig: Setting CVar [[s.FlushStreamingOnExit:1]]
[2025.12.18-18.14.28:434][  0]LogConfig: Applying CVar settings from Section [/Script/Engine.GarbageCollectionSettings] File [D:/WORKPLACE/Mini_laboratory/MEPhI_VR_term_1/Mini_laboratory/Saved/Config/Windows/Engine.ini]
[2025.12.18-18.14.28:434][  0]LogConfig: Setting CVar [[gc.MaxObjectsNotConsideredByGC:1]]
[2025.12.18-18.14.28:434][  0]LogConfig: Setting CVar [[gc.SizeOfPermanentObjectPool:0]]
[2025.12.18-18.14.28:434][  0]LogConfig: Setting CVar [[gc.FlushStreamingOnGC:0]]
[2025.12.18-18.14.28:434][  0]LogConfig: Setting CVar [[gc.NumRetriesBeforeForcingGC:10]]
[2025.12.18-18.14.28:434][  0]LogConfig: Setting CVar [[gc.AllowParallelGC:1]]
[2025.12.18-18.14.28:434][  0]LogConfig: Setting CVar [[gc.TimeBetweenPurgingPendingKillObjects:61.1]]
[2025.12.18-18.14.28:434][  0]LogConfig: Setting CVar [[gc.MaxObjectsInEditor:25165824]]
[2025.12.18-18.14.28:434][  0]LogConfig: Setting CVar [[gc.IncrementalBeginDestroyEnabled:1]]
[2025.12.18-18.14.28:434][  0]LogConfig: Setting CVar [[gc.CreateGCClusters:1]]
[2025.12.18-18.14.28:434][  0]LogConfig: Setting CVar [[gc.MinGCClusterSize:5]]
[2025.12.18-18.14.28:434][  0]LogConfig: Setting CVar [[gc.ActorClusteringEnabled:0]]
[2025.12.18-18.14.28:434][  0]LogConfig: Setting CVar [[gc.BlueprintClusteringEnabled:0]]
[2025.12.18-18.14.28:434][  0]LogConfig: Setting CVar [[gc.UseDisregardForGCOnDedicatedServers:0]]
[2025.12.18-18.14.28:434][  0]LogConfig: Setting CVar [[gc.MultithreadedDestructionEnabled:1]]
[2025.12.18-18.14.28:434][  0]LogConfig: Applying CVar settings from Section [/Script/Engine.NetworkSettings] File [D:/WORKPLACE/Mini_laboratory/MEPhI_VR_term_1/Mini_laboratory/Saved/Config/Windows/Engine.ini]
[2025.12.18-18.14.28:434][  0]LogConfig: Applying CVar settings from Section [/Script/UnrealEd.CookerSettings] File [D:/WORKPLACE/Mini_laboratory/MEPhI_VR_term_1/Mini_laboratory/Saved/Config/Windows/Engine.ini]
[2025.12.18-18.14.28:442][  0]LogConfig: Applying CVar settings from Section [ViewDistanceQuality@3] File [D:/WORKPLACE/Mini_laboratory/MEPhI_VR_term_1/Mini_laboratory/Saved/Config/Windows/Scalability.ini]
[2025.12.18-18.14.28:442][  0]LogConfig: Setting CVar [[r.SkeletalMeshLODBias:0]]
[2025.12.18-18.14.28:442][  0]LogConfig: Setting CVar [[r.ViewDistanceScale:1.0]]
[2025.12.18-18.14.28:442][  0]LogConfig: Applying CVar settings from Section [AntiAliasingQuality@3] File [D:/WORKPLACE/Mini_laboratory/MEPhI_VR_term_1/Mini_laboratory/Saved/Config/Windows/Scalability.ini]
[2025.12.18-18.14.28:442][  0]LogConfig: Setting CVar [[r.PostProcessAAQuality:4]]
[2025.12.18-18.14.28:442][  0]LogConfig: Applying CVar settings from Section [ShadowQuality@3] File [D:/WORKPLACE/Mini_laboratory/MEPhI_VR_term_1/Mini_laboratory/Saved/Config/Windows/Scalability.ini]
[2025.12.18-18.14.28:442][  0]LogConfig: Setting CVar [[r.LightFunctionQuality:1]]
[2025.12.18-18.14.28:442][  0]LogConfig: Setting CVar [[r.ShadowQuality:5]]
[2025.12.18-18.14.28:442][  0]LogConfig: Setting CVar [[r.Shadow.CSM.MaxCascades:10]]
[2025.12.18-18.14.28:442][  0]LogConfig: Setting CVar [[r.Shadow.MaxResolution:2048]]
[2025.12.18-18.14.28:442][  0]LogConfig: Setting CVar [[r.Shadow.MaxCSMResolution:2048]]
[2025.12.18-18.14.28:442][  0]LogConfig: Setting CVar [[r.Shadow.RadiusThreshold:0.01]]
[2025.12.18-18.14.28:442][  0]LogConfig: Setting CVar [[r.Shadow.DistanceScale:1.0]]
[2025.12.18-18.14.28:442][  0]LogConfig: Setting CVar [[r.Shadow.CSM.TransitionScale:1.0]]
[2025.12.18-18.14.28:442][  0]LogConfig: Setting CVar [[r.Shadow.PreShadowResolutionFactor:1.0]]
[2025.12.18-18.14.28:442][  0]LogConfig: Setting CVar [[r.DistanceFieldShadowing:1]]
[2025.12.18-18.14.28:442][  0]LogConfig: Setting CVar [[r.DistanceFieldAO:1]]
[2025.12.18-18.14.28:442][  0]LogConfig: Setting CVar [[r.AOQuality:2]]
[2025.12.18-18.14.28:442][  0]LogConfig: Setting CVar [[r.VolumetricFog:1]]
[2025.12.18-18.14.28:442][  0]LogConfig: Setting CVar [[r.VolumetricFog.GridPixelSize:8]]
[2025.12.18-18.14.28:442][  0]LogConfig: Setting CVar [[r.VolumetricFog.GridSizeZ:128]]
[2025.12.18-18.14.28:442][  0]LogConfig: Setting CVar [[r.VolumetricFog.HistoryMissSupersampleCount:4]]
[2025.12.18-18.14.28:442][  0]LogConfig: Setting CVar [[r.LightMaxDrawDistanceScale:1]]
[2025.12.18-18.14.28:442][  0]LogConfig: Setting CVar [[r.CapsuleShadows:1]]
[2025.12.18-18.14.28:442][  0]LogConfig: Applying CVar settings from Section [PostProcessQuality@3] File [D:/WORKPLACE/Mini_laboratory/MEPhI_VR_term_1/Mini_laboratory/Saved/Config/Windows/Scalability.ini]
[2025.12.18-18.14.28:442][  0]LogConfig: Setting CVar [[r.MotionBlurQuality:4]]
[2025.12.18-18.14.28:442][  0]LogConfig: Setting CVar [[r.AmbientOcclusionMipLevelFactor:0.4]]
[2025.12.18-18.14.28:442][  0]LogConfig: Setting CVar [[r.AmbientOcclusionMaxQuality:100]]
[2025.12.18-18.14.28:442][  0]LogConfig: Setting CVar [[r.AmbientOcclusionLevels:-1]]
[2025.12.18-18.14.28:442][  0]LogConfig: Setting CVar [[r.AmbientOcclusionRadiusScale:1.0]]
[2025.12.18-18.14.28:442][  0]LogConfig: Setting CVar [[r.DepthOfFieldQuality:2]]
[2025.12.18-18.14.28:442][  0]LogConfig: Setting CVar [[r.RenderTargetPoolMin:400]]
[2025.12.18-18.14.28:442][  0]LogConfig: Setting CVar [[r.LensFlareQuality:2]]
[2025.12.18-18.14.28:442][  0]LogConfig: Setting CVar [[r.SceneColorFringeQuality:1]]
[2025.12.18-18.14.28:442][  0]LogConfig: Setting CVar [[r.EyeAdaptationQuality:2]]
[2025.12.18-18.14.28:442][  0]LogConfig: Setting CVar [[r.BloomQuality:5]]
[2025.12.18-18.14.28:442][  0]LogConfig: Setting CVar [[r.FastBlurThreshold:100]]
[2025.12.18-18.14.28:442][  0]LogConfig: Setting CVar [[r.Upscale.Quality:3]]
[2025.12.18-18.14.28:442][  0]LogConfig: Setting CVar [[r.Tonemapper.GrainQuantization:1]]
[2025.12.18-18.14.28:442][  0]LogConfig: Setting CVar [[r.LightShaftQuality:1]]
[2025.12.18-18.14.28:442][  0]LogConfig: Setting CVar [[r.Filter.SizeScale:1]]
[2025.12.18-18.14.28:442][  0]LogConfig: Setting CVar [[r.Tonemapper.Quality:5]]
[2025.12.18-18.14.28:442][  0]LogConfig: Setting CVar [[r.DOF.Gather.AccumulatorQuality:1        ; higher gathering accumulator quality]]
[2025.12.18-18.14.28:442][  0]LogConfig: Setting CVar [[r.DOF.Gather.PostfilterMethod:1          ; Median3x3 postfilering method]]
[2025.12.18-18.14.28:442][  0]LogConfig: Setting CVar [[r.DOF.Gather.EnableBokehSettings:0       ; no bokeh simulation when gathering]]
[2025.12.18-18.14.28:442][  0]LogConfig: Setting CVar [[r.DOF.Gather.RingCount:4                 ; medium number of samples when gathering]]
[2025.12.18-18.14.28:442][  0]LogConfig: Setting CVar [[r.DOF.Scatter.ForegroundCompositing:1    ; additive foreground scattering]]
[2025.12.18-18.14.28:442][  0]LogConfig: Setting CVar [[r.DOF.Scatter.BackgroundCompositing:2    ; additive background scattering]]
[2025.12.18-18.14.28:442][  0]LogConfig: Setting CVar [[r.DOF.Scatter.EnableBokehSettings:1      ; bokeh simulation when scattering]]
[2025.12.18-18.14.28:442][  0]LogConfig: Setting CVar [[r.DOF.Scatter.MaxSpriteRatio:0.1         ; only a maximum of 10% of scattered bokeh]]
[2025.12.18-18.14.28:442][  0]LogConfig: Setting CVar [[r.DOF.Recombine.Quality:1                ; cheap slight out of focus]]
[2025.12.18-18.14.28:442][  0]LogConfig: Setting CVar [[r.DOF.Recombine.EnableBokehSettings:0    ; no bokeh simulation on slight out of focus]]
[2025.12.18-18.14.28:442][  0]LogConfig: Setting CVar [[r.DOF.TemporalAAQuality:1                ; more stable temporal accumulation]]
[2025.12.18-18.14.28:442][  0]LogConfig: Setting CVar [[r.DOF.Kernel.MaxForegroundRadius:0.025]]
[2025.12.18-18.14.28:442][  0]LogConfig: Setting CVar [[r.DOF.Kernel.MaxBackgroundRadius:0.025]]
[2025.12.18-18.14.28:442][  0]LogConfig: Applying CVar settings from Section [TextureQuality@3] File [D:/WORKPLACE/Mini_laboratory/MEPhI_VR_term_1/Mini_laboratory/Saved/Config/Windows/Scalability.ini]
[2025.12.18-18.14.28:442][  0]LogConfig: Setting CVar [[r.Streaming.MipBias:0]]
[2025.12.18-18.14.28:442][  0]LogConfig: Setting CVar [[r.Streaming.AmortizeCPUToGPUCopy:0]]
[2025.12.18-18.14.28:442][  0]LogConfig: Setting CVar [[r.Streaming.MaxNumTexturesToStreamPerFrame:0]]
[2025.12.18-18.14.28:442][  0]LogConfig: Setting CVar [[r.Streaming.Boost:1]]
[2025.12.18-18.14.28:442][  0]LogConfig: Setting CVar [[r.MaxAnisotropy:8]]
[2025.12.18-18.14.28:442][  0]LogConfig: Setting CVar [[r.VT.MaxAnisotropy:8]]
[2025.12.18-18.14.28:442][  0]LogConfig: Setting CVar [[r.Streaming.LimitPoolSizeToVRAM:0]]
[2025.12.18-18.14.28:442][  0]LogConfig: Setting CVar [[r.Streaming.PoolSize:1000]]
[2025.12.18-18.14.28:442][  0]LogConfig: Setting CVar [[r.Streaming.MaxEffectiveScreenSize:0]]
[2025.12.18-18.14.28:442][  0]LogConfig: Applying CVar settings from Section [EffectsQuality@3] File [D:/WORKPLACE/Mini_laboratory/MEPhI_VR_term_1/Mini_laboratory/Saved/Config/Windows/Scalability.ini]
[2025.12.18-18.14.28:442][  0]LogConfig: Setting CVar [[r.TranslucencyLightingVolumeDim:64]]
[2025.12.18-18.14.28:442][  0]LogConfig: Setting CVar [[r.RefractionQuality:2]]
[2025.12.18-18.14.28:442][  0]LogConfig: Setting CVar [[r.SSR.Quality:3]]
[2025.12.18-18.14.28:442][  0]LogConfig: Setting CVar [[r.SSR.HalfResSceneColor:0]]
[2025.12.18-18.14.28:442][  0]LogConfig: Setting CVar [[r.SceneColorFormat:4]]
[2025.12.18-18.14.28:442][  0]LogConfig: Setting CVar [[r.DetailMode:2]]
[2025.12.18-18.14.28:442][  0]LogConfig: Setting CVar [[r.TranslucencyVolumeBlur:1]]
[2025.12.18-18.14.28:442][  0]LogConfig: Setting CVar [[r.MaterialQualityLevel:1 ; High quality]]
[2025.12.18-18.14.28:442][  0]LogConfig: Setting CVar [[r.AnisotropicMaterials:1]]
[2025.12.18-18.14.28:442][  0]LogConfig: Setting CVar [[r.SSS.Scale:1]]
[2025.12.18-18.14.28:442][  0]LogConfig: Setting CVar [[r.SSS.SampleSet:2]]
[2025.12.18-18.14.28:442][  0]LogConfig: Setting CVar [[r.SSS.Quality:1]]
[2025.12.18-18.14.28:442][  0]LogConfig: Setting CVar [[r.SSS.HalfRes:0]]
[2025.12.18-18.14.28:442][  0]LogConfig: Setting CVar [[r.SSGI.Quality:3]]
[2025.12.18-18.14.28:442][  0]LogConfig: Setting CVar [[r.EmitterSpawnRateScale:1.0]]
[2025.12.18-18.14.28:442][  0]LogConfig: Setting CVar [[r.ParticleLightQuality:2]]
[2025.12.18-18.14.28:442][  0]LogConfig: Setting CVar [[r.SkyAtmosphere.AerialPerspectiveLUT.FastApplyOnOpaque:1 ; Always have FastSkyLUT 1 in this case to avoid wrong sky]]
[2025.12.18-18.14.28:442][  0]LogConfig: Setting CVar [[r.SkyAtmosphere.AerialPerspectiveLUT.SampleCountMaxPerSlice:4]]
[2025.12.18-18.14.28:442][  0]LogConfig: Setting CVar [[r.SkyAtmosphere.AerialPerspectiveLUT.DepthResolution:16.0]]
[2025.12.18-18.14.28:442][  0]LogConfig: Setting CVar [[r.SkyAtmosphere.FastSkyLUT:1]]
[2025.12.18-18.14.28:442][  0]LogConfig: Setting CVar [[r.SkyAtmosphere.FastSkyLUT.SampleCountMin:4.0]]
[2025.12.18-18.14.28:442][  0]LogConfig: Setting CVar [[r.SkyAtmosphere.FastSkyLUT.SampleCountMax:128.0]]
[2025.12.18-18.14.28:442][  0]LogConfig: Setting CVar [[r.SkyAtmosphere.SampleCountMin:4.0]]
[2025.12.18-18.14.28:442][  0]LogConfig: Setting CVar [[r.SkyAtmosphere.SampleCountMax:128.0]]
[2025.12.18-18.14.28:442][  0]LogConfig: Setting CVar [[r.SkyAtmosphere.TransmittanceLUT.UseSmallFormat:0]]
[2025.12.18-18.14.28:442][  0]LogConfig: Setting CVar [[r.SkyAtmosphere.TransmittanceLUT.SampleCount:10.0]]
[2025.12.18-18.14.28:442][  0]LogConfig: Setting CVar [[r.SkyAtmosphere.MultiScatteringLUT.SampleCount:15.0]]
[2025.12.18-18.14.28:442][  0]LogConfig: Setting CVar [[r.SkyLight.RealTimeReflectionCapture:1]]
[2025.12.18-18.14.28:442][  0]LogConfig: Applying CVar settings from Section [FoliageQuality@3] File [D:/WORKPLACE/Mini_laboratory/MEPhI_VR_term_1/Mini_laboratory/Saved/Config/Windows/Scalability.ini]
[2025.12.18-18.14.28:442][  0]LogConfig: Setting CVar [[foliage.DensityScale:1.0]]
[2025.12.18-18.14.28:442][  0]LogConfig: Setting CVar [[grass.DensityScale:1.0]]
[2025.12.18-18.14.28:442][  0]LogConfig: Applying CVar settings from Section [ShadingQuality@3] File [D:/WORKPLACE/Mini_laboratory/MEPhI_VR_term_1/Mini_laboratory/Saved/Config/Windows/Scalability.ini]
[2025.12.18-18.14.28:442][  0]LogConfig: Setting CVar [[r.HairStrands.SkyLighting.IntegrationType:2]]
[2025.12.18-18.14.28:442][  0]LogConfig: Setting CVar [[r.HairStrands.SkyAO.SampleCount:4]]
[2025.12.18-18.14.28:442][  0]LogConfig: Setting CVar [[r.HairStrands.Visibility.MSAA.SamplePerPixel:4]]
[2025.12.18-18.14.28:443][  0]LogInit: Selected Device Profile: [Windows]
[2025.12.18-18.14.28:444][  0]LogInit: Applying CVar settings loaded from the selected device profile: [Windows]
[2025.12.18-18.14.28:444][  0]LogHAL: Display: Platform has ~ 8 GB [8451309568 / 8589934592 / 8], which maps to Default [LargestMinGB=32, LargerMinGB=12, DefaultMinGB=8, SmallerMinGB=6, SmallestMinGB=0)
[2025.12.18-18.14.28:444][  0]LogInit: Going up to parent DeviceProfile []
[2025.12.18-18.14.28:445][  0]LogConfig: Applying CVar settings from Section [ViewDistanceQuality@3] File [D:/WORKPLACE/Mini_laboratory/MEPhI_VR_term_1/Mini_laboratory/Saved/Config/Windows/Scalability.ini]
[2025.12.18-18.14.28:445][  0]LogConfig: Setting CVar [[r.SkeletalMeshLODBias:0]]
[2025.12.18-18.14.28:445][  0]LogConfig: Setting CVar [[r.ViewDistanceScale:1.0]]
[2025.12.18-18.14.28:445][  0]LogConfig: Applying CVar settings from Section [AntiAliasingQuality@3] File [D:/WORKPLACE/Mini_laboratory/MEPhI_VR_term_1/Mini_laboratory/Saved/Config/Windows/Scalability.ini]
[2025.12.18-18.14.28:445][  0]LogConfig: Setting CVar [[r.PostProcessAAQuality:4]]
[2025.12.18-18.14.28:445][  0]LogConfig: Applying CVar settings from Section [ShadowQuality@3] File [D:/WORKPLACE/Mini_laboratory/MEPhI_VR_term_1/Mini_laboratory/Saved/Config/Windows/Scalability.ini]
[2025.12.18-18.14.28:445][  0]LogConfig: Setting CVar [[r.LightFunctionQuality:1]]
[2025.12.18-18.14.28:445][  0]LogConfig: Setting CVar [[r.ShadowQuality:5]]
[2025.12.18-18.14.28:445][  0]LogConfig: Setting CVar [[r.Shadow.CSM.MaxCascades:10]]
[2025.12.18-18.14.28:445][  0]LogConfig: Setting CVar [[r.Shadow.MaxResolution:2048]]
[2025.12.18-18.14.28:445][  0]LogConfig: Setting CVar [[r.Shadow.MaxCSMResolution:2048]]
[2025.12.18-18.14.28:445][  0]LogConfig: Setting CVar [[r.Shadow.RadiusThreshold:0.01]]
[2025.12.18-18.14.28:445][  0]LogConfig: Setting CVar [[r.Shadow.DistanceScale:1.0]]
[2025.12.18-18.14.28:445][  0]LogConfig: Setting CVar [[r.Shadow.CSM.TransitionScale:1.0]]
[2025.12.18-18.14.28:445][  0]LogConfig: Setting CVar [[r.Shadow.PreShadowResolutionFactor:1.0]]
[2025.12.18-18.14.28:445][  0]LogConfig: Setting CVar [[r.DistanceFieldShadowing:1]]
[2025.12.18-18.14.28:445][  0]LogConfig: Setting CVar [[r.DistanceFieldAO:1]]
[2025.12.18-18.14.28:445][  0]LogConfig: Setting CVar [[r.AOQuality:2]]
[2025.12.18-18.14.28:445][  0]LogConfig: Setting CVar [[r.VolumetricFog:1]]
[2025.12.18-18.14.28:445][  0]LogConfig: Setting CVar [[r.VolumetricFog.GridPixelSize:8]]
[2025.12.18-18.14.28:445][  0]LogConfig: Setting CVar [[r.VolumetricFog.GridSizeZ:128]]
[2025.12.18-18.14.28:445][  0]LogConfig: Setting CVar [[r.VolumetricFog.HistoryMissSupersampleCount:4]]
[2025.12.18-18.14.28:445][  0]LogConfig: Setting CVar [[r.LightMaxDrawDistanceScale:1]]
[2025.12.18-18.14.28:445][  0]LogConfig: Setting CVar [[r.CapsuleShadows:1]]
[2025.12.18-18.14.28:445][  0]LogConfig: Applying CVar settings from Section [PostProcessQuality@3] File [D:/WORKPLACE/Mini_laboratory/MEPhI_VR_term_1/Mini_laboratory/Saved/Config/Windows/Scalability.ini]
[2025.12.18-18.14.28:445][  0]LogConfig: Setting CVar [[r.MotionBlurQuality:4]]
[2025.12.18-18.14.28:445][  0]LogConfig: Setting CVar [[r.AmbientOcclusionMipLevelFactor:0.4]]
[2025.12.18-18.14.28:445][  0]LogConfig: Setting CVar [[r.AmbientOcclusionMaxQuality:100]]
[2025.12.18-18.14.28:445][  0]LogConfig: Setting CVar [[r.AmbientOcclusionLevels:-1]]
[2025.12.18-18.14.28:445][  0]LogConfig: Setting CVar [[r.AmbientOcclusionRadiusScale:1.0]]
[2025.12.18-18.14.28:445][  0]LogConfig: Setting CVar [[r.DepthOfFieldQuality:2]]
[2025.12.18-18.14.28:445][  0]LogConfig: Setting CVar [[r.RenderTargetPoolMin:400]]
[2025.12.18-18.14.28:445][  0]LogConfig: Setting CVar [[r.LensFlareQuality:2]]
[2025.12.18-18.14.28:445][  0]LogConfig: Setting CVar [[r.SceneColorFringeQuality:1]]
[2025.12.18-18.14.28:445][  0]LogConfig: Setting CVar [[r.EyeAdaptationQuality:2]]
[2025.12.18-18.14.28:445][  0]LogConfig: Setting CVar [[r.BloomQuality:5]]
[2025.12.18-18.14.28:445][  0]LogConfig: Setting CVar [[r.FastBlurThreshold:100]]
[2025.12.18-18.14.28:445][  0]LogConfig: Setting CVar [[r.Upscale.Quality:3]]
[2025.12.18-18.14.28:445][  0]LogConfig: Setting CVar [[r.Tonemapper.GrainQuantization:1]]
[2025.12.18-18.14.28:445][  0]LogConfig: Setting CVar [[r.LightShaftQuality:1]]
[2025.12.18-18.14.28:445][  0]LogConfig: Setting CVar [[r.Filter.SizeScale:1]]
[2025.12.18-18.14.28:445][  0]LogConfig: Setting CVar [[r.Tonemapper.Quality:5]]
[2025.12.18-18.14.28:445][  0]LogConfig: Setting CVar [[r.DOF.Gather.AccumulatorQuality:1        ; higher gathering accumulator quality]]
[2025.12.18-18.14.28:445][  0]LogConfig: Setting CVar [[r.DOF.Gather.PostfilterMethod:1          ; Median3x3 postfilering method]]
[2025.12.18-18.14.28:445][  0]LogConfig: Setting CVar [[r.DOF.Gather.EnableBokehSettings:0       ; no bokeh simulation when gathering]]
[2025.12.18-18.14.28:445][  0]LogConfig: Setting CVar [[r.DOF.Gather.RingCount:4                 ; medium number of samples when gathering]]
[2025.12.18-18.14.28:445][  0]LogConfig: Setting CVar [[r.DOF.Scatter.ForegroundCompositing:1    ; additive foreground scattering]]
[2025.12.18-18.14.28:445][  0]LogConfig: Setting CVar [[r.DOF.Scatter.BackgroundCompositing:2    ; additive background scattering]]
[2025.12.18-18.14.28:445][  0]LogConfig: Setting CVar [[r.DOF.Scatter.EnableBokehSettings:1      ; bokeh simulation when scattering]]
[2025.12.18-18.14.28:445][  0]LogConfig: Setting CVar [[r.DOF.Scatter.MaxSpriteRatio:0.1         ; only a maximum of 10% of scattered bokeh]]
[2025.12.18-18.14.28:445][  0]LogConfig: Setting CVar [[r.DOF.Recombine.Quality:1                ; cheap slight out of focus]]
[2025.12.18-18.14.28:445][  0]LogConfig: Setting CVar [[r.DOF.Recombine.EnableBokehSettings:0    ; no bokeh simulation on slight out of focus]]
[2025.12.18-18.14.28:445][  0]LogConfig: Setting CVar [[r.DOF.TemporalAAQuality:1                ; more stable temporal accumulation]]
[2025.12.18-18.14.28:445][  0]LogConfig: Setting CVar [[r.DOF.Kernel.MaxForegroundRadius:0.025]]
[2025.12.18-18.14.28:445][  0]LogConfig: Setting CVar [[r.DOF.Kernel.MaxBackgroundRadius:0.025]]
[2025.12.18-18.14.28:445][  0]LogConfig: Applying CVar settings from Section [TextureQuality@3] File [D:/WORKPLACE/Mini_laboratory/MEPhI_VR_term_1/Mini_laboratory/Saved/Config/Windows/Scalability.ini]
[2025.12.18-18.14.28:445][  0]LogConfig: Setting CVar [[r.Streaming.MipBias:0]]
[2025.12.18-18.14.28:445][  0]LogConfig: Setting CVar [[r.Streaming.AmortizeCPUToGPUCopy:0]]
[2025.12.18-18.14.28:445][  0]LogConfig: Setting CVar [[r.Streaming.MaxNumTexturesToStreamPerFrame:0]]
[2025.12.18-18.14.28:445][  0]LogConfig: Setting CVar [[r.Streaming.Boost:1]]
[2025.12.18-18.14.28:445][  0]LogConfig: Setting CVar [[r.MaxAnisotropy:8]]
[2025.12.18-18.14.28:445][  0]LogConfig: Setting CVar [[r.VT.MaxAnisotropy:8]]
[2025.12.18-18.14.28:445][  0]LogConfig: Setting CVar [[r.Streaming.LimitPoolSizeToVRAM:0]]
[2025.12.18-18.14.28:445][  0]LogConfig: Setting CVar [[r.Streaming.PoolSize:1000]]
[2025.12.18-18.14.28:445][  0]LogConfig: Setting CVar [[r.Streaming.MaxEffectiveScreenSize:0]]
[2025.12.18-18.14.28:445][  0]LogConfig: Applying CVar settings from Section [EffectsQuality@3] File [D:/WORKPLACE/Mini_laboratory/MEPhI_VR_term_1/Mini_laboratory/Saved/Config/Windows/Scalability.ini]
[2025.12.18-18.14.28:445][  0]LogConfig: Setting CVar [[r.TranslucencyLightingVolumeDim:64]]
[2025.12.18-18.14.28:445][  0]LogConfig: Setting CVar [[r.RefractionQuality:2]]
[2025.12.18-18.14.28:445][  0]LogConfig: Setting CVar [[r.SSR.Quality:3]]
[2025.12.18-18.14.28:445][  0]LogConfig: Setting CVar [[r.SSR.HalfResSceneColor:0]]
[2025.12.18-18.14.28:445][  0]LogConfig: Setting CVar [[r.SceneColorFormat:4]]
[2025.12.18-18.14.28:445][  0]LogConfig: Setting CVar [[r.DetailMode:2]]
[2025.12.18-18.14.28:445][  0]LogConfig: Setting CVar [[r.TranslucencyVolumeBlur:1]]
[2025.12.18-18.14.28:445][  0]LogConfig: Setting CVar [[r.MaterialQualityLevel:1 ; High quality]]
[2025.12.18-18.14.28:445][  0]LogConfig: Setting CVar [[r.AnisotropicMaterials:1]]
[2025.12.18-18.14.28:445][  0]LogConfig: Setting CVar [[r.SSS.Scale:1]]
[2025.12.18-18.14.28:445][  0]LogConfig: Setting CVar [[r.SSS.SampleSet:2]]
[2025.12.18-18.14.28:445][  0]LogConfig: Setting CVar [[r.SSS.Quality:1]]
[2025.12.18-18.14.28:445][  0]LogConfig: Setting CVar [[r.SSS.HalfRes:0]]
[2025.12.18-18.14.28:445][  0]LogConfig: Setting CVar [[r.SSGI.Quality:3]]
[2025.12.18-18.14.28:445][  0]LogConfig: Setting CVar [[r.EmitterSpawnRateScale:1.0]]
[2025.12.18-18.14.28:445][  0]LogConfig: Setting CVar [[r.ParticleLightQuality:2]]
[2025.12.18-18.14.28:445][  0]LogConfig: Setting CVar [[r.SkyAtmosphere.AerialPerspectiveLUT.FastApplyOnOpaque:1 ; Always have FastSkyLUT 1 in this case to avoid wrong sky]]
[2025.12.18-18.14.28:445][  0]LogConfig: Setting CVar [[r.SkyAtmosphere.AerialPerspectiveLUT.SampleCountMaxPerSlice:4]]
[2025.12.18-18.14.28:445][  0]LogConfig: Setting CVar [[r.SkyAtmosphere.AerialPerspectiveLUT.DepthResolution:16.0]]
[2025.12.18-18.14.28:445][  0]LogConfig: Setting CVar [[r.SkyAtmosphere.FastSkyLUT:1]]
[2025.12.18-18.14.28:445][  0]LogConfig: Setting CVar [[r.SkyAtmosphere.FastSkyLUT.SampleCountMin:4.0]]
[2025.12.18-18.14.28:445][  0]LogConfig: Setting CVar [[r.SkyAtmosphere.FastSkyLUT.SampleCountMax:128.0]]
[2025.12.18-18.14.28:445][  0]LogConfig: Setting CVar [[r.SkyAtmosphere.SampleCountMin:4.0]]
[2025.12.18-18.14.28:445][  0]LogConfig: Setting CVar [[r.SkyAtmosphere.SampleCountMax:128.0]]
[2025.12.18-18.14.28:445][  0]LogConfig: Setting CVar [[r.SkyAtmosphere.TransmittanceLUT.UseSmallFormat:0]]
[2025.12.18-18.14.28:445][  0]LogConfig: Setting CVar [[r.SkyAtmosphere.TransmittanceLUT.SampleCount:10.0]]
[2025.12.18-18.14.28:445][  0]LogConfig: Setting CVar [[r.SkyAtmosphere.MultiScatteringLUT.SampleCount:15.0]]
[2025.12.18-18.14.28:445][  0]LogConfig: Setting CVar [[r.SkyLight.RealTimeReflectionCapture:1]]
[2025.12.18-18.14.28:445][  0]LogConfig: Applying CVar settings from Section [FoliageQuality@3] File [D:/WORKPLACE/Mini_laboratory/MEPhI_VR_term_1/Mini_laboratory/Saved/Config/Windows/Scalability.ini]
[2025.12.18-18.14.28:445][  0]LogConfig: Setting CVar [[foliage.DensityScale:1.0]]
[2025.12.18-18.14.28:445][  0]LogConfig: Setting CVar [[grass.DensityScale:1.0]]
[2025.12.18-18.14.28:445][  0]LogConfig: Applying CVar settings from Section [ShadingQuality@3] File [D:/WORKPLACE/Mini_laboratory/MEPhI_VR_term_1/Mini_laboratory/Saved/Config/Windows/Scalability.ini]
[2025.12.18-18.14.28:445][  0]LogConfig: Setting CVar [[r.HairStrands.SkyLighting.IntegrationType:2]]
[2025.12.18-18.14.28:445][  0]LogConfig: Setting CVar [[r.HairStrands.SkyAO.SampleCount:4]]
[2025.12.18-18.14.28:445][  0]LogConfig: Setting CVar [[r.HairStrands.Visibility.MSAA.SamplePerPixel:4]]
[2025.12.18-18.14.28:445][  0]LogConfig: Applying CVar settings from Section [Startup] File [../../../Engine/Config/ConsoleVariables.ini]
[2025.12.18-18.14.28:453][  0]LogConfig: Setting CVar [[net.UseAdaptiveNetUpdateFrequency:0]]
[2025.12.18-18.14.28:453][  0]LogConfig: Setting CVar [[p.chaos.AllowCreatePhysxBodies:1]]
[2025.12.18-18.14.28:453][  0]LogConfig: Setting CVar [[fx.SkipVectorVMBackendOptimizations:1]]
[2025.12.18-18.14.28:453][  0]LogConfig: Applying CVar settings from Section [ConsoleVariables] File [D:/WORKPLACE/Mini_laboratory/MEPhI_VR_term_1/Mini_laboratory/Saved/Config/Windows/Engine.ini]
[2025.12.18-18.14.28:453][  0]LogConfig: Applying CVar settings from Section [ConsoleVariables] File [D:/WORKPLACE/Mini_laboratory/MEPhI_VR_term_1/Mini_laboratory/Saved/Config/Windows/Editor.ini]
[2025.12.18-18.14.28:454][  0]LogInit: Computer: LAPTOP-RE3L13LG
[2025.12.18-18.14.28:454][  0]LogInit: User: Vladislav
[2025.12.18-18.14.28:454][  0]LogInit: CPU Page size=4096, Cores=4
[2025.12.18-18.14.28:454][  0]LogInit: High frequency timer resolution =10.000000 MHz
[2025.12.18-18.14.28:454][  0]LogMemory: Memory total: Physical=7.9GB (8GB approx)
[2025.12.18-18.14.28:454][  0]LogMemory: Platform Memory Stats for Windows
[2025.12.18-18.14.28:454][  0]LogMemory: Process Physical Memory: 142.92 MB used, 142.93 MB peak
[2025.12.18-18.14.28:454][  0]LogMemory: Process Virtual Memory: 126.19 MB used, 126.19 MB peak
[2025.12.18-18.14.28:454][  0]LogMemory: Physical Memory: 6021.10 MB used,  2038.70 MB free, 8059.80 MB total
[2025.12.18-18.14.28:454][  0]LogMemory: Virtual Memory: 134209096.00 MB used,  8635.50 MB free, 134217728.00 MB total
[2025.12.18-18.14.28:459][  0]LogWindows: WindowsPlatformFeatures enabled
[2025.12.18-18.14.28:834][  0]LogInit: Physics initialised using underlying interface: PhysX
[2025.12.18-18.14.28:837][  0]LogInit: Using OS detected language (ru-RU).
[2025.12.18-18.14.28:837][  0]LogInit: Using OS detected locale (ru-RU).
[2025.12.18-18.14.28:850][  0]LogTextLocalizationManager: No specific localization for 'ru-RU' exists, so the 'ru' localization will be used.
[2025.12.18-18.14.28:851][  0]LogTextLocalizationResource: LocRes '../../../Engine/Content/Localization/Editor/ru/Editor.locres' could not be opened for reading!
[2025.12.18-18.14.28:851][  0]LogTextLocalizationResource: LocRes '../../../Engine/Content/Localization/EditorTutorials/ru/EditorTutorials.locres' could not be opened for reading!
[2025.12.18-18.14.28:851][  0]LogTextLocalizationResource: LocRes '../../../Engine/Content/Localization/Keywords/ru/Keywords.locres' could not be opened for reading!
[2025.12.18-18.14.28:851][  0]LogTextLocalizationResource: LocRes '../../../Engine/Content/Localization/Category/ru/Category.locres' could not be opened for reading!
[2025.12.18-18.14.28:852][  0]LogTextLocalizationResource: LocRes '../../../Engine/Content/Localization/ToolTips/ru/ToolTips.locres' could not be opened for reading!
[2025.12.18-18.14.28:852][  0]LogTextLocalizationResource: LocRes '../../../Engine/Content/Localization/PropertyNames/ru/PropertyNames.locres' could not be opened for reading!
[2025.12.18-18.14.28:852][  0]LogTextLocalizationResource: LocRes '../../../Engine/Content/Localization/Engine/ru/Engine.locres' could not be opened for reading!
[2025.12.18-18.14.28:884][  0]LogInit: Setting process to per monitor DPI aware
[2025.12.18-18.14.28:920][  0]LogWindowsTextInputMethodSystem: Display: IME system deactivated.
[2025.12.18-18.14.29:006][  0]LogSlate: New Slate User Created.  User Index 0, Is Virtual User: 0
[2025.12.18-18.14.29:006][  0]LogSlate: Slate User Registered.  User Index 0, Is Virtual User: 0
[2025.12.18-18.14.31:243][  0]LogD3D11RHI: Loaded GFSDK_Aftermath_Lib.x64.dll
[2025.12.18-18.14.31:264][  0]LogHMD: Failed to initialize OpenVR with code 110
[2025.12.18-18.14.31:264][  0]LogD3D11RHI: D3D11 min allowed feature level: 11_0
[2025.12.18-18.14.31:264][  0]LogD3D11RHI: D3D11 max allowed feature level: 11_0
[2025.12.18-18.14.31:264][  0]LogD3D11RHI: D3D11 adapters:
[2025.12.18-18.14.31:460][  0]LogD3D11RHI:    0. 'NVIDIA GeForce GTX 1650 Ti' (Feature Level 11_0)
[2025.12.18-18.14.31:460][  0]LogD3D11RHI:       3935/0/4029 MB DedicatedVideo/DedicatedSystem/SharedSystem, Outputs:1, VendorId:0x10de
[2025.12.18-18.14.31:516][  0]LogD3D11RHI:    1. 'Intel(R) UHD Graphics' (Feature Level 11_0)
[2025.12.18-18.14.31:516][  0]LogD3D11RHI:       128/0/4029 MB DedicatedVideo/DedicatedSystem/SharedSystem, Outputs:0, VendorId:0x8086
[2025.12.18-18.14.31:520][  0]LogD3D11RHI:    2. 'Microsoft Basic Render Driver' (Feature Level 11_0)
[2025.12.18-18.14.31:520][  0]LogD3D11RHI:       0/0/4029 MB DedicatedVideo/DedicatedSystem/SharedSystem, Outputs:0, VendorId:0x1414
[2025.12.18-18.14.31:520][  0]LogD3D11RHI: Chosen D3D11 Adapter:
[2025.12.18-18.14.31:520][  0]LogD3D11RHI:     Description : NVIDIA GeForce GTX 1650 Ti
[2025.12.18-18.14.31:520][  0]LogD3D11RHI:     VendorId    : 10de
[2025.12.18-18.14.31:520][  0]LogD3D11RHI:     DeviceId    : 1f95
[2025.12.18-18.14.31:520][  0]LogD3D11RHI:     SubSysId    : 3fa317aa
[2025.12.18-18.14.31:520][  0]LogD3D11RHI:     Revision    : 00a1
[2025.12.18-18.14.31:520][  0]LogD3D11RHI:     DedicatedVideoMemory : 4126146560 bytes
[2025.12.18-18.14.31:520][  0]LogD3D11RHI:     DedicatedSystemMemory : 0 bytes
[2025.12.18-18.14.31:520][  0]LogD3D11RHI:     SharedSystemMemory : 4225654784 bytes
[2025.12.18-18.14.31:520][  0]LogD3D11RHI:     AdapterLuid : 0 75673
[2025.12.18-18.14.31:524][  0]LogD3D11RHI: Creating new Direct3DDevice
[2025.12.18-18.14.31:524][  0]LogD3D11RHI:     GPU DeviceId: 0x1f95 (for the marketing name, search the web for "GPU Device Id")
[2025.12.18-18.14.31:524][  0]LogWindows: EnumDisplayDevices:
[2025.12.18-18.14.31:524][  0]LogWindows:    0. 'Intel(R) UHD Graphics' (P:1 D:1)
[2025.12.18-18.14.31:525][  0]LogWindows:    1. 'Intel(R) UHD Graphics' (P:0 D:0)
[2025.12.18-18.14.31:525][  0]LogWindows:    2. 'Intel(R) UHD Graphics' (P:0 D:0)
[2025.12.18-18.14.31:525][  0]LogWindows:    3. 'NVIDIA GeForce GTX 1650 Ti' (P:0 D:0)
[2025.12.18-18.14.31:525][  0]LogWindows: DebugString: PrimaryIsNotTheChoosenAdapter PrimaryIsNotTheChoosenAdapter PrimaryIsNotTheChoosenAdapter 
[2025.12.18-18.14.31:525][  0]LogD3D11RHI:     Adapter Name: NVIDIA GeForce GTX 1650 Ti
[2025.12.18-18.14.31:525][  0]LogD3D11RHI:   Driver Version: 560.76 (internal:32.0.15.6076, unified:560.76)
[2025.12.18-18.14.31:525][  0]LogD3D11RHI:      Driver Date: 7-23-2024
[2025.12.18-18.14.31:526][  0]LogRHI: Texture pool is 2754 MB (70% of 3935 MB)
[2025.12.18-18.14.31:526][  0]LogD3D11RHI: Creating D3DDevice using adapter:
[2025.12.18-18.14.31:526][  0]LogD3D11RHI:     Description : NVIDIA GeForce GTX 1650 Ti
[2025.12.18-18.14.31:526][  0]LogD3D11RHI:     VendorId    : 10de
[2025.12.18-18.14.31:526][  0]LogD3D11RHI:     DeviceId    : 1f95
[2025.12.18-18.14.31:526][  0]LogD3D11RHI:     SubSysId    : 3fa317aa
[2025.12.18-18.14.31:526][  0]LogD3D11RHI:     Revision    : 00a1
[2025.12.18-18.14.31:526][  0]LogD3D11RHI:     DedicatedVideoMemory : 4126146560 bytes
[2025.12.18-18.14.31:526][  0]LogD3D11RHI:     DedicatedSystemMemory : 0 bytes
[2025.12.18-18.14.31:526][  0]LogD3D11RHI:     SharedSystemMemory : 4225654784 bytes
[2025.12.18-18.14.31:526][  0]LogD3D11RHI:     AdapterLuid : 0 75673
[2025.12.18-18.14.31:631][  0]LogD3D11RHI: RHI has support for 64 bit atomics
[2025.12.18-18.14.31:632][  0]LogD3D11RHI: Async texture creation enabled
[2025.12.18-18.14.31:632][  0]LogD3D11RHI: Array index from any shader is supported
[2025.12.18-18.14.31:668][  0]LogD3D11RHI: GPU Timing Frequency: 1000.000000 (Debug: 2 1)
[2025.12.18-18.14.31:772][  0]LogRHI: GeForceNow SDK initialized: 1
[2025.12.18-18.14.34:754][  0]LogTargetPlatformManager: Display: Loaded TargetPlatform 'AllDesktop'
[2025.12.18-18.14.34:799][  0]LogTargetPlatformManager: Display: Loaded TargetPlatform 'Android'
[2025.12.18-18.14.34:799][  0]LogTargetPlatformManager: Display: Loaded TargetPlatform 'Android_ASTC'
[2025.12.18-18.14.34:799][  0]LogTargetPlatformManager: Display: Loaded TargetPlatform 'Android_DXT'
[2025.12.18-18.14.34:799][  0]LogTargetPlatformManager: Display: Loaded TargetPlatform 'Android_ETC2'
[2025.12.18-18.14.34:799][  0]LogTargetPlatformManager: Display: Loaded TargetPlatform 'AndroidClient'
[2025.12.18-18.14.34:799][  0]LogTargetPlatformManager: Display: Loaded TargetPlatform 'Android_ASTCClient'
[2025.12.18-18.14.34:799][  0]LogTargetPlatformManager: Display: Loaded TargetPlatform 'Android_DXTClient'
[2025.12.18-18.14.34:799][  0]LogTargetPlatformManager: Display: Loaded TargetPlatform 'Android_ETC2Client'
[2025.12.18-18.14.34:799][  0]LogTargetPlatformManager: Display: Loaded TargetPlatform 'Android_Multi'
[2025.12.18-18.14.34:799][  0]LogTargetPlatformManager: Display: Loaded TargetPlatform 'Android_MultiClient'
[2025.12.18-18.14.34:891][  0]LogTargetPlatformManager: Display: Loaded TargetPlatform 'IOSClient'
[2025.12.18-18.14.34:891][  0]LogTargetPlatformManager: Display: Loaded TargetPlatform 'IOS'
[2025.12.18-18.14.34:939][  0]LogTargetPlatformManager: Display: Loaded TargetPlatform 'Linux'
[2025.12.18-18.14.34:966][  0]LogTargetPlatformManager: Display: Loaded TargetPlatform 'LinuxNoEditor'
[2025.12.18-18.14.34:995][  0]LogTargetPlatformManager: Display: Loaded TargetPlatform 'LinuxClient'
[2025.12.18-18.14.35:022][  0]LogTargetPlatformManager: Display: Loaded TargetPlatform 'LinuxServer'
[2025.12.18-18.14.35:059][  0]LogTargetPlatformManager: Display: Loaded TargetPlatform 'LinuxAArch64NoEditor'
[2025.12.18-18.14.35:086][  0]LogTargetPlatformManager: Display: Loaded TargetPlatform 'LinuxAArch64Client'
[2025.12.18-18.14.35:113][  0]LogTargetPlatformManager: Display: Loaded TargetPlatform 'LinuxAArch64Server'
[2025.12.18-18.14.35:162][  0]LogTargetPlatformManager: Display: Loaded TargetPlatform 'Lumin'
[2025.12.18-18.14.35:162][  0]LogTargetPlatformManager: Display: Loaded TargetPlatform 'LuminClient'
[2025.12.18-18.14.35:203][  0]LogTargetPlatformManager: Display: Loaded TargetPlatform 'MacNoEditor'
[2025.12.18-18.14.35:232][  0]LogTargetPlatformManager: Display: Loaded TargetPlatform 'Mac'
[2025.12.18-18.14.35:259][  0]LogTargetPlatformManager: Display: Loaded TargetPlatform 'MacClient'
[2025.12.18-18.14.35:285][  0]LogTargetPlatformManager: Display: Loaded TargetPlatform 'MacServer'
[2025.12.18-18.14.35:316][  0]LogTargetPlatformManager: Display: Loaded TargetPlatform 'TVOSClient'
[2025.12.18-18.14.35:316][  0]LogTargetPlatformManager: Display: Loaded TargetPlatform 'TVOS'
[2025.12.18-18.14.35:348][  0]LogTargetPlatformManager: Display: Loaded TargetPlatform 'WindowsNoEditor'
[2025.12.18-18.14.35:379][  0]LogTargetPlatformManager: Display: Loaded TargetPlatform 'Windows'
[2025.12.18-18.14.35:408][  0]LogTargetPlatformManager: Display: Loaded TargetPlatform 'WindowsClient'
[2025.12.18-18.14.35:441][  0]LogTargetPlatformManager: Display: Loaded TargetPlatform 'WindowsServer'
[2025.12.18-18.14.35:441][  0]LogTargetPlatformManager: Display: Building Assets For Windows
[2025.12.18-18.14.35:559][  0]LogAudioDebug: Display: Lib vorbis DLL was dynamically loaded.
[2025.12.18-18.14.35:974][  0]LogTextureFormatOodle: Display: Oodle Texture 2.9.0 init RDO Off
[2025.12.18-18.14.36:430][  0]LogRendererCore: Ray tracing is disabled. Reason: r.RayTracing=0.
[2025.12.18-18.14.36:431][  0]LogShaderCompilers: Guid format shader working directory is -25 characters bigger than the processId version (../../../../../../WORKPLACE/Mini_laboratory/MEPhI_VR_term_1/Mini_laboratory/Intermediate/Shaders/WorkingDirectory/6388/).
[2025.12.18-18.14.36:431][  0]LogShaderCompilers: Cleaned the shader compiler working directory 'C:/Users/Владислав/AppData/Local/Temp/UnrealShaderWorkingDir/87D2485C42325236267411AC73655A43/'.
[2025.12.18-18.14.36:432][  0]LogXGEController: Cannot use XGE Controller as Incredibuild is not installed on this machine.
[2025.12.18-18.14.36:432][  0]LogShaderCompilers: Cannot use XGE Shader Compiler as Incredibuild is not installed on this machine.
[2025.12.18-18.14.36:433][  0]LogShaderCompilers: Display: Using Local Shader Compiler.
[2025.12.18-18.14.41:230][  0]LogDerivedDataCache: Display: Max Cache Size: 512 MB
[2025.12.18-18.14.41:356][  0]LogDerivedDataCache: Loaded boot cache 0.13s 94MB C:/Users/Владислав/AppData/Local/UnrealEngine/4.27/DerivedDataCache/Boot.ddc.
[2025.12.18-18.14.41:356][  0]LogDerivedDataCache: Display: Loaded Boot cache: C:/Users/Владислав/AppData/Local/UnrealEngine/4.27/DerivedDataCache/Boot.ddc
[2025.12.18-18.14.41:357][  0]LogDerivedDataCache: FDerivedDataBackendGraph:  Pak pak cache file ../../../../../../WORKPLACE/Mini_laboratory/MEPhI_VR_term_1/Mini_laboratory/DerivedDataCache/DDC.ddp not found, will not use a pak cache.
[2025.12.18-18.14.41:357][  0]LogDerivedDataCache: Unable to find inner node Pak for hierarchical cache Hierarchy.
[2025.12.18-18.14.41:357][  0]LogDerivedDataCache: FDerivedDataBackendGraph:  CompressedPak pak cache file ../../../../../../WORKPLACE/Mini_laboratory/MEPhI_VR_term_1/Mini_laboratory/DerivedDataCache/Compressed.ddp not found, will not use a pak cache.
[2025.12.18-18.14.41:357][  0]LogDerivedDataCache: Unable to find inner node CompressedPak for hierarchical cache Hierarchy.
[2025.12.18-18.14.41:389][  0]LogDerivedDataCache: Display: Pak cache opened for reading ../../../Engine/DerivedDataCache/Compressed.ddp.
[2025.12.18-18.14.41:389][  0]LogDerivedDataCache: FDerivedDataBackendGraph:  EnterprisePak pak cache file ../../../Enterprise/DerivedDataCache/Compressed.ddp not found, will not use a pak cache.
[2025.12.18-18.14.41:389][  0]LogDerivedDataCache: Unable to find inner node EnterprisePak for hierarchical cache Hierarchy.
[2025.12.18-18.14.41:469][  0]LogDerivedDataCache: Speed tests for C:/Users/Владислав/AppData/Local/UnrealEngine/Common/DerivedDataCache took 0.08 seconds
[2025.12.18-18.14.41:469][  0]LogDerivedDataCache: Display: Performance to C:/Users/Владислав/AppData/Local/UnrealEngine/Common/DerivedDataCache: Latency=0.40ms. RandomReadSpeed=13.37MBs, RandomWriteSpeed=159.87MBs. Assigned SpeedClass 'Local'
[2025.12.18-18.14.41:470][  0]LogDerivedDataCache: Using Local data cache path C:/Users/Владислав/AppData/Local/UnrealEngine/Common/DerivedDataCache: Writable
[2025.12.18-18.14.41:470][  0]LogDerivedDataCache: Shared data cache path not found in *engine.ini, will not use an Shared cache.
[2025.12.18-18.14.41:470][  0]LogDerivedDataCache: Unable to find inner node Shared for hierarchical cache Hierarchy.
[2025.12.18-18.14.41:520][  0]LogSlate: Using FreeType 2.10.0
[2025.12.18-18.14.41:537][  0]LogSlate: SlateFontServices - WITH_FREETYPE: 1, WITH_HARFBUZZ: 1
[2025.12.18-18.14.41:870][  0]LogAssetRegistry: FAssetRegistry took 0.0044 seconds to start up
[2025.12.18-18.14.42:245][  0]LogInit: Selected Device Profile: [Windows]
[2025.12.18-18.14.42:245][  0]LogInit: Active device profile: [000001EF8243D100][000001EF8230D800 49] Windows
[2025.12.18-18.14.42:245][  0]LogInit: Profiles: [000001EF8243D100][000001EF8230D800 49] Windows, [000001EF833F6C00][000001EF82315980 49] WindowsNoEditor, [000001EF8243E200][000001EF82319B00 49] WindowsServer, [000001EF833F5E00][000001EF8231C100 49] WindowsClient, [000001EF8243D700][000001EF82320280 49] IOS, [000001EF833F6E00][000001EF82324400 49] iPadAir, [000001EF8243FC00][000001EF82328580 49] iPadAir2, [000001EF833B9400][000001EF82330840 49] IPadPro, [000001EF833B9500][000001EF8232C880 49] iPadAir3, [000001EF833F7F00][000001EF823109C0 49] iPadAir4, [000001EF833BA300][000001EF82334B00 49] iPadMini2, [000001EF833F7600][000001EF82338C40 49] iPadMini3, [000001EF833BAF00][000001EF8233CD80 49] iPadMini4, [000001EF833F6300][000001EF82344F00 49] iPadMini5, [000001EF833BD000][000001EF8234D1C0 49] iPhone6, [000001EF833BD100][000001EF82349200 49] iPodTouch6, [000001EF8243F900][000001EF823554C0 49] iPhone7, [000001EF8243E900][000001EF82351500 49] iPodTouch7, [000001EF833B9000][000001EF82359680 49] iPhone5S, [000001EF8243EF00][000001EF8235D800 49] iPhone6Plus, [000001EF833BB600][000001EF82361980 49] iPhone6S, [000001EF8243CC00][000001EF82365B00 49] iPhone6SPlus, [000001EF8243DD00][000001EF82368100 49] iPhone7Plus, [000001EF833BC800][000001EF8236C280 49] iPhoneSE, [000001EF8243C400][000001EF82370400 49] iPhone8, [000001EF833BC900][000001EF82374580 49] iPhone8Plus, [000001EF833BEE00][000001EF82378700 49] iPhoneX, [000001EF833B9D00][000001EF8237C880 49] iPhoneXS, [000001EF833BE700][000001EF82380A00 49] iPhoneXSMax, [000001EF833B9C00][000001EF82340B40 49] iPhoneXR, [000001EF833BE800][000001EF82384C80 49] iPhone11, [000001EF833B8F00][000001EF82388DC0 49] iPhone11Pro, [000001EF833BCB00][000001EF8238CF00 49] iPhone11ProMax, [000001EF833B8D00][000001EF82395080 49] iPhoneSE2, [000001EF833BCE00][000001EF82399200 49] iPhone12Mini, [000001EF8243F800][000001EF8239D380 49] iPhone12, [000001EF833BF000][000001EF823A1500 49] iPhone12Pro, [000001EF8243F700][000001EF823A5680 49] iPhone12ProMax, [000001EF833BDE00][000001EF823A9800 49] iPadPro105, [000001EF8243D300][000001EF823AD980 49] iPadPro129, [000001EF833BFE00][000001EF823B1B00 49] iPadPro97, [000001EF8243DC00][000001EF823B4100 49] iPadPro2_129, [000001EF833BE000][000001EF823B8280 49] iPad5, [000001EF8243E300][000001EF823BC400 49] iPad6, [000001EF833BFB00][000001EF823C0580 49] iPad7, [000001EF8243DE00][000001EF823C4700 49] iPad8, [000001EF833BCA00][000001EF823C8880 49] iPadPro11, [000001EF8243E600][000001EF823CCA00 49] iPadPro2_11, [000001EF833BCF00][000001EF823D0B80 49] iPadPro3_129, [000001EF8243E800][000001EF823D4D00 49] iPadPro4_129, [000001EF833BFC00][000001EF82390E40 49] AppleTV, [000001EF8243DA00][000001EF823D8F80 49] AppleTV4K, [000001EF833BE600][000001EF823DD0C0 49] TVOS, [000001EF8243E100][000001EF823E5240 49] Mac, [000001EF833BEF00][000001EF823E93C0 49] MacClient, [000001EF8243EA00][000001EF823ED540 49] MacNoEditor, [000001EF833BEC00][000001EF823F16C0 49] MacServer, [000001EF8243F000][000001EF823F9840 49] Linux, [000001EF833BC400][000001EF823FD9C0 49] LinuxAArch64, [000001EF8243C700][000001EFFF005B40 49] LinuxNoEditor, [000001EF833BF700][000001EFFF010140 49] LinuxAArch64NoEditor, [000001EF8243FB00][000001EFFF0142C0 49] LinuxClient, [000001EF833BF400][000001EFFF018440 49] LinuxAArch64Client, [000001EF8243FE00][000001EFFF01C5C0 49] LinuxServer, [000001EF833BC700][000001EFFF020740 49] LinuxAArch64Server, [000001EF8243DF00][000001EFFF0248C0 49] Android, [000001EF833BEA00][000001EFFF028A40 49] Android_Low, [000001EF8243ED00][000001EFFF02CBC0 49] Android_Mid, [000001EF833BDF00][000001EFFF030D40 49] Android_High, [000001EF8243EB00][000001EFFF034EC0 49] Android_Default, [000001EF833BC100][000001EF823E1000 49] Android_Adreno4xx, [000001EF8243C500][000001EFFF039140 49] Android_Adreno5xx_Low, [000001EF833BD400][000001EFFF03D280 49] Android_Adreno5xx, [000001EF8243F400][000001EFFF0413C0 49] Android_Adreno6xx, [000001EF833BE300][000001EFFF049540 49] Android_Adreno6xx_Vulkan, [000001EF8243FD00][000001EFFF04D6C0 49] Android_Mali_T6xx, [000001EF833BC200][000001EFFF105840 49] Android_Mali_T7xx, [000001EF8243F600][000001EFFF15B9C0 49] Android_Mali_T8xx, [000001EF833BF200][000001EFFF18FB40 49] Android_Mali_G71, [000001EF833BB100][000001EFFF192140 49] Android_Mali_G72, [000001EF833F7400][000001EFFF1962C0 49] Android_Mali_G72_Vulkan, [000001EF833BAB00][000001EFFF19A440 49] Android_Mali_G76, [000001EF833F4500][000001EFFEEEA5C0 49] Android_Mali_G76_Vulkan, [000001EF833B8C00][000001EFFEEEE740 49] Android_Mali_G77, [000001EF833F4600][000001EFFEEF28C0 49] Android_Mali_G77_Vulkan, [000001EF833BA400][000001EFFEEF6A40 49] Android_Mali_G78, [000001EF833F4D00][000001EFFEEFABC0 49] Android_Mali_G78_Vulkan, [000001EF833BBD00][000001EFFEEFED40 49] Android_Mali_G710, [000001EF833F7000][000001EFFEF02EC0 49] Android_Mali_G710_Vulkan, [000001EF833BAA00][000001EFFEF07040 49] Android_Vulkan_SM5, [000001EF833F5F00][000001EFFF045180 49] Android_PowerVR_G6xxx, [000001EF833B8500][000001EFFEF992C0 49] Android_PowerVR_GT7xxx, [000001EF833F4200][000001EF83503400 49] Android_PowerVR_GE8xxx, [000001EF833BBB00][000001EF835A5540 49] Android_PowerVR_GM9xxx, [000001EF833F6600][000001EF835AD6C0 49] Android_PowerVR_GM9xxx_Vulkan, [000001EF833B9F00][000001EF83661840 49] Android_TegraK1, [000001EF833F4A00][000001EF836699C0 49] Android_Unknown_Vulkan, [000001EF833BB900][000001EFFFA53B40 49] Lumin, [000001EF833F5100][000001EFFFA62140 49] Lumin_Desktop, [000001EF833BA000][000001EF838002C0 49] HoloLens, 
[2025.12.18-18.14.43:014][  0]LogMeshReduction: Using QuadricMeshReduction for automatic static mesh reduction
[2025.12.18-18.14.43:014][  0]LogMeshReduction: Using SimplygonMeshReduction for automatic skeletal mesh reduction
[2025.12.18-18.14.43:014][  0]LogMeshReduction: Using ProxyLODMeshReduction for automatic mesh merging
[2025.12.18-18.14.43:014][  0]LogMeshReduction: No distributed automatic mesh merging module available
[2025.12.18-18.14.43:014][  0]LogMeshMerging: No distributed automatic mesh merging module available
[2025.12.18-18.14.43:114][  0]LogNetVersion: Mini_laboratory 1.0.0, NetCL: 17155196, EngineNetVer: 17, GameNetVer: 0 (Checksum: 65826005)
[2025.12.18-18.14.46:773][  0]LogTexture: Default maximum texture size for cubemaps generated from long-lat sources has been changed from 512 to unlimited. In order to preserve old behaiour for '/Engine/MapTemplates/Sky/DaylightAmbientCubemap.DaylightAmbientCubemap', its maximum texture size has been explicitly set to 512.
[2025.12.18-18.14.46:937][  0]LogHMD: PokeAHoleMaterial loaded successfully
[2025.12.18-18.14.46:946][  0]LogUObjectArray: 17178 objects as part of root set at end of initial load.
[2025.12.18-18.14.46:946][  0]LogUObjectAllocator: 4302048 out of 0 bytes used by permanent object pool.
[2025.12.18-18.14.46:946][  0]LogUObjectArray: CloseDisregardForGC: 0/0 objects in disregard for GC pool
[2025.12.18-18.14.48:469][  0]LogNiagaraDebuggerClient: Niagara Debugger Client Initialized | Session: 1F05E3434C380EBA5D32D9ADEE463BFC | Instance: 5D68B6B242ED28AAFBD8E6A80BB92453 (LAPTOP-RE3L13LG-6388).
[2025.12.18-18.14.50:091][  0]LogTcpMessaging: Initializing TcpMessaging bridge
[2025.12.18-18.14.50:125][  0]LogUdpMessaging: Initializing bridge on interface 0.0.0.0:0 to multicast group 230.0.0.1:6666.
[2025.12.18-18.14.50:259][  0]LogPython: Using Python 3.7.7
[2025.12.18-18.14.52:238][  0]SourceControl: Source control is disabled
[2025.12.18-18.14.52:238][  0]SourceControl: Source control is disabled
[2025.12.18-18.14.52:355][  0]SourceControl: Source control is disabled
[2025.12.18-18.14.52:388][  0]SourceControl: Source control is disabled
[2025.12.18-18.14.52:487][  0]SourceControl: Source control is disabled
[2025.12.18-18.14.52:539][  0]LogUProjectInfo: Found projects:
[2025.12.18-18.14.54:298][  0]LogOpenImageDenoise: OIDN starting up
[2025.12.18-18.14.54:496][  0]LogAndroidPermission: UAndroidPermissionCallbackProxy::GetInstance
[2025.12.18-18.14.54:662][  0]LogAudioCaptureCore: Display: No Audio Capture implementations found. Audio input will be silent.
[2025.12.18-18.14.54:663][  0]LogAudioCaptureCore: Display: No Audio Capture implementations found. Audio input will be silent.
[2025.12.18-18.14.55:430][  0]LogCollectionManager: Loaded 0 collections in 0.000532 seconds
[2025.12.18-18.14.55:542][  0]LogFileCache: Scanning file cache for directory 'D:/WORKPLACE/Mini_laboratory/MEPhI_VR_term_1/Mini_laboratory/Saved/Collections/' took 0.00s
[2025.12.18-18.14.55:542][  0]LogFileCache: Scanning file cache for directory 'D:/WORKPLACE/Mini_laboratory/MEPhI_VR_term_1/Mini_laboratory/Content/Developers/Vladislav/Collections/' took 0.00s
[2025.12.18-18.14.55:542][  0]LogFileCache: Scanning file cache for directory 'D:/WORKPLACE/Mini_laboratory/MEPhI_VR_term_1/Mini_laboratory/Content/Collections/' took 0.00s
[2025.12.18-18.14.55:571][  0]LogOcInput: OculusInput pre-init called
[2025.12.18-18.14.56:139][  0]LogEngine: Initializing Engine...
[2025.12.18-18.14.56:213][  0]LogHMD: Failed to enumerate extensions. Please check that you have a valid OpenXR runtime installed.
[2025.12.18-18.14.56:214][  0]LogHMD: Failed to initialize OpenVR with code 110
[2025.12.18-18.14.56:214][  0]LogMagicLeap: Warning: VR disabled because ZI is not enabled.  To enable, in the editor, Edit -> Project Settings -> Plugins -> Magic Leap Plugin -> Enable Zero Iteration
[2025.12.18-18.14.56:219][  0]LogStats: UGameplayTagsManager::InitializeManager -  0.001 s
[2025.12.18-18.14.56:601][  0]LogInit: Initializing FReadOnlyCVARCache
[2025.12.18-18.14.56:674][  0]LogAIModule: Creating AISystem for world Untitled
[2025.12.18-18.14.56:684][  0]LogAudio: Display: Initializing Audio Device Manager...
[2025.12.18-18.14.56:714][  0]LogAudio: Display: Loading Default Audio Settings Objects...
[2025.12.18-18.14.56:721][  0]LogAudio: Display: No default SoundConcurrencyObject specified (or failed to load).
[2025.12.18-18.14.56:724][  0]LogAudio: Display: Audio Device Manager Initialized
[2025.12.18-18.14.56:724][  0]LogAudio: Display: Creating Audio Device:                 Id: 1, Scope: Shared, Realtime: True
[2025.12.18-18.14.56:725][  0]LogAudioMixer: Display: Audio Mixer Platform Settings:
[2025.12.18-18.14.56:725][  0]LogAudioMixer: Display: 	Sample Rate:						  48000
[2025.12.18-18.14.56:725][  0]LogAudioMixer: Display: 	Callback Buffer Frame Size Requested: 1024
[2025.12.18-18.14.56:725][  0]LogAudioMixer: Display: 	Callback Buffer Frame Size To Use:	  1024
[2025.12.18-18.14.56:725][  0]LogAudioMixer: Display: 	Number of buffers to queue:			  2
[2025.12.18-18.14.56:725][  0]LogAudioMixer: Display: 	Max Channels (voices):				  32
[2025.12.18-18.14.56:725][  0]LogAudioMixer: Display: 	Number of Async Source Workers:		  0
[2025.12.18-18.14.56:725][  0]LogAudio: Display: AudioDevice MaxSources: 32
[2025.12.18-18.14.56:727][  0]LogAudio: Display: Audio Spatialization Plugin: None (built-in).
[2025.12.18-18.14.56:727][  0]LogAudio: Display: Audio Reverb Plugin: None (built-in).
[2025.12.18-18.14.56:727][  0]LogAudio: Display: Audio Occlusion Plugin: None (built-in).
[2025.12.18-18.14.56:727][  0]LogAudioMixer: Display: Initializing audio mixer.
[2025.12.18-18.14.56:793][  0]LogAudioMixer: Display: 0: FrontLeft
[2025.12.18-18.14.56:793][  0]LogAudioMixer: Display: 1: FrontRight
[2025.12.18-18.14.57:083][  0]LogAudioMixer: Display: Using Audio Device Динамики (Realtek(R) Audio)
[2025.12.18-18.14.57:086][  0]LogAudioMixer: Display: Initializing Sound Submixes...
[2025.12.18-18.14.57:118][  0]LogAudioMixer: Display: Creating Master Submix 'MasterSubmixDefault'
[2025.12.18-18.14.57:118][  0]LogAudioMixer: Display: Creating Master Submix 'MasterReverbSubmixDefault'
[2025.12.18-18.14.57:121][  0]LogAudioMixer: Display: Creating Master Submix 'MasterEQSubmixDefault'
[2025.12.18-18.14.57:121][  0]LogAudioMixer: FMixerPlatformXAudio2::StartAudioStream() called
[2025.12.18-18.14.57:121][  0]LogAudioMixer: Display: Output buffers initialized: Frames=1024, Channels=2, Samples=2048
[2025.12.18-18.14.57:121][  0]LogAudioMixer: Display: Starting AudioMixerPlatformInterface::RunInternal()
[2025.12.18-18.14.57:121][  0]LogAudioMixer: Display: FMixerPlatformXAudio2::SubmitBuffer() called for the first time
[2025.12.18-18.14.57:121][  0]LogInit: FAudioDevice initialized.
[2025.12.18-18.14.57:123][  0]LogAudio: Display: Audio Device (ID: 1) registered with world 'Untitled'.
[2025.12.18-18.14.57:124][  0]LogNetVersion: Set ProjectVersion to 1.0.0.0. Version Checksum will be recalculated on next use.
[2025.12.18-18.14.57:193][  0]LogDerivedDataCache: Saved boot cache 0.07s 94MB C:/Users/Владислав/AppData/Local/UnrealEngine/4.27/DerivedDataCache/Boot.ddc.
[2025.12.18-18.14.57:196][  0]LogInit: Texture streaming: Enabled
[2025.12.18-18.14.57:297][  0]LogAnalytics: Display: [UEEditor.Rocket.Release] APIServer = https://datarouter.ol.epicgames.com/. AppVersion = 4.27.2-18319896+++UE4+Release-4.27
[2025.12.18-18.14.57:328][  0]LogEngineSessionManager: EngineSessionManager initialized
[2025.12.18-18.14.57:328][  0]LogEngineSessionManager: EngineSessionManager sent abnormal shutdown report. Type=AbnormalShutdown, SessionId={8986847A-493B-0C10-8836-ACA07D737A3D}
[2025.12.18-18.14.57:328][  0]LogEditorSessionSummary: Verbose: Initializing EditorSessionSummaryWriter for editor session tracking
[2025.12.18-18.14.57:333][  0]LogEditorSessionSummary: EditorSessionSummaryWriter initialized
[2025.12.18-18.14.57:430][  0]LogInit: Transaction tracking system initialized
[2025.12.18-18.14.57:628][  0]BlueprintLog: New page: Editor Load
[2025.12.18-18.14.58:356][  0]LocalizationService: Localization service is disabled
[2025.12.18-18.14.58:594][  0]TimingProfiler: Initialize
[2025.12.18-18.14.58:596][  0]TimingProfiler: OnSessionChanged
[2025.12.18-18.14.58:596][  0]LoadingProfiler: Initialize
[2025.12.18-18.14.58:596][  0]LoadingProfiler: OnSessionChanged
[2025.12.18-18.14.58:596][  0]NetworkingProfiler: Initialize
[2025.12.18-18.14.58:597][  0]NetworkingProfiler: OnSessionChanged
[2025.12.18-18.14.58:597][  0]MemoryProfiler: Initialize
[2025.12.18-18.14.58:597][  0]MemoryProfiler: OnSessionChanged
[2025.12.18-18.14.59:401][  0]LogCook: Display: CookSettings for Memory: MemoryMaxUsedVirtual 0MiB, MemoryMaxUsedPhysical 16384MiB, MemoryMinFreeVirtual 0MiB, MemoryMinFreePhysical 1024MiB
[2025.12.18-18.14.59:401][  0]LogFileCache: Scanning file cache for directory 'D:/WORKPLACE/Mini_laboratory/MEPhI_VR_term_1/Mini_laboratory/Content/' took 0.01s
[2025.12.18-18.14.59:401][  0]LogCook: Display: Mobile HDR setting 1
[2025.12.18-18.15.01:125][  0]LogInit: Display: Engine is initialized. Leaving FEngineLoop::Init()
[2025.12.18-18.15.01:136][  0]SourceControl: Source control is disabled
[2025.12.18-18.15.01:136][  0]LogUnrealEdMisc: Loading editor; pre map load, took 38.011
[2025.12.18-18.15.01:138][  0]Cmd: MAP LOAD FILE="../../../../../../WORKPLACE/Mini_laboratory/MEPhI_VR_term_1/Mini_laboratory/Content/Workplace/Maps/StartMenu.umap" TEMPLATE=0 SHOWPROGRESS=1 FEATURELEVEL=3
[2025.12.18-18.15.01:138][  0]LightingResults: New page: Lighting Build
[2025.12.18-18.15.01:144][  0]LogWorld: UWorld::CleanupWorld for Untitled, bSessionEnded=true, bCleanupResources=true
[2025.12.18-18.15.01:147][  0]LogSlate: InvalidateAllWidgets triggered.  All widgets were invalidated
[2025.12.18-18.15.01:148][  0]MapCheck: New page: Map Check
[2025.12.18-18.15.01:148][  0]LightingResults: New page: Lighting Build
[2025.12.18-18.15.01:159][  0]LogAudio: Display: Audio Device unregistered from world 'None'.
[2025.12.18-18.15.01:169][  0]LogUObjectHash: Compacting FUObjectHashTables data took   0.84ms
[2025.12.18-18.15.01:299][  0]LogAudio: Display: Audio Device (ID: 1) registered with world 'StartMenu'.
[2025.12.18-18.15.01:300][  0]LogAIModule: Creating AISystem for world StartMenu
[2025.12.18-18.15.01:304][  0]LogEditorServer: Finished looking for orphan Actors (0.000 secs)
[2025.12.18-18.15.01:314][  0]LogUObjectHash: Compacting FUObjectHashTables data took   0.80ms
[2025.12.18-18.15.01:315][  0]Cmd: MAP CHECKDEP NOCLEARLOG
[2025.12.18-18.15.01:315][  0]MapCheck: Map check complete: 0 Error(s), 0 Warning(s), took 0,237ms to complete.
[2025.12.18-18.15.01:315][  0]LogFileHelpers: Loading map 'StartMenu' took 0.179
[2025.12.18-18.15.01:347][  0]LogUnrealEdMisc: Total Editor Startup Time, took 38.223
[2025.12.18-18.15.01:556][  0]LogSlate: Updating window title bar state: overlay mode, drag disabled, window buttons hidden, title bar hidden
[2025.12.18-18.15.01:563][  0]LogSlate: Updating window title bar state: overlay mode, drag disabled, window buttons hidden, title bar hidden
[2025.12.18-18.15.01:568][  0]LogSlate: Updating window title bar state: overlay mode, drag disabled, window buttons hidden, title bar hidden
[2025.12.18-18.15.01:573][  0]LogSlate: Updating window title bar state: overlay mode, drag disabled, window buttons hidden, title bar hidden
[2025.12.18-18.15.01:619][  0]LogNativeClassHierarchy: Verbose: Native class hierarchy populated in 0.0078 seconds. Added 3822 classes and 928 folders.
[2025.12.18-18.15.01:628][  0]LogNativeClassHierarchy: Verbose: Native class hierarchy updated for 'WidgetCarousel' in 0.0002 seconds. Added 0 classes and 0 folders.
[2025.12.18-18.15.01:651][  0]LogPakFile: PakFile PrimaryIndexSize=187
[2025.12.18-18.15.01:651][  0]LogPakFile: PakFile PathHashIndexSize=101
[2025.12.18-18.15.01:651][  0]LogPakFile: PakFile FullDirectoryIndexSize=148
[2025.12.18-18.15.01:652][  0]LogShaderLibrary: Display: ShaderCodeLibraryPakFileMountedCallback: PakFile 'D:/Progams on PC/Unreal/UE_4.27/FeaturePacks/FP_FirstPerson.upack' (chunk index -1, root 'root:/') mounted
[2025.12.18-18.15.01:652][  0]LogShaderLibrary: Display: ShaderCodeLibraryPakFileMountedCallback: pending pak file info (ChunkID:-1 Root:root:/ File:D:/Progams on PC/Unreal/UE_4.27/FeaturePacks/FP_FirstPerson.upack)
[2025.12.18-18.15.01:652][  0]LogPakFile: OnPakFileMounted2Time == 0.001304
[2025.12.18-18.15.01:666][  0]LogPakFile: PakFile PrimaryIndexSize=189
[2025.12.18-18.15.01:666][  0]LogPakFile: PakFile PathHashIndexSize=101
[2025.12.18-18.15.01:666][  0]LogPakFile: PakFile FullDirectoryIndexSize=152
[2025.12.18-18.15.01:666][  0]LogShaderLibrary: Display: ShaderCodeLibraryPakFileMountedCallback: PakFile 'D:/Progams on PC/Unreal/UE_4.27/FeaturePacks/FP_FirstPersonBP.upack' (chunk index -1, root 'root:/') mounted
[2025.12.18-18.15.01:666][  0]LogShaderLibrary: Display: ShaderCodeLibraryPakFileMountedCallback: pending pak file info (ChunkID:-1 Root:root:/ File:D:/Progams on PC/Unreal/UE_4.27/FeaturePacks/FP_FirstPersonBP.upack)
[2025.12.18-18.15.01:666][  0]LogPakFile: OnPakFileMounted2Time == 0.000040
[2025.12.18-18.15.01:675][  0]LogPakFile: PakFile PrimaryIndexSize=191
[2025.12.18-18.15.01:675][  0]LogPakFile: PakFile PathHashIndexSize=101
[2025.12.18-18.15.01:675][  0]LogPakFile: PakFile FullDirectoryIndexSize=160
[2025.12.18-18.15.01:675][  0]LogShaderLibrary: Display: ShaderCodeLibraryPakFileMountedCallback: PakFile 'D:/Progams on PC/Unreal/UE_4.27/FeaturePacks/MobileStarterContent.upack' (chunk index -1, root 'root:/') mounted
[2025.12.18-18.15.01:675][  0]LogShaderLibrary: Display: ShaderCodeLibraryPakFileMountedCallback: pending pak file info (ChunkID:-1 Root:root:/ File:D:/Progams on PC/Unreal/UE_4.27/FeaturePacks/MobileStarterContent.upack)
[2025.12.18-18.15.01:675][  0]LogPakFile: OnPakFileMounted2Time == 0.000038
[2025.12.18-18.15.01:686][  0]LogPakFile: PakFile PrimaryIndexSize=185
[2025.12.18-18.15.01:686][  0]LogPakFile: PakFile PathHashIndexSize=101
[2025.12.18-18.15.01:686][  0]LogPakFile: PakFile FullDirectoryIndexSize=148
[2025.12.18-18.15.01:686][  0]LogShaderLibrary: Display: ShaderCodeLibraryPakFileMountedCallback: PakFile 'D:/Progams on PC/Unreal/UE_4.27/FeaturePacks/StarterContent.upack' (chunk index -1, root 'root:/') mounted
[2025.12.18-18.15.01:686][  0]LogShaderLibrary: Display: ShaderCodeLibraryPakFileMountedCallback: pending pak file info (ChunkID:-1 Root:root:/ File:D:/Progams on PC/Unreal/UE_4.27/FeaturePacks/StarterContent.upack)
[2025.12.18-18.15.01:686][  0]LogPakFile: OnPakFileMounted2Time == 0.000036
[2025.12.18-18.15.01:695][  0]LogPakFile: PakFile PrimaryIndexSize=190
[2025.12.18-18.15.01:695][  0]LogPakFile: PakFile PathHashIndexSize=101
[2025.12.18-18.15.01:695][  0]LogPakFile: PakFile FullDirectoryIndexSize=154
[2025.12.18-18.15.01:695][  0]LogShaderLibrary: Display: ShaderCodeLibraryPakFileMountedCallback: PakFile 'D:/Progams on PC/Unreal/UE_4.27/FeaturePacks/TP_2DSideScroller.upack' (chunk index -1, root 'root:/') mounted
[2025.12.18-18.15.01:695][  0]LogShaderLibrary: Display: ShaderCodeLibraryPakFileMountedCallback: pending pak file info (ChunkID:-1 Root:root:/ File:D:/Progams on PC/Unreal/UE_4.27/FeaturePacks/TP_2DSideScroller.upack)
[2025.12.18-18.15.01:695][  0]LogPakFile: OnPakFileMounted2Time == 0.000046
[2025.12.18-18.15.01:703][  0]LogPakFile: PakFile PrimaryIndexSize=192
[2025.12.18-18.15.01:703][  0]LogPakFile: PakFile PathHashIndexSize=101
[2025.12.18-18.15.01:703][  0]LogPakFile: PakFile FullDirectoryIndexSize=158
[2025.12.18-18.15.01:703][  0]LogShaderLibrary: Display: ShaderCodeLibraryPakFileMountedCallback: PakFile 'D:/Progams on PC/Unreal/UE_4.27/FeaturePacks/TP_2DSideScrollerBP.upack' (chunk index -1, root 'root:/') mounted
[2025.12.18-18.15.01:703][  0]LogShaderLibrary: Display: ShaderCodeLibraryPakFileMountedCallback: pending pak file info (ChunkID:-1 Root:root:/ File:D:/Progams on PC/Unreal/UE_4.27/FeaturePacks/TP_2DSideScrollerBP.upack)
[2025.12.18-18.15.01:703][  0]LogPakFile: OnPakFileMounted2Time == 0.000034
[2025.12.18-18.15.01:711][  0]LogPakFile: PakFile PrimaryIndexSize=182
[2025.12.18-18.15.01:711][  0]LogPakFile: PakFile PathHashIndexSize=101
[2025.12.18-18.15.01:712][  0]LogPakFile: PakFile FullDirectoryIndexSize=138
[2025.12.18-18.15.01:712][  0]LogShaderLibrary: Display: ShaderCodeLibraryPakFileMountedCallback: PakFile 'D:/Progams on PC/Unreal/UE_4.27/FeaturePacks/TP_Flying.upack' (chunk index -1, root 'root:/') mounted
[2025.12.18-18.15.01:712][  0]LogShaderLibrary: Display: ShaderCodeLibraryPakFileMountedCallback: pending pak file info (ChunkID:-1 Root:root:/ File:D:/Progams on PC/Unreal/UE_4.27/FeaturePacks/TP_Flying.upack)
[2025.12.18-18.15.01:712][  0]LogPakFile: OnPakFileMounted2Time == 0.000034
[2025.12.18-18.15.01:721][  0]LogPakFile: PakFile PrimaryIndexSize=184
[2025.12.18-18.15.01:721][  0]LogPakFile: PakFile PathHashIndexSize=101
[2025.12.18-18.15.01:721][  0]LogPakFile: PakFile FullDirectoryIndexSize=142
[2025.12.18-18.15.01:721][  0]LogShaderLibrary: Display: ShaderCodeLibraryPakFileMountedCallback: PakFile 'D:/Progams on PC/Unreal/UE_4.27/FeaturePacks/TP_FlyingBP.upack' (chunk index -1, root 'root:/') mounted
[2025.12.18-18.15.01:721][  0]LogShaderLibrary: Display: ShaderCodeLibraryPakFileMountedCallback: pending pak file info (ChunkID:-1 Root:root:/ File:D:/Progams on PC/Unreal/UE_4.27/FeaturePacks/TP_FlyingBP.upack)
[2025.12.18-18.15.01:722][  0]LogPakFile: OnPakFileMounted2Time == 0.000035
[2025.12.18-18.15.01:734][  0]LogPakFile: PakFile PrimaryIndexSize=188
[2025.12.18-18.15.01:734][  0]LogPakFile: PakFile PathHashIndexSize=101
[2025.12.18-18.15.01:734][  0]LogPakFile: PakFile FullDirectoryIndexSize=150
[2025.12.18-18.15.01:734][  0]LogShaderLibrary: Display: ShaderCodeLibraryPakFileMountedCallback: PakFile 'D:/Progams on PC/Unreal/UE_4.27/FeaturePacks/TP_HandheldARBP.upack' (chunk index -1, root 'root:/') mounted
[2025.12.18-18.15.01:734][  0]LogShaderLibrary: Display: ShaderCodeLibraryPakFileMountedCallback: pending pak file info (ChunkID:-1 Root:root:/ File:D:/Progams on PC/Unreal/UE_4.27/FeaturePacks/TP_HandheldARBP.upack)
[2025.12.18-18.15.01:734][  0]LogPakFile: OnPakFileMounted2Time == 0.000033
[2025.12.18-18.15.01:743][  0]LogPakFile: PakFile PrimaryIndexSize=182
[2025.12.18-18.15.01:743][  0]LogPakFile: PakFile PathHashIndexSize=101
[2025.12.18-18.15.01:743][  0]LogPakFile: PakFile FullDirectoryIndexSize=138
[2025.12.18-18.15.01:743][  0]LogShaderLibrary: Display: ShaderCodeLibraryPakFileMountedCallback: PakFile 'D:/Progams on PC/Unreal/UE_4.27/FeaturePacks/TP_Puzzle.upack' (chunk index -1, root 'root:/') mounted
[2025.12.18-18.15.01:743][  0]LogShaderLibrary: Display: ShaderCodeLibraryPakFileMountedCallback: pending pak file info (ChunkID:-1 Root:root:/ File:D:/Progams on PC/Unreal/UE_4.27/FeaturePacks/TP_Puzzle.upack)
[2025.12.18-18.15.01:743][  0]LogPakFile: OnPakFileMounted2Time == 0.000033
[2025.12.18-18.15.01:751][  0]LogPakFile: PakFile PrimaryIndexSize=184
[2025.12.18-18.15.01:751][  0]LogPakFile: PakFile PathHashIndexSize=101
[2025.12.18-18.15.01:751][  0]LogPakFile: PakFile FullDirectoryIndexSize=142
[2025.12.18-18.15.01:751][  0]LogShaderLibrary: Display: ShaderCodeLibraryPakFileMountedCallback: PakFile 'D:/Progams on PC/Unreal/UE_4.27/FeaturePacks/TP_PuzzleBP.upack' (chunk index -1, root 'root:/') mounted
[2025.12.18-18.15.01:751][  0]LogShaderLibrary: Display: ShaderCodeLibraryPakFileMountedCallback: pending pak file info (ChunkID:-1 Root:root:/ File:D:/Progams on PC/Unreal/UE_4.27/FeaturePacks/TP_PuzzleBP.upack)
[2025.12.18-18.15.01:751][  0]LogPakFile: OnPakFileMounted2Time == 0.000036
[2025.12.18-18.15.01:758][  0]LogPakFile: PakFile PrimaryIndexSize=183
[2025.12.18-18.15.01:758][  0]LogPakFile: PakFile PathHashIndexSize=101
[2025.12.18-18.15.01:758][  0]LogPakFile: PakFile FullDirectoryIndexSize=140
[2025.12.18-18.15.01:758][  0]LogShaderLibrary: Display: ShaderCodeLibraryPakFileMountedCallback: PakFile 'D:/Progams on PC/Unreal/UE_4.27/FeaturePacks/TP_Rolling.upack' (chunk index -1, root 'root:/') mounted
[2025.12.18-18.15.01:758][  0]LogShaderLibrary: Display: ShaderCodeLibraryPakFileMountedCallback: pending pak file info (ChunkID:-1 Root:root:/ File:D:/Progams on PC/Unreal/UE_4.27/FeaturePacks/TP_Rolling.upack)
[2025.12.18-18.15.01:758][  0]LogPakFile: OnPakFileMounted2Time == 0.000034
[2025.12.18-18.15.01:766][  0]LogPakFile: PakFile PrimaryIndexSize=185
[2025.12.18-18.15.01:766][  0]LogPakFile: PakFile PathHashIndexSize=101
[2025.12.18-18.15.01:766][  0]LogPakFile: PakFile FullDirectoryIndexSize=144
[2025.12.18-18.15.01:766][  0]LogShaderLibrary: Display: ShaderCodeLibraryPakFileMountedCallback: PakFile 'D:/Progams on PC/Unreal/UE_4.27/FeaturePacks/TP_RollingBP.upack' (chunk index -1, root 'root:/') mounted
[2025.12.18-18.15.01:766][  0]LogShaderLibrary: Display: ShaderCodeLibraryPakFileMountedCallback: pending pak file info (ChunkID:-1 Root:root:/ File:D:/Progams on PC/Unreal/UE_4.27/FeaturePacks/TP_RollingBP.upack)
[2025.12.18-18.15.01:766][  0]LogPakFile: OnPakFileMounted2Time == 0.000035
[2025.12.18-18.15.01:774][  0]LogPakFile: PakFile PrimaryIndexSize=188
[2025.12.18-18.15.01:774][  0]LogPakFile: PakFile PathHashIndexSize=101
[2025.12.18-18.15.01:774][  0]LogPakFile: PakFile FullDirectoryIndexSize=150
[2025.12.18-18.15.01:774][  0]LogShaderLibrary: Display: ShaderCodeLibraryPakFileMountedCallback: PakFile 'D:/Progams on PC/Unreal/UE_4.27/FeaturePacks/TP_SideScroller.upack' (chunk index -1, root 'root:/') mounted
[2025.12.18-18.15.01:774][  0]LogShaderLibrary: Display: ShaderCodeLibraryPakFileMountedCallback: pending pak file info (ChunkID:-1 Root:root:/ File:D:/Progams on PC/Unreal/UE_4.27/FeaturePacks/TP_SideScroller.upack)
[2025.12.18-18.15.01:774][  0]LogPakFile: OnPakFileMounted2Time == 0.000039
[2025.12.18-18.15.01:781][  0]LogPakFile: PakFile PrimaryIndexSize=190
[2025.12.18-18.15.01:781][  0]LogPakFile: PakFile PathHashIndexSize=101
[2025.12.18-18.15.01:781][  0]LogPakFile: PakFile FullDirectoryIndexSize=154
[2025.12.18-18.15.01:781][  0]LogShaderLibrary: Display: ShaderCodeLibraryPakFileMountedCallback: PakFile 'D:/Progams on PC/Unreal/UE_4.27/FeaturePacks/TP_SideScrollerBP.upack' (chunk index -1, root 'root:/') mounted
[2025.12.18-18.15.01:781][  0]LogShaderLibrary: Display: ShaderCodeLibraryPakFileMountedCallback: pending pak file info (ChunkID:-1 Root:root:/ File:D:/Progams on PC/Unreal/UE_4.27/FeaturePacks/TP_SideScrollerBP.upack)
[2025.12.18-18.15.01:781][  0]LogPakFile: OnPakFileMounted2Time == 0.000034
[2025.12.18-18.15.01:789][  0]LogPakFile: PakFile PrimaryIndexSize=187
[2025.12.18-18.15.01:789][  0]LogPakFile: PakFile PathHashIndexSize=101
[2025.12.18-18.15.01:789][  0]LogPakFile: PakFile FullDirectoryIndexSize=148
[2025.12.18-18.15.01:789][  0]LogShaderLibrary: Display: ShaderCodeLibraryPakFileMountedCallback: PakFile 'D:/Progams on PC/Unreal/UE_4.27/FeaturePacks/TP_ThirdPerson.upack' (chunk index -1, root 'root:/') mounted
[2025.12.18-18.15.01:789][  0]LogShaderLibrary: Display: ShaderCodeLibraryPakFileMountedCallback: pending pak file info (ChunkID:-1 Root:root:/ File:D:/Progams on PC/Unreal/UE_4.27/FeaturePacks/TP_ThirdPerson.upack)
[2025.12.18-18.15.01:789][  0]LogPakFile: OnPakFileMounted2Time == 0.000039
[2025.12.18-18.15.01:796][  0]LogPakFile: PakFile PrimaryIndexSize=189
[2025.12.18-18.15.01:796][  0]LogPakFile: PakFile PathHashIndexSize=101
[2025.12.18-18.15.01:796][  0]LogPakFile: PakFile FullDirectoryIndexSize=152
[2025.12.18-18.15.01:796][  0]LogShaderLibrary: Display: ShaderCodeLibraryPakFileMountedCallback: PakFile 'D:/Progams on PC/Unreal/UE_4.27/FeaturePacks/TP_ThirdPersonBP.upack' (chunk index -1, root 'root:/') mounted
[2025.12.18-18.15.01:796][  0]LogShaderLibrary: Display: ShaderCodeLibraryPakFileMountedCallback: pending pak file info (ChunkID:-1 Root:root:/ File:D:/Progams on PC/Unreal/UE_4.27/FeaturePacks/TP_ThirdPersonBP.upack)
[2025.12.18-18.15.01:796][  0]LogPakFile: OnPakFileMounted2Time == 0.000034
[2025.12.18-18.15.01:804][  0]LogPakFile: PakFile PrimaryIndexSize=183
[2025.12.18-18.15.01:804][  0]LogPakFile: PakFile PathHashIndexSize=101
[2025.12.18-18.15.01:804][  0]LogPakFile: PakFile FullDirectoryIndexSize=140
[2025.12.18-18.15.01:804][  0]LogShaderLibrary: Display: ShaderCodeLibraryPakFileMountedCallback: PakFile 'D:/Progams on PC/Unreal/UE_4.27/FeaturePacks/TP_TopDown.upack' (chunk index -1, root 'root:/') mounted
[2025.12.18-18.15.01:804][  0]LogShaderLibrary: Display: ShaderCodeLibraryPakFileMountedCallback: pending pak file info (ChunkID:-1 Root:root:/ File:D:/Progams on PC/Unreal/UE_4.27/FeaturePacks/TP_TopDown.upack)
[2025.12.18-18.15.01:804][  0]LogPakFile: OnPakFileMounted2Time == 0.000043
[2025.12.18-18.15.01:812][  0]LogPakFile: PakFile PrimaryIndexSize=185
[2025.12.18-18.15.01:812][  0]LogPakFile: PakFile PathHashIndexSize=101
[2025.12.18-18.15.01:812][  0]LogPakFile: PakFile FullDirectoryIndexSize=144
[2025.12.18-18.15.01:812][  0]LogShaderLibrary: Display: ShaderCodeLibraryPakFileMountedCallback: PakFile 'D:/Progams on PC/Unreal/UE_4.27/FeaturePacks/TP_TopDownBP.upack' (chunk index -1, root 'root:/') mounted
[2025.12.18-18.15.01:812][  0]LogShaderLibrary: Display: ShaderCodeLibraryPakFileMountedCallback: pending pak file info (ChunkID:-1 Root:root:/ File:D:/Progams on PC/Unreal/UE_4.27/FeaturePacks/TP_TopDownBP.upack)
[2025.12.18-18.15.01:812][  0]LogPakFile: OnPakFileMounted2Time == 0.000036
[2025.12.18-18.15.01:823][  0]LogPakFile: PakFile PrimaryIndexSize=185
[2025.12.18-18.15.01:823][  0]LogPakFile: PakFile PathHashIndexSize=101
[2025.12.18-18.15.01:823][  0]LogPakFile: PakFile FullDirectoryIndexSize=144
[2025.12.18-18.15.01:823][  0]LogShaderLibrary: Display: ShaderCodeLibraryPakFileMountedCallback: PakFile 'D:/Progams on PC/Unreal/UE_4.27/FeaturePacks/TP_TwinStick.upack' (chunk index -1, root 'root:/') mounted
[2025.12.18-18.15.01:823][  0]LogShaderLibrary: Display: ShaderCodeLibraryPakFileMountedCallback: pending pak file info (ChunkID:-1 Root:root:/ File:D:/Progams on PC/Unreal/UE_4.27/FeaturePacks/TP_TwinStick.upack)
[2025.12.18-18.15.01:823][  0]LogPakFile: OnPakFileMounted2Time == 0.000034
[2025.12.18-18.15.01:830][  0]LogPakFile: PakFile PrimaryIndexSize=187
[2025.12.18-18.15.01:830][  0]LogPakFile: PakFile PathHashIndexSize=101
[2025.12.18-18.15.01:830][  0]LogPakFile: PakFile FullDirectoryIndexSize=148
[2025.12.18-18.15.01:830][  0]LogShaderLibrary: Display: ShaderCodeLibraryPakFileMountedCallback: PakFile 'D:/Progams on PC/Unreal/UE_4.27/FeaturePacks/TP_TwinStickBP.upack' (chunk index -1, root 'root:/') mounted
[2025.12.18-18.15.01:830][  0]LogShaderLibrary: Display: ShaderCodeLibraryPakFileMountedCallback: pending pak file info (ChunkID:-1 Root:root:/ File:D:/Progams on PC/Unreal/UE_4.27/FeaturePacks/TP_TwinStickBP.upack)
[2025.12.18-18.15.01:830][  0]LogPakFile: OnPakFileMounted2Time == 0.000036
[2025.12.18-18.15.01:839][  0]LogPakFile: PakFile PrimaryIndexSize=183
[2025.12.18-18.15.01:839][  0]LogPakFile: PakFile PathHashIndexSize=101
[2025.12.18-18.15.01:839][  0]LogPakFile: PakFile FullDirectoryIndexSize=140
[2025.12.18-18.15.01:839][  0]LogShaderLibrary: Display: ShaderCodeLibraryPakFileMountedCallback: PakFile 'D:/Progams on PC/Unreal/UE_4.27/FeaturePacks/TP_Vehicle.upack' (chunk index -1, root 'root:/') mounted
[2025.12.18-18.15.01:839][  0]LogShaderLibrary: Display: ShaderCodeLibraryPakFileMountedCallback: pending pak file info (ChunkID:-1 Root:root:/ File:D:/Progams on PC/Unreal/UE_4.27/FeaturePacks/TP_Vehicle.upack)
[2025.12.18-18.15.01:839][  0]LogPakFile: OnPakFileMounted2Time == 0.000039
[2025.12.18-18.15.01:847][  0]LogPakFile: PakFile PrimaryIndexSize=186
[2025.12.18-18.15.01:847][  0]LogPakFile: PakFile PathHashIndexSize=101
[2025.12.18-18.15.01:847][  0]LogPakFile: PakFile FullDirectoryIndexSize=146
[2025.12.18-18.15.01:847][  0]LogShaderLibrary: Display: ShaderCodeLibraryPakFileMountedCallback: PakFile 'D:/Progams on PC/Unreal/UE_4.27/FeaturePacks/TP_VehicleAdv.upack' (chunk index -1, root 'root:/') mounted
[2025.12.18-18.15.01:847][  0]LogShaderLibrary: Display: ShaderCodeLibraryPakFileMountedCallback: pending pak file info (ChunkID:-1 Root:root:/ File:D:/Progams on PC/Unreal/UE_4.27/FeaturePacks/TP_VehicleAdv.upack)
[2025.12.18-18.15.01:847][  0]LogPakFile: OnPakFileMounted2Time == 0.000035
[2025.12.18-18.15.01:855][  0]LogPakFile: PakFile PrimaryIndexSize=188
[2025.12.18-18.15.01:855][  0]LogPakFile: PakFile PathHashIndexSize=101
[2025.12.18-18.15.01:855][  0]LogPakFile: PakFile FullDirectoryIndexSize=150
[2025.12.18-18.15.01:855][  0]LogShaderLibrary: Display: ShaderCodeLibraryPakFileMountedCallback: PakFile 'D:/Progams on PC/Unreal/UE_4.27/FeaturePacks/TP_VehicleAdvBP.upack' (chunk index -1, root 'root:/') mounted
[2025.12.18-18.15.01:855][  0]LogShaderLibrary: Display: ShaderCodeLibraryPakFileMountedCallback: pending pak file info (ChunkID:-1 Root:root:/ File:D:/Progams on PC/Unreal/UE_4.27/FeaturePacks/TP_VehicleAdvBP.upack)
[2025.12.18-18.15.01:855][  0]LogPakFile: OnPakFileMounted2Time == 0.000034
[2025.12.18-18.15.01:863][  0]LogPakFile: PakFile PrimaryIndexSize=185
[2025.12.18-18.15.01:863][  0]LogPakFile: PakFile PathHashIndexSize=101
[2025.12.18-18.15.01:863][  0]LogPakFile: PakFile FullDirectoryIndexSize=144
[2025.12.18-18.15.01:863][  0]LogShaderLibrary: Display: ShaderCodeLibraryPakFileMountedCallback: PakFile 'D:/Progams on PC/Unreal/UE_4.27/FeaturePacks/TP_VehicleBP.upack' (chunk index -1, root 'root:/') mounted
[2025.12.18-18.15.01:863][  0]LogShaderLibrary: Display: ShaderCodeLibraryPakFileMountedCallback: pending pak file info (ChunkID:-1 Root:root:/ File:D:/Progams on PC/Unreal/UE_4.27/FeaturePacks/TP_VehicleBP.upack)
[2025.12.18-18.15.01:863][  0]LogPakFile: OnPakFileMounted2Time == 0.000036
[2025.12.18-18.15.01:872][  0]LogPakFile: PakFile PrimaryIndexSize=192
[2025.12.18-18.15.01:872][  0]LogPakFile: PakFile PathHashIndexSize=101
[2025.12.18-18.15.01:872][  0]LogPakFile: PakFile FullDirectoryIndexSize=158
[2025.12.18-18.15.01:872][  0]LogShaderLibrary: Display: ShaderCodeLibraryPakFileMountedCallback: PakFile 'D:/Progams on PC/Unreal/UE_4.27/FeaturePacks/TP_VirtualRealityBP.upack' (chunk index -1, root 'root:/') mounted
[2025.12.18-18.15.01:872][  0]LogShaderLibrary: Display: ShaderCodeLibraryPakFileMountedCallback: pending pak file info (ChunkID:-1 Root:root:/ File:D:/Progams on PC/Unreal/UE_4.27/FeaturePacks/TP_VirtualRealityBP.upack)
[2025.12.18-18.15.01:872][  0]LogPakFile: OnPakFileMounted2Time == 0.000034
[2025.12.18-18.15.02:384][  0]LogNativeClassHierarchy: Verbose: Native class hierarchy updated for 'AddContentDialog' in 0.0002 seconds. Added 0 classes and 0 folders.
[2025.12.18-18.15.02:391][  0]LogNativeClassHierarchy: Verbose: Native class hierarchy updated for 'SceneOutliner' in 0.0002 seconds. Added 2 classes and 0 folders.
[2025.12.18-18.15.02:589][  0]LogSlate: Took 0.010689 seconds to synchronously load lazily loaded font '../../../Engine/Content/Slate/Fonts/Roboto-Regular.ttf' (155K)
[2025.12.18-18.15.02:602][  0]LogSlate: Took 0.009336 seconds to synchronously load lazily loaded font '../../../Engine/Content/Editor/Slate/Fonts/FontAwesome.ttf' (139K)
[2025.12.18-18.15.02:612][  0]LogSlate: Took 0.007059 seconds to synchronously load lazily loaded font '../../../Engine/Content/Slate/Fonts/Roboto-Bold.ttf' (160K)
[2025.12.18-18.15.02:769][  0]LogRenderer: Reallocating scene render targets to support 916x364 Format 10 NumSamples 1 (Frame:1).
[2025.12.18-18.15.03:011][  0]LogNativeClassHierarchy: Verbose: Native class hierarchy updated for 'HierarchicalLODOutliner' in 0.0003 seconds. Added 0 classes and 0 folders.
[2025.12.18-18.15.03:011][  0]LogLoad: (Engine Initialization) Total time: 39.89 seconds
[2025.12.18-18.15.03:011][  0]LogLoad: (Engine Initialization) Total Blueprint compile time: 0.00 seconds
[2025.12.18-18.15.03:069][  0]LogAssetRegistry: Asset discovery search completed in 21.2004 seconds
[2025.12.18-18.15.03:109][  0]LogCollectionManager: Fixed up redirectors for 0 collections in 0.000242 seconds (updated 0 objects)
[2025.12.18-18.15.03:120][  0]LogContentStreaming: Texture pool size now 1000 MB
[2025.12.18-18.15.03:223][  2]LogSlate: Took 0.009616 seconds to synchronously load lazily loaded font '../../../Engine/Content/Slate/Fonts/Roboto-Light.ttf' (167K)
[2025.12.18-18.15.04:202][ 51]LogSlate: Took 0.000424 seconds to synchronously load lazily loaded font '../../../Engine/Content/Slate/Fonts/Roboto-Light.ttf' (167K)
[2025.12.18-18.15.08:483][289]LogAssetEditorSubsystem: Opening Asset editor for Blueprint /Game/Workplace/Blueprints/GlobalVariables.GlobalVariables
[2025.12.18-18.15.09:513][289]LogNativeClassHierarchy: Verbose: Native class hierarchy updated for 'BlueprintGraph' in 0.0004 seconds. Added 126 classes and 0 folders.
[2025.12.18-18.15.10:391][289]LogAssetEditorSubsystem: Opening Asset editor for Blueprint /Game/Workplace/Blueprints/BP_ObjectsTable.BP_ObjectsTable
[2025.12.18-18.15.10:872][289]LogAssetEditorSubsystem: Opening Asset editor for Blueprint /Game/Workplace/Blueprints/BP_TransferObject.BP_TransferObject
[2025.12.18-18.15.11:194][289]LogSlate: Took 0.007684 seconds to synchronously load lazily loaded font '../../../Engine/Content/Slate/Fonts/Roboto-BoldCondensed.ttf' (158K)
[2025.12.18-18.15.11:466][290]LogSlate: Took 0.007558 seconds to synchronously load lazily loaded font '../../../Engine/Content/Slate/Fonts/Roboto-Italic.ttf' (157K)
[2025.12.18-18.15.13:901][421]LogSlate: Window 'BP_ObjectsTable' being destroyed
[2025.12.18-18.37.24:930][288]LogTemp: Repeating last play command: New Editor Window (PIE)
[2025.12.18-18.37.24:940][288]LogPlayLevel: PlayLevel: No blueprints needed recompiling
[2025.12.18-18.37.24:940][288]PIE: New page: PIE session: StartMenu (19 дек. 2025 г., 00:37:24)
[2025.12.18-18.37.24:945][288]LogOnline: OSS: Creating online subsystem instance for: NULL
[2025.12.18-18.37.24:946][288]LogOnline: OSS: TryLoadSubsystemAndSetDefault: Loaded subsystem for module [NULL]
[2025.12.18-18.37.24:946][288]LogPlayLevel: Creating play world package: /Game/Workplace/Maps/UEDPIE_0_StartMenu
[2025.12.18-18.37.24:950][288]LogPlayLevel: PIE: StaticDuplicateObject took: (0.003267s)
[2025.12.18-18.37.24:952][288]LogAIModule: Creating AISystem for world StartMenu
[2025.12.18-18.37.24:953][288]LogPlayLevel: PIE: World Init took: (0.002059s)
[2025.12.18-18.37.24:953][288]LogPlayLevel: PIE: Created PIE world by copying editor world from /Game/Workplace/Maps/StartMenu.StartMenu to /Game/Workplace/Maps/UEDPIE_0_StartMenu.StartMenu (0.005740s)
[2025.12.18-18.37.24:984][288]LogUObjectHash: Compacting FUObjectHashTables data took   2.21ms
[2025.12.18-18.37.24:987][288]LogAudio: Display: Creating Audio Device:                 Id: 2, Scope: Unique, Realtime: True
[2025.12.18-18.37.24:987][288]LogAudioMixer: Display: Audio Mixer Platform Settings:
[2025.12.18-18.37.24:987][288]LogAudioMixer: Display: 	Sample Rate:						  48000
[2025.12.18-18.37.24:987][288]LogAudioMixer: Display: 	Callback Buffer Frame Size Requested: 1024
[2025.12.18-18.37.24:987][288]LogAudioMixer: Display: 	Callback Buffer Frame Size To Use:	  1024
[2025.12.18-18.37.24:987][288]LogAudioMixer: Display: 	Number of buffers to queue:			  2
[2025.12.18-18.37.24:987][288]LogAudioMixer: Display: 	Max Channels (voices):				  32
[2025.12.18-18.37.24:987][288]LogAudioMixer: Display: 	Number of Async Source Workers:		  0
[2025.12.18-18.37.24:987][288]LogAudio: Display: AudioDevice MaxSources: 32
[2025.12.18-18.37.24:987][288]LogAudio: Display: Audio Spatialization Plugin: None (built-in).
[2025.12.18-18.37.24:987][288]LogAudio: Display: Audio Reverb Plugin: None (built-in).
[2025.12.18-18.37.24:987][288]LogAudio: Display: Audio Occlusion Plugin: None (built-in).
[2025.12.18-18.37.24:987][288]LogAudioMixer: Display: Initializing audio mixer.
[2025.12.18-18.37.25:063][288]LogAudioMixer: Display: 0: FrontLeft
[2025.12.18-18.37.25:063][288]LogAudioMixer: Display: 1: FrontRight
[2025.12.18-18.37.25:076][288]LogAudioMixer: Display: Using Audio Device Динамики (Realtek(R) Audio)
[2025.12.18-18.37.25:077][288]LogAudioMixer: Display: Initializing Sound Submixes...
[2025.12.18-18.37.25:077][288]LogAudioMixer: Display: Creating Master Submix 'MasterSubmixDefault'
[2025.12.18-18.37.25:077][288]LogAudioMixer: Display: Creating Master Submix 'MasterReverbSubmixDefault'
[2025.12.18-18.37.25:077][288]LogAudioMixer: Display: Creating Master Submix 'MasterEQSubmixDefault'
[2025.12.18-18.37.25:078][288]LogAudioMixer: FMixerPlatformXAudio2::StartAudioStream() called
[2025.12.18-18.37.25:078][288]LogAudioMixer: Display: Output buffers initialized: Frames=1024, Channels=2, Samples=2048
[2025.12.18-18.37.25:078][288]LogAudioMixer: Display: Starting AudioMixerPlatformInterface::RunInternal()
[2025.12.18-18.37.25:078][288]LogAudioMixer: Display: FMixerPlatformXAudio2::SubmitBuffer() called for the first time
[2025.12.18-18.37.25:078][288]LogInit: FAudioDevice initialized.
[2025.12.18-18.37.25:078][288]LogAudio: Display: Audio Device (ID: 2) registered with world 'StartMenu'.
[2025.12.18-18.37.25:126][288]LogSlate: Updating window title bar state: overlay mode, drag disabled, window buttons hidden, title bar hidden
[2025.12.18-18.37.25:259][288]LogLoad: Game class is 'BP_GameMode_C'
[2025.12.18-18.37.25:268][288]LogWorld: Bringing World /Game/Workplace/Maps/UEDPIE_0_StartMenu.StartMenu up for play (max tick rate 60) at 2025.12.18-21.37.25
[2025.12.18-18.37.25:269][288]LogWorld: Bringing up level for play took: 0.001387
[2025.12.18-18.37.25:270][288]LogOnline: OSS: Creating online subsystem instance for: :Context_4
[2025.12.18-18.37.25:278][288]LogSpawn: Warning: SpawnActor failed because no class was specified
[2025.12.18-18.37.25:357][288]LogNativeClassHierarchy: Verbose: Native class hierarchy updated for 'MovieSceneCapture' in 0.0004 seconds. Added 20 classes and 0 folders.
[2025.12.18-18.37.25:376][288]LogPlayerController: Error: InputMode:UIOnly - Attempting to focus Non-Focusable widget SObjectWidget [Widget.cpp(799)]!
[2025.12.18-18.37.25:376][288]LogViewport: Display: Viewport MouseLockMode Changed, LockOnCapture -> DoNotLock
[2025.12.18-18.37.25:376][288]LogViewport: Display: Viewport MouseCaptureMode Changed, CapturePermanently_IncludingInitialMouseDown -> NoCapture
[2025.12.18-18.37.25:380][288]PIE: Server logged in
[2025.12.18-18.37.25:381][288]PIE: Play in editor total start time 0,447 seconds.
[2025.12.18-18.37.25:424][289]LogRenderer: Reallocating scene render targets to support 1272x688 Format 10 NumSamples 1 (Frame:1).
[2025.12.18-18.37.26:423][332]LogViewport: Display: Viewport MouseLockMode Changed, DoNotLock -> LockOnCapture
[2025.12.18-18.37.26:423][332]LogViewport: Display: Viewport MouseCaptureMode Changed, NoCapture -> CapturePermanently
[2025.12.18-18.37.26:425][332]LogNet: Browse: /Game/Workplace/Maps/FirstLevel
[2025.12.18-18.37.26:426][332]LogLoad: LoadMap: /Game/Workplace/Maps/FirstLevel
[2025.12.18-18.37.26:426][332]LogWorld: BeginTearingDown for /Game/Workplace/Maps/UEDPIE_0_StartMenu
[2025.12.18-18.37.26:429][332]LogWorld: UWorld::CleanupWorld for StartMenu, bSessionEnded=true, bCleanupResources=true
[2025.12.18-18.37.26:429][332]LogSlate: InvalidateAllWidgets triggered.  All widgets were invalidated
[2025.12.18-18.37.26:461][332]LogAudio: Display: Audio Device unregistered from world 'None'.
[2025.12.18-18.37.26:487][332]LogUObjectHash: Compacting FUObjectHashTables data took   3.25ms
[2025.12.18-18.37.27:119][332]LogAudio: Display: Audio Device (ID: 2) registered with world 'FirstLevel'.
[2025.12.18-18.37.27:119][332]LogAIModule: Creating AISystem for world FirstLevel
[2025.12.18-18.37.27:120][332]LogLoad: Game class is 'BP_GameMode_C'
[2025.12.18-18.37.27:132][332]LogWorld: Bringing World /Game/Workplace/Maps/UEDPIE_0_FirstLevel.FirstLevel up for play (max tick rate 60) at 2025.12.18-21.37.27
[2025.12.18-18.37.27:133][332]LogWorld: Bringing up level for play took: 0.011686
[2025.12.18-18.37.27:137][332]LogSpawn: Warning: SpawnActor failed because no class was specified
[2025.12.18-18.37.27:140][332]LogLoad: Took 0.713979 seconds to LoadMap(/Game/Workplace/Maps/FirstLevel)
[2025.12.18-18.37.33:068][684]LogBlueprintUserMessages: [BP_TestClickActor3_2] BP_TestClickActor3
[2025.12.18-18.37.33:083][685]LogBlueprintUserMessages: [BP_TestClickActor3_2] BP_TestClickActor3
[2025.12.18-18.37.33:099][686]LogBlueprintUserMessages: [BP_TestClickActor3_2] BP_TestClickActor3
[2025.12.18-18.37.33:116][687]LogBlueprintUserMessages: [BP_TestClickActor3_2] BP_TestClickActor3
[2025.12.18-18.37.33:219][693]LogBlueprintUserMessages: [BP_TestClickActor3_2] BP_TestClickActor3
[2025.12.18-18.37.33:233][694]LogBlueprintUserMessages: [BP_TestClickActor3_2] BP_TestClickActor3
[2025.12.18-18.37.33:250][695]LogBlueprintUserMessages: [BP_TestClickActor3_2] BP_TestClickActor3
[2025.12.18-18.37.33:351][701]LogBlueprintUserMessages: [BP_TestClickActor3_2] BP_TestClickActor3
[2025.12.18-18.37.33:366][702]LogBlueprintUserMessages: [BP_TestClickActor3_2] BP_TestClickActor3
[2025.12.18-18.37.33:383][703]LogBlueprintUserMessages: [BP_TestClickActor3_2] BP_TestClickActor3
[2025.12.18-18.37.33:400][704]LogBlueprintUserMessages: [BP_TestClickActor3_2] BP_TestClickActor3
[2025.12.18-18.37.44:308][355]LogBlueprintUserMessages: [BP_TestClickActor1_2] BP_TestClickActor1 was clicked
[2025.12.18-18.37.44:323][356]LogBlueprintUserMessages: [BP_TestClickActor1_2] BP_TestClickActor1 was clicked
[2025.12.18-18.37.44:340][357]LogBlueprintUserMessages: [BP_TestClickActor1_2] BP_TestClickActor1 was clicked
[2025.12.18-18.37.44:356][358]LogBlueprintUserMessages: [BP_TestClickActor1_2] BP_TestClickActor1 was clicked
[2025.12.18-18.37.44:373][359]LogBlueprintUserMessages: [BP_TestClickActor1_2] BP_TestClickActor1 was clicked
[2025.12.18-18.37.44:390][360]LogBlueprintUserMessages: [BP_TestClickActor1_2] BP_TestClickActor1 was clicked
[2025.12.18-18.37.44:407][361]LogBlueprintUserMessages: [BP_TestClickActor1_2] BP_TestClickActor1 was clicked
[2025.12.18-18.37.44:423][362]LogBlueprintUserMessages: [BP_TestClickActor1_2] BP_TestClickActor1 was clicked
[2025.12.18-18.37.44:441][363]LogBlueprintUserMessages: [BP_TestClickActor1_2] BP_TestClickActor1 was clicked
[2025.12.18-18.37.44:458][364]LogBlueprintUserMessages: [BP_TestClickActor1_2] BP_TestClickActor1 was clicked
[2025.12.18-18.37.44:474][365]LogBlueprintUserMessages: [BP_TestClickActor1_2] BP_TestClickActor1 was clicked
[2025.12.18-18.37.44:490][366]LogBlueprintUserMessages: [BP_TestClickActor1_2] BP_TestClickActor1 was clicked
[2025.12.18-18.37.44:506][367]LogBlueprintUserMessages: [BP_TestClickActor1_2] BP_TestClickActor1 was clicked
[2025.12.18-18.37.44:523][368]LogBlueprintUserMessages: [BP_TestClickActor1_2] BP_TestClickActor1 was clicked
[2025.12.18-18.37.44:540][369]LogBlueprintUserMessages: [BP_TestClickActor1_2] BP_TestClickActor1 was clicked
[2025.12.18-18.37.44:557][370]LogBlueprintUserMessages: [BP_TestClickActor1_2] BP_TestClickActor1 was clicked
[2025.12.18-18.37.44:573][371]LogBlueprintUserMessages: [BP_TestClickActor1_2] BP_TestClickActor1 was clicked
[2025.12.18-18.37.44:590][372]LogBlueprintUserMessages: [BP_TestClickActor1_2] BP_TestClickActor1 was clicked
[2025.12.18-18.37.44:607][373]LogBlueprintUserMessages: [BP_TestClickActor1_2] BP_TestClickActor1 was clicked
[2025.12.18-18.37.44:624][374]LogBlueprintUserMessages: [BP_TestClickActor1_2] BP_TestClickActor1 was clicked
[2025.12.18-18.37.44:640][375]LogBlueprintUserMessages: [BP_TestClickActor1_2] BP_TestClickActor1 was clicked
[2025.12.18-18.37.44:657][376]LogBlueprintUserMessages: [BP_TestClickActor1_2] BP_TestClickActor1 was clicked
[2025.12.18-18.37.44:673][377]LogBlueprintUserMessages: [BP_TestClickActor1_2] BP_TestClickActor1 was clicked
[2025.12.18-18.37.44:690][378]LogBlueprintUserMessages: [BP_TestClickActor1_2] BP_TestClickActor1 was clicked
[2025.12.18-18.37.44:707][379]LogBlueprintUserMessages: [BP_TestClickActor1_2] BP_TestClickActor1 was clicked
[2025.12.18-18.37.44:723][380]LogBlueprintUserMessages: [BP_TestClickActor1_2] BP_TestClickActor1 was clicked
[2025.12.18-18.37.44:740][381]LogBlueprintUserMessages: [BP_TestClickActor1_2] BP_TestClickActor1 was clicked
[2025.12.18-18.37.44:757][382]LogBlueprintUserMessages: [BP_TestClickActor1_2] BP_TestClickActor1 was clicked
[2025.12.18-18.37.44:774][383]LogBlueprintUserMessages: [BP_TestClickActor1_2] BP_TestClickActor1 was clicked
[2025.12.18-18.37.44:790][384]LogBlueprintUserMessages: [BP_TestClickActor1_2] BP_TestClickActor1 was clicked
[2025.12.18-18.37.44:806][385]LogBlueprintUserMessages: [BP_TestClickActor1_2] BP_TestClickActor1 was clicked
[2025.12.18-18.37.44:823][386]LogBlueprintUserMessages: [BP_TestClickActor1_2] BP_TestClickActor1 was clicked
[2025.12.18-18.37.44:840][387]LogBlueprintUserMessages: [BP_TestClickActor1_2] BP_TestClickActor1 was clicked
[2025.12.18-18.37.44:857][388]LogBlueprintUserMessages: [BP_TestClickActor1_2] BP_TestClickActor1 was clicked
[2025.12.18-18.37.44:874][389]LogBlueprintUserMessages: [BP_TestClickActor1_2] BP_TestClickActor1 was clicked
[2025.12.18-18.37.44:890][390]LogBlueprintUserMessages: [BP_TestClickActor1_2] BP_TestClickActor1 was clicked
[2025.12.18-18.37.44:906][391]LogBlueprintUserMessages: [BP_TestClickActor1_2] BP_TestClickActor1 was clicked
[2025.12.18-18.37.44:923][392]LogBlueprintUserMessages: [BP_TestClickActor1_2] BP_TestClickActor1 was clicked
[2025.12.18-18.37.44:940][393]LogBlueprintUserMessages: [BP_TestClickActor1_2] BP_TestClickActor1 was clicked
[2025.12.18-18.37.44:957][394]LogBlueprintUserMessages: [BP_TestClickActor1_2] BP_TestClickActor1 was clicked
[2025.12.18-18.37.44:974][395]LogBlueprintUserMessages: [BP_TestClickActor1_2] BP_TestClickActor1 was clicked
[2025.12.18-18.37.44:991][396]LogBlueprintUserMessages: [BP_TestClickActor1_2] BP_TestClickActor1 was clicked
[2025.12.18-18.37.45:007][397]LogBlueprintUserMessages: [BP_TestClickActor1_2] BP_TestClickActor1 was clicked
[2025.12.18-18.37.45:024][398]LogBlueprintUserMessages: [BP_TestClickActor1_2] BP_TestClickActor1 was clicked
[2025.12.18-18.37.45:041][399]LogBlueprintUserMessages: [BP_TestClickActor1_2] BP_TestClickActor1 was clicked
[2025.12.18-18.37.45:057][400]LogBlueprintUserMessages: [BP_TestClickActor1_2] BP_TestClickActor1 was clicked
[2025.12.18-18.37.45:073][401]LogBlueprintUserMessages: [BP_TestClickActor1_2] BP_TestClickActor1 was clicked
[2025.12.18-18.37.45:091][402]LogBlueprintUserMessages: [BP_TestClickActor1_2] BP_TestClickActor1 was clicked
[2025.12.18-18.37.45:107][403]LogBlueprintUserMessages: [BP_TestClickActor1_2] BP_TestClickActor1 was clicked
[2025.12.18-18.37.45:123][404]LogBlueprintUserMessages: [BP_TestClickActor1_2] BP_TestClickActor1 was clicked
[2025.12.18-18.37.45:141][405]LogBlueprintUserMessages: [BP_TestClickActor1_2] BP_TestClickActor1 was clicked
[2025.12.18-18.37.45:157][406]LogBlueprintUserMessages: [BP_TestClickActor1_2] BP_TestClickActor1 was clicked
[2025.12.18-18.37.45:173][407]LogBlueprintUserMessages: [BP_TestClickActor1_2] BP_TestClickActor1 was clicked
[2025.12.18-18.37.45:191][408]LogBlueprintUserMessages: [BP_TestClickActor1_2] BP_TestClickActor1 was clicked
[2025.12.18-18.37.45:207][409]LogBlueprintUserMessages: [BP_TestClickActor1_2] BP_TestClickActor1 was clicked
[2025.12.18-18.37.45:224][410]LogBlueprintUserMessages: [BP_TestClickActor1_2] BP_TestClickActor1 was clicked
[2025.12.18-18.37.45:240][411]LogBlueprintUserMessages: [BP_TestClickActor1_2] BP_TestClickActor1 was clicked
[2025.12.18-18.37.45:257][412]LogBlueprintUserMessages: [BP_TestClickActor1_2] BP_TestClickActor1 was clicked
[2025.12.18-18.37.45:274][413]LogBlueprintUserMessages: [BP_TestClickActor1_2] BP_TestClickActor1 was clicked
[2025.12.18-18.37.45:290][414]LogBlueprintUserMessages: [BP_TestClickActor1_2] BP_TestClickActor1 was clicked
[2025.12.18-18.37.45:307][415]LogBlueprintUserMessages: [BP_TestClickActor1_2] BP_TestClickActor1 was clicked
[2025.12.18-18.37.45:324][416]LogBlueprintUserMessages: [BP_TestClickActor1_2] BP_TestClickActor1 was clicked
[2025.12.18-18.37.45:340][417]LogBlueprintUserMessages: [BP_TestClickActor1_2] BP_TestClickActor1 was clicked
[2025.12.18-18.37.45:357][418]LogBlueprintUserMessages: [BP_TestClickActor1_2] BP_TestClickActor1 was clicked
[2025.12.18-18.37.45:374][419]LogBlueprintUserMessages: [BP_TestClickActor1_2] BP_TestClickActor1 was clicked
[2025.12.18-18.37.45:390][420]LogBlueprintUserMessages: [BP_TestClickActor1_2] BP_TestClickActor1 was clicked
[2025.12.18-18.37.45:407][421]LogBlueprintUserMessages: [BP_TestClickActor1_2] BP_TestClickActor1 was clicked
[2025.12.18-18.37.45:423][422]LogBlueprintUserMessages: [BP_TestClickActor1_2] BP_TestClickActor1 was clicked
[2025.12.18-18.37.45:441][423]LogBlueprintUserMessages: [BP_TestClickActor1_2] BP_TestClickActor1 was clicked
[2025.12.18-18.37.45:457][424]LogBlueprintUserMessages: [BP_TestClickActor1_2] BP_TestClickActor1 was clicked
[2025.12.18-18.37.45:473][425]LogBlueprintUserMessages: [BP_TestClickActor1_2] BP_TestClickActor1 was clicked
[2025.12.18-18.37.45:490][426]LogBlueprintUserMessages: [BP_TestClickActor1_2] BP_TestClickActor1 was clicked
[2025.12.18-18.37.45:507][427]LogBlueprintUserMessages: [BP_TestClickActor1_2] BP_TestClickActor1 was clicked
[2025.12.18-18.37.45:524][428]LogBlueprintUserMessages: [BP_TestClickActor1_2] BP_TestClickActor1 was clicked
[2025.12.18-18.37.45:541][429]LogBlueprintUserMessages: [BP_TestClickActor1_2] BP_TestClickActor1 was clicked
[2025.12.18-18.37.45:557][430]LogBlueprintUserMessages: [BP_TestClickActor1_2] BP_TestClickActor1 was clicked
[2025.12.18-18.37.45:574][431]LogBlueprintUserMessages: [BP_TestClickActor1_2] BP_TestClickActor1 was clicked
[2025.12.18-18.37.45:591][432]LogBlueprintUserMessages: [BP_TestClickActor1_2] BP_TestClickActor1 was clicked
[2025.12.18-18.37.45:607][433]LogBlueprintUserMessages: [BP_TestClickActor1_2] BP_TestClickActor1 was clicked
[2025.12.18-18.37.45:624][434]LogBlueprintUserMessages: [BP_TestClickActor1_2] BP_TestClickActor1 was clicked
[2025.12.18-18.37.45:640][435]LogBlueprintUserMessages: [BP_TestClickActor1_2] BP_TestClickActor1 was clicked
[2025.12.18-18.37.45:657][436]LogBlueprintUserMessages: [BP_TestClickActor1_2] BP_TestClickActor1 was clicked
[2025.12.18-18.37.45:673][437]LogBlueprintUserMessages: [BP_TestClickActor1_2] BP_TestClickActor1 was clicked
[2025.12.18-18.37.45:690][438]LogBlueprintUserMessages: [BP_TestClickActor1_2] BP_TestClickActor1 was clicked
[2025.12.18-18.37.45:707][439]LogBlueprintUserMessages: [BP_TestClickActor1_2] BP_TestClickActor1 was clicked
[2025.12.18-18.37.45:724][440]LogBlueprintUserMessages: [BP_TestClickActor1_2] BP_TestClickActor1 was clicked
[2025.12.18-18.37.45:740][441]LogBlueprintUserMessages: [BP_TestClickActor1_2] BP_TestClickActor1 was clicked
[2025.12.18-18.37.45:757][442]LogBlueprintUserMessages: [BP_TestClickActor1_2] BP_TestClickActor1 was clicked
[2025.12.18-18.37.45:773][443]LogBlueprintUserMessages: [BP_TestClickActor1_2] BP_TestClickActor1 was clicked
[2025.12.18-18.37.45:789][444]LogBlueprintUserMessages: [BP_TestClickActor1_2] BP_TestClickActor1 was clicked
[2025.12.18-18.37.45:806][445]LogBlueprintUserMessages: [BP_TestClickActor1_2] BP_TestClickActor1 was clicked
[2025.12.18-18.37.45:823][446]LogBlueprintUserMessages: [BP_TestClickActor1_2] BP_TestClickActor1 was clicked
[2025.12.18-18.37.45:839][447]LogBlueprintUserMessages: [BP_TestClickActor1_2] BP_TestClickActor1 was clicked
[2025.12.18-18.37.45:856][448]LogBlueprintUserMessages: [BP_TestClickActor1_2] BP_TestClickActor1 was clicked
[2025.12.18-18.37.45:873][449]LogBlueprintUserMessages: [BP_TestClickActor1_2] BP_TestClickActor1 was clicked
[2025.12.18-18.37.45:889][450]LogBlueprintUserMessages: [BP_TestClickActor1_2] BP_TestClickActor1 was clicked
[2025.12.18-18.37.45:906][451]LogBlueprintUserMessages: [BP_TestClickActor1_2] BP_TestClickActor1 was clicked
[2025.12.18-18.37.45:923][452]LogBlueprintUserMessages: [BP_TestClickActor1_2] BP_TestClickActor1 was clicked
[2025.12.18-18.37.45:940][453]LogBlueprintUserMessages: [BP_TestClickActor1_2] BP_TestClickActor1 was clicked
[2025.12.18-18.37.45:957][454]LogBlueprintUserMessages: [BP_TestClickActor1_2] BP_TestClickActor1 was clicked
[2025.12.18-18.37.45:973][455]LogBlueprintUserMessages: [BP_TestClickActor1_2] BP_TestClickActor1 was clicked
[2025.12.18-18.37.45:990][456]LogBlueprintUserMessages: [BP_TestClickActor1_2] BP_TestClickActor1 was clicked
[2025.12.18-18.37.46:006][457]LogBlueprintUserMessages: [BP_TestClickActor1_2] BP_TestClickActor1 was clicked
[2025.12.18-18.37.46:023][458]LogBlueprintUserMessages: [BP_TestClickActor1_2] BP_TestClickActor1 was clicked
[2025.12.18-18.37.46:040][459]LogBlueprintUserMessages: [BP_TestClickActor1_2] BP_TestClickActor1 was clicked
[2025.12.18-18.37.46:057][460]LogBlueprintUserMessages: [BP_TestClickActor1_2] BP_TestClickActor1 was clicked
[2025.12.18-18.37.46:073][461]LogBlueprintUserMessages: [BP_TestClickActor1_2] BP_TestClickActor1 was clicked
[2025.12.18-18.37.46:089][462]LogBlueprintUserMessages: [BP_TestClickActor1_2] BP_TestClickActor1 was clicked
[2025.12.18-18.37.46:106][463]LogBlueprintUserMessages: [BP_TestClickActor1_2] BP_TestClickActor1 was clicked
[2025.12.18-18.37.46:123][464]LogBlueprintUserMessages: [BP_TestClickActor1_2] BP_TestClickActor1 was clicked
[2025.12.18-18.37.46:142][465]LogBlueprintUserMessages: [BP_TestClickActor1_2] BP_TestClickActor1 was clicked
[2025.12.18-18.37.46:156][466]LogBlueprintUserMessages: [BP_TestClickActor1_2] BP_TestClickActor1 was clicked
[2025.12.18-18.37.46:174][467]LogBlueprintUserMessages: [BP_TestClickActor1_2] BP_TestClickActor1 was clicked
[2025.12.18-18.37.46:190][468]LogBlueprintUserMessages: [BP_TestClickActor1_2] BP_TestClickActor1 was clicked
[2025.12.18-18.37.46:207][469]LogBlueprintUserMessages: [BP_TestClickActor1_2] BP_TestClickActor1 was clicked
[2025.12.18-18.37.46:225][470]LogBlueprintUserMessages: [BP_TestClickActor1_2] BP_TestClickActor1 was clicked
[2025.12.18-18.37.46:241][471]LogBlueprintUserMessages: [BP_TestClickActor1_2] BP_TestClickActor1 was clicked
[2025.12.18-18.37.46:258][472]LogBlueprintUserMessages: [BP_TestClickActor1_2] BP_TestClickActor1 was clicked
[2025.12.18-18.37.46:274][473]LogBlueprintUserMessages: [BP_TestClickActor1_2] BP_TestClickActor1 was clicked
[2025.12.18-18.37.46:291][474]LogBlueprintUserMessages: [BP_TestClickActor1_2] BP_TestClickActor1 was clicked
[2025.12.18-18.37.46:308][475]LogBlueprintUserMessages: [BP_TestClickActor1_2] BP_TestClickActor1 was clicked
[2025.12.18-18.37.46:325][476]LogBlueprintUserMessages: [BP_TestClickActor1_2] BP_TestClickActor1 was clicked
[2025.12.18-18.37.46:341][477]LogBlueprintUserMessages: [BP_TestClickActor1_2] BP_TestClickActor1 was clicked
[2025.12.18-18.37.46:358][478]LogBlueprintUserMessages: [BP_TestClickActor1_2] BP_TestClickActor1 was clicked
[2025.12.18-18.37.46:375][479]LogBlueprintUserMessages: [BP_TestClickActor1_2] BP_TestClickActor1 was clicked
[2025.12.18-18.37.46:391][480]LogBlueprintUserMessages: [BP_TestClickActor1_2] BP_TestClickActor1 was clicked
[2025.12.18-18.37.46:407][481]LogBlueprintUserMessages: [BP_TestClickActor1_2] BP_TestClickActor1 was clicked
[2025.12.18-18.37.46:425][482]LogBlueprintUserMessages: [BP_TestClickActor1_2] BP_TestClickActor1 was clicked
[2025.12.18-18.37.46:441][483]LogBlueprintUserMessages: [BP_TestClickActor1_2] BP_TestClickActor1 was clicked
[2025.12.18-18.37.46:458][484]LogBlueprintUserMessages: [BP_TestClickActor1_2] BP_TestClickActor1 was clicked
[2025.12.18-18.37.46:475][485]LogBlueprintUserMessages: [BP_TestClickActor1_2] BP_TestClickActor1 was clicked
[2025.12.18-18.37.46:491][486]LogBlueprintUserMessages: [BP_TestClickActor1_2] BP_TestClickActor1 was clicked
[2025.12.18-18.37.46:509][487]LogBlueprintUserMessages: [BP_TestClickActor1_2] BP_TestClickActor1 was clicked
[2025.12.18-18.37.46:525][488]LogBlueprintUserMessages: [BP_TestClickActor1_2] BP_TestClickActor1 was clicked
[2025.12.18-18.37.46:541][489]LogBlueprintUserMessages: [BP_TestClickActor1_2] BP_TestClickActor1 was clicked
[2025.12.18-18.37.46:558][490]LogBlueprintUserMessages: [BP_TestClickActor1_2] BP_TestClickActor1 was clicked
[2025.12.18-18.37.46:575][491]LogBlueprintUserMessages: [BP_TestClickActor1_2] BP_TestClickActor1 was clicked
[2025.12.18-18.37.46:591][492]LogBlueprintUserMessages: [BP_TestClickActor1_2] BP_TestClickActor1 was clicked
[2025.12.18-18.37.46:608][493]LogBlueprintUserMessages: [BP_TestClickActor1_2] BP_TestClickActor1 was clicked
[2025.12.18-18.37.46:625][494]LogBlueprintUserMessages: [BP_TestClickActor1_2] BP_TestClickActor1 was clicked
[2025.12.18-18.38.10:459][919]LogBlueprintUserMessages: [BP_3DPrinter_6] 1
[2025.12.18-18.38.22:014][608]LogBlueprintUserMessages: [BP_3DPrinter_6] 2
[2025.12.18-18.38.34:089][327]LogBlueprintUserMessages: [BP_3DPrinter_6] 3
[2025.12.18-18.38.43:195][873]LogBlueprintUserMessages: [BP_3DPrinter_6] 4
[2025.12.18-18.38.55:920][634]LogNet: Browse: /Game/Workplace/Maps/FirstLevel
[2025.12.18-18.38.55:920][634]LogLoad: LoadMap: /Game/Workplace/Maps/FirstLevel
[2025.12.18-18.38.55:920][634]LogWorld: BeginTearingDown for /Game/Workplace/Maps/UEDPIE_0_FirstLevel
[2025.12.18-18.38.55:981][634]LogWorld: UWorld::CleanupWorld for FirstLevel, bSessionEnded=true, bCleanupResources=true
[2025.12.18-18.38.55:984][634]LogSlate: InvalidateAllWidgets triggered.  All widgets were invalidated
[2025.12.18-18.38.56:031][634]LogAudio: Display: Audio Device unregistered from world 'None'.
[2025.12.18-18.38.56:036][634]LogUObjectHash: Compacting FUObjectHashTables data took   2.94ms
[2025.12.18-18.38.56:063][634]LogAudio: Display: Audio Device (ID: 2) registered with world 'FirstLevel'.
[2025.12.18-18.38.56:063][634]LogAIModule: Creating AISystem for world FirstLevel
[2025.12.18-18.38.56:064][634]LogLoad: Game class is 'BP_GameMode_C'
[2025.12.18-18.38.56:071][634]LogWorld: Bringing World /Game/Workplace/Maps/UEDPIE_0_FirstLevel.FirstLevel up for play (max tick rate 60) at 2025.12.18-21.38.56
[2025.12.18-18.38.56:072][634]LogWorld: Bringing up level for play took: 0.007314
[2025.12.18-18.38.56:072][634]LogSpawn: Warning: SpawnActor failed because no class was specified
[2025.12.18-18.38.56:073][634]LogLoad: Took 0.151876 seconds to LoadMap(/Game/Workplace/Maps/FirstLevel)
[2025.12.18-18.38.56:617][662]LogSlate: Updating window title bar state: overlay mode, drag disabled, window buttons hidden, title bar hidden
[2025.12.18-18.38.56:617][662]LogWorld: BeginTearingDown for /Game/Workplace/Maps/UEDPIE_0_FirstLevel
[2025.12.18-18.38.56:618][662]LogSlate: Window 'Mini_laboratory Preview [NetMode: Standalone]  (64-bit/Windows) ' being destroyed
[2025.12.18-18.38.56:622][662]LogWorld: UWorld::CleanupWorld for FirstLevel, bSessionEnded=true, bCleanupResources=true
[2025.12.18-18.38.56:622][662]LogSlate: InvalidateAllWidgets triggered.  All widgets were invalidated
[2025.12.18-18.38.56:631][662]LogPlayLevel: Display: Shutting down PIE online subsystems
[2025.12.18-18.38.56:635][662]LogSlate: InvalidateAllWidgets triggered.  All widgets were invalidated
[2025.12.18-18.38.56:669][662]LogAudioMixer: FMixerPlatformXAudio2::StopAudioStream() called
[2025.12.18-18.38.56:671][662]LogAudioMixer: FMixerPlatformXAudio2::StopAudioStream() called
[2025.12.18-18.38.56:682][662]LogUObjectHash: Compacting FUObjectHashTables data took   2.38ms
[2025.12.18-18.38.56:699][663]LogPlayLevel: Display: Destroying online subsystem :Context_4
[2025.12.18-18.39.05:982][208]LogUObjectHash: Compacting FUObjectHashTables data took   2.36ms
[2025.12.18-18.39.07:542][298]LogUObjectHash: Compacting FUObjectHashTables data took   1.95ms
[2025.12.18-18.39.09:158][393]LogUObjectHash: Compacting FUObjectHashTables data took   1.70ms
[2025.12.18-18.39.10:486][471]LogUObjectHash: Compacting FUObjectHashTables data took   1.69ms
[2025.12.18-18.39.11:961][557]LogUObjectHash: Compacting FUObjectHashTables data took   1.81ms
[2025.12.18-18.39.13:214][630]LogUObjectHash: Compacting FUObjectHashTables data took   1.82ms
[2025.12.18-18.39.14:741][719]LogUObjectHash: Compacting FUObjectHashTables data took   1.80ms
[2025.12.18-18.39.17:343][852]LogEditorViewport: Clicking Background
[2025.12.18-18.39.19:326][968]LogUObjectHash: Compacting FUObjectHashTables data took   1.88ms
[2025.12.18-18.39.20:670][ 46]LogUObjectHash: Compacting FUObjectHashTables data took   1.81ms
[2025.12.18-18.39.22:124][131]LogUObjectHash: Compacting FUObjectHashTables data took   1.79ms
[2025.12.18-18.39.25:233][295]LogContentBrowser: Deferred new asset folder creation: NewFolder
[2025.12.18-18.39.25:242][295]LogContentBrowser: Creating deferred item: NewFolder
[2025.12.18-18.39.29:269][533]LogWindowsTextInputMethodSystem: Display: IME system deactivated.
[2025.12.18-18.39.29:269][533]LogWindowsTextInputMethodSystem: Display: IME system deactivated.
[2025.12.18-18.39.31:247][649]LogContentBrowser: Attempting asset rename: NewFolder -> Meshes
[2025.12.18-18.39.31:248][649]LogContentBrowser: End creating deferred item NewFolder
[2025.12.18-18.39.37:107][997]LogUObjectHash: Compacting FUObjectHashTables data took   1.72ms
[2025.12.18-18.39.58:904][397]LogFactory: FactoryCreateFile: StaticMesh with FbxFactory (0 0 D:\WORKPLACE\Mini_laboratory\MEPhI_VR_term_1\blender FBX\3D_printer.fbx)
[2025.12.18-18.39.58:928][397]LogFbx: Loading FBX Scene from D:\WORKPLACE\Mini_laboratory\MEPhI_VR_term_1\blender FBX\3D_printer.fbx
[2025.12.18-18.39.58:945][397]LogFbx: FBX Scene Loaded Succesfully
[2025.12.18-18.40.03:532][397]LogSlate: Window 'FBX Import Options' being destroyed
[2025.12.18-18.40.03:584][397]LogUObjectHash: Compacting FUObjectHashTables data took   1.82ms
[2025.12.18-18.40.03:586][397]LogUObjectGlobals: Force Deleting 0 Package(s):
[2025.12.18-18.40.05:517][397]LogUObjectHash: Compacting FUObjectHashTables data took   0.57ms
[2025.12.18-18.40.05:519][397]FBXImport: FBX File Loading: Found name clash, node 'Bone' was renamed to 'Bone1' 
[2025.12.18-18.40.05:519][397]FBXImport: FBX File Loading: Found name clash, node 'Bone' was renamed to 'Bone2' 
[2025.12.18-18.40.05:519][397]FBXImport: FBX File Loading: Found name clash, node 'Bone' was renamed to 'Bone3' 
[2025.12.18-18.40.05:519][397]FBXImport: FBX File Loading: Found name clash, node 'Bone' was renamed to 'Bone4' 
[2025.12.18-18.40.05:519][397]FBXImport: FBX File Loading: Found name clash, node 'Bone' was renamed to 'Bone5' 
[2025.12.18-18.40.05:519][397]FBXImport: FBX File Loading: Found name clash, node 'Bone' was renamed to 'Bone6' 
[2025.12.18-18.40.05:519][397]FBXImport: FBX File Loading: Found name clash, node 'Bone_end' was renamed to 'Bone_end7' 
[2025.12.18-18.40.05:519][397]FBXImport: FBX File Loading: Found name clash, node 'Bone_end' was renamed to 'Bone_end8' 
[2025.12.18-18.40.05:519][397]FBXImport: FBX File Loading: Found name clash, node 'Bone_end' was renamed to 'Bone_end9' 
[2025.12.18-18.40.05:519][397]FBXImport: FBX File Loading: Found name clash, node 'Bone_end' was renamed to 'Bone_end10' 
[2025.12.18-18.40.05:519][397]FBXImport: FBX File Loading: Found name clash, node 'Bone_end' was renamed to 'Bone_end11' 
[2025.12.18-18.40.05:519][397]FBXImport: FBX File Loading: Found name clash, node 'Bone_end' was renamed to 'Bone_end12' 
[2025.12.18-18.40.05:519][397]FBXImport: Import was canceled. 
[2025.12.18-18.40.05:579][397]LogAssetTools: The import task was canceled.
[2025.12.18-18.40.05:635][397]LogSlate: Took 0.008031 seconds to synchronously load lazily loaded font '../../../Engine/Content/Slate/Fonts/DroidSansMono.ttf' (77K)
[2025.12.18-18.40.43:799][189]LogFactory: FactoryCreateFile: StaticMesh with FbxFactory (0 0 D:\WORKPLACE\Mini_laboratory\MEPhI_VR_term_1\blender FBX\3D_printer.fbx)
[2025.12.18-18.40.43:806][189]LogFbx: Loading FBX Scene from D:\WORKPLACE\Mini_laboratory\MEPhI_VR_term_1\blender FBX\3D_printer.fbx
[2025.12.18-18.40.43:816][189]LogFbx: FBX Scene Loaded Succesfully
[2025.12.18-18.41.06:656][189]LogSlate: Window 'FBX Import Options' being destroyed
[2025.12.18-18.41.06:747][189]LogUObjectHash: Compacting FUObjectHashTables data took   2.73ms
[2025.12.18-18.41.06:752][189]LogUObjectGlobals: Force Deleting 0 Package(s):
[2025.12.18-18.41.07:014][189]LogUObjectHash: Compacting FUObjectHashTables data took   0.60ms
[2025.12.18-18.41.07:016][189]FBXImport: FBX File Loading: Found name clash, node 'Bone' was renamed to 'Bone1' 
[2025.12.18-18.41.07:016][189]FBXImport: FBX File Loading: Found name clash, node 'Bone' was renamed to 'Bone2' 
[2025.12.18-18.41.07:016][189]FBXImport: FBX File Loading: Found name clash, node 'Bone' was renamed to 'Bone3' 
[2025.12.18-18.41.07:016][189]FBXImport: FBX File Loading: Found name clash, node 'Bone' was renamed to 'Bone4' 
[2025.12.18-18.41.07:016][189]FBXImport: FBX File Loading: Found name clash, node 'Bone' was renamed to 'Bone5' 
[2025.12.18-18.41.07:016][189]FBXImport: FBX File Loading: Found name clash, node 'Bone' was renamed to 'Bone6' 
[2025.12.18-18.41.07:016][189]FBXImport: FBX File Loading: Found name clash, node 'Bone_end' was renamed to 'Bone_end7' 
[2025.12.18-18.41.07:016][189]FBXImport: FBX File Loading: Found name clash, node 'Bone_end' was renamed to 'Bone_end8' 
[2025.12.18-18.41.07:016][189]FBXImport: FBX File Loading: Found name clash, node 'Bone_end' was renamed to 'Bone_end9' 
[2025.12.18-18.41.07:016][189]FBXImport: FBX File Loading: Found name clash, node 'Bone_end' was renamed to 'Bone_end10' 
[2025.12.18-18.41.07:016][189]FBXImport: FBX File Loading: Found name clash, node 'Bone_end' was renamed to 'Bone_end11' 
[2025.12.18-18.41.07:016][189]FBXImport: FBX File Loading: Found name clash, node 'Bone_end' was renamed to 'Bone_end12' 
[2025.12.18-18.41.07:016][189]FBXImport: Import was canceled. 
[2025.12.18-18.41.07:020][189]LogAssetTools: The import task was canceled.
[2025.12.18-18.41.37:637][401]LogFactory: FactoryCreateFile: StaticMesh with FbxFactory (0 0 D:\WORKPLACE\Mini_laboratory\MEPhI_VR_term_1\blender FBX\3D_printer.fbx)
[2025.12.18-18.41.37:643][401]LogFbx: Loading FBX Scene from D:\WORKPLACE\Mini_laboratory\MEPhI_VR_term_1\blender FBX\3D_printer.fbx
[2025.12.18-18.41.37:653][401]LogFbx: FBX Scene Loaded Succesfully
[2025.12.18-18.42.10:107][401]LogSlate: Window 'FBX Import Options' being destroyed
[2025.12.18-18.42.10:129][401]LogFbx: Display: Triangulating static mesh Table
[2025.12.18-18.42.10:140][401]LogStaticMesh: Building static mesh 3D_printer_Table...
[2025.12.18-18.42.10:146][401]LogStaticMesh: Built static mesh [0.01s] /Game/Workplace/Meshes/3D_printer_Table.3D_printer_Table
[2025.12.18-18.42.10:151][401]LogStaticMesh: Warning: 3D_printer_Table has degenerate tangent bases which will result in incorrect shading.  MikkTSpace relies on tangent bases and may result in mesh corruption, consider disabling this option.
[2025.12.18-18.42.10:151][401]LogStaticMesh: Warning: 3D_printer_Table has some nearly zero bi-normals which can create some issues. (Tolerance of 1E-4)
[2025.12.18-18.42.10:159][401]LogFbx: Display: Triangulating static mesh Direction Z3
[2025.12.18-18.42.10:161][401]LogStaticMesh: Building static mesh 3D_printer_Direction_Z3...
[2025.12.18-18.42.10:164][401]LogStaticMesh: Built static mesh [0.00s] /Game/Workplace/Meshes/3D_printer_Direction_Z3.3D_printer_Direction_Z3
[2025.12.18-18.42.10:168][401]LogFbx: Display: Triangulating static mesh Direction Z2
[2025.12.18-18.42.10:170][401]LogStaticMesh: Building static mesh 3D_printer_Direction_Z2...
[2025.12.18-18.42.10:172][401]LogStaticMesh: Built static mesh [0.00s] /Game/Workplace/Meshes/3D_printer_Direction_Z2.3D_printer_Direction_Z2
[2025.12.18-18.42.10:178][401]LogFbx: Display: Triangulating static mesh Direction Z1
[2025.12.18-18.42.10:180][401]LogStaticMesh: Building static mesh 3D_printer_Direction_Z1...
[2025.12.18-18.42.10:182][401]LogStaticMesh: Built static mesh [0.00s] /Game/Workplace/Meshes/3D_printer_Direction_Z1.3D_printer_Direction_Z1
[2025.12.18-18.42.10:187][401]LogFbx: Display: Triangulating static mesh Extruder
[2025.12.18-18.42.10:191][401]LogStaticMesh: Building static mesh 3D_printer_Extruder...
[2025.12.18-18.42.10:193][401]LogStaticMesh: Built static mesh [0.00s] /Game/Workplace/Meshes/3D_printer_Extruder.3D_printer_Extruder
[2025.12.18-18.42.10:193][401]LogStaticMesh: Warning: 3D_printer_Extruder has degenerate tangent bases which will result in incorrect shading.  MikkTSpace relies on tangent bases and may result in mesh corruption, consider disabling this option.
[2025.12.18-18.42.10:193][401]LogStaticMesh: Warning: 3D_printer_Extruder has some nearly zero bi-normals which can create some issues. (Tolerance of 1E-4)
[2025.12.18-18.42.10:199][401]LogFbx: Display: Triangulating static mesh Direction X
[2025.12.18-18.42.10:202][401]LogStaticMesh: Building static mesh 3D_printer_Direction_X...
[2025.12.18-18.42.10:203][401]LogStaticMesh: Built static mesh [0.00s] /Game/Workplace/Meshes/3D_printer_Direction_X.3D_printer_Direction_X
[2025.12.18-18.42.10:203][401]LogStaticMesh: Warning: 3D_printer_Direction_X has degenerate tangent bases which will result in incorrect shading.  MikkTSpace relies on tangent bases and may result in mesh corruption, consider disabling this option.
[2025.12.18-18.42.10:203][401]LogStaticMesh: Warning: 3D_printer_Direction_X has some nearly zero bi-normals which can create some issues. (Tolerance of 1E-4)
[2025.12.18-18.42.10:207][401]LogFbx: Display: Triangulating static mesh Corpus
[2025.12.18-18.42.10:217][401]LogStaticMesh: Building static mesh 3D_printer_Corpus...
[2025.12.18-18.42.10:222][401]LogStaticMesh: Built static mesh [0.01s] /Game/Workplace/Meshes/3D_printer_Corpus.3D_printer_Corpus
[2025.12.18-18.42.10:224][401]LogStaticMesh: Warning: 3D_printer_Corpus has degenerate tangent bases which will result in incorrect shading.  MikkTSpace relies on tangent bases and may result in mesh corruption, consider disabling this option.
[2025.12.18-18.42.10:224][401]LogStaticMesh: Warning: 3D_printer_Corpus has some nearly zero bi-normals which can create some issues. (Tolerance of 1E-4)
[2025.12.18-18.42.10:232][401]LogFbx: Display: Triangulating static mesh Door
[2025.12.18-18.42.10:233][401]LogStaticMesh: Building static mesh 3D_printer_Door...
[2025.12.18-18.42.10:234][401]LogStaticMesh: Built static mesh [0.00s] /Game/Workplace/Meshes/3D_printer_Door.3D_printer_Door
[2025.12.18-18.42.10:234][401]LogStaticMesh: Warning: 3D_printer_Door has degenerate tangent bases which will result in incorrect shading.  MikkTSpace relies on tangent bases and may result in mesh corruption, consider disabling this option.
[2025.12.18-18.42.10:234][401]LogStaticMesh: Warning: 3D_printer_Door has some nearly zero bi-normals which can create some issues. (Tolerance of 1E-4)
[2025.12.18-18.42.10:319][401]FBXImport: FBX File Loading: Found name clash, node 'Bone' was renamed to 'Bone1' 
[2025.12.18-18.42.10:319][401]FBXImport: FBX File Loading: Found name clash, node 'Bone' was renamed to 'Bone2' 
[2025.12.18-18.42.10:319][401]FBXImport: FBX File Loading: Found name clash, node 'Bone' was renamed to 'Bone3' 
[2025.12.18-18.42.10:319][401]FBXImport: FBX File Loading: Found name clash, node 'Bone' was renamed to 'Bone4' 
[2025.12.18-18.42.10:319][401]FBXImport: FBX File Loading: Found name clash, node 'Bone' was renamed to 'Bone5' 
[2025.12.18-18.42.10:319][401]FBXImport: FBX File Loading: Found name clash, node 'Bone' was renamed to 'Bone6' 
[2025.12.18-18.42.10:319][401]FBXImport: FBX File Loading: Found name clash, node 'Bone_end' was renamed to 'Bone_end7' 
[2025.12.18-18.42.10:319][401]FBXImport: FBX File Loading: Found name clash, node 'Bone_end' was renamed to 'Bone_end8' 
[2025.12.18-18.42.10:319][401]FBXImport: FBX File Loading: Found name clash, node 'Bone_end' was renamed to 'Bone_end9' 
[2025.12.18-18.42.10:319][401]FBXImport: FBX File Loading: Found name clash, node 'Bone_end' was renamed to 'Bone_end10' 
[2025.12.18-18.42.10:319][401]FBXImport: FBX File Loading: Found name clash, node 'Bone_end' was renamed to 'Bone_end11' 
[2025.12.18-18.42.10:319][401]FBXImport: FBX File Loading: Found name clash, node 'Bone_end' was renamed to 'Bone_end12' 
[2025.12.18-18.42.10:319][401]FBXImport: Warning: No smoothing group information was found in this FBX scene.  Please make sure to enable the 'Export Smoothing Groups' option in the FBX Exporter plug-in before exporting the file.  Even for tools that don't support smoothing groups, the FBX Exporter will generate appropriate smoothing data at export-time so that correct vertex normals can be inferred while importing. 
[2025.12.18-18.42.10:319][401]FBXImport: Warning: 3D_printer_Table has degenerate tangent bases which will result in incorrect shading.  MikkTSpace relies on tangent bases and may result in mesh corruption, consider disabling this option. 
[2025.12.18-18.42.10:319][401]FBXImport: Warning: 3D_printer_Table has some nearly zero bi-normals which can create some issues. (Tolerance of 1E-4) 
[2025.12.18-18.42.10:319][401]FBXImport: Warning: 3D_printer_Extruder has degenerate tangent bases which will result in incorrect shading.  MikkTSpace relies on tangent bases and may result in mesh corruption, consider disabling this option. 
[2025.12.18-18.42.10:319][401]FBXImport: Warning: 3D_printer_Extruder has some nearly zero bi-normals which can create some issues. (Tolerance of 1E-4) 
[2025.12.18-18.42.10:319][401]FBXImport: Warning: 3D_printer_Direction_X has degenerate tangent bases which will result in incorrect shading.  MikkTSpace relies on tangent bases and may result in mesh corruption, consider disabling this option. 
[2025.12.18-18.42.10:319][401]FBXImport: Warning: 3D_printer_Direction_X has some nearly zero bi-normals which can create some issues. (Tolerance of 1E-4) 
[2025.12.18-18.42.10:319][401]FBXImport: Warning: 3D_printer_Corpus has degenerate tangent bases which will result in incorrect shading.  MikkTSpace relies on tangent bases and may result in mesh corruption, consider disabling this option. 
[2025.12.18-18.42.10:319][401]FBXImport: Warning: 3D_printer_Corpus has some nearly zero bi-normals which can create some issues. (Tolerance of 1E-4) 
[2025.12.18-18.42.10:319][401]FBXImport: Warning: 3D_printer_Door has degenerate tangent bases which will result in incorrect shading.  MikkTSpace relies on tangent bases and may result in mesh corruption, consider disabling this option. 
[2025.12.18-18.42.10:319][401]FBXImport: Warning: 3D_printer_Door has some nearly zero bi-normals which can create some issues. (Tolerance of 1E-4) 
[2025.12.18-18.42.23:097][136]LogUObjectHash: Compacting FUObjectHashTables data took   2.28ms
[2025.12.18-18.42.25:120][136]LogSlate: Window 'Save Content' being destroyed
[2025.12.18-18.42.25:243][136]LogSavePackage: Moving '../../../../../../WORKPLACE/Mini_laboratory/MEPhI_VR_term_1/Mini_laboratory/Saved/3D_printer_Corpus2668A7DE4EB4BBA9E96A2ABF8408188D.tmp' to '../../../../../../WORKPLACE/Mini_laboratory/MEPhI_VR_term_1/Mini_laboratory/Content/Workplace/Meshes/3D_printer_Corpus.uasset'
[2025.12.18-18.42.25:270][136]LogSavePackage: Moving '../../../../../../WORKPLACE/Mini_laboratory/MEPhI_VR_term_1/Mini_laboratory/Saved/3D_printer_Direction_XC605F4ED419890B7FCF27B9B02BB634D.tmp' to '../../../../../../WORKPLACE/Mini_laboratory/MEPhI_VR_term_1/Mini_laboratory/Content/Workplace/Meshes/3D_printer_Direction_X.uasset'
[2025.12.18-18.42.25:297][136]LogSavePackage: Moving '../../../../../../WORKPLACE/Mini_laboratory/MEPhI_VR_term_1/Mini_laboratory/Saved/3D_printer_Direction_Z1EDA7548F497C8217EFE937B87B408092.tmp' to '../../../../../../WORKPLACE/Mini_laboratory/MEPhI_VR_term_1/Mini_laboratory/Content/Workplace/Meshes/3D_printer_Direction_Z1.uasset'
[2025.12.18-18.42.25:325][136]LogSavePackage: Moving '../../../../../../WORKPLACE/Mini_laboratory/MEPhI_VR_term_1/Mini_laboratory/Saved/3D_printer_Direction_Z236D8DB6E4C00137E97A0509ADB2BF240.tmp' to '../../../../../../WORKPLACE/Mini_laboratory/MEPhI_VR_term_1/Mini_laboratory/Content/Workplace/Meshes/3D_printer_Direction_Z2.uasset'
[2025.12.18-18.42.25:352][136]LogSavePackage: Moving '../../../../../../WORKPLACE/Mini_laboratory/MEPhI_VR_term_1/Mini_laboratory/Saved/3D_printer_Direction_Z3E3C227A74324527B8873FEB6EE80BCBF.tmp' to '../../../../../../WORKPLACE/Mini_laboratory/MEPhI_VR_term_1/Mini_laboratory/Content/Workplace/Meshes/3D_printer_Direction_Z3.uasset'
[2025.12.18-18.42.25:377][136]LogSavePackage: Moving '../../../../../../WORKPLACE/Mini_laboratory/MEPhI_VR_term_1/Mini_laboratory/Saved/3D_printer_Door173B15AC496DACDE17CFF8923C84D3B5.tmp' to '../../../../../../WORKPLACE/Mini_laboratory/MEPhI_VR_term_1/Mini_laboratory/Content/Workplace/Meshes/3D_printer_Door.uasset'
[2025.12.18-18.42.25:405][136]LogSavePackage: Moving '../../../../../../WORKPLACE/Mini_laboratory/MEPhI_VR_term_1/Mini_laboratory/Saved/3D_printer_Extruder2638D9B7419A0024349A4299817C96B8.tmp' to '../../../../../../WORKPLACE/Mini_laboratory/MEPhI_VR_term_1/Mini_laboratory/Content/Workplace/Meshes/3D_printer_Extruder.uasset'
[2025.12.18-18.42.25:431][136]LogSavePackage: Moving '../../../../../../WORKPLACE/Mini_laboratory/MEPhI_VR_term_1/Mini_laboratory/Saved/3D_printer_Table28612051471B9098C8C082B1AB64FF7E.tmp' to '../../../../../../WORKPLACE/Mini_laboratory/MEPhI_VR_term_1/Mini_laboratory/Content/Workplace/Meshes/3D_printer_Table.uasset'
[2025.12.18-18.42.25:675][136]LogAssetEditorSubsystem: Opening Asset editor for World /Game/Workplace/Maps/FirstLevel.FirstLevel
[2025.12.18-18.42.25:677][136]Cmd: MAP LOAD FILE="../../../../../../WORKPLACE/Mini_laboratory/MEPhI_VR_term_1/Mini_laboratory/Content/Workplace/Maps/FirstLevel.umap" TEMPLATE=0 SHOWPROGRESS=1 FEATURELEVEL=3
[2025.12.18-18.42.25:677][136]LightingResults: New page: Lighting Build
[2025.12.18-18.42.25:678][136]LoadErrors: New page: Loading map: FirstLevel.umap
[2025.12.18-18.42.25:691][136]LogWorld: UWorld::CleanupWorld for StartMenu, bSessionEnded=true, bCleanupResources=true
[2025.12.18-18.42.25:692][136]LogSlate: InvalidateAllWidgets triggered.  All widgets were invalidated
[2025.12.18-18.42.25:692][136]MapCheck: New page: Map Check
[2025.12.18-18.42.25:692][136]LightingResults: New page: Lighting Build
[2025.12.18-18.42.25:716][136]LogAudio: Display: Audio Device unregistered from world 'None'.
[2025.12.18-18.42.25:722][136]LogUObjectHash: Compacting FUObjectHashTables data took   2.46ms
[2025.12.18-18.42.25:724][136]LogAudio: Display: Audio Device (ID: 1) registered with world 'FirstLevel'.
[2025.12.18-18.42.25:827][136]LogEditorServer: Finished looking for orphan Actors (0.000 secs)
[2025.12.18-18.42.25:827][136]LogAIModule: Creating AISystem for world FirstLevel
[2025.12.18-18.42.25:858][136]LogUObjectHash: Compacting FUObjectHashTables data took   2.08ms
[2025.12.18-18.42.25:863][136]Cmd: MAP CHECKDEP NOCLEARLOG
[2025.12.18-18.42.25:864][136]MapCheck: Map check complete: 0 Error(s), 0 Warning(s), took 1,115ms to complete.
[2025.12.18-18.42.25:864][136]LogFileHelpers: Loading map 'FirstLevel' took 0.189
[2025.12.18-18.42.25:897][136]AssetCheck: New page: Asset Save: multiple assets
[2025.12.18-18.42.25:898][136]LogContentValidation: Display: Validating StaticMesh /Game/Workplace/Meshes/3D_printer_Door.3D_printer_Door
[2025.12.18-18.42.25:898][136]LogContentValidation: Display: Validating StaticMesh /Game/Workplace/Meshes/3D_printer_Corpus.3D_printer_Corpus
[2025.12.18-18.42.25:898][136]LogContentValidation: Display: Validating StaticMesh /Game/Workplace/Meshes/3D_printer_Direction_X.3D_printer_Direction_X
[2025.12.18-18.42.25:898][136]LogContentValidation: Display: Validating StaticMesh /Game/Workplace/Meshes/3D_printer_Extruder.3D_printer_Extruder
[2025.12.18-18.42.25:898][136]LogContentValidation: Display: Validating StaticMesh /Game/Workplace/Meshes/3D_printer_Direction_Z1.3D_printer_Direction_Z1
[2025.12.18-18.42.25:898][136]LogContentValidation: Display: Validating StaticMesh /Game/Workplace/Meshes/3D_printer_Direction_Z2.3D_printer_Direction_Z2
[2025.12.18-18.42.25:898][136]LogContentValidation: Display: Validating StaticMesh /Game/Workplace/Meshes/3D_printer_Direction_Z3.3D_printer_Direction_Z3
[2025.12.18-18.42.25:898][136]LogContentValidation: Display: Validating StaticMesh /Game/Workplace/Meshes/3D_printer_Table.3D_printer_Table
[2025.12.18-18.42.38:263][866]LogActorFactory: Actor Factory created 3D_printer_Corpus
[2025.12.18-18.42.38:879][903]LogActorFactory: Actor Factory created 3D_printer_Corpus
[2025.12.18-18.42.48:432][463]LogActorFactory: Actor Factory created 3D_printer_Extruder
[2025.12.18-18.42.50:154][566]LogActorFactory: Actor Factory created 3D_printer_Extruder
[2025.12.18-18.42.55:535][882]Cmd: TRANSACTION UNDO
[2025.12.18-18.42.55:535][882]LogEditorTransaction: Undo Create Actors
[2025.12.18-18.42.59:759][119]Cmd: TRANSACTION UNDO
[2025.12.18-18.42.59:759][119]LogEditorTransaction: Undo Create Actors
[2025.12.18-18.44.10:919][114]LogWindowsTextInputMethodSystem: Display: IME system deactivated.
[2025.12.18-18.44.10:919][114]LogWindowsTextInputMethodSystem: Display: IME system deactivated.
[2025.12.18-18.44.24:192][875]LogUObjectHash: Compacting FUObjectHashTables data took   2.63ms
[2025.12.18-18.44.25:644][875]LogSlate: Window 'Delete Assets' being destroyed
[2025.12.18-18.44.25:794][875]LogUObjectHash: Compacting FUObjectHashTables data took   3.77ms
[2025.12.18-18.44.25:827][875]LogUObjectHash: Compacting FUObjectHashTables data took   0.55ms
[2025.12.18-18.44.25:855][875]LogUObjectHash: Compacting FUObjectHashTables data took   0.61ms
[2025.12.18-18.44.25:883][875]LogUObjectHash: Compacting FUObjectHashTables data took   0.56ms
[2025.12.18-18.44.25:908][875]LogUObjectHash: Compacting FUObjectHashTables data took   0.55ms
[2025.12.18-18.44.25:933][875]LogUObjectHash: Compacting FUObjectHashTables data took   0.56ms
[2025.12.18-18.44.25:959][875]LogUObjectHash: Compacting FUObjectHashTables data took   0.56ms
[2025.12.18-18.44.25:984][875]LogUObjectHash: Compacting FUObjectHashTables data took   0.55ms
[2025.12.18-18.44.26:020][875]LogUObjectHash: Compacting FUObjectHashTables data took   1.80ms
[2025.12.18-18.44.26:046][875]LogUObjectHash: Compacting FUObjectHashTables data took   0.55ms
[2025.12.18-18.44.41:271][ 58]LogWindowsTextInputMethodSystem: Display: IME system deactivated.
[2025.12.18-18.44.41:271][ 58]LogWindowsTextInputMethodSystem: Display: IME system deactivated.
[2025.12.18-18.44.51:923][490]LogFactory: FactoryCreateFile: StaticMesh with FbxFactory (0 0 D:\WORKPLACE\Mini_laboratory\MEPhI_VR_term_1\blender FBX\3D_printer.fbx)
[2025.12.18-18.44.51:930][490]LogFbx: Loading FBX Scene from D:\WORKPLACE\Mini_laboratory\MEPhI_VR_term_1\blender FBX\3D_printer.fbx
[2025.12.18-18.44.51:940][490]LogFbx: FBX Scene Loaded Succesfully
[2025.12.18-18.45.01:331][490]LogSlate: Window 'FBX Import Options' being destroyed
[2025.12.18-18.45.01:372][490]LogUObjectHash: Compacting FUObjectHashTables data took   2.15ms
[2025.12.18-18.45.01:373][490]LogUObjectGlobals: Force Deleting 0 Package(s):
[2025.12.18-18.45.01:639][490]LogUObjectHash: Compacting FUObjectHashTables data took   0.55ms
[2025.12.18-18.45.01:640][490]FBXImport: FBX File Loading: Found name clash, node 'Bone' was renamed to 'Bone1' 
[2025.12.18-18.45.01:640][490]FBXImport: FBX File Loading: Found name clash, node 'Bone' was renamed to 'Bone2' 
[2025.12.18-18.45.01:640][490]FBXImport: FBX File Loading: Found name clash, node 'Bone' was renamed to 'Bone3' 
[2025.12.18-18.45.01:640][490]FBXImport: FBX File Loading: Found name clash, node 'Bone' was renamed to 'Bone4' 
[2025.12.18-18.45.01:640][490]FBXImport: FBX File Loading: Found name clash, node 'Bone' was renamed to 'Bone5' 
[2025.12.18-18.45.01:640][490]FBXImport: FBX File Loading: Found name clash, node 'Bone' was renamed to 'Bone6' 
[2025.12.18-18.45.01:640][490]FBXImport: FBX File Loading: Found name clash, node 'Bone_end' was renamed to 'Bone_end7' 
[2025.12.18-18.45.01:640][490]FBXImport: FBX File Loading: Found name clash, node 'Bone_end' was renamed to 'Bone_end8' 
[2025.12.18-18.45.01:640][490]FBXImport: FBX File Loading: Found name clash, node 'Bone_end' was renamed to 'Bone_end9' 
[2025.12.18-18.45.01:640][490]FBXImport: FBX File Loading: Found name clash, node 'Bone_end' was renamed to 'Bone_end10' 
[2025.12.18-18.45.01:640][490]FBXImport: FBX File Loading: Found name clash, node 'Bone_end' was renamed to 'Bone_end11' 
[2025.12.18-18.45.01:640][490]FBXImport: FBX File Loading: Found name clash, node 'Bone_end' was renamed to 'Bone_end12' 
[2025.12.18-18.45.01:640][490]FBXImport: Import was canceled. 
[2025.12.18-18.45.01:641][490]LogAssetTools: The import task was canceled.
[2025.12.18-18.45.29:820][755]LogFactory: FactoryCreateFile: StaticMesh with FbxFactory (0 0 D:\WORKPLACE\Mini_laboratory\MEPhI_VR_term_1\blender FBX\3D_printer.fbx)
[2025.12.18-18.45.29:826][755]LogFbx: Loading FBX Scene from D:\WORKPLACE\Mini_laboratory\MEPhI_VR_term_1\blender FBX\3D_printer.fbx
[2025.12.18-18.45.29:836][755]LogFbx: FBX Scene Loaded Succesfully
[2025.12.18-18.45.54:839][755]LogSlate: Window 'FBX Import Options' being destroyed
[2025.12.18-18.45.54:861][755]LogFbx: Triangulating skeletal mesh Table
[2025.12.18-18.45.54:865][755]LogFbx: Warning: Bones digested - 4  Depth of hierarchy - 3
[2025.12.18-18.45.54:900][755]LogSkeletalMesh: Section 0: Material=0, 192 triangles
[2025.12.18-18.45.54:911][755]LogSkeletalMesh: Building Skeletal Mesh 3D_printer_Table...
[2025.12.18-18.45.54:916][755]LogSkeletalMesh: Section 0: Material=0, 192 triangles
[2025.12.18-18.45.54:920][755]LogSkeletalMesh: Built Skeletal Mesh [0.02s] /Game/Workplace/Meshes/3D_printer.3D_printer_Table
[2025.12.18-18.45.54:931][755]LogSkeletalMesh: USkeletalMeshComponent::InitArticulated : Could not find root physics body: '/Engine/Transient.World_14:PersistentLevel.SkeletalMeshActor_0.SkeletalMeshComponent0'
[2025.12.18-18.45.54:961][755]LogWorld: UWorld::CleanupWorld for World_14, bSessionEnded=true, bCleanupResources=true
[2025.12.18-18.45.54:961][755]LogSlate: InvalidateAllWidgets triggered.  All widgets were invalidated
[2025.12.18-18.45.54:971][755]LogSkeletalMesh: USkeletalMeshComponent::InitArticulated : Could not find root physics body: '/Engine/Transient.World_15:PersistentLevel.SkeletalMeshActor_0.SkeletalMeshComponent0'
[2025.12.18-18.45.54:971][755]LogWorld: UWorld::CleanupWorld for World_15, bSessionEnded=true, bCleanupResources=true
[2025.12.18-18.45.54:971][755]LogSlate: InvalidateAllWidgets triggered.  All widgets were invalidated
[2025.12.18-18.45.55:011][755]LogUObjectHash: Compacting FUObjectHashTables data took   2.33ms
[2025.12.18-18.45.55:057][755]LogUObjectHash: Compacting FUObjectHashTables data took   2.25ms
[2025.12.18-18.45.55:079][755]LogFbx: Triangulating skeletal mesh Direction Z3
[2025.12.18-18.45.55:081][755]LogFbx: Warning: Bones digested - 4  Depth of hierarchy - 3
[2025.12.18-18.45.55:082][755]LogSkeletalMesh: Section 0: Material=0, 76 triangles
[2025.12.18-18.45.55:083][755]LogSkeletalMesh: Building Skeletal Mesh 3D_printer_Direction Z3...
[2025.12.18-18.45.55:083][755]LogSkeletalMesh: Section 0: Material=0, 76 triangles
[2025.12.18-18.45.55:084][755]LogSkeletalMesh: Built Skeletal Mesh [0.00s] /Game/Workplace/Meshes/3D_printer.3D_printer_Direction Z3
[2025.12.18-18.45.55:084][755]LogPackageName: Error: DoesPackageExist: DoesPackageExist FAILED: '/Game/Workplace/Meshes/3D_printer_Direction Z3_Skeleton' is not a standard unreal filename or a long path name. Reason: Name may not contain the following characters: ' '
[2025.12.18-18.45.55:084][755]LogPackageName: Error: DoesPackageExist: DoesPackageExist FAILED: '/Game/Workplace/Meshes/3D_printer_Direction Z3_Skeleton' is not a standard unreal filename or a long path name. Reason: Name may not contain the following characters: ' '
[2025.12.18-18.45.55:084][755]LogLinker: Error: AddRedirectList(AddKnownMissing) failed to add redirector from /Game/Workplace/Meshes/3D_printer_Direction Z3_Skeleton to /Game/Workplace/Meshes/3D_printer_Direction Z3_Skeleton with invalid characters!
[2025.12.18-18.45.55:085][755]LogPackageName: Error: DoesPackageExist: DoesPackageExist FAILED: '/Game/Workplace/Meshes/3D_printer_Direction Z3_PhysicsAsset' is not a standard unreal filename or a long path name. Reason: Name may not contain the following characters: ' '
[2025.12.18-18.45.55:085][755]LogPackageName: Error: DoesPackageExist: DoesPackageExist FAILED: '/Game/Workplace/Meshes/3D_printer_Direction Z3_PhysicsAsset' is not a standard unreal filename or a long path name. Reason: Name may not contain the following characters: ' '
[2025.12.18-18.45.55:085][755]LogLinker: Error: AddRedirectList(AddKnownMissing) failed to add redirector from /Game/Workplace/Meshes/3D_printer_Direction Z3_PhysicsAsset to /Game/Workplace/Meshes/3D_printer_Direction Z3_PhysicsAsset with invalid characters!
[2025.12.18-18.45.55:087][755]LogSkeletalMesh: USkeletalMeshComponent::InitArticulated : Could not find root physics body: '/Engine/Transient.World_16:PersistentLevel.SkeletalMeshActor_0.SkeletalMeshComponent0'
[2025.12.18-18.45.55:087][755]LogWorld: UWorld::CleanupWorld for World_16, bSessionEnded=true, bCleanupResources=true
[2025.12.18-18.45.55:087][755]LogSlate: InvalidateAllWidgets triggered.  All widgets were invalidated
[2025.12.18-18.45.55:093][755]LogSkeletalMesh: USkeletalMeshComponent::InitArticulated : Could not find root physics body: '/Engine/Transient.World_17:PersistentLevel.SkeletalMeshActor_0.SkeletalMeshComponent0'
[2025.12.18-18.45.55:093][755]LogWorld: UWorld::CleanupWorld for World_17, bSessionEnded=true, bCleanupResources=true
[2025.12.18-18.45.55:093][755]LogSlate: InvalidateAllWidgets triggered.  All widgets were invalidated
[2025.12.18-18.45.55:098][755]LogPackageName: Error: DoesPackageExist: DoesPackageExist FAILED: '/Game/Workplace/Meshes/3D_printer_Direction Z3_PhysicsAsset' is not a standard unreal filename or a long path name. Reason: Name may not contain the following characters: ' '
[2025.12.18-18.45.55:128][755]LogUObjectHash: Compacting FUObjectHashTables data took   2.21ms
[2025.12.18-18.45.55:140][755]LogPackageName: Error: DoesPackageExist: DoesPackageExist FAILED: '/Game/Workplace/Meshes/3D_printer_Direction Z3_PhysicsAsset' is not a standard unreal filename or a long path name. Reason: Name may not contain the following characters: ' '
[2025.12.18-18.45.55:140][755]LogPackageName: Error: DoesPackageExist: DoesPackageExist FAILED: '/Game/Workplace/Meshes/3D_printer_Direction Z3_PhysicsAsset' is not a standard unreal filename or a long path name. Reason: Name may not contain the following characters: ' '
[2025.12.18-18.45.55:165][755]LogUObjectHash: Compacting FUObjectHashTables data took   1.10ms
[2025.12.18-18.45.55:175][755]LogFbx: Triangulating skeletal mesh Direction Z2
[2025.12.18-18.45.55:176][755]LogFbx: Warning: Bones digested - 4  Depth of hierarchy - 3
[2025.12.18-18.45.55:177][755]LogSkeletalMesh: Section 0: Material=0, 76 triangles
[2025.12.18-18.45.55:177][755]LogSkeletalMesh: Building Skeletal Mesh 3D_printer_Direction Z2...
[2025.12.18-18.45.55:178][755]LogSkeletalMesh: Section 0: Material=0, 76 triangles
[2025.12.18-18.45.55:178][755]LogSkeletalMesh: Built Skeletal Mesh [0.00s] /Game/Workplace/Meshes/3D_printer.3D_printer_Direction Z2
[2025.12.18-18.45.55:178][755]LogPackageName: Error: DoesPackageExist: DoesPackageExist FAILED: '/Game/Workplace/Meshes/3D_printer_Direction Z2_Skeleton' is not a standard unreal filename or a long path name. Reason: Name may not contain the following characters: ' '
[2025.12.18-18.45.55:178][755]LogPackageName: Error: DoesPackageExist: DoesPackageExist FAILED: '/Game/Workplace/Meshes/3D_printer_Direction Z2_Skeleton' is not a standard unreal filename or a long path name. Reason: Name may not contain the following characters: ' '
[2025.12.18-18.45.55:178][755]LogLinker: Error: AddRedirectList(AddKnownMissing) failed to add redirector from /Game/Workplace/Meshes/3D_printer_Direction Z2_Skeleton to /Game/Workplace/Meshes/3D_printer_Direction Z2_Skeleton with invalid characters!
[2025.12.18-18.45.55:179][755]LogPackageName: Error: DoesPackageExist: DoesPackageExist FAILED: '/Game/Workplace/Meshes/3D_printer_Direction Z2_PhysicsAsset' is not a standard unreal filename or a long path name. Reason: Name may not contain the following characters: ' '
[2025.12.18-18.45.55:179][755]LogPackageName: Error: DoesPackageExist: DoesPackageExist FAILED: '/Game/Workplace/Meshes/3D_printer_Direction Z2_PhysicsAsset' is not a standard unreal filename or a long path name. Reason: Name may not contain the following characters: ' '
[2025.12.18-18.45.55:179][755]LogLinker: Error: AddRedirectList(AddKnownMissing) failed to add redirector from /Game/Workplace/Meshes/3D_printer_Direction Z2_PhysicsAsset to /Game/Workplace/Meshes/3D_printer_Direction Z2_PhysicsAsset with invalid characters!
[2025.12.18-18.45.55:180][755]LogSkeletalMesh: USkeletalMeshComponent::InitArticulated : Could not find root physics body: '/Engine/Transient.World_18:PersistentLevel.SkeletalMeshActor_0.SkeletalMeshComponent0'
[2025.12.18-18.45.55:180][755]LogWorld: UWorld::CleanupWorld for World_18, bSessionEnded=true, bCleanupResources=true
[2025.12.18-18.45.55:180][755]LogSlate: InvalidateAllWidgets triggered.  All widgets were invalidated
[2025.12.18-18.45.55:186][755]LogSkeletalMesh: USkeletalMeshComponent::InitArticulated : Could not find root physics body: '/Engine/Transient.World_19:PersistentLevel.SkeletalMeshActor_0.SkeletalMeshComponent0'
[2025.12.18-18.45.55:186][755]LogWorld: UWorld::CleanupWorld for World_19, bSessionEnded=true, bCleanupResources=true
[2025.12.18-18.45.55:186][755]LogSlate: InvalidateAllWidgets triggered.  All widgets were invalidated
[2025.12.18-18.45.55:191][755]LogPackageName: Error: DoesPackageExist: DoesPackageExist FAILED: '/Game/Workplace/Meshes/3D_printer_Direction Z2_PhysicsAsset' is not a standard unreal filename or a long path name. Reason: Name may not contain the following characters: ' '
[2025.12.18-18.45.55:220][755]LogUObjectHash: Compacting FUObjectHashTables data took   2.06ms
[2025.12.18-18.45.55:232][755]LogPackageName: Error: DoesPackageExist: DoesPackageExist FAILED: '/Game/Workplace/Meshes/3D_printer_Direction Z2_PhysicsAsset' is not a standard unreal filename or a long path name. Reason: Name may not contain the following characters: ' '
[2025.12.18-18.45.55:232][755]LogPackageName: Error: DoesPackageExist: DoesPackageExist FAILED: '/Game/Workplace/Meshes/3D_printer_Direction Z2_PhysicsAsset' is not a standard unreal filename or a long path name. Reason: Name may not contain the following characters: ' '
[2025.12.18-18.45.55:257][755]LogUObjectHash: Compacting FUObjectHashTables data took   1.13ms
[2025.12.18-18.45.55:270][755]LogFbx: Triangulating skeletal mesh Direction Z1
[2025.12.18-18.45.55:272][755]LogFbx: Warning: Bones digested - 4  Depth of hierarchy - 3
[2025.12.18-18.45.55:272][755]LogSkeletalMesh: Section 0: Material=0, 76 triangles
[2025.12.18-18.45.55:273][755]LogSkeletalMesh: Building Skeletal Mesh 3D_printer_Direction Z1...
[2025.12.18-18.45.55:274][755]LogSkeletalMesh: Section 0: Material=0, 76 triangles
[2025.12.18-18.45.55:274][755]LogSkeletalMesh: Built Skeletal Mesh [0.00s] /Game/Workplace/Meshes/3D_printer.3D_printer_Direction Z1
[2025.12.18-18.45.55:274][755]LogPackageName: Error: DoesPackageExist: DoesPackageExist FAILED: '/Game/Workplace/Meshes/3D_printer_Direction Z1_Skeleton' is not a standard unreal filename or a long path name. Reason: Name may not contain the following characters: ' '
[2025.12.18-18.45.55:274][755]LogPackageName: Error: DoesPackageExist: DoesPackageExist FAILED: '/Game/Workplace/Meshes/3D_printer_Direction Z1_Skeleton' is not a standard unreal filename or a long path name. Reason: Name may not contain the following characters: ' '
[2025.12.18-18.45.55:274][755]LogLinker: Error: AddRedirectList(AddKnownMissing) failed to add redirector from /Game/Workplace/Meshes/3D_printer_Direction Z1_Skeleton to /Game/Workplace/Meshes/3D_printer_Direction Z1_Skeleton with invalid characters!
[2025.12.18-18.45.55:274][755]LogPackageName: Error: DoesPackageExist: DoesPackageExist FAILED: '/Game/Workplace/Meshes/3D_printer_Direction Z1_PhysicsAsset' is not a standard unreal filename or a long path name. Reason: Name may not contain the following characters: ' '
[2025.12.18-18.45.55:274][755]LogPackageName: Error: DoesPackageExist: DoesPackageExist FAILED: '/Game/Workplace/Meshes/3D_printer_Direction Z1_PhysicsAsset' is not a standard unreal filename or a long path name. Reason: Name may not contain the following characters: ' '
[2025.12.18-18.45.55:274][755]LogLinker: Error: AddRedirectList(AddKnownMissing) failed to add redirector from /Game/Workplace/Meshes/3D_printer_Direction Z1_PhysicsAsset to /Game/Workplace/Meshes/3D_printer_Direction Z1_PhysicsAsset with invalid characters!
[2025.12.18-18.45.55:276][755]LogSkeletalMesh: USkeletalMeshComponent::InitArticulated : Could not find root physics body: '/Engine/Transient.World_20:PersistentLevel.SkeletalMeshActor_0.SkeletalMeshComponent0'
[2025.12.18-18.45.55:276][755]LogWorld: UWorld::CleanupWorld for World_20, bSessionEnded=true, bCleanupResources=true
[2025.12.18-18.45.55:276][755]LogSlate: InvalidateAllWidgets triggered.  All widgets were invalidated
[2025.12.18-18.45.55:283][755]LogSkeletalMesh: USkeletalMeshComponent::InitArticulated : Could not find root physics body: '/Engine/Transient.World_21:PersistentLevel.SkeletalMeshActor_0.SkeletalMeshComponent0'
[2025.12.18-18.45.55:283][755]LogWorld: UWorld::CleanupWorld for World_21, bSessionEnded=true, bCleanupResources=true
[2025.12.18-18.45.55:283][755]LogSlate: InvalidateAllWidgets triggered.  All widgets were invalidated
[2025.12.18-18.45.55:288][755]LogPackageName: Error: DoesPackageExist: DoesPackageExist FAILED: '/Game/Workplace/Meshes/3D_printer_Direction Z1_PhysicsAsset' is not a standard unreal filename or a long path name. Reason: Name may not contain the following characters: ' '
[2025.12.18-18.45.55:318][755]LogUObjectHash: Compacting FUObjectHashTables data took   2.04ms
[2025.12.18-18.45.55:329][755]LogPackageName: Error: DoesPackageExist: DoesPackageExist FAILED: '/Game/Workplace/Meshes/3D_printer_Direction Z1_PhysicsAsset' is not a standard unreal filename or a long path name. Reason: Name may not contain the following characters: ' '
[2025.12.18-18.45.55:329][755]LogPackageName: Error: DoesPackageExist: DoesPackageExist FAILED: '/Game/Workplace/Meshes/3D_printer_Direction Z1_PhysicsAsset' is not a standard unreal filename or a long path name. Reason: Name may not contain the following characters: ' '
[2025.12.18-18.45.55:354][755]LogUObjectHash: Compacting FUObjectHashTables data took   1.13ms
[2025.12.18-18.45.55:363][755]LogFbx: Triangulating skeletal mesh Extruder
[2025.12.18-18.45.55:367][755]LogFbx: Triangulating skeletal mesh Direction X
[2025.12.18-18.45.55:368][755]LogFbx: Warning: Bones digested - 8  Depth of hierarchy - 4
[2025.12.18-18.45.55:371][755]LogSkeletalMesh: Section 0: Material=0, 392 triangles
[2025.12.18-18.45.55:372][755]LogSkeletalMesh: Building Skeletal Mesh 3D_printer_Extruder...
[2025.12.18-18.45.55:374][755]LogSkeletalMesh: Section 0: Material=0, 392 triangles
[2025.12.18-18.45.55:375][755]LogSkeletalMesh: Built Skeletal Mesh [0.00s] /Game/Workplace/Meshes/3D_printer.3D_printer_Extruder
[2025.12.18-18.45.55:378][755]LogSkeletalMesh: USkeletalMeshComponent::InitArticulated : Could not find root physics body: '/Engine/Transient.World_22:PersistentLevel.SkeletalMeshActor_0.SkeletalMeshComponent0'
[2025.12.18-18.45.55:378][755]LogWorld: UWorld::CleanupWorld for World_22, bSessionEnded=true, bCleanupResources=true
[2025.12.18-18.45.55:378][755]LogSlate: InvalidateAllWidgets triggered.  All widgets were invalidated
[2025.12.18-18.45.55:385][755]LogSkeletalMesh: USkeletalMeshComponent::InitArticulated : Could not find root physics body: '/Engine/Transient.World_23:PersistentLevel.SkeletalMeshActor_0.SkeletalMeshComponent0'
[2025.12.18-18.45.55:385][755]LogWorld: UWorld::CleanupWorld for World_23, bSessionEnded=true, bCleanupResources=true
[2025.12.18-18.45.55:385][755]LogSlate: InvalidateAllWidgets triggered.  All widgets were invalidated
[2025.12.18-18.45.55:419][755]LogUObjectHash: Compacting FUObjectHashTables data took   2.20ms
[2025.12.18-18.45.55:457][755]LogUObjectHash: Compacting FUObjectHashTables data took   1.10ms
[2025.12.18-18.45.55:470][755]LogFbx: Triangulating skeletal mesh Corpus
[2025.12.18-18.45.55:479][755]LogFbx: Warning: Bones digested - 3  Depth of hierarchy - 2
[2025.12.18-18.45.55:485][755]LogSkeletalMesh: Section 0: Material=0, 670 triangles
[2025.12.18-18.45.55:486][755]LogSkeletalMesh: Building Skeletal Mesh 3D_printer_Corpus...
[2025.12.18-18.45.55:492][755]LogSkeletalMesh: Section 0: Material=0, 670 triangles
[2025.12.18-18.45.55:493][755]LogSkeletalMesh: Built Skeletal Mesh [0.01s] /Game/Workplace/Meshes/3D_printer.3D_printer_Corpus
[2025.12.18-18.45.55:497][755]LogSkeletalMesh: USkeletalMeshComponent::InitArticulated : Could not find root physics body: '/Engine/Transient.World_24:PersistentLevel.SkeletalMeshActor_0.SkeletalMeshComponent0'
[2025.12.18-18.45.55:497][755]LogWorld: UWorld::CleanupWorld for World_24, bSessionEnded=true, bCleanupResources=true
[2025.12.18-18.45.55:497][755]LogSlate: InvalidateAllWidgets triggered.  All widgets were invalidated
[2025.12.18-18.45.55:507][755]LogWorld: UWorld::CleanupWorld for World_25, bSessionEnded=true, bCleanupResources=true
[2025.12.18-18.45.55:508][755]LogSlate: InvalidateAllWidgets triggered.  All widgets were invalidated
[2025.12.18-18.45.55:524][755]LogFbx: Triangulating skeletal mesh Door
[2025.12.18-18.45.55:525][755]LogFbx: Warning: Bones digested - 1  Depth of hierarchy - 1
[2025.12.18-18.45.55:525][755]LogSkeletalMesh: Section 0: Material=0, 48 triangles
[2025.12.18-18.45.55:526][755]LogSkeletalMesh: Building Skeletal Mesh 3D_printer_Door...
[2025.12.18-18.45.55:526][755]LogSkeletalMesh: Section 0: Material=0, 48 triangles
[2025.12.18-18.45.55:526][755]LogSkeletalMesh: Built Skeletal Mesh [0.00s] /Game/Workplace/Meshes/3D_printer.3D_printer_Door
[2025.12.18-18.45.55:530][755]LogSkeletalMesh: USkeletalMeshComponent::InitArticulated : Could not find root physics body: '/Engine/Transient.World_26:PersistentLevel.SkeletalMeshActor_0.SkeletalMeshComponent0'
[2025.12.18-18.45.55:530][755]LogWorld: UWorld::CleanupWorld for World_26, bSessionEnded=true, bCleanupResources=true
[2025.12.18-18.45.55:530][755]LogSlate: InvalidateAllWidgets triggered.  All widgets were invalidated
[2025.12.18-18.45.55:536][755]LogSkeletalMesh: USkeletalMeshComponent::InitArticulated : Could not find root physics body: '/Engine/Transient.World_27:PersistentLevel.SkeletalMeshActor_0.SkeletalMeshComponent0'
[2025.12.18-18.45.55:536][755]LogWorld: UWorld::CleanupWorld for World_27, bSessionEnded=true, bCleanupResources=true
[2025.12.18-18.45.55:536][755]LogSlate: InvalidateAllWidgets triggered.  All widgets were invalidated
[2025.12.18-18.45.55:572][755]LogUObjectHash: Compacting FUObjectHashTables data took   2.18ms
[2025.12.18-18.45.55:611][755]LogUObjectHash: Compacting FUObjectHashTables data took   1.81ms
[2025.12.18-18.45.55:622][755]FBXImport: FBX File Loading: Found name clash, node 'Bone' was renamed to 'Bone1' 
[2025.12.18-18.45.55:622][755]FBXImport: FBX File Loading: Found name clash, node 'Bone' was renamed to 'Bone2' 
[2025.12.18-18.45.55:622][755]FBXImport: FBX File Loading: Found name clash, node 'Bone' was renamed to 'Bone3' 
[2025.12.18-18.45.55:622][755]FBXImport: FBX File Loading: Found name clash, node 'Bone' was renamed to 'Bone4' 
[2025.12.18-18.45.55:622][755]FBXImport: FBX File Loading: Found name clash, node 'Bone' was renamed to 'Bone5' 
[2025.12.18-18.45.55:622][755]FBXImport: FBX File Loading: Found name clash, node 'Bone' was renamed to 'Bone6' 
[2025.12.18-18.45.55:622][755]FBXImport: FBX File Loading: Found name clash, node 'Bone_end' was renamed to 'Bone_end7' 
[2025.12.18-18.45.55:622][755]FBXImport: FBX File Loading: Found name clash, node 'Bone_end' was renamed to 'Bone_end8' 
[2025.12.18-18.45.55:622][755]FBXImport: FBX File Loading: Found name clash, node 'Bone_end' was renamed to 'Bone_end9' 
[2025.12.18-18.45.55:622][755]FBXImport: FBX File Loading: Found name clash, node 'Bone_end' was renamed to 'Bone_end10' 
[2025.12.18-18.45.55:622][755]FBXImport: FBX File Loading: Found name clash, node 'Bone_end' was renamed to 'Bone_end11' 
[2025.12.18-18.45.55:622][755]FBXImport: FBX File Loading: Found name clash, node 'Bone_end' was renamed to 'Bone_end12' 
[2025.12.18-18.45.55:622][755]FBXImport: Warning: No smoothing group information was found in this FBX scene.  Please make sure to enable the 'Export Smoothing Groups' option in the FBX Exporter plug-in before exporting the file.  Even for tools that don't support smoothing groups, the FBX Exporter will generate appropriate smoothing data at export-time so that correct vertex normals can be inferred while importing. 
[2025.12.18-18.45.55:622][755]FBXImport: Warning: Could not find the bind pose.  It will use time 0 as bind pose. 
[2025.12.18-18.45.55:622][755]FBXImport: Warning: The bone size is too small to create Physics Asset '3D_printer_Table_PhysicsAsset' from Skeletal Mesh '3D_printer_Table'. You will have to create physics asset manually. 
[2025.12.18-18.45.55:622][755]FBXImport: Warning: Could not find the bind pose.  It will use time 0 as bind pose. 
[2025.12.18-18.45.55:622][755]FBXImport: Warning: The bone size is too small to create Physics Asset '3D_printer_Direction Z3_PhysicsAsset' from Skeletal Mesh '3D_printer_Direction Z3'. You will have to create physics asset manually. 
[2025.12.18-18.45.55:622][755]FBXImport: Warning: Could not find the bind pose.  It will use time 0 as bind pose. 
[2025.12.18-18.45.55:622][755]FBXImport: Warning: The bone size is too small to create Physics Asset '3D_printer_Direction Z2_PhysicsAsset' from Skeletal Mesh '3D_printer_Direction Z2'. You will have to create physics asset manually. 
[2025.12.18-18.45.55:622][755]FBXImport: Warning: Could not find the bind pose.  It will use time 0 as bind pose. 
[2025.12.18-18.45.55:622][755]FBXImport: Warning: The bone size is too small to create Physics Asset '3D_printer_Direction Z1_PhysicsAsset' from Skeletal Mesh '3D_printer_Direction Z1'. You will have to create physics asset manually. 
[2025.12.18-18.45.55:622][755]FBXImport: Warning: Could not find the bind pose.  It will use time 0 as bind pose. 
[2025.12.18-18.45.55:622][755]FBXImport: Warning: The bone size is too small to create Physics Asset '3D_printer_Extruder_PhysicsAsset' from Skeletal Mesh '3D_printer_Extruder'. You will have to create physics asset manually. 
[2025.12.18-18.45.55:622][755]FBXImport: Warning: Could not find the bind pose.  It will use time 0 as bind pose. 
[2025.12.18-18.45.55:622][755]FBXImport: Warning: Could not find the bind pose.  It will use time 0 as bind pose. 
[2025.12.18-18.45.55:622][755]FBXImport: Warning: The bone size is too small to create Physics Asset '3D_printer_Door_PhysicsAsset' from Skeletal Mesh '3D_printer_Door'. You will have to create physics asset manually. 
[2025.12.18-18.45.55:666][755]LogPackageName: Error: DoesPackageExist: DoesPackageExist FAILED: '/Game/Workplace/Meshes/3D_printer_Direction Z3_Skeleton' is not a standard unreal filename or a long path name. Reason: Name may not contain the following characters: ' '
[2025.12.18-18.45.55:666][755]LogPackageName: Error: DoesPackageExist: DoesPackageExist FAILED: '/Game/Workplace/Meshes/3D_printer_Direction Z2_Skeleton' is not a standard unreal filename or a long path name. Reason: Name may not contain the following characters: ' '
[2025.12.18-18.45.55:666][755]LogPackageName: Error: DoesPackageExist: DoesPackageExist FAILED: '/Game/Workplace/Meshes/3D_printer_Direction Z1_Skeleton' is not a standard unreal filename or a long path name. Reason: Name may not contain the following characters: ' '
[2025.12.18-18.45.55:697][757]LogPackageName: Error: DoesPackageExist: DoesPackageExist FAILED: '/Game/Workplace/Meshes/3D_printer_Direction Z1_Skeleton' is not a standard unreal filename or a long path name. Reason: Name may not contain the following characters: ' '
[2025.12.18-18.45.55:698][757]LogPackageName: Error: DoesPackageExist: DoesPackageExist FAILED: '/Game/Workplace/Meshes/3D_printer_Direction Z2_Skeleton' is not a standard unreal filename or a long path name. Reason: Name may not contain the following characters: ' '
[2025.12.18-18.45.55:699][757]LogPackageName: Error: DoesPackageExist: DoesPackageExist FAILED: '/Game/Workplace/Meshes/3D_printer_Direction Z3_Skeleton' is not a standard unreal filename or a long path name. Reason: Name may not contain the following characters: ' '
[2025.12.18-18.45.55:703][758]LogPackageName: Error: DoesPackageExist: DoesPackageExist FAILED: '/Game/Workplace/Meshes/3D_printer_Direction Z3_Skeleton' is not a standard unreal filename or a long path name. Reason: Name may not contain the following characters: ' '
[2025.12.18-18.45.55:729][759]LogPackageName: Error: DoesPackageExist: DoesPackageExist FAILED: '/Game/Workplace/Meshes/3D_printer_Direction Z2_Skeleton' is not a standard unreal filename or a long path name. Reason: Name may not contain the following characters: ' '
[2025.12.18-18.45.55:730][759]LogPackageName: Error: DoesPackageExist: DoesPackageExist FAILED: '/Game/Workplace/Meshes/3D_printer_Direction Z1_Skeleton' is not a standard unreal filename or a long path name. Reason: Name may not contain the following characters: ' '
[2025.12.18-18.46.01:862][103]LogActor: Warning: SetReplicates called on non-initialized actor SkeletalMeshActor_0. Directly setting bReplicates is the correct procedure for pre-init actors.
[2025.12.18-18.46.03:018][170]LogActor: Warning: SetReplicates called on non-initialized actor SkeletalMeshActor_1. Directly setting bReplicates is the correct procedure for pre-init actors.
[2025.12.18-18.46.40:694][347]LogPackageName: Error: DoesPackageExist: DoesPackageExist FAILED: '/Game/Workplace/Meshes/3D_printer_Direction Z1_Skeleton' is not a standard unreal filename or a long path name. Reason: Name may not contain the following characters: ' '
[2025.12.18-18.46.47:728][745]LogPackageName: Error: DoesPackageExist: DoesPackageExist FAILED: '/Game/Workplace/Meshes/3D_printer_Direction Z3_Skeleton' is not a standard unreal filename or a long path name. Reason: Name may not contain the following characters: ' '
[2025.12.18-18.46.47:728][745]LogPackageName: Error: DoesPackageExist: DoesPackageExist FAILED: '/Game/Workplace/Meshes/3D_printer_Direction Z1_Skeleton' is not a standard unreal filename or a long path name. Reason: Name may not contain the following characters: ' '
[2025.12.18-18.46.47:728][745]LogPackageName: Error: DoesPackageExist: DoesPackageExist FAILED: '/Game/Workplace/Meshes/3D_printer_Direction Z2_Skeleton' is not a standard unreal filename or a long path name. Reason: Name may not contain the following characters: ' '
[2025.12.18-18.46.47:758][745]LogUObjectHash: Compacting FUObjectHashTables data took   3.48ms
[2025.12.18-18.46.49:093][745]LogSlate: Window 'Delete Assets' being destroyed
[2025.12.18-18.46.49:190][745]LogUObjectGlobals: Force Deleting 15 Package(s):
	Asset Name: /Game/Workplace/Meshes/3D_printer.3D_printer_Direction Z3
	Asset Name: /Game/Workplace/Meshes/3D_printer_Direction Z3_Skeleton.3D_printer_Direction Z3_Skeleton
	Asset Name: /Game/Workplace/Meshes/3D_printer_Table_Skeleton.3D_printer_Table_Skeleton
	Asset Name: /Game/Workplace/Meshes/3D_printer.3D_printer_Table
	Asset Name: /Game/Workplace/Meshes/3D_printer.3D_printer_Door
	Asset Name: /Game/Workplace/Meshes/3D_printer_Door_Skeleton.3D_printer_Door_Skeleton
	Asset Name: /Game/Workplace/Meshes/3D_printer.3D_printer_Corpus
	Asset Name: /Game/Workplace/Meshes/3D_printer_Corpus_PhysicsAsset.3D_printer_Corpus_PhysicsAsset
	Asset Name: /Game/Workplace/Meshes/3D_printer_Corpus_Skeleton.3D_printer_Corpus_Skeleton
	Asset Name: /Game/Workplace/Meshes/3D_printer.3D_printer_Extruder
[2025.12.18-18.46.49:203][745]LogPackageName: Error: DoesPackageExist: DoesPackageExist FAILED: '/Game/Workplace/Meshes/3D_printer_Direction Z3_Skeleton' is not a standard unreal filename or a long path name. Reason: Name may not contain the following characters: ' '
[2025.12.18-18.46.49:204][745]LogPackageName: Error: DoesPackageExist: DoesPackageExist FAILED: '/Game/Workplace/Meshes/3D_printer_Direction Z1_Skeleton' is not a standard unreal filename or a long path name. Reason: Name may not contain the following characters: ' '
[2025.12.18-18.46.49:204][745]LogPackageName: Error: DoesPackageExist: DoesPackageExist FAILED: '/Game/Workplace/Meshes/3D_printer_Direction Z2_Skeleton' is not a standard unreal filename or a long path name. Reason: Name may not contain the following characters: ' '
[2025.12.18-18.46.49:633][745]LogPackageName: Error: DoesPackageExist: DoesPackageExist FAILED: '/Game/Workplace/Meshes/3D_printer_Direction Z2_Skeleton' is not a standard unreal filename or a long path name. Reason: Name may not contain the following characters: ' '
[2025.12.18-18.46.49:650][745]LogPackageName: Error: DoesPackageExist: DoesPackageExist FAILED: '/Game/Workplace/Meshes/3D_printer_Direction Z1_Skeleton' is not a standard unreal filename or a long path name. Reason: Name may not contain the following characters: ' '
[2025.12.18-18.46.49:721][745]LogPackageName: Error: DoesPackageExist: DoesPackageExist FAILED: '/Game/Workplace/Meshes/3D_printer_Direction Z3_Skeleton' is not a standard unreal filename or a long path name. Reason: Name may not contain the following characters: ' '
[2025.12.18-18.46.49:789][745]LogUObjectHash: Compacting FUObjectHashTables data took   2.18ms
[2025.12.18-18.46.53:289][952]LogUObjectHash: Compacting FUObjectHashTables data took   0.56ms
[2025.12.18-18.46.53:394][952]LogUObjectHash: Compacting FUObjectHashTables data took   0.57ms
[2025.12.18-18.46.53:445][952]LogSavePackage: Moving '../../../../../../WORKPLACE/Mini_laboratory/MEPhI_VR_term_1/Mini_laboratory/Saved/FirstLevel27DC6B0A4D871A5FFBE777BC649B6914.tmp' to '../../../../../../WORKPLACE/Mini_laboratory/MEPhI_VR_term_1/Mini_laboratory/Content/Workplace/Maps/FirstLevel.umap'
[2025.12.18-18.46.53:451][952]LogFileHelpers: Saving map 'FirstLevel' took 0.088
[2025.12.18-18.46.53:470][952]AssetCheck: New page: Asset Save: FirstLevel
[2025.12.18-18.46.53:470][952]LogContentValidation: Display: Validating World /Game/Workplace/Maps/FirstLevel.FirstLevel
[2025.12.18-18.47.56:436][356]LogFactory: FactoryCreateFile: StaticMesh with FbxFactory (0 0 D:\WORKPLACE\Mini_laboratory\MEPhI_VR_term_1\blender FBX\3D_printer.fbx)
[2025.12.18-18.47.56:442][356]LogFbx: Loading FBX Scene from D:\WORKPLACE\Mini_laboratory\MEPhI_VR_term_1\blender FBX\3D_printer.fbx
[2025.12.18-18.47.56:452][356]LogFbx: FBX Scene Loaded Succesfully
[2025.12.18-18.48.03:562][356]LogSlate: Window 'FBX Import Options' being destroyed
[2025.12.18-18.48.03:571][356]LogFbx: Display: Triangulating static mesh Table
[2025.12.18-18.48.03:574][356]LogStaticMesh: Building static mesh 3D_printer_Table...
[2025.12.18-18.48.03:576][356]LogStaticMesh: Built static mesh [0.00s] /Game/Workplace/Meshes/3D_printer_Table.3D_printer_Table
[2025.12.18-18.48.03:576][356]LogStaticMesh: Warning: 3D_printer_Table has degenerate tangent bases which will result in incorrect shading.  MikkTSpace relies on tangent bases and may result in mesh corruption, consider disabling this option.
[2025.12.18-18.48.03:576][356]LogStaticMesh: Warning: 3D_printer_Table has some nearly zero bi-normals which can create some issues. (Tolerance of 1E-4)
[2025.12.18-18.48.03:582][356]LogFbx: Display: Triangulating static mesh Direction Z3
[2025.12.18-18.48.03:584][356]LogStaticMesh: Building static mesh 3D_printer_Direction_Z3...
[2025.12.18-18.48.03:586][356]LogStaticMesh: Built static mesh [0.00s] /Game/Workplace/Meshes/3D_printer_Direction_Z3.3D_printer_Direction_Z3
[2025.12.18-18.48.03:590][356]LogFbx: Display: Triangulating static mesh Direction Z2
[2025.12.18-18.48.03:591][356]LogStaticMesh: Building static mesh 3D_printer_Direction_Z2...
[2025.12.18-18.48.03:594][356]LogStaticMesh: Built static mesh [0.00s] /Game/Workplace/Meshes/3D_printer_Direction_Z2.3D_printer_Direction_Z2
[2025.12.18-18.48.03:600][356]LogFbx: Display: Triangulating static mesh Direction Z1
[2025.12.18-18.48.03:602][356]LogStaticMesh: Building static mesh 3D_printer_Direction_Z1...
[2025.12.18-18.48.03:604][356]LogStaticMesh: Built static mesh [0.00s] /Game/Workplace/Meshes/3D_printer_Direction_Z1.3D_printer_Direction_Z1
[2025.12.18-18.48.03:609][356]LogFbx: Display: Triangulating static mesh Extruder
[2025.12.18-18.48.03:614][356]LogStaticMesh: Building static mesh 3D_printer_Extruder...
[2025.12.18-18.48.03:616][356]LogStaticMesh: Built static mesh [0.00s] /Game/Workplace/Meshes/3D_printer_Extruder.3D_printer_Extruder
[2025.12.18-18.48.03:617][356]LogStaticMesh: Warning: 3D_printer_Extruder has degenerate tangent bases which will result in incorrect shading.  MikkTSpace relies on tangent bases and may result in mesh corruption, consider disabling this option.
[2025.12.18-18.48.03:617][356]LogStaticMesh: Warning: 3D_printer_Extruder has some nearly zero bi-normals which can create some issues. (Tolerance of 1E-4)
[2025.12.18-18.48.03:622][356]LogFbx: Display: Triangulating static mesh Direction X
[2025.12.18-18.48.03:624][356]LogStaticMesh: Building static mesh 3D_printer_Direction_X...
[2025.12.18-18.48.03:625][356]LogStaticMesh: Built static mesh [0.00s] /Game/Workplace/Meshes/3D_printer_Direction_X.3D_printer_Direction_X
[2025.12.18-18.48.03:625][356]LogStaticMesh: Warning: 3D_printer_Direction_X has degenerate tangent bases which will result in incorrect shading.  MikkTSpace relies on tangent bases and may result in mesh corruption, consider disabling this option.
[2025.12.18-18.48.03:625][356]LogStaticMesh: Warning: 3D_printer_Direction_X has some nearly zero bi-normals which can create some issues. (Tolerance of 1E-4)
[2025.12.18-18.48.03:633][356]LogFbx: Display: Triangulating static mesh Corpus
[2025.12.18-18.48.03:642][356]LogStaticMesh: Building static mesh 3D_printer_Corpus...
[2025.12.18-18.48.03:647][356]LogStaticMesh: Built static mesh [0.01s] /Game/Workplace/Meshes/3D_printer_Corpus.3D_printer_Corpus
[2025.12.18-18.48.03:650][356]LogStaticMesh: Warning: 3D_printer_Corpus has degenerate tangent bases which will result in incorrect shading.  MikkTSpace relies on tangent bases and may result in mesh corruption, consider disabling this option.
[2025.12.18-18.48.03:650][356]LogStaticMesh: Warning: 3D_printer_Corpus has some nearly zero bi-normals which can create some issues. (Tolerance of 1E-4)
[2025.12.18-18.48.03:655][356]LogFbx: Display: Triangulating static mesh Door
[2025.12.18-18.48.03:656][356]LogStaticMesh: Building static mesh 3D_printer_Door...
[2025.12.18-18.48.03:657][356]LogStaticMesh: Built static mesh [0.00s] /Game/Workplace/Meshes/3D_printer_Door.3D_printer_Door
[2025.12.18-18.48.03:657][356]LogStaticMesh: Warning: 3D_printer_Door has degenerate tangent bases which will result in incorrect shading.  MikkTSpace relies on tangent bases and may result in mesh corruption, consider disabling this option.
[2025.12.18-18.48.03:657][356]LogStaticMesh: Warning: 3D_printer_Door has some nearly zero bi-normals which can create some issues. (Tolerance of 1E-4)
[2025.12.18-18.48.03:735][356]FBXImport: FBX File Loading: Found name clash, node 'Bone' was renamed to 'Bone1' 
[2025.12.18-18.48.03:735][356]FBXImport: FBX File Loading: Found name clash, node 'Bone' was renamed to 'Bone2' 
[2025.12.18-18.48.03:735][356]FBXImport: FBX File Loading: Found name clash, node 'Bone' was renamed to 'Bone3' 
[2025.12.18-18.48.03:735][356]FBXImport: FBX File Loading: Found name clash, node 'Bone' was renamed to 'Bone4' 
[2025.12.18-18.48.03:735][356]FBXImport: FBX File Loading: Found name clash, node 'Bone' was renamed to 'Bone5' 
[2025.12.18-18.48.03:735][356]FBXImport: FBX File Loading: Found name clash, node 'Bone' was renamed to 'Bone6' 
[2025.12.18-18.48.03:735][356]FBXImport: FBX File Loading: Found name clash, node 'Bone_end' was renamed to 'Bone_end7' 
[2025.12.18-18.48.03:735][356]FBXImport: FBX File Loading: Found name clash, node 'Bone_end' was renamed to 'Bone_end8' 
[2025.12.18-18.48.03:735][356]FBXImport: FBX File Loading: Found name clash, node 'Bone_end' was renamed to 'Bone_end9' 
[2025.12.18-18.48.03:735][356]FBXImport: FBX File Loading: Found name clash, node 'Bone_end' was renamed to 'Bone_end10' 
[2025.12.18-18.48.03:735][356]FBXImport: FBX File Loading: Found name clash, node 'Bone_end' was renamed to 'Bone_end11' 
[2025.12.18-18.48.03:735][356]FBXImport: FBX File Loading: Found name clash, node 'Bone_end' was renamed to 'Bone_end12' 
[2025.12.18-18.48.03:735][356]FBXImport: Warning: No smoothing group information was found in this FBX scene.  Please make sure to enable the 'Export Smoothing Groups' option in the FBX Exporter plug-in before exporting the file.  Even for tools that don't support smoothing groups, the FBX Exporter will generate appropriate smoothing data at export-time so that correct vertex normals can be inferred while importing. 
[2025.12.18-18.48.03:735][356]FBXImport: Warning: 3D_printer_Table has degenerate tangent bases which will result in incorrect shading.  MikkTSpace relies on tangent bases and may result in mesh corruption, consider disabling this option. 
[2025.12.18-18.48.03:735][356]FBXImport: Warning: 3D_printer_Table has some nearly zero bi-normals which can create some issues. (Tolerance of 1E-4) 
[2025.12.18-18.48.03:735][356]FBXImport: Warning: 3D_printer_Extruder has degenerate tangent bases which will result in incorrect shading.  MikkTSpace relies on tangent bases and may result in mesh corruption, consider disabling this option. 
[2025.12.18-18.48.03:735][356]FBXImport: Warning: 3D_printer_Extruder has some nearly zero bi-normals which can create some issues. (Tolerance of 1E-4) 
[2025.12.18-18.48.03:735][356]FBXImport: Warning: 3D_printer_Direction_X has degenerate tangent bases which will result in incorrect shading.  MikkTSpace relies on tangent bases and may result in mesh corruption, consider disabling this option. 
[2025.12.18-18.48.03:736][356]FBXImport: Warning: 3D_printer_Direction_X has some nearly zero bi-normals which can create some issues. (Tolerance of 1E-4) 
[2025.12.18-18.48.03:736][356]FBXImport: Warning: 3D_printer_Corpus has degenerate tangent bases which will result in incorrect shading.  MikkTSpace relies on tangent bases and may result in mesh corruption, consider disabling this option. 
[2025.12.18-18.48.03:736][356]FBXImport: Warning: 3D_printer_Corpus has some nearly zero bi-normals which can create some issues. (Tolerance of 1E-4) 
[2025.12.18-18.48.03:736][356]FBXImport: Warning: 3D_printer_Door has degenerate tangent bases which will result in incorrect shading.  MikkTSpace relies on tangent bases and may result in mesh corruption, consider disabling this option. 
[2025.12.18-18.48.03:736][356]FBXImport: Warning: 3D_printer_Door has some nearly zero bi-normals which can create some issues. (Tolerance of 1E-4) 
[2025.12.18-18.48.20:906][250]LogUObjectHash: Compacting FUObjectHashTables data took   1.89ms
[2025.12.18-18.48.22:522][250]LogSlate: Window 'Delete Assets' being destroyed
[2025.12.18-18.48.22:592][250]LogUObjectHash: Compacting FUObjectHashTables data took   0.53ms
[2025.12.18-18.48.37:324][495]LogFactory: FactoryCreateFile: StaticMesh with FbxFactory (0 0 D:\WORKPLACE\Mini_laboratory\MEPhI_VR_term_1\blender FBX\3D_printer.fbx)
[2025.12.18-18.48.37:331][495]LogFbx: Loading FBX Scene from D:\WORKPLACE\Mini_laboratory\MEPhI_VR_term_1\blender FBX\3D_printer.fbx
[2025.12.18-18.48.37:341][495]LogFbx: FBX Scene Loaded Succesfully
[2025.12.18-18.48.43:844][495]LogSlate: Window 'FBX Import Options' being destroyed
[2025.12.18-18.48.43:853][495]LogFbx: Triangulating skeletal mesh Table
[2025.12.18-18.48.43:856][495]LogFbx: Warning: Bones digested - 4  Depth of hierarchy - 3
[2025.12.18-18.48.43:859][495]LogSkeletalMesh: Section 0: Material=0, 192 triangles
[2025.12.18-18.48.43:859][495]LogSkeletalMesh: Building Skeletal Mesh 3D_printer_Table...
[2025.12.18-18.48.43:861][495]LogSkeletalMesh: Section 0: Material=0, 192 triangles
[2025.12.18-18.48.43:861][495]LogSkeletalMesh: Built Skeletal Mesh [0.00s] /Game/Workplace/Meshes/3D_printer.3D_printer_Table
[2025.12.18-18.48.43:864][495]LogSkeletalMesh: USkeletalMeshComponent::InitArticulated : Could not find root physics body: '/Engine/Transient.World_30:PersistentLevel.SkeletalMeshActor_0.SkeletalMeshComponent0'
[2025.12.18-18.48.43:864][495]LogWorld: UWorld::CleanupWorld for World_30, bSessionEnded=true, bCleanupResources=true
[2025.12.18-18.48.43:864][495]LogSlate: InvalidateAllWidgets triggered.  All widgets were invalidated
[2025.12.18-18.48.43:873][495]LogSkeletalMesh: USkeletalMeshComponent::InitArticulated : Could not find root physics body: '/Engine/Transient.World_31:PersistentLevel.SkeletalMeshActor_0.SkeletalMeshComponent0'
[2025.12.18-18.48.43:873][495]LogWorld: UWorld::CleanupWorld for World_31, bSessionEnded=true, bCleanupResources=true
[2025.12.18-18.48.43:873][495]LogSlate: InvalidateAllWidgets triggered.  All widgets were invalidated
[2025.12.18-18.48.43:912][495]LogUObjectHash: Compacting FUObjectHashTables data took   2.09ms
[2025.12.18-18.48.43:956][495]LogUObjectHash: Compacting FUObjectHashTables data took   2.61ms
[2025.12.18-18.48.43:966][495]LogFbx: Triangulating skeletal mesh Direction Z3
[2025.12.18-18.48.43:967][495]LogFbx: Warning: Bones digested - 4  Depth of hierarchy - 3
[2025.12.18-18.48.43:968][495]LogSkeletalMesh: Section 0: Material=0, 76 triangles
[2025.12.18-18.48.43:969][495]LogSkeletalMesh: Building Skeletal Mesh 3D_printer_Direction Z3...
[2025.12.18-18.48.43:970][495]LogSkeletalMesh: Section 0: Material=0, 76 triangles
[2025.12.18-18.48.43:970][495]LogSkeletalMesh: Built Skeletal Mesh [0.00s] /Game/Workplace/Meshes/3D_printer.3D_printer_Direction Z3
[2025.12.18-18.48.43:971][495]LogPackageName: Error: DoesPackageExist: DoesPackageExist FAILED: '/Game/Workplace/Meshes/3D_printer_Direction Z3_Skeleton' is not a standard unreal filename or a long path name. Reason: Name may not contain the following characters: ' '
[2025.12.18-18.48.43:971][495]LogPackageName: Error: DoesPackageExist: DoesPackageExist FAILED: '/Game/Workplace/Meshes/3D_printer_Direction Z3_Skeleton' is not a standard unreal filename or a long path name. Reason: Name may not contain the following characters: ' '
[2025.12.18-18.48.43:971][495]LogLinker: Error: AddRedirectList(AddKnownMissing) failed to add redirector from /Game/Workplace/Meshes/3D_printer_Direction Z3_Skeleton to /Game/Workplace/Meshes/3D_printer_Direction Z3_Skeleton with invalid characters!
[2025.12.18-18.48.43:972][495]LogPackageName: Error: DoesPackageExist: DoesPackageExist FAILED: '/Game/Workplace/Meshes/3D_printer_Direction Z3_PhysicsAsset' is not a standard unreal filename or a long path name. Reason: Name may not contain the following characters: ' '
[2025.12.18-18.48.43:972][495]LogPackageName: Error: DoesPackageExist: DoesPackageExist FAILED: '/Game/Workplace/Meshes/3D_printer_Direction Z3_PhysicsAsset' is not a standard unreal filename or a long path name. Reason: Name may not contain the following characters: ' '
[2025.12.18-18.48.43:972][495]LogLinker: Error: AddRedirectList(AddKnownMissing) failed to add redirector from /Game/Workplace/Meshes/3D_printer_Direction Z3_PhysicsAsset to /Game/Workplace/Meshes/3D_printer_Direction Z3_PhysicsAsset with invalid characters!
[2025.12.18-18.48.43:975][495]LogSkeletalMesh: USkeletalMeshComponent::InitArticulated : Could not find root physics body: '/Engine/Transient.World_32:PersistentLevel.SkeletalMeshActor_0.SkeletalMeshComponent0'
[2025.12.18-18.48.43:975][495]LogWorld: UWorld::CleanupWorld for World_32, bSessionEnded=true, bCleanupResources=true
[2025.12.18-18.48.43:975][495]LogSlate: InvalidateAllWidgets triggered.  All widgets were invalidated
[2025.12.18-18.48.43:983][495]LogSkeletalMesh: USkeletalMeshComponent::InitArticulated : Could not find root physics body: '/Engine/Transient.World_33:PersistentLevel.SkeletalMeshActor_0.SkeletalMeshComponent0'
[2025.12.18-18.48.43:983][495]LogWorld: UWorld::CleanupWorld for World_33, bSessionEnded=true, bCleanupResources=true
[2025.12.18-18.48.43:983][495]LogSlate: InvalidateAllWidgets triggered.  All widgets were invalidated
[2025.12.18-18.48.43:991][495]LogPackageName: Error: DoesPackageExist: DoesPackageExist FAILED: '/Game/Workplace/Meshes/3D_printer_Direction Z3_PhysicsAsset' is not a standard unreal filename or a long path name. Reason: Name may not contain the following characters: ' '
[2025.12.18-18.48.44:025][495]LogUObjectHash: Compacting FUObjectHashTables data took   2.10ms
[2025.12.18-18.48.44:037][495]LogPackageName: Error: DoesPackageExist: DoesPackageExist FAILED: '/Game/Workplace/Meshes/3D_printer_Direction Z3_PhysicsAsset' is not a standard unreal filename or a long path name. Reason: Name may not contain the following characters: ' '
[2025.12.18-18.48.44:038][495]LogPackageName: Error: DoesPackageExist: DoesPackageExist FAILED: '/Game/Workplace/Meshes/3D_printer_Direction Z3_PhysicsAsset' is not a standard unreal filename or a long path name. Reason: Name may not contain the following characters: ' '
[2025.12.18-18.48.44:065][495]LogUObjectHash: Compacting FUObjectHashTables data took   1.11ms
[2025.12.18-18.48.44:080][495]LogFbx: Triangulating skeletal mesh Direction Z2
[2025.12.18-18.48.44:081][495]LogFbx: Warning: Bones digested - 4  Depth of hierarchy - 3
[2025.12.18-18.48.44:082][495]LogSkeletalMesh: Section 0: Material=0, 76 triangles
[2025.12.18-18.48.44:083][495]LogSkeletalMesh: Building Skeletal Mesh 3D_printer_Direction Z2...
[2025.12.18-18.48.44:083][495]LogSkeletalMesh: Section 0: Material=0, 76 triangles
[2025.12.18-18.48.44:084][495]LogSkeletalMesh: Built Skeletal Mesh [0.00s] /Game/Workplace/Meshes/3D_printer.3D_printer_Direction Z2
[2025.12.18-18.48.44:084][495]LogPackageName: Error: DoesPackageExist: DoesPackageExist FAILED: '/Game/Workplace/Meshes/3D_printer_Direction Z2_Skeleton' is not a standard unreal filename or a long path name. Reason: Name may not contain the following characters: ' '
[2025.12.18-18.48.44:084][495]LogPackageName: Error: DoesPackageExist: DoesPackageExist FAILED: '/Game/Workplace/Meshes/3D_printer_Direction Z2_Skeleton' is not a standard unreal filename or a long path name. Reason: Name may not contain the following characters: ' '
[2025.12.18-18.48.44:084][495]LogLinker: Error: AddRedirectList(AddKnownMissing) failed to add redirector from /Game/Workplace/Meshes/3D_printer_Direction Z2_Skeleton to /Game/Workplace/Meshes/3D_printer_Direction Z2_Skeleton with invalid characters!
[2025.12.18-18.48.44:084][495]LogPackageName: Error: DoesPackageExist: DoesPackageExist FAILED: '/Game/Workplace/Meshes/3D_printer_Direction Z2_PhysicsAsset' is not a standard unreal filename or a long path name. Reason: Name may not contain the following characters: ' '
[2025.12.18-18.48.44:084][495]LogPackageName: Error: DoesPackageExist: DoesPackageExist FAILED: '/Game/Workplace/Meshes/3D_printer_Direction Z2_PhysicsAsset' is not a standard unreal filename or a long path name. Reason: Name may not contain the following characters: ' '
[2025.12.18-18.48.44:084][495]LogLinker: Error: AddRedirectList(AddKnownMissing) failed to add redirector from /Game/Workplace/Meshes/3D_printer_Direction Z2_PhysicsAsset to /Game/Workplace/Meshes/3D_printer_Direction Z2_PhysicsAsset with invalid characters!
[2025.12.18-18.48.44:087][495]LogSkeletalMesh: USkeletalMeshComponent::InitArticulated : Could not find root physics body: '/Engine/Transient.World_34:PersistentLevel.SkeletalMeshActor_0.SkeletalMeshComponent0'
[2025.12.18-18.48.44:087][495]LogWorld: UWorld::CleanupWorld for World_34, bSessionEnded=true, bCleanupResources=true
[2025.12.18-18.48.44:087][495]LogSlate: InvalidateAllWidgets triggered.  All widgets were invalidated
[2025.12.18-18.48.44:094][495]LogSkeletalMesh: USkeletalMeshComponent::InitArticulated : Could not find root physics body: '/Engine/Transient.World_35:PersistentLevel.SkeletalMeshActor_0.SkeletalMeshComponent0'
[2025.12.18-18.48.44:094][495]LogWorld: UWorld::CleanupWorld for World_35, bSessionEnded=true, bCleanupResources=true
[2025.12.18-18.48.44:094][495]LogSlate: InvalidateAllWidgets triggered.  All widgets were invalidated
[2025.12.18-18.48.44:100][495]LogPackageName: Error: DoesPackageExist: DoesPackageExist FAILED: '/Game/Workplace/Meshes/3D_printer_Direction Z2_PhysicsAsset' is not a standard unreal filename or a long path name. Reason: Name may not contain the following characters: ' '
[2025.12.18-18.48.44:129][495]LogUObjectHash: Compacting FUObjectHashTables data took   2.21ms
[2025.12.18-18.48.44:140][495]LogPackageName: Error: DoesPackageExist: DoesPackageExist FAILED: '/Game/Workplace/Meshes/3D_printer_Direction Z2_PhysicsAsset' is not a standard unreal filename or a long path name. Reason: Name may not contain the following characters: ' '
[2025.12.18-18.48.44:141][495]LogPackageName: Error: DoesPackageExist: DoesPackageExist FAILED: '/Game/Workplace/Meshes/3D_printer_Direction Z2_PhysicsAsset' is not a standard unreal filename or a long path name. Reason: Name may not contain the following characters: ' '
[2025.12.18-18.48.44:165][495]LogUObjectHash: Compacting FUObjectHashTables data took   1.17ms
[2025.12.18-18.48.44:173][495]LogFbx: Triangulating skeletal mesh Direction Z1
[2025.12.18-18.48.44:174][495]LogFbx: Warning: Bones digested - 4  Depth of hierarchy - 3
[2025.12.18-18.48.44:175][495]LogSkeletalMesh: Section 0: Material=0, 76 triangles
[2025.12.18-18.48.44:176][495]LogSkeletalMesh: Building Skeletal Mesh 3D_printer_Direction Z1...
[2025.12.18-18.48.44:177][495]LogSkeletalMesh: Section 0: Material=0, 76 triangles
[2025.12.18-18.48.44:177][495]LogSkeletalMesh: Built Skeletal Mesh [0.00s] /Game/Workplace/Meshes/3D_printer.3D_printer_Direction Z1
[2025.12.18-18.48.44:177][495]LogPackageName: Error: DoesPackageExist: DoesPackageExist FAILED: '/Game/Workplace/Meshes/3D_printer_Direction Z1_Skeleton' is not a standard unreal filename or a long path name. Reason: Name may not contain the following characters: ' '
[2025.12.18-18.48.44:177][495]LogPackageName: Error: DoesPackageExist: DoesPackageExist FAILED: '/Game/Workplace/Meshes/3D_printer_Direction Z1_Skeleton' is not a standard unreal filename or a long path name. Reason: Name may not contain the following characters: ' '
[2025.12.18-18.48.44:177][495]LogLinker: Error: AddRedirectList(AddKnownMissing) failed to add redirector from /Game/Workplace/Meshes/3D_printer_Direction Z1_Skeleton to /Game/Workplace/Meshes/3D_printer_Direction Z1_Skeleton with invalid characters!
[2025.12.18-18.48.44:177][495]LogPackageName: Error: DoesPackageExist: DoesPackageExist FAILED: '/Game/Workplace/Meshes/3D_printer_Direction Z1_PhysicsAsset' is not a standard unreal filename or a long path name. Reason: Name may not contain the following characters: ' '
[2025.12.18-18.48.44:177][495]LogPackageName: Error: DoesPackageExist: DoesPackageExist FAILED: '/Game/Workplace/Meshes/3D_printer_Direction Z1_PhysicsAsset' is not a standard unreal filename or a long path name. Reason: Name may not contain the following characters: ' '
[2025.12.18-18.48.44:177][495]LogLinker: Error: AddRedirectList(AddKnownMissing) failed to add redirector from /Game/Workplace/Meshes/3D_printer_Direction Z1_PhysicsAsset to /Game/Workplace/Meshes/3D_printer_Direction Z1_PhysicsAsset with invalid characters!
[2025.12.18-18.48.44:179][495]LogSkeletalMesh: USkeletalMeshComponent::InitArticulated : Could not find root physics body: '/Engine/Transient.World_36:PersistentLevel.SkeletalMeshActor_0.SkeletalMeshComponent0'
[2025.12.18-18.48.44:179][495]LogWorld: UWorld::CleanupWorld for World_36, bSessionEnded=true, bCleanupResources=true
[2025.12.18-18.48.44:179][495]LogSlate: InvalidateAllWidgets triggered.  All widgets were invalidated
[2025.12.18-18.48.44:184][495]LogSkeletalMesh: USkeletalMeshComponent::InitArticulated : Could not find root physics body: '/Engine/Transient.World_37:PersistentLevel.SkeletalMeshActor_0.SkeletalMeshComponent0'
[2025.12.18-18.48.44:184][495]LogWorld: UWorld::CleanupWorld for World_37, bSessionEnded=true, bCleanupResources=true
[2025.12.18-18.48.44:185][495]LogSlate: InvalidateAllWidgets triggered.  All widgets were invalidated
[2025.12.18-18.48.44:189][495]LogPackageName: Error: DoesPackageExist: DoesPackageExist FAILED: '/Game/Workplace/Meshes/3D_printer_Direction Z1_PhysicsAsset' is not a standard unreal filename or a long path name. Reason: Name may not contain the following characters: ' '
[2025.12.18-18.48.44:218][495]LogUObjectHash: Compacting FUObjectHashTables data took   2.19ms
[2025.12.18-18.48.44:230][495]LogPackageName: Error: DoesPackageExist: DoesPackageExist FAILED: '/Game/Workplace/Meshes/3D_printer_Direction Z1_PhysicsAsset' is not a standard unreal filename or a long path name. Reason: Name may not contain the following characters: ' '
[2025.12.18-18.48.44:231][495]LogPackageName: Error: DoesPackageExist: DoesPackageExist FAILED: '/Game/Workplace/Meshes/3D_printer_Direction Z1_PhysicsAsset' is not a standard unreal filename or a long path name. Reason: Name may not contain the following characters: ' '
[2025.12.18-18.48.44:256][495]LogUObjectHash: Compacting FUObjectHashTables data took   1.09ms
[2025.12.18-18.48.44:265][495]LogFbx: Triangulating skeletal mesh Extruder
[2025.12.18-18.48.44:268][495]LogFbx: Triangulating skeletal mesh Direction X
[2025.12.18-18.48.44:270][495]LogFbx: Warning: Bones digested - 8  Depth of hierarchy - 4
[2025.12.18-18.48.44:274][495]LogSkeletalMesh: Section 0: Material=0, 392 triangles
[2025.12.18-18.48.44:275][495]LogSkeletalMesh: Building Skeletal Mesh 3D_printer_Extruder...
[2025.12.18-18.48.44:277][495]LogSkeletalMesh: Section 0: Material=0, 392 triangles
[2025.12.18-18.48.44:278][495]LogSkeletalMesh: Built Skeletal Mesh [0.00s] /Game/Workplace/Meshes/3D_printer.3D_printer_Extruder
[2025.12.18-18.48.44:280][495]LogSkeletalMesh: USkeletalMeshComponent::InitArticulated : Could not find root physics body: '/Engine/Transient.World_38:PersistentLevel.SkeletalMeshActor_0.SkeletalMeshComponent0'
[2025.12.18-18.48.44:281][495]LogWorld: UWorld::CleanupWorld for World_38, bSessionEnded=true, bCleanupResources=true
[2025.12.18-18.48.44:281][495]LogSlate: InvalidateAllWidgets triggered.  All widgets were invalidated
[2025.12.18-18.48.44:288][495]LogSkeletalMesh: USkeletalMeshComponent::InitArticulated : Could not find root physics body: '/Engine/Transient.World_39:PersistentLevel.SkeletalMeshActor_0.SkeletalMeshComponent0'
[2025.12.18-18.48.44:288][495]LogWorld: UWorld::CleanupWorld for World_39, bSessionEnded=true, bCleanupResources=true
[2025.12.18-18.48.44:288][495]LogSlate: InvalidateAllWidgets triggered.  All widgets were invalidated
[2025.12.18-18.48.44:322][495]LogUObjectHash: Compacting FUObjectHashTables data took   2.15ms
[2025.12.18-18.48.44:359][495]LogUObjectHash: Compacting FUObjectHashTables data took   1.11ms
[2025.12.18-18.48.44:368][495]LogFbx: Triangulating skeletal mesh Corpus
[2025.12.18-18.48.44:375][495]LogFbx: Warning: Bones digested - 3  Depth of hierarchy - 2
[2025.12.18-18.48.44:381][495]LogSkeletalMesh: Section 0: Material=0, 670 triangles
[2025.12.18-18.48.44:382][495]LogSkeletalMesh: Building Skeletal Mesh 3D_printer_Corpus...
[2025.12.18-18.48.44:390][495]LogSkeletalMesh: Section 0: Material=0, 670 triangles
[2025.12.18-18.48.44:392][495]LogSkeletalMesh: Built Skeletal Mesh [0.01s] /Game/Workplace/Meshes/3D_printer.3D_printer_Corpus
[2025.12.18-18.48.44:396][495]LogSkeletalMesh: USkeletalMeshComponent::InitArticulated : Could not find root physics body: '/Engine/Transient.World_40:PersistentLevel.SkeletalMeshActor_0.SkeletalMeshComponent0'
[2025.12.18-18.48.44:396][495]LogWorld: UWorld::CleanupWorld for World_40, bSessionEnded=true, bCleanupResources=true
[2025.12.18-18.48.44:396][495]LogSlate: InvalidateAllWidgets triggered.  All widgets were invalidated
[2025.12.18-18.48.44:406][495]LogWorld: UWorld::CleanupWorld for World_41, bSessionEnded=true, bCleanupResources=true
[2025.12.18-18.48.44:406][495]LogSlate: InvalidateAllWidgets triggered.  All widgets were invalidated
[2025.12.18-18.48.44:430][495]LogFbx: Triangulating skeletal mesh Door
[2025.12.18-18.48.44:431][495]LogFbx: Warning: Bones digested - 1  Depth of hierarchy - 1
[2025.12.18-18.48.44:432][495]LogSkeletalMesh: Section 0: Material=0, 48 triangles
[2025.12.18-18.48.44:432][495]LogSkeletalMesh: Building Skeletal Mesh 3D_printer_Door...
[2025.12.18-18.48.44:433][495]LogSkeletalMesh: Section 0: Material=0, 48 triangles
[2025.12.18-18.48.44:433][495]LogSkeletalMesh: Built Skeletal Mesh [0.00s] /Game/Workplace/Meshes/3D_printer.3D_printer_Door
[2025.12.18-18.48.44:437][495]LogSkeletalMesh: USkeletalMeshComponent::InitArticulated : Could not find root physics body: '/Engine/Transient.World_42:PersistentLevel.SkeletalMeshActor_0.SkeletalMeshComponent0'
[2025.12.18-18.48.44:437][495]LogWorld: UWorld::CleanupWorld for World_42, bSessionEnded=true, bCleanupResources=true
[2025.12.18-18.48.44:437][495]LogSlate: InvalidateAllWidgets triggered.  All widgets were invalidated
[2025.12.18-18.48.44:446][495]LogSkeletalMesh: USkeletalMeshComponent::InitArticulated : Could not find root physics body: '/Engine/Transient.World_43:PersistentLevel.SkeletalMeshActor_0.SkeletalMeshComponent0'
[2025.12.18-18.48.44:446][495]LogWorld: UWorld::CleanupWorld for World_43, bSessionEnded=true, bCleanupResources=true
[2025.12.18-18.48.44:446][495]LogSlate: InvalidateAllWidgets triggered.  All widgets were invalidated
[2025.12.18-18.48.44:482][495]LogUObjectHash: Compacting FUObjectHashTables data took   2.15ms
[2025.12.18-18.48.44:522][495]LogUObjectHash: Compacting FUObjectHashTables data took   1.74ms
[2025.12.18-18.48.44:533][495]FBXImport: FBX File Loading: Found name clash, node 'Bone' was renamed to 'Bone1' 
[2025.12.18-18.48.44:533][495]FBXImport: FBX File Loading: Found name clash, node 'Bone' was renamed to 'Bone2' 
[2025.12.18-18.48.44:533][495]FBXImport: FBX File Loading: Found name clash, node 'Bone' was renamed to 'Bone3' 
[2025.12.18-18.48.44:533][495]FBXImport: FBX File Loading: Found name clash, node 'Bone' was renamed to 'Bone4' 
[2025.12.18-18.48.44:533][495]FBXImport: FBX File Loading: Found name clash, node 'Bone' was renamed to 'Bone5' 
[2025.12.18-18.48.44:533][495]FBXImport: FBX File Loading: Found name clash, node 'Bone' was renamed to 'Bone6' 
[2025.12.18-18.48.44:533][495]FBXImport: FBX File Loading: Found name clash, node 'Bone_end' was renamed to 'Bone_end7' 
[2025.12.18-18.48.44:533][495]FBXImport: FBX File Loading: Found name clash, node 'Bone_end' was renamed to 'Bone_end8' 
[2025.12.18-18.48.44:533][495]FBXImport: FBX File Loading: Found name clash, node 'Bone_end' was renamed to 'Bone_end9' 
[2025.12.18-18.48.44:533][495]FBXImport: FBX File Loading: Found name clash, node 'Bone_end' was renamed to 'Bone_end10' 
[2025.12.18-18.48.44:533][495]FBXImport: FBX File Loading: Found name clash, node 'Bone_end' was renamed to 'Bone_end11' 
[2025.12.18-18.48.44:533][495]FBXImport: FBX File Loading: Found name clash, node 'Bone_end' was renamed to 'Bone_end12' 
[2025.12.18-18.48.44:533][495]FBXImport: Warning: No smoothing group information was found in this FBX scene.  Please make sure to enable the 'Export Smoothing Groups' option in the FBX Exporter plug-in before exporting the file.  Even for tools that don't support smoothing groups, the FBX Exporter will generate appropriate smoothing data at export-time so that correct vertex normals can be inferred while importing. 
[2025.12.18-18.48.44:533][495]FBXImport: Warning: Could not find the bind pose.  It will use time 0 as bind pose. 
[2025.12.18-18.48.44:533][495]FBXImport: Warning: The bone size is too small to create Physics Asset '3D_printer_Table_PhysicsAsset' from Skeletal Mesh '3D_printer_Table'. You will have to create physics asset manually. 
[2025.12.18-18.48.44:533][495]FBXImport: Warning: Could not find the bind pose.  It will use time 0 as bind pose. 
[2025.12.18-18.48.44:533][495]FBXImport: Warning: The bone size is too small to create Physics Asset '3D_printer_Direction Z3_PhysicsAsset' from Skeletal Mesh '3D_printer_Direction Z3'. You will have to create physics asset manually. 
[2025.12.18-18.48.44:533][495]FBXImport: Warning: Could not find the bind pose.  It will use time 0 as bind pose. 
[2025.12.18-18.48.44:533][495]FBXImport: Warning: The bone size is too small to create Physics Asset '3D_printer_Direction Z2_PhysicsAsset' from Skeletal Mesh '3D_printer_Direction Z2'. You will have to create physics asset manually. 
[2025.12.18-18.48.44:533][495]FBXImport: Warning: Could not find the bind pose.  It will use time 0 as bind pose. 
[2025.12.18-18.48.44:533][495]FBXImport: Warning: The bone size is too small to create Physics Asset '3D_printer_Direction Z1_PhysicsAsset' from Skeletal Mesh '3D_printer_Direction Z1'. You will have to create physics asset manually. 
[2025.12.18-18.48.44:533][495]FBXImport: Warning: Could not find the bind pose.  It will use time 0 as bind pose. 
[2025.12.18-18.48.44:533][495]FBXImport: Warning: The bone size is too small to create Physics Asset '3D_printer_Extruder_PhysicsAsset' from Skeletal Mesh '3D_printer_Extruder'. You will have to create physics asset manually. 
[2025.12.18-18.48.44:533][495]FBXImport: Warning: Could not find the bind pose.  It will use time 0 as bind pose. 
[2025.12.18-18.48.44:533][495]FBXImport: Warning: Could not find the bind pose.  It will use time 0 as bind pose. 
[2025.12.18-18.48.44:533][495]FBXImport: Warning: The bone size is too small to create Physics Asset '3D_printer_Door_PhysicsAsset' from Skeletal Mesh '3D_printer_Door'. You will have to create physics asset manually. 
[2025.12.18-18.48.44:593][495]LogPackageName: Error: DoesPackageExist: DoesPackageExist FAILED: '/Game/Workplace/Meshes/3D_printer_Direction Z3_Skeleton' is not a standard unreal filename or a long path name. Reason: Name may not contain the following characters: ' '
[2025.12.18-18.48.44:593][495]LogPackageName: Error: DoesPackageExist: DoesPackageExist FAILED: '/Game/Workplace/Meshes/3D_printer_Direction Z2_Skeleton' is not a standard unreal filename or a long path name. Reason: Name may not contain the following characters: ' '
[2025.12.18-18.48.44:593][495]LogPackageName: Error: DoesPackageExist: DoesPackageExist FAILED: '/Game/Workplace/Meshes/3D_printer_Direction Z1_Skeleton' is not a standard unreal filename or a long path name. Reason: Name may not contain the following characters: ' '
[2025.12.18-18.48.44:622][497]LogPackageName: Error: DoesPackageExist: DoesPackageExist FAILED: '/Game/Workplace/Meshes/3D_printer_Direction Z3_Skeleton' is not a standard unreal filename or a long path name. Reason: Name may not contain the following characters: ' '
[2025.12.18-18.48.44:623][497]LogPackageName: Error: DoesPackageExist: DoesPackageExist FAILED: '/Game/Workplace/Meshes/3D_printer_Direction Z2_Skeleton' is not a standard unreal filename or a long path name. Reason: Name may not contain the following characters: ' '
[2025.12.18-18.48.44:630][498]LogPackageName: Error: DoesPackageExist: DoesPackageExist FAILED: '/Game/Workplace/Meshes/3D_printer_Direction Z2_Skeleton' is not a standard unreal filename or a long path name. Reason: Name may not contain the following characters: ' '
[2025.12.18-18.48.44:630][498]LogPackageName: Error: DoesPackageExist: DoesPackageExist FAILED: '/Game/Workplace/Meshes/3D_printer_Direction Z3_Skeleton' is not a standard unreal filename or a long path name. Reason: Name may not contain the following characters: ' '
[2025.12.18-18.48.44:647][499]LogPackageName: Error: DoesPackageExist: DoesPackageExist FAILED: '/Game/Workplace/Meshes/3D_printer_Direction Z1_Skeleton' is not a standard unreal filename or a long path name. Reason: Name may not contain the following characters: ' '
[2025.12.18-18.48.45:494][543]LogPackageName: Error: DoesPackageExist: DoesPackageExist FAILED: '/Game/Workplace/Meshes/3D_printer_Direction Z2_Skeleton' is not a standard unreal filename or a long path name. Reason: Name may not contain the following characters: ' '
[2025.12.18-18.48.45:495][543]LogPackageName: Error: DoesPackageExist: DoesPackageExist FAILED: '/Game/Workplace/Meshes/3D_printer_Direction Z1_Skeleton' is not a standard unreal filename or a long path name. Reason: Name may not contain the following characters: ' '
[2025.12.18-18.48.46:016][574]LogPackageName: Error: DoesPackageExist: DoesPackageExist FAILED: '/Game/Workplace/Meshes/3D_printer_Direction Z3_Skeleton' is not a standard unreal filename or a long path name. Reason: Name may not contain the following characters: ' '
[2025.12.18-18.48.47:266][649]LogPackageName: Error: DoesPackageExist: DoesPackageExist FAILED: '/Game/Workplace/Meshes/3D_printer_Direction Z3_Skeleton' is not a standard unreal filename or a long path name. Reason: Name may not contain the following characters: ' '
[2025.12.18-18.49.00:166][390]LogPackageName: Error: DoesPackageExist: DoesPackageExist FAILED: '/Game/Workplace/Meshes/3D_printer_Direction Z1_Skeleton' is not a standard unreal filename or a long path name. Reason: Name may not contain the following characters: ' '
[2025.12.18-18.49.00:166][390]LogPackageName: Error: DoesPackageExist: DoesPackageExist FAILED: '/Game/Workplace/Meshes/3D_printer_Direction Z2_Skeleton' is not a standard unreal filename or a long path name. Reason: Name may not contain the following characters: ' '
[2025.12.18-18.49.00:166][390]LogPackageName: Error: DoesPackageExist: DoesPackageExist FAILED: '/Game/Workplace/Meshes/3D_printer_Direction Z3_Skeleton' is not a standard unreal filename or a long path name. Reason: Name may not contain the following characters: ' '
[2025.12.18-18.49.00:196][390]LogUObjectHash: Compacting FUObjectHashTables data took   1.91ms
[2025.12.18-18.49.01:478][390]LogSlate: Window 'Delete Assets' being destroyed
[2025.12.18-18.49.01:561][390]LogUObjectGlobals: Force Deleting 15 Package(s):
	Asset Name: /Game/Workplace/Meshes/3D_printer.3D_printer_Direction Z1
	Asset Name: /Game/Workplace/Meshes/3D_printer.3D_printer_Door
	Asset Name: /Game/Workplace/Meshes/3D_printer_Direction Z1_Skeleton.3D_printer_Direction Z1_Skeleton
	Asset Name: /Game/Workplace/Meshes/3D_printer.3D_printer_Direction Z2
	Asset Name: /Game/Workplace/Meshes/3D_printer_Direction Z2_Skeleton.3D_printer_Direction Z2_Skeleton
	Asset Name: /Game/Workplace/Meshes/3D_printer.3D_printer_Direction Z3
	Asset Name: /Game/Workplace/Meshes/3D_printer_Direction Z3_Skeleton.3D_printer_Direction Z3_Skeleton
	Asset Name: /Game/Workplace/Meshes/3D_printer_Table_Skeleton.3D_printer_Table_Skeleton
	Asset Name: /Game/Workplace/Meshes/3D_printer_Extruder_Skeleton.3D_printer_Extruder_Skeleton
	Asset Name: /Game/Workplace/Meshes/3D_printer_Corpus_Skeleton.3D_printer_Corpus_Skeleton
[2025.12.18-18.49.01:575][390]LogPackageName: Error: DoesPackageExist: DoesPackageExist FAILED: '/Game/Workplace/Meshes/3D_printer_Direction Z1_Skeleton' is not a standard unreal filename or a long path name. Reason: Name may not contain the following characters: ' '
[2025.12.18-18.49.01:576][390]LogPackageName: Error: DoesPackageExist: DoesPackageExist FAILED: '/Game/Workplace/Meshes/3D_printer_Direction Z2_Skeleton' is not a standard unreal filename or a long path name. Reason: Name may not contain the following characters: ' '
[2025.12.18-18.49.01:576][390]LogPackageName: Error: DoesPackageExist: DoesPackageExist FAILED: '/Game/Workplace/Meshes/3D_printer_Direction Z3_Skeleton' is not a standard unreal filename or a long path name. Reason: Name may not contain the following characters: ' '
[2025.12.18-18.49.02:033][390]LogPackageName: Error: DoesPackageExist: DoesPackageExist FAILED: '/Game/Workplace/Meshes/3D_printer_Direction Z3_Skeleton' is not a standard unreal filename or a long path name. Reason: Name may not contain the following characters: ' '
[2025.12.18-18.49.02:043][390]LogPackageName: Error: DoesPackageExist: DoesPackageExist FAILED: '/Game/Workplace/Meshes/3D_printer_Direction Z2_Skeleton' is not a standard unreal filename or a long path name. Reason: Name may not contain the following characters: ' '
[2025.12.18-18.49.02:054][390]LogPackageName: Error: DoesPackageExist: DoesPackageExist FAILED: '/Game/Workplace/Meshes/3D_printer_Direction Z1_Skeleton' is not a standard unreal filename or a long path name. Reason: Name may not contain the following characters: ' '
[2025.12.18-18.49.02:090][390]LogUObjectHash: Compacting FUObjectHashTables data took   1.74ms
[2025.12.18-18.49.05:714][489]LogFactory: FactoryCreateFile: StaticMesh with FbxFactory (0 0 D:\WORKPLACE\Mini_laboratory\MEPhI_VR_term_1\blender FBX\3D_printer.fbx)
[2025.12.18-18.49.05:721][489]LogFbx: Loading FBX Scene from D:\WORKPLACE\Mini_laboratory\MEPhI_VR_term_1\blender FBX\3D_printer.fbx
[2025.12.18-18.49.05:731][489]LogFbx: FBX Scene Loaded Succesfully
[2025.12.18-18.50.05:918][489]LogSlate: Window 'FBX Import Options' being destroyed
[2025.12.18-18.50.05:974][489]LogFbx: Triangulating skeletal mesh Table
[2025.12.18-18.50.05:987][489]LogFbx: Warning: Bones digested - 4  Depth of hierarchy - 3
[2025.12.18-18.50.05:992][489]LogSkeletalMesh: Section 0: Material=0, 192 triangles
[2025.12.18-18.50.05:992][489]LogSkeletalMesh: Building Skeletal Mesh 3D_printer_Table...
[2025.12.18-18.50.05:995][489]LogSkeletalMesh: Section 0: Material=0, 192 triangles
[2025.12.18-18.50.05:997][489]LogSkeletalMesh: Built Skeletal Mesh [0.00s] /Game/Workplace/Meshes/3D_printer.3D_printer_Table
[2025.12.18-18.50.06:003][489]LogSkeletalMesh: USkeletalMeshComponent::InitArticulated : Could not find root physics body: '/Engine/Transient.World_44:PersistentLevel.SkeletalMeshActor_0.SkeletalMeshComponent0'
[2025.12.18-18.50.06:003][489]LogWorld: UWorld::CleanupWorld for World_44, bSessionEnded=true, bCleanupResources=true
[2025.12.18-18.50.06:003][489]LogSlate: InvalidateAllWidgets triggered.  All widgets were invalidated
[2025.12.18-18.50.06:011][489]LogSkeletalMesh: USkeletalMeshComponent::InitArticulated : Could not find root physics body: '/Engine/Transient.World_45:PersistentLevel.SkeletalMeshActor_0.SkeletalMeshComponent0'
[2025.12.18-18.50.06:011][489]LogWorld: UWorld::CleanupWorld for World_45, bSessionEnded=true, bCleanupResources=true
[2025.12.18-18.50.06:011][489]LogSlate: InvalidateAllWidgets triggered.  All widgets were invalidated
[2025.12.18-18.50.06:055][489]LogUObjectHash: Compacting FUObjectHashTables data took   2.23ms
[2025.12.18-18.50.06:101][489]LogUObjectHash: Compacting FUObjectHashTables data took   1.21ms
[2025.12.18-18.50.06:111][489]LogFbx: Triangulating skeletal mesh Direction Z3
[2025.12.18-18.50.06:112][489]LogFbx: Warning: Bones digested - 4  Depth of hierarchy - 3
[2025.12.18-18.50.06:113][489]LogSkeletalMesh: Section 0: Material=0, 76 triangles
[2025.12.18-18.50.06:114][489]LogSkeletalMesh: Building Skeletal Mesh 3D_printer_Direction Z3...
[2025.12.18-18.50.06:115][489]LogSkeletalMesh: Section 0: Material=0, 76 triangles
[2025.12.18-18.50.06:115][489]LogSkeletalMesh: Built Skeletal Mesh [0.00s] /Game/Workplace/Meshes/3D_printer.3D_printer_Direction Z3
[2025.12.18-18.50.06:115][489]LogPackageName: Error: DoesPackageExist: DoesPackageExist FAILED: '/Game/Workplace/Meshes/3D_printer_Direction Z3_Skeleton' is not a standard unreal filename or a long path name. Reason: Name may not contain the following characters: ' '
[2025.12.18-18.50.06:115][489]LogPackageName: Error: DoesPackageExist: DoesPackageExist FAILED: '/Game/Workplace/Meshes/3D_printer_Direction Z3_Skeleton' is not a standard unreal filename or a long path name. Reason: Name may not contain the following characters: ' '
[2025.12.18-18.50.06:115][489]LogLinker: Error: AddRedirectList(AddKnownMissing) failed to add redirector from /Game/Workplace/Meshes/3D_printer_Direction Z3_Skeleton to /Game/Workplace/Meshes/3D_printer_Direction Z3_Skeleton with invalid characters!
[2025.12.18-18.50.06:115][489]LogPackageName: Error: DoesPackageExist: DoesPackageExist FAILED: '/Game/Workplace/Meshes/3D_printer_Direction Z3_PhysicsAsset' is not a standard unreal filename or a long path name. Reason: Name may not contain the following characters: ' '
[2025.12.18-18.50.06:115][489]LogPackageName: Error: DoesPackageExist: DoesPackageExist FAILED: '/Game/Workplace/Meshes/3D_printer_Direction Z3_PhysicsAsset' is not a standard unreal filename or a long path name. Reason: Name may not contain the following characters: ' '
[2025.12.18-18.50.06:115][489]LogLinker: Error: AddRedirectList(AddKnownMissing) failed to add redirector from /Game/Workplace/Meshes/3D_printer_Direction Z3_PhysicsAsset to /Game/Workplace/Meshes/3D_printer_Direction Z3_PhysicsAsset with invalid characters!
[2025.12.18-18.50.06:118][489]LogSkeletalMesh: USkeletalMeshComponent::InitArticulated : Could not find root physics body: '/Engine/Transient.World_46:PersistentLevel.SkeletalMeshActor_0.SkeletalMeshComponent0'
[2025.12.18-18.50.06:118][489]LogWorld: UWorld::CleanupWorld for World_46, bSessionEnded=true, bCleanupResources=true
[2025.12.18-18.50.06:119][489]LogSlate: InvalidateAllWidgets triggered.  All widgets were invalidated
[2025.12.18-18.50.06:125][489]LogSkeletalMesh: USkeletalMeshComponent::InitArticulated : Could not find root physics body: '/Engine/Transient.World_47:PersistentLevel.SkeletalMeshActor_0.SkeletalMeshComponent0'
[2025.12.18-18.50.06:125][489]LogWorld: UWorld::CleanupWorld for World_47, bSessionEnded=true, bCleanupResources=true
[2025.12.18-18.50.06:125][489]LogSlate: InvalidateAllWidgets triggered.  All widgets were invalidated
[2025.12.18-18.50.06:146][489]LogPackageName: Error: DoesPackageExist: DoesPackageExist FAILED: '/Game/Workplace/Meshes/3D_printer_Direction Z3_PhysicsAsset' is not a standard unreal filename or a long path name. Reason: Name may not contain the following characters: ' '
[2025.12.18-18.50.06:179][489]LogUObjectHash: Compacting FUObjectHashTables data took   2.05ms
[2025.12.18-18.50.06:191][489]LogPackageName: Error: DoesPackageExist: DoesPackageExist FAILED: '/Game/Workplace/Meshes/3D_printer_Direction Z3_PhysicsAsset' is not a standard unreal filename or a long path name. Reason: Name may not contain the following characters: ' '
[2025.12.18-18.50.06:191][489]LogPackageName: Error: DoesPackageExist: DoesPackageExist FAILED: '/Game/Workplace/Meshes/3D_printer_Direction Z3_PhysicsAsset' is not a standard unreal filename or a long path name. Reason: Name may not contain the following characters: ' '
[2025.12.18-18.50.06:216][489]LogUObjectHash: Compacting FUObjectHashTables data took   1.12ms
[2025.12.18-18.50.06:225][489]LogFbx: Triangulating skeletal mesh Direction Z2
[2025.12.18-18.50.06:226][489]LogFbx: Warning: Bones digested - 4  Depth of hierarchy - 3
[2025.12.18-18.50.06:227][489]LogSkeletalMesh: Section 0: Material=0, 76 triangles
[2025.12.18-18.50.06:228][489]LogSkeletalMesh: Building Skeletal Mesh 3D_printer_Direction Z2...
[2025.12.18-18.50.06:228][489]LogSkeletalMesh: Section 0: Material=0, 76 triangles
[2025.12.18-18.50.06:229][489]LogSkeletalMesh: Built Skeletal Mesh [0.00s] /Game/Workplace/Meshes/3D_printer.3D_printer_Direction Z2
[2025.12.18-18.50.06:229][489]LogPackageName: Error: DoesPackageExist: DoesPackageExist FAILED: '/Game/Workplace/Meshes/3D_printer_Direction Z2_Skeleton' is not a standard unreal filename or a long path name. Reason: Name may not contain the following characters: ' '
[2025.12.18-18.50.06:229][489]LogPackageName: Error: DoesPackageExist: DoesPackageExist FAILED: '/Game/Workplace/Meshes/3D_printer_Direction Z2_Skeleton' is not a standard unreal filename or a long path name. Reason: Name may not contain the following characters: ' '
[2025.12.18-18.50.06:229][489]LogLinker: Error: AddRedirectList(AddKnownMissing) failed to add redirector from /Game/Workplace/Meshes/3D_printer_Direction Z2_Skeleton to /Game/Workplace/Meshes/3D_printer_Direction Z2_Skeleton with invalid characters!
[2025.12.18-18.50.06:229][489]LogPackageName: Error: DoesPackageExist: DoesPackageExist FAILED: '/Game/Workplace/Meshes/3D_printer_Direction Z2_PhysicsAsset' is not a standard unreal filename or a long path name. Reason: Name may not contain the following characters: ' '
[2025.12.18-18.50.06:229][489]LogPackageName: Error: DoesPackageExist: DoesPackageExist FAILED: '/Game/Workplace/Meshes/3D_printer_Direction Z2_PhysicsAsset' is not a standard unreal filename or a long path name. Reason: Name may not contain the following characters: ' '
[2025.12.18-18.50.06:229][489]LogLinker: Error: AddRedirectList(AddKnownMissing) failed to add redirector from /Game/Workplace/Meshes/3D_printer_Direction Z2_PhysicsAsset to /Game/Workplace/Meshes/3D_printer_Direction Z2_PhysicsAsset with invalid characters!
[2025.12.18-18.50.06:231][489]LogSkeletalMesh: USkeletalMeshComponent::InitArticulated : Could not find root physics body: '/Engine/Transient.World_48:PersistentLevel.SkeletalMeshActor_0.SkeletalMeshComponent0'
[2025.12.18-18.50.06:231][489]LogWorld: UWorld::CleanupWorld for World_48, bSessionEnded=true, bCleanupResources=true
[2025.12.18-18.50.06:231][489]LogSlate: InvalidateAllWidgets triggered.  All widgets were invalidated
[2025.12.18-18.50.06:239][489]LogSkeletalMesh: USkeletalMeshComponent::InitArticulated : Could not find root physics body: '/Engine/Transient.World_49:PersistentLevel.SkeletalMeshActor_0.SkeletalMeshComponent0'
[2025.12.18-18.50.06:239][489]LogWorld: UWorld::CleanupWorld for World_49, bSessionEnded=true, bCleanupResources=true
[2025.12.18-18.50.06:239][489]LogSlate: InvalidateAllWidgets triggered.  All widgets were invalidated
[2025.12.18-18.50.06:245][489]LogPackageName: Error: DoesPackageExist: DoesPackageExist FAILED: '/Game/Workplace/Meshes/3D_printer_Direction Z2_PhysicsAsset' is not a standard unreal filename or a long path name. Reason: Name may not contain the following characters: ' '
[2025.12.18-18.50.06:275][489]LogUObjectHash: Compacting FUObjectHashTables data took   2.10ms
[2025.12.18-18.50.06:287][489]LogPackageName: Error: DoesPackageExist: DoesPackageExist FAILED: '/Game/Workplace/Meshes/3D_printer_Direction Z2_PhysicsAsset' is not a standard unreal filename or a long path name. Reason: Name may not contain the following characters: ' '
[2025.12.18-18.50.06:287][489]LogPackageName: Error: DoesPackageExist: DoesPackageExist FAILED: '/Game/Workplace/Meshes/3D_printer_Direction Z2_PhysicsAsset' is not a standard unreal filename or a long path name. Reason: Name may not contain the following characters: ' '
[2025.12.18-18.50.06:312][489]LogUObjectHash: Compacting FUObjectHashTables data took   1.09ms
[2025.12.18-18.50.06:321][489]LogFbx: Triangulating skeletal mesh Direction Z1
[2025.12.18-18.50.06:322][489]LogFbx: Warning: Bones digested - 4  Depth of hierarchy - 3
[2025.12.18-18.50.06:322][489]LogSkeletalMesh: Section 0: Material=0, 76 triangles
[2025.12.18-18.50.06:323][489]LogSkeletalMesh: Building Skeletal Mesh 3D_printer_Direction Z1...
[2025.12.18-18.50.06:323][489]LogSkeletalMesh: Section 0: Material=0, 76 triangles
[2025.12.18-18.50.06:324][489]LogSkeletalMesh: Built Skeletal Mesh [0.00s] /Game/Workplace/Meshes/3D_printer.3D_printer_Direction Z1
[2025.12.18-18.50.06:324][489]LogPackageName: Error: DoesPackageExist: DoesPackageExist FAILED: '/Game/Workplace/Meshes/3D_printer_Direction Z1_Skeleton' is not a standard unreal filename or a long path name. Reason: Name may not contain the following characters: ' '
[2025.12.18-18.50.06:324][489]LogPackageName: Error: DoesPackageExist: DoesPackageExist FAILED: '/Game/Workplace/Meshes/3D_printer_Direction Z1_Skeleton' is not a standard unreal filename or a long path name. Reason: Name may not contain the following characters: ' '
[2025.12.18-18.50.06:324][489]LogLinker: Error: AddRedirectList(AddKnownMissing) failed to add redirector from /Game/Workplace/Meshes/3D_printer_Direction Z1_Skeleton to /Game/Workplace/Meshes/3D_printer_Direction Z1_Skeleton with invalid characters!
[2025.12.18-18.50.06:324][489]LogPackageName: Error: DoesPackageExist: DoesPackageExist FAILED: '/Game/Workplace/Meshes/3D_printer_Direction Z1_PhysicsAsset' is not a standard unreal filename or a long path name. Reason: Name may not contain the following characters: ' '
[2025.12.18-18.50.06:324][489]LogPackageName: Error: DoesPackageExist: DoesPackageExist FAILED: '/Game/Workplace/Meshes/3D_printer_Direction Z1_PhysicsAsset' is not a standard unreal filename or a long path name. Reason: Name may not contain the following characters: ' '
[2025.12.18-18.50.06:324][489]LogLinker: Error: AddRedirectList(AddKnownMissing) failed to add redirector from /Game/Workplace/Meshes/3D_printer_Direction Z1_PhysicsAsset to /Game/Workplace/Meshes/3D_printer_Direction Z1_PhysicsAsset with invalid characters!
[2025.12.18-18.50.06:326][489]LogSkeletalMesh: USkeletalMeshComponent::InitArticulated : Could not find root physics body: '/Engine/Transient.World_50:PersistentLevel.SkeletalMeshActor_0.SkeletalMeshComponent0'
[2025.12.18-18.50.06:326][489]LogWorld: UWorld::CleanupWorld for World_50, bSessionEnded=true, bCleanupResources=true
[2025.12.18-18.50.06:326][489]LogSlate: InvalidateAllWidgets triggered.  All widgets were invalidated
[2025.12.18-18.50.06:333][489]LogSkeletalMesh: USkeletalMeshComponent::InitArticulated : Could not find root physics body: '/Engine/Transient.World_51:PersistentLevel.SkeletalMeshActor_0.SkeletalMeshComponent0'
[2025.12.18-18.50.06:333][489]LogWorld: UWorld::CleanupWorld for World_51, bSessionEnded=true, bCleanupResources=true
[2025.12.18-18.50.06:333][489]LogSlate: InvalidateAllWidgets triggered.  All widgets were invalidated
[2025.12.18-18.50.06:338][489]LogPackageName: Error: DoesPackageExist: DoesPackageExist FAILED: '/Game/Workplace/Meshes/3D_printer_Direction Z1_PhysicsAsset' is not a standard unreal filename or a long path name. Reason: Name may not contain the following characters: ' '
[2025.12.18-18.50.06:370][489]LogUObjectHash: Compacting FUObjectHashTables data took   2.18ms
[2025.12.18-18.50.06:382][489]LogPackageName: Error: DoesPackageExist: DoesPackageExist FAILED: '/Game/Workplace/Meshes/3D_printer_Direction Z1_PhysicsAsset' is not a standard unreal filename or a long path name. Reason: Name may not contain the following characters: ' '
[2025.12.18-18.50.06:382][489]LogPackageName: Error: DoesPackageExist: DoesPackageExist FAILED: '/Game/Workplace/Meshes/3D_printer_Direction Z1_PhysicsAsset' is not a standard unreal filename or a long path name. Reason: Name may not contain the following characters: ' '
[2025.12.18-18.50.06:407][489]LogUObjectHash: Compacting FUObjectHashTables data took   1.10ms
[2025.12.18-18.50.06:416][489]LogFbx: Triangulating skeletal mesh Extruder
[2025.12.18-18.50.06:419][489]LogFbx: Triangulating skeletal mesh Direction X
[2025.12.18-18.50.06:421][489]LogFbx: Warning: Bones digested - 8  Depth of hierarchy - 4
[2025.12.18-18.50.06:424][489]LogSkeletalMesh: Section 0: Material=0, 392 triangles
[2025.12.18-18.50.06:425][489]LogSkeletalMesh: Building Skeletal Mesh 3D_printer_Extruder...
[2025.12.18-18.50.06:427][489]LogSkeletalMesh: Section 0: Material=0, 392 triangles
[2025.12.18-18.50.06:428][489]LogSkeletalMesh: Built Skeletal Mesh [0.00s] /Game/Workplace/Meshes/3D_printer.3D_printer_Extruder
[2025.12.18-18.50.06:431][489]LogSkeletalMesh: USkeletalMeshComponent::InitArticulated : Could not find root physics body: '/Engine/Transient.World_52:PersistentLevel.SkeletalMeshActor_0.SkeletalMeshComponent0'
[2025.12.18-18.50.06:431][489]LogWorld: UWorld::CleanupWorld for World_52, bSessionEnded=true, bCleanupResources=true
[2025.12.18-18.50.06:431][489]LogSlate: InvalidateAllWidgets triggered.  All widgets were invalidated
[2025.12.18-18.50.06:437][489]LogSkeletalMesh: USkeletalMeshComponent::InitArticulated : Could not find root physics body: '/Engine/Transient.World_53:PersistentLevel.SkeletalMeshActor_0.SkeletalMeshComponent0'
[2025.12.18-18.50.06:437][489]LogWorld: UWorld::CleanupWorld for World_53, bSessionEnded=true, bCleanupResources=true
[2025.12.18-18.50.06:437][489]LogSlate: InvalidateAllWidgets triggered.  All widgets were invalidated
[2025.12.18-18.50.06:471][489]LogUObjectHash: Compacting FUObjectHashTables data took   2.06ms
[2025.12.18-18.50.06:508][489]LogUObjectHash: Compacting FUObjectHashTables data took   1.09ms
[2025.12.18-18.50.06:518][489]LogFbx: Triangulating skeletal mesh Corpus
[2025.12.18-18.50.06:525][489]LogFbx: Warning: Bones digested - 3  Depth of hierarchy - 2
[2025.12.18-18.50.06:531][489]LogSkeletalMesh: Section 0: Material=0, 670 triangles
[2025.12.18-18.50.06:532][489]LogSkeletalMesh: Building Skeletal Mesh 3D_printer_Corpus...
[2025.12.18-18.50.06:538][489]LogSkeletalMesh: Section 0: Material=0, 670 triangles
[2025.12.18-18.50.06:540][489]LogSkeletalMesh: Built Skeletal Mesh [0.01s] /Game/Workplace/Meshes/3D_printer.3D_printer_Corpus
[2025.12.18-18.50.06:544][489]LogSkeletalMesh: USkeletalMeshComponent::InitArticulated : Could not find root physics body: '/Engine/Transient.World_54:PersistentLevel.SkeletalMeshActor_0.SkeletalMeshComponent0'
[2025.12.18-18.50.06:544][489]LogWorld: UWorld::CleanupWorld for World_54, bSessionEnded=true, bCleanupResources=true
[2025.12.18-18.50.06:544][489]LogSlate: InvalidateAllWidgets triggered.  All widgets were invalidated
[2025.12.18-18.50.06:550][489]LogWorld: UWorld::CleanupWorld for World_55, bSessionEnded=true, bCleanupResources=true
[2025.12.18-18.50.06:550][489]LogSlate: InvalidateAllWidgets triggered.  All widgets were invalidated
[2025.12.18-18.50.06:565][489]LogFbx: Triangulating skeletal mesh Door
[2025.12.18-18.50.06:566][489]LogFbx: Warning: Bones digested - 1  Depth of hierarchy - 1
[2025.12.18-18.50.06:566][489]LogSkeletalMesh: Section 0: Material=0, 48 triangles
[2025.12.18-18.50.06:567][489]LogSkeletalMesh: Building Skeletal Mesh 3D_printer_Door...
[2025.12.18-18.50.06:567][489]LogSkeletalMesh: Section 0: Material=0, 48 triangles
[2025.12.18-18.50.06:568][489]LogSkeletalMesh: Built Skeletal Mesh [0.00s] /Game/Workplace/Meshes/3D_printer.3D_printer_Door
[2025.12.18-18.50.06:571][489]LogSkeletalMesh: USkeletalMeshComponent::InitArticulated : Could not find root physics body: '/Engine/Transient.World_56:PersistentLevel.SkeletalMeshActor_0.SkeletalMeshComponent0'
[2025.12.18-18.50.06:571][489]LogWorld: UWorld::CleanupWorld for World_56, bSessionEnded=true, bCleanupResources=true
[2025.12.18-18.50.06:571][489]LogSlate: InvalidateAllWidgets triggered.  All widgets were invalidated
[2025.12.18-18.50.06:578][489]LogSkeletalMesh: USkeletalMeshComponent::InitArticulated : Could not find root physics body: '/Engine/Transient.World_57:PersistentLevel.SkeletalMeshActor_0.SkeletalMeshComponent0'
[2025.12.18-18.50.06:578][489]LogWorld: UWorld::CleanupWorld for World_57, bSessionEnded=true, bCleanupResources=true
[2025.12.18-18.50.06:578][489]LogSlate: InvalidateAllWidgets triggered.  All widgets were invalidated
[2025.12.18-18.50.06:614][489]LogUObjectHash: Compacting FUObjectHashTables data took   2.13ms
[2025.12.18-18.50.06:651][489]LogUObjectHash: Compacting FUObjectHashTables data took   1.73ms
[2025.12.18-18.50.06:661][489]FBXImport: FBX File Loading: Found name clash, node 'Bone' was renamed to 'Bone1' 
[2025.12.18-18.50.06:661][489]FBXImport: FBX File Loading: Found name clash, node 'Bone' was renamed to 'Bone2' 
[2025.12.18-18.50.06:661][489]FBXImport: FBX File Loading: Found name clash, node 'Bone' was renamed to 'Bone3' 
[2025.12.18-18.50.06:661][489]FBXImport: FBX File Loading: Found name clash, node 'Bone' was renamed to 'Bone4' 
[2025.12.18-18.50.06:661][489]FBXImport: FBX File Loading: Found name clash, node 'Bone' was renamed to 'Bone5' 
[2025.12.18-18.50.06:661][489]FBXImport: FBX File Loading: Found name clash, node 'Bone' was renamed to 'Bone6' 
[2025.12.18-18.50.06:662][489]FBXImport: FBX File Loading: Found name clash, node 'Bone_end' was renamed to 'Bone_end7' 
[2025.12.18-18.50.06:662][489]FBXImport: FBX File Loading: Found name clash, node 'Bone_end' was renamed to 'Bone_end8' 
[2025.12.18-18.50.06:662][489]FBXImport: FBX File Loading: Found name clash, node 'Bone_end' was renamed to 'Bone_end9' 
[2025.12.18-18.50.06:662][489]FBXImport: FBX File Loading: Found name clash, node 'Bone_end' was renamed to 'Bone_end10' 
[2025.12.18-18.50.06:662][489]FBXImport: FBX File Loading: Found name clash, node 'Bone_end' was renamed to 'Bone_end11' 
[2025.12.18-18.50.06:662][489]FBXImport: FBX File Loading: Found name clash, node 'Bone_end' was renamed to 'Bone_end12' 
[2025.12.18-18.50.06:662][489]FBXImport: Warning: No smoothing group information was found in this FBX scene.  Please make sure to enable the 'Export Smoothing Groups' option in the FBX Exporter plug-in before exporting the file.  Even for tools that don't support smoothing groups, the FBX Exporter will generate appropriate smoothing data at export-time so that correct vertex normals can be inferred while importing. 
[2025.12.18-18.50.06:662][489]FBXImport: Warning: Could not find the bind pose.  It will use time 0 as bind pose. 
[2025.12.18-18.50.06:662][489]FBXImport: Warning: The bone size is too small to create Physics Asset '3D_printer_Table_PhysicsAsset' from Skeletal Mesh '3D_printer_Table'. You will have to create physics asset manually. 
[2025.12.18-18.50.06:662][489]FBXImport: Warning: Could not find the bind pose.  It will use time 0 as bind pose. 
[2025.12.18-18.50.06:662][489]FBXImport: Warning: The bone size is too small to create Physics Asset '3D_printer_Direction Z3_PhysicsAsset' from Skeletal Mesh '3D_printer_Direction Z3'. You will have to create physics asset manually. 
[2025.12.18-18.50.06:662][489]FBXImport: Warning: Could not find the bind pose.  It will use time 0 as bind pose. 
[2025.12.18-18.50.06:662][489]FBXImport: Warning: The bone size is too small to create Physics Asset '3D_printer_Direction Z2_PhysicsAsset' from Skeletal Mesh '3D_printer_Direction Z2'. You will have to create physics asset manually. 
[2025.12.18-18.50.06:662][489]FBXImport: Warning: Could not find the bind pose.  It will use time 0 as bind pose. 
[2025.12.18-18.50.06:662][489]FBXImport: Warning: The bone size is too small to create Physics Asset '3D_printer_Direction Z1_PhysicsAsset' from Skeletal Mesh '3D_printer_Direction Z1'. You will have to create physics asset manually. 
[2025.12.18-18.50.06:662][489]FBXImport: Warning: Could not find the bind pose.  It will use time 0 as bind pose. 
[2025.12.18-18.50.06:662][489]FBXImport: Warning: The bone size is too small to create Physics Asset '3D_printer_Extruder_PhysicsAsset' from Skeletal Mesh '3D_printer_Extruder'. You will have to create physics asset manually. 
[2025.12.18-18.50.06:662][489]FBXImport: Warning: Could not find the bind pose.  It will use time 0 as bind pose. 
[2025.12.18-18.50.06:662][489]FBXImport: Warning: Could not find the bind pose.  It will use time 0 as bind pose. 
[2025.12.18-18.50.06:662][489]FBXImport: Warning: The bone size is too small to create Physics Asset '3D_printer_Door_PhysicsAsset' from Skeletal Mesh '3D_printer_Door'. You will have to create physics asset manually. 
[2025.12.18-18.50.06:715][489]LogPackageName: Error: DoesPackageExist: DoesPackageExist FAILED: '/Game/Workplace/Meshes/3D_printer_Direction Z3_Skeleton' is not a standard unreal filename or a long path name. Reason: Name may not contain the following characters: ' '
[2025.12.18-18.50.06:715][489]LogPackageName: Error: DoesPackageExist: DoesPackageExist FAILED: '/Game/Workplace/Meshes/3D_printer_Direction Z2_Skeleton' is not a standard unreal filename or a long path name. Reason: Name may not contain the following characters: ' '
[2025.12.18-18.50.06:715][489]LogPackageName: Error: DoesPackageExist: DoesPackageExist FAILED: '/Game/Workplace/Meshes/3D_printer_Direction Z1_Skeleton' is not a standard unreal filename or a long path name. Reason: Name may not contain the following characters: ' '
[2025.12.18-18.50.06:730][490]LogPackageName: Error: DoesPackageExist: DoesPackageExist FAILED: '/Game/Workplace/Meshes/3D_printer_Direction Z1_Skeleton' is not a standard unreal filename or a long path name. Reason: Name may not contain the following characters: ' '
[2025.12.18-18.50.06:730][490]LogPackageName: Error: DoesPackageExist: DoesPackageExist FAILED: '/Game/Workplace/Meshes/3D_printer_Direction Z2_Skeleton' is not a standard unreal filename or a long path name. Reason: Name may not contain the following characters: ' '
[2025.12.18-18.50.06:731][490]LogPackageName: Error: DoesPackageExist: DoesPackageExist FAILED: '/Game/Workplace/Meshes/3D_printer_Direction Z3_Skeleton' is not a standard unreal filename or a long path name. Reason: Name may not contain the following characters: ' '
[2025.12.18-18.50.10:347][694]LogActor: Warning: SetReplicates called on non-initialized actor SkeletalMeshActor_9. Directly setting bReplicates is the correct procedure for pre-init actors.
[2025.12.18-18.50.11:167][740]LogActor: Warning: SetReplicates called on non-initialized actor SkeletalMeshActor_10. Directly setting bReplicates is the correct procedure for pre-init actors.
[2025.12.18-18.50.12:587][821]LogTemp: Repeating last play command: New Editor Window (PIE)
[2025.12.18-18.50.12:592][821]LogPlayLevel: PlayLevel: No blueprints needed recompiling
[2025.12.18-18.50.12:592][821]PIE: New page: PIE session: FirstLevel (19 дек. 2025 г., 00:50:12)
[2025.12.18-18.50.12:592][821]LogPlayLevel: Creating play world package: /Game/Workplace/Maps/UEDPIE_0_FirstLevel
[2025.12.18-18.50.12:638][821]LogPlayLevel: PIE: StaticDuplicateObject took: (0.045728s)
[2025.12.18-18.50.12:639][821]LogAIModule: Creating AISystem for world FirstLevel
[2025.12.18-18.50.12:639][821]LogPlayLevel: PIE: World Init took: (0.001050s)
[2025.12.18-18.50.12:639][821]LogPlayLevel: PIE: Created PIE world by copying editor world from /Game/Workplace/Maps/FirstLevel.FirstLevel to /Game/Workplace/Maps/UEDPIE_0_FirstLevel.FirstLevel (0.046897s)
[2025.12.18-18.50.12:665][821]LogUObjectHash: Compacting FUObjectHashTables data took   2.13ms
[2025.12.18-18.50.12:666][821]LogAudio: Display: Creating Audio Device:                 Id: 3, Scope: Unique, Realtime: True
[2025.12.18-18.50.12:666][821]LogAudioMixer: Display: Audio Mixer Platform Settings:
[2025.12.18-18.50.12:666][821]LogAudioMixer: Display: 	Sample Rate:						  48000
[2025.12.18-18.50.12:666][821]LogAudioMixer: Display: 	Callback Buffer Frame Size Requested: 1024
[2025.12.18-18.50.12:666][821]LogAudioMixer: Display: 	Callback Buffer Frame Size To Use:	  1024
[2025.12.18-18.50.12:666][821]LogAudioMixer: Display: 	Number of buffers to queue:			  2
[2025.12.18-18.50.12:666][821]LogAudioMixer: Display: 	Max Channels (voices):				  32
[2025.12.18-18.50.12:666][821]LogAudioMixer: Display: 	Number of Async Source Workers:		  0
[2025.12.18-18.50.12:666][821]LogAudio: Display: AudioDevice MaxSources: 32
[2025.12.18-18.50.12:667][821]LogAudio: Display: Audio Spatialization Plugin: None (built-in).
[2025.12.18-18.50.12:667][821]LogAudio: Display: Audio Reverb Plugin: None (built-in).
[2025.12.18-18.50.12:667][821]LogAudio: Display: Audio Occlusion Plugin: None (built-in).
[2025.12.18-18.50.12:667][821]LogAudioMixer: Display: Initializing audio mixer.
[2025.12.18-18.50.12:670][821]LogAudioMixer: Display: 0: FrontLeft
[2025.12.18-18.50.12:670][821]LogAudioMixer: Display: 1: FrontRight
[2025.12.18-18.50.12:680][821]LogAudioMixer: Display: Using Audio Device Динамики (Realtek(R) Audio)
[2025.12.18-18.50.12:680][821]LogAudioMixer: Display: Initializing Sound Submixes...
[2025.12.18-18.50.12:680][821]LogAudioMixer: Display: Creating Master Submix 'MasterSubmixDefault'
[2025.12.18-18.50.12:680][821]LogAudioMixer: Display: Creating Master Submix 'MasterReverbSubmixDefault'
[2025.12.18-18.50.12:680][821]LogAudioMixer: Display: Creating Master Submix 'MasterEQSubmixDefault'
[2025.12.18-18.50.12:680][821]LogAudioMixer: FMixerPlatformXAudio2::StartAudioStream() called
[2025.12.18-18.50.12:680][821]LogAudioMixer: Display: Output buffers initialized: Frames=1024, Channels=2, Samples=2048
[2025.12.18-18.50.12:681][821]LogAudioMixer: Display: Starting AudioMixerPlatformInterface::RunInternal()
[2025.12.18-18.50.12:681][821]LogAudioMixer: Display: FMixerPlatformXAudio2::SubmitBuffer() called for the first time
[2025.12.18-18.50.12:681][821]LogInit: FAudioDevice initialized.
[2025.12.18-18.50.12:681][821]LogAudio: Display: Audio Device (ID: 3) registered with world 'FirstLevel'.
[2025.12.18-18.50.12:731][821]LogSlate: Updating window title bar state: overlay mode, drag disabled, window buttons hidden, title bar hidden
[2025.12.18-18.50.12:731][821]LogLoad: Game class is 'BP_GameMode_C'
[2025.12.18-18.50.12:733][821]LogWorld: Bringing World /Game/Workplace/Maps/UEDPIE_0_FirstLevel.FirstLevel up for play (max tick rate 60) at 2025.12.18-21.50.12
[2025.12.18-18.50.12:734][821]LogWorld: Bringing up level for play took: 0.002345
[2025.12.18-18.50.12:735][821]LogOnline: OSS: Creating online subsystem instance for: :Context_60
[2025.12.18-18.50.12:736][821]LogSpawn: Warning: SpawnActor failed because no class was specified
[2025.12.18-18.50.12:743][821]PIE: Server logged in
[2025.12.18-18.50.12:746][821]PIE: Play in editor total start time 0,155 seconds.
[2025.12.18-18.50.18:476][156]LogSlate: Updating window title bar state: overlay mode, drag disabled, window buttons hidden, title bar hidden
[2025.12.18-18.50.18:477][156]LogWorld: BeginTearingDown for /Game/Workplace/Maps/UEDPIE_0_FirstLevel
[2025.12.18-18.50.18:477][156]LogSlate: Window 'Mini_laboratory Preview [NetMode: Standalone]  (64-bit/Windows) ' being destroyed
[2025.12.18-18.50.18:484][156]LogWorld: UWorld::CleanupWorld for FirstLevel, bSessionEnded=true, bCleanupResources=true
[2025.12.18-18.50.18:484][156]LogSlate: InvalidateAllWidgets triggered.  All widgets were invalidated
[2025.12.18-18.50.18:494][156]LogPlayLevel: Display: Shutting down PIE online subsystems
[2025.12.18-18.50.18:516][156]LogSlate: InvalidateAllWidgets triggered.  All widgets were invalidated
[2025.12.18-18.50.18:544][156]LogAudio: Display: Audio Device unregistered from world 'None'.
[2025.12.18-18.50.18:544][156]LogAudioMixer: FMixerPlatformXAudio2::StopAudioStream() called
[2025.12.18-18.50.18:546][156]LogAudioMixer: FMixerPlatformXAudio2::StopAudioStream() called
[2025.12.18-18.50.18:554][156]LogUObjectHash: Compacting FUObjectHashTables data took   2.30ms
[2025.12.18-18.50.18:587][157]LogPlayLevel: Display: Destroying online subsystem :Context_60
[2025.12.18-18.50.23:042][416]LogTemp: Repeating last play command: New Editor Window (PIE)
[2025.12.18-18.50.23:047][416]LogPlayLevel: PlayLevel: No blueprints needed recompiling
[2025.12.18-18.50.23:047][416]PIE: New page: PIE session: FirstLevel (19 дек. 2025 г., 00:50:23)
[2025.12.18-18.50.23:047][416]LogPlayLevel: Creating play world package: /Game/Workplace/Maps/UEDPIE_0_FirstLevel
[2025.12.18-18.50.23:054][416]LogPlayLevel: PIE: StaticDuplicateObject took: (0.007350s)
[2025.12.18-18.50.23:055][416]LogAIModule: Creating AISystem for world FirstLevel
[2025.12.18-18.50.23:055][416]LogPlayLevel: PIE: World Init took: (0.000882s)
[2025.12.18-18.50.23:055][416]LogPlayLevel: PIE: Created PIE world by copying editor world from /Game/Workplace/Maps/FirstLevel.FirstLevel to /Game/Workplace/Maps/UEDPIE_0_FirstLevel.FirstLevel (0.008350s)
[2025.12.18-18.50.23:082][416]LogUObjectHash: Compacting FUObjectHashTables data took   2.26ms
[2025.12.18-18.50.23:083][416]LogAudio: Display: Creating Audio Device:                 Id: 4, Scope: Unique, Realtime: True
[2025.12.18-18.50.23:083][416]LogAudioMixer: Display: Audio Mixer Platform Settings:
[2025.12.18-18.50.23:083][416]LogAudioMixer: Display: 	Sample Rate:						  48000
[2025.12.18-18.50.23:083][416]LogAudioMixer: Display: 	Callback Buffer Frame Size Requested: 1024
[2025.12.18-18.50.23:083][416]LogAudioMixer: Display: 	Callback Buffer Frame Size To Use:	  1024
[2025.12.18-18.50.23:083][416]LogAudioMixer: Display: 	Number of buffers to queue:			  2
[2025.12.18-18.50.23:083][416]LogAudioMixer: Display: 	Max Channels (voices):				  32
[2025.12.18-18.50.23:083][416]LogAudioMixer: Display: 	Number of Async Source Workers:		  0
[2025.12.18-18.50.23:083][416]LogAudio: Display: AudioDevice MaxSources: 32
[2025.12.18-18.50.23:083][416]LogAudio: Display: Audio Spatialization Plugin: None (built-in).
[2025.12.18-18.50.23:083][416]LogAudio: Display: Audio Reverb Plugin: None (built-in).
[2025.12.18-18.50.23:083][416]LogAudio: Display: Audio Occlusion Plugin: None (built-in).
[2025.12.18-18.50.23:083][416]LogAudioMixer: Display: Initializing audio mixer.
[2025.12.18-18.50.23:084][416]LogAudioMixer: Display: 0: FrontLeft
[2025.12.18-18.50.23:084][416]LogAudioMixer: Display: 1: FrontRight
[2025.12.18-18.50.23:094][416]LogAudioMixer: Display: Using Audio Device Динамики (Realtek(R) Audio)
[2025.12.18-18.50.23:094][416]LogAudioMixer: Display: Initializing Sound Submixes...
[2025.12.18-18.50.23:094][416]LogAudioMixer: Display: Creating Master Submix 'MasterSubmixDefault'
[2025.12.18-18.50.23:094][416]LogAudioMixer: Display: Creating Master Submix 'MasterReverbSubmixDefault'
[2025.12.18-18.50.23:094][416]LogAudioMixer: Display: Creating Master Submix 'MasterEQSubmixDefault'
[2025.12.18-18.50.23:095][416]LogAudioMixer: FMixerPlatformXAudio2::StartAudioStream() called
[2025.12.18-18.50.23:095][416]LogAudioMixer: Display: Output buffers initialized: Frames=1024, Channels=2, Samples=2048
[2025.12.18-18.50.23:095][416]LogAudioMixer: Display: Starting AudioMixerPlatformInterface::RunInternal()
[2025.12.18-18.50.23:096][416]LogAudioMixer: Display: FMixerPlatformXAudio2::SubmitBuffer() called for the first time
[2025.12.18-18.50.23:096][416]LogInit: FAudioDevice initialized.
[2025.12.18-18.50.23:096][416]LogAudio: Display: Audio Device (ID: 4) registered with world 'FirstLevel'.
[2025.12.18-18.50.23:135][416]LogSlate: Updating window title bar state: overlay mode, drag disabled, window buttons hidden, title bar hidden
[2025.12.18-18.50.23:135][416]LogLoad: Game class is 'BP_GameMode_C'
[2025.12.18-18.50.23:137][416]LogWorld: Bringing World /Game/Workplace/Maps/UEDPIE_0_FirstLevel.FirstLevel up for play (max tick rate 60) at 2025.12.18-21.50.23
[2025.12.18-18.50.23:137][416]LogWorld: Bringing up level for play took: 0.001880
[2025.12.18-18.50.23:138][416]LogOnline: OSS: Creating online subsystem instance for: :Context_61
[2025.12.18-18.50.23:139][416]LogSpawn: Warning: SpawnActor failed because no class was specified
[2025.12.18-18.50.23:179][416]PIE: Server logged in
[2025.12.18-18.50.23:181][416]PIE: Play in editor total start time 0,135 seconds.
[2025.12.18-18.50.38:885][352]LogSlate: Updating window title bar state: overlay mode, drag disabled, window buttons hidden, title bar hidden
[2025.12.18-18.50.38:885][352]LogWorld: BeginTearingDown for /Game/Workplace/Maps/UEDPIE_0_FirstLevel
[2025.12.18-18.50.38:886][352]LogSlate: Window 'Mini_laboratory Preview [NetMode: Standalone]  (64-bit/Windows) ' being destroyed
[2025.12.18-18.50.38:891][352]LogWorld: UWorld::CleanupWorld for FirstLevel, bSessionEnded=true, bCleanupResources=true
[2025.12.18-18.50.38:892][352]LogSlate: InvalidateAllWidgets triggered.  All widgets were invalidated
[2025.12.18-18.50.38:903][352]LogPlayLevel: Display: Shutting down PIE online subsystems
[2025.12.18-18.50.38:924][352]LogSlate: InvalidateAllWidgets triggered.  All widgets were invalidated
[2025.12.18-18.50.38:952][352]LogAudioMixer: FMixerPlatformXAudio2::StopAudioStream() called
[2025.12.18-18.50.38:954][352]LogAudioMixer: FMixerPlatformXAudio2::StopAudioStream() called
[2025.12.18-18.50.38:961][352]LogUObjectHash: Compacting FUObjectHashTables data took   2.25ms
[2025.12.18-18.50.38:993][353]LogPlayLevel: Display: Destroying online subsystem :Context_61
[2025.12.18-18.50.42:810][578]LogEditorViewport: Clicking on Actor (LMB): SkeletalMeshActor (3D_printer_Corpus_PhysicsAsset2)
[2025.12.18-18.50.43:729][632]Cmd: DELETE
[2025.12.18-18.50.43:729][632]Cmd: ACTOR DELETE
[2025.12.18-18.50.43:748][632]LogEditorActor: Deleted Actor: SkeletalMeshActor
[2025.12.18-18.50.43:775][632]LogUObjectHash: Compacting FUObjectHashTables data took   2.34ms
[2025.12.18-18.50.43:775][632]LogEditorActor: Deleted 1 Actors (0.033 secs)
[2025.12.18-18.50.44:429][671]LogTemp: Repeating last play command: New Editor Window (PIE)
[2025.12.18-18.50.44:433][671]LogPlayLevel: PlayLevel: No blueprints needed recompiling
[2025.12.18-18.50.44:433][671]PIE: New page: PIE session: FirstLevel (19 дек. 2025 г., 00:50:44)
[2025.12.18-18.50.44:434][671]LogPlayLevel: Creating play world package: /Game/Workplace/Maps/UEDPIE_0_FirstLevel
[2025.12.18-18.50.44:440][671]LogPlayLevel: PIE: StaticDuplicateObject took: (0.006080s)
[2025.12.18-18.50.44:441][671]LogAIModule: Creating AISystem for world FirstLevel
[2025.12.18-18.50.44:441][671]LogPlayLevel: PIE: World Init took: (0.001046s)
[2025.12.18-18.50.44:441][671]LogPlayLevel: PIE: Created PIE world by copying editor world from /Game/Workplace/Maps/FirstLevel.FirstLevel to /Game/Workplace/Maps/UEDPIE_0_FirstLevel.FirstLevel (0.007230s)
[2025.12.18-18.50.44:469][671]LogUObjectHash: Compacting FUObjectHashTables data took   2.26ms
[2025.12.18-18.50.44:469][671]LogAudio: Display: Creating Audio Device:                 Id: 5, Scope: Unique, Realtime: True
[2025.12.18-18.50.44:469][671]LogAudioMixer: Display: Audio Mixer Platform Settings:
[2025.12.18-18.50.44:469][671]LogAudioMixer: Display: 	Sample Rate:						  48000
[2025.12.18-18.50.44:469][671]LogAudioMixer: Display: 	Callback Buffer Frame Size Requested: 1024
[2025.12.18-18.50.44:469][671]LogAudioMixer: Display: 	Callback Buffer Frame Size To Use:	  1024
[2025.12.18-18.50.44:469][671]LogAudioMixer: Display: 	Number of buffers to queue:			  2
[2025.12.18-18.50.44:469][671]LogAudioMixer: Display: 	Max Channels (voices):				  32
[2025.12.18-18.50.44:469][671]LogAudioMixer: Display: 	Number of Async Source Workers:		  0
[2025.12.18-18.50.44:469][671]LogAudio: Display: AudioDevice MaxSources: 32
[2025.12.18-18.50.44:470][671]LogAudio: Display: Audio Spatialization Plugin: None (built-in).
[2025.12.18-18.50.44:470][671]LogAudio: Display: Audio Reverb Plugin: None (built-in).
[2025.12.18-18.50.44:470][671]LogAudio: Display: Audio Occlusion Plugin: None (built-in).
[2025.12.18-18.50.44:470][671]LogAudioMixer: Display: Initializing audio mixer.
[2025.12.18-18.50.44:471][671]LogAudioMixer: Display: 0: FrontLeft
[2025.12.18-18.50.44:471][671]LogAudioMixer: Display: 1: FrontRight
[2025.12.18-18.50.44:481][671]LogAudioMixer: Display: Using Audio Device Динамики (Realtek(R) Audio)
[2025.12.18-18.50.44:481][671]LogAudioMixer: Display: Initializing Sound Submixes...
[2025.12.18-18.50.44:481][671]LogAudioMixer: Display: Creating Master Submix 'MasterSubmixDefault'
[2025.12.18-18.50.44:481][671]LogAudioMixer: Display: Creating Master Submix 'MasterReverbSubmixDefault'
[2025.12.18-18.50.44:482][671]LogAudioMixer: Display: Creating Master Submix 'MasterEQSubmixDefault'
[2025.12.18-18.50.44:482][671]LogAudioMixer: FMixerPlatformXAudio2::StartAudioStream() called
[2025.12.18-18.50.44:482][671]LogAudioMixer: Display: Output buffers initialized: Frames=1024, Channels=2, Samples=2048
[2025.12.18-18.50.44:482][671]LogAudioMixer: Display: Starting AudioMixerPlatformInterface::RunInternal()
[2025.12.18-18.50.44:483][671]LogAudioMixer: Display: FMixerPlatformXAudio2::SubmitBuffer() called for the first time
[2025.12.18-18.50.44:483][671]LogInit: FAudioDevice initialized.
[2025.12.18-18.50.44:483][671]LogAudio: Display: Audio Device (ID: 5) registered with world 'FirstLevel'.
[2025.12.18-18.50.44:578][671]LogSlate: Updating window title bar state: overlay mode, drag disabled, window buttons hidden, title bar hidden
[2025.12.18-18.50.44:578][671]LogLoad: Game class is 'BP_GameMode_C'
[2025.12.18-18.50.44:580][671]LogWorld: Bringing World /Game/Workplace/Maps/UEDPIE_0_FirstLevel.FirstLevel up for play (max tick rate 60) at 2025.12.18-21.50.44
[2025.12.18-18.50.44:581][671]LogWorld: Bringing up level for play took: 0.001955
[2025.12.18-18.50.44:581][671]LogOnline: OSS: Creating online subsystem instance for: :Context_62
[2025.12.18-18.50.44:583][671]LogSpawn: Warning: SpawnActor failed because no class was specified
[2025.12.18-18.50.44:585][671]PIE: Server logged in
[2025.12.18-18.50.44:587][671]PIE: Play in editor total start time 0,154 seconds.
[2025.12.18-18.50.48:692][913]LogSlate: Updating window title bar state: overlay mode, drag disabled, window buttons hidden, title bar hidden
[2025.12.18-18.50.48:692][913]LogWorld: BeginTearingDown for /Game/Workplace/Maps/UEDPIE_0_FirstLevel
[2025.12.18-18.50.48:692][913]LogSlate: Window 'Mini_laboratory Preview [NetMode: Standalone]  (64-bit/Windows) ' being destroyed
[2025.12.18-18.50.48:699][913]LogWorld: UWorld::CleanupWorld for FirstLevel, bSessionEnded=true, bCleanupResources=true
[2025.12.18-18.50.48:700][913]LogSlate: InvalidateAllWidgets triggered.  All widgets were invalidated
[2025.12.18-18.50.48:710][913]LogPlayLevel: Display: Shutting down PIE online subsystems
[2025.12.18-18.50.48:714][913]LogSlate: InvalidateAllWidgets triggered.  All widgets were invalidated
[2025.12.18-18.50.48:743][913]LogAudioMixer: FMixerPlatformXAudio2::StopAudioStream() called
[2025.12.18-18.50.48:744][913]LogAudioMixer: FMixerPlatformXAudio2::StopAudioStream() called
[2025.12.18-18.50.48:751][913]LogUObjectHash: Compacting FUObjectHashTables data took   2.27ms
[2025.12.18-18.50.48:784][915]LogPlayLevel: Display: Destroying online subsystem :Context_62
[2025.12.18-18.50.49:967][986]LogTemp: Repeating last play command: New Editor Window (PIE)
[2025.12.18-18.50.49:971][986]LogPlayLevel: PlayLevel: No blueprints needed recompiling
[2025.12.18-18.50.49:971][986]PIE: New page: PIE session: FirstLevel (19 дек. 2025 г., 00:50:49)
[2025.12.18-18.50.49:971][986]LogPlayLevel: Creating play world package: /Game/Workplace/Maps/UEDPIE_0_FirstLevel
[2025.12.18-18.50.49:978][986]LogPlayLevel: PIE: StaticDuplicateObject took: (0.006965s)
[2025.12.18-18.50.49:979][986]LogAIModule: Creating AISystem for world FirstLevel
[2025.12.18-18.50.49:980][986]LogPlayLevel: PIE: World Init took: (0.001064s)
[2025.12.18-18.50.49:980][986]LogPlayLevel: PIE: Created PIE world by copying editor world from /Game/Workplace/Maps/FirstLevel.FirstLevel to /Game/Workplace/Maps/UEDPIE_0_FirstLevel.FirstLevel (0.008154s)
[2025.12.18-18.50.50:007][986]LogUObjectHash: Compacting FUObjectHashTables data took   2.10ms
[2025.12.18-18.50.50:007][986]LogAudio: Display: Creating Audio Device:                 Id: 6, Scope: Unique, Realtime: True
[2025.12.18-18.50.50:007][986]LogAudioMixer: Display: Audio Mixer Platform Settings:
[2025.12.18-18.50.50:007][986]LogAudioMixer: Display: 	Sample Rate:						  48000
[2025.12.18-18.50.50:007][986]LogAudioMixer: Display: 	Callback Buffer Frame Size Requested: 1024
[2025.12.18-18.50.50:007][986]LogAudioMixer: Display: 	Callback Buffer Frame Size To Use:	  1024
[2025.12.18-18.50.50:007][986]LogAudioMixer: Display: 	Number of buffers to queue:			  2
[2025.12.18-18.50.50:007][986]LogAudioMixer: Display: 	Max Channels (voices):				  32
[2025.12.18-18.50.50:007][986]LogAudioMixer: Display: 	Number of Async Source Workers:		  0
[2025.12.18-18.50.50:007][986]LogAudio: Display: AudioDevice MaxSources: 32
[2025.12.18-18.50.50:008][986]LogAudio: Display: Audio Spatialization Plugin: None (built-in).
[2025.12.18-18.50.50:008][986]LogAudio: Display: Audio Reverb Plugin: None (built-in).
[2025.12.18-18.50.50:008][986]LogAudio: Display: Audio Occlusion Plugin: None (built-in).
[2025.12.18-18.50.50:008][986]LogAudioMixer: Display: Initializing audio mixer.
[2025.12.18-18.50.50:009][986]LogAudioMixer: Display: 0: FrontLeft
[2025.12.18-18.50.50:009][986]LogAudioMixer: Display: 1: FrontRight
[2025.12.18-18.50.50:019][986]LogAudioMixer: Display: Using Audio Device Динамики (Realtek(R) Audio)
[2025.12.18-18.50.50:019][986]LogAudioMixer: Display: Initializing Sound Submixes...
[2025.12.18-18.50.50:019][986]LogAudioMixer: Display: Creating Master Submix 'MasterSubmixDefault'
[2025.12.18-18.50.50:019][986]LogAudioMixer: Display: Creating Master Submix 'MasterReverbSubmixDefault'
[2025.12.18-18.50.50:019][986]LogAudioMixer: Display: Creating Master Submix 'MasterEQSubmixDefault'
[2025.12.18-18.50.50:019][986]LogAudioMixer: FMixerPlatformXAudio2::StartAudioStream() called
[2025.12.18-18.50.50:019][986]LogAudioMixer: Display: Output buffers initialized: Frames=1024, Channels=2, Samples=2048
[2025.12.18-18.50.50:020][986]LogAudioMixer: Display: Starting AudioMixerPlatformInterface::RunInternal()
[2025.12.18-18.50.50:021][986]LogAudioMixer: Display: FMixerPlatformXAudio2::SubmitBuffer() called for the first time
[2025.12.18-18.50.50:021][986]LogInit: FAudioDevice initialized.
[2025.12.18-18.50.50:021][986]LogAudio: Display: Audio Device (ID: 6) registered with world 'FirstLevel'.
[2025.12.18-18.50.50:062][986]LogSlate: Updating window title bar state: overlay mode, drag disabled, window buttons hidden, title bar hidden
[2025.12.18-18.50.50:062][986]LogLoad: Game class is 'BP_GameMode_C'
[2025.12.18-18.50.50:064][986]LogWorld: Bringing World /Game/Workplace/Maps/UEDPIE_0_FirstLevel.FirstLevel up for play (max tick rate 60) at 2025.12.18-21.50.50
[2025.12.18-18.50.50:064][986]LogWorld: Bringing up level for play took: 0.001695
[2025.12.18-18.50.50:064][986]LogOnline: OSS: Creating online subsystem instance for: :Context_63
[2025.12.18-18.50.50:066][986]LogSpawn: Warning: SpawnActor failed because no class was specified
[2025.12.18-18.50.50:068][986]PIE: Server logged in
[2025.12.18-18.50.50:070][986]PIE: Play in editor total start time 0,099 seconds.
[2025.12.18-18.50.56:184][349]LogSlate: Updating window title bar state: overlay mode, drag disabled, window buttons hidden, title bar hidden
[2025.12.18-18.50.56:185][349]LogWorld: BeginTearingDown for /Game/Workplace/Maps/UEDPIE_0_FirstLevel
[2025.12.18-18.50.56:185][349]LogSlate: Window 'Mini_laboratory Preview [NetMode: Standalone]  (64-bit/Windows) ' being destroyed
[2025.12.18-18.50.56:195][349]LogWorld: UWorld::CleanupWorld for FirstLevel, bSessionEnded=true, bCleanupResources=true
[2025.12.18-18.50.56:196][349]LogSlate: InvalidateAllWidgets triggered.  All widgets were invalidated
[2025.12.18-18.50.56:206][349]LogPlayLevel: Display: Shutting down PIE online subsystems
[2025.12.18-18.50.56:210][349]LogSlate: InvalidateAllWidgets triggered.  All widgets were invalidated
[2025.12.18-18.50.56:237][349]LogAudioMixer: FMixerPlatformXAudio2::StopAudioStream() called
[2025.12.18-18.50.56:238][349]LogAudioMixer: FMixerPlatformXAudio2::StopAudioStream() called
[2025.12.18-18.50.56:246][349]LogUObjectHash: Compacting FUObjectHashTables data took   5.43ms
[2025.12.18-18.50.56:265][350]LogPlayLevel: Display: Destroying online subsystem :Context_63
[2025.12.18-18.51.04:210][797]LogAssetEditorSubsystem: Opening Asset editor for Skeleton /Game/Workplace/Meshes/3D_printer_Direction Z2_Skeleton.3D_printer_Direction Z2_Skeleton
[2025.12.18-18.51.04:454][797]LogNativeClassHierarchy: Verbose: Native class hierarchy updated for 'SkeletonEditor' in 0.0006 seconds. Added 1 classes and 2 folders.
[2025.12.18-18.51.04:470][797]LogTexture: Default maximum texture size for cubemaps generated from long-lat sources has been changed from 512 to unlimited. In order to preserve old behaiour for '/Engine/EditorMaterials/AssetViewer/EpicQuadPanorama_CC+EV1.EpicQuadPanorama_CC+EV1', its maximum texture size has been explicitly set to 512.
[2025.12.18-18.51.04:577][797]LogTexture: Default maximum texture size for cubemaps generated from long-lat sources has been changed from 512 to unlimited. In order to preserve old behaiour for '/Engine/MapTemplates/Sky/SunsetAmbientCubemap.SunsetAmbientCubemap', its maximum texture size has been explicitly set to 512.
[2025.12.18-18.51.04:679][797]LogActorComponent: RegisterComponentWithWorld: (/Engine/Transient.World_58:PersistentLevel.AnimationEditorPreviewActor_0.DebugSkelMeshComponent_0) Already registered. Aborting.
[2025.12.18-18.51.04:722][797]LogNativeClassHierarchy: Verbose: Native class hierarchy updated for 'PinnedCommandList' in 0.0009 seconds. Added 1 classes and 0 folders.
[2025.12.18-18.51.04:980][797]LogPackageName: Error: DoesPackageExist: DoesPackageExist FAILED: '/Game/Workplace/Meshes/3D_printer_Direction Z2_Skeleton' is not a standard unreal filename or a long path name. Reason: Name may not contain the following characters: ' '
[2025.12.18-18.51.04:980][797]LogPackageName: Error: DoesPackageExist: DoesPackageExist FAILED: '/Game/Workplace/Meshes/3D_printer_Direction Z2_Skeleton' is not a standard unreal filename or a long path name. Reason: Name may not contain the following characters: ' '
[2025.12.18-18.51.05:276][797]LogPackageName: Error: DoesPackageExist: DoesPackageExist FAILED: '/Game/Workplace/Meshes/3D_printer_Direction Z2_Skeleton' is not a standard unreal filename or a long path name. Reason: Name may not contain the following characters: ' '
[2025.12.18-18.51.05:276][797]LogPackageName: Error: DoesPackageExist: DoesPackageExist FAILED: '/Game/Workplace/Meshes/3D_printer_Direction Z2_Skeleton' is not a standard unreal filename or a long path name. Reason: Name may not contain the following characters: ' '
[2025.12.18-18.51.05:283][797]LogPackageName: Error: DoesPackageExist: DoesPackageExist FAILED: '/Game/Workplace/Meshes/3D_printer_Direction Z2_Skeleton' is not a standard unreal filename or a long path name. Reason: Name may not contain the following characters: ' '
[2025.12.18-18.51.11:444][165]LogWorld: UWorld::CleanupWorld for World_58, bSessionEnded=true, bCleanupResources=true
[2025.12.18-18.51.11:444][165]LogSlate: InvalidateAllWidgets triggered.  All widgets were invalidated
[2025.12.18-18.51.12:461][214]LogWorld: UWorld::CleanupWorld for World_0, bSessionEnded=true, bCleanupResources=true
[2025.12.18-18.51.12:461][214]LogSlate: InvalidateAllWidgets triggered.  All widgets were invalidated
[2025.12.18-18.51.12:981][239]LogWorld: UWorld::CleanupWorld for World_1, bSessionEnded=true, bCleanupResources=true
[2025.12.18-18.51.12:981][239]LogSlate: InvalidateAllWidgets triggered.  All widgets were invalidated
[2025.12.18-18.51.13:408][258]LogActorComponent: UnregisterComponent: (/Engine/Transient.EditorFloorComp) Not registered. Aborting.
[2025.12.18-18.51.13:408][258]LogWorld: UWorld::CleanupWorld for World_2, bSessionEnded=true, bCleanupResources=true
[2025.12.18-18.51.13:408][258]LogSlate: InvalidateAllWidgets triggered.  All widgets were invalidated
[2025.12.18-18.51.13:511][258]LogPackageName: Error: DoesPackageExist: DoesPackageExist FAILED: '/Game/Workplace/Meshes/3D_printer_Direction Z2_Skeleton' is not a standard unreal filename or a long path name. Reason: Name may not contain the following characters: ' '
[2025.12.18-18.51.13:514][258]LogPackageName: Error: DoesPackageExist: DoesPackageExist FAILED: '/Game/Workplace/Meshes/3D_printer_Direction Z1_Skeleton' is not a standard unreal filename or a long path name. Reason: Name may not contain the following characters: ' '
[2025.12.18-18.51.13:514][258]LogPackageName: Error: DoesPackageExist: DoesPackageExist FAILED: '/Game/Workplace/Meshes/3D_printer_Direction Z3_Skeleton' is not a standard unreal filename or a long path name. Reason: Name may not contain the following characters: ' '
[2025.12.18-18.51.13:519][259]LogPackageName: Error: DoesPackageExist: DoesPackageExist FAILED: '/Game/Workplace/Meshes/3D_printer_Direction Z3_Skeleton' is not a standard unreal filename or a long path name. Reason: Name may not contain the following characters: ' '
[2025.12.18-18.51.13:519][259]LogPackageName: Error: DoesPackageExist: DoesPackageExist FAILED: '/Game/Workplace/Meshes/3D_printer_Direction Z1_Skeleton' is not a standard unreal filename or a long path name. Reason: Name may not contain the following characters: ' '
[2025.12.18-18.51.13:520][259]LogPackageName: Error: DoesPackageExist: DoesPackageExist FAILED: '/Game/Workplace/Meshes/3D_printer_Direction Z2_Skeleton' is not a standard unreal filename or a long path name. Reason: Name may not contain the following characters: ' '
[2025.12.18-18.51.21:464][699]LogPackageName: Error: DoesPackageExist: DoesPackageExist FAILED: '/Game/Workplace/Meshes/3D_printer_Direction Z1_Skeleton' is not a standard unreal filename or a long path name. Reason: Name may not contain the following characters: ' '
[2025.12.18-18.51.21:464][699]LogPackageName: Error: DoesPackageExist: DoesPackageExist FAILED: '/Game/Workplace/Meshes/3D_printer_Direction Z3_Skeleton' is not a standard unreal filename or a long path name. Reason: Name may not contain the following characters: ' '
[2025.12.18-18.51.21:605][699]LogUObjectHash: Compacting FUObjectHashTables data took   3.42ms
[2025.12.18-18.51.22:828][699]LogSlate: Window 'Delete Assets' being destroyed
[2025.12.18-18.51.22:891][699]LogUObjectGlobals: Force Deleting 15 Package(s):
	Asset Name: /Game/Workplace/Meshes/3D_printer_Direction Z2_Skeleton.3D_printer_Direction Z2_Skeleton
	Asset Name: /Game/Workplace/Meshes/3D_printer.3D_printer_Corpus
	Asset Name: /Game/Workplace/Meshes/3D_printer_Corpus_Skeleton.3D_printer_Corpus_Skeleton
	Asset Name: /Game/Workplace/Meshes/3D_printer_Corpus_PhysicsAsset.3D_printer_Corpus_PhysicsAsset
	Asset Name: /Game/Workplace/Meshes/3D_printer.3D_printer_Direction Z1
	Asset Name: /Game/Workplace/Meshes/3D_printer_Direction Z1_Skeleton.3D_printer_Direction Z1_Skeleton
	Asset Name: /Game/Workplace/Meshes/3D_printer.3D_printer_Direction Z2
	Asset Name: /Game/Workplace/Meshes/3D_printer.3D_printer_Direction Z3
	Asset Name: /Game/Workplace/Meshes/3D_printer_Direction Z3_Skeleton.3D_printer_Direction Z3_Skeleton
	Asset Name: /Game/Workplace/Meshes/3D_printer.3D_printer_Door
[2025.12.18-18.51.22:907][699]LogPackageName: Error: DoesPackageExist: DoesPackageExist FAILED: '/Game/Workplace/Meshes/3D_printer_Direction Z2_Skeleton' is not a standard unreal filename or a long path name. Reason: Name may not contain the following characters: ' '
[2025.12.18-18.51.22:907][699]LogPackageName: Error: DoesPackageExist: DoesPackageExist FAILED: '/Game/Workplace/Meshes/3D_printer_Direction Z1_Skeleton' is not a standard unreal filename or a long path name. Reason: Name may not contain the following characters: ' '
[2025.12.18-18.51.22:907][699]LogPackageName: Error: DoesPackageExist: DoesPackageExist FAILED: '/Game/Workplace/Meshes/3D_printer_Direction Z3_Skeleton' is not a standard unreal filename or a long path name. Reason: Name may not contain the following characters: ' '
[2025.12.18-18.51.23:238][699]LogObjectTools: Warning: Detected inconsistencies between reference gathering algorithms. Switching 'Editor.UseLegacyGetReferencersForDeletion' on for the remainder of this editor session.
[2025.12.18-18.51.24:493][699]LogPackageName: Error: DoesPackageExist: DoesPackageExist FAILED: '/Game/Workplace/Meshes/3D_printer_Direction Z3_Skeleton' is not a standard unreal filename or a long path name. Reason: Name may not contain the following characters: ' '
[2025.12.18-18.51.24:568][699]LogPackageName: Error: DoesPackageExist: DoesPackageExist FAILED: '/Game/Workplace/Meshes/3D_printer_Direction Z1_Skeleton' is not a standard unreal filename or a long path name. Reason: Name may not contain the following characters: ' '
[2025.12.18-18.51.24:863][699]LogPackageName: Error: DoesPackageExist: DoesPackageExist FAILED: '/Game/Workplace/Meshes/3D_printer_Direction Z2_Skeleton' is not a standard unreal filename or a long path name. Reason: Name may not contain the following characters: ' '
[2025.12.18-18.51.24:938][699]LogUObjectHash: Compacting FUObjectHashTables data took   2.39ms
[2025.12.18-18.53.15:832][231]LogFactory: FactoryCreateFile: StaticMesh with FbxFactory (0 0 D:\WORKPLACE\Mini_laboratory\MEPhI_VR_term_1\blender FBX\3D_printer.fbx)
[2025.12.18-18.53.15:838][231]LogFbx: Loading FBX Scene from D:\WORKPLACE\Mini_laboratory\MEPhI_VR_term_1\blender FBX\3D_printer.fbx
[2025.12.18-18.53.15:849][231]LogFbx: FBX Scene Loaded Succesfully
[2025.12.18-18.53.40:572][231]LogSlate: Window 'FBX Import Options' being destroyed
[2025.12.18-18.53.40:587][231]LogFbx: Triangulating skeletal mesh Table
[2025.12.18-18.53.40:590][231]LogFbx: Warning: Bones digested - 4  Depth of hierarchy - 3
[2025.12.18-18.53.40:592][231]LogSkeletalMesh: Section 0: Material=0, 192 triangles
[2025.12.18-18.53.40:593][231]LogSkeletalMesh: Building Skeletal Mesh 3D_printer_Table...
[2025.12.18-18.53.40:594][231]LogSkeletalMesh: Section 0: Material=0, 192 triangles
[2025.12.18-18.53.40:595][231]LogSkeletalMesh: Built Skeletal Mesh [0.00s] /Game/Workplace/Meshes/3D_printer.3D_printer_Table
[2025.12.18-18.53.40:598][231]LogSkeletalMesh: USkeletalMeshComponent::InitArticulated : Could not find root physics body: '/Engine/Transient.World_59:PersistentLevel.SkeletalMeshActor_0.SkeletalMeshComponent0'
[2025.12.18-18.53.40:598][231]LogWorld: UWorld::CleanupWorld for World_59, bSessionEnded=true, bCleanupResources=true
[2025.12.18-18.53.40:598][231]LogSlate: InvalidateAllWidgets triggered.  All widgets were invalidated
[2025.12.18-18.53.40:604][231]LogSkeletalMesh: USkeletalMeshComponent::InitArticulated : Could not find root physics body: '/Engine/Transient.World_60:PersistentLevel.SkeletalMeshActor_0.SkeletalMeshComponent0'
[2025.12.18-18.53.40:604][231]LogWorld: UWorld::CleanupWorld for World_60, bSessionEnded=true, bCleanupResources=true
[2025.12.18-18.53.40:604][231]LogSlate: InvalidateAllWidgets triggered.  All widgets were invalidated
[2025.12.18-18.53.40:649][231]LogUObjectHash: Compacting FUObjectHashTables data took   1.85ms
[2025.12.18-18.53.40:843][231]LogUObjectHash: Compacting FUObjectHashTables data took   1.67ms
[2025.12.18-18.53.40:855][231]LogFbx: Triangulating skeletal mesh Direction Z3
[2025.12.18-18.53.40:856][231]LogFbx: Warning: Bones digested - 4  Depth of hierarchy - 3
[2025.12.18-18.53.40:857][231]LogSkeletalMesh: Section 0: Material=0, 76 triangles
[2025.12.18-18.53.40:857][231]LogSkeletalMesh: Building Skeletal Mesh 3D_printer_Direction Z3...
[2025.12.18-18.53.40:858][231]LogSkeletalMesh: Section 0: Material=0, 76 triangles
[2025.12.18-18.53.40:858][231]LogSkeletalMesh: Built Skeletal Mesh [0.00s] /Game/Workplace/Meshes/3D_printer.3D_printer_Direction Z3
[2025.12.18-18.53.40:858][231]LogPackageName: Error: DoesPackageExist: DoesPackageExist FAILED: '/Game/Workplace/Meshes/3D_printer_Direction Z3_Skeleton' is not a standard unreal filename or a long path name. Reason: Name may not contain the following characters: ' '
[2025.12.18-18.53.40:858][231]LogPackageName: Error: DoesPackageExist: DoesPackageExist FAILED: '/Game/Workplace/Meshes/3D_printer_Direction Z3_Skeleton' is not a standard unreal filename or a long path name. Reason: Name may not contain the following characters: ' '
[2025.12.18-18.53.40:858][231]LogLinker: Error: AddRedirectList(AddKnownMissing) failed to add redirector from /Game/Workplace/Meshes/3D_printer_Direction Z3_Skeleton to /Game/Workplace/Meshes/3D_printer_Direction Z3_Skeleton with invalid characters!
[2025.12.18-18.53.40:859][231]LogPackageName: Error: DoesPackageExist: DoesPackageExist FAILED: '/Game/Workplace/Meshes/3D_printer_Direction Z3_PhysicsAsset' is not a standard unreal filename or a long path name. Reason: Name may not contain the following characters: ' '
[2025.12.18-18.53.40:859][231]LogPackageName: Error: DoesPackageExist: DoesPackageExist FAILED: '/Game/Workplace/Meshes/3D_printer_Direction Z3_PhysicsAsset' is not a standard unreal filename or a long path name. Reason: Name may not contain the following characters: ' '
[2025.12.18-18.53.40:859][231]LogLinker: Error: AddRedirectList(AddKnownMissing) failed to add redirector from /Game/Workplace/Meshes/3D_printer_Direction Z3_PhysicsAsset to /Game/Workplace/Meshes/3D_printer_Direction Z3_PhysicsAsset with invalid characters!
[2025.12.18-18.53.40:861][231]LogSkeletalMesh: USkeletalMeshComponent::InitArticulated : Could not find root physics body: '/Engine/Transient.World_61:PersistentLevel.SkeletalMeshActor_0.SkeletalMeshComponent0'
[2025.12.18-18.53.40:861][231]LogWorld: UWorld::CleanupWorld for World_61, bSessionEnded=true, bCleanupResources=true
[2025.12.18-18.53.40:862][231]LogSlate: InvalidateAllWidgets triggered.  All widgets were invalidated
[2025.12.18-18.53.40:866][231]LogSkeletalMesh: USkeletalMeshComponent::InitArticulated : Could not find root physics body: '/Engine/Transient.World_62:PersistentLevel.SkeletalMeshActor_0.SkeletalMeshComponent0'
[2025.12.18-18.53.40:866][231]LogWorld: UWorld::CleanupWorld for World_62, bSessionEnded=true, bCleanupResources=true
[2025.12.18-18.53.40:866][231]LogSlate: InvalidateAllWidgets triggered.  All widgets were invalidated
[2025.12.18-18.53.40:868][231]LogPackageName: Error: DoesPackageExist: DoesPackageExist FAILED: '/Game/Workplace/Meshes/3D_printer_Direction Z3_PhysicsAsset' is not a standard unreal filename or a long path name. Reason: Name may not contain the following characters: ' '
[2025.12.18-18.53.40:885][231]LogUObjectHash: Compacting FUObjectHashTables data took   1.71ms
[2025.12.18-18.53.41:034][231]LogPackageName: Error: DoesPackageExist: DoesPackageExist FAILED: '/Game/Workplace/Meshes/3D_printer_Direction Z3_PhysicsAsset' is not a standard unreal filename or a long path name. Reason: Name may not contain the following characters: ' '
[2025.12.18-18.53.41:034][231]LogPackageName: Error: DoesPackageExist: DoesPackageExist FAILED: '/Game/Workplace/Meshes/3D_printer_Direction Z3_PhysicsAsset' is not a standard unreal filename or a long path name. Reason: Name may not contain the following characters: ' '
[2025.12.18-18.53.41:050][231]LogUObjectHash: Compacting FUObjectHashTables data took   0.84ms
[2025.12.18-18.53.41:060][231]LogFbx: Triangulating skeletal mesh Direction Z2
[2025.12.18-18.53.41:062][231]LogFbx: Warning: Bones digested - 4  Depth of hierarchy - 3
[2025.12.18-18.53.41:062][231]LogSkeletalMesh: Section 0: Material=0, 76 triangles
[2025.12.18-18.53.41:063][231]LogSkeletalMesh: Building Skeletal Mesh 3D_printer_Direction Z2...
[2025.12.18-18.53.41:063][231]LogSkeletalMesh: Section 0: Material=0, 76 triangles
[2025.12.18-18.53.41:064][231]LogSkeletalMesh: Built Skeletal Mesh [0.00s] /Game/Workplace/Meshes/3D_printer.3D_printer_Direction Z2
[2025.12.18-18.53.41:064][231]LogPackageName: Error: DoesPackageExist: DoesPackageExist FAILED: '/Game/Workplace/Meshes/3D_printer_Direction Z2_Skeleton' is not a standard unreal filename or a long path name. Reason: Name may not contain the following characters: ' '
[2025.12.18-18.53.41:064][231]LogPackageName: Error: DoesPackageExist: DoesPackageExist FAILED: '/Game/Workplace/Meshes/3D_printer_Direction Z2_Skeleton' is not a standard unreal filename or a long path name. Reason: Name may not contain the following characters: ' '
[2025.12.18-18.53.41:064][231]LogLinker: Error: AddRedirectList(AddKnownMissing) failed to add redirector from /Game/Workplace/Meshes/3D_printer_Direction Z2_Skeleton to /Game/Workplace/Meshes/3D_printer_Direction Z2_Skeleton with invalid characters!
[2025.12.18-18.53.41:064][231]LogPackageName: Error: DoesPackageExist: DoesPackageExist FAILED: '/Game/Workplace/Meshes/3D_printer_Direction Z2_PhysicsAsset' is not a standard unreal filename or a long path name. Reason: Name may not contain the following characters: ' '
[2025.12.18-18.53.41:064][231]LogPackageName: Error: DoesPackageExist: DoesPackageExist FAILED: '/Game/Workplace/Meshes/3D_printer_Direction Z2_PhysicsAsset' is not a standard unreal filename or a long path name. Reason: Name may not contain the following characters: ' '
[2025.12.18-18.53.41:064][231]LogLinker: Error: AddRedirectList(AddKnownMissing) failed to add redirector from /Game/Workplace/Meshes/3D_printer_Direction Z2_PhysicsAsset to /Game/Workplace/Meshes/3D_printer_Direction Z2_PhysicsAsset with invalid characters!
[2025.12.18-18.53.41:066][231]LogSkeletalMesh: USkeletalMeshComponent::InitArticulated : Could not find root physics body: '/Engine/Transient.World_63:PersistentLevel.SkeletalMeshActor_0.SkeletalMeshComponent0'
[2025.12.18-18.53.41:066][231]LogWorld: UWorld::CleanupWorld for World_63, bSessionEnded=true, bCleanupResources=true
[2025.12.18-18.53.41:066][231]LogSlate: InvalidateAllWidgets triggered.  All widgets were invalidated
[2025.12.18-18.53.41:071][231]LogSkeletalMesh: USkeletalMeshComponent::InitArticulated : Could not find root physics body: '/Engine/Transient.World_64:PersistentLevel.SkeletalMeshActor_0.SkeletalMeshComponent0'
[2025.12.18-18.53.41:071][231]LogWorld: UWorld::CleanupWorld for World_64, bSessionEnded=true, bCleanupResources=true
[2025.12.18-18.53.41:071][231]LogSlate: InvalidateAllWidgets triggered.  All widgets were invalidated
[2025.12.18-18.53.41:074][231]LogPackageName: Error: DoesPackageExist: DoesPackageExist FAILED: '/Game/Workplace/Meshes/3D_printer_Direction Z2_PhysicsAsset' is not a standard unreal filename or a long path name. Reason: Name may not contain the following characters: ' '
[2025.12.18-18.53.41:091][231]LogUObjectHash: Compacting FUObjectHashTables data took   1.67ms
[2025.12.18-18.53.41:239][231]LogPackageName: Error: DoesPackageExist: DoesPackageExist FAILED: '/Game/Workplace/Meshes/3D_printer_Direction Z2_PhysicsAsset' is not a standard unreal filename or a long path name. Reason: Name may not contain the following characters: ' '
[2025.12.18-18.53.41:239][231]LogPackageName: Error: DoesPackageExist: DoesPackageExist FAILED: '/Game/Workplace/Meshes/3D_printer_Direction Z2_PhysicsAsset' is not a standard unreal filename or a long path name. Reason: Name may not contain the following characters: ' '
[2025.12.18-18.53.41:254][231]LogUObjectHash: Compacting FUObjectHashTables data took   0.83ms
[2025.12.18-18.53.41:264][231]LogFbx: Triangulating skeletal mesh Direction Z1
[2025.12.18-18.53.41:265][231]LogFbx: Warning: Bones digested - 4  Depth of hierarchy - 3
[2025.12.18-18.53.41:266][231]LogSkeletalMesh: Section 0: Material=0, 76 triangles
[2025.12.18-18.53.41:267][231]LogSkeletalMesh: Building Skeletal Mesh 3D_printer_Direction Z1...
[2025.12.18-18.53.41:267][231]LogSkeletalMesh: Section 0: Material=0, 76 triangles
[2025.12.18-18.53.41:267][231]LogSkeletalMesh: Built Skeletal Mesh [0.00s] /Game/Workplace/Meshes/3D_printer.3D_printer_Direction Z1
[2025.12.18-18.53.41:267][231]LogPackageName: Error: DoesPackageExist: DoesPackageExist FAILED: '/Game/Workplace/Meshes/3D_printer_Direction Z1_Skeleton' is not a standard unreal filename or a long path name. Reason: Name may not contain the following characters: ' '
[2025.12.18-18.53.41:267][231]LogPackageName: Error: DoesPackageExist: DoesPackageExist FAILED: '/Game/Workplace/Meshes/3D_printer_Direction Z1_Skeleton' is not a standard unreal filename or a long path name. Reason: Name may not contain the following characters: ' '
[2025.12.18-18.53.41:267][231]LogLinker: Error: AddRedirectList(AddKnownMissing) failed to add redirector from /Game/Workplace/Meshes/3D_printer_Direction Z1_Skeleton to /Game/Workplace/Meshes/3D_printer_Direction Z1_Skeleton with invalid characters!
[2025.12.18-18.53.41:268][231]LogPackageName: Error: DoesPackageExist: DoesPackageExist FAILED: '/Game/Workplace/Meshes/3D_printer_Direction Z1_PhysicsAsset' is not a standard unreal filename or a long path name. Reason: Name may not contain the following characters: ' '
[2025.12.18-18.53.41:268][231]LogPackageName: Error: DoesPackageExist: DoesPackageExist FAILED: '/Game/Workplace/Meshes/3D_printer_Direction Z1_PhysicsAsset' is not a standard unreal filename or a long path name. Reason: Name may not contain the following characters: ' '
[2025.12.18-18.53.41:268][231]LogLinker: Error: AddRedirectList(AddKnownMissing) failed to add redirector from /Game/Workplace/Meshes/3D_printer_Direction Z1_PhysicsAsset to /Game/Workplace/Meshes/3D_printer_Direction Z1_PhysicsAsset with invalid characters!
[2025.12.18-18.53.41:270][231]LogSkeletalMesh: USkeletalMeshComponent::InitArticulated : Could not find root physics body: '/Engine/Transient.World_65:PersistentLevel.SkeletalMeshActor_0.SkeletalMeshComponent0'
[2025.12.18-18.53.41:271][231]LogWorld: UWorld::CleanupWorld for World_65, bSessionEnded=true, bCleanupResources=true
[2025.12.18-18.53.41:271][231]LogSlate: InvalidateAllWidgets triggered.  All widgets were invalidated
[2025.12.18-18.53.41:275][231]LogSkeletalMesh: USkeletalMeshComponent::InitArticulated : Could not find root physics body: '/Engine/Transient.World_66:PersistentLevel.SkeletalMeshActor_0.SkeletalMeshComponent0'
[2025.12.18-18.53.41:275][231]LogWorld: UWorld::CleanupWorld for World_66, bSessionEnded=true, bCleanupResources=true
[2025.12.18-18.53.41:275][231]LogSlate: InvalidateAllWidgets triggered.  All widgets were invalidated
[2025.12.18-18.53.41:278][231]LogPackageName: Error: DoesPackageExist: DoesPackageExist FAILED: '/Game/Workplace/Meshes/3D_printer_Direction Z1_PhysicsAsset' is not a standard unreal filename or a long path name. Reason: Name may not contain the following characters: ' '
[2025.12.18-18.53.41:296][231]LogUObjectHash: Compacting FUObjectHashTables data took   1.49ms
[2025.12.18-18.53.41:444][231]LogPackageName: Error: DoesPackageExist: DoesPackageExist FAILED: '/Game/Workplace/Meshes/3D_printer_Direction Z1_PhysicsAsset' is not a standard unreal filename or a long path name. Reason: Name may not contain the following characters: ' '
[2025.12.18-18.53.41:444][231]LogPackageName: Error: DoesPackageExist: DoesPackageExist FAILED: '/Game/Workplace/Meshes/3D_printer_Direction Z1_PhysicsAsset' is not a standard unreal filename or a long path name. Reason: Name may not contain the following characters: ' '
[2025.12.18-18.53.41:459][231]LogUObjectHash: Compacting FUObjectHashTables data took   0.86ms
[2025.12.18-18.53.41:467][231]LogFbx: Triangulating skeletal mesh Extruder
[2025.12.18-18.53.41:471][231]LogFbx: Triangulating skeletal mesh Direction X
[2025.12.18-18.53.41:472][231]LogFbx: Warning: Bones digested - 8  Depth of hierarchy - 4
[2025.12.18-18.53.41:476][231]LogSkeletalMesh: Section 0: Material=0, 392 triangles
[2025.12.18-18.53.41:477][231]LogSkeletalMesh: Building Skeletal Mesh 3D_printer_Extruder...
[2025.12.18-18.53.41:479][231]LogSkeletalMesh: Section 0: Material=0, 392 triangles
[2025.12.18-18.53.41:480][231]LogSkeletalMesh: Built Skeletal Mesh [0.00s] /Game/Workplace/Meshes/3D_printer.3D_printer_Extruder
[2025.12.18-18.53.41:484][231]LogSkeletalMesh: USkeletalMeshComponent::InitArticulated : Could not find root physics body: '/Engine/Transient.World_67:PersistentLevel.SkeletalMeshActor_0.SkeletalMeshComponent0'
[2025.12.18-18.53.41:484][231]LogWorld: UWorld::CleanupWorld for World_67, bSessionEnded=true, bCleanupResources=true
[2025.12.18-18.53.41:484][231]LogSlate: InvalidateAllWidgets triggered.  All widgets were invalidated
[2025.12.18-18.53.41:488][231]LogSkeletalMesh: USkeletalMeshComponent::InitArticulated : Could not find root physics body: '/Engine/Transient.World_68:PersistentLevel.SkeletalMeshActor_0.SkeletalMeshComponent0'
[2025.12.18-18.53.41:488][231]LogWorld: UWorld::CleanupWorld for World_68, bSessionEnded=true, bCleanupResources=true
[2025.12.18-18.53.41:488][231]LogSlate: InvalidateAllWidgets triggered.  All widgets were invalidated
[2025.12.18-18.53.41:508][231]LogUObjectHash: Compacting FUObjectHashTables data took   1.49ms
[2025.12.18-18.53.41:668][231]LogUObjectHash: Compacting FUObjectHashTables data took   0.83ms
[2025.12.18-18.53.41:678][231]LogFbx: Triangulating skeletal mesh Corpus
[2025.12.18-18.53.41:685][231]LogFbx: Warning: Bones digested - 3  Depth of hierarchy - 2
[2025.12.18-18.53.41:692][231]LogSkeletalMesh: Section 0: Material=0, 670 triangles
[2025.12.18-18.53.41:692][231]LogSkeletalMesh: Building Skeletal Mesh 3D_printer_Corpus...
[2025.12.18-18.53.41:697][231]LogSkeletalMesh: Section 0: Material=0, 670 triangles
[2025.12.18-18.53.41:699][231]LogSkeletalMesh: Built Skeletal Mesh [0.01s] /Game/Workplace/Meshes/3D_printer.3D_printer_Corpus
[2025.12.18-18.53.41:702][231]LogSkeletalMesh: USkeletalMeshComponent::InitArticulated : Could not find root physics body: '/Engine/Transient.World_69:PersistentLevel.SkeletalMeshActor_0.SkeletalMeshComponent0'
[2025.12.18-18.53.41:702][231]LogWorld: UWorld::CleanupWorld for World_69, bSessionEnded=true, bCleanupResources=true
[2025.12.18-18.53.41:702][231]LogSlate: InvalidateAllWidgets triggered.  All widgets were invalidated
[2025.12.18-18.53.41:707][231]LogWorld: UWorld::CleanupWorld for World_70, bSessionEnded=true, bCleanupResources=true
[2025.12.18-18.53.41:707][231]LogSlate: InvalidateAllWidgets triggered.  All widgets were invalidated
[2025.12.18-18.53.41:721][231]LogFbx: Triangulating skeletal mesh Door
[2025.12.18-18.53.41:722][231]LogFbx: Warning: Bones digested - 1  Depth of hierarchy - 1
[2025.12.18-18.53.41:722][231]LogSkeletalMesh: Section 0: Material=0, 48 triangles
[2025.12.18-18.53.41:723][231]LogSkeletalMesh: Building Skeletal Mesh 3D_printer_Door...
[2025.12.18-18.53.41:724][231]LogSkeletalMesh: Section 0: Material=0, 48 triangles
[2025.12.18-18.53.41:724][231]LogSkeletalMesh: Built Skeletal Mesh [0.00s] /Game/Workplace/Meshes/3D_printer.3D_printer_Door
[2025.12.18-18.53.41:727][231]LogSkeletalMesh: USkeletalMeshComponent::InitArticulated : Could not find root physics body: '/Engine/Transient.World_71:PersistentLevel.SkeletalMeshActor_0.SkeletalMeshComponent0'
[2025.12.18-18.53.41:727][231]LogWorld: UWorld::CleanupWorld for World_71, bSessionEnded=true, bCleanupResources=true
[2025.12.18-18.53.41:727][231]LogSlate: InvalidateAllWidgets triggered.  All widgets were invalidated
[2025.12.18-18.53.41:733][231]LogSkeletalMesh: USkeletalMeshComponent::InitArticulated : Could not find root physics body: '/Engine/Transient.World_72:PersistentLevel.SkeletalMeshActor_0.SkeletalMeshComponent0'
[2025.12.18-18.53.41:733][231]LogWorld: UWorld::CleanupWorld for World_72, bSessionEnded=true, bCleanupResources=true
[2025.12.18-18.53.41:733][231]LogSlate: InvalidateAllWidgets triggered.  All widgets were invalidated
[2025.12.18-18.53.41:755][231]LogUObjectHash: Compacting FUObjectHashTables data took   1.45ms
[2025.12.18-18.53.41:916][231]LogUObjectHash: Compacting FUObjectHashTables data took   1.30ms
[2025.12.18-18.53.41:927][231]FBXImport: FBX File Loading: Found name clash, node 'Bone' was renamed to 'Bone1' 
[2025.12.18-18.53.41:927][231]FBXImport: FBX File Loading: Found name clash, node 'Bone' was renamed to 'Bone2' 
[2025.12.18-18.53.41:927][231]FBXImport: FBX File Loading: Found name clash, node 'Bone' was renamed to 'Bone3' 
[2025.12.18-18.53.41:927][231]FBXImport: FBX File Loading: Found name clash, node 'Bone' was renamed to 'Bone4' 
[2025.12.18-18.53.41:927][231]FBXImport: FBX File Loading: Found name clash, node 'Bone' was renamed to 'Bone5' 
[2025.12.18-18.53.41:927][231]FBXImport: FBX File Loading: Found name clash, node 'Bone' was renamed to 'Bone6' 
[2025.12.18-18.53.41:927][231]FBXImport: FBX File Loading: Found name clash, node 'Bone_end' was renamed to 'Bone_end7' 
[2025.12.18-18.53.41:927][231]FBXImport: FBX File Loading: Found name clash, node 'Bone_end' was renamed to 'Bone_end8' 
[2025.12.18-18.53.41:927][231]FBXImport: FBX File Loading: Found name clash, node 'Bone_end' was renamed to 'Bone_end9' 
[2025.12.18-18.53.41:927][231]FBXImport: FBX File Loading: Found name clash, node 'Bone_end' was renamed to 'Bone_end10' 
[2025.12.18-18.53.41:927][231]FBXImport: FBX File Loading: Found name clash, node 'Bone_end' was renamed to 'Bone_end11' 
[2025.12.18-18.53.41:927][231]FBXImport: FBX File Loading: Found name clash, node 'Bone_end' was renamed to 'Bone_end12' 
[2025.12.18-18.53.41:928][231]FBXImport: Warning: No smoothing group information was found in this FBX scene.  Please make sure to enable the 'Export Smoothing Groups' option in the FBX Exporter plug-in before exporting the file.  Even for tools that don't support smoothing groups, the FBX Exporter will generate appropriate smoothing data at export-time so that correct vertex normals can be inferred while importing. 
[2025.12.18-18.53.41:928][231]FBXImport: Warning: Could not find the bind pose.  It will use time 0 as bind pose. 
[2025.12.18-18.53.41:928][231]FBXImport: Warning: The bone size is too small to create Physics Asset '3D_printer_Table_PhysicsAsset' from Skeletal Mesh '3D_printer_Table'. You will have to create physics asset manually. 
[2025.12.18-18.53.41:928][231]FBXImport: Warning: Could not find the bind pose.  It will use time 0 as bind pose. 
[2025.12.18-18.53.41:928][231]FBXImport: Warning: The bone size is too small to create Physics Asset '3D_printer_Direction Z3_PhysicsAsset' from Skeletal Mesh '3D_printer_Direction Z3'. You will have to create physics asset manually. 
[2025.12.18-18.53.41:928][231]FBXImport: Warning: Could not find the bind pose.  It will use time 0 as bind pose. 
[2025.12.18-18.53.41:928][231]FBXImport: Warning: The bone size is too small to create Physics Asset '3D_printer_Direction Z2_PhysicsAsset' from Skeletal Mesh '3D_printer_Direction Z2'. You will have to create physics asset manually. 
[2025.12.18-18.53.41:928][231]FBXImport: Warning: Could not find the bind pose.  It will use time 0 as bind pose. 
[2025.12.18-18.53.41:928][231]FBXImport: Warning: The bone size is too small to create Physics Asset '3D_printer_Direction Z1_PhysicsAsset' from Skeletal Mesh '3D_printer_Direction Z1'. You will have to create physics asset manually. 
[2025.12.18-18.53.41:928][231]FBXImport: Warning: Could not find the bind pose.  It will use time 0 as bind pose. 
[2025.12.18-18.53.41:928][231]FBXImport: Warning: The bone size is too small to create Physics Asset '3D_printer_Extruder_PhysicsAsset' from Skeletal Mesh '3D_printer_Extruder'. You will have to create physics asset manually. 
[2025.12.18-18.53.41:928][231]FBXImport: Warning: Could not find the bind pose.  It will use time 0 as bind pose. 
[2025.12.18-18.53.41:928][231]FBXImport: Warning: Could not find the bind pose.  It will use time 0 as bind pose. 
[2025.12.18-18.53.41:928][231]FBXImport: Warning: The bone size is too small to create Physics Asset '3D_printer_Door_PhysicsAsset' from Skeletal Mesh '3D_printer_Door'. You will have to create physics asset manually. 
[2025.12.18-18.53.41:978][231]LogPackageName: Error: DoesPackageExist: DoesPackageExist FAILED: '/Game/Workplace/Meshes/3D_printer_Direction Z3_Skeleton' is not a standard unreal filename or a long path name. Reason: Name may not contain the following characters: ' '
[2025.12.18-18.53.41:978][231]LogPackageName: Error: DoesPackageExist: DoesPackageExist FAILED: '/Game/Workplace/Meshes/3D_printer_Direction Z2_Skeleton' is not a standard unreal filename or a long path name. Reason: Name may not contain the following characters: ' '
[2025.12.18-18.53.41:978][231]LogPackageName: Error: DoesPackageExist: DoesPackageExist FAILED: '/Game/Workplace/Meshes/3D_printer_Direction Z1_Skeleton' is not a standard unreal filename or a long path name. Reason: Name may not contain the following characters: ' '
[2025.12.18-18.53.41:991][232]LogPackageName: Error: DoesPackageExist: DoesPackageExist FAILED: '/Game/Workplace/Meshes/3D_printer_Direction Z1_Skeleton' is not a standard unreal filename or a long path name. Reason: Name may not contain the following characters: ' '
[2025.12.18-18.53.41:992][232]LogPackageName: Error: DoesPackageExist: DoesPackageExist FAILED: '/Game/Workplace/Meshes/3D_printer_Direction Z2_Skeleton' is not a standard unreal filename or a long path name. Reason: Name may not contain the following characters: ' '
[2025.12.18-18.53.41:993][232]LogPackageName: Error: DoesPackageExist: DoesPackageExist FAILED: '/Game/Workplace/Meshes/3D_printer_Direction Z3_Skeleton' is not a standard unreal filename or a long path name. Reason: Name may not contain the following characters: ' '
[2025.12.18-18.53.48:902][630]LogEditorViewport: Clicking on Actor (LMB): SkeletalMeshActor (3D_printer_Corpus3)
[2025.12.18-18.53.49:022][634]LogEditorViewport: Clicking on Component (LMB): SkeletalMeshComponent (SkeletalMeshComponent0)
[2025.12.18-18.53.51:316][768]LogEditorViewport: Clicking on Component (LMB): SkeletalMeshComponent (SkeletalMeshComponent0)
[2025.12.18-18.53.52:435][835]LogEditorViewport: Clicking on Component (context menu): SkeletalMeshComponent (SkeletalMeshComponent0)
[2025.12.18-18.53.54:091][927]LogEditorViewport: Clicking on Actor (LMB): BP_Sky_Sphere_C (Sky Sphere)
[2025.12.18-18.53.56:106][ 37]LogAssetEditorSubsystem: Opening Asset editor for SkeletalMesh /Game/Workplace/Meshes/3D_printer.3D_printer_Corpus
[2025.12.18-18.53.56:109][ 37]LogActorComponent: RegisterComponentWithWorld: (/Engine/Transient.World_73:PersistentLevel.AnimationEditorPreviewActor_0.DebugSkelMeshComponent_0) Already registered. Aborting.
[2025.12.18-18.54.04:219][499]LogSlate: Window '3D_printer_Corpus' being destroyed
[2025.12.18-18.54.04:224][499]LogWorld: UWorld::CleanupWorld for World_73, bSessionEnded=true, bCleanupResources=true
[2025.12.18-18.54.04:224][499]LogSlate: InvalidateAllWidgets triggered.  All widgets were invalidated
[2025.12.18-18.54.05:582][573]LogAssetEditorSubsystem: Opening Asset editor for PhysicsAsset /Game/Workplace/Meshes/3D_printer_Corpus_PhysicsAsset.3D_printer_Corpus_PhysicsAsset
[2025.12.18-18.54.05:728][573]LogNativeClassHierarchy: Verbose: Native class hierarchy updated for 'PhysicsAssetEditor' in 0.0003 seconds. Added 8 classes and 3 folders.
[2025.12.18-18.54.05:758][573]LogActorComponent: RegisterComponentWithWorld: (/Engine/Transient.World_74:PersistentLevel.AnimationEditorPreviewActor_0.PhysicsAssetEditorSkeletalMeshComponent_0) Already registered. Aborting.
[2025.12.18-18.54.06:394][575]LogPackageName: Error: DoesPackageExist: DoesPackageExist FAILED: '/Game/Workplace/Meshes/3D_printer_Direction Z1_Skeleton' is not a standard unreal filename or a long path name. Reason: Name may not contain the following characters: ' '
[2025.12.18-18.54.06:394][575]LogPackageName: Error: DoesPackageExist: DoesPackageExist FAILED: '/Game/Workplace/Meshes/3D_printer_Direction Z2_Skeleton' is not a standard unreal filename or a long path name. Reason: Name may not contain the following characters: ' '
[2025.12.18-18.54.06:395][575]LogPackageName: Error: DoesPackageExist: DoesPackageExist FAILED: '/Game/Workplace/Meshes/3D_printer_Direction Z3_Skeleton' is not a standard unreal filename or a long path name. Reason: Name may not contain the following characters: ' '
[2025.12.18-18.54.06:401][576]LogPackageName: Error: DoesPackageExist: DoesPackageExist FAILED: '/Game/Workplace/Meshes/3D_printer_Direction Z3_Skeleton' is not a standard unreal filename or a long path name. Reason: Name may not contain the following characters: ' '
[2025.12.18-18.54.06:401][576]LogPackageName: Error: DoesPackageExist: DoesPackageExist FAILED: '/Game/Workplace/Meshes/3D_printer_Direction Z2_Skeleton' is not a standard unreal filename or a long path name. Reason: Name may not contain the following characters: ' '
[2025.12.18-18.54.06:401][576]LogPackageName: Error: DoesPackageExist: DoesPackageExist FAILED: '/Game/Workplace/Meshes/3D_printer_Direction Z1_Skeleton' is not a standard unreal filename or a long path name. Reason: Name may not contain the following characters: ' '
[2025.12.18-18.54.13:258][976]LogSlate: Window '3D_printer_Corpus_PhysicsAsset' being destroyed
[2025.12.18-18.54.13:293][976]LogWorld: UWorld::CleanupWorld for World_74, bSessionEnded=true, bCleanupResources=true
[2025.12.18-18.54.13:293][976]LogSlate: InvalidateAllWidgets triggered.  All widgets were invalidated
[2025.12.18-18.54.23:220][535]LogPackageName: Error: DoesPackageExist: DoesPackageExist FAILED: '/Game/Workplace/Meshes/3D_printer_Direction Z1_Skeleton' is not a standard unreal filename or a long path name. Reason: Name may not contain the following characters: ' '
[2025.12.18-18.54.23:221][535]LogPackageName: Error: DoesPackageExist: DoesPackageExist FAILED: '/Game/Workplace/Meshes/3D_printer_Direction Z2_Skeleton' is not a standard unreal filename or a long path name. Reason: Name may not contain the following characters: ' '
[2025.12.18-18.54.23:221][535]LogPackageName: Error: DoesPackageExist: DoesPackageExist FAILED: '/Game/Workplace/Meshes/3D_printer_Direction Z3_Skeleton' is not a standard unreal filename or a long path name. Reason: Name may not contain the following characters: ' '
[2025.12.18-18.54.23:331][535]LogUObjectHash: Compacting FUObjectHashTables data took   2.88ms
[2025.12.18-18.54.27:201][535]LogSlate: Window 'Delete Assets' being destroyed
[2025.12.18-18.54.28:523][535]LogUObjectGlobals: Force Deleting 15 Package(s):
	Asset Name: /Game/Workplace/Meshes/3D_printer_Corpus_Skeleton.3D_printer_Corpus_Skeleton
	Asset Name: /Game/Workplace/Meshes/3D_printer.3D_printer_Corpus
	Asset Name: /Game/Workplace/Meshes/3D_printer_Corpus_PhysicsAsset.3D_printer_Corpus_PhysicsAsset
	Asset Name: /Game/Workplace/Meshes/3D_printer.3D_printer_Direction Z1
	Asset Name: /Game/Workplace/Meshes/3D_printer_Direction Z1_Skeleton.3D_printer_Direction Z1_Skeleton
	Asset Name: /Game/Workplace/Meshes/3D_printer.3D_printer_Direction Z2
	Asset Name: /Game/Workplace/Meshes/3D_printer_Direction Z2_Skeleton.3D_printer_Direction Z2_Skeleton
	Asset Name: /Game/Workplace/Meshes/3D_printer.3D_printer_Direction Z3
	Asset Name: /Game/Workplace/Meshes/3D_printer_Direction Z3_Skeleton.3D_printer_Direction Z3_Skeleton
	Asset Name: /Game/Workplace/Meshes/3D_printer.3D_printer_Door
[2025.12.18-18.54.28:533][535]LogPackageName: Error: DoesPackageExist: DoesPackageExist FAILED: '/Game/Workplace/Meshes/3D_printer_Direction Z1_Skeleton' is not a standard unreal filename or a long path name. Reason: Name may not contain the following characters: ' '
[2025.12.18-18.54.28:534][535]LogPackageName: Error: DoesPackageExist: DoesPackageExist FAILED: '/Game/Workplace/Meshes/3D_printer_Direction Z2_Skeleton' is not a standard unreal filename or a long path name. Reason: Name may not contain the following characters: ' '
[2025.12.18-18.54.28:534][535]LogPackageName: Error: DoesPackageExist: DoesPackageExist FAILED: '/Game/Workplace/Meshes/3D_printer_Direction Z3_Skeleton' is not a standard unreal filename or a long path name. Reason: Name may not contain the following characters: ' '
[2025.12.18-18.54.30:277][535]LogPackageName: Error: DoesPackageExist: DoesPackageExist FAILED: '/Game/Workplace/Meshes/3D_printer_Direction Z3_Skeleton' is not a standard unreal filename or a long path name. Reason: Name may not contain the following characters: ' '
[2025.12.18-18.54.30:349][535]LogPackageName: Error: DoesPackageExist: DoesPackageExist FAILED: '/Game/Workplace/Meshes/3D_printer_Direction Z2_Skeleton' is not a standard unreal filename or a long path name. Reason: Name may not contain the following characters: ' '
[2025.12.18-18.54.30:421][535]LogPackageName: Error: DoesPackageExist: DoesPackageExist FAILED: '/Game/Workplace/Meshes/3D_printer_Direction Z1_Skeleton' is not a standard unreal filename or a long path name. Reason: Name may not contain the following characters: ' '
[2025.12.18-18.54.30:672][535]LogUObjectHash: Compacting FUObjectHashTables data took   2.63ms
[2025.12.18-18.55.13:478][  5]LogFactory: FactoryCreateFile: StaticMesh with FbxFactory (0 0 D:\WORKPLACE\Mini_laboratory\MEPhI_VR_term_1\blender FBX\3D_printer.fbx)
[2025.12.18-18.55.13:514][  5]LogFbx: Loading FBX Scene from D:\WORKPLACE\Mini_laboratory\MEPhI_VR_term_1\blender FBX\3D_printer.fbx
[2025.12.18-18.55.13:532][  5]LogFbx: FBX Scene Loaded Succesfully
[2025.12.18-18.55.37:343][  5]LogSlate: Window 'FBX Import Options' being destroyed
[2025.12.18-18.55.37:371][  5]LogUObjectHash: Compacting FUObjectHashTables data took   1.46ms
[2025.12.18-18.55.37:373][  5]LogUObjectGlobals: Force Deleting 0 Package(s):
[2025.12.18-18.55.37:553][  5]LogUObjectHash: Compacting FUObjectHashTables data took   0.41ms
[2025.12.18-18.55.37:553][  5]FBXImport: FBX File Loading: Found name clash, node 'Bone' was renamed to 'Bone1' 
[2025.12.18-18.55.37:553][  5]FBXImport: FBX File Loading: Found name clash, node 'Bone' was renamed to 'Bone2' 
[2025.12.18-18.55.37:553][  5]FBXImport: FBX File Loading: Found name clash, node 'Bone' was renamed to 'Bone3' 
[2025.12.18-18.55.37:553][  5]FBXImport: FBX File Loading: Found name clash, node 'Bone' was renamed to 'Bone4' 
[2025.12.18-18.55.37:553][  5]FBXImport: FBX File Loading: Found name clash, node 'Bone' was renamed to 'Bone5' 
[2025.12.18-18.55.37:553][  5]FBXImport: FBX File Loading: Found name clash, node 'Bone' was renamed to 'Bone6' 
[2025.12.18-18.55.37:553][  5]FBXImport: FBX File Loading: Found name clash, node 'Bone_end' was renamed to 'Bone_end7' 
[2025.12.18-18.55.37:553][  5]FBXImport: FBX File Loading: Found name clash, node 'Bone_end' was renamed to 'Bone_end8' 
[2025.12.18-18.55.37:553][  5]FBXImport: FBX File Loading: Found name clash, node 'Bone_end' was renamed to 'Bone_end9' 
[2025.12.18-18.55.37:553][  5]FBXImport: FBX File Loading: Found name clash, node 'Bone_end' was renamed to 'Bone_end10' 
[2025.12.18-18.55.37:553][  5]FBXImport: FBX File Loading: Found name clash, node 'Bone_end' was renamed to 'Bone_end11' 
[2025.12.18-18.55.37:553][  5]FBXImport: FBX File Loading: Found name clash, node 'Bone_end' was renamed to 'Bone_end12' 
[2025.12.18-18.55.37:553][  5]FBXImport: Import was canceled. 
[2025.12.18-18.55.37:559][  5]LogAssetTools: The import task was canceled.
[2025.12.18-18.56.42:334][394]LogFactory: FactoryCreateFile: StaticMesh with FbxFactory (0 0 D:\WORKPLACE\Mini_laboratory\MEPhI_VR_term_1\blender FBX\3D_printer.fbx)
[2025.12.18-18.56.42:341][394]LogFbx: Loading FBX Scene from D:\WORKPLACE\Mini_laboratory\MEPhI_VR_term_1\blender FBX\3D_printer.fbx
[2025.12.18-18.56.42:351][394]LogFbx: FBX Scene Loaded Succesfully
[2025.12.18-18.56.57:081][394]LogSlate: Window 'FBX Import Options' being destroyed
[2025.12.18-18.56.57:089][394]LogFbx: Triangulating skeletal mesh Table
[2025.12.18-18.56.57:093][394]LogFbx: Warning: Bones digested - 4  Depth of hierarchy - 3
[2025.12.18-18.56.57:095][394]LogSkeletalMesh: Section 0: Material=0, 192 triangles
[2025.12.18-18.56.57:097][394]LogSkeletalMesh: Building Skeletal Mesh 3D_printer_Table...
[2025.12.18-18.56.57:098][394]LogSkeletalMesh: Section 0: Material=0, 192 triangles
[2025.12.18-18.56.57:099][394]LogSkeletalMesh: Built Skeletal Mesh [0.00s] /Game/Workplace/Meshes/3D_printer.3D_printer_Table
[2025.12.18-18.56.57:102][394]LogSkeletalMesh: USkeletalMeshComponent::InitArticulated : Could not find root physics body: '/Engine/Transient.World_75:PersistentLevel.SkeletalMeshActor_0.SkeletalMeshComponent0'
[2025.12.18-18.56.57:102][394]LogWorld: UWorld::CleanupWorld for World_75, bSessionEnded=true, bCleanupResources=true
[2025.12.18-18.56.57:102][394]LogSlate: InvalidateAllWidgets triggered.  All widgets were invalidated
[2025.12.18-18.56.57:108][394]LogSkeletalMesh: USkeletalMeshComponent::InitArticulated : Could not find root physics body: '/Engine/Transient.World_76:PersistentLevel.SkeletalMeshActor_0.SkeletalMeshComponent0'
[2025.12.18-18.56.57:108][394]LogWorld: UWorld::CleanupWorld for World_76, bSessionEnded=true, bCleanupResources=true
[2025.12.18-18.56.57:108][394]LogSlate: InvalidateAllWidgets triggered.  All widgets were invalidated
[2025.12.18-18.56.57:131][394]LogUObjectHash: Compacting FUObjectHashTables data took   1.52ms
[2025.12.18-18.56.57:329][394]LogUObjectHash: Compacting FUObjectHashTables data took   1.63ms
[2025.12.18-18.56.57:340][394]LogFbx: Triangulating skeletal mesh Direction Z3
[2025.12.18-18.56.57:342][394]LogFbx: Warning: Bones digested - 4  Depth of hierarchy - 3
[2025.12.18-18.56.57:342][394]LogSkeletalMesh: Section 0: Material=0, 76 triangles
[2025.12.18-18.56.57:343][394]LogSkeletalMesh: Building Skeletal Mesh 3D_printer_Direction Z3...
[2025.12.18-18.56.57:344][394]LogSkeletalMesh: Section 0: Material=0, 76 triangles
[2025.12.18-18.56.57:344][394]LogSkeletalMesh: Built Skeletal Mesh [0.00s] /Game/Workplace/Meshes/3D_printer.3D_printer_Direction Z3
[2025.12.18-18.56.57:344][394]LogPackageName: Error: DoesPackageExist: DoesPackageExist FAILED: '/Game/Workplace/Meshes/3D_printer_Direction Z3_Skeleton' is not a standard unreal filename or a long path name. Reason: Name may not contain the following characters: ' '
[2025.12.18-18.56.57:344][394]LogPackageName: Error: DoesPackageExist: DoesPackageExist FAILED: '/Game/Workplace/Meshes/3D_printer_Direction Z3_Skeleton' is not a standard unreal filename or a long path name. Reason: Name may not contain the following characters: ' '
[2025.12.18-18.56.57:344][394]LogLinker: Error: AddRedirectList(AddKnownMissing) failed to add redirector from /Game/Workplace/Meshes/3D_printer_Direction Z3_Skeleton to /Game/Workplace/Meshes/3D_printer_Direction Z3_Skeleton with invalid characters!
[2025.12.18-18.56.57:345][394]LogPackageName: Error: DoesPackageExist: DoesPackageExist FAILED: '/Game/Workplace/Meshes/3D_printer_Direction Z3_PhysicsAsset' is not a standard unreal filename or a long path name. Reason: Name may not contain the following characters: ' '
[2025.12.18-18.56.57:345][394]LogPackageName: Error: DoesPackageExist: DoesPackageExist FAILED: '/Game/Workplace/Meshes/3D_printer_Direction Z3_PhysicsAsset' is not a standard unreal filename or a long path name. Reason: Name may not contain the following characters: ' '
[2025.12.18-18.56.57:345][394]LogLinker: Error: AddRedirectList(AddKnownMissing) failed to add redirector from /Game/Workplace/Meshes/3D_printer_Direction Z3_PhysicsAsset to /Game/Workplace/Meshes/3D_printer_Direction Z3_PhysicsAsset with invalid characters!
[2025.12.18-18.56.57:347][394]LogSkeletalMesh: USkeletalMeshComponent::InitArticulated : Could not find root physics body: '/Engine/Transient.World_77:PersistentLevel.SkeletalMeshActor_0.SkeletalMeshComponent0'
[2025.12.18-18.56.57:347][394]LogWorld: UWorld::CleanupWorld for World_77, bSessionEnded=true, bCleanupResources=true
[2025.12.18-18.56.57:347][394]LogSlate: InvalidateAllWidgets triggered.  All widgets were invalidated
[2025.12.18-18.56.57:352][394]LogSkeletalMesh: USkeletalMeshComponent::InitArticulated : Could not find root physics body: '/Engine/Transient.World_78:PersistentLevel.SkeletalMeshActor_0.SkeletalMeshComponent0'
[2025.12.18-18.56.57:352][394]LogWorld: UWorld::CleanupWorld for World_78, bSessionEnded=true, bCleanupResources=true
[2025.12.18-18.56.57:352][394]LogSlate: InvalidateAllWidgets triggered.  All widgets were invalidated
[2025.12.18-18.56.57:355][394]LogPackageName: Error: DoesPackageExist: DoesPackageExist FAILED: '/Game/Workplace/Meshes/3D_printer_Direction Z3_PhysicsAsset' is not a standard unreal filename or a long path name. Reason: Name may not contain the following characters: ' '
[2025.12.18-18.56.57:373][394]LogUObjectHash: Compacting FUObjectHashTables data took   1.72ms
[2025.12.18-18.56.57:520][394]LogPackageName: Error: DoesPackageExist: DoesPackageExist FAILED: '/Game/Workplace/Meshes/3D_printer_Direction Z3_PhysicsAsset' is not a standard unreal filename or a long path name. Reason: Name may not contain the following characters: ' '
[2025.12.18-18.56.57:520][394]LogPackageName: Error: DoesPackageExist: DoesPackageExist FAILED: '/Game/Workplace/Meshes/3D_printer_Direction Z3_PhysicsAsset' is not a standard unreal filename or a long path name. Reason: Name may not contain the following characters: ' '
[2025.12.18-18.56.57:534][394]LogUObjectHash: Compacting FUObjectHashTables data took   0.83ms
[2025.12.18-18.56.57:544][394]LogFbx: Triangulating skeletal mesh Direction Z2
[2025.12.18-18.56.57:545][394]LogFbx: Warning: Bones digested - 4  Depth of hierarchy - 3
[2025.12.18-18.56.57:546][394]LogSkeletalMesh: Section 0: Material=0, 76 triangles
[2025.12.18-18.56.57:547][394]LogSkeletalMesh: Building Skeletal Mesh 3D_printer_Direction Z2...
[2025.12.18-18.56.57:547][394]LogSkeletalMesh: Section 0: Material=0, 76 triangles
[2025.12.18-18.56.57:547][394]LogSkeletalMesh: Built Skeletal Mesh [0.00s] /Game/Workplace/Meshes/3D_printer.3D_printer_Direction Z2
[2025.12.18-18.56.57:547][394]LogPackageName: Error: DoesPackageExist: DoesPackageExist FAILED: '/Game/Workplace/Meshes/3D_printer_Direction Z2_Skeleton' is not a standard unreal filename or a long path name. Reason: Name may not contain the following characters: ' '
[2025.12.18-18.56.57:547][394]LogPackageName: Error: DoesPackageExist: DoesPackageExist FAILED: '/Game/Workplace/Meshes/3D_printer_Direction Z2_Skeleton' is not a standard unreal filename or a long path name. Reason: Name may not contain the following characters: ' '
[2025.12.18-18.56.57:547][394]LogLinker: Error: AddRedirectList(AddKnownMissing) failed to add redirector from /Game/Workplace/Meshes/3D_printer_Direction Z2_Skeleton to /Game/Workplace/Meshes/3D_printer_Direction Z2_Skeleton with invalid characters!
[2025.12.18-18.56.57:548][394]LogPackageName: Error: DoesPackageExist: DoesPackageExist FAILED: '/Game/Workplace/Meshes/3D_printer_Direction Z2_PhysicsAsset' is not a standard unreal filename or a long path name. Reason: Name may not contain the following characters: ' '
[2025.12.18-18.56.57:548][394]LogPackageName: Error: DoesPackageExist: DoesPackageExist FAILED: '/Game/Workplace/Meshes/3D_printer_Direction Z2_PhysicsAsset' is not a standard unreal filename or a long path name. Reason: Name may not contain the following characters: ' '
[2025.12.18-18.56.57:548][394]LogLinker: Error: AddRedirectList(AddKnownMissing) failed to add redirector from /Game/Workplace/Meshes/3D_printer_Direction Z2_PhysicsAsset to /Game/Workplace/Meshes/3D_printer_Direction Z2_PhysicsAsset with invalid characters!
[2025.12.18-18.56.57:551][394]LogSkeletalMesh: USkeletalMeshComponent::InitArticulated : Could not find root physics body: '/Engine/Transient.World_79:PersistentLevel.SkeletalMeshActor_0.SkeletalMeshComponent0'
[2025.12.18-18.56.57:551][394]LogWorld: UWorld::CleanupWorld for World_79, bSessionEnded=true, bCleanupResources=true
[2025.12.18-18.56.57:551][394]LogSlate: InvalidateAllWidgets triggered.  All widgets were invalidated
[2025.12.18-18.56.57:556][394]LogSkeletalMesh: USkeletalMeshComponent::InitArticulated : Could not find root physics body: '/Engine/Transient.World_80:PersistentLevel.SkeletalMeshActor_0.SkeletalMeshComponent0'
[2025.12.18-18.56.57:556][394]LogWorld: UWorld::CleanupWorld for World_80, bSessionEnded=true, bCleanupResources=true
[2025.12.18-18.56.57:556][394]LogSlate: InvalidateAllWidgets triggered.  All widgets were invalidated
[2025.12.18-18.56.57:559][394]LogPackageName: Error: DoesPackageExist: DoesPackageExist FAILED: '/Game/Workplace/Meshes/3D_printer_Direction Z2_PhysicsAsset' is not a standard unreal filename or a long path name. Reason: Name may not contain the following characters: ' '
[2025.12.18-18.56.57:576][394]LogUObjectHash: Compacting FUObjectHashTables data took   1.50ms
[2025.12.18-18.56.57:723][394]LogPackageName: Error: DoesPackageExist: DoesPackageExist FAILED: '/Game/Workplace/Meshes/3D_printer_Direction Z2_PhysicsAsset' is not a standard unreal filename or a long path name. Reason: Name may not contain the following characters: ' '
[2025.12.18-18.56.57:724][394]LogPackageName: Error: DoesPackageExist: DoesPackageExist FAILED: '/Game/Workplace/Meshes/3D_printer_Direction Z2_PhysicsAsset' is not a standard unreal filename or a long path name. Reason: Name may not contain the following characters: ' '
[2025.12.18-18.56.57:738][394]LogUObjectHash: Compacting FUObjectHashTables data took   0.89ms
[2025.12.18-18.56.57:748][394]LogFbx: Triangulating skeletal mesh Direction Z1
[2025.12.18-18.56.57:749][394]LogFbx: Warning: Bones digested - 4  Depth of hierarchy - 3
[2025.12.18-18.56.57:749][394]LogSkeletalMesh: Section 0: Material=0, 76 triangles
[2025.12.18-18.56.57:751][394]LogSkeletalMesh: Building Skeletal Mesh 3D_printer_Direction Z1...
[2025.12.18-18.56.57:751][394]LogSkeletalMesh: Section 0: Material=0, 76 triangles
[2025.12.18-18.56.57:752][394]LogSkeletalMesh: Built Skeletal Mesh [0.00s] /Game/Workplace/Meshes/3D_printer.3D_printer_Direction Z1
[2025.12.18-18.56.57:752][394]LogPackageName: Error: DoesPackageExist: DoesPackageExist FAILED: '/Game/Workplace/Meshes/3D_printer_Direction Z1_Skeleton' is not a standard unreal filename or a long path name. Reason: Name may not contain the following characters: ' '
[2025.12.18-18.56.57:752][394]LogPackageName: Error: DoesPackageExist: DoesPackageExist FAILED: '/Game/Workplace/Meshes/3D_printer_Direction Z1_Skeleton' is not a standard unreal filename or a long path name. Reason: Name may not contain the following characters: ' '
[2025.12.18-18.56.57:752][394]LogLinker: Error: AddRedirectList(AddKnownMissing) failed to add redirector from /Game/Workplace/Meshes/3D_printer_Direction Z1_Skeleton to /Game/Workplace/Meshes/3D_printer_Direction Z1_Skeleton with invalid characters!
[2025.12.18-18.56.57:752][394]LogPackageName: Error: DoesPackageExist: DoesPackageExist FAILED: '/Game/Workplace/Meshes/3D_printer_Direction Z1_PhysicsAsset' is not a standard unreal filename or a long path name. Reason: Name may not contain the following characters: ' '
[2025.12.18-18.56.57:752][394]LogPackageName: Error: DoesPackageExist: DoesPackageExist FAILED: '/Game/Workplace/Meshes/3D_printer_Direction Z1_PhysicsAsset' is not a standard unreal filename or a long path name. Reason: Name may not contain the following characters: ' '
[2025.12.18-18.56.57:752][394]LogLinker: Error: AddRedirectList(AddKnownMissing) failed to add redirector from /Game/Workplace/Meshes/3D_printer_Direction Z1_PhysicsAsset to /Game/Workplace/Meshes/3D_printer_Direction Z1_PhysicsAsset with invalid characters!
[2025.12.18-18.56.57:755][394]LogSkeletalMesh: USkeletalMeshComponent::InitArticulated : Could not find root physics body: '/Engine/Transient.World_81:PersistentLevel.SkeletalMeshActor_0.SkeletalMeshComponent0'
[2025.12.18-18.56.57:755][394]LogWorld: UWorld::CleanupWorld for World_81, bSessionEnded=true, bCleanupResources=true
[2025.12.18-18.56.57:755][394]LogSlate: InvalidateAllWidgets triggered.  All widgets were invalidated
[2025.12.18-18.56.57:759][394]LogSkeletalMesh: USkeletalMeshComponent::InitArticulated : Could not find root physics body: '/Engine/Transient.World_82:PersistentLevel.SkeletalMeshActor_0.SkeletalMeshComponent0'
[2025.12.18-18.56.57:759][394]LogWorld: UWorld::CleanupWorld for World_82, bSessionEnded=true, bCleanupResources=true
[2025.12.18-18.56.57:759][394]LogSlate: InvalidateAllWidgets triggered.  All widgets were invalidated
[2025.12.18-18.56.57:763][394]LogPackageName: Error: DoesPackageExist: DoesPackageExist FAILED: '/Game/Workplace/Meshes/3D_printer_Direction Z1_PhysicsAsset' is not a standard unreal filename or a long path name. Reason: Name may not contain the following characters: ' '
[2025.12.18-18.56.57:781][394]LogUObjectHash: Compacting FUObjectHashTables data took   1.59ms
[2025.12.18-18.56.57:925][394]LogPackageName: Error: DoesPackageExist: DoesPackageExist FAILED: '/Game/Workplace/Meshes/3D_printer_Direction Z1_PhysicsAsset' is not a standard unreal filename or a long path name. Reason: Name may not contain the following characters: ' '
[2025.12.18-18.56.57:926][394]LogPackageName: Error: DoesPackageExist: DoesPackageExist FAILED: '/Game/Workplace/Meshes/3D_printer_Direction Z1_PhysicsAsset' is not a standard unreal filename or a long path name. Reason: Name may not contain the following characters: ' '
[2025.12.18-18.56.57:940][394]LogUObjectHash: Compacting FUObjectHashTables data took   0.88ms
[2025.12.18-18.56.57:949][394]LogFbx: Triangulating skeletal mesh Extruder
[2025.12.18-18.56.57:952][394]LogFbx: Triangulating skeletal mesh Direction X
[2025.12.18-18.56.57:954][394]LogFbx: Warning: Bones digested - 8  Depth of hierarchy - 4
[2025.12.18-18.56.57:957][394]LogSkeletalMesh: Section 0: Material=0, 392 triangles
[2025.12.18-18.56.57:958][394]LogSkeletalMesh: Building Skeletal Mesh 3D_printer_Extruder...
[2025.12.18-18.56.57:961][394]LogSkeletalMesh: Section 0: Material=0, 392 triangles
[2025.12.18-18.56.57:962][394]LogSkeletalMesh: Built Skeletal Mesh [0.00s] /Game/Workplace/Meshes/3D_printer.3D_printer_Extruder
[2025.12.18-18.56.57:966][394]LogSkeletalMesh: USkeletalMeshComponent::InitArticulated : Could not find root physics body: '/Engine/Transient.World_83:PersistentLevel.SkeletalMeshActor_0.SkeletalMeshComponent0'
[2025.12.18-18.56.57:966][394]LogWorld: UWorld::CleanupWorld for World_83, bSessionEnded=true, bCleanupResources=true
[2025.12.18-18.56.57:966][394]LogSlate: InvalidateAllWidgets triggered.  All widgets were invalidated
[2025.12.18-18.56.57:971][394]LogSkeletalMesh: USkeletalMeshComponent::InitArticulated : Could not find root physics body: '/Engine/Transient.World_84:PersistentLevel.SkeletalMeshActor_0.SkeletalMeshComponent0'
[2025.12.18-18.56.57:971][394]LogWorld: UWorld::CleanupWorld for World_84, bSessionEnded=true, bCleanupResources=true
[2025.12.18-18.56.57:971][394]LogSlate: InvalidateAllWidgets triggered.  All widgets were invalidated
[2025.12.18-18.56.57:992][394]LogUObjectHash: Compacting FUObjectHashTables data took   1.52ms
[2025.12.18-18.56.58:152][394]LogUObjectHash: Compacting FUObjectHashTables data took   0.89ms
[2025.12.18-18.56.58:163][394]LogFbx: Triangulating skeletal mesh Corpus
[2025.12.18-18.56.58:171][394]LogFbx: Warning: Bones digested - 3  Depth of hierarchy - 2
[2025.12.18-18.56.58:177][394]LogSkeletalMesh: Section 0: Material=0, 670 triangles
[2025.12.18-18.56.58:178][394]LogSkeletalMesh: Building Skeletal Mesh 3D_printer_Corpus...
[2025.12.18-18.56.58:183][394]LogSkeletalMesh: Section 0: Material=0, 670 triangles
[2025.12.18-18.56.58:185][394]LogSkeletalMesh: Built Skeletal Mesh [0.01s] /Game/Workplace/Meshes/3D_printer.3D_printer_Corpus
[2025.12.18-18.56.58:188][394]LogSkeletalMesh: USkeletalMeshComponent::InitArticulated : Could not find root physics body: '/Engine/Transient.World_85:PersistentLevel.SkeletalMeshActor_0.SkeletalMeshComponent0'
[2025.12.18-18.56.58:188][394]LogWorld: UWorld::CleanupWorld for World_85, bSessionEnded=true, bCleanupResources=true
[2025.12.18-18.56.58:188][394]LogSlate: InvalidateAllWidgets triggered.  All widgets were invalidated
[2025.12.18-18.56.58:193][394]LogWorld: UWorld::CleanupWorld for World_86, bSessionEnded=true, bCleanupResources=true
[2025.12.18-18.56.58:193][394]LogSlate: InvalidateAllWidgets triggered.  All widgets were invalidated
[2025.12.18-18.56.58:208][394]LogFbx: Triangulating skeletal mesh Door
[2025.12.18-18.56.58:208][394]LogFbx: Warning: Bones digested - 1  Depth of hierarchy - 1
[2025.12.18-18.56.58:209][394]LogSkeletalMesh: Section 0: Material=0, 48 triangles
[2025.12.18-18.56.58:209][394]LogSkeletalMesh: Building Skeletal Mesh 3D_printer_Door...
[2025.12.18-18.56.58:210][394]LogSkeletalMesh: Section 0: Material=0, 48 triangles
[2025.12.18-18.56.58:210][394]LogSkeletalMesh: Built Skeletal Mesh [0.00s] /Game/Workplace/Meshes/3D_printer.3D_printer_Door
[2025.12.18-18.56.58:214][394]LogSkeletalMesh: USkeletalMeshComponent::InitArticulated : Could not find root physics body: '/Engine/Transient.World_87:PersistentLevel.SkeletalMeshActor_0.SkeletalMeshComponent0'
[2025.12.18-18.56.58:214][394]LogWorld: UWorld::CleanupWorld for World_87, bSessionEnded=true, bCleanupResources=true
[2025.12.18-18.56.58:214][394]LogSlate: InvalidateAllWidgets triggered.  All widgets were invalidated
[2025.12.18-18.56.58:218][394]LogSkeletalMesh: USkeletalMeshComponent::InitArticulated : Could not find root physics body: '/Engine/Transient.World_88:PersistentLevel.SkeletalMeshActor_0.SkeletalMeshComponent0'
[2025.12.18-18.56.58:218][394]LogWorld: UWorld::CleanupWorld for World_88, bSessionEnded=true, bCleanupResources=true
[2025.12.18-18.56.58:218][394]LogSlate: InvalidateAllWidgets triggered.  All widgets were invalidated
[2025.12.18-18.56.58:240][394]LogUObjectHash: Compacting FUObjectHashTables data took   1.62ms
[2025.12.18-18.56.58:401][394]LogUObjectHash: Compacting FUObjectHashTables data took   1.38ms
[2025.12.18-18.56.58:412][394]FBXImport: FBX File Loading: Found name clash, node 'Bone' was renamed to 'Bone1' 
[2025.12.18-18.56.58:412][394]FBXImport: FBX File Loading: Found name clash, node 'Bone' was renamed to 'Bone2' 
[2025.12.18-18.56.58:412][394]FBXImport: FBX File Loading: Found name clash, node 'Bone' was renamed to 'Bone3' 
[2025.12.18-18.56.58:412][394]FBXImport: FBX File Loading: Found name clash, node 'Bone' was renamed to 'Bone4' 
[2025.12.18-18.56.58:412][394]FBXImport: FBX File Loading: Found name clash, node 'Bone' was renamed to 'Bone5' 
[2025.12.18-18.56.58:412][394]FBXImport: FBX File Loading: Found name clash, node 'Bone' was renamed to 'Bone6' 
[2025.12.18-18.56.58:412][394]FBXImport: FBX File Loading: Found name clash, node 'Bone_end' was renamed to 'Bone_end7' 
[2025.12.18-18.56.58:412][394]FBXImport: FBX File Loading: Found name clash, node 'Bone_end' was renamed to 'Bone_end8' 
[2025.12.18-18.56.58:412][394]FBXImport: FBX File Loading: Found name clash, node 'Bone_end' was renamed to 'Bone_end9' 
[2025.12.18-18.56.58:412][394]FBXImport: FBX File Loading: Found name clash, node 'Bone_end' was renamed to 'Bone_end10' 
[2025.12.18-18.56.58:412][394]FBXImport: FBX File Loading: Found name clash, node 'Bone_end' was renamed to 'Bone_end11' 
[2025.12.18-18.56.58:412][394]FBXImport: FBX File Loading: Found name clash, node 'Bone_end' was renamed to 'Bone_end12' 
[2025.12.18-18.56.58:412][394]FBXImport: Warning: No smoothing group information was found in this FBX scene.  Please make sure to enable the 'Export Smoothing Groups' option in the FBX Exporter plug-in before exporting the file.  Even for tools that don't support smoothing groups, the FBX Exporter will generate appropriate smoothing data at export-time so that correct vertex normals can be inferred while importing. 
[2025.12.18-18.56.58:412][394]FBXImport: Warning: Could not find the bind pose.  It will use time 0 as bind pose. 
[2025.12.18-18.56.58:412][394]FBXImport: Warning: The bone size is too small to create Physics Asset '3D_printer_Table_PhysicsAsset' from Skeletal Mesh '3D_printer_Table'. You will have to create physics asset manually. 
[2025.12.18-18.56.58:412][394]FBXImport: Warning: Could not find the bind pose.  It will use time 0 as bind pose. 
[2025.12.18-18.56.58:412][394]FBXImport: Warning: The bone size is too small to create Physics Asset '3D_printer_Direction Z3_PhysicsAsset' from Skeletal Mesh '3D_printer_Direction Z3'. You will have to create physics asset manually. 
[2025.12.18-18.56.58:412][394]FBXImport: Warning: Could not find the bind pose.  It will use time 0 as bind pose. 
[2025.12.18-18.56.58:412][394]FBXImport: Warning: The bone size is too small to create Physics Asset '3D_printer_Direction Z2_PhysicsAsset' from Skeletal Mesh '3D_printer_Direction Z2'. You will have to create physics asset manually. 
[2025.12.18-18.56.58:412][394]FBXImport: Warning: Could not find the bind pose.  It will use time 0 as bind pose. 
[2025.12.18-18.56.58:412][394]FBXImport: Warning: The bone size is too small to create Physics Asset '3D_printer_Direction Z1_PhysicsAsset' from Skeletal Mesh '3D_printer_Direction Z1'. You will have to create physics asset manually. 
[2025.12.18-18.56.58:412][394]FBXImport: Warning: Could not find the bind pose.  It will use time 0 as bind pose. 
[2025.12.18-18.56.58:412][394]FBXImport: Warning: The bone size is too small to create Physics Asset '3D_printer_Extruder_PhysicsAsset' from Skeletal Mesh '3D_printer_Extruder'. You will have to create physics asset manually. 
[2025.12.18-18.56.58:412][394]FBXImport: Warning: Could not find the bind pose.  It will use time 0 as bind pose. 
[2025.12.18-18.56.58:412][394]FBXImport: Warning: Could not find the bind pose.  It will use time 0 as bind pose. 
[2025.12.18-18.56.58:412][394]FBXImport: Warning: The bone size is too small to create Physics Asset '3D_printer_Door_PhysicsAsset' from Skeletal Mesh '3D_printer_Door'. You will have to create physics asset manually. 
[2025.12.18-18.56.58:457][394]LogPackageName: Error: DoesPackageExist: DoesPackageExist FAILED: '/Game/Workplace/Meshes/3D_printer_Direction Z3_Skeleton' is not a standard unreal filename or a long path name. Reason: Name may not contain the following characters: ' '
[2025.12.18-18.56.58:457][394]LogPackageName: Error: DoesPackageExist: DoesPackageExist FAILED: '/Game/Workplace/Meshes/3D_printer_Direction Z2_Skeleton' is not a standard unreal filename or a long path name. Reason: Name may not contain the following characters: ' '
[2025.12.18-18.56.58:457][394]LogPackageName: Error: DoesPackageExist: DoesPackageExist FAILED: '/Game/Workplace/Meshes/3D_printer_Direction Z1_Skeleton' is not a standard unreal filename or a long path name. Reason: Name may not contain the following characters: ' '
[2025.12.18-18.56.58:569][396]LogPackageName: Error: DoesPackageExist: DoesPackageExist FAILED: '/Game/Workplace/Meshes/3D_printer_Direction Z1_Skeleton' is not a standard unreal filename or a long path name. Reason: Name may not contain the following characters: ' '
[2025.12.18-18.56.58:569][396]LogPackageName: Error: DoesPackageExist: DoesPackageExist FAILED: '/Game/Workplace/Meshes/3D_printer_Direction Z2_Skeleton' is not a standard unreal filename or a long path name. Reason: Name may not contain the following characters: ' '
[2025.12.18-18.56.58:596][396]LogPackageName: Error: DoesPackageExist: DoesPackageExist FAILED: '/Game/Workplace/Meshes/3D_printer_Direction Z3_Skeleton' is not a standard unreal filename or a long path name. Reason: Name may not contain the following characters: ' '
[2025.12.18-18.57.14:946][220]LogFactory: FactoryCreateFile: StaticMesh with FbxFactory (0 0 D:\WORKPLACE\Mini_laboratory\MEPhI_VR_term_1\blender FBX\3D_printer.fbx)
[2025.12.18-18.57.14:952][220]LogFbx: Loading FBX Scene from D:\WORKPLACE\Mini_laboratory\MEPhI_VR_term_1\blender FBX\3D_printer.fbx
[2025.12.18-18.57.14:962][220]LogFbx: FBX Scene Loaded Succesfully
[2025.12.18-18.57.19:260][220]LogPackageName: Error: DoesPackageExist: DoesPackageExist FAILED: '/Game/Workplace/Meshes/3D_printer_Direction Z1_Skeleton' is not a standard unreal filename or a long path name. Reason: Name may not contain the following characters: ' '
[2025.12.18-18.57.19:260][220]LogPackageName: Error: DoesPackageExist: DoesPackageExist FAILED: '/Game/Workplace/Meshes/3D_printer_Direction Z2_Skeleton' is not a standard unreal filename or a long path name. Reason: Name may not contain the following characters: ' '
[2025.12.18-18.57.19:261][220]LogPackageName: Error: DoesPackageExist: DoesPackageExist FAILED: '/Game/Workplace/Meshes/3D_printer_Direction Z3_Skeleton' is not a standard unreal filename or a long path name. Reason: Name may not contain the following characters: ' '
[2025.12.18-18.57.19:282][220]LogPackageName: Error: DoesPackageExist: DoesPackageExist FAILED: '/Game/Workplace/Meshes/3D_printer_Direction Z3_Skeleton' is not a standard unreal filename or a long path name. Reason: Name may not contain the following characters: ' '
[2025.12.18-18.57.19:282][220]LogPackageName: Error: DoesPackageExist: DoesPackageExist FAILED: '/Game/Workplace/Meshes/3D_printer_Direction Z2_Skeleton' is not a standard unreal filename or a long path name. Reason: Name may not contain the following characters: ' '
[2025.12.18-18.57.19:282][220]LogPackageName: Error: DoesPackageExist: DoesPackageExist FAILED: '/Game/Workplace/Meshes/3D_printer_Direction Z1_Skeleton' is not a standard unreal filename or a long path name. Reason: Name may not contain the following characters: ' '
[2025.12.18-18.57.25:482][220]LogSlate: Window 'FBX Import Options' being destroyed
[2025.12.18-18.57.25:493][220]LogFbx: Triangulating skeletal mesh Table
[2025.12.18-18.57.25:541][220]LogFbx: Warning: Bones digested - 4  Depth of hierarchy - 3
[2025.12.18-18.57.25:542][220]LogSkeletalMesh: Section 0: Material=0, 192 triangles
[2025.12.18-18.57.25:544][220]LogSkeletalMesh: Building Skeletal Mesh 3D_printer_Table...
[2025.12.18-18.57.25:545][220]LogSkeletalMesh: Section 0: Material=0, 192 triangles
[2025.12.18-18.57.25:546][220]LogSkeletalMesh: Built Skeletal Mesh [0.00s] /Game/Workplace/Meshes/3D_printer.3D_printer_Table
[2025.12.18-18.57.25:551][220]LogSkeletalMesh: USkeletalMeshComponent::InitArticulated : Could not find root physics body: '/Engine/Transient.World_89:PersistentLevel.SkeletalMeshActor_0.SkeletalMeshComponent0'
[2025.12.18-18.57.25:551][220]LogWorld: UWorld::CleanupWorld for World_89, bSessionEnded=true, bCleanupResources=true
[2025.12.18-18.57.25:552][220]LogSlate: InvalidateAllWidgets triggered.  All widgets were invalidated
[2025.12.18-18.57.25:556][220]LogSkeletalMesh: USkeletalMeshComponent::InitArticulated : Could not find root physics body: '/Engine/Transient.World_90:PersistentLevel.SkeletalMeshActor_0.SkeletalMeshComponent0'
[2025.12.18-18.57.25:556][220]LogWorld: UWorld::CleanupWorld for World_90, bSessionEnded=true, bCleanupResources=true
[2025.12.18-18.57.25:556][220]LogSlate: InvalidateAllWidgets triggered.  All widgets were invalidated
[2025.12.18-18.57.25:581][220]LogUObjectHash: Compacting FUObjectHashTables data took   3.60ms
[2025.12.18-18.57.25:781][220]LogUObjectHash: Compacting FUObjectHashTables data took   2.87ms
[2025.12.18-18.57.25:809][220]LogFbx: Triangulating skeletal mesh Direction Z3
[2025.12.18-18.57.25:811][220]LogFbx: Warning: Bones digested - 4  Depth of hierarchy - 3
[2025.12.18-18.57.25:811][220]LogSkeletalMesh: Section 0: Material=0, 76 triangles
[2025.12.18-18.57.25:812][220]LogSkeletalMesh: Building Skeletal Mesh 3D_printer_Direction Z3...
[2025.12.18-18.57.25:813][220]LogSkeletalMesh: Section 0: Material=0, 76 triangles
[2025.12.18-18.57.25:813][220]LogSkeletalMesh: Built Skeletal Mesh [0.00s] /Game/Workplace/Meshes/3D_printer.3D_printer_Direction Z3
[2025.12.18-18.57.32:818][220]LogSlate: Window 'Message' being destroyed
[2025.12.18-18.57.32:820][220]Message dialog closed, result: Yes, title: Message, text: FAILED TO MERGE BONES:

 This could happen if significant hierarchical changes have been made
e.g. inserting a bone between nodes.
Would you like to regenerate the Skeleton from this mesh?

***WARNING: THIS MAY INVALIDATE OR REQUIRE RECOMPRESSION OF ANIMATION DATA.***

[2025.12.18-18.57.35:570][220]LogSlate: Window 'Message' being destroyed
[2025.12.18-18.57.35:573][220]Message dialog closed, result: Yes, title: Message, text: Would you like to merge all SkeletalMeshes using this skeleton to ensure all bones are merged? This will require to load those SkeletalMeshes.
[2025.12.18-18.57.37:333][220]LogSlate: Window 'Message' being destroyed
[2025.12.18-18.57.37:336][220]Message dialog closed, result: Ok, title: Message, text: Failed to merge SkeletalMesh '3D_printer_Table'.
[2025.12.18-18.57.37:363][220]LogPackageName: Error: DoesPackageExist: DoesPackageExist FAILED: '/Game/Workplace/Meshes/3D_printer_Direction Z3_PhysicsAsset' is not a standard unreal filename or a long path name. Reason: Name may not contain the following characters: ' '
[2025.12.18-18.57.37:363][220]LogPackageName: Error: DoesPackageExist: DoesPackageExist FAILED: '/Game/Workplace/Meshes/3D_printer_Direction Z3_PhysicsAsset' is not a standard unreal filename or a long path name. Reason: Name may not contain the following characters: ' '
[2025.12.18-18.57.37:363][220]LogLinker: Error: AddRedirectList(AddKnownMissing) failed to add redirector from /Game/Workplace/Meshes/3D_printer_Direction Z3_PhysicsAsset to /Game/Workplace/Meshes/3D_printer_Direction Z3_PhysicsAsset with invalid characters!
[2025.12.18-18.57.37:366][220]LogSkeletalMesh: USkeletalMeshComponent::InitArticulated : Could not find root physics body: '/Engine/Transient.World_91:PersistentLevel.SkeletalMeshActor_0.SkeletalMeshComponent0'
[2025.12.18-18.57.37:366][220]LogWorld: UWorld::CleanupWorld for World_91, bSessionEnded=true, bCleanupResources=true
[2025.12.18-18.57.37:366][220]LogSlate: InvalidateAllWidgets triggered.  All widgets were invalidated
[2025.12.18-18.57.37:372][220]LogSkeletalMesh: USkeletalMeshComponent::InitArticulated : Could not find root physics body: '/Engine/Transient.World_92:PersistentLevel.SkeletalMeshActor_0.SkeletalMeshComponent0'
[2025.12.18-18.57.37:372][220]LogWorld: UWorld::CleanupWorld for World_92, bSessionEnded=true, bCleanupResources=true
[2025.12.18-18.57.37:372][220]LogSlate: InvalidateAllWidgets triggered.  All widgets were invalidated
[2025.12.18-18.57.37:376][220]LogPackageName: Error: DoesPackageExist: DoesPackageExist FAILED: '/Game/Workplace/Meshes/3D_printer_Direction Z3_PhysicsAsset' is not a standard unreal filename or a long path name. Reason: Name may not contain the following characters: ' '
[2025.12.18-18.57.37:397][220]LogUObjectHash: Compacting FUObjectHashTables data took   1.59ms
[2025.12.18-18.57.37:604][220]LogPackageName: Error: DoesPackageExist: DoesPackageExist FAILED: '/Game/Workplace/Meshes/3D_printer_Direction Z3_PhysicsAsset' is not a standard unreal filename or a long path name. Reason: Name may not contain the following characters: ' '
[2025.12.18-18.57.37:605][220]LogPackageName: Error: DoesPackageExist: DoesPackageExist FAILED: '/Game/Workplace/Meshes/3D_printer_Direction Z3_PhysicsAsset' is not a standard unreal filename or a long path name. Reason: Name may not contain the following characters: ' '
[2025.12.18-18.57.37:624][220]LogUObjectHash: Compacting FUObjectHashTables data took   0.84ms
[2025.12.18-18.57.37:634][220]LogFbx: Triangulating skeletal mesh Direction Z2
[2025.12.18-18.57.37:635][220]LogFbx: Warning: Bones digested - 4  Depth of hierarchy - 3
[2025.12.18-18.57.37:636][220]LogSkeletalMesh: Section 0: Material=0, 76 triangles
[2025.12.18-18.57.37:637][220]LogSkeletalMesh: Building Skeletal Mesh 3D_printer_Direction Z2...
[2025.12.18-18.57.37:638][220]LogSkeletalMesh: Section 0: Material=0, 76 triangles
[2025.12.18-18.57.37:638][220]LogSkeletalMesh: Built Skeletal Mesh [0.00s] /Game/Workplace/Meshes/3D_printer.3D_printer_Direction Z2
[2025.12.18-18.57.39:122][220]LogSlate: Window 'Message' being destroyed
[2025.12.18-18.57.39:125][220]Message dialog closed, result: Yes, title: Message, text: FAILED TO MERGE BONES:

 This could happen if significant hierarchical changes have been made
e.g. inserting a bone between nodes.
Would you like to regenerate the Skeleton from this mesh?

***WARNING: THIS MAY INVALIDATE OR REQUIRE RECOMPRESSION OF ANIMATION DATA.***

[2025.12.18-18.57.40:162][220]LogSlate: Window 'Message' being destroyed
[2025.12.18-18.57.40:164][220]Message dialog closed, result: Yes, title: Message, text: Would you like to merge all SkeletalMeshes using this skeleton to ensure all bones are merged? This will require to load those SkeletalMeshes.
[2025.12.18-18.57.41:124][220]LogSlate: Window 'Message' being destroyed
[2025.12.18-18.57.41:127][220]Message dialog closed, result: Ok, title: Message, text: Failed to merge SkeletalMesh '3D_printer_Table'.
[2025.12.18-18.57.42:145][220]LogSlate: Window 'Message' being destroyed
[2025.12.18-18.57.42:148][220]Message dialog closed, result: Ok, title: Message, text: Failed to merge SkeletalMesh '3D_printer_Direction Z3'.
[2025.12.18-18.57.42:183][220]LogPackageName: Error: DoesPackageExist: DoesPackageExist FAILED: '/Game/Workplace/Meshes/3D_printer_Direction Z2_PhysicsAsset' is not a standard unreal filename or a long path name. Reason: Name may not contain the following characters: ' '
[2025.12.18-18.57.42:183][220]LogPackageName: Error: DoesPackageExist: DoesPackageExist FAILED: '/Game/Workplace/Meshes/3D_printer_Direction Z2_PhysicsAsset' is not a standard unreal filename or a long path name. Reason: Name may not contain the following characters: ' '
[2025.12.18-18.57.42:183][220]LogLinker: Error: AddRedirectList(AddKnownMissing) failed to add redirector from /Game/Workplace/Meshes/3D_printer_Direction Z2_PhysicsAsset to /Game/Workplace/Meshes/3D_printer_Direction Z2_PhysicsAsset with invalid characters!
[2025.12.18-18.57.42:186][220]LogSkeletalMesh: USkeletalMeshComponent::InitArticulated : Could not find root physics body: '/Engine/Transient.World_93:PersistentLevel.SkeletalMeshActor_0.SkeletalMeshComponent0'
[2025.12.18-18.57.42:186][220]LogWorld: UWorld::CleanupWorld for World_93, bSessionEnded=true, bCleanupResources=true
[2025.12.18-18.57.42:186][220]LogSlate: InvalidateAllWidgets triggered.  All widgets were invalidated
[2025.12.18-18.57.42:191][220]LogSkeletalMesh: USkeletalMeshComponent::InitArticulated : Could not find root physics body: '/Engine/Transient.World_94:PersistentLevel.SkeletalMeshActor_0.SkeletalMeshComponent0'
[2025.12.18-18.57.42:191][220]LogWorld: UWorld::CleanupWorld for World_94, bSessionEnded=true, bCleanupResources=true
[2025.12.18-18.57.42:191][220]LogSlate: InvalidateAllWidgets triggered.  All widgets were invalidated
[2025.12.18-18.57.42:194][220]LogPackageName: Error: DoesPackageExist: DoesPackageExist FAILED: '/Game/Workplace/Meshes/3D_printer_Direction Z2_PhysicsAsset' is not a standard unreal filename or a long path name. Reason: Name may not contain the following characters: ' '
[2025.12.18-18.57.42:212][220]LogUObjectHash: Compacting FUObjectHashTables data took   1.57ms
[2025.12.18-18.57.42:405][220]LogPackageName: Error: DoesPackageExist: DoesPackageExist FAILED: '/Game/Workplace/Meshes/3D_printer_Direction Z2_PhysicsAsset' is not a standard unreal filename or a long path name. Reason: Name may not contain the following characters: ' '
[2025.12.18-18.57.42:405][220]LogPackageName: Error: DoesPackageExist: DoesPackageExist FAILED: '/Game/Workplace/Meshes/3D_printer_Direction Z2_PhysicsAsset' is not a standard unreal filename or a long path name. Reason: Name may not contain the following characters: ' '
[2025.12.18-18.57.42:420][220]LogUObjectHash: Compacting FUObjectHashTables data took   0.84ms
[2025.12.18-18.57.42:429][220]LogFbx: Triangulating skeletal mesh Direction Z1
[2025.12.18-18.57.42:431][220]LogFbx: Warning: Bones digested - 4  Depth of hierarchy - 3
[2025.12.18-18.57.42:432][220]LogSkeletalMesh: Section 0: Material=0, 76 triangles
[2025.12.18-18.57.42:433][220]LogSkeletalMesh: Building Skeletal Mesh 3D_printer_Direction Z1...
[2025.12.18-18.57.42:434][220]LogSkeletalMesh: Section 0: Material=0, 76 triangles
[2025.12.18-18.57.42:434][220]LogSkeletalMesh: Built Skeletal Mesh [0.00s] /Game/Workplace/Meshes/3D_printer.3D_printer_Direction Z1
[2025.12.18-18.57.43:879][220]LogSlate: Window 'Message' being destroyed
[2025.12.18-18.57.43:883][220]Message dialog closed, result: Yes, title: Message, text: FAILED TO MERGE BONES:

 This could happen if significant hierarchical changes have been made
e.g. inserting a bone between nodes.
Would you like to regenerate the Skeleton from this mesh?

***WARNING: THIS MAY INVALIDATE OR REQUIRE RECOMPRESSION OF ANIMATION DATA.***

[2025.12.18-18.57.45:218][220]LogSlate: Window 'Message' being destroyed
[2025.12.18-18.57.45:221][220]Message dialog closed, result: Yes, title: Message, text: Would you like to merge all SkeletalMeshes using this skeleton to ensure all bones are merged? This will require to load those SkeletalMeshes.
[2025.12.18-18.57.46:160][220]LogSlate: Window 'Message' being destroyed
[2025.12.18-18.57.46:164][220]Message dialog closed, result: Ok, title: Message, text: Failed to merge SkeletalMesh '3D_printer_Table'.
[2025.12.18-18.57.46:950][220]LogSlate: Window 'Message' being destroyed
[2025.12.18-18.57.46:952][220]Message dialog closed, result: Ok, title: Message, text: Failed to merge SkeletalMesh '3D_printer_Direction Z3'.
[2025.12.18-18.57.47:611][220]LogSlate: Window 'Message' being destroyed
[2025.12.18-18.57.47:613][220]Message dialog closed, result: Ok, title: Message, text: Failed to merge SkeletalMesh '3D_printer_Direction Z2'.
[2025.12.18-18.57.47:635][220]LogPackageName: Error: DoesPackageExist: DoesPackageExist FAILED: '/Game/Workplace/Meshes/3D_printer_Direction Z1_PhysicsAsset' is not a standard unreal filename or a long path name. Reason: Name may not contain the following characters: ' '
[2025.12.18-18.57.47:635][220]LogPackageName: Error: DoesPackageExist: DoesPackageExist FAILED: '/Game/Workplace/Meshes/3D_printer_Direction Z1_PhysicsAsset' is not a standard unreal filename or a long path name. Reason: Name may not contain the following characters: ' '
[2025.12.18-18.57.47:635][220]LogLinker: Error: AddRedirectList(AddKnownMissing) failed to add redirector from /Game/Workplace/Meshes/3D_printer_Direction Z1_PhysicsAsset to /Game/Workplace/Meshes/3D_printer_Direction Z1_PhysicsAsset with invalid characters!
[2025.12.18-18.57.47:638][220]LogSkeletalMesh: USkeletalMeshComponent::InitArticulated : Could not find root physics body: '/Engine/Transient.World_95:PersistentLevel.SkeletalMeshActor_0.SkeletalMeshComponent0'
[2025.12.18-18.57.47:638][220]LogWorld: UWorld::CleanupWorld for World_95, bSessionEnded=true, bCleanupResources=true
[2025.12.18-18.57.47:638][220]LogSlate: InvalidateAllWidgets triggered.  All widgets were invalidated
[2025.12.18-18.57.47:643][220]LogSkeletalMesh: USkeletalMeshComponent::InitArticulated : Could not find root physics body: '/Engine/Transient.World_96:PersistentLevel.SkeletalMeshActor_0.SkeletalMeshComponent0'
[2025.12.18-18.57.47:643][220]LogWorld: UWorld::CleanupWorld for World_96, bSessionEnded=true, bCleanupResources=true
[2025.12.18-18.57.47:643][220]LogSlate: InvalidateAllWidgets triggered.  All widgets were invalidated
[2025.12.18-18.57.47:645][220]LogPackageName: Error: DoesPackageExist: DoesPackageExist FAILED: '/Game/Workplace/Meshes/3D_printer_Direction Z1_PhysicsAsset' is not a standard unreal filename or a long path name. Reason: Name may not contain the following characters: ' '
[2025.12.18-18.57.47:664][220]LogUObjectHash: Compacting FUObjectHashTables data took   1.51ms
[2025.12.18-18.57.47:871][220]LogPackageName: Error: DoesPackageExist: DoesPackageExist FAILED: '/Game/Workplace/Meshes/3D_printer_Direction Z1_PhysicsAsset' is not a standard unreal filename or a long path name. Reason: Name may not contain the following characters: ' '
[2025.12.18-18.57.47:871][220]LogPackageName: Error: DoesPackageExist: DoesPackageExist FAILED: '/Game/Workplace/Meshes/3D_printer_Direction Z1_PhysicsAsset' is not a standard unreal filename or a long path name. Reason: Name may not contain the following characters: ' '
[2025.12.18-18.57.47:886][220]LogUObjectHash: Compacting FUObjectHashTables data took   1.15ms
[2025.12.18-18.57.47:896][220]LogFbx: Triangulating skeletal mesh Extruder
[2025.12.18-18.57.47:899][220]LogFbx: Triangulating skeletal mesh Direction X
[2025.12.18-18.57.47:902][220]LogFbx: Warning: Bones digested - 8  Depth of hierarchy - 4
[2025.12.18-18.57.47:905][220]LogSkeletalMesh: Section 0: Material=0, 392 triangles
[2025.12.18-18.57.47:906][220]LogSkeletalMesh: Building Skeletal Mesh 3D_printer_Extruder...
[2025.12.18-18.57.47:908][220]LogSkeletalMesh: Section 0: Material=0, 392 triangles
[2025.12.18-18.57.47:909][220]LogSkeletalMesh: Built Skeletal Mesh [0.00s] /Game/Workplace/Meshes/3D_printer.3D_printer_Extruder
[2025.12.18-18.57.49:120][220]LogSlate: Window 'Message' being destroyed
[2025.12.18-18.57.49:122][220]Message dialog closed, result: Yes, title: Message, text: FAILED TO MERGE BONES:

 This could happen if significant hierarchical changes have been made
e.g. inserting a bone between nodes.
Would you like to regenerate the Skeleton from this mesh?

***WARNING: THIS MAY INVALIDATE OR REQUIRE RECOMPRESSION OF ANIMATION DATA.***

[2025.12.18-18.57.49:906][220]LogSlate: Window 'Message' being destroyed
[2025.12.18-18.57.49:909][220]Message dialog closed, result: Yes, title: Message, text: Would you like to merge all SkeletalMeshes using this skeleton to ensure all bones are merged? This will require to load those SkeletalMeshes.
[2025.12.18-18.57.50:538][220]LogSlate: Window 'Message' being destroyed
[2025.12.18-18.57.50:541][220]Message dialog closed, result: Ok, title: Message, text: Failed to merge SkeletalMesh '3D_printer_Table'.
[2025.12.18-18.57.51:131][220]LogSlate: Window 'Message' being destroyed
[2025.12.18-18.57.51:134][220]Message dialog closed, result: Ok, title: Message, text: Failed to merge SkeletalMesh '3D_printer_Direction Z3'.
[2025.12.18-18.57.51:681][220]LogSlate: Window 'Message' being destroyed
[2025.12.18-18.57.51:684][220]Message dialog closed, result: Ok, title: Message, text: Failed to merge SkeletalMesh '3D_printer_Direction Z2'.
[2025.12.18-18.57.52:302][220]LogSlate: Window 'Message' being destroyed
[2025.12.18-18.57.52:306][220]Message dialog closed, result: Ok, title: Message, text: Failed to merge SkeletalMesh '3D_printer_Direction Z1'.
[2025.12.18-18.57.52:344][220]LogSkeletalMesh: USkeletalMeshComponent::InitArticulated : Could not find root physics body: '/Engine/Transient.World_97:PersistentLevel.SkeletalMeshActor_0.SkeletalMeshComponent0'
[2025.12.18-18.57.52:344][220]LogWorld: UWorld::CleanupWorld for World_97, bSessionEnded=true, bCleanupResources=true
[2025.12.18-18.57.52:344][220]LogSlate: InvalidateAllWidgets triggered.  All widgets were invalidated
[2025.12.18-18.57.52:349][220]LogSkeletalMesh: USkeletalMeshComponent::InitArticulated : Could not find root physics body: '/Engine/Transient.World_98:PersistentLevel.SkeletalMeshActor_0.SkeletalMeshComponent0'
[2025.12.18-18.57.52:349][220]LogWorld: UWorld::CleanupWorld for World_98, bSessionEnded=true, bCleanupResources=true
[2025.12.18-18.57.52:349][220]LogSlate: InvalidateAllWidgets triggered.  All widgets were invalidated
[2025.12.18-18.57.52:371][220]LogUObjectHash: Compacting FUObjectHashTables data took   1.55ms
[2025.12.18-18.57.52:574][220]LogUObjectHash: Compacting FUObjectHashTables data took   1.95ms
[2025.12.18-18.57.52:586][220]LogFbx: Triangulating skeletal mesh Corpus
[2025.12.18-18.57.52:595][220]LogFbx: Warning: Bones digested - 3  Depth of hierarchy - 2
[2025.12.18-18.57.52:601][220]LogSkeletalMesh: Section 0: Material=0, 670 triangles
[2025.12.18-18.57.52:602][220]LogSkeletalMesh: Building Skeletal Mesh 3D_printer_Corpus...
[2025.12.18-18.57.52:607][220]LogSkeletalMesh: Section 0: Material=0, 670 triangles
[2025.12.18-18.57.52:609][220]LogSkeletalMesh: Built Skeletal Mesh [0.01s] /Game/Workplace/Meshes/3D_printer.3D_printer_Corpus
[2025.12.18-18.57.54:890][220]LogSlate: Window 'Message' being destroyed
[2025.12.18-18.57.54:892][220]Message dialog closed, result: Yes, title: Message, text: FAILED TO MERGE BONES:

 This could happen if significant hierarchical changes have been made
e.g. inserting a bone between nodes.
Would you like to regenerate the Skeleton from this mesh?

***WARNING: THIS MAY INVALIDATE OR REQUIRE RECOMPRESSION OF ANIMATION DATA.***

[2025.12.18-18.57.56:242][220]LogSlate: Window 'Message' being destroyed
[2025.12.18-18.57.56:244][220]Message dialog closed, result: Yes, title: Message, text: Would you like to merge all SkeletalMeshes using this skeleton to ensure all bones are merged? This will require to load those SkeletalMeshes.
[2025.12.18-18.57.58:096][220]LogSlate: Window 'Message' being destroyed
[2025.12.18-18.57.58:099][220]Message dialog closed, result: Ok, title: Message, text: Failed to merge SkeletalMesh '3D_printer_Table'.
[2025.12.18-18.57.59:018][220]LogSlate: Window 'Message' being destroyed
[2025.12.18-18.57.59:021][220]Message dialog closed, result: Ok, title: Message, text: Failed to merge SkeletalMesh '3D_printer_Direction Z3'.
[2025.12.18-18.57.59:684][220]LogSlate: Window 'Message' being destroyed
[2025.12.18-18.57.59:686][220]Message dialog closed, result: Ok, title: Message, text: Failed to merge SkeletalMesh '3D_printer_Direction Z2'.
[2025.12.18-18.58.00:289][220]LogSlate: Window 'Message' being destroyed
[2025.12.18-18.58.00:292][220]Message dialog closed, result: Ok, title: Message, text: Failed to merge SkeletalMesh '3D_printer_Direction Z1'.
[2025.12.18-18.58.01:175][220]LogSlate: Window 'Message' being destroyed
[2025.12.18-18.58.01:178][220]Message dialog closed, result: Ok, title: Message, text: Failed to merge SkeletalMesh '3D_printer_Extruder'.
[2025.12.18-18.58.01:261][220]LogFbx: Triangulating skeletal mesh Door
[2025.12.18-18.58.01:262][220]LogFbx: Warning: Bones digested - 1  Depth of hierarchy - 1
[2025.12.18-18.58.01:262][220]LogSkeletalMesh: Section 0: Material=0, 48 triangles
[2025.12.18-18.58.01:263][220]LogSkeletalMesh: Building Skeletal Mesh 3D_printer_Door...
[2025.12.18-18.58.01:263][220]LogSkeletalMesh: Section 0: Material=0, 48 triangles
[2025.12.18-18.58.01:264][220]LogSkeletalMesh: Built Skeletal Mesh [0.00s] /Game/Workplace/Meshes/3D_printer.3D_printer_Door
[2025.12.18-18.58.05:179][220]LogSlate: Window 'Message' being destroyed
[2025.12.18-18.58.05:181][220]Message dialog closed, result: YesAll, title: Message, text: FAILED TO MERGE BONES:

 This could happen if significant hierarchical changes have been made
e.g. inserting a bone between nodes.
Would you like to regenerate the Skeleton from this mesh?

***WARNING: THIS MAY INVALIDATE OR REQUIRE RECOMPRESSION OF ANIMATION DATA.***

[2025.12.18-18.58.06:866][220]LogSlate: Window 'Message' being destroyed
[2025.12.18-18.58.06:869][220]Message dialog closed, result: Yes, title: Message, text: Would you like to merge all SkeletalMeshes using this skeleton to ensure all bones are merged? This will require to load those SkeletalMeshes.
[2025.12.18-18.58.08:438][220]LogSlate: Window 'Message' being destroyed
[2025.12.18-18.58.08:442][220]Message dialog closed, result: Ok, title: Message, text: Failed to merge SkeletalMesh '3D_printer_Table'.
[2025.12.18-18.58.09:169][220]LogSlate: Window 'Message' being destroyed
[2025.12.18-18.58.09:172][220]Message dialog closed, result: Ok, title: Message, text: Failed to merge SkeletalMesh '3D_printer_Direction Z3'.
[2025.12.18-18.58.09:657][220]LogSlate: Window 'Message' being destroyed
[2025.12.18-18.58.09:660][220]Message dialog closed, result: Ok, title: Message, text: Failed to merge SkeletalMesh '3D_printer_Direction Z2'.
[2025.12.18-18.58.10:146][220]LogSlate: Window 'Message' being destroyed
[2025.12.18-18.58.10:150][220]Message dialog closed, result: Ok, title: Message, text: Failed to merge SkeletalMesh '3D_printer_Direction Z1'.
[2025.12.18-18.58.10:771][220]LogSlate: Window 'Message' being destroyed
[2025.12.18-18.58.10:773][220]Message dialog closed, result: Ok, title: Message, text: Failed to merge SkeletalMesh '3D_printer_Extruder'.
[2025.12.18-18.58.11:346][220]LogSlate: Window 'Message' being destroyed
[2025.12.18-18.58.11:349][220]Message dialog closed, result: Ok, title: Message, text: Failed to merge SkeletalMesh '3D_printer_Corpus'.
[2025.12.18-18.58.11:374][220]LogSkeletalMesh: USkeletalMeshComponent::InitArticulated : Could not find root physics body: '/Engine/Transient.World_99:PersistentLevel.SkeletalMeshActor_0.SkeletalMeshComponent0'
[2025.12.18-18.58.11:374][220]LogWorld: UWorld::CleanupWorld for World_99, bSessionEnded=true, bCleanupResources=true
[2025.12.18-18.58.11:374][220]LogSlate: InvalidateAllWidgets triggered.  All widgets were invalidated
[2025.12.18-18.58.11:378][220]LogSkeletalMesh: USkeletalMeshComponent::InitArticulated : Could not find root physics body: '/Engine/Transient.World_100:PersistentLevel.SkeletalMeshActor_0.SkeletalMeshComponent0'
[2025.12.18-18.58.11:378][220]LogWorld: UWorld::CleanupWorld for World_100, bSessionEnded=true, bCleanupResources=true
[2025.12.18-18.58.11:378][220]LogSlate: InvalidateAllWidgets triggered.  All widgets were invalidated
[2025.12.18-18.58.11:447][220]LogUObjectHash: Compacting FUObjectHashTables data took   5.87ms
[2025.12.18-18.58.11:657][220]LogUObjectHash: Compacting FUObjectHashTables data took   3.35ms
[2025.12.18-18.58.11:669][220]FBXImport: FBX File Loading: Found name clash, node 'Bone' was renamed to 'Bone1' 
[2025.12.18-18.58.11:669][220]FBXImport: FBX File Loading: Found name clash, node 'Bone' was renamed to 'Bone2' 
[2025.12.18-18.58.11:669][220]FBXImport: FBX File Loading: Found name clash, node 'Bone' was renamed to 'Bone3' 
[2025.12.18-18.58.11:670][220]FBXImport: FBX File Loading: Found name clash, node 'Bone' was renamed to 'Bone4' 
[2025.12.18-18.58.11:670][220]FBXImport: FBX File Loading: Found name clash, node 'Bone' was renamed to 'Bone5' 
[2025.12.18-18.58.11:670][220]FBXImport: FBX File Loading: Found name clash, node 'Bone' was renamed to 'Bone6' 
[2025.12.18-18.58.11:670][220]FBXImport: FBX File Loading: Found name clash, node 'Bone_end' was renamed to 'Bone_end7' 
[2025.12.18-18.58.11:670][220]FBXImport: FBX File Loading: Found name clash, node 'Bone_end' was renamed to 'Bone_end8' 
[2025.12.18-18.58.11:670][220]FBXImport: FBX File Loading: Found name clash, node 'Bone_end' was renamed to 'Bone_end9' 
[2025.12.18-18.58.11:670][220]FBXImport: FBX File Loading: Found name clash, node 'Bone_end' was renamed to 'Bone_end10' 
[2025.12.18-18.58.11:670][220]FBXImport: FBX File Loading: Found name clash, node 'Bone_end' was renamed to 'Bone_end11' 
[2025.12.18-18.58.11:670][220]FBXImport: FBX File Loading: Found name clash, node 'Bone_end' was renamed to 'Bone_end12' 
[2025.12.18-18.58.11:670][220]FBXImport: Warning: No smoothing group information was found in this FBX scene.  Please make sure to enable the 'Export Smoothing Groups' option in the FBX Exporter plug-in before exporting the file.  Even for tools that don't support smoothing groups, the FBX Exporter will generate appropriate smoothing data at export-time so that correct vertex normals can be inferred while importing. 
[2025.12.18-18.58.11:670][220]FBXImport: Warning: Could not find the bind pose.  It will use time 0 as bind pose. 
[2025.12.18-18.58.11:670][220]FBXImport: Warning: The bone size is too small to create Physics Asset '3D_printer_Table_PhysicsAsset' from Skeletal Mesh '3D_printer_Table'. You will have to create physics asset manually. 
[2025.12.18-18.58.11:670][220]FBXImport: Warning: Could not find the bind pose.  It will use time 0 as bind pose. 
[2025.12.18-18.58.11:670][220]FBXImport: Warning: The bone size is too small to create Physics Asset '3D_printer_Direction Z3_PhysicsAsset' from Skeletal Mesh '3D_printer_Direction Z3'. You will have to create physics asset manually. 
[2025.12.18-18.58.11:670][220]FBXImport: Warning: Could not find the bind pose.  It will use time 0 as bind pose. 
[2025.12.18-18.58.11:670][220]FBXImport: Warning: The bone size is too small to create Physics Asset '3D_printer_Direction Z2_PhysicsAsset' from Skeletal Mesh '3D_printer_Direction Z2'. You will have to create physics asset manually. 
[2025.12.18-18.58.11:670][220]FBXImport: Warning: Could not find the bind pose.  It will use time 0 as bind pose. 
[2025.12.18-18.58.11:670][220]FBXImport: Warning: The bone size is too small to create Physics Asset '3D_printer_Direction Z1_PhysicsAsset' from Skeletal Mesh '3D_printer_Direction Z1'. You will have to create physics asset manually. 
[2025.12.18-18.58.11:670][220]FBXImport: Warning: Could not find the bind pose.  It will use time 0 as bind pose. 
[2025.12.18-18.58.11:670][220]FBXImport: Warning: The bone size is too small to create Physics Asset '3D_printer_Extruder_PhysicsAsset' from Skeletal Mesh '3D_printer_Extruder'. You will have to create physics asset manually. 
[2025.12.18-18.58.11:670][220]FBXImport: Warning: Could not find the bind pose.  It will use time 0 as bind pose. 
[2025.12.18-18.58.11:670][220]FBXImport: Warning: Could not find the bind pose.  It will use time 0 as bind pose. 
[2025.12.18-18.58.11:670][220]FBXImport: Warning: The bone size is too small to create Physics Asset '3D_printer_Door_PhysicsAsset' from Skeletal Mesh '3D_printer_Door'. You will have to create physics asset manually. 
[2025.12.18-18.58.17:150][518]LogActor: Warning: SetReplicates called on non-initialized actor SkeletalMeshActor_18. Directly setting bReplicates is the correct procedure for pre-init actors.
[2025.12.18-18.58.18:004][569]LogActor: Warning: SetReplicates called on non-initialized actor SkeletalMeshActor_19. Directly setting bReplicates is the correct procedure for pre-init actors.
[2025.12.18-18.58.45:752][588]LogPackageName: Error: DoesPackageExist: DoesPackageExist FAILED: '/Game/Workplace/Meshes/3D_printer_Direction Z1_Skeleton' is not a standard unreal filename or a long path name. Reason: Name may not contain the following characters: ' '
[2025.12.18-18.58.45:752][588]LogPackageName: Error: DoesPackageExist: DoesPackageExist FAILED: '/Game/Workplace/Meshes/3D_printer_Direction Z2_Skeleton' is not a standard unreal filename or a long path name. Reason: Name may not contain the following characters: ' '
[2025.12.18-18.58.45:752][588]LogPackageName: Error: DoesPackageExist: DoesPackageExist FAILED: '/Game/Workplace/Meshes/3D_printer_Direction Z3_Skeleton' is not a standard unreal filename or a long path name. Reason: Name may not contain the following characters: ' '
[2025.12.18-18.58.45:768][588]LogUObjectHash: Compacting FUObjectHashTables data took   1.58ms
[2025.12.18-18.58.49:835][588]LogSlate: Window 'Delete Assets' being destroyed
[2025.12.18-18.58.50:865][588]LogUObjectGlobals: Force Deleting 15 Package(s):
	Asset Name: /Game/Workplace/Meshes/3D_printer.3D_printer_Corpus
	Asset Name: /Game/Workplace/Meshes/3D_printer_Corpus_PhysicsAsset.3D_printer_Corpus_PhysicsAsset
	Asset Name: /Game/Workplace/Meshes/3D_printer_Corpus_Skeleton.3D_printer_Corpus_Skeleton
	Asset Name: /Game/Workplace/Meshes/3D_printer.3D_printer_Direction Z1
	Asset Name: /Game/Workplace/Meshes/3D_printer.3D_printer_Direction Z2
	Asset Name: /Game/Workplace/Meshes/3D_printer_Direction Z1_Skeleton.3D_printer_Direction Z1_Skeleton
	Asset Name: /Game/Workplace/Meshes/3D_printer_Direction Z2_Skeleton.3D_printer_Direction Z2_Skeleton
	Asset Name: /Game/Workplace/Meshes/3D_printer.3D_printer_Direction Z3
	Asset Name: /Game/Workplace/Meshes/3D_printer_Direction Z3_Skeleton.3D_printer_Direction Z3_Skeleton
	Asset Name: /Game/Workplace/Meshes/3D_printer.3D_printer_Door
[2025.12.18-18.58.50:942][588]LogPackageName: Error: DoesPackageExist: DoesPackageExist FAILED: '/Game/Workplace/Meshes/3D_printer_Direction Z1_Skeleton' is not a standard unreal filename or a long path name. Reason: Name may not contain the following characters: ' '
[2025.12.18-18.58.50:943][588]LogPackageName: Error: DoesPackageExist: DoesPackageExist FAILED: '/Game/Workplace/Meshes/3D_printer_Direction Z2_Skeleton' is not a standard unreal filename or a long path name. Reason: Name may not contain the following characters: ' '
[2025.12.18-18.58.50:943][588]LogPackageName: Error: DoesPackageExist: DoesPackageExist FAILED: '/Game/Workplace/Meshes/3D_printer_Direction Z3_Skeleton' is not a standard unreal filename or a long path name. Reason: Name may not contain the following characters: ' '
[2025.12.18-18.58.52:497][588]LogPackageName: Error: DoesPackageExist: DoesPackageExist FAILED: '/Game/Workplace/Meshes/3D_printer_Direction Z3_Skeleton' is not a standard unreal filename or a long path name. Reason: Name may not contain the following characters: ' '
[2025.12.18-18.58.52:574][588]LogPackageName: Error: DoesPackageExist: DoesPackageExist FAILED: '/Game/Workplace/Meshes/3D_printer_Direction Z2_Skeleton' is not a standard unreal filename or a long path name. Reason: Name may not contain the following characters: ' '
[2025.12.18-18.58.52:648][588]LogPackageName: Error: DoesPackageExist: DoesPackageExist FAILED: '/Game/Workplace/Meshes/3D_printer_Direction Z1_Skeleton' is not a standard unreal filename or a long path name. Reason: Name may not contain the following characters: ' '
[2025.12.18-18.58.52:886][588]LogUObjectHash: Compacting FUObjectHashTables data took   1.31ms
[2025.12.18-18.58.54:743][695]LogEditorViewport: Clicking on Actor (LMB): BP_Sky_Sphere_C (Sky Sphere)
[2025.12.18-18.58.55:504][740]LogEditorViewport: Clicking on Actor (LMB): StaticMeshActor (Floor)
[2025.12.18-18.59.32:123][752]LogUObjectHash: Compacting FUObjectHashTables data took   0.41ms
[2025.12.18-18.59.32:164][752]LogSavePackage: Moving '../../../../../../WORKPLACE/Mini_laboratory/MEPhI_VR_term_1/Mini_laboratory/Saved/FirstLevel_Auto10205919A4B113CB3CEB7F38AE3E62187.tmp' to '../../../../../../WORKPLACE/Mini_laboratory/MEPhI_VR_term_1/Mini_laboratory/Saved/Autosaves/Game/Workplace/Maps/FirstLevel_Auto1.umap'
[2025.12.18-18.59.32:165][752]LogFileHelpers: Editor autosave (incl. external actors) for '/Game/Workplace/Maps/FirstLevel' took 0.059
[2025.12.18-18.59.32:165][752]LogFileHelpers: Editor autosave (incl. sublevels & external actors) for all levels took 0.059
[2025.12.18-18.59.32:167][752]LogSavePackage: Moving '../../../../../../WORKPLACE/Mini_laboratory/MEPhI_VR_term_1/Mini_laboratory/Saved/3D_printer_Auto1C0ECEF464F20C56609462CA23E3197B8.tmp' to '../../../../../../WORKPLACE/Mini_laboratory/MEPhI_VR_term_1/Mini_laboratory/Saved/Autosaves/Game/Workplace/Meshes/3D_printer_Auto1.uasset'
[2025.12.18-18.59.32:167][752]LogFileHelpers: Auto-saving content packages took 0.001
[2025.12.18-18.59.40:394][ 80]LogUObjectHash: Compacting FUObjectHashTables data took   0.51ms
[2025.12.18-18.59.40:431][ 80]LogUObjectHash: Compacting FUObjectHashTables data took   0.49ms
[2025.12.18-18.59.40:467][ 80]LogSavePackage: Moving '../../../../../../WORKPLACE/Mini_laboratory/MEPhI_VR_term_1/Mini_laboratory/Saved/FirstLevel24BEAA704BF2727AFD371C808E4748D2.tmp' to '../../../../../../WORKPLACE/Mini_laboratory/MEPhI_VR_term_1/Mini_laboratory/Content/Workplace/Maps/FirstLevel.umap'
[2025.12.18-18.59.40:472][ 80]LogFileHelpers: Saving map 'FirstLevel' took 0.056
[2025.12.18-18.59.40:610][ 80]LogUObjectHash: Compacting FUObjectHashTables data took   0.72ms
[2025.12.18-18.59.40:629][ 80]LogUObjectHash: Compacting FUObjectHashTables data took   1.23ms
[2025.12.18-18.59.40:643][ 80]LogUObjectHash: Compacting FUObjectHashTables data took   0.47ms
[2025.12.18-18.59.40:654][ 80]AssetCheck: New page: Asset Save: FirstLevel
[2025.12.18-18.59.40:655][ 80]LogContentValidation: Display: Validating World /Game/Workplace/Maps/FirstLevel.FirstLevel
[2025.12.18-18.59.51:470][300]LogFactory: FactoryCreateFile: StaticMesh with FbxFactory (0 0 D:\WORKPLACE\Mini_laboratory\MEPhI_VR_term_1\blender FBX\3D_printer.fbx)
[2025.12.18-18.59.51:476][300]LogFbx: Loading FBX Scene from D:\WORKPLACE\Mini_laboratory\MEPhI_VR_term_1\blender FBX\3D_printer.fbx
[2025.12.18-18.59.51:523][300]LogFbx: FBX Scene Loaded Succesfully
[2025.12.18-18.59.57:930][300]LogSlate: Window 'FBX Import Options' being destroyed
[2025.12.18-18.59.57:939][300]LogFbx: Display: Triangulating static mesh Table
[2025.12.18-18.59.57:943][300]LogFbx: Display: Triangulating static mesh Direction Z3
[2025.12.18-18.59.57:972][300]LogFbx: Display: Triangulating static mesh Direction Z2
[2025.12.18-18.59.57:973][300]LogFbx: Display: Triangulating static mesh Direction Z1
[2025.12.18-18.59.57:974][300]LogFbx: Display: Triangulating static mesh Extruder
[2025.12.18-18.59.57:978][300]LogFbx: Display: Triangulating static mesh Direction X
[2025.12.18-18.59.57:980][300]LogFbx: Display: Triangulating static mesh Corpus
[2025.12.18-18.59.57:990][300]LogFbx: Display: Triangulating static mesh Door
[2025.12.18-18.59.57:992][300]LogStaticMesh: Building static mesh 3D_printer...
[2025.12.18-18.59.58:006][300]LogStaticMesh: Built static mesh [0.01s] /Game/Workplace/Meshes/3D_printer.3D_printer
[2025.12.18-18.59.58:009][300]LogStaticMesh: Warning: 3D_printer has degenerate tangent bases which will result in incorrect shading.  MikkTSpace relies on tangent bases and may result in mesh corruption, consider disabling this option.
[2025.12.18-18.59.58:009][300]LogStaticMesh: Warning: 3D_printer has some nearly zero bi-normals which can create some issues. (Tolerance of 1E-4)
[2025.12.18-18.59.58:020][300]FBXImport: FBX File Loading: Found name clash, node 'Bone' was renamed to 'Bone1' 
[2025.12.18-18.59.58:020][300]FBXImport: FBX File Loading: Found name clash, node 'Bone' was renamed to 'Bone2' 
[2025.12.18-18.59.58:020][300]FBXImport: FBX File Loading: Found name clash, node 'Bone' was renamed to 'Bone3' 
[2025.12.18-18.59.58:020][300]FBXImport: FBX File Loading: Found name clash, node 'Bone' was renamed to 'Bone4' 
[2025.12.18-18.59.58:020][300]FBXImport: FBX File Loading: Found name clash, node 'Bone' was renamed to 'Bone5' 
[2025.12.18-18.59.58:020][300]FBXImport: FBX File Loading: Found name clash, node 'Bone' was renamed to 'Bone6' 
[2025.12.18-18.59.58:020][300]FBXImport: FBX File Loading: Found name clash, node 'Bone_end' was renamed to 'Bone_end7' 
[2025.12.18-18.59.58:020][300]FBXImport: FBX File Loading: Found name clash, node 'Bone_end' was renamed to 'Bone_end8' 
[2025.12.18-18.59.58:020][300]FBXImport: FBX File Loading: Found name clash, node 'Bone_end' was renamed to 'Bone_end9' 
[2025.12.18-18.59.58:020][300]FBXImport: FBX File Loading: Found name clash, node 'Bone_end' was renamed to 'Bone_end10' 
[2025.12.18-18.59.58:020][300]FBXImport: FBX File Loading: Found name clash, node 'Bone_end' was renamed to 'Bone_end11' 
[2025.12.18-18.59.58:020][300]FBXImport: FBX File Loading: Found name clash, node 'Bone_end' was renamed to 'Bone_end12' 
[2025.12.18-18.59.58:020][300]FBXImport: Warning: No smoothing group information was found in this FBX scene.  Please make sure to enable the 'Export Smoothing Groups' option in the FBX Exporter plug-in before exporting the file.  Even for tools that don't support smoothing groups, the FBX Exporter will generate appropriate smoothing data at export-time so that correct vertex normals can be inferred while importing. 
[2025.12.18-18.59.58:020][300]FBXImport: Warning: 3D_printer has degenerate tangent bases which will result in incorrect shading.  MikkTSpace relies on tangent bases and may result in mesh corruption, consider disabling this option. 
[2025.12.18-18.59.58:020][300]FBXImport: Warning: 3D_printer has some nearly zero bi-normals which can create some issues. (Tolerance of 1E-4) 
[2025.12.18-18.59.59:734][387]LogActorFactory: Actor Factory created 3D_printer
[2025.12.18-19.00.00:317][422]LogActorFactory: Actor Factory created 3D_printer
[2025.12.18-19.00.08:124][886]LogAssetEditorSubsystem: Opening Asset editor for StaticMesh /Game/Workplace/Meshes/3D_printer.3D_printer
[2025.12.18-19.00.28:222][ 26]LogSlate: Window '3D_printer' being destroyed
[2025.12.18-19.00.28:236][ 26]LogWorld: UWorld::CleanupWorld for World_101, bSessionEnded=true, bCleanupResources=true
[2025.12.18-19.00.28:236][ 26]LogSlate: InvalidateAllWidgets triggered.  All widgets were invalidated
[2025.12.18-19.00.33:728][214]LogEditorFactories: Performing atomic reimport of [D:/WORKPLACE/Mini_laboratory/MEPhI_VR_term_1/blender FBX/3D_printer.fbx]
[2025.12.18-19.00.33:744][214]LogFbx: Loading FBX Scene from D:/WORKPLACE/Mini_laboratory/MEPhI_VR_term_1/blender FBX/3D_printer.fbx
[2025.12.18-19.00.33:754][214]LogFbx: FBX Scene Loaded Succesfully
[2025.12.18-19.00.33:789][214]LogFbx: Display: Triangulating static mesh Table
[2025.12.18-19.00.33:802][214]LogFbx: Display: Triangulating static mesh Direction Z3
[2025.12.18-19.00.33:819][214]LogFbx: Display: Triangulating static mesh Direction Z2
[2025.12.18-19.00.33:838][214]LogFbx: Display: Triangulating static mesh Direction Z1
[2025.12.18-19.00.33:854][214]LogFbx: Display: Triangulating static mesh Extruder
[2025.12.18-19.00.33:886][214]LogFbx: Display: Triangulating static mesh Direction X
[2025.12.18-19.00.33:902][214]LogFbx: Display: Triangulating static mesh Corpus
[2025.12.18-19.00.33:937][214]LogFbx: Display: Triangulating static mesh Door
[2025.12.18-19.00.33:954][214]LogStaticMesh: Building static mesh 3D_printer...
[2025.12.18-19.00.33:968][214]LogStaticMesh: Built static mesh [0.01s] /Game/Workplace/Meshes/3D_printer.3D_printer
[2025.12.18-19.00.33:970][214]LogStaticMesh: Warning: 3D_printer has degenerate tangent bases which will result in incorrect shading.  MikkTSpace relies on tangent bases and may result in mesh corruption, consider disabling this option.
[2025.12.18-19.00.33:970][214]LogStaticMesh: Warning: 3D_printer has some nearly zero bi-normals which can create some issues. (Tolerance of 1E-4)
[2025.12.18-19.00.33:981][214]LogEditorFactories: -- imported successfully
[2025.12.18-19.00.33:984][214]FBXImport: FBX File Loading: Found name clash, node 'Bone' was renamed to 'Bone1' 
[2025.12.18-19.00.33:984][214]FBXImport: FBX File Loading: Found name clash, node 'Bone' was renamed to 'Bone2' 
[2025.12.18-19.00.33:984][214]FBXImport: FBX File Loading: Found name clash, node 'Bone' was renamed to 'Bone3' 
[2025.12.18-19.00.33:984][214]FBXImport: FBX File Loading: Found name clash, node 'Bone' was renamed to 'Bone4' 
[2025.12.18-19.00.33:984][214]FBXImport: FBX File Loading: Found name clash, node 'Bone' was renamed to 'Bone5' 
[2025.12.18-19.00.33:984][214]FBXImport: FBX File Loading: Found name clash, node 'Bone' was renamed to 'Bone6' 
[2025.12.18-19.00.33:984][214]FBXImport: FBX File Loading: Found name clash, node 'Bone_end' was renamed to 'Bone_end7' 
[2025.12.18-19.00.33:984][214]FBXImport: FBX File Loading: Found name clash, node 'Bone_end' was renamed to 'Bone_end8' 
[2025.12.18-19.00.33:984][214]FBXImport: FBX File Loading: Found name clash, node 'Bone_end' was renamed to 'Bone_end9' 
[2025.12.18-19.00.33:984][214]FBXImport: FBX File Loading: Found name clash, node 'Bone_end' was renamed to 'Bone_end10' 
[2025.12.18-19.00.33:984][214]FBXImport: FBX File Loading: Found name clash, node 'Bone_end' was renamed to 'Bone_end11' 
[2025.12.18-19.00.33:984][214]FBXImport: FBX File Loading: Found name clash, node 'Bone_end' was renamed to 'Bone_end12' 
[2025.12.18-19.00.33:984][214]FBXImport: Warning: No smoothing group information was found in this FBX scene.  Please make sure to enable the 'Export Smoothing Groups' option in the FBX Exporter plug-in before exporting the file.  Even for tools that don't support smoothing groups, the FBX Exporter will generate appropriate smoothing data at export-time so that correct vertex normals can be inferred while importing. 
[2025.12.18-19.00.33:984][214]FBXImport: Warning: 3D_printer has degenerate tangent bases which will result in incorrect shading.  MikkTSpace relies on tangent bases and may result in mesh corruption, consider disabling this option. 
[2025.12.18-19.00.33:984][214]FBXImport: Warning: 3D_printer has some nearly zero bi-normals which can create some issues. (Tolerance of 1E-4) 
[2025.12.18-19.00.37:725][416]LogUObjectHash: Compacting FUObjectHashTables data took   2.79ms
[2025.12.18-19.00.38:902][416]LogSlate: Window 'Delete Assets' being destroyed
[2025.12.18-19.00.40:199][416]LogUObjectGlobals: Force Deleting 1 Package(s):
	Asset Name: /Game/Workplace/Meshes/3D_printer.3D_printer
[2025.12.18-19.00.40:658][416]LogUObjectHash: Compacting FUObjectHashTables data took   1.97ms
[2025.12.18-19.00.45:007][525]LogFactory: FactoryCreateFile: StaticMesh with FbxFactory (0 0 D:\WORKPLACE\Mini_laboratory\MEPhI_VR_term_1\blender FBX\3D_printer.fbx)
[2025.12.18-19.00.45:014][525]LogFbx: Loading FBX Scene from D:\WORKPLACE\Mini_laboratory\MEPhI_VR_term_1\blender FBX\3D_printer.fbx
[2025.12.18-19.00.45:024][525]LogFbx: FBX Scene Loaded Succesfully
[2025.12.18-19.03.04:373][525]LogSlate: Window 'FBX Import Options' being destroyed
[2025.12.18-19.03.04:384][525]LogFbx: Triangulating skeletal mesh Table
[2025.12.18-19.03.04:387][525]LogFbx: Warning: Bones digested - 4  Depth of hierarchy - 3
[2025.12.18-19.03.04:389][525]LogSkeletalMesh: Section 0: Material=0, 192 triangles
[2025.12.18-19.03.04:414][525]LogSkeletalMesh: Building Skeletal Mesh 3D_printer_Table...
[2025.12.18-19.03.04:415][525]LogSkeletalMesh: Section 0: Material=0, 192 triangles
[2025.12.18-19.03.04:416][525]LogSkeletalMesh: Built Skeletal Mesh [0.03s] /Game/Workplace/Meshes/3D_printer.3D_printer_Table
[2025.12.18-19.03.04:420][525]LogSkeletalMesh: USkeletalMeshComponent::InitArticulated : Could not find root physics body: '/Engine/Transient.World_102:PersistentLevel.SkeletalMeshActor_0.SkeletalMeshComponent0'
[2025.12.18-19.03.04:420][525]LogWorld: UWorld::CleanupWorld for World_102, bSessionEnded=true, bCleanupResources=true
[2025.12.18-19.03.04:420][525]LogSlate: InvalidateAllWidgets triggered.  All widgets were invalidated
[2025.12.18-19.03.04:430][525]LogSkeletalMesh: USkeletalMeshComponent::InitArticulated : Could not find root physics body: '/Engine/Transient.World_103:PersistentLevel.SkeletalMeshActor_0.SkeletalMeshComponent0'
[2025.12.18-19.03.04:430][525]LogWorld: UWorld::CleanupWorld for World_103, bSessionEnded=true, bCleanupResources=true
[2025.12.18-19.03.04:431][525]LogSlate: InvalidateAllWidgets triggered.  All widgets were invalidated
[2025.12.18-19.03.04:493][525]LogUObjectHash: Compacting FUObjectHashTables data took   2.51ms
[2025.12.18-19.03.04:690][525]LogUObjectHash: Compacting FUObjectHashTables data took   2.01ms
[2025.12.18-19.03.04:703][525]LogFbx: Triangulating skeletal mesh Direction Z3
[2025.12.18-19.03.04:704][525]LogFbx: Warning: Bones digested - 4  Depth of hierarchy - 3
[2025.12.18-19.03.04:705][525]LogSkeletalMesh: Section 0: Material=0, 76 triangles
[2025.12.18-19.03.04:706][525]LogSkeletalMesh: Building Skeletal Mesh 3D_printer_Direction Z3...
[2025.12.18-19.03.04:707][525]LogSkeletalMesh: Section 0: Material=0, 76 triangles
[2025.12.18-19.03.04:707][525]LogSkeletalMesh: Built Skeletal Mesh [0.00s] /Game/Workplace/Meshes/3D_printer.3D_printer_Direction Z3
[2025.12.18-19.03.04:707][525]LogPackageName: Error: DoesPackageExist: DoesPackageExist FAILED: '/Game/Workplace/Meshes/3D_printer_Direction Z3_Skeleton' is not a standard unreal filename or a long path name. Reason: Name may not contain the following characters: ' '
[2025.12.18-19.03.04:707][525]LogPackageName: Error: DoesPackageExist: DoesPackageExist FAILED: '/Game/Workplace/Meshes/3D_printer_Direction Z3_Skeleton' is not a standard unreal filename or a long path name. Reason: Name may not contain the following characters: ' '
[2025.12.18-19.03.04:707][525]LogLinker: Error: AddRedirectList(AddKnownMissing) failed to add redirector from /Game/Workplace/Meshes/3D_printer_Direction Z3_Skeleton to /Game/Workplace/Meshes/3D_printer_Direction Z3_Skeleton with invalid characters!
[2025.12.18-19.03.04:707][525]LogPackageName: Error: DoesPackageExist: DoesPackageExist FAILED: '/Game/Workplace/Meshes/3D_printer_Direction Z3_PhysicsAsset' is not a standard unreal filename or a long path name. Reason: Name may not contain the following characters: ' '
[2025.12.18-19.03.04:707][525]LogPackageName: Error: DoesPackageExist: DoesPackageExist FAILED: '/Game/Workplace/Meshes/3D_printer_Direction Z3_PhysicsAsset' is not a standard unreal filename or a long path name. Reason: Name may not contain the following characters: ' '
[2025.12.18-19.03.04:708][525]LogLinker: Error: AddRedirectList(AddKnownMissing) failed to add redirector from /Game/Workplace/Meshes/3D_printer_Direction Z3_PhysicsAsset to /Game/Workplace/Meshes/3D_printer_Direction Z3_PhysicsAsset with invalid characters!
[2025.12.18-19.03.04:709][525]LogSkeletalMesh: USkeletalMeshComponent::InitArticulated : Could not find root physics body: '/Engine/Transient.World_104:PersistentLevel.SkeletalMeshActor_0.SkeletalMeshComponent0'
[2025.12.18-19.03.04:709][525]LogWorld: UWorld::CleanupWorld for World_104, bSessionEnded=true, bCleanupResources=true
[2025.12.18-19.03.04:709][525]LogSlate: InvalidateAllWidgets triggered.  All widgets were invalidated
[2025.12.18-19.03.04:713][525]LogSkeletalMesh: USkeletalMeshComponent::InitArticulated : Could not find root physics body: '/Engine/Transient.World_105:PersistentLevel.SkeletalMeshActor_0.SkeletalMeshComponent0'
[2025.12.18-19.03.04:713][525]LogWorld: UWorld::CleanupWorld for World_105, bSessionEnded=true, bCleanupResources=true
[2025.12.18-19.03.04:713][525]LogSlate: InvalidateAllWidgets triggered.  All widgets were invalidated
[2025.12.18-19.03.04:716][525]LogPackageName: Error: DoesPackageExist: DoesPackageExist FAILED: '/Game/Workplace/Meshes/3D_printer_Direction Z3_PhysicsAsset' is not a standard unreal filename or a long path name. Reason: Name may not contain the following characters: ' '
[2025.12.18-19.03.04:729][525]LogUObjectHash: Compacting FUObjectHashTables data took   1.33ms
[2025.12.18-19.03.04:858][525]LogPackageName: Error: DoesPackageExist: DoesPackageExist FAILED: '/Game/Workplace/Meshes/3D_printer_Direction Z3_PhysicsAsset' is not a standard unreal filename or a long path name. Reason: Name may not contain the following characters: ' '
[2025.12.18-19.03.04:858][525]LogPackageName: Error: DoesPackageExist: DoesPackageExist FAILED: '/Game/Workplace/Meshes/3D_printer_Direction Z3_PhysicsAsset' is not a standard unreal filename or a long path name. Reason: Name may not contain the following characters: ' '
[2025.12.18-19.03.04:870][525]LogUObjectHash: Compacting FUObjectHashTables data took   0.98ms
[2025.12.18-19.03.04:881][525]LogFbx: Triangulating skeletal mesh Direction Z2
[2025.12.18-19.03.04:882][525]LogFbx: Warning: Bones digested - 4  Depth of hierarchy - 3
[2025.12.18-19.03.04:882][525]LogSkeletalMesh: Section 0: Material=0, 76 triangles
[2025.12.18-19.03.04:883][525]LogSkeletalMesh: Building Skeletal Mesh 3D_printer_Direction Z2...
[2025.12.18-19.03.04:884][525]LogSkeletalMesh: Section 0: Material=0, 76 triangles
[2025.12.18-19.03.04:884][525]LogSkeletalMesh: Built Skeletal Mesh [0.00s] /Game/Workplace/Meshes/3D_printer.3D_printer_Direction Z2
[2025.12.18-19.03.04:884][525]LogPackageName: Error: DoesPackageExist: DoesPackageExist FAILED: '/Game/Workplace/Meshes/3D_printer_Direction Z2_Skeleton' is not a standard unreal filename or a long path name. Reason: Name may not contain the following characters: ' '
[2025.12.18-19.03.04:884][525]LogPackageName: Error: DoesPackageExist: DoesPackageExist FAILED: '/Game/Workplace/Meshes/3D_printer_Direction Z2_Skeleton' is not a standard unreal filename or a long path name. Reason: Name may not contain the following characters: ' '
[2025.12.18-19.03.04:884][525]LogLinker: Error: AddRedirectList(AddKnownMissing) failed to add redirector from /Game/Workplace/Meshes/3D_printer_Direction Z2_Skeleton to /Game/Workplace/Meshes/3D_printer_Direction Z2_Skeleton with invalid characters!
[2025.12.18-19.03.04:885][525]LogPackageName: Error: DoesPackageExist: DoesPackageExist FAILED: '/Game/Workplace/Meshes/3D_printer_Direction Z2_PhysicsAsset' is not a standard unreal filename or a long path name. Reason: Name may not contain the following characters: ' '
[2025.12.18-19.03.04:885][525]LogPackageName: Error: DoesPackageExist: DoesPackageExist FAILED: '/Game/Workplace/Meshes/3D_printer_Direction Z2_PhysicsAsset' is not a standard unreal filename or a long path name. Reason: Name may not contain the following characters: ' '
[2025.12.18-19.03.04:885][525]LogLinker: Error: AddRedirectList(AddKnownMissing) failed to add redirector from /Game/Workplace/Meshes/3D_printer_Direction Z2_PhysicsAsset to /Game/Workplace/Meshes/3D_printer_Direction Z2_PhysicsAsset with invalid characters!
[2025.12.18-19.03.04:887][525]LogSkeletalMesh: USkeletalMeshComponent::InitArticulated : Could not find root physics body: '/Engine/Transient.World_106:PersistentLevel.SkeletalMeshActor_0.SkeletalMeshComponent0'
[2025.12.18-19.03.04:887][525]LogWorld: UWorld::CleanupWorld for World_106, bSessionEnded=true, bCleanupResources=true
[2025.12.18-19.03.04:887][525]LogSlate: InvalidateAllWidgets triggered.  All widgets were invalidated
[2025.12.18-19.03.04:891][525]LogSkeletalMesh: USkeletalMeshComponent::InitArticulated : Could not find root physics body: '/Engine/Transient.World_107:PersistentLevel.SkeletalMeshActor_0.SkeletalMeshComponent0'
[2025.12.18-19.03.04:891][525]LogWorld: UWorld::CleanupWorld for World_107, bSessionEnded=true, bCleanupResources=true
[2025.12.18-19.03.04:891][525]LogSlate: InvalidateAllWidgets triggered.  All widgets were invalidated
[2025.12.18-19.03.04:893][525]LogPackageName: Error: DoesPackageExist: DoesPackageExist FAILED: '/Game/Workplace/Meshes/3D_printer_Direction Z2_PhysicsAsset' is not a standard unreal filename or a long path name. Reason: Name may not contain the following characters: ' '
[2025.12.18-19.03.04:907][525]LogUObjectHash: Compacting FUObjectHashTables data took   1.39ms
[2025.12.18-19.03.05:032][525]LogPackageName: Error: DoesPackageExist: DoesPackageExist FAILED: '/Game/Workplace/Meshes/3D_printer_Direction Z2_PhysicsAsset' is not a standard unreal filename or a long path name. Reason: Name may not contain the following characters: ' '
[2025.12.18-19.03.05:032][525]LogPackageName: Error: DoesPackageExist: DoesPackageExist FAILED: '/Game/Workplace/Meshes/3D_printer_Direction Z2_PhysicsAsset' is not a standard unreal filename or a long path name. Reason: Name may not contain the following characters: ' '
[2025.12.18-19.03.05:043][525]LogUObjectHash: Compacting FUObjectHashTables data took   0.73ms
[2025.12.18-19.03.05:053][525]LogFbx: Triangulating skeletal mesh Direction Z1
[2025.12.18-19.03.05:054][525]LogFbx: Warning: Bones digested - 4  Depth of hierarchy - 3
[2025.12.18-19.03.05:055][525]LogSkeletalMesh: Section 0: Material=0, 76 triangles
[2025.12.18-19.03.05:056][525]LogSkeletalMesh: Building Skeletal Mesh 3D_printer_Direction Z1...
[2025.12.18-19.03.05:057][525]LogSkeletalMesh: Section 0: Material=0, 76 triangles
[2025.12.18-19.03.05:058][525]LogSkeletalMesh: Built Skeletal Mesh [0.00s] /Game/Workplace/Meshes/3D_printer.3D_printer_Direction Z1
[2025.12.18-19.03.05:058][525]LogPackageName: Error: DoesPackageExist: DoesPackageExist FAILED: '/Game/Workplace/Meshes/3D_printer_Direction Z1_Skeleton' is not a standard unreal filename or a long path name. Reason: Name may not contain the following characters: ' '
[2025.12.18-19.03.05:058][525]LogPackageName: Error: DoesPackageExist: DoesPackageExist FAILED: '/Game/Workplace/Meshes/3D_printer_Direction Z1_Skeleton' is not a standard unreal filename or a long path name. Reason: Name may not contain the following characters: ' '
[2025.12.18-19.03.05:058][525]LogLinker: Error: AddRedirectList(AddKnownMissing) failed to add redirector from /Game/Workplace/Meshes/3D_printer_Direction Z1_Skeleton to /Game/Workplace/Meshes/3D_printer_Direction Z1_Skeleton with invalid characters!
[2025.12.18-19.03.05:059][525]LogPackageName: Error: DoesPackageExist: DoesPackageExist FAILED: '/Game/Workplace/Meshes/3D_printer_Direction Z1_PhysicsAsset' is not a standard unreal filename or a long path name. Reason: Name may not contain the following characters: ' '
[2025.12.18-19.03.05:059][525]LogPackageName: Error: DoesPackageExist: DoesPackageExist FAILED: '/Game/Workplace/Meshes/3D_printer_Direction Z1_PhysicsAsset' is not a standard unreal filename or a long path name. Reason: Name may not contain the following characters: ' '
[2025.12.18-19.03.05:059][525]LogLinker: Error: AddRedirectList(AddKnownMissing) failed to add redirector from /Game/Workplace/Meshes/3D_printer_Direction Z1_PhysicsAsset to /Game/Workplace/Meshes/3D_printer_Direction Z1_PhysicsAsset with invalid characters!
[2025.12.18-19.03.05:062][525]LogSkeletalMesh: USkeletalMeshComponent::InitArticulated : Could not find root physics body: '/Engine/Transient.World_108:PersistentLevel.SkeletalMeshActor_0.SkeletalMeshComponent0'
[2025.12.18-19.03.05:062][525]LogWorld: UWorld::CleanupWorld for World_108, bSessionEnded=true, bCleanupResources=true
[2025.12.18-19.03.05:062][525]LogSlate: InvalidateAllWidgets triggered.  All widgets were invalidated
[2025.12.18-19.03.05:066][525]LogSkeletalMesh: USkeletalMeshComponent::InitArticulated : Could not find root physics body: '/Engine/Transient.World_109:PersistentLevel.SkeletalMeshActor_0.SkeletalMeshComponent0'
[2025.12.18-19.03.05:066][525]LogWorld: UWorld::CleanupWorld for World_109, bSessionEnded=true, bCleanupResources=true
[2025.12.18-19.03.05:066][525]LogSlate: InvalidateAllWidgets triggered.  All widgets were invalidated
[2025.12.18-19.03.05:068][525]LogPackageName: Error: DoesPackageExist: DoesPackageExist FAILED: '/Game/Workplace/Meshes/3D_printer_Direction Z1_PhysicsAsset' is not a standard unreal filename or a long path name. Reason: Name may not contain the following characters: ' '
[2025.12.18-19.03.05:083][525]LogUObjectHash: Compacting FUObjectHashTables data took   1.32ms
[2025.12.18-19.03.05:210][525]LogPackageName: Error: DoesPackageExist: DoesPackageExist FAILED: '/Game/Workplace/Meshes/3D_printer_Direction Z1_PhysicsAsset' is not a standard unreal filename or a long path name. Reason: Name may not contain the following characters: ' '
[2025.12.18-19.03.05:210][525]LogPackageName: Error: DoesPackageExist: DoesPackageExist FAILED: '/Game/Workplace/Meshes/3D_printer_Direction Z1_PhysicsAsset' is not a standard unreal filename or a long path name. Reason: Name may not contain the following characters: ' '
[2025.12.18-19.03.05:222][525]LogUObjectHash: Compacting FUObjectHashTables data took   0.79ms
[2025.12.18-19.03.05:231][525]LogFbx: Triangulating skeletal mesh Extruder
[2025.12.18-19.03.05:235][525]LogFbx: Triangulating skeletal mesh Direction X
[2025.12.18-19.03.05:236][525]LogFbx: Warning: Bones digested - 8  Depth of hierarchy - 4
[2025.12.18-19.03.05:239][525]LogSkeletalMesh: Section 0: Material=0, 392 triangles
[2025.12.18-19.03.05:240][525]LogSkeletalMesh: Building Skeletal Mesh 3D_printer_Extruder...
[2025.12.18-19.03.05:243][525]LogSkeletalMesh: Section 0: Material=0, 392 triangles
[2025.12.18-19.03.05:243][525]LogSkeletalMesh: Built Skeletal Mesh [0.00s] /Game/Workplace/Meshes/3D_printer.3D_printer_Extruder
[2025.12.18-19.03.05:247][525]LogSkeletalMesh: USkeletalMeshComponent::InitArticulated : Could not find root physics body: '/Engine/Transient.World_110:PersistentLevel.SkeletalMeshActor_0.SkeletalMeshComponent0'
[2025.12.18-19.03.05:247][525]LogWorld: UWorld::CleanupWorld for World_110, bSessionEnded=true, bCleanupResources=true
[2025.12.18-19.03.05:247][525]LogSlate: InvalidateAllWidgets triggered.  All widgets were invalidated
[2025.12.18-19.03.05:252][525]LogSkeletalMesh: USkeletalMeshComponent::InitArticulated : Could not find root physics body: '/Engine/Transient.World_111:PersistentLevel.SkeletalMeshActor_0.SkeletalMeshComponent0'
[2025.12.18-19.03.05:252][525]LogWorld: UWorld::CleanupWorld for World_111, bSessionEnded=true, bCleanupResources=true
[2025.12.18-19.03.05:252][525]LogSlate: InvalidateAllWidgets triggered.  All widgets were invalidated
[2025.12.18-19.03.05:268][525]LogUObjectHash: Compacting FUObjectHashTables data took   1.54ms
[2025.12.18-19.03.05:408][525]LogUObjectHash: Compacting FUObjectHashTables data took   0.74ms
[2025.12.18-19.03.05:417][525]LogFbx: Triangulating skeletal mesh Corpus
[2025.12.18-19.03.05:425][525]LogFbx: Warning: Bones digested - 3  Depth of hierarchy - 2
[2025.12.18-19.03.05:431][525]LogSkeletalMesh: Section 0: Material=0, 670 triangles
[2025.12.18-19.03.05:432][525]LogSkeletalMesh: Building Skeletal Mesh 3D_printer_Corpus...
[2025.12.18-19.03.05:437][525]LogSkeletalMesh: Section 0: Material=0, 670 triangles
[2025.12.18-19.03.05:439][525]LogSkeletalMesh: Built Skeletal Mesh [0.01s] /Game/Workplace/Meshes/3D_printer.3D_printer_Corpus
[2025.12.18-19.03.05:443][525]LogSkeletalMesh: USkeletalMeshComponent::InitArticulated : Could not find root physics body: '/Engine/Transient.World_112:PersistentLevel.SkeletalMeshActor_0.SkeletalMeshComponent0'
[2025.12.18-19.03.05:443][525]LogWorld: UWorld::CleanupWorld for World_112, bSessionEnded=true, bCleanupResources=true
[2025.12.18-19.03.05:443][525]LogSlate: InvalidateAllWidgets triggered.  All widgets were invalidated
[2025.12.18-19.03.05:447][525]LogWorld: UWorld::CleanupWorld for World_113, bSessionEnded=true, bCleanupResources=true
[2025.12.18-19.03.05:447][525]LogSlate: InvalidateAllWidgets triggered.  All widgets were invalidated
[2025.12.18-19.03.05:461][525]LogFbx: Triangulating skeletal mesh Door
[2025.12.18-19.03.05:462][525]LogFbx: Warning: Bones digested - 1  Depth of hierarchy - 1
[2025.12.18-19.03.05:462][525]LogSkeletalMesh: Section 0: Material=0, 48 triangles
[2025.12.18-19.03.05:463][525]LogSkeletalMesh: Building Skeletal Mesh 3D_printer_Door...
[2025.12.18-19.03.05:463][525]LogSkeletalMesh: Section 0: Material=0, 48 triangles
[2025.12.18-19.03.05:463][525]LogSkeletalMesh: Built Skeletal Mesh [0.00s] /Game/Workplace/Meshes/3D_printer.3D_printer_Door
[2025.12.18-19.03.05:466][525]LogSkeletalMesh: USkeletalMeshComponent::InitArticulated : Could not find root physics body: '/Engine/Transient.World_114:PersistentLevel.SkeletalMeshActor_0.SkeletalMeshComponent0'
[2025.12.18-19.03.05:466][525]LogWorld: UWorld::CleanupWorld for World_114, bSessionEnded=true, bCleanupResources=true
[2025.12.18-19.03.05:466][525]LogSlate: InvalidateAllWidgets triggered.  All widgets were invalidated
[2025.12.18-19.03.05:474][525]LogSkeletalMesh: USkeletalMeshComponent::InitArticulated : Could not find root physics body: '/Engine/Transient.World_115:PersistentLevel.SkeletalMeshActor_0.SkeletalMeshComponent0'
[2025.12.18-19.03.05:474][525]LogWorld: UWorld::CleanupWorld for World_115, bSessionEnded=true, bCleanupResources=true
[2025.12.18-19.03.05:474][525]LogSlate: InvalidateAllWidgets triggered.  All widgets were invalidated
[2025.12.18-19.03.05:493][525]LogUObjectHash: Compacting FUObjectHashTables data took   1.31ms
[2025.12.18-19.03.05:630][525]LogUObjectHash: Compacting FUObjectHashTables data took   1.17ms
[2025.12.18-19.03.05:642][525]FBXImport: FBX File Loading: Found name clash, node 'Bone' was renamed to 'Bone1' 
[2025.12.18-19.03.05:642][525]FBXImport: FBX File Loading: Found name clash, node 'Bone' was renamed to 'Bone2' 
[2025.12.18-19.03.05:642][525]FBXImport: FBX File Loading: Found name clash, node 'Bone' was renamed to 'Bone3' 
[2025.12.18-19.03.05:642][525]FBXImport: FBX File Loading: Found name clash, node 'Bone' was renamed to 'Bone4' 
[2025.12.18-19.03.05:642][525]FBXImport: FBX File Loading: Found name clash, node 'Bone' was renamed to 'Bone5' 
[2025.12.18-19.03.05:642][525]FBXImport: FBX File Loading: Found name clash, node 'Bone' was renamed to 'Bone6' 
[2025.12.18-19.03.05:642][525]FBXImport: FBX File Loading: Found name clash, node 'Bone_end' was renamed to 'Bone_end7' 
[2025.12.18-19.03.05:642][525]FBXImport: FBX File Loading: Found name clash, node 'Bone_end' was renamed to 'Bone_end8' 
[2025.12.18-19.03.05:642][525]FBXImport: FBX File Loading: Found name clash, node 'Bone_end' was renamed to 'Bone_end9' 
[2025.12.18-19.03.05:642][525]FBXImport: FBX File Loading: Found name clash, node 'Bone_end' was renamed to 'Bone_end10' 
[2025.12.18-19.03.05:642][525]FBXImport: FBX File Loading: Found name clash, node 'Bone_end' was renamed to 'Bone_end11' 
[2025.12.18-19.03.05:642][525]FBXImport: FBX File Loading: Found name clash, node 'Bone_end' was renamed to 'Bone_end12' 
[2025.12.18-19.03.05:642][525]FBXImport: Warning: No smoothing group information was found in this FBX scene.  Please make sure to enable the 'Export Smoothing Groups' option in the FBX Exporter plug-in before exporting the file.  Even for tools that don't support smoothing groups, the FBX Exporter will generate appropriate smoothing data at export-time so that correct vertex normals can be inferred while importing. 
[2025.12.18-19.03.05:642][525]FBXImport: Warning: Could not find the bind pose.  It will use time 0 as bind pose. 
[2025.12.18-19.03.05:642][525]FBXImport: Warning: The bone size is too small to create Physics Asset '3D_printer_Table_PhysicsAsset' from Skeletal Mesh '3D_printer_Table'. You will have to create physics asset manually. 
[2025.12.18-19.03.05:642][525]FBXImport: Warning: Could not find the bind pose.  It will use time 0 as bind pose. 
[2025.12.18-19.03.05:642][525]FBXImport: Warning: The bone size is too small to create Physics Asset '3D_printer_Direction Z3_PhysicsAsset' from Skeletal Mesh '3D_printer_Direction Z3'. You will have to create physics asset manually. 
[2025.12.18-19.03.05:642][525]FBXImport: Warning: Could not find the bind pose.  It will use time 0 as bind pose. 
[2025.12.18-19.03.05:642][525]FBXImport: Warning: The bone size is too small to create Physics Asset '3D_printer_Direction Z2_PhysicsAsset' from Skeletal Mesh '3D_printer_Direction Z2'. You will have to create physics asset manually. 
[2025.12.18-19.03.05:642][525]FBXImport: Warning: Could not find the bind pose.  It will use time 0 as bind pose. 
[2025.12.18-19.03.05:642][525]FBXImport: Warning: The bone size is too small to create Physics Asset '3D_printer_Direction Z1_PhysicsAsset' from Skeletal Mesh '3D_printer_Direction Z1'. You will have to create physics asset manually. 
[2025.12.18-19.03.05:642][525]FBXImport: Warning: Could not find the bind pose.  It will use time 0 as bind pose. 
[2025.12.18-19.03.05:642][525]FBXImport: Warning: The bone size is too small to create Physics Asset '3D_printer_Extruder_PhysicsAsset' from Skeletal Mesh '3D_printer_Extruder'. You will have to create physics asset manually. 
[2025.12.18-19.03.05:642][525]FBXImport: Warning: Could not find the bind pose.  It will use time 0 as bind pose. 
[2025.12.18-19.03.05:642][525]FBXImport: Warning: Could not find the bind pose.  It will use time 0 as bind pose. 
[2025.12.18-19.03.05:642][525]FBXImport: Warning: The bone size is too small to create Physics Asset '3D_printer_Door_PhysicsAsset' from Skeletal Mesh '3D_printer_Door'. You will have to create physics asset manually. 
[2025.12.18-19.03.05:694][525]LogPackageName: Error: DoesPackageExist: DoesPackageExist FAILED: '/Game/Workplace/Meshes/3D_printer_Direction Z3_Skeleton' is not a standard unreal filename or a long path name. Reason: Name may not contain the following characters: ' '
[2025.12.18-19.03.05:695][525]LogPackageName: Error: DoesPackageExist: DoesPackageExist FAILED: '/Game/Workplace/Meshes/3D_printer_Direction Z2_Skeleton' is not a standard unreal filename or a long path name. Reason: Name may not contain the following characters: ' '
[2025.12.18-19.03.05:695][525]LogPackageName: Error: DoesPackageExist: DoesPackageExist FAILED: '/Game/Workplace/Meshes/3D_printer_Direction Z1_Skeleton' is not a standard unreal filename or a long path name. Reason: Name may not contain the following characters: ' '
[2025.12.18-19.03.05:725][527]LogPackageName: Error: DoesPackageExist: DoesPackageExist FAILED: '/Game/Workplace/Meshes/3D_printer_Direction Z1_Skeleton' is not a standard unreal filename or a long path name. Reason: Name may not contain the following characters: ' '
[2025.12.18-19.03.05:726][527]LogPackageName: Error: DoesPackageExist: DoesPackageExist FAILED: '/Game/Workplace/Meshes/3D_printer_Direction Z2_Skeleton' is not a standard unreal filename or a long path name. Reason: Name may not contain the following characters: ' '
[2025.12.18-19.03.05:727][527]LogPackageName: Error: DoesPackageExist: DoesPackageExist FAILED: '/Game/Workplace/Meshes/3D_printer_Direction Z3_Skeleton' is not a standard unreal filename or a long path name. Reason: Name may not contain the following characters: ' '
[2025.12.18-19.03.05:732][528]LogPackageName: Error: DoesPackageExist: DoesPackageExist FAILED: '/Game/Workplace/Meshes/3D_printer_Direction Z3_Skeleton' is not a standard unreal filename or a long path name. Reason: Name may not contain the following characters: ' '
[2025.12.18-19.03.05:733][528]LogPackageName: Error: DoesPackageExist: DoesPackageExist FAILED: '/Game/Workplace/Meshes/3D_printer_Direction Z2_Skeleton' is not a standard unreal filename or a long path name. Reason: Name may not contain the following characters: ' '
[2025.12.18-19.03.05:733][528]LogPackageName: Error: DoesPackageExist: DoesPackageExist FAILED: '/Game/Workplace/Meshes/3D_printer_Direction Z1_Skeleton' is not a standard unreal filename or a long path name. Reason: Name may not contain the following characters: ' '
[2025.12.18-19.03.11:529][859]LogEditorViewport: Clicking on Actor (LMB): SkeletalMeshActor (3D_printer_Door)
[2025.12.18-19.03.12:229][901]LogEditorViewport: Clicking on Actor (context menu): SkeletalMeshActor (3D_printer_Door)
[2025.12.18-19.03.14:388][ 19]LogEditorViewport: Clicking on Actor (LMB): StaticMeshActor (Floor)
[2025.12.18-19.03.15:599][ 90]LogEditorViewport: Clicking on Actor (LMB): SkeletalMeshActor (3D_printer_Door)
[2025.12.18-19.03.16:711][154]Cmd: DELETE
[2025.12.18-19.03.16:712][154]Cmd: ACTOR DELETE
[2025.12.18-19.03.16:715][154]LogEditorActor: Deleted Actor: SkeletalMeshActor
[2025.12.18-19.03.16:766][154]LogUObjectHash: Compacting FUObjectHashTables data took   6.31ms
[2025.12.18-19.03.16:772][154]LogEditorActor: Deleted 1 Actors (0.060 secs)
[2025.12.18-19.03.58:102][597]LogUObjectHash: Compacting FUObjectHashTables data took   1.38ms
[2025.12.18-19.03.59:469][597]LogSlate: Window 'Save Content' being destroyed
[2025.12.18-19.04.11:746][294]LogPackageName: Error: DoesPackageExist: DoesPackageExist FAILED: '/Game/Workplace/Meshes/3D_printer_Direction Z1_Skeleton' is not a standard unreal filename or a long path name. Reason: Name may not contain the following characters: ' '
[2025.12.18-19.04.11:746][294]LogPackageName: Error: DoesPackageExist: DoesPackageExist FAILED: '/Game/Workplace/Meshes/3D_printer_Direction Z2_Skeleton' is not a standard unreal filename or a long path name. Reason: Name may not contain the following characters: ' '
[2025.12.18-19.04.11:746][294]LogPackageName: Error: DoesPackageExist: DoesPackageExist FAILED: '/Game/Workplace/Meshes/3D_printer_Direction Z3_Skeleton' is not a standard unreal filename or a long path name. Reason: Name may not contain the following characters: ' '
[2025.12.18-19.04.11:762][294]LogUObjectHash: Compacting FUObjectHashTables data took   1.31ms
[2025.12.18-19.04.15:454][294]LogSlate: Window 'Delete Assets' being destroyed
[2025.12.18-19.04.16:468][294]LogUObjectGlobals: Force Deleting 15 Package(s):
	Asset Name: /Game/Workplace/Meshes/3D_printer_Table_Skeleton.3D_printer_Table_Skeleton
	Asset Name: /Game/Workplace/Meshes/3D_printer.3D_printer_Table
	Asset Name: /Game/Workplace/Meshes/3D_printer_Door_Skeleton.3D_printer_Door_Skeleton
	Asset Name: /Game/Workplace/Meshes/3D_printer.3D_printer_Corpus
	Asset Name: /Game/Workplace/Meshes/3D_printer_Corpus_PhysicsAsset.3D_printer_Corpus_PhysicsAsset
	Asset Name: /Game/Workplace/Meshes/3D_printer_Corpus_Skeleton.3D_printer_Corpus_Skeleton
	Asset Name: /Game/Workplace/Meshes/3D_printer.3D_printer_Extruder
	Asset Name: /Game/Workplace/Meshes/3D_printer_Extruder_Skeleton.3D_printer_Extruder_Skeleton
	Asset Name: /Game/Workplace/Meshes/3D_printer.3D_printer_Direction Z1
	Asset Name: /Game/Workplace/Meshes/3D_printer_Direction Z1_Skeleton.3D_printer_Direction Z1_Skeleton
[2025.12.18-19.04.16:479][294]LogPackageName: Error: DoesPackageExist: DoesPackageExist FAILED: '/Game/Workplace/Meshes/3D_printer_Direction Z1_Skeleton' is not a standard unreal filename or a long path name. Reason: Name may not contain the following characters: ' '
[2025.12.18-19.04.16:479][294]LogPackageName: Error: DoesPackageExist: DoesPackageExist FAILED: '/Game/Workplace/Meshes/3D_printer_Direction Z2_Skeleton' is not a standard unreal filename or a long path name. Reason: Name may not contain the following characters: ' '
[2025.12.18-19.04.16:479][294]LogPackageName: Error: DoesPackageExist: DoesPackageExist FAILED: '/Game/Workplace/Meshes/3D_printer_Direction Z3_Skeleton' is not a standard unreal filename or a long path name. Reason: Name may not contain the following characters: ' '
[2025.12.18-19.04.17:827][294]LogPackageName: Error: DoesPackageExist: DoesPackageExist FAILED: '/Game/Workplace/Meshes/3D_printer_Direction Z3_Skeleton' is not a standard unreal filename or a long path name. Reason: Name may not contain the following characters: ' '
[2025.12.18-19.04.17:903][294]LogPackageName: Error: DoesPackageExist: DoesPackageExist FAILED: '/Game/Workplace/Meshes/3D_printer_Direction Z2_Skeleton' is not a standard unreal filename or a long path name. Reason: Name may not contain the following characters: ' '
[2025.12.18-19.04.17:977][294]LogPackageName: Error: DoesPackageExist: DoesPackageExist FAILED: '/Game/Workplace/Meshes/3D_printer_Direction Z1_Skeleton' is not a standard unreal filename or a long path name. Reason: Name may not contain the following characters: ' '
[2025.12.18-19.04.18:441][294]LogUObjectHash: Compacting FUObjectHashTables data took   1.57ms
[2025.12.18-19.04.43:984][229]LogFactory: FactoryCreateFile: StaticMesh with FbxFactory (0 0 ../../../../../../WORKPLACE/Mini_laboratory/MEPhI_VR_term_1/blender FBX/3D_printer.fbx)
[2025.12.18-19.04.43:993][229]LogFbx: Loading FBX Scene from ../../../../../../WORKPLACE/Mini_laboratory/MEPhI_VR_term_1/blender FBX/3D_printer.fbx
[2025.12.18-19.04.44:004][229]LogFbx: FBX Scene Loaded Succesfully
[2025.12.18-19.07.05:988][229]LogSlate: Window 'FBX Import Options' being destroyed
[2025.12.18-19.07.06:002][229]LogFbx: Triangulating skeletal mesh Table
[2025.12.18-19.07.06:006][229]LogFbx: Warning: Bones digested - 4  Depth of hierarchy - 3
[2025.12.18-19.07.06:008][229]LogSkeletalMesh: Section 0: Material=0, 192 triangles
[2025.12.18-19.07.06:010][229]LogSkeletalMesh: Building Skeletal Mesh 3D_printer_Table...
[2025.12.18-19.07.06:012][229]LogSkeletalMesh: Section 0: Material=0, 192 triangles
[2025.12.18-19.07.06:013][229]LogSkeletalMesh: Built Skeletal Mesh [0.00s] /Game/Workplace/Meshes/3D_printer.3D_printer_Table
[2025.12.18-19.07.06:017][229]LogSkeletalMesh: USkeletalMeshComponent::InitArticulated : Could not find root physics body: '/Engine/Transient.World_116:PersistentLevel.SkeletalMeshActor_0.SkeletalMeshComponent0'
[2025.12.18-19.07.06:017][229]LogWorld: UWorld::CleanupWorld for World_116, bSessionEnded=true, bCleanupResources=true
[2025.12.18-19.07.06:017][229]LogSlate: InvalidateAllWidgets triggered.  All widgets were invalidated
[2025.12.18-19.07.06:022][229]LogSkeletalMesh: USkeletalMeshComponent::InitArticulated : Could not find root physics body: '/Engine/Transient.World_117:PersistentLevel.SkeletalMeshActor_0.SkeletalMeshComponent0'
[2025.12.18-19.07.06:022][229]LogWorld: UWorld::CleanupWorld for World_117, bSessionEnded=true, bCleanupResources=true
[2025.12.18-19.07.06:022][229]LogSlate: InvalidateAllWidgets triggered.  All widgets were invalidated
[2025.12.18-19.07.06:050][229]LogUObjectHash: Compacting FUObjectHashTables data took   4.06ms
[2025.12.18-19.07.06:246][229]LogUObjectHash: Compacting FUObjectHashTables data took   2.36ms
[2025.12.18-19.07.06:259][229]LogFbx: Triangulating skeletal mesh Direction Z3
[2025.12.18-19.07.06:261][229]LogFbx: Warning: Bones digested - 4  Depth of hierarchy - 3
[2025.12.18-19.07.06:261][229]LogSkeletalMesh: Section 0: Material=0, 76 triangles
[2025.12.18-19.07.06:262][229]LogSkeletalMesh: Building Skeletal Mesh 3D_printer_Direction Z3...
[2025.12.18-19.07.06:263][229]LogSkeletalMesh: Section 0: Material=0, 76 triangles
[2025.12.18-19.07.06:263][229]LogSkeletalMesh: Built Skeletal Mesh [0.00s] /Game/Workplace/Meshes/3D_printer.3D_printer_Direction Z3
[2025.12.18-19.07.06:263][229]LogPackageName: Error: DoesPackageExist: DoesPackageExist FAILED: '/Game/Workplace/Meshes/3D_printer_Direction Z3_Skeleton' is not a standard unreal filename or a long path name. Reason: Name may not contain the following characters: ' '
[2025.12.18-19.07.06:263][229]LogPackageName: Error: DoesPackageExist: DoesPackageExist FAILED: '/Game/Workplace/Meshes/3D_printer_Direction Z3_Skeleton' is not a standard unreal filename or a long path name. Reason: Name may not contain the following characters: ' '
[2025.12.18-19.07.06:263][229]LogLinker: Error: AddRedirectList(AddKnownMissing) failed to add redirector from /Game/Workplace/Meshes/3D_printer_Direction Z3_Skeleton to /Game/Workplace/Meshes/3D_printer_Direction Z3_Skeleton with invalid characters!
[2025.12.18-19.07.06:264][229]LogPackageName: Error: DoesPackageExist: DoesPackageExist FAILED: '/Game/Workplace/Meshes/3D_printer_Direction Z3_PhysicsAsset' is not a standard unreal filename or a long path name. Reason: Name may not contain the following characters: ' '
[2025.12.18-19.07.06:264][229]LogPackageName: Error: DoesPackageExist: DoesPackageExist FAILED: '/Game/Workplace/Meshes/3D_printer_Direction Z3_PhysicsAsset' is not a standard unreal filename or a long path name. Reason: Name may not contain the following characters: ' '
[2025.12.18-19.07.06:264][229]LogLinker: Error: AddRedirectList(AddKnownMissing) failed to add redirector from /Game/Workplace/Meshes/3D_printer_Direction Z3_PhysicsAsset to /Game/Workplace/Meshes/3D_printer_Direction Z3_PhysicsAsset with invalid characters!
[2025.12.18-19.07.06:265][229]LogSkeletalMesh: USkeletalMeshComponent::InitArticulated : Could not find root physics body: '/Engine/Transient.World_118:PersistentLevel.SkeletalMeshActor_0.SkeletalMeshComponent0'
[2025.12.18-19.07.06:265][229]LogWorld: UWorld::CleanupWorld for World_118, bSessionEnded=true, bCleanupResources=true
[2025.12.18-19.07.06:266][229]LogSlate: InvalidateAllWidgets triggered.  All widgets were invalidated
[2025.12.18-19.07.06:270][229]LogSkeletalMesh: USkeletalMeshComponent::InitArticulated : Could not find root physics body: '/Engine/Transient.World_119:PersistentLevel.SkeletalMeshActor_0.SkeletalMeshComponent0'
[2025.12.18-19.07.06:270][229]LogWorld: UWorld::CleanupWorld for World_119, bSessionEnded=true, bCleanupResources=true
[2025.12.18-19.07.06:270][229]LogSlate: InvalidateAllWidgets triggered.  All widgets were invalidated
[2025.12.18-19.07.06:273][229]LogPackageName: Error: DoesPackageExist: DoesPackageExist FAILED: '/Game/Workplace/Meshes/3D_printer_Direction Z3_PhysicsAsset' is not a standard unreal filename or a long path name. Reason: Name may not contain the following characters: ' '
[2025.12.18-19.07.06:290][229]LogUObjectHash: Compacting FUObjectHashTables data took   1.51ms
[2025.12.18-19.07.06:438][229]LogPackageName: Error: DoesPackageExist: DoesPackageExist FAILED: '/Game/Workplace/Meshes/3D_printer_Direction Z3_PhysicsAsset' is not a standard unreal filename or a long path name. Reason: Name may not contain the following characters: ' '
[2025.12.18-19.07.06:439][229]LogPackageName: Error: DoesPackageExist: DoesPackageExist FAILED: '/Game/Workplace/Meshes/3D_printer_Direction Z3_PhysicsAsset' is not a standard unreal filename or a long path name. Reason: Name may not contain the following characters: ' '
[2025.12.18-19.07.06:454][229]LogUObjectHash: Compacting FUObjectHashTables data took   0.84ms
[2025.12.18-19.07.06:463][229]LogFbx: Triangulating skeletal mesh Direction Z2
[2025.12.18-19.07.06:464][229]LogFbx: Warning: Bones digested - 4  Depth of hierarchy - 3
[2025.12.18-19.07.06:465][229]LogSkeletalMesh: Section 0: Material=0, 76 triangles
[2025.12.18-19.07.06:467][229]LogSkeletalMesh: Building Skeletal Mesh 3D_printer_Direction Z2...
[2025.12.18-19.07.06:467][229]LogSkeletalMesh: Section 0: Material=0, 76 triangles
[2025.12.18-19.07.06:468][229]LogSkeletalMesh: Built Skeletal Mesh [0.00s] /Game/Workplace/Meshes/3D_printer.3D_printer_Direction Z2
[2025.12.18-19.07.06:468][229]LogPackageName: Error: DoesPackageExist: DoesPackageExist FAILED: '/Game/Workplace/Meshes/3D_printer_Direction Z2_Skeleton' is not a standard unreal filename or a long path name. Reason: Name may not contain the following characters: ' '
[2025.12.18-19.07.06:468][229]LogPackageName: Error: DoesPackageExist: DoesPackageExist FAILED: '/Game/Workplace/Meshes/3D_printer_Direction Z2_Skeleton' is not a standard unreal filename or a long path name. Reason: Name may not contain the following characters: ' '
[2025.12.18-19.07.06:468][229]LogLinker: Error: AddRedirectList(AddKnownMissing) failed to add redirector from /Game/Workplace/Meshes/3D_printer_Direction Z2_Skeleton to /Game/Workplace/Meshes/3D_printer_Direction Z2_Skeleton with invalid characters!
[2025.12.18-19.07.06:468][229]LogPackageName: Error: DoesPackageExist: DoesPackageExist FAILED: '/Game/Workplace/Meshes/3D_printer_Direction Z2_PhysicsAsset' is not a standard unreal filename or a long path name. Reason: Name may not contain the following characters: ' '
[2025.12.18-19.07.06:468][229]LogPackageName: Error: DoesPackageExist: DoesPackageExist FAILED: '/Game/Workplace/Meshes/3D_printer_Direction Z2_PhysicsAsset' is not a standard unreal filename or a long path name. Reason: Name may not contain the following characters: ' '
[2025.12.18-19.07.06:468][229]LogLinker: Error: AddRedirectList(AddKnownMissing) failed to add redirector from /Game/Workplace/Meshes/3D_printer_Direction Z2_PhysicsAsset to /Game/Workplace/Meshes/3D_printer_Direction Z2_PhysicsAsset with invalid characters!
[2025.12.18-19.07.06:471][229]LogSkeletalMesh: USkeletalMeshComponent::InitArticulated : Could not find root physics body: '/Engine/Transient.World_120:PersistentLevel.SkeletalMeshActor_0.SkeletalMeshComponent0'
[2025.12.18-19.07.06:471][229]LogWorld: UWorld::CleanupWorld for World_120, bSessionEnded=true, bCleanupResources=true
[2025.12.18-19.07.06:471][229]LogSlate: InvalidateAllWidgets triggered.  All widgets were invalidated
[2025.12.18-19.07.06:475][229]LogSkeletalMesh: USkeletalMeshComponent::InitArticulated : Could not find root physics body: '/Engine/Transient.World_121:PersistentLevel.SkeletalMeshActor_0.SkeletalMeshComponent0'
[2025.12.18-19.07.06:475][229]LogWorld: UWorld::CleanupWorld for World_121, bSessionEnded=true, bCleanupResources=true
[2025.12.18-19.07.06:475][229]LogSlate: InvalidateAllWidgets triggered.  All widgets were invalidated
[2025.12.18-19.07.06:479][229]LogPackageName: Error: DoesPackageExist: DoesPackageExist FAILED: '/Game/Workplace/Meshes/3D_printer_Direction Z2_PhysicsAsset' is not a standard unreal filename or a long path name. Reason: Name may not contain the following characters: ' '
[2025.12.18-19.07.06:496][229]LogUObjectHash: Compacting FUObjectHashTables data took   1.50ms
[2025.12.18-19.07.06:645][229]LogPackageName: Error: DoesPackageExist: DoesPackageExist FAILED: '/Game/Workplace/Meshes/3D_printer_Direction Z2_PhysicsAsset' is not a standard unreal filename or a long path name. Reason: Name may not contain the following characters: ' '
[2025.12.18-19.07.06:645][229]LogPackageName: Error: DoesPackageExist: DoesPackageExist FAILED: '/Game/Workplace/Meshes/3D_printer_Direction Z2_PhysicsAsset' is not a standard unreal filename or a long path name. Reason: Name may not contain the following characters: ' '
[2025.12.18-19.07.06:659][229]LogUObjectHash: Compacting FUObjectHashTables data took   0.84ms
[2025.12.18-19.07.06:669][229]LogFbx: Triangulating skeletal mesh Direction Z1
[2025.12.18-19.07.06:670][229]LogFbx: Warning: Bones digested - 4  Depth of hierarchy - 3
[2025.12.18-19.07.06:670][229]LogSkeletalMesh: Section 0: Material=0, 76 triangles
[2025.12.18-19.07.06:672][229]LogSkeletalMesh: Building Skeletal Mesh 3D_printer_Direction Z1...
[2025.12.18-19.07.06:673][229]LogSkeletalMesh: Section 0: Material=0, 76 triangles
[2025.12.18-19.07.06:673][229]LogSkeletalMesh: Built Skeletal Mesh [0.00s] /Game/Workplace/Meshes/3D_printer.3D_printer_Direction Z1
[2025.12.18-19.07.06:673][229]LogPackageName: Error: DoesPackageExist: DoesPackageExist FAILED: '/Game/Workplace/Meshes/3D_printer_Direction Z1_Skeleton' is not a standard unreal filename or a long path name. Reason: Name may not contain the following characters: ' '
[2025.12.18-19.07.06:673][229]LogPackageName: Error: DoesPackageExist: DoesPackageExist FAILED: '/Game/Workplace/Meshes/3D_printer_Direction Z1_Skeleton' is not a standard unreal filename or a long path name. Reason: Name may not contain the following characters: ' '
[2025.12.18-19.07.06:673][229]LogLinker: Error: AddRedirectList(AddKnownMissing) failed to add redirector from /Game/Workplace/Meshes/3D_printer_Direction Z1_Skeleton to /Game/Workplace/Meshes/3D_printer_Direction Z1_Skeleton with invalid characters!
[2025.12.18-19.07.06:674][229]LogPackageName: Error: DoesPackageExist: DoesPackageExist FAILED: '/Game/Workplace/Meshes/3D_printer_Direction Z1_PhysicsAsset' is not a standard unreal filename or a long path name. Reason: Name may not contain the following characters: ' '
[2025.12.18-19.07.06:674][229]LogPackageName: Error: DoesPackageExist: DoesPackageExist FAILED: '/Game/Workplace/Meshes/3D_printer_Direction Z1_PhysicsAsset' is not a standard unreal filename or a long path name. Reason: Name may not contain the following characters: ' '
[2025.12.18-19.07.06:674][229]LogLinker: Error: AddRedirectList(AddKnownMissing) failed to add redirector from /Game/Workplace/Meshes/3D_printer_Direction Z1_PhysicsAsset to /Game/Workplace/Meshes/3D_printer_Direction Z1_PhysicsAsset with invalid characters!
[2025.12.18-19.07.06:676][229]LogSkeletalMesh: USkeletalMeshComponent::InitArticulated : Could not find root physics body: '/Engine/Transient.World_122:PersistentLevel.SkeletalMeshActor_0.SkeletalMeshComponent0'
[2025.12.18-19.07.06:676][229]LogWorld: UWorld::CleanupWorld for World_122, bSessionEnded=true, bCleanupResources=true
[2025.12.18-19.07.06:676][229]LogSlate: InvalidateAllWidgets triggered.  All widgets were invalidated
[2025.12.18-19.07.06:681][229]LogSkeletalMesh: USkeletalMeshComponent::InitArticulated : Could not find root physics body: '/Engine/Transient.World_123:PersistentLevel.SkeletalMeshActor_0.SkeletalMeshComponent0'
[2025.12.18-19.07.06:681][229]LogWorld: UWorld::CleanupWorld for World_123, bSessionEnded=true, bCleanupResources=true
[2025.12.18-19.07.06:681][229]LogSlate: InvalidateAllWidgets triggered.  All widgets were invalidated
[2025.12.18-19.07.06:684][229]LogPackageName: Error: DoesPackageExist: DoesPackageExist FAILED: '/Game/Workplace/Meshes/3D_printer_Direction Z1_PhysicsAsset' is not a standard unreal filename or a long path name. Reason: Name may not contain the following characters: ' '
[2025.12.18-19.07.06:703][229]LogUObjectHash: Compacting FUObjectHashTables data took   1.51ms
[2025.12.18-19.07.06:853][229]LogPackageName: Error: DoesPackageExist: DoesPackageExist FAILED: '/Game/Workplace/Meshes/3D_printer_Direction Z1_PhysicsAsset' is not a standard unreal filename or a long path name. Reason: Name may not contain the following characters: ' '
[2025.12.18-19.07.06:853][229]LogPackageName: Error: DoesPackageExist: DoesPackageExist FAILED: '/Game/Workplace/Meshes/3D_printer_Direction Z1_PhysicsAsset' is not a standard unreal filename or a long path name. Reason: Name may not contain the following characters: ' '
[2025.12.18-19.07.06:868][229]LogUObjectHash: Compacting FUObjectHashTables data took   0.84ms
[2025.12.18-19.07.06:877][229]LogFbx: Triangulating skeletal mesh Extruder
[2025.12.18-19.07.06:881][229]LogFbx: Triangulating skeletal mesh Direction X
[2025.12.18-19.07.06:882][229]LogFbx: Warning: Bones digested - 8  Depth of hierarchy - 4
[2025.12.18-19.07.06:886][229]LogSkeletalMesh: Section 0: Material=0, 392 triangles
[2025.12.18-19.07.06:886][229]LogSkeletalMesh: Building Skeletal Mesh 3D_printer_Extruder...
[2025.12.18-19.07.06:889][229]LogSkeletalMesh: Section 0: Material=0, 392 triangles
[2025.12.18-19.07.06:890][229]LogSkeletalMesh: Built Skeletal Mesh [0.00s] /Game/Workplace/Meshes/3D_printer.3D_printer_Extruder
[2025.12.18-19.07.06:893][229]LogSkeletalMesh: USkeletalMeshComponent::InitArticulated : Could not find root physics body: '/Engine/Transient.World_124:PersistentLevel.SkeletalMeshActor_0.SkeletalMeshComponent0'
[2025.12.18-19.07.06:893][229]LogWorld: UWorld::CleanupWorld for World_124, bSessionEnded=true, bCleanupResources=true
[2025.12.18-19.07.06:893][229]LogSlate: InvalidateAllWidgets triggered.  All widgets were invalidated
[2025.12.18-19.07.06:898][229]LogSkeletalMesh: USkeletalMeshComponent::InitArticulated : Could not find root physics body: '/Engine/Transient.World_125:PersistentLevel.SkeletalMeshActor_0.SkeletalMeshComponent0'
[2025.12.18-19.07.06:898][229]LogWorld: UWorld::CleanupWorld for World_125, bSessionEnded=true, bCleanupResources=true
[2025.12.18-19.07.06:898][229]LogSlate: InvalidateAllWidgets triggered.  All widgets were invalidated
[2025.12.18-19.07.06:918][229]LogUObjectHash: Compacting FUObjectHashTables data took   1.42ms
[2025.12.18-19.07.07:081][229]LogUObjectHash: Compacting FUObjectHashTables data took   0.82ms
[2025.12.18-19.07.07:092][229]LogFbx: Triangulating skeletal mesh Corpus
[2025.12.18-19.07.07:099][229]LogFbx: Warning: Bones digested - 3  Depth of hierarchy - 2
[2025.12.18-19.07.07:106][229]LogSkeletalMesh: Section 0: Material=0, 670 triangles
[2025.12.18-19.07.07:106][229]LogSkeletalMesh: Building Skeletal Mesh 3D_printer_Corpus...
[2025.12.18-19.07.07:112][229]LogSkeletalMesh: Section 0: Material=0, 670 triangles
[2025.12.18-19.07.07:113][229]LogSkeletalMesh: Built Skeletal Mesh [0.01s] /Game/Workplace/Meshes/3D_printer.3D_printer_Corpus
[2025.12.18-19.07.07:116][229]LogSkeletalMesh: USkeletalMeshComponent::InitArticulated : Could not find root physics body: '/Engine/Transient.World_126:PersistentLevel.SkeletalMeshActor_0.SkeletalMeshComponent0'
[2025.12.18-19.07.07:117][229]LogWorld: UWorld::CleanupWorld for World_126, bSessionEnded=true, bCleanupResources=true
[2025.12.18-19.07.07:117][229]LogSlate: InvalidateAllWidgets triggered.  All widgets were invalidated
[2025.12.18-19.07.07:121][229]LogWorld: UWorld::CleanupWorld for World_127, bSessionEnded=true, bCleanupResources=true
[2025.12.18-19.07.07:122][229]LogSlate: InvalidateAllWidgets triggered.  All widgets were invalidated
[2025.12.18-19.07.07:136][229]LogFbx: Triangulating skeletal mesh Door
[2025.12.18-19.07.07:136][229]LogFbx: Warning: Bones digested - 1  Depth of hierarchy - 1
[2025.12.18-19.07.07:137][229]LogSkeletalMesh: Section 0: Material=0, 48 triangles
[2025.12.18-19.07.07:138][229]LogSkeletalMesh: Building Skeletal Mesh 3D_printer_Door...
[2025.12.18-19.07.07:138][229]LogSkeletalMesh: Section 0: Material=0, 48 triangles
[2025.12.18-19.07.07:138][229]LogSkeletalMesh: Built Skeletal Mesh [0.00s] /Game/Workplace/Meshes/3D_printer.3D_printer_Door
[2025.12.18-19.07.07:142][229]LogSkeletalMesh: USkeletalMeshComponent::InitArticulated : Could not find root physics body: '/Engine/Transient.World_128:PersistentLevel.SkeletalMeshActor_0.SkeletalMeshComponent0'
[2025.12.18-19.07.07:142][229]LogWorld: UWorld::CleanupWorld for World_128, bSessionEnded=true, bCleanupResources=true
[2025.12.18-19.07.07:142][229]LogSlate: InvalidateAllWidgets triggered.  All widgets were invalidated
[2025.12.18-19.07.07:146][229]LogSkeletalMesh: USkeletalMeshComponent::InitArticulated : Could not find root physics body: '/Engine/Transient.World_129:PersistentLevel.SkeletalMeshActor_0.SkeletalMeshComponent0'
[2025.12.18-19.07.07:147][229]LogWorld: UWorld::CleanupWorld for World_129, bSessionEnded=true, bCleanupResources=true
[2025.12.18-19.07.07:147][229]LogSlate: InvalidateAllWidgets triggered.  All widgets were invalidated
[2025.12.18-19.07.07:167][229]LogUObjectHash: Compacting FUObjectHashTables data took   1.46ms
[2025.12.18-19.07.07:330][229]LogUObjectHash: Compacting FUObjectHashTables data took   1.52ms
[2025.12.18-19.07.07:341][229]FBXImport: FBX File Loading: Found name clash, node 'Bone' was renamed to 'Bone1' 
[2025.12.18-19.07.07:341][229]FBXImport: FBX File Loading: Found name clash, node 'Bone' was renamed to 'Bone2' 
[2025.12.18-19.07.07:341][229]FBXImport: FBX File Loading: Found name clash, node 'Bone' was renamed to 'Bone3' 
[2025.12.18-19.07.07:341][229]FBXImport: FBX File Loading: Found name clash, node 'Bone' was renamed to 'Bone4' 
[2025.12.18-19.07.07:341][229]FBXImport: FBX File Loading: Found name clash, node 'Bone' was renamed to 'Bone5' 
[2025.12.18-19.07.07:341][229]FBXImport: FBX File Loading: Found name clash, node 'Bone' was renamed to 'Bone6' 
[2025.12.18-19.07.07:341][229]FBXImport: FBX File Loading: Found name clash, node 'Bone_end' was renamed to 'Bone_end7' 
[2025.12.18-19.07.07:341][229]FBXImport: FBX File Loading: Found name clash, node 'Bone_end' was renamed to 'Bone_end8' 
[2025.12.18-19.07.07:341][229]FBXImport: FBX File Loading: Found name clash, node 'Bone_end' was renamed to 'Bone_end9' 
[2025.12.18-19.07.07:341][229]FBXImport: FBX File Loading: Found name clash, node 'Bone_end' was renamed to 'Bone_end10' 
[2025.12.18-19.07.07:341][229]FBXImport: FBX File Loading: Found name clash, node 'Bone_end' was renamed to 'Bone_end11' 
[2025.12.18-19.07.07:341][229]FBXImport: FBX File Loading: Found name clash, node 'Bone_end' was renamed to 'Bone_end12' 
[2025.12.18-19.07.07:341][229]FBXImport: Warning: No smoothing group information was found in this FBX scene.  Please make sure to enable the 'Export Smoothing Groups' option in the FBX Exporter plug-in before exporting the file.  Even for tools that don't support smoothing groups, the FBX Exporter will generate appropriate smoothing data at export-time so that correct vertex normals can be inferred while importing. 
[2025.12.18-19.07.07:341][229]FBXImport: Warning: The bone size is too small to create Physics Asset '3D_printer_Table_PhysicsAsset' from Skeletal Mesh '3D_printer_Table'. You will have to create physics asset manually. 
[2025.12.18-19.07.07:341][229]FBXImport: Warning: The bone size is too small to create Physics Asset '3D_printer_Direction Z3_PhysicsAsset' from Skeletal Mesh '3D_printer_Direction Z3'. You will have to create physics asset manually. 
[2025.12.18-19.07.07:341][229]FBXImport: Warning: The bone size is too small to create Physics Asset '3D_printer_Direction Z2_PhysicsAsset' from Skeletal Mesh '3D_printer_Direction Z2'. You will have to create physics asset manually. 
[2025.12.18-19.07.07:342][229]FBXImport: Warning: The bone size is too small to create Physics Asset '3D_printer_Direction Z1_PhysicsAsset' from Skeletal Mesh '3D_printer_Direction Z1'. You will have to create physics asset manually. 
[2025.12.18-19.07.07:342][229]FBXImport: Warning: The bone size is too small to create Physics Asset '3D_printer_Extruder_PhysicsAsset' from Skeletal Mesh '3D_printer_Extruder'. You will have to create physics asset manually. 
[2025.12.18-19.07.07:342][229]FBXImport: Warning: The bone size is too small to create Physics Asset '3D_printer_Door_PhysicsAsset' from Skeletal Mesh '3D_printer_Door'. You will have to create physics asset manually. 
[2025.12.18-19.07.07:439][229]LogPackageName: Error: DoesPackageExist: DoesPackageExist FAILED: '/Game/Workplace/Meshes/3D_printer_Direction Z3_Skeleton' is not a standard unreal filename or a long path name. Reason: Name may not contain the following characters: ' '
[2025.12.18-19.07.07:439][229]LogPackageName: Error: DoesPackageExist: DoesPackageExist FAILED: '/Game/Workplace/Meshes/3D_printer_Direction Z2_Skeleton' is not a standard unreal filename or a long path name. Reason: Name may not contain the following characters: ' '
[2025.12.18-19.07.07:439][229]LogPackageName: Error: DoesPackageExist: DoesPackageExist FAILED: '/Game/Workplace/Meshes/3D_printer_Direction Z1_Skeleton' is not a standard unreal filename or a long path name. Reason: Name may not contain the following characters: ' '
[2025.12.18-19.07.07:585][231]LogPackageName: Error: DoesPackageExist: DoesPackageExist FAILED: '/Game/Workplace/Meshes/3D_printer_Direction Z1_Skeleton' is not a standard unreal filename or a long path name. Reason: Name may not contain the following characters: ' '
[2025.12.18-19.07.07:585][231]LogPackageName: Error: DoesPackageExist: DoesPackageExist FAILED: '/Game/Workplace/Meshes/3D_printer_Direction Z2_Skeleton' is not a standard unreal filename or a long path name. Reason: Name may not contain the following characters: ' '
[2025.12.18-19.07.07:586][231]LogPackageName: Error: DoesPackageExist: DoesPackageExist FAILED: '/Game/Workplace/Meshes/3D_printer_Direction Z3_Skeleton' is not a standard unreal filename or a long path name. Reason: Name may not contain the following characters: ' '
[2025.12.18-19.07.17:055][796]LogSlate: Window 'Message Log' being destroyed
[2025.12.18-19.07.17:058][796]LogSlate: Window 'Message Log' being destroyed
[2025.12.18-19.07.27:194][388]LogAssetEditorSubsystem: Opening Asset editor for SkeletalMesh /Game/Workplace/Meshes/3D_printer.3D_printer_Corpus
[2025.12.18-19.07.27:196][388]LogActorComponent: RegisterComponentWithWorld: (/Engine/Transient.World_130:PersistentLevel.AnimationEditorPreviewActor_0.DebugSkelMeshComponent_0) Already registered. Aborting.
[2025.12.18-19.07.41:606][215]LogSlate: Window '3D_printer_Corpus' being destroyed
[2025.12.18-19.07.41:614][215]LogWorld: UWorld::CleanupWorld for World_130, bSessionEnded=true, bCleanupResources=true
[2025.12.18-19.07.41:614][215]LogSlate: InvalidateAllWidgets triggered.  All widgets were invalidated
[2025.12.18-19.07.44:297][365]LogAssetEditorSubsystem: Opening Asset editor for SkeletalMesh /Game/Workplace/Meshes/3D_printer.3D_printer_Direction Z1
[2025.12.18-19.07.44:301][365]LogActorComponent: RegisterComponentWithWorld: (/Engine/Transient.World_131:PersistentLevel.AnimationEditorPreviewActor_0.DebugSkelMeshComponent_0) Already registered. Aborting.
[2025.12.18-19.07.44:471][365]LogPackageName: Error: DoesPackageExist: DoesPackageExist FAILED: '/Game/Workplace/Meshes/3D_printer_Direction Z1_Skeleton' is not a standard unreal filename or a long path name. Reason: Name may not contain the following characters: ' '
[2025.12.18-19.07.44:471][365]LogPackageName: Error: DoesPackageExist: DoesPackageExist FAILED: '/Game/Workplace/Meshes/3D_printer_Direction Z1_Skeleton' is not a standard unreal filename or a long path name. Reason: Name may not contain the following characters: ' '
[2025.12.18-19.07.44:513][365]LogPackageName: Error: DoesPackageExist: DoesPackageExist FAILED: '/Game/Workplace/Meshes/3D_printer_Direction Z1_Skeleton' is not a standard unreal filename or a long path name. Reason: Name may not contain the following characters: ' '
[2025.12.18-19.07.44:513][365]LogPackageName: Error: DoesPackageExist: DoesPackageExist FAILED: '/Game/Workplace/Meshes/3D_printer_Direction Z1_Skeleton' is not a standard unreal filename or a long path name. Reason: Name may not contain the following characters: ' '
[2025.12.18-19.07.44:518][365]LogPackageName: Error: DoesPackageExist: DoesPackageExist FAILED: '/Game/Workplace/Meshes/3D_printer_Direction Z1_Skeleton' is not a standard unreal filename or a long path name. Reason: Name may not contain the following characters: ' '
[2025.12.18-19.07.46:778][493]LogSlate: Window '3D_printer_Direction Z1' being destroyed
[2025.12.18-19.07.46:781][493]LogWorld: UWorld::CleanupWorld for World_131, bSessionEnded=true, bCleanupResources=true
[2025.12.18-19.07.46:781][493]LogSlate: InvalidateAllWidgets triggered.  All widgets were invalidated
[2025.12.18-19.08.31:171][131]LogPackageName: Error: DoesPackageExist: DoesPackageExist FAILED: '/Game/Workplace/Meshes/3D_printer_Direction Z2_Skeleton' is not a standard unreal filename or a long path name. Reason: Name may not contain the following characters: ' '
[2025.12.18-19.08.31:171][131]LogPackageName: Error: DoesPackageExist: DoesPackageExist FAILED: '/Game/Workplace/Meshes/3D_printer_Direction Z3_Skeleton' is not a standard unreal filename or a long path name. Reason: Name may not contain the following characters: ' '
[2025.12.18-19.08.31:192][131]LogUObjectHash: Compacting FUObjectHashTables data took   1.71ms
[2025.12.18-19.08.35:037][131]LogSlate: Window 'Delete Assets' being destroyed
[2025.12.18-19.08.36:041][131]LogUObjectGlobals: Force Deleting 15 Package(s):
	Asset Name: /Game/Workplace/Meshes/3D_printer.3D_printer_Direction Z1
	Asset Name: /Game/Workplace/Meshes/3D_printer.3D_printer_Corpus
	Asset Name: /Game/Workplace/Meshes/3D_printer_Corpus_PhysicsAsset.3D_printer_Corpus_PhysicsAsset
	Asset Name: /Game/Workplace/Meshes/3D_printer_Corpus_Skeleton.3D_printer_Corpus_Skeleton
	Asset Name: /Game/Workplace/Meshes/3D_printer_Direction Z1_Skeleton.3D_printer_Direction Z1_Skeleton
	Asset Name: /Game/Workplace/Meshes/3D_printer.3D_printer_Direction Z2
	Asset Name: /Game/Workplace/Meshes/3D_printer_Direction Z2_Skeleton.3D_printer_Direction Z2_Skeleton
	Asset Name: /Game/Workplace/Meshes/3D_printer.3D_printer_Direction Z3
	Asset Name: /Game/Workplace/Meshes/3D_printer_Direction Z3_Skeleton.3D_printer_Direction Z3_Skeleton
	Asset Name: /Game/Workplace/Meshes/3D_printer.3D_printer_Door
[2025.12.18-19.08.36:054][131]LogPackageName: Error: DoesPackageExist: DoesPackageExist FAILED: '/Game/Workplace/Meshes/3D_printer_Direction Z1_Skeleton' is not a standard unreal filename or a long path name. Reason: Name may not contain the following characters: ' '
[2025.12.18-19.08.36:055][131]LogPackageName: Error: DoesPackageExist: DoesPackageExist FAILED: '/Game/Workplace/Meshes/3D_printer_Direction Z2_Skeleton' is not a standard unreal filename or a long path name. Reason: Name may not contain the following characters: ' '
[2025.12.18-19.08.36:055][131]LogPackageName: Error: DoesPackageExist: DoesPackageExist FAILED: '/Game/Workplace/Meshes/3D_printer_Direction Z3_Skeleton' is not a standard unreal filename or a long path name. Reason: Name may not contain the following characters: ' '
[2025.12.18-19.08.37:635][131]LogPackageName: Error: DoesPackageExist: DoesPackageExist FAILED: '/Game/Workplace/Meshes/3D_printer_Direction Z3_Skeleton' is not a standard unreal filename or a long path name. Reason: Name may not contain the following characters: ' '
[2025.12.18-19.08.37:711][131]LogPackageName: Error: DoesPackageExist: DoesPackageExist FAILED: '/Game/Workplace/Meshes/3D_printer_Direction Z2_Skeleton' is not a standard unreal filename or a long path name. Reason: Name may not contain the following characters: ' '
[2025.12.18-19.08.37:784][131]LogPackageName: Error: DoesPackageExist: DoesPackageExist FAILED: '/Game/Workplace/Meshes/3D_printer_Direction Z1_Skeleton' is not a standard unreal filename or a long path name. Reason: Name may not contain the following characters: ' '
[2025.12.18-19.08.38:024][131]LogUObjectHash: Compacting FUObjectHashTables data took   1.54ms
[2025.12.18-19.08.45:030][409]LogFactory: FactoryCreateFile: StaticMesh with FbxFactory (0 0 D:\WORKPLACE\Mini_laboratory\MEPhI_VR_term_1\blender FBX\3D_printer.fbx)
[2025.12.18-19.08.45:037][409]LogFbx: Loading FBX Scene from D:\WORKPLACE\Mini_laboratory\MEPhI_VR_term_1\blender FBX\3D_printer.fbx
[2025.12.18-19.08.45:046][409]LogFbx: FBX Scene Loaded Succesfully
[2025.12.18-19.12.38:435][409]LogSlate: Window 'FBX Import Options' being destroyed
[2025.12.18-19.12.38:450][409]LogFbx: Triangulating skeletal mesh Table
[2025.12.18-19.12.38:453][409]LogFbx: Warning: Bones digested - 4  Depth of hierarchy - 3
[2025.12.18-19.12.38:480][409]LogSkeletalMesh: Section 0: Material=0, 192 triangles
[2025.12.18-19.12.38:485][409]LogSkeletalMesh: Building Skeletal Mesh 3D_printer_Table...
[2025.12.18-19.12.38:492][409]LogSkeletalMesh: Section 0: Material=0, 192 triangles
[2025.12.18-19.12.38:493][409]LogSkeletalMesh: Built Skeletal Mesh [0.01s] /Game/Workplace/Meshes/3D_printer.3D_printer_Table
[2025.12.18-19.12.38:497][409]LogFbx: Triangulating skeletal mesh Direction Z3
[2025.12.18-19.12.38:499][409]LogFbx: Warning: Bones digested - 4  Depth of hierarchy - 3
[2025.12.18-19.12.38:501][409]LogSkeletalMesh: Section 0: Material=0, 76 triangles
[2025.12.18-19.12.38:502][409]LogPackageName: Error: DoesPackageExist: DoesPackageExist FAILED: '/Game/Workplace/Meshes/3D_printer_Direction Z3_Skeleton' is not a standard unreal filename or a long path name. Reason: Name may not contain the following characters: ' '
[2025.12.18-19.12.38:502][409]LogPackageName: Error: DoesPackageExist: DoesPackageExist FAILED: '/Game/Workplace/Meshes/3D_printer_Direction Z3_Skeleton' is not a standard unreal filename or a long path name. Reason: Name may not contain the following characters: ' '
[2025.12.18-19.12.38:502][409]LogLinker: Error: AddRedirectList(AddKnownMissing) failed to add redirector from /Game/Workplace/Meshes/3D_printer_Direction Z3_Skeleton to /Game/Workplace/Meshes/3D_printer_Direction Z3_Skeleton with invalid characters!
[2025.12.18-19.12.38:504][409]LogSkeletalMesh: Building Skeletal Mesh 3D_printer_Direction Z3...
[2025.12.18-19.12.38:504][409]LogSkeletalMesh: Section 0: Material=0, 76 triangles
[2025.12.18-19.12.38:505][409]LogSkeletalMesh: Built Skeletal Mesh [0.00s] /Game/Workplace/Meshes/3D_printer.3D_printer_Direction Z3
[2025.12.18-19.12.38:507][409]LogFbx: Triangulating skeletal mesh Direction Z2
[2025.12.18-19.12.38:508][409]LogFbx: Warning: Bones digested - 4  Depth of hierarchy - 3
[2025.12.18-19.12.38:510][409]LogSkeletalMesh: Section 0: Material=0, 76 triangles
[2025.12.18-19.12.38:511][409]LogPackageName: Error: DoesPackageExist: DoesPackageExist FAILED: '/Game/Workplace/Meshes/3D_printer_Direction Z2_Skeleton' is not a standard unreal filename or a long path name. Reason: Name may not contain the following characters: ' '
[2025.12.18-19.12.38:511][409]LogPackageName: Error: DoesPackageExist: DoesPackageExist FAILED: '/Game/Workplace/Meshes/3D_printer_Direction Z2_Skeleton' is not a standard unreal filename or a long path name. Reason: Name may not contain the following characters: ' '
[2025.12.18-19.12.38:511][409]LogLinker: Error: AddRedirectList(AddKnownMissing) failed to add redirector from /Game/Workplace/Meshes/3D_printer_Direction Z2_Skeleton to /Game/Workplace/Meshes/3D_printer_Direction Z2_Skeleton with invalid characters!
[2025.12.18-19.12.38:512][409]LogSkeletalMesh: Building Skeletal Mesh 3D_printer_Direction Z2...
[2025.12.18-19.12.38:514][409]LogSkeletalMesh: Section 0: Material=0, 76 triangles
[2025.12.18-19.12.38:514][409]LogSkeletalMesh: Built Skeletal Mesh [0.00s] /Game/Workplace/Meshes/3D_printer.3D_printer_Direction Z2
[2025.12.18-19.12.38:515][409]LogFbx: Triangulating skeletal mesh Direction Z1
[2025.12.18-19.12.38:516][409]LogFbx: Warning: Bones digested - 4  Depth of hierarchy - 3
[2025.12.18-19.12.38:518][409]LogSkeletalMesh: Section 0: Material=0, 76 triangles
[2025.12.18-19.12.38:519][409]LogPackageName: Error: DoesPackageExist: DoesPackageExist FAILED: '/Game/Workplace/Meshes/3D_printer_Direction Z1_Skeleton' is not a standard unreal filename or a long path name. Reason: Name may not contain the following characters: ' '
[2025.12.18-19.12.38:519][409]LogPackageName: Error: DoesPackageExist: DoesPackageExist FAILED: '/Game/Workplace/Meshes/3D_printer_Direction Z1_Skeleton' is not a standard unreal filename or a long path name. Reason: Name may not contain the following characters: ' '
[2025.12.18-19.12.38:519][409]LogLinker: Error: AddRedirectList(AddKnownMissing) failed to add redirector from /Game/Workplace/Meshes/3D_printer_Direction Z1_Skeleton to /Game/Workplace/Meshes/3D_printer_Direction Z1_Skeleton with invalid characters!
[2025.12.18-19.12.38:520][409]LogSkeletalMesh: Building Skeletal Mesh 3D_printer_Direction Z1...
[2025.12.18-19.12.38:522][409]LogSkeletalMesh: Section 0: Material=0, 76 triangles
[2025.12.18-19.12.38:522][409]LogSkeletalMesh: Built Skeletal Mesh [0.00s] /Game/Workplace/Meshes/3D_printer.3D_printer_Direction Z1
[2025.12.18-19.12.38:525][409]LogFbx: Triangulating skeletal mesh Extruder
[2025.12.18-19.12.38:528][409]LogFbx: Triangulating skeletal mesh Direction X
[2025.12.18-19.12.38:530][409]LogFbx: Warning: Bones digested - 8  Depth of hierarchy - 4
[2025.12.18-19.12.38:538][409]LogSkeletalMesh: Section 0: Material=0, 392 triangles
[2025.12.18-19.12.38:541][409]LogSkeletalMesh: Building Skeletal Mesh 3D_printer_Extruder...
[2025.12.18-19.12.38:548][409]LogSkeletalMesh: Section 0: Material=0, 392 triangles
[2025.12.18-19.12.38:549][409]LogSkeletalMesh: Built Skeletal Mesh [0.01s] /Game/Workplace/Meshes/3D_printer.3D_printer_Extruder
[2025.12.18-19.12.38:550][409]LogFbx: Triangulating skeletal mesh Corpus
[2025.12.18-19.12.38:560][409]LogFbx: Warning: Bones digested - 3  Depth of hierarchy - 2
[2025.12.18-19.12.38:574][409]LogSkeletalMesh: Section 0: Material=0, 670 triangles
[2025.12.18-19.12.38:575][409]LogSkeletalMesh: Building Skeletal Mesh 3D_printer_Corpus...
[2025.12.18-19.12.38:587][409]LogSkeletalMesh: Section 0: Material=0, 670 triangles
[2025.12.18-19.12.38:588][409]LogSkeletalMesh: Built Skeletal Mesh [0.01s] /Game/Workplace/Meshes/3D_printer.3D_printer_Corpus
[2025.12.18-19.12.38:590][409]LogFbx: Triangulating skeletal mesh Door
[2025.12.18-19.12.38:592][409]LogFbx: Warning: Bones digested - 1  Depth of hierarchy - 1
[2025.12.18-19.12.38:593][409]LogSkeletalMesh: Section 0: Material=0, 48 triangles
[2025.12.18-19.12.38:594][409]LogSkeletalMesh: Building Skeletal Mesh 3D_printer_Door...
[2025.12.18-19.12.38:595][409]LogSkeletalMesh: Section 0: Material=0, 48 triangles
[2025.12.18-19.12.38:595][409]LogSkeletalMesh: Built Skeletal Mesh [0.00s] /Game/Workplace/Meshes/3D_printer.3D_printer_Door
[2025.12.18-19.12.38:599][409]FBXImport: FBX File Loading: Found name clash, node 'Bone' was renamed to 'Bone1' 
[2025.12.18-19.12.38:599][409]FBXImport: FBX File Loading: Found name clash, node 'Bone' was renamed to 'Bone2' 
[2025.12.18-19.12.38:599][409]FBXImport: FBX File Loading: Found name clash, node 'Bone' was renamed to 'Bone3' 
[2025.12.18-19.12.38:599][409]FBXImport: FBX File Loading: Found name clash, node 'Bone' was renamed to 'Bone4' 
[2025.12.18-19.12.38:599][409]FBXImport: FBX File Loading: Found name clash, node 'Bone' was renamed to 'Bone5' 
[2025.12.18-19.12.38:599][409]FBXImport: FBX File Loading: Found name clash, node 'Bone' was renamed to 'Bone6' 
[2025.12.18-19.12.38:599][409]FBXImport: FBX File Loading: Found name clash, node 'Bone_end' was renamed to 'Bone_end7' 
[2025.12.18-19.12.38:599][409]FBXImport: FBX File Loading: Found name clash, node 'Bone_end' was renamed to 'Bone_end8' 
[2025.12.18-19.12.38:599][409]FBXImport: FBX File Loading: Found name clash, node 'Bone_end' was renamed to 'Bone_end9' 
[2025.12.18-19.12.38:599][409]FBXImport: FBX File Loading: Found name clash, node 'Bone_end' was renamed to 'Bone_end10' 
[2025.12.18-19.12.38:599][409]FBXImport: FBX File Loading: Found name clash, node 'Bone_end' was renamed to 'Bone_end11' 
[2025.12.18-19.12.38:599][409]FBXImport: FBX File Loading: Found name clash, node 'Bone_end' was renamed to 'Bone_end12' 
[2025.12.18-19.12.38:599][409]FBXImport: Warning: No smoothing group information was found in this FBX scene.  Please make sure to enable the 'Export Smoothing Groups' option in the FBX Exporter plug-in before exporting the file.  Even for tools that don't support smoothing groups, the FBX Exporter will generate appropriate smoothing data at export-time so that correct vertex normals can be inferred while importing. 
[2025.12.18-19.12.38:599][409]FBXImport: Warning: Could not find the bind pose.  It will use time 0 as bind pose. 
[2025.12.18-19.12.38:599][409]FBXImport: Warning: Could not find the bind pose.  It will use time 0 as bind pose. 
[2025.12.18-19.12.38:599][409]FBXImport: Warning: Could not find the bind pose.  It will use time 0 as bind pose. 
[2025.12.18-19.12.38:599][409]FBXImport: Warning: Could not find the bind pose.  It will use time 0 as bind pose. 
[2025.12.18-19.12.38:599][409]FBXImport: Warning: Could not find the bind pose.  It will use time 0 as bind pose. 
[2025.12.18-19.12.38:599][409]FBXImport: Warning: Could not find the bind pose.  It will use time 0 as bind pose. 
[2025.12.18-19.12.38:599][409]FBXImport: Warning: Could not find the bind pose.  It will use time 0 as bind pose. 
[2025.12.18-19.12.38:746][409]LogPackageName: Error: DoesPackageExist: DoesPackageExist FAILED: '/Game/Workplace/Meshes/3D_printer_Direction Z3_Skeleton' is not a standard unreal filename or a long path name. Reason: Name may not contain the following characters: ' '
[2025.12.18-19.12.38:746][409]LogPackageName: Error: DoesPackageExist: DoesPackageExist FAILED: '/Game/Workplace/Meshes/3D_printer_Direction Z2_Skeleton' is not a standard unreal filename or a long path name. Reason: Name may not contain the following characters: ' '
[2025.12.18-19.12.38:746][409]LogPackageName: Error: DoesPackageExist: DoesPackageExist FAILED: '/Game/Workplace/Meshes/3D_printer_Direction Z1_Skeleton' is not a standard unreal filename or a long path name. Reason: Name may not contain the following characters: ' '
[2025.12.18-19.12.38:857][411]LogPackageName: Error: DoesPackageExist: DoesPackageExist FAILED: '/Game/Workplace/Meshes/3D_printer_Direction Z1_Skeleton' is not a standard unreal filename or a long path name. Reason: Name may not contain the following characters: ' '
[2025.12.18-19.12.38:858][411]LogPackageName: Error: DoesPackageExist: DoesPackageExist FAILED: '/Game/Workplace/Meshes/3D_printer_Direction Z2_Skeleton' is not a standard unreal filename or a long path name. Reason: Name may not contain the following characters: ' '
[2025.12.18-19.12.38:859][411]LogPackageName: Error: DoesPackageExist: DoesPackageExist FAILED: '/Game/Workplace/Meshes/3D_printer_Direction Z3_Skeleton' is not a standard unreal filename or a long path name. Reason: Name may not contain the following characters: ' '
[2025.12.18-19.12.56:695][474]LogSlate: Window 'Message Log' being destroyed
[2025.12.18-19.12.56:698][474]LogSlate: Window 'Message Log' being destroyed
[2025.12.18-19.12.59:487][635]LogAssetEditorSubsystem: Opening Asset editor for SkeletalMesh /Game/Workplace/Meshes/3D_printer.3D_printer_Corpus
[2025.12.18-19.12.59:490][635]LogActorComponent: RegisterComponentWithWorld: (/Engine/Transient.World_132:PersistentLevel.AnimationEditorPreviewActor_0.DebugSkelMeshComponent_0) Already registered. Aborting.
[2025.12.18-19.13.17:168][661]LogUObjectGlobals: Warning: Failed to find object 'Class None.ControlRigBlueprint'
[2025.12.18-19.13.19:920][824]LogSlate: Window '3D_printer_Corpus' being destroyed
[2025.12.18-19.13.19:924][824]LogWorld: UWorld::CleanupWorld for World_132, bSessionEnded=true, bCleanupResources=true
[2025.12.18-19.13.19:924][824]LogSlate: InvalidateAllWidgets triggered.  All widgets were invalidated
[2025.12.18-19.13.46:679][ 19]LogUObjectHash: Compacting FUObjectHashTables data took   1.70ms
[2025.12.18-19.13.46:731][ 19]LogSavePackage: Moving '../../../../../../WORKPLACE/Mini_laboratory/MEPhI_VR_term_1/Mini_laboratory/Saved/FirstLevel_Auto2D9A9F42642A03711B70482B8A36CC0CD.tmp' to '../../../../../../WORKPLACE/Mini_laboratory/MEPhI_VR_term_1/Mini_laboratory/Saved/Autosaves/Game/Workplace/Maps/FirstLevel_Auto2.umap'
[2025.12.18-19.13.46:732][ 19]LogFileHelpers: Editor autosave (incl. external actors) for '/Game/Workplace/Maps/FirstLevel' took 0.076
[2025.12.18-19.13.46:732][ 19]LogFileHelpers: Editor autosave (incl. sublevels & external actors) for all levels took 0.076
[2025.12.18-19.13.46:732][ 19]OBJ SavePackage: Generating thumbnails for [7] asset(s) in package [/Game/Workplace/Meshes/3D_printer] ([7] browsable assets)...
[2025.12.18-19.13.46:764][ 19]OBJ SavePackage:     Rendered thumbnail for [SkeletalMesh /Game/Workplace/Meshes/3D_printer.3D_printer_Table]
[2025.12.18-19.13.46:790][ 19]OBJ SavePackage:     Rendered thumbnail for [SkeletalMesh /Game/Workplace/Meshes/3D_printer.3D_printer_Direction Z3]
[2025.12.18-19.13.46:815][ 19]OBJ SavePackage:     Rendered thumbnail for [SkeletalMesh /Game/Workplace/Meshes/3D_printer.3D_printer_Direction Z2]
[2025.12.18-19.13.46:841][ 19]OBJ SavePackage:     Rendered thumbnail for [SkeletalMesh /Game/Workplace/Meshes/3D_printer.3D_printer_Direction Z1]
[2025.12.18-19.13.46:867][ 19]OBJ SavePackage:     Rendered thumbnail for [SkeletalMesh /Game/Workplace/Meshes/3D_printer.3D_printer_Extruder]
[2025.12.18-19.13.46:895][ 19]OBJ SavePackage:     Rendered thumbnail for [SkeletalMesh /Game/Workplace/Meshes/3D_printer.3D_printer_Corpus]
[2025.12.18-19.13.46:922][ 19]OBJ SavePackage:     Rendered thumbnail for [SkeletalMesh /Game/Workplace/Meshes/3D_printer.3D_printer_Door]
[2025.12.18-19.13.46:922][ 19]OBJ SavePackage: Finished generating thumbnails for package [/Game/Workplace/Meshes/3D_printer]
[2025.12.18-19.13.46:960][ 19]LogSavePackage: Moving '../../../../../../WORKPLACE/Mini_laboratory/MEPhI_VR_term_1/Mini_laboratory/Saved/3D_printer_Auto20B72F937455B642FB4E7F89497EFFFD9.tmp' to '../../../../../../WORKPLACE/Mini_laboratory/MEPhI_VR_term_1/Mini_laboratory/Saved/Autosaves/Game/Workplace/Meshes/3D_printer_Auto2.uasset'
[2025.12.18-19.13.46:960][ 19]OBJ SavePackage: Generating thumbnails for [0] asset(s) in package [/Game/Workplace/Meshes/3D_printer_Table_Skeleton] ([1] browsable assets)...
[2025.12.18-19.13.46:960][ 19]OBJ SavePackage: Finished generating thumbnails for package [/Game/Workplace/Meshes/3D_printer_Table_Skeleton]
[2025.12.18-19.13.46:961][ 19]LogSavePackage: Moving '../../../../../../WORKPLACE/Mini_laboratory/MEPhI_VR_term_1/Mini_laboratory/Saved/3D_printer_Table_Skeleton_Auto2C95D0C8742E7A2224AF6CE92366CF2E9.tmp' to '../../../../../../WORKPLACE/Mini_laboratory/MEPhI_VR_term_1/Mini_laboratory/Saved/Autosaves/Game/Workplace/Meshes/3D_printer_Table_Skeleton_Auto2.uasset'
[2025.12.18-19.13.46:962][ 19]OBJ SavePackage: Generating thumbnails for [0] asset(s) in package [/Game/Workplace/Meshes/3D_printer_Extruder_Skeleton] ([1] browsable assets)...
[2025.12.18-19.13.46:962][ 19]OBJ SavePackage: Finished generating thumbnails for package [/Game/Workplace/Meshes/3D_printer_Extruder_Skeleton]
[2025.12.18-19.13.46:963][ 19]LogSavePackage: Moving '../../../../../../WORKPLACE/Mini_laboratory/MEPhI_VR_term_1/Mini_laboratory/Saved/3D_printer_Extruder_Skeleton_Aut2361768941E8F954A30E698128A33F38.tmp' to '../../../../../../WORKPLACE/Mini_laboratory/MEPhI_VR_term_1/Mini_laboratory/Saved/Autosaves/Game/Workplace/Meshes/3D_printer_Extruder_Skeleton_Auto2.uasset'
[2025.12.18-19.13.46:963][ 19]OBJ SavePackage: Generating thumbnails for [0] asset(s) in package [/Game/Workplace/Meshes/3D_printer_Corpus_Skeleton] ([1] browsable assets)...
[2025.12.18-19.13.46:963][ 19]OBJ SavePackage: Finished generating thumbnails for package [/Game/Workplace/Meshes/3D_printer_Corpus_Skeleton]
[2025.12.18-19.13.46:964][ 19]LogSavePackage: Moving '../../../../../../WORKPLACE/Mini_laboratory/MEPhI_VR_term_1/Mini_laboratory/Saved/3D_printer_Corpus_Skeleton_Auto26BC22D304512B4627360F2B9020E6E91.tmp' to '../../../../../../WORKPLACE/Mini_laboratory/MEPhI_VR_term_1/Mini_laboratory/Saved/Autosaves/Game/Workplace/Meshes/3D_printer_Corpus_Skeleton_Auto2.uasset'
[2025.12.18-19.13.46:964][ 19]OBJ SavePackage: Generating thumbnails for [0] asset(s) in package [/Game/Workplace/Meshes/3D_printer_Door_Skeleton] ([1] browsable assets)...
[2025.12.18-19.13.46:964][ 19]OBJ SavePackage: Finished generating thumbnails for package [/Game/Workplace/Meshes/3D_printer_Door_Skeleton]
[2025.12.18-19.13.46:965][ 19]LogSavePackage: Moving '../../../../../../WORKPLACE/Mini_laboratory/MEPhI_VR_term_1/Mini_laboratory/Saved/3D_printer_Door_Skeleton_Auto292AA3ED84EE458DB9DF204AEDF593660.tmp' to '../../../../../../WORKPLACE/Mini_laboratory/MEPhI_VR_term_1/Mini_laboratory/Saved/Autosaves/Game/Workplace/Meshes/3D_printer_Door_Skeleton_Auto2.uasset'
[2025.12.18-19.13.46:965][ 19]LogFileHelpers: Auto-saving content packages took 0.232
[2025.12.18-19.14.21:794][387]LogUObjectHash: Compacting FUObjectHashTables data took   1.56ms
[2025.12.18-19.14.22:920][387]LogSlate: Window 'Save Content' being destroyed
[2025.12.18-19.14.29:810][777]LogPackageName: Error: DoesPackageExist: DoesPackageExist FAILED: '/Game/Workplace/Meshes/3D_printer_Direction Z3_Skeleton' is not a standard unreal filename or a long path name. Reason: Name may not contain the following characters: ' '
[2025.12.18-19.14.29:810][777]LogPackageName: Error: DoesPackageExist: DoesPackageExist FAILED: '/Game/Workplace/Meshes/3D_printer_Direction Z2_Skeleton' is not a standard unreal filename or a long path name. Reason: Name may not contain the following characters: ' '
[2025.12.18-19.14.29:810][777]LogPackageName: Error: DoesPackageExist: DoesPackageExist FAILED: '/Game/Workplace/Meshes/3D_printer_Direction Z1_Skeleton' is not a standard unreal filename or a long path name. Reason: Name may not contain the following characters: ' '
[2025.12.18-19.14.29:827][777]LogUObjectHash: Compacting FUObjectHashTables data took   1.53ms
[2025.12.18-19.14.33:452][777]LogSlate: Window 'Delete Assets' being destroyed
[2025.12.18-19.14.33:479][777]LogPackageName: Error: DoesPackageExist: DoesPackageExist FAILED: '/Game/Workplace/Meshes/3D_printer_Direction Z3_Skeleton' is not a standard unreal filename or a long path name. Reason: Name may not contain the following characters: ' '
[2025.12.18-19.14.33:479][777]LogPackageName: Error: DoesPackageExist: DoesPackageExist FAILED: '/Game/Workplace/Meshes/3D_printer_Direction Z2_Skeleton' is not a standard unreal filename or a long path name. Reason: Name may not contain the following characters: ' '
[2025.12.18-19.14.33:479][777]LogPackageName: Error: DoesPackageExist: DoesPackageExist FAILED: '/Game/Workplace/Meshes/3D_printer_Direction Z1_Skeleton' is not a standard unreal filename or a long path name. Reason: Name may not contain the following characters: ' '
[2025.12.18-19.14.33:496][777]LogPackageName: Error: DoesPackageExist: DoesPackageExist FAILED: '/Game/Workplace/Meshes/3D_printer_Direction Z1_Skeleton' is not a standard unreal filename or a long path name. Reason: Name may not contain the following characters: ' '
[2025.12.18-19.14.33:496][777]LogPackageName: Error: DoesPackageExist: DoesPackageExist FAILED: '/Game/Workplace/Meshes/3D_printer_Direction Z2_Skeleton' is not a standard unreal filename or a long path name. Reason: Name may not contain the following characters: ' '
[2025.12.18-19.14.33:496][777]LogPackageName: Error: DoesPackageExist: DoesPackageExist FAILED: '/Game/Workplace/Meshes/3D_printer_Direction Z3_Skeleton' is not a standard unreal filename or a long path name. Reason: Name may not contain the following characters: ' '
[2025.12.18-19.14.33:517][777]LogUObjectHash: Compacting FUObjectHashTables data took   1.27ms
[2025.12.18-19.14.56:102][169]LogFactory: FactoryCreateFile: StaticMesh with FbxFactory (0 0 D:\WORKPLACE\Mini_laboratory\MEPhI_VR_term_1\blender FBX\3D_printer.fbx)
[2025.12.18-19.14.56:108][169]LogFbx: Loading FBX Scene from D:\WORKPLACE\Mini_laboratory\MEPhI_VR_term_1\blender FBX\3D_printer.fbx
[2025.12.18-19.14.56:119][169]LogFbx: FBX Scene Loaded Succesfully
[2025.12.18-19.16.21:889][169]LogSlate: Window 'FBX Import Options' being destroyed
[2025.12.18-19.16.21:905][169]LogFbx: Triangulating skeletal mesh Table
[2025.12.18-19.16.21:909][169]LogFbx: Warning: Bones digested - 4  Depth of hierarchy - 3
[2025.12.18-19.16.21:910][169]LogSkeletalMesh: Section 0: Material=0, 192 triangles
[2025.12.18-19.16.21:952][169]LogSkeletalMesh: Building Skeletal Mesh 3D_printer_Table...
[2025.12.18-19.16.21:954][169]LogSkeletalMesh: Section 0: Material=0, 192 triangles
[2025.12.18-19.16.21:954][169]LogSkeletalMesh: Built Skeletal Mesh [0.04s] /Game/Workplace/Meshes/3D_printer.3D_printer_Table
[2025.12.18-19.16.21:955][169]LogFbx: Triangulating skeletal mesh Direction Z3
[2025.12.18-19.16.21:957][169]LogFbx: Warning: Bones digested - 4  Depth of hierarchy - 3
[2025.12.18-19.16.21:958][169]LogSkeletalMesh: Section 0: Material=0, 76 triangles
[2025.12.18-19.16.21:958][169]LogPackageName: Error: DoesPackageExist: DoesPackageExist FAILED: '/Game/Workplace/Meshes/3D_printer_Direction Z3_Skeleton' is not a standard unreal filename or a long path name. Reason: Name may not contain the following characters: ' '
[2025.12.18-19.16.21:958][169]LogPackageName: Error: DoesPackageExist: DoesPackageExist FAILED: '/Game/Workplace/Meshes/3D_printer_Direction Z3_Skeleton' is not a standard unreal filename or a long path name. Reason: Name may not contain the following characters: ' '
[2025.12.18-19.16.21:958][169]LogLinker: Error: AddRedirectList(AddKnownMissing) failed to add redirector from /Game/Workplace/Meshes/3D_printer_Direction Z3_Skeleton to /Game/Workplace/Meshes/3D_printer_Direction Z3_Skeleton with invalid characters!
[2025.12.18-19.16.21:960][169]LogSkeletalMesh: Building Skeletal Mesh 3D_printer_Direction Z3...
[2025.12.18-19.16.21:960][169]LogSkeletalMesh: Section 0: Material=0, 76 triangles
[2025.12.18-19.16.21:961][169]LogSkeletalMesh: Built Skeletal Mesh [0.00s] /Game/Workplace/Meshes/3D_printer.3D_printer_Direction Z3
[2025.12.18-19.16.21:961][169]LogFbx: Triangulating skeletal mesh Direction Z2
[2025.12.18-19.16.21:963][169]LogFbx: Warning: Bones digested - 4  Depth of hierarchy - 3
[2025.12.18-19.16.21:965][169]LogSkeletalMesh: Section 0: Material=0, 76 triangles
[2025.12.18-19.16.21:966][169]LogPackageName: Error: DoesPackageExist: DoesPackageExist FAILED: '/Game/Workplace/Meshes/3D_printer_Direction Z2_Skeleton' is not a standard unreal filename or a long path name. Reason: Name may not contain the following characters: ' '
[2025.12.18-19.16.21:966][169]LogPackageName: Error: DoesPackageExist: DoesPackageExist FAILED: '/Game/Workplace/Meshes/3D_printer_Direction Z2_Skeleton' is not a standard unreal filename or a long path name. Reason: Name may not contain the following characters: ' '
[2025.12.18-19.16.21:966][169]LogLinker: Error: AddRedirectList(AddKnownMissing) failed to add redirector from /Game/Workplace/Meshes/3D_printer_Direction Z2_Skeleton to /Game/Workplace/Meshes/3D_printer_Direction Z2_Skeleton with invalid characters!
[2025.12.18-19.16.21:968][169]LogSkeletalMesh: Building Skeletal Mesh 3D_printer_Direction Z2...
[2025.12.18-19.16.21:969][169]LogSkeletalMesh: Section 0: Material=0, 76 triangles
[2025.12.18-19.16.21:969][169]LogSkeletalMesh: Built Skeletal Mesh [0.00s] /Game/Workplace/Meshes/3D_printer.3D_printer_Direction Z2
[2025.12.18-19.16.21:969][169]LogFbx: Triangulating skeletal mesh Direction Z1
[2025.12.18-19.16.21:971][169]LogFbx: Warning: Bones digested - 4  Depth of hierarchy - 3
[2025.12.18-19.16.21:972][169]LogSkeletalMesh: Section 0: Material=0, 76 triangles
[2025.12.18-19.16.21:972][169]LogPackageName: Error: DoesPackageExist: DoesPackageExist FAILED: '/Game/Workplace/Meshes/3D_printer_Direction Z1_Skeleton' is not a standard unreal filename or a long path name. Reason: Name may not contain the following characters: ' '
[2025.12.18-19.16.21:972][169]LogPackageName: Error: DoesPackageExist: DoesPackageExist FAILED: '/Game/Workplace/Meshes/3D_printer_Direction Z1_Skeleton' is not a standard unreal filename or a long path name. Reason: Name may not contain the following characters: ' '
[2025.12.18-19.16.21:972][169]LogLinker: Error: AddRedirectList(AddKnownMissing) failed to add redirector from /Game/Workplace/Meshes/3D_printer_Direction Z1_Skeleton to /Game/Workplace/Meshes/3D_printer_Direction Z1_Skeleton with invalid characters!
[2025.12.18-19.16.21:973][169]LogSkeletalMesh: Building Skeletal Mesh 3D_printer_Direction Z1...
[2025.12.18-19.16.21:973][169]LogSkeletalMesh: Section 0: Material=0, 76 triangles
[2025.12.18-19.16.21:974][169]LogSkeletalMesh: Built Skeletal Mesh [0.00s] /Game/Workplace/Meshes/3D_printer.3D_printer_Direction Z1
[2025.12.18-19.16.21:974][169]LogFbx: Triangulating skeletal mesh Extruder
[2025.12.18-19.16.21:978][169]LogFbx: Triangulating skeletal mesh Direction X
[2025.12.18-19.16.21:981][169]LogFbx: Warning: Bones digested - 8  Depth of hierarchy - 4
[2025.12.18-19.16.21:984][169]LogSkeletalMesh: Section 0: Material=0, 392 triangles
[2025.12.18-19.16.21:986][169]LogSkeletalMesh: Building Skeletal Mesh 3D_printer_Extruder...
[2025.12.18-19.16.21:989][169]LogSkeletalMesh: Section 0: Material=0, 392 triangles
[2025.12.18-19.16.21:989][169]LogSkeletalMesh: Built Skeletal Mesh [0.00s] /Game/Workplace/Meshes/3D_printer.3D_printer_Extruder
[2025.12.18-19.16.21:990][169]LogFbx: Triangulating skeletal mesh Corpus
[2025.12.18-19.16.21:999][169]LogFbx: Warning: Bones digested - 3  Depth of hierarchy - 2
[2025.12.18-19.16.22:006][169]LogSkeletalMesh: Section 0: Material=0, 670 triangles
[2025.12.18-19.16.22:008][169]LogSkeletalMesh: Building Skeletal Mesh 3D_printer_Corpus...
[2025.12.18-19.16.22:013][169]LogSkeletalMesh: Section 0: Material=0, 670 triangles
[2025.12.18-19.16.22:015][169]LogSkeletalMesh: Built Skeletal Mesh [0.01s] /Game/Workplace/Meshes/3D_printer.3D_printer_Corpus
[2025.12.18-19.16.22:016][169]LogFbx: Triangulating skeletal mesh Door
[2025.12.18-19.16.22:017][169]LogFbx: Warning: Bones digested - 1  Depth of hierarchy - 1
[2025.12.18-19.16.22:017][169]LogSkeletalMesh: Section 0: Material=0, 48 triangles
[2025.12.18-19.16.22:019][169]LogSkeletalMesh: Building Skeletal Mesh 3D_printer_Door...
[2025.12.18-19.16.22:019][169]LogSkeletalMesh: Section 0: Material=0, 48 triangles
[2025.12.18-19.16.22:020][169]LogSkeletalMesh: Built Skeletal Mesh [0.00s] /Game/Workplace/Meshes/3D_printer.3D_printer_Door
[2025.12.18-19.16.22:022][169]FBXImport: FBX File Loading: Found name clash, node 'Bone' was renamed to 'Bone1' 
[2025.12.18-19.16.22:022][169]FBXImport: FBX File Loading: Found name clash, node 'Bone' was renamed to 'Bone2' 
[2025.12.18-19.16.22:022][169]FBXImport: FBX File Loading: Found name clash, node 'Bone' was renamed to 'Bone3' 
[2025.12.18-19.16.22:022][169]FBXImport: FBX File Loading: Found name clash, node 'Bone' was renamed to 'Bone4' 
[2025.12.18-19.16.22:022][169]FBXImport: FBX File Loading: Found name clash, node 'Bone' was renamed to 'Bone5' 
[2025.12.18-19.16.22:022][169]FBXImport: FBX File Loading: Found name clash, node 'Bone' was renamed to 'Bone6' 
[2025.12.18-19.16.22:022][169]FBXImport: FBX File Loading: Found name clash, node 'Bone_end' was renamed to 'Bone_end7' 
[2025.12.18-19.16.22:022][169]FBXImport: FBX File Loading: Found name clash, node 'Bone_end' was renamed to 'Bone_end8' 
[2025.12.18-19.16.22:022][169]FBXImport: FBX File Loading: Found name clash, node 'Bone_end' was renamed to 'Bone_end9' 
[2025.12.18-19.16.22:022][169]FBXImport: FBX File Loading: Found name clash, node 'Bone_end' was renamed to 'Bone_end10' 
[2025.12.18-19.16.22:022][169]FBXImport: FBX File Loading: Found name clash, node 'Bone_end' was renamed to 'Bone_end11' 
[2025.12.18-19.16.22:022][169]FBXImport: FBX File Loading: Found name clash, node 'Bone_end' was renamed to 'Bone_end12' 
[2025.12.18-19.16.22:022][169]FBXImport: Warning: No smoothing group information was found in this FBX scene.  Please make sure to enable the 'Export Smoothing Groups' option in the FBX Exporter plug-in before exporting the file.  Even for tools that don't support smoothing groups, the FBX Exporter will generate appropriate smoothing data at export-time so that correct vertex normals can be inferred while importing. 
[2025.12.18-19.16.22:134][169]LogPackageName: Error: DoesPackageExist: DoesPackageExist FAILED: '/Game/Workplace/Meshes/3D_printer_Direction Z3_Skeleton' is not a standard unreal filename or a long path name. Reason: Name may not contain the following characters: ' '
[2025.12.18-19.16.22:134][169]LogPackageName: Error: DoesPackageExist: DoesPackageExist FAILED: '/Game/Workplace/Meshes/3D_printer_Direction Z2_Skeleton' is not a standard unreal filename or a long path name. Reason: Name may not contain the following characters: ' '
[2025.12.18-19.16.22:134][169]LogPackageName: Error: DoesPackageExist: DoesPackageExist FAILED: '/Game/Workplace/Meshes/3D_printer_Direction Z1_Skeleton' is not a standard unreal filename or a long path name. Reason: Name may not contain the following characters: ' '
[2025.12.18-19.16.22:235][171]LogPackageName: Error: DoesPackageExist: DoesPackageExist FAILED: '/Game/Workplace/Meshes/3D_printer_Direction Z1_Skeleton' is not a standard unreal filename or a long path name. Reason: Name may not contain the following characters: ' '
[2025.12.18-19.16.22:236][171]LogPackageName: Error: DoesPackageExist: DoesPackageExist FAILED: '/Game/Workplace/Meshes/3D_printer_Direction Z2_Skeleton' is not a standard unreal filename or a long path name. Reason: Name may not contain the following characters: ' '
[2025.12.18-19.16.22:236][171]LogPackageName: Error: DoesPackageExist: DoesPackageExist FAILED: '/Game/Workplace/Meshes/3D_printer_Direction Z3_Skeleton' is not a standard unreal filename or a long path name. Reason: Name may not contain the following characters: ' '
[2025.12.18-19.16.26:070][397]LogSlate: Window 'Message Log' being destroyed
[2025.12.18-19.16.26:073][397]LogSlate: Window 'Message Log' being destroyed
[2025.12.18-19.16.47:248][495]LogFactory: FactoryCreateFile: StaticMesh with FbxFactory (0 0 D:\WORKPLACE\Mini_laboratory\MEPhI_VR_term_1\blender FBX\3D_printer.fbx)
[2025.12.18-19.16.47:255][495]LogFbx: Loading FBX Scene from D:\WORKPLACE\Mini_laboratory\MEPhI_VR_term_1\blender FBX\3D_printer.fbx
[2025.12.18-19.16.47:265][495]LogFbx: FBX Scene Loaded Succesfully
[2025.12.18-19.17.08:855][495]LogSlate: Window 'FBX Import Options' being destroyed
[2025.12.18-19.17.08:866][495]LogFbx: Triangulating skeletal mesh Table
[2025.12.18-19.17.08:869][495]LogFbx: Warning: Bones digested - 4  Depth of hierarchy - 3
[2025.12.18-19.17.08:870][495]LogSkeletalMesh: Section 0: Material=0, 192 triangles
[2025.12.18-19.17.08:904][495]LogSkeletalMesh: Building Skeletal Mesh 3D_printer_Table...
[2025.12.18-19.17.08:906][495]LogSkeletalMesh: Section 0: Material=0, 192 triangles
[2025.12.18-19.17.08:906][495]LogSkeletalMesh: Built Skeletal Mesh [0.03s] /Game/Workplace/Meshes/3D_printer.3D_printer_Table
[2025.12.18-19.17.08:908][495]LogFbx: Triangulating skeletal mesh Direction Z3
[2025.12.18-19.17.08:909][495]LogFbx: Warning: Bones digested - 4  Depth of hierarchy - 3
[2025.12.18-19.17.08:910][495]LogSkeletalMesh: Section 0: Material=0, 76 triangles
[2025.12.18-19.17.11:934][495]LogSlate: Window 'Message' being destroyed
[2025.12.18-19.17.11:938][495]Message dialog closed, result: YesAll, title: Message, text: FAILED TO MERGE BONES:

 This could happen if significant hierarchical changes have been made
e.g. inserting a bone between nodes.
Would you like to regenerate the Skeleton from this mesh?

***WARNING: THIS MAY INVALIDATE OR REQUIRE RECOMPRESSION OF ANIMATION DATA.***

[2025.12.18-19.17.13:082][495]LogSlate: Window 'Message' being destroyed
[2025.12.18-19.17.13:085][495]Message dialog closed, result: Yes, title: Message, text: Would you like to merge all SkeletalMeshes using this skeleton to ensure all bones are merged? This will require to load those SkeletalMeshes.
[2025.12.18-19.17.15:770][495]LogSlate: Window 'Message' being destroyed
[2025.12.18-19.17.15:773][495]Message dialog closed, result: Ok, title: Message, text: Failed to merge SkeletalMesh '3D_printer_Table'.
[2025.12.18-19.17.15:818][495]LogSkeletalMesh: Building Skeletal Mesh 3D_printer_Direction Z3...
[2025.12.18-19.17.15:819][495]LogSkeletalMesh: Section 0: Material=0, 76 triangles
[2025.12.18-19.17.15:819][495]LogSkeletalMesh: Built Skeletal Mesh [0.02s] /Game/Workplace/Meshes/3D_printer.3D_printer_Direction Z3
[2025.12.18-19.17.15:820][495]LogFbx: Triangulating skeletal mesh Direction Z2
[2025.12.18-19.17.15:822][495]LogFbx: Warning: Bones digested - 4  Depth of hierarchy - 3
[2025.12.18-19.17.15:823][495]LogSkeletalMesh: Section 0: Material=0, 76 triangles
[2025.12.18-19.17.15:824][495]LogSkeletalMesh: Building Skeletal Mesh 3D_printer_Direction Z2...
[2025.12.18-19.17.15:824][495]LogSkeletalMesh: Section 0: Material=0, 76 triangles
[2025.12.18-19.17.15:824][495]LogSkeletalMesh: Built Skeletal Mesh [0.00s] /Game/Workplace/Meshes/3D_printer.3D_printer_Direction Z2
[2025.12.18-19.17.15:826][495]LogFbx: Triangulating skeletal mesh Direction Z1
[2025.12.18-19.17.15:828][495]LogFbx: Warning: Bones digested - 4  Depth of hierarchy - 3
[2025.12.18-19.17.15:828][495]LogSkeletalMesh: Section 0: Material=0, 76 triangles
[2025.12.18-19.17.15:830][495]LogSkeletalMesh: Building Skeletal Mesh 3D_printer_Direction Z1...
[2025.12.18-19.17.15:830][495]LogSkeletalMesh: Section 0: Material=0, 76 triangles
[2025.12.18-19.17.15:831][495]LogSkeletalMesh: Built Skeletal Mesh [0.00s] /Game/Workplace/Meshes/3D_printer.3D_printer_Direction Z1
[2025.12.18-19.17.15:832][495]LogFbx: Triangulating skeletal mesh Extruder
[2025.12.18-19.17.15:837][495]LogFbx: Triangulating skeletal mesh Direction X
[2025.12.18-19.17.15:839][495]LogFbx: Warning: Bones digested - 8  Depth of hierarchy - 4
[2025.12.18-19.17.15:843][495]LogSkeletalMesh: Section 0: Material=0, 392 triangles
[2025.12.18-19.17.15:844][495]LogSkeletalMesh: Building Skeletal Mesh 3D_printer_Extruder...
[2025.12.18-19.17.15:846][495]LogSkeletalMesh: Section 0: Material=0, 392 triangles
[2025.12.18-19.17.15:847][495]LogSkeletalMesh: Built Skeletal Mesh [0.00s] /Game/Workplace/Meshes/3D_printer.3D_printer_Extruder
[2025.12.18-19.17.15:850][495]LogFbx: Triangulating skeletal mesh Corpus
[2025.12.18-19.17.15:860][495]LogFbx: Warning: Bones digested - 3  Depth of hierarchy - 2
[2025.12.18-19.17.15:867][495]LogSkeletalMesh: Section 0: Material=0, 670 triangles
[2025.12.18-19.17.15:869][495]LogSkeletalMesh: Building Skeletal Mesh 3D_printer_Corpus...
[2025.12.18-19.17.15:874][495]LogSkeletalMesh: Section 0: Material=0, 670 triangles
[2025.12.18-19.17.15:876][495]LogSkeletalMesh: Built Skeletal Mesh [0.01s] /Game/Workplace/Meshes/3D_printer.3D_printer_Corpus
[2025.12.18-19.17.15:879][495]LogFbx: Triangulating skeletal mesh Door
[2025.12.18-19.17.15:880][495]LogFbx: Warning: Bones digested - 1  Depth of hierarchy - 1
[2025.12.18-19.17.15:881][495]LogSkeletalMesh: Section 0: Material=0, 48 triangles
[2025.12.18-19.17.15:882][495]LogSkeletalMesh: Building Skeletal Mesh 3D_printer_Door...
[2025.12.18-19.17.15:883][495]LogSkeletalMesh: Section 0: Material=0, 48 triangles
[2025.12.18-19.17.15:883][495]LogSkeletalMesh: Built Skeletal Mesh [0.00s] /Game/Workplace/Meshes/3D_printer.3D_printer_Door
[2025.12.18-19.17.15:887][495]FBXImport: FBX File Loading: Found name clash, node 'Bone' was renamed to 'Bone1' 
[2025.12.18-19.17.15:887][495]FBXImport: FBX File Loading: Found name clash, node 'Bone' was renamed to 'Bone2' 
[2025.12.18-19.17.15:887][495]FBXImport: FBX File Loading: Found name clash, node 'Bone' was renamed to 'Bone3' 
[2025.12.18-19.17.15:887][495]FBXImport: FBX File Loading: Found name clash, node 'Bone' was renamed to 'Bone4' 
[2025.12.18-19.17.15:887][495]FBXImport: FBX File Loading: Found name clash, node 'Bone' was renamed to 'Bone5' 
[2025.12.18-19.17.15:887][495]FBXImport: FBX File Loading: Found name clash, node 'Bone' was renamed to 'Bone6' 
[2025.12.18-19.17.15:887][495]FBXImport: FBX File Loading: Found name clash, node 'Bone_end' was renamed to 'Bone_end7' 
[2025.12.18-19.17.15:887][495]FBXImport: FBX File Loading: Found name clash, node 'Bone_end' was renamed to 'Bone_end8' 
[2025.12.18-19.17.15:887][495]FBXImport: FBX File Loading: Found name clash, node 'Bone_end' was renamed to 'Bone_end9' 
[2025.12.18-19.17.15:887][495]FBXImport: FBX File Loading: Found name clash, node 'Bone_end' was renamed to 'Bone_end10' 
[2025.12.18-19.17.15:887][495]FBXImport: FBX File Loading: Found name clash, node 'Bone_end' was renamed to 'Bone_end11' 
[2025.12.18-19.17.15:887][495]FBXImport: FBX File Loading: Found name clash, node 'Bone_end' was renamed to 'Bone_end12' 
[2025.12.18-19.17.15:887][495]FBXImport: Warning: No smoothing group information was found in this FBX scene.  Please make sure to enable the 'Export Smoothing Groups' option in the FBX Exporter plug-in before exporting the file.  Even for tools that don't support smoothing groups, the FBX Exporter will generate appropriate smoothing data at export-time so that correct vertex normals can be inferred while importing. 
[2025.12.18-19.17.17:704][582]LogSlate: Window 'Message Log' being destroyed
[2025.12.18-19.17.17:706][582]LogSlate: Window 'Message Log' being destroyed
[2025.12.18-19.17.33:415][518]LogEditorViewport: Clicking on Actor (LMB): BP_Sky_Sphere_C (Sky Sphere)
[2025.12.18-19.17.33:964][550]LogEditorViewport: Clicking on Actor (LMB): SkeletalMeshActor (3D_printer_Corpus4)
[2025.12.18-19.17.34:740][593]Cmd: DELETE
[2025.12.18-19.17.34:740][593]Cmd: ACTOR DELETE
[2025.12.18-19.17.34:744][593]LogEditorActor: Deleted Actor: SkeletalMeshActor
[2025.12.18-19.17.34:762][593]LogUObjectHash: Compacting FUObjectHashTables data took   1.74ms
[2025.12.18-19.17.34:765][593]LogEditorActor: Deleted 1 Actors (0.025 secs)
[2025.12.18-19.18.54:805][389]LogPackageName: Error: DoesPackageExist: DoesPackageExist FAILED: '/Game/Workplace/Meshes/3D_printer_Direction Z1_Skeleton' is not a standard unreal filename or a long path name. Reason: Name may not contain the following characters: ' '
[2025.12.18-19.18.54:805][389]LogPackageName: Error: DoesPackageExist: DoesPackageExist FAILED: '/Game/Workplace/Meshes/3D_printer_Direction Z2_Skeleton' is not a standard unreal filename or a long path name. Reason: Name may not contain the following characters: ' '
[2025.12.18-19.18.54:805][389]LogPackageName: Error: DoesPackageExist: DoesPackageExist FAILED: '/Game/Workplace/Meshes/3D_printer_Direction Z3_Skeleton' is not a standard unreal filename or a long path name. Reason: Name may not contain the following characters: ' '
[2025.12.18-19.18.54:821][389]LogUObjectHash: Compacting FUObjectHashTables data took   0.63ms
[2025.12.18-19.18.58:710][389]LogSlate: Window 'Delete Assets' being destroyed
[2025.12.18-19.18.58:742][389]LogPackageName: Error: DoesPackageExist: DoesPackageExist FAILED: '/Game/Workplace/Meshes/3D_printer_Direction Z1_Skeleton' is not a standard unreal filename or a long path name. Reason: Name may not contain the following characters: ' '
[2025.12.18-19.18.58:742][389]LogPackageName: Error: DoesPackageExist: DoesPackageExist FAILED: '/Game/Workplace/Meshes/3D_printer_Direction Z2_Skeleton' is not a standard unreal filename or a long path name. Reason: Name may not contain the following characters: ' '
[2025.12.18-19.18.58:742][389]LogPackageName: Error: DoesPackageExist: DoesPackageExist FAILED: '/Game/Workplace/Meshes/3D_printer_Direction Z3_Skeleton' is not a standard unreal filename or a long path name. Reason: Name may not contain the following characters: ' '
[2025.12.18-19.18.58:807][389]LogPackageName: Error: DoesPackageExist: DoesPackageExist FAILED: '/Game/Workplace/Meshes/3D_printer_Direction Z3_Skeleton' is not a standard unreal filename or a long path name. Reason: Name may not contain the following characters: ' '
[2025.12.18-19.18.58:807][389]LogPackageName: Error: DoesPackageExist: DoesPackageExist FAILED: '/Game/Workplace/Meshes/3D_printer_Direction Z2_Skeleton' is not a standard unreal filename or a long path name. Reason: Name may not contain the following characters: ' '
[2025.12.18-19.18.58:807][389]LogPackageName: Error: DoesPackageExist: DoesPackageExist FAILED: '/Game/Workplace/Meshes/3D_printer_Direction Z1_Skeleton' is not a standard unreal filename or a long path name. Reason: Name may not contain the following characters: ' '
[2025.12.18-19.18.58:828][389]LogUObjectHash: Compacting FUObjectHashTables data took   1.66ms
[2025.12.18-19.19.16:343][815]LogFactory: FactoryCreateFile: StaticMesh with FbxFactory (0 0 D:\WORKPLACE\Mini_laboratory\MEPhI_VR_term_1\blender FBX\3D_printer.fbx)
[2025.12.18-19.19.16:363][815]LogFbx: Loading FBX Scene from D:\WORKPLACE\Mini_laboratory\MEPhI_VR_term_1\blender FBX\3D_printer.fbx
[2025.12.18-19.19.16:373][815]LogFbx: FBX Scene Loaded Succesfully
[2025.12.18-19.19.24:328][815]LogSlate: Window 'FBX Import Options' being destroyed
[2025.12.18-19.19.24:342][815]LogFbx: Display: Triangulating static mesh Table
[2025.12.18-19.19.24:346][815]LogFbx: Display: Triangulating static mesh Direction Z3
[2025.12.18-19.19.24:347][815]LogFbx: Display: Triangulating static mesh Direction Z2
[2025.12.18-19.19.24:348][815]LogFbx: Display: Triangulating static mesh Direction Z1
[2025.12.18-19.19.24:349][815]LogFbx: Display: Triangulating static mesh Extruder
[2025.12.18-19.19.24:353][815]LogFbx: Display: Triangulating static mesh Direction X
[2025.12.18-19.19.24:355][815]LogFbx: Display: Triangulating static mesh Corpus
[2025.12.18-19.19.24:363][815]LogFbx: Display: Triangulating static mesh Door
[2025.12.18-19.19.24:366][815]LogStaticMesh: Building static mesh 3D_printer...
[2025.12.18-19.19.24:381][815]LogStaticMesh: Built static mesh [0.02s] /Game/Workplace/Meshes/3D_printer.3D_printer
[2025.12.18-19.19.24:385][815]LogStaticMesh: Warning: 3D_printer has degenerate tangent bases which will result in incorrect shading.  MikkTSpace relies on tangent bases and may result in mesh corruption, consider disabling this option.
[2025.12.18-19.19.24:386][815]LogStaticMesh: Warning: 3D_printer has some nearly zero bi-normals which can create some issues. (Tolerance of 1E-4)
[2025.12.18-19.19.24:395][815]FBXImport: FBX File Loading: Found name clash, node 'Bone' was renamed to 'Bone1' 
[2025.12.18-19.19.24:395][815]FBXImport: FBX File Loading: Found name clash, node 'Bone' was renamed to 'Bone2' 
[2025.12.18-19.19.24:395][815]FBXImport: FBX File Loading: Found name clash, node 'Bone' was renamed to 'Bone3' 
[2025.12.18-19.19.24:395][815]FBXImport: FBX File Loading: Found name clash, node 'Bone' was renamed to 'Bone4' 
[2025.12.18-19.19.24:395][815]FBXImport: FBX File Loading: Found name clash, node 'Bone' was renamed to 'Bone5' 
[2025.12.18-19.19.24:395][815]FBXImport: FBX File Loading: Found name clash, node 'Bone' was renamed to 'Bone6' 
[2025.12.18-19.19.24:395][815]FBXImport: FBX File Loading: Found name clash, node 'Bone_end' was renamed to 'Bone_end7' 
[2025.12.18-19.19.24:395][815]FBXImport: FBX File Loading: Found name clash, node 'Bone_end' was renamed to 'Bone_end8' 
[2025.12.18-19.19.24:395][815]FBXImport: FBX File Loading: Found name clash, node 'Bone_end' was renamed to 'Bone_end9' 
[2025.12.18-19.19.24:395][815]FBXImport: FBX File Loading: Found name clash, node 'Bone_end' was renamed to 'Bone_end10' 
[2025.12.18-19.19.24:395][815]FBXImport: FBX File Loading: Found name clash, node 'Bone_end' was renamed to 'Bone_end11' 
[2025.12.18-19.19.24:395][815]FBXImport: FBX File Loading: Found name clash, node 'Bone_end' was renamed to 'Bone_end12' 
[2025.12.18-19.19.24:395][815]FBXImport: Warning: No smoothing group information was found in this FBX scene.  Please make sure to enable the 'Export Smoothing Groups' option in the FBX Exporter plug-in before exporting the file.  Even for tools that don't support smoothing groups, the FBX Exporter will generate appropriate smoothing data at export-time so that correct vertex normals can be inferred while importing. 
[2025.12.18-19.19.24:395][815]FBXImport: Warning: 3D_printer has degenerate tangent bases which will result in incorrect shading.  MikkTSpace relies on tangent bases and may result in mesh corruption, consider disabling this option. 
[2025.12.18-19.19.24:395][815]FBXImport: Warning: 3D_printer has some nearly zero bi-normals which can create some issues. (Tolerance of 1E-4) 
[2025.12.18-19.19.27:300][977]LogSlate: Window 'Message Log' being destroyed
[2025.12.18-19.19.27:303][977]LogSlate: Window 'Message Log' being destroyed
[2025.12.18-19.19.31:664][122]LogEditorFactories: Performing atomic reimport of [D:/WORKPLACE/Mini_laboratory/MEPhI_VR_term_1/blender FBX/3D_printer.fbx]
[2025.12.18-19.19.31:695][122]LogFbx: Loading FBX Scene from D:/WORKPLACE/Mini_laboratory/MEPhI_VR_term_1/blender FBX/3D_printer.fbx
[2025.12.18-19.19.31:705][122]LogFbx: FBX Scene Loaded Succesfully
[2025.12.18-19.19.31:733][122]LogFbx: Display: Triangulating static mesh Table
[2025.12.18-19.19.31:750][122]LogFbx: Display: Triangulating static mesh Direction Z3
[2025.12.18-19.19.31:764][122]LogFbx: Display: Triangulating static mesh Direction Z2
[2025.12.18-19.19.31:781][122]LogFbx: Display: Triangulating static mesh Direction Z1
[2025.12.18-19.19.31:798][122]LogFbx: Display: Triangulating static mesh Extruder
[2025.12.18-19.19.31:815][122]LogFbx: Display: Triangulating static mesh Direction X
[2025.12.18-19.19.31:832][122]LogFbx: Display: Triangulating static mesh Corpus
[2025.12.18-19.19.31:865][122]LogFbx: Display: Triangulating static mesh Door
[2025.12.18-19.19.31:881][122]LogStaticMesh: Building static mesh 3D_printer...
[2025.12.18-19.19.31:897][122]LogStaticMesh: Built static mesh [0.02s] /Game/Workplace/Meshes/3D_printer.3D_printer
[2025.12.18-19.19.31:900][122]LogStaticMesh: Warning: 3D_printer has degenerate tangent bases which will result in incorrect shading.  MikkTSpace relies on tangent bases and may result in mesh corruption, consider disabling this option.
[2025.12.18-19.19.31:900][122]LogStaticMesh: Warning: 3D_printer has some nearly zero bi-normals which can create some issues. (Tolerance of 1E-4)
[2025.12.18-19.19.31:909][122]LogEditorFactories: -- imported successfully
[2025.12.18-19.19.31:912][122]FBXImport: FBX File Loading: Found name clash, node 'Bone' was renamed to 'Bone1' 
[2025.12.18-19.19.31:912][122]FBXImport: FBX File Loading: Found name clash, node 'Bone' was renamed to 'Bone2' 
[2025.12.18-19.19.31:912][122]FBXImport: FBX File Loading: Found name clash, node 'Bone' was renamed to 'Bone3' 
[2025.12.18-19.19.31:912][122]FBXImport: FBX File Loading: Found name clash, node 'Bone' was renamed to 'Bone4' 
[2025.12.18-19.19.31:912][122]FBXImport: FBX File Loading: Found name clash, node 'Bone' was renamed to 'Bone5' 
[2025.12.18-19.19.31:912][122]FBXImport: FBX File Loading: Found name clash, node 'Bone' was renamed to 'Bone6' 
[2025.12.18-19.19.31:912][122]FBXImport: FBX File Loading: Found name clash, node 'Bone_end' was renamed to 'Bone_end7' 
[2025.12.18-19.19.31:912][122]FBXImport: FBX File Loading: Found name clash, node 'Bone_end' was renamed to 'Bone_end8' 
[2025.12.18-19.19.31:912][122]FBXImport: FBX File Loading: Found name clash, node 'Bone_end' was renamed to 'Bone_end9' 
[2025.12.18-19.19.31:912][122]FBXImport: FBX File Loading: Found name clash, node 'Bone_end' was renamed to 'Bone_end10' 
[2025.12.18-19.19.31:912][122]FBXImport: FBX File Loading: Found name clash, node 'Bone_end' was renamed to 'Bone_end11' 
[2025.12.18-19.19.31:912][122]FBXImport: FBX File Loading: Found name clash, node 'Bone_end' was renamed to 'Bone_end12' 
[2025.12.18-19.19.31:912][122]FBXImport: Warning: No smoothing group information was found in this FBX scene.  Please make sure to enable the 'Export Smoothing Groups' option in the FBX Exporter plug-in before exporting the file.  Even for tools that don't support smoothing groups, the FBX Exporter will generate appropriate smoothing data at export-time so that correct vertex normals can be inferred while importing. 
[2025.12.18-19.19.31:912][122]FBXImport: Warning: 3D_printer has degenerate tangent bases which will result in incorrect shading.  MikkTSpace relies on tangent bases and may result in mesh corruption, consider disabling this option. 
[2025.12.18-19.19.31:912][122]FBXImport: Warning: 3D_printer has some nearly zero bi-normals which can create some issues. (Tolerance of 1E-4) 
[2025.12.18-19.19.44:110][441]LogSlate: Window 'Message' being destroyed
[2025.12.18-19.19.44:112][441]Message dialog closed, result: YesAll, title: Message, text: Do you want to overwrite the existing asset?

An asset already exists at the import location: /Game/Workplace/Meshes/3D_printer
[2025.12.18-19.19.44:113][441]LogFactory: FactoryCreateFile: StaticMesh with FbxFactory (0 0 ../../../../../../WORKPLACE/Mini_laboratory/MEPhI_VR_term_1/blender FBX/3D_printer.fbx)
[2025.12.18-19.19.44:114][441]LogEditorFactories: Performing atomic reimport of [D:/WORKPLACE/Mini_laboratory/MEPhI_VR_term_1/blender FBX/3D_printer.fbx]
[2025.12.18-19.19.44:121][441]LogFbx: Loading FBX Scene from D:/WORKPLACE/Mini_laboratory/MEPhI_VR_term_1/blender FBX/3D_printer.fbx
[2025.12.18-19.19.44:132][441]LogFbx: FBX Scene Loaded Succesfully
[2025.12.18-19.19.44:164][441]LogFbx: Display: Triangulating static mesh Table
[2025.12.18-19.19.44:168][441]LogFbx: Display: Triangulating static mesh Direction Z3
[2025.12.18-19.19.44:169][441]LogFbx: Display: Triangulating static mesh Direction Z2
[2025.12.18-19.19.44:170][441]LogFbx: Display: Triangulating static mesh Direction Z1
[2025.12.18-19.19.44:171][441]LogFbx: Display: Triangulating static mesh Extruder
[2025.12.18-19.19.44:175][441]LogFbx: Display: Triangulating static mesh Direction X
[2025.12.18-19.19.44:177][441]LogFbx: Display: Triangulating static mesh Corpus
[2025.12.18-19.19.44:186][441]LogFbx: Display: Triangulating static mesh Door
[2025.12.18-19.19.44:189][441]LogStaticMesh: Building static mesh 3D_printer...
[2025.12.18-19.19.44:203][441]LogStaticMesh: Built static mesh [0.01s] /Game/Workplace/Meshes/3D_printer.3D_printer
[2025.12.18-19.19.44:206][441]LogStaticMesh: Warning: 3D_printer has degenerate tangent bases which will result in incorrect shading.  MikkTSpace relies on tangent bases and may result in mesh corruption, consider disabling this option.
[2025.12.18-19.19.44:206][441]LogStaticMesh: Warning: 3D_printer has some nearly zero bi-normals which can create some issues. (Tolerance of 1E-4)
[2025.12.18-19.19.44:216][441]LogEditorFactories: -- imported successfully
[2025.12.18-19.19.44:219][441]FBXImport: FBX File Loading: Found name clash, node 'Bone' was renamed to 'Bone1' 
[2025.12.18-19.19.44:219][441]FBXImport: FBX File Loading: Found name clash, node 'Bone' was renamed to 'Bone2' 
[2025.12.18-19.19.44:219][441]FBXImport: FBX File Loading: Found name clash, node 'Bone' was renamed to 'Bone3' 
[2025.12.18-19.19.44:219][441]FBXImport: FBX File Loading: Found name clash, node 'Bone' was renamed to 'Bone4' 
[2025.12.18-19.19.44:219][441]FBXImport: FBX File Loading: Found name clash, node 'Bone' was renamed to 'Bone5' 
[2025.12.18-19.19.44:219][441]FBXImport: FBX File Loading: Found name clash, node 'Bone' was renamed to 'Bone6' 
[2025.12.18-19.19.44:219][441]FBXImport: FBX File Loading: Found name clash, node 'Bone_end' was renamed to 'Bone_end7' 
[2025.12.18-19.19.44:219][441]FBXImport: FBX File Loading: Found name clash, node 'Bone_end' was renamed to 'Bone_end8' 
[2025.12.18-19.19.44:219][441]FBXImport: FBX File Loading: Found name clash, node 'Bone_end' was renamed to 'Bone_end9' 
[2025.12.18-19.19.44:219][441]FBXImport: FBX File Loading: Found name clash, node 'Bone_end' was renamed to 'Bone_end10' 
[2025.12.18-19.19.44:219][441]FBXImport: FBX File Loading: Found name clash, node 'Bone_end' was renamed to 'Bone_end11' 
[2025.12.18-19.19.44:219][441]FBXImport: FBX File Loading: Found name clash, node 'Bone_end' was renamed to 'Bone_end12' 
[2025.12.18-19.19.44:219][441]FBXImport: Warning: No smoothing group information was found in this FBX scene.  Please make sure to enable the 'Export Smoothing Groups' option in the FBX Exporter plug-in before exporting the file.  Even for tools that don't support smoothing groups, the FBX Exporter will generate appropriate smoothing data at export-time so that correct vertex normals can be inferred while importing. 
[2025.12.18-19.19.44:219][441]FBXImport: Warning: 3D_printer has degenerate tangent bases which will result in incorrect shading.  MikkTSpace relies on tangent bases and may result in mesh corruption, consider disabling this option. 
[2025.12.18-19.19.44:219][441]FBXImport: Warning: 3D_printer has some nearly zero bi-normals which can create some issues. (Tolerance of 1E-4) 
[2025.12.18-19.19.46:146][537]LogAssetEditorSubsystem: Opening Asset editor for StaticMesh /Game/Workplace/Meshes/3D_printer.3D_printer
[2025.12.18-19.20.22:550][662]LogEditorFactories: Performing atomic reimport of [D:/WORKPLACE/Mini_laboratory/MEPhI_VR_term_1/blender FBX/3D_printer.fbx]
[2025.12.18-19.20.22:571][662]LogFbx: Loading FBX Scene from D:/WORKPLACE/Mini_laboratory/MEPhI_VR_term_1/blender FBX/3D_printer.fbx
[2025.12.18-19.20.22:581][662]LogFbx: FBX Scene Loaded Succesfully
[2025.12.18-19.20.22:644][662]LogFbx: Display: Triangulating static mesh Table
[2025.12.18-19.20.22:677][662]LogFbx: Display: Triangulating static mesh Direction Z3
[2025.12.18-19.20.22:693][662]LogFbx: Display: Triangulating static mesh Direction Z2
[2025.12.18-19.20.22:709][662]LogFbx: Display: Triangulating static mesh Direction Z1
[2025.12.18-19.20.22:725][662]LogFbx: Display: Triangulating static mesh Extruder
[2025.12.18-19.20.22:742][662]LogFbx: Display: Triangulating static mesh Direction X
[2025.12.18-19.20.22:758][662]LogFbx: Display: Triangulating static mesh Corpus
[2025.12.18-19.20.22:792][662]LogFbx: Display: Triangulating static mesh Door
[2025.12.18-19.20.22:809][662]LogStaticMesh: Building static mesh 3D_printer...
[2025.12.18-19.20.22:823][662]LogStaticMesh: Built static mesh [0.01s] /Game/Workplace/Meshes/3D_printer.3D_printer
[2025.12.18-19.20.22:826][662]LogStaticMesh: Warning: 3D_printer has degenerate tangent bases which will result in incorrect shading.  MikkTSpace relies on tangent bases and may result in mesh corruption, consider disabling this option.
[2025.12.18-19.20.22:826][662]LogStaticMesh: Warning: 3D_printer has some nearly zero bi-normals which can create some issues. (Tolerance of 1E-4)
[2025.12.18-19.20.22:838][662]LogEditorFactories: -- imported successfully
[2025.12.18-19.20.22:841][662]FBXImport: FBX File Loading: Found name clash, node 'Bone' was renamed to 'Bone1' 
[2025.12.18-19.20.22:841][662]FBXImport: FBX File Loading: Found name clash, node 'Bone' was renamed to 'Bone2' 
[2025.12.18-19.20.22:841][662]FBXImport: FBX File Loading: Found name clash, node 'Bone' was renamed to 'Bone3' 
[2025.12.18-19.20.22:841][662]FBXImport: FBX File Loading: Found name clash, node 'Bone' was renamed to 'Bone4' 
[2025.12.18-19.20.22:841][662]FBXImport: FBX File Loading: Found name clash, node 'Bone' was renamed to 'Bone5' 
[2025.12.18-19.20.22:841][662]FBXImport: FBX File Loading: Found name clash, node 'Bone' was renamed to 'Bone6' 
[2025.12.18-19.20.22:841][662]FBXImport: FBX File Loading: Found name clash, node 'Bone_end' was renamed to 'Bone_end7' 
[2025.12.18-19.20.22:841][662]FBXImport: FBX File Loading: Found name clash, node 'Bone_end' was renamed to 'Bone_end8' 
[2025.12.18-19.20.22:841][662]FBXImport: FBX File Loading: Found name clash, node 'Bone_end' was renamed to 'Bone_end9' 
[2025.12.18-19.20.22:841][662]FBXImport: FBX File Loading: Found name clash, node 'Bone_end' was renamed to 'Bone_end10' 
[2025.12.18-19.20.22:841][662]FBXImport: FBX File Loading: Found name clash, node 'Bone_end' was renamed to 'Bone_end11' 
[2025.12.18-19.20.22:841][662]FBXImport: FBX File Loading: Found name clash, node 'Bone_end' was renamed to 'Bone_end12' 
[2025.12.18-19.20.22:841][662]FBXImport: Warning: No smoothing group information was found in this FBX scene.  Please make sure to enable the 'Export Smoothing Groups' option in the FBX Exporter plug-in before exporting the file.  Even for tools that don't support smoothing groups, the FBX Exporter will generate appropriate smoothing data at export-time so that correct vertex normals can be inferred while importing. 
[2025.12.18-19.20.22:841][662]FBXImport: Warning: 3D_printer has degenerate tangent bases which will result in incorrect shading.  MikkTSpace relies on tangent bases and may result in mesh corruption, consider disabling this option. 
[2025.12.18-19.20.22:841][662]FBXImport: Warning: 3D_printer has some nearly zero bi-normals which can create some issues. (Tolerance of 1E-4) 
[2025.12.18-19.20.28:484][979]LogSlate: Window '3D_printer' being destroyed
[2025.12.18-19.20.28:491][979]LogWorld: UWorld::CleanupWorld for World_133, bSessionEnded=true, bCleanupResources=true
[2025.12.18-19.20.28:491][979]LogSlate: InvalidateAllWidgets triggered.  All widgets were invalidated
[2025.12.18-19.20.33:720][273]LogUObjectHash: Compacting FUObjectHashTables data took   1.75ms
[2025.12.18-19.20.34:821][273]LogSlate: Window 'Delete Assets' being destroyed
[2025.12.18-19.20.34:898][273]LogUObjectHash: Compacting FUObjectHashTables data took   1.24ms
[2025.12.18-19.23.47:570][900]LogUObjectHash: Compacting FUObjectHashTables data took   1.62ms
[2025.12.18-19.23.47:607][900]LogSavePackage: Moving '../../../../../../WORKPLACE/Mini_laboratory/MEPhI_VR_term_1/Mini_laboratory/Saved/FirstLevel_Auto35641B9F148C406285941D98975EA3C50.tmp' to '../../../../../../WORKPLACE/Mini_laboratory/MEPhI_VR_term_1/Mini_laboratory/Saved/Autosaves/Game/Workplace/Maps/FirstLevel_Auto3.umap'
[2025.12.18-19.23.47:608][900]LogFileHelpers: Editor autosave (incl. external actors) for '/Game/Workplace/Maps/FirstLevel' took 0.057
[2025.12.18-19.23.47:608][900]LogFileHelpers: Editor autosave (incl. sublevels & external actors) for all levels took 0.057
[2025.12.18-19.31.13:136][368]LogFactory: FactoryCreateFile: StaticMesh with FbxFactory (0 0 C:\Users\Владислав\Downloads\Test_3D_Printer.fbx)
[2025.12.18-19.31.13:149][368]LogFbx: Loading FBX Scene from C:\Users\Владислав\Downloads\Test_3D_Printer.fbx
[2025.12.18-19.31.13:159][368]LogFbx: FBX Scene Loaded Succesfully
[2025.12.18-19.31.17:592][368]LogSlate: Window 'FBX Import Options' being destroyed
[2025.12.18-19.31.17:642][368]LogUObjectHash: Compacting FUObjectHashTables data took   0.64ms
[2025.12.18-19.31.17:643][368]LogUObjectGlobals: Force Deleting 0 Package(s):
[2025.12.18-19.31.18:021][368]LogUObjectHash: Compacting FUObjectHashTables data took   0.48ms
[2025.12.18-19.31.18:022][368]FBXImport: Import was canceled. 
[2025.12.18-19.31.18:074][368]LogAssetTools: The import task was canceled.
[2025.12.18-19.32.38:121][711]LogSlate: Window 'Message Log' being destroyed
[2025.12.18-19.32.38:124][711]LogSlate: Window 'Message Log' being destroyed
[2025.12.18-19.32.45:704][881]LogFactory: FactoryCreateFile: StaticMesh with FbxFactory (0 0 C:/Users/Владислав/Downloads/Test_3D_Printer.fbx)
[2025.12.18-19.32.45:713][881]LogFbx: Loading FBX Scene from C:/Users/Владислав/Downloads/Test_3D_Printer.fbx
[2025.12.18-19.32.45:724][881]LogFbx: FBX Scene Loaded Succesfully
[2025.12.18-19.33.02:186][881]LogSlate: Window 'FBX Import Options' being destroyed
[2025.12.18-19.33.02:202][881]LogFbx: Triangulating skeletal mesh Table
[2025.12.18-19.33.02:209][881]LogFbx: Warning: Bones digested - 4  Depth of hierarchy - 3
[2025.12.18-19.33.02:214][881]LogSkeletalMesh: Section 0: Material=0, 192 triangles
[2025.12.18-19.33.02:222][881]LogSkeletalMesh: Building Skeletal Mesh Test_3D_Printer_Table...
[2025.12.18-19.33.02:223][881]LogSkeletalMesh: Section 0: Material=0, 192 triangles
[2025.12.18-19.33.02:224][881]LogSkeletalMesh: Built Skeletal Mesh [0.00s] /Game/Workplace/Meshes/Test_3D_Printer.Test_3D_Printer_Table
[2025.12.18-19.33.02:227][881]LogFbx: Triangulating skeletal mesh Direction Z3
[2025.12.18-19.33.02:228][881]LogFbx: Warning: Bones digested - 4  Depth of hierarchy - 3
[2025.12.18-19.33.02:229][881]LogSkeletalMesh: Section 0: Material=0, 76 triangles
[2025.12.18-19.33.02:229][881]LogPackageName: Error: DoesPackageExist: DoesPackageExist FAILED: '/Game/Workplace/Meshes/Test_3D_Printer_Direction Z3_Skeleton' is not a standard unreal filename or a long path name. Reason: Name may not contain the following characters: ' '
[2025.12.18-19.33.02:229][881]LogPackageName: Error: DoesPackageExist: DoesPackageExist FAILED: '/Game/Workplace/Meshes/Test_3D_Printer_Direction Z3_Skeleton' is not a standard unreal filename or a long path name. Reason: Name may not contain the following characters: ' '
[2025.12.18-19.33.02:230][881]LogLinker: Error: AddRedirectList(AddKnownMissing) failed to add redirector from /Game/Workplace/Meshes/Test_3D_Printer_Direction Z3_Skeleton to /Game/Workplace/Meshes/Test_3D_Printer_Direction Z3_Skeleton with invalid characters!
[2025.12.18-19.33.02:233][881]LogSkeletalMesh: Building Skeletal Mesh Test_3D_Printer_Direction Z3...
[2025.12.18-19.33.02:234][881]LogSkeletalMesh: Section 0: Material=0, 76 triangles
[2025.12.18-19.33.02:234][881]LogSkeletalMesh: Built Skeletal Mesh [0.00s] /Game/Workplace/Meshes/Test_3D_Printer.Test_3D_Printer_Direction Z3
[2025.12.18-19.33.02:237][881]LogFbx: Triangulating skeletal mesh Direction Z2
[2025.12.18-19.33.02:238][881]LogFbx: Warning: Bones digested - 4  Depth of hierarchy - 3
[2025.12.18-19.33.02:239][881]LogSkeletalMesh: Section 0: Material=0, 76 triangles
[2025.12.18-19.33.02:240][881]LogPackageName: Error: DoesPackageExist: DoesPackageExist FAILED: '/Game/Workplace/Meshes/Test_3D_Printer_Direction Z2_Skeleton' is not a standard unreal filename or a long path name. Reason: Name may not contain the following characters: ' '
[2025.12.18-19.33.02:240][881]LogPackageName: Error: DoesPackageExist: DoesPackageExist FAILED: '/Game/Workplace/Meshes/Test_3D_Printer_Direction Z2_Skeleton' is not a standard unreal filename or a long path name. Reason: Name may not contain the following characters: ' '
[2025.12.18-19.33.02:240][881]LogLinker: Error: AddRedirectList(AddKnownMissing) failed to add redirector from /Game/Workplace/Meshes/Test_3D_Printer_Direction Z2_Skeleton to /Game/Workplace/Meshes/Test_3D_Printer_Direction Z2_Skeleton with invalid characters!
[2025.12.18-19.33.02:241][881]LogSkeletalMesh: Building Skeletal Mesh Test_3D_Printer_Direction Z2...
[2025.12.18-19.33.02:242][881]LogSkeletalMesh: Section 0: Material=0, 76 triangles
[2025.12.18-19.33.02:242][881]LogSkeletalMesh: Built Skeletal Mesh [0.00s] /Game/Workplace/Meshes/Test_3D_Printer.Test_3D_Printer_Direction Z2
[2025.12.18-19.33.02:244][881]LogFbx: Triangulating skeletal mesh Direction Z1
[2025.12.18-19.33.02:245][881]LogFbx: Warning: Bones digested - 4  Depth of hierarchy - 3
[2025.12.18-19.33.02:245][881]LogSkeletalMesh: Section 0: Material=0, 76 triangles
[2025.12.18-19.33.02:246][881]LogPackageName: Error: DoesPackageExist: DoesPackageExist FAILED: '/Game/Workplace/Meshes/Test_3D_Printer_Direction Z1_Skeleton' is not a standard unreal filename or a long path name. Reason: Name may not contain the following characters: ' '
[2025.12.18-19.33.02:246][881]LogPackageName: Error: DoesPackageExist: DoesPackageExist FAILED: '/Game/Workplace/Meshes/Test_3D_Printer_Direction Z1_Skeleton' is not a standard unreal filename or a long path name. Reason: Name may not contain the following characters: ' '
[2025.12.18-19.33.02:246][881]LogLinker: Error: AddRedirectList(AddKnownMissing) failed to add redirector from /Game/Workplace/Meshes/Test_3D_Printer_Direction Z1_Skeleton to /Game/Workplace/Meshes/Test_3D_Printer_Direction Z1_Skeleton with invalid characters!
[2025.12.18-19.33.02:247][881]LogSkeletalMesh: Building Skeletal Mesh Test_3D_Printer_Direction Z1...
[2025.12.18-19.33.02:248][881]LogSkeletalMesh: Section 0: Material=0, 76 triangles
[2025.12.18-19.33.02:248][881]LogSkeletalMesh: Built Skeletal Mesh [0.00s] /Game/Workplace/Meshes/Test_3D_Printer.Test_3D_Printer_Direction Z1
[2025.12.18-19.33.02:249][881]LogFbx: Triangulating skeletal mesh Extruder
[2025.12.18-19.33.02:254][881]LogFbx: Triangulating skeletal mesh Direction X
[2025.12.18-19.33.02:256][881]LogFbx: Warning: Bones digested - 8  Depth of hierarchy - 4
[2025.12.18-19.33.02:259][881]LogSkeletalMesh: Section 0: Material=0, 392 triangles
[2025.12.18-19.33.02:261][881]LogSkeletalMesh: Building Skeletal Mesh Test_3D_Printer_Extruder...
[2025.12.18-19.33.02:263][881]LogSkeletalMesh: Section 0: Material=0, 392 triangles
[2025.12.18-19.33.02:264][881]LogSkeletalMesh: Built Skeletal Mesh [0.00s] /Game/Workplace/Meshes/Test_3D_Printer.Test_3D_Printer_Extruder
[2025.12.18-19.33.02:266][881]LogFbx: Triangulating skeletal mesh Corpus
[2025.12.18-19.33.02:275][881]LogFbx: Warning: Bones digested - 3  Depth of hierarchy - 2
[2025.12.18-19.33.02:283][881]LogSkeletalMesh: Section 0: Material=0, 670 triangles
[2025.12.18-19.33.02:289][881]LogSkeletalMesh: Building Skeletal Mesh Test_3D_Printer_Corpus...
[2025.12.18-19.33.02:294][881]LogSkeletalMesh: Section 0: Material=0, 670 triangles
[2025.12.18-19.33.02:296][881]LogSkeletalMesh: Built Skeletal Mesh [0.01s] /Game/Workplace/Meshes/Test_3D_Printer.Test_3D_Printer_Corpus
[2025.12.18-19.33.02:379][881]LogPackageName: Error: DoesPackageExist: DoesPackageExist FAILED: '/Game/Workplace/Meshes/Test_3D_Printer_Direction Z3_Skeleton' is not a standard unreal filename or a long path name. Reason: Name may not contain the following characters: ' '
[2025.12.18-19.33.02:379][881]LogPackageName: Error: DoesPackageExist: DoesPackageExist FAILED: '/Game/Workplace/Meshes/Test_3D_Printer_Direction Z2_Skeleton' is not a standard unreal filename or a long path name. Reason: Name may not contain the following characters: ' '
[2025.12.18-19.33.02:379][881]LogPackageName: Error: DoesPackageExist: DoesPackageExist FAILED: '/Game/Workplace/Meshes/Test_3D_Printer_Direction Z1_Skeleton' is not a standard unreal filename or a long path name. Reason: Name may not contain the following characters: ' '
[2025.12.18-19.33.02:411][883]LogPackageName: Error: DoesPackageExist: DoesPackageExist FAILED: '/Game/Workplace/Meshes/Test_3D_Printer_Direction Z1_Skeleton' is not a standard unreal filename or a long path name. Reason: Name may not contain the following characters: ' '
[2025.12.18-19.33.02:411][883]LogPackageName: Error: DoesPackageExist: DoesPackageExist FAILED: '/Game/Workplace/Meshes/Test_3D_Printer_Direction Z2_Skeleton' is not a standard unreal filename or a long path name. Reason: Name may not contain the following characters: ' '
[2025.12.18-19.33.02:412][883]LogPackageName: Error: DoesPackageExist: DoesPackageExist FAILED: '/Game/Workplace/Meshes/Test_3D_Printer_Direction Z3_Skeleton' is not a standard unreal filename or a long path name. Reason: Name may not contain the following characters: ' '
[2025.12.18-19.33.02:416][884]LogPackageName: Error: DoesPackageExist: DoesPackageExist FAILED: '/Game/Workplace/Meshes/Test_3D_Printer_Direction Z3_Skeleton' is not a standard unreal filename or a long path name. Reason: Name may not contain the following characters: ' '
[2025.12.18-19.33.02:417][884]LogPackageName: Error: DoesPackageExist: DoesPackageExist FAILED: '/Game/Workplace/Meshes/Test_3D_Printer_Direction Z2_Skeleton' is not a standard unreal filename or a long path name. Reason: Name may not contain the following characters: ' '
[2025.12.18-19.33.02:418][884]LogPackageName: Error: DoesPackageExist: DoesPackageExist FAILED: '/Game/Workplace/Meshes/Test_3D_Printer_Direction Z1_Skeleton' is not a standard unreal filename or a long path name. Reason: Name may not contain the following characters: ' '
[2025.12.18-19.33.35:273][771]LogPackageName: Error: DoesPackageExist: DoesPackageExist FAILED: '/Game/Workplace/Meshes/Test_3D_Printer_Direction Z3_Skeleton' is not a standard unreal filename or a long path name. Reason: Name may not contain the following characters: ' '
[2025.12.18-19.33.35:273][771]LogPackageName: Error: DoesPackageExist: DoesPackageExist FAILED: '/Game/Workplace/Meshes/Test_3D_Printer_Direction Z2_Skeleton' is not a standard unreal filename or a long path name. Reason: Name may not contain the following characters: ' '
[2025.12.18-19.33.35:273][771]LogPackageName: Error: DoesPackageExist: DoesPackageExist FAILED: '/Game/Workplace/Meshes/Test_3D_Printer_Direction Z1_Skeleton' is not a standard unreal filename or a long path name. Reason: Name may not contain the following characters: ' '
[2025.12.18-19.33.35:304][771]LogUObjectHash: Compacting FUObjectHashTables data took   2.84ms
[2025.12.18-19.33.40:621][771]LogSlate: Window 'Delete Assets' being destroyed
[2025.12.18-19.33.41:633][771]LogUObjectGlobals: Force Deleting 12 Package(s):
	Asset Name: /Game/Workplace/Meshes/Test_3D_Printer_Table_Skeleton.Test_3D_Printer_Table_Skeleton
	Asset Name: /Game/Workplace/Meshes/Test_3D_Printer.Test_3D_Printer_Table
	Asset Name: /Game/Workplace/Meshes/Test_3D_Printer_Extruder_Skeleton.Test_3D_Printer_Extruder_Skeleton
	Asset Name: /Game/Workplace/Meshes/Test_3D_Printer.Test_3D_Printer_Extruder
	Asset Name: /Game/Workplace/Meshes/Test_3D_Printer_Direction Z3_Skeleton.Test_3D_Printer_Direction Z3_Skeleton
	Asset Name: /Game/Workplace/Meshes/Test_3D_Printer.Test_3D_Printer_Direction Z3
	Asset Name: /Game/Workplace/Meshes/Test_3D_Printer_Direction Z2_Skeleton.Test_3D_Printer_Direction Z2_Skeleton
	Asset Name: /Game/Workplace/Meshes/Test_3D_Printer.Test_3D_Printer_Direction Z2
	Asset Name: /Game/Workplace/Meshes/Test_3D_Printer_Direction Z1_Skeleton.Test_3D_Printer_Direction Z1_Skeleton
	Asset Name: /Game/Workplace/Meshes/Test_3D_Printer.Test_3D_Printer_Direction Z1
[2025.12.18-19.33.41:647][771]LogPackageName: Error: DoesPackageExist: DoesPackageExist FAILED: '/Game/Workplace/Meshes/Test_3D_Printer_Direction Z3_Skeleton' is not a standard unreal filename or a long path name. Reason: Name may not contain the following characters: ' '
[2025.12.18-19.33.41:647][771]LogPackageName: Error: DoesPackageExist: DoesPackageExist FAILED: '/Game/Workplace/Meshes/Test_3D_Printer_Direction Z2_Skeleton' is not a standard unreal filename or a long path name. Reason: Name may not contain the following characters: ' '
[2025.12.18-19.33.41:647][771]LogPackageName: Error: DoesPackageExist: DoesPackageExist FAILED: '/Game/Workplace/Meshes/Test_3D_Printer_Direction Z1_Skeleton' is not a standard unreal filename or a long path name. Reason: Name may not contain the following characters: ' '
[2025.12.18-19.33.42:905][771]LogPackageName: Error: DoesPackageExist: DoesPackageExist FAILED: '/Game/Workplace/Meshes/Test_3D_Printer_Direction Z1_Skeleton' is not a standard unreal filename or a long path name. Reason: Name may not contain the following characters: ' '
[2025.12.18-19.33.42:980][771]LogPackageName: Error: DoesPackageExist: DoesPackageExist FAILED: '/Game/Workplace/Meshes/Test_3D_Printer_Direction Z2_Skeleton' is not a standard unreal filename or a long path name. Reason: Name may not contain the following characters: ' '
[2025.12.18-19.33.43:054][771]LogPackageName: Error: DoesPackageExist: DoesPackageExist FAILED: '/Game/Workplace/Meshes/Test_3D_Printer_Direction Z3_Skeleton' is not a standard unreal filename or a long path name. Reason: Name may not contain the following characters: ' '
[2025.12.18-19.33.43:294][771]LogUObjectHash: Compacting FUObjectHashTables data took   1.32ms
[2025.12.18-19.33.51:524][141]LogFactory: FactoryCreateFile: StaticMesh with FbxFactory (0 0 C:/Users/Владислав/Downloads/Test_3D_Printer.fbx)
[2025.12.18-19.33.51:532][141]LogFbx: Loading FBX Scene from C:/Users/Владислав/Downloads/Test_3D_Printer.fbx
[2025.12.18-19.33.51:542][141]LogFbx: FBX Scene Loaded Succesfully
[2025.12.18-19.33.55:765][141]LogSlate: Window 'FBX Import Options' being destroyed
[2025.12.18-19.33.55:780][141]LogFbx: Display: Triangulating static mesh Table
[2025.12.18-19.33.55:784][141]LogFbx: Display: Triangulating static mesh Direction Z3
[2025.12.18-19.33.55:785][141]LogFbx: Display: Triangulating static mesh Direction Z2
[2025.12.18-19.33.55:786][141]LogFbx: Display: Triangulating static mesh Direction Z1
[2025.12.18-19.33.55:787][141]LogFbx: Display: Triangulating static mesh Extruder
[2025.12.18-19.33.55:792][141]LogFbx: Display: Triangulating static mesh Direction X
[2025.12.18-19.33.55:793][141]LogFbx: Display: Triangulating static mesh Corpus
[2025.12.18-19.33.55:805][141]LogStaticMesh: Building static mesh Test_3D_Printer...
[2025.12.18-19.33.55:818][141]LogStaticMesh: Built static mesh [0.02s] /Game/Workplace/Meshes/Test_3D_Printer.Test_3D_Printer
[2025.12.18-19.33.55:823][141]LogStaticMesh: Warning: Test_3D_Printer has degenerate tangent bases which will result in incorrect shading.  MikkTSpace relies on tangent bases and may result in mesh corruption, consider disabling this option.
[2025.12.18-19.33.55:823][141]LogStaticMesh: Warning: Test_3D_Printer has some nearly zero bi-normals which can create some issues. (Tolerance of 1E-4)
[2025.12.18-19.33.55:832][141]FBXImport: Warning: Test_3D_Printer has degenerate tangent bases which will result in incorrect shading.  MikkTSpace relies on tangent bases and may result in mesh corruption, consider disabling this option. 
[2025.12.18-19.33.55:832][141]FBXImport: Warning: Test_3D_Printer has some nearly zero bi-normals which can create some issues. (Tolerance of 1E-4) 
[2025.12.18-19.33.58:729][301]LogSlate: Window 'Message Log' being destroyed
[2025.12.18-19.33.58:733][301]LogSlate: Window 'Message Log' being destroyed
[2025.12.18-19.34.00:057][375]LogActorFactory: Actor Factory created Test_3D_Printer
[2025.12.18-19.34.00:648][410]LogActorFactory: Actor Factory created Test_3D_Printer
[2025.12.18-19.34.19:639][547]LogUObjectHash: Compacting FUObjectHashTables data took   1.56ms
[2025.12.18-19.34.20:825][547]LogSlate: Window 'Delete Assets' being destroyed
[2025.12.18-19.34.21:800][547]LogUObjectGlobals: Force Deleting 1 Package(s):
	Asset Name: /Game/Workplace/Meshes/Test_3D_Printer.Test_3D_Printer
[2025.12.18-19.34.22:138][547]LogUObjectHash: Compacting FUObjectHashTables data took   0.42ms
[2025.12.18-19.34.27:516][730]LogFactory: FactoryCreateFile: StaticMesh with FbxFactory (0 0 C:/Users/Владислав/Downloads/Test_3D_Printer.fbx)
[2025.12.18-19.34.27:525][730]LogFbx: Loading FBX Scene from C:/Users/Владислав/Downloads/Test_3D_Printer.fbx
[2025.12.18-19.34.27:535][730]LogFbx: FBX Scene Loaded Succesfully
[2025.12.18-19.34.55:439][730]LogSlate: Window 'FBX Import Options' being destroyed
[2025.12.18-19.34.55:456][730]LogFbx: Triangulating skeletal mesh Table
[2025.12.18-19.34.55:460][730]LogFbx: Warning: Bones digested - 4  Depth of hierarchy - 3
[2025.12.18-19.34.55:462][730]LogSkeletalMesh: Section 0: Material=0, 192 triangles
[2025.12.18-19.34.55:504][730]LogSkeletalMesh: Building Skeletal Mesh Test_3D_Printer_Table...
[2025.12.18-19.34.55:505][730]LogSkeletalMesh: Section 0: Material=0, 192 triangles
[2025.12.18-19.34.55:506][730]LogSkeletalMesh: Built Skeletal Mesh [0.04s] /Game/Workplace/Meshes/Test_3D_Printer.Test_3D_Printer_Table
[2025.12.18-19.34.55:507][730]LogFbx: Triangulating skeletal mesh Direction Z3
[2025.12.18-19.34.55:509][730]LogFbx: Warning: Bones digested - 4  Depth of hierarchy - 3
[2025.12.18-19.34.55:510][730]LogSkeletalMesh: Section 0: Material=0, 76 triangles
[2025.12.18-19.34.55:511][730]LogPackageName: Error: DoesPackageExist: DoesPackageExist FAILED: '/Game/Workplace/Meshes/Test_3D_Printer_Direction Z3_Skeleton' is not a standard unreal filename or a long path name. Reason: Name may not contain the following characters: ' '
[2025.12.18-19.34.55:511][730]LogPackageName: Error: DoesPackageExist: DoesPackageExist FAILED: '/Game/Workplace/Meshes/Test_3D_Printer_Direction Z3_Skeleton' is not a standard unreal filename or a long path name. Reason: Name may not contain the following characters: ' '
[2025.12.18-19.34.55:511][730]LogLinker: Error: AddRedirectList(AddKnownMissing) failed to add redirector from /Game/Workplace/Meshes/Test_3D_Printer_Direction Z3_Skeleton to /Game/Workplace/Meshes/Test_3D_Printer_Direction Z3_Skeleton with invalid characters!
[2025.12.18-19.34.55:514][730]LogSkeletalMesh: Building Skeletal Mesh Test_3D_Printer_Direction Z3...
[2025.12.18-19.34.55:514][730]LogSkeletalMesh: Section 0: Material=0, 76 triangles
[2025.12.18-19.34.55:515][730]LogSkeletalMesh: Built Skeletal Mesh [0.00s] /Game/Workplace/Meshes/Test_3D_Printer.Test_3D_Printer_Direction Z3
[2025.12.18-19.34.55:516][730]LogFbx: Triangulating skeletal mesh Direction Z2
[2025.12.18-19.34.55:518][730]LogFbx: Warning: Bones digested - 4  Depth of hierarchy - 3
[2025.12.18-19.34.55:518][730]LogSkeletalMesh: Section 0: Material=0, 76 triangles
[2025.12.18-19.34.55:519][730]LogPackageName: Error: DoesPackageExist: DoesPackageExist FAILED: '/Game/Workplace/Meshes/Test_3D_Printer_Direction Z2_Skeleton' is not a standard unreal filename or a long path name. Reason: Name may not contain the following characters: ' '
[2025.12.18-19.34.55:519][730]LogPackageName: Error: DoesPackageExist: DoesPackageExist FAILED: '/Game/Workplace/Meshes/Test_3D_Printer_Direction Z2_Skeleton' is not a standard unreal filename or a long path name. Reason: Name may not contain the following characters: ' '
[2025.12.18-19.34.55:519][730]LogLinker: Error: AddRedirectList(AddKnownMissing) failed to add redirector from /Game/Workplace/Meshes/Test_3D_Printer_Direction Z2_Skeleton to /Game/Workplace/Meshes/Test_3D_Printer_Direction Z2_Skeleton with invalid characters!
[2025.12.18-19.34.55:522][730]LogSkeletalMesh: Building Skeletal Mesh Test_3D_Printer_Direction Z2...
[2025.12.18-19.34.55:522][730]LogSkeletalMesh: Section 0: Material=0, 76 triangles
[2025.12.18-19.34.55:523][730]LogSkeletalMesh: Built Skeletal Mesh [0.00s] /Game/Workplace/Meshes/Test_3D_Printer.Test_3D_Printer_Direction Z2
[2025.12.18-19.34.55:525][730]LogFbx: Triangulating skeletal mesh Direction Z1
[2025.12.18-19.34.55:527][730]LogFbx: Warning: Bones digested - 4  Depth of hierarchy - 3
[2025.12.18-19.34.55:528][730]LogSkeletalMesh: Section 0: Material=0, 76 triangles
[2025.12.18-19.34.55:528][730]LogPackageName: Error: DoesPackageExist: DoesPackageExist FAILED: '/Game/Workplace/Meshes/Test_3D_Printer_Direction Z1_Skeleton' is not a standard unreal filename or a long path name. Reason: Name may not contain the following characters: ' '
[2025.12.18-19.34.55:528][730]LogPackageName: Error: DoesPackageExist: DoesPackageExist FAILED: '/Game/Workplace/Meshes/Test_3D_Printer_Direction Z1_Skeleton' is not a standard unreal filename or a long path name. Reason: Name may not contain the following characters: ' '
[2025.12.18-19.34.55:528][730]LogLinker: Error: AddRedirectList(AddKnownMissing) failed to add redirector from /Game/Workplace/Meshes/Test_3D_Printer_Direction Z1_Skeleton to /Game/Workplace/Meshes/Test_3D_Printer_Direction Z1_Skeleton with invalid characters!
[2025.12.18-19.34.55:529][730]LogSkeletalMesh: Building Skeletal Mesh Test_3D_Printer_Direction Z1...
[2025.12.18-19.34.55:530][730]LogSkeletalMesh: Section 0: Material=0, 76 triangles
[2025.12.18-19.34.55:530][730]LogSkeletalMesh: Built Skeletal Mesh [0.00s] /Game/Workplace/Meshes/Test_3D_Printer.Test_3D_Printer_Direction Z1
[2025.12.18-19.34.55:532][730]LogFbx: Triangulating skeletal mesh Extruder
[2025.12.18-19.34.55:536][730]LogFbx: Triangulating skeletal mesh Direction X
[2025.12.18-19.34.55:538][730]LogFbx: Warning: Bones digested - 8  Depth of hierarchy - 4
[2025.12.18-19.34.55:541][730]LogSkeletalMesh: Section 0: Material=0, 392 triangles
[2025.12.18-19.34.55:545][730]LogSkeletalMesh: Building Skeletal Mesh Test_3D_Printer_Extruder...
[2025.12.18-19.34.55:547][730]LogSkeletalMesh: Section 0: Material=0, 392 triangles
[2025.12.18-19.34.55:548][730]LogSkeletalMesh: Built Skeletal Mesh [0.00s] /Game/Workplace/Meshes/Test_3D_Printer.Test_3D_Printer_Extruder
[2025.12.18-19.34.55:550][730]LogFbx: Triangulating skeletal mesh Corpus
[2025.12.18-19.34.55:560][730]LogFbx: Warning: Bones digested - 3  Depth of hierarchy - 2
[2025.12.18-19.34.55:566][730]LogSkeletalMesh: Section 0: Material=0, 670 triangles
[2025.12.18-19.34.55:569][730]LogSkeletalMesh: Building Skeletal Mesh Test_3D_Printer_Corpus...
[2025.12.18-19.34.55:575][730]LogSkeletalMesh: Section 0: Material=0, 670 triangles
[2025.12.18-19.34.55:577][730]LogSkeletalMesh: Built Skeletal Mesh [0.01s] /Game/Workplace/Meshes/Test_3D_Printer.Test_3D_Printer_Corpus
[2025.12.18-19.34.55:582][730]FBXImport: Warning: Could not find the bind pose.  It will use time 0 as bind pose. 
[2025.12.18-19.34.55:582][730]FBXImport: Warning: Could not find the bind pose.  It will use time 0 as bind pose. 
[2025.12.18-19.34.55:582][730]FBXImport: Warning: Could not find the bind pose.  It will use time 0 as bind pose. 
[2025.12.18-19.34.55:582][730]FBXImport: Warning: Could not find the bind pose.  It will use time 0 as bind pose. 
[2025.12.18-19.34.55:582][730]FBXImport: Warning: Could not find the bind pose.  It will use time 0 as bind pose. 
[2025.12.18-19.34.55:582][730]FBXImport: Warning: Could not find the bind pose.  It will use time 0 as bind pose. 
[2025.12.18-19.34.55:695][730]LogPackageName: Error: DoesPackageExist: DoesPackageExist FAILED: '/Game/Workplace/Meshes/Test_3D_Printer_Direction Z3_Skeleton' is not a standard unreal filename or a long path name. Reason: Name may not contain the following characters: ' '
[2025.12.18-19.34.55:695][730]LogPackageName: Error: DoesPackageExist: DoesPackageExist FAILED: '/Game/Workplace/Meshes/Test_3D_Printer_Direction Z2_Skeleton' is not a standard unreal filename or a long path name. Reason: Name may not contain the following characters: ' '
[2025.12.18-19.34.55:695][730]LogPackageName: Error: DoesPackageExist: DoesPackageExist FAILED: '/Game/Workplace/Meshes/Test_3D_Printer_Direction Z1_Skeleton' is not a standard unreal filename or a long path name. Reason: Name may not contain the following characters: ' '
[2025.12.18-19.34.55:736][732]LogPackageName: Error: DoesPackageExist: DoesPackageExist FAILED: '/Game/Workplace/Meshes/Test_3D_Printer_Direction Z1_Skeleton' is not a standard unreal filename or a long path name. Reason: Name may not contain the following characters: ' '
[2025.12.18-19.34.55:737][732]LogPackageName: Error: DoesPackageExist: DoesPackageExist FAILED: '/Game/Workplace/Meshes/Test_3D_Printer_Direction Z2_Skeleton' is not a standard unreal filename or a long path name. Reason: Name may not contain the following characters: ' '
[2025.12.18-19.34.55:738][732]LogPackageName: Error: DoesPackageExist: DoesPackageExist FAILED: '/Game/Workplace/Meshes/Test_3D_Printer_Direction Z3_Skeleton' is not a standard unreal filename or a long path name. Reason: Name may not contain the following characters: ' '
[2025.12.18-19.34.55:746][733]LogPackageName: Error: DoesPackageExist: DoesPackageExist FAILED: '/Game/Workplace/Meshes/Test_3D_Printer_Direction Z3_Skeleton' is not a standard unreal filename or a long path name. Reason: Name may not contain the following characters: ' '
[2025.12.18-19.34.55:746][733]LogPackageName: Error: DoesPackageExist: DoesPackageExist FAILED: '/Game/Workplace/Meshes/Test_3D_Printer_Direction Z2_Skeleton' is not a standard unreal filename or a long path name. Reason: Name may not contain the following characters: ' '
[2025.12.18-19.34.55:746][733]LogPackageName: Error: DoesPackageExist: DoesPackageExist FAILED: '/Game/Workplace/Meshes/Test_3D_Printer_Direction Z1_Skeleton' is not a standard unreal filename or a long path name. Reason: Name may not contain the following characters: ' '
[2025.12.18-19.34.58:792][905]LogUObjectHash: Compacting FUObjectHashTables data took   1.65ms
[2025.12.18-19.34.58:834][905]LogSavePackage: Moving '../../../../../../WORKPLACE/Mini_laboratory/MEPhI_VR_term_1/Mini_laboratory/Saved/FirstLevel_Auto45DCC4806465D36CEB51539BA6E22C566.tmp' to '../../../../../../WORKPLACE/Mini_laboratory/MEPhI_VR_term_1/Mini_laboratory/Saved/Autosaves/Game/Workplace/Maps/FirstLevel_Auto4.umap'
[2025.12.18-19.34.58:835][905]LogFileHelpers: Editor autosave (incl. external actors) for '/Game/Workplace/Maps/FirstLevel' took 0.096
[2025.12.18-19.34.58:835][905]LogFileHelpers: Editor autosave (incl. sublevels & external actors) for all levels took 0.096
[2025.12.18-19.34.58:835][905]OBJ SavePackage: Generating thumbnails for [6] asset(s) in package [/Game/Workplace/Meshes/Test_3D_Printer] ([6] browsable assets)...
[2025.12.18-19.34.58:848][905]OBJ SavePackage:     Rendered thumbnail for [SkeletalMesh /Game/Workplace/Meshes/Test_3D_Printer.Test_3D_Printer_Table]
[2025.12.18-19.34.58:857][905]OBJ SavePackage:     Rendered thumbnail for [SkeletalMesh /Game/Workplace/Meshes/Test_3D_Printer.Test_3D_Printer_Direction Z3]
[2025.12.18-19.34.58:866][905]OBJ SavePackage:     Rendered thumbnail for [SkeletalMesh /Game/Workplace/Meshes/Test_3D_Printer.Test_3D_Printer_Direction Z2]
[2025.12.18-19.34.58:875][905]OBJ SavePackage:     Rendered thumbnail for [SkeletalMesh /Game/Workplace/Meshes/Test_3D_Printer.Test_3D_Printer_Direction Z1]
[2025.12.18-19.34.58:884][905]OBJ SavePackage:     Rendered thumbnail for [SkeletalMesh /Game/Workplace/Meshes/Test_3D_Printer.Test_3D_Printer_Extruder]
[2025.12.18-19.34.58:893][905]OBJ SavePackage:     Rendered thumbnail for [SkeletalMesh /Game/Workplace/Meshes/Test_3D_Printer.Test_3D_Printer_Corpus]
[2025.12.18-19.34.58:893][905]OBJ SavePackage: Finished generating thumbnails for package [/Game/Workplace/Meshes/Test_3D_Printer]
[2025.12.18-19.34.58:935][905]LogSavePackage: Moving '../../../../../../WORKPLACE/Mini_laboratory/MEPhI_VR_term_1/Mini_laboratory/Saved/Test_3D_Printer_Auto4296201BF4520EA1FB9BB7AA712F88D9C.tmp' to '../../../../../../WORKPLACE/Mini_laboratory/MEPhI_VR_term_1/Mini_laboratory/Saved/Autosaves/Game/Workplace/Meshes/Test_3D_Printer_Auto4.uasset'
[2025.12.18-19.34.58:935][905]OBJ SavePackage: Generating thumbnails for [0] asset(s) in package [/Game/Workplace/Meshes/Test_3D_Printer_Table_Skeleton] ([1] browsable assets)...
[2025.12.18-19.34.58:935][905]OBJ SavePackage: Finished generating thumbnails for package [/Game/Workplace/Meshes/Test_3D_Printer_Table_Skeleton]
[2025.12.18-19.34.58:936][905]LogSavePackage: Moving '../../../../../../WORKPLACE/Mini_laboratory/MEPhI_VR_term_1/Mini_laboratory/Saved/Test_3D_Printer_Table_Skeleton_A50CE16D94CA7F3181C48BE8F492D18DF.tmp' to '../../../../../../WORKPLACE/Mini_laboratory/MEPhI_VR_term_1/Mini_laboratory/Saved/Autosaves/Game/Workplace/Meshes/Test_3D_Printer_Table_Skeleton_Auto4.uasset'
[2025.12.18-19.34.58:936][905]OBJ SavePackage: Generating thumbnails for [0] asset(s) in package [/Game/Workplace/Meshes/Test_3D_Printer_Extruder_Skeleton] ([1] browsable assets)...
[2025.12.18-19.34.58:936][905]OBJ SavePackage: Finished generating thumbnails for package [/Game/Workplace/Meshes/Test_3D_Printer_Extruder_Skeleton]
[2025.12.18-19.34.58:938][905]LogSavePackage: Moving '../../../../../../WORKPLACE/Mini_laboratory/MEPhI_VR_term_1/Mini_laboratory/Saved/Test_3D_Printer_Extruder_Skeleto5A033D984003028EF53D77B4561C003E.tmp' to '../../../../../../WORKPLACE/Mini_laboratory/MEPhI_VR_term_1/Mini_laboratory/Saved/Autosaves/Game/Workplace/Meshes/Test_3D_Printer_Extruder_Skeleton_Auto4.uasset'
[2025.12.18-19.34.58:938][905]OBJ SavePackage: Generating thumbnails for [0] asset(s) in package [/Game/Workplace/Meshes/Test_3D_Printer_Corpus_Skeleton] ([1] browsable assets)...
[2025.12.18-19.34.58:938][905]OBJ SavePackage: Finished generating thumbnails for package [/Game/Workplace/Meshes/Test_3D_Printer_Corpus_Skeleton]
[2025.12.18-19.34.58:939][905]LogSavePackage: Moving '../../../../../../WORKPLACE/Mini_laboratory/MEPhI_VR_term_1/Mini_laboratory/Saved/Test_3D_Printer_Corpus_Skeleton_C0BCA2974267AE8DF0A3B1997CB23BC7.tmp' to '../../../../../../WORKPLACE/Mini_laboratory/MEPhI_VR_term_1/Mini_laboratory/Saved/Autosaves/Game/Workplace/Meshes/Test_3D_Printer_Corpus_Skeleton_Auto4.uasset'
[2025.12.18-19.34.58:939][905]LogFileHelpers: Auto-saving content packages took 0.104
[2025.12.18-19.35.02:664][129]LogSlate: Window 'Message Log' being destroyed
[2025.12.18-19.35.02:667][129]LogSlate: Window 'Message Log' being destroyed
[2025.12.18-19.35.06:966][367]LogAssetEditorSubsystem: Opening Asset editor for SkeletalMesh /Game/Workplace/Meshes/Test_3D_Printer.Test_3D_Printer_Corpus
[2025.12.18-19.35.07:016][367]LogActorComponent: RegisterComponentWithWorld: (/Engine/Transient.World_134:PersistentLevel.AnimationEditorPreviewActor_0.DebugSkelMeshComponent_0) Already registered. Aborting.
[2025.12.18-19.35.13:328][710]LogUObjectGlobals: Warning: Failed to find object 'Class None.ControlRigBlueprint'
[2025.12.18-19.35.16:488][881]LogAssetEditorSubsystem: Opening Asset editor for Skeleton /Game/Workplace/Meshes/Test_3D_Printer_Corpus_Skeleton.Test_3D_Printer_Corpus_Skeleton
[2025.12.18-19.35.16:492][881]LogActorComponent: RegisterComponentWithWorld: (/Engine/Transient.World_135:PersistentLevel.AnimationEditorPreviewActor_0.DebugSkelMeshComponent_0) Already registered. Aborting.
[2025.12.18-19.35.24:103][312]LogWorld: UWorld::CleanupWorld for World_135, bSessionEnded=true, bCleanupResources=true
[2025.12.18-19.35.24:103][312]LogSlate: InvalidateAllWidgets triggered.  All widgets were invalidated
[2025.12.18-19.35.25:074][365]LogSlate: Window 'Test_3D_Printer_Corpus' being destroyed
[2025.12.18-19.35.25:083][365]LogWorld: UWorld::CleanupWorld for World_134, bSessionEnded=true, bCleanupResources=true
[2025.12.18-19.35.25:083][365]LogSlate: InvalidateAllWidgets triggered.  All widgets were invalidated
[2025.12.18-19.35.27:663][508]LogUObjectHash: Compacting FUObjectHashTables data took   1.54ms
[2025.12.18-19.35.27:709][508]LogUObjectHash: Compacting FUObjectHashTables data took   1.54ms
[2025.12.18-19.35.27:746][508]LogSavePackage: Moving '../../../../../../WORKPLACE/Mini_laboratory/MEPhI_VR_term_1/Mini_laboratory/Saved/FirstLevelD60CDA3942926E4735A49FB2E4EA3CBA.tmp' to '../../../../../../WORKPLACE/Mini_laboratory/MEPhI_VR_term_1/Mini_laboratory/Content/Workplace/Maps/FirstLevel.umap'
[2025.12.18-19.35.27:754][508]LogFileHelpers: Saving map 'FirstLevel' took 0.062
[2025.12.18-19.35.27:769][508]LogSavePackage: Moving '../../../../../../WORKPLACE/Mini_laboratory/MEPhI_VR_term_1/Mini_laboratory/Saved/Test_3D_Printer6EFCED8E42D39D9B2836D48BFD56C8C6.tmp' to '../../../../../../WORKPLACE/Mini_laboratory/MEPhI_VR_term_1/Mini_laboratory/Content/Workplace/Meshes/Test_3D_Printer.uasset'
[2025.12.18-19.35.27:771][508]LogSavePackage: Moving '../../../../../../WORKPLACE/Mini_laboratory/MEPhI_VR_term_1/Mini_laboratory/Saved/Test_3D_Printer_Table_SkeletonCBB4DC5B42CB3FAFB1530EB9FC161916.tmp' to '../../../../../../WORKPLACE/Mini_laboratory/MEPhI_VR_term_1/Mini_laboratory/Content/Workplace/Meshes/Test_3D_Printer_Table_Skeleton.uasset'
[2025.12.18-19.35.27:772][508]LogSavePackage: Moving '../../../../../../WORKPLACE/Mini_laboratory/MEPhI_VR_term_1/Mini_laboratory/Saved/Test_3D_Printer_Extruder_SkeletoA94D0A4442A7559B19EA3FB6B8C13F53.tmp' to '../../../../../../WORKPLACE/Mini_laboratory/MEPhI_VR_term_1/Mini_laboratory/Content/Workplace/Meshes/Test_3D_Printer_Extruder_Skeleton.uasset'
[2025.12.18-19.35.27:773][508]LogSavePackage: Moving '../../../../../../WORKPLACE/Mini_laboratory/MEPhI_VR_term_1/Mini_laboratory/Saved/Test_3D_Printer_Corpus_Skeleton8D078900488FDEE54EA3A8BA58E81EEE.tmp' to '../../../../../../WORKPLACE/Mini_laboratory/MEPhI_VR_term_1/Mini_laboratory/Content/Workplace/Meshes/Test_3D_Printer_Corpus_Skeleton.uasset'
[2025.12.18-19.35.27:815][508]AssetCheck: New page: Asset Save: multiple assets
[2025.12.18-19.35.27:815][508]LogContentValidation: Display: Validating SkeletalMesh /Game/Workplace/Meshes/Test_3D_Printer.Test_3D_Printer_Direction Z1
[2025.12.18-19.35.27:816][508]LogContentValidation: Display: Validating SkeletalMesh /Game/Workplace/Meshes/Test_3D_Printer.Test_3D_Printer_Direction Z2
[2025.12.18-19.35.27:816][508]LogContentValidation: Display: Validating SkeletalMesh /Game/Workplace/Meshes/Test_3D_Printer.Test_3D_Printer_Direction Z3
[2025.12.18-19.35.27:816][508]LogContentValidation: Display: Validating Skeleton /Game/Workplace/Meshes/Test_3D_Printer_Table_Skeleton.Test_3D_Printer_Table_Skeleton
[2025.12.18-19.35.27:816][508]LogContentValidation: Display: Validating World /Game/Workplace/Maps/FirstLevel.FirstLevel
[2025.12.18-19.35.27:816][508]LogContentValidation: Display: Validating SkeletalMesh /Game/Workplace/Meshes/Test_3D_Printer.Test_3D_Printer_Table
[2025.12.18-19.35.27:816][508]LogContentValidation: Display: Validating Skeleton /Game/Workplace/Meshes/Test_3D_Printer_Corpus_Skeleton.Test_3D_Printer_Corpus_Skeleton
[2025.12.18-19.35.27:816][508]LogContentValidation: Display: Validating SkeletalMesh /Game/Workplace/Meshes/Test_3D_Printer.Test_3D_Printer_Corpus
[2025.12.18-19.35.27:816][508]LogContentValidation: Display: Validating Skeleton /Game/Workplace/Meshes/Test_3D_Printer_Extruder_Skeleton.Test_3D_Printer_Extruder_Skeleton
[2025.12.18-19.35.27:816][508]LogContentValidation: Display: Validating SkeletalMesh /Game/Workplace/Meshes/Test_3D_Printer.Test_3D_Printer_Extruder
[2025.12.18-19.35.43:099][385]LogPackageName: Error: DoesPackageExist: DoesPackageExist FAILED: '/Game/Workplace/Meshes/Test_3D_Printer_Direction Z1_Skeleton' is not a standard unreal filename or a long path name. Reason: Name may not contain the following characters: ' '
[2025.12.18-19.35.43:099][385]LogPackageName: Error: DoesPackageExist: DoesPackageExist FAILED: '/Game/Workplace/Meshes/Test_3D_Printer_Direction Z2_Skeleton' is not a standard unreal filename or a long path name. Reason: Name may not contain the following characters: ' '
[2025.12.18-19.35.43:099][385]LogPackageName: Error: DoesPackageExist: DoesPackageExist FAILED: '/Game/Workplace/Meshes/Test_3D_Printer_Direction Z3_Skeleton' is not a standard unreal filename or a long path name. Reason: Name may not contain the following characters: ' '
[2025.12.18-19.35.43:117][385]LogUObjectHash: Compacting FUObjectHashTables data took   1.55ms
[2025.12.18-19.35.47:713][385]LogSlate: Window 'Delete Assets' being destroyed
[2025.12.18-19.35.47:737][385]LogPackageName: Error: DoesPackageExist: DoesPackageExist FAILED: '/Game/Workplace/Meshes/Test_3D_Printer_Direction Z1_Skeleton' is not a standard unreal filename or a long path name. Reason: Name may not contain the following characters: ' '
[2025.12.18-19.35.47:737][385]LogPackageName: Error: DoesPackageExist: DoesPackageExist FAILED: '/Game/Workplace/Meshes/Test_3D_Printer_Direction Z2_Skeleton' is not a standard unreal filename or a long path name. Reason: Name may not contain the following characters: ' '
[2025.12.18-19.35.47:737][385]LogPackageName: Error: DoesPackageExist: DoesPackageExist FAILED: '/Game/Workplace/Meshes/Test_3D_Printer_Direction Z3_Skeleton' is not a standard unreal filename or a long path name. Reason: Name may not contain the following characters: ' '
[2025.12.18-19.35.47:768][385]LogPackageName: Error: DoesPackageExist: DoesPackageExist FAILED: '/Game/Workplace/Meshes/Test_3D_Printer_Direction Z3_Skeleton' is not a standard unreal filename or a long path name. Reason: Name may not contain the following characters: ' '
[2025.12.18-19.35.47:768][385]LogPackageName: Error: DoesPackageExist: DoesPackageExist FAILED: '/Game/Workplace/Meshes/Test_3D_Printer_Direction Z2_Skeleton' is not a standard unreal filename or a long path name. Reason: Name may not contain the following characters: ' '
[2025.12.18-19.35.47:768][385]LogPackageName: Error: DoesPackageExist: DoesPackageExist FAILED: '/Game/Workplace/Meshes/Test_3D_Printer_Direction Z1_Skeleton' is not a standard unreal filename or a long path name. Reason: Name may not contain the following characters: ' '
[2025.12.18-19.35.47:800][385]LogUObjectHash: Compacting FUObjectHashTables data took   2.43ms
[2025.12.18-19.35.47:814][385]LogUObjectHash: Compacting FUObjectHashTables data took   0.52ms
[2025.12.18-19.35.47:833][385]LogUObjectHash: Compacting FUObjectHashTables data took   1.72ms
[2025.12.18-19.35.47:851][385]LogUObjectHash: Compacting FUObjectHashTables data took   2.10ms
[2025.12.18-19.35.47:878][385]LogUObjectHash: Compacting FUObjectHashTables data took   0.81ms
[2025.12.18-19.35.47:895][385]LogUObjectHash: Compacting FUObjectHashTables data took   0.41ms
[2025.12.18-19.47.59:699][153]LogUObjectHash: Compacting FUObjectHashTables data took   0.59ms
[2025.12.18-19.48.00:775][210]LogUObjectHash: Compacting FUObjectHashTables data took   0.41ms
[2025.12.18-19.48.00:808][210]LogSlate: Window 'Mini_laboratory - Unreal Editor' being destroyed
[2025.12.18-19.48.01:414][211]Cmd: QUIT_EDITOR
[2025.12.18-19.48.01:414][211]LogCore: Engine exit requested (reason: UUnrealEdEngine::CloseEditor())
[2025.12.18-19.48.01:423][211]LogCore: Engine exit requested (reason: EngineExit() was called; note: exit was already requested)
[2025.12.18-19.48.01:695][211]LogAudio: Display: Beginning Audio Device Manager Shutdown (Module: AudioMixerXAudio2)...
[2025.12.18-19.48.01:695][211]LogAudio: Display: Destroying 1 Remaining Audio Device(s)...
[2025.12.18-19.48.01:695][211]LogAudio: Display: Audio Device unregistered from world 'FirstLevel'.
[2025.12.18-19.48.01:699][211]LogAudioMixer: FMixerPlatformXAudio2::StopAudioStream() called
[2025.12.18-19.48.01:705][211]LogAudioMixer: FMixerPlatformXAudio2::StopAudioStream() called
[2025.12.18-19.48.01:738][211]LogAudio: Display: Audio Device Manager Shutdown
[2025.12.18-19.48.01:739][211]LogWindowsTextInputMethodSystem: Display: IME system deactivated.
[2025.12.18-19.48.01:758][211]LogExit: Preparing to exit.
[2025.12.18-19.48.01:799][211]LogUObjectHash: Compacting FUObjectHashTables data took   3.21ms
[2025.12.18-19.48.03:009][211]LogWorld: UWorld::CleanupWorld for World_3, bSessionEnded=true, bCleanupResources=true
[2025.12.18-19.48.03:012][211]LogWorld: UWorld::CleanupWorld for World_6, bSessionEnded=true, bCleanupResources=true
[2025.12.18-19.48.03:015][211]LogWorld: UWorld::CleanupWorld for World_7, bSessionEnded=true, bCleanupResources=true
[2025.12.18-19.48.03:017][211]LogWorld: UWorld::CleanupWorld for World_8, bSessionEnded=true, bCleanupResources=true
[2025.12.18-19.48.03:019][211]LogWorld: UWorld::CleanupWorld for World_9, bSessionEnded=true, bCleanupResources=true
[2025.12.18-19.48.03:021][211]LogWorld: UWorld::CleanupWorld for World_10, bSessionEnded=true, bCleanupResources=true
[2025.12.18-19.48.03:023][211]LogWorld: UWorld::CleanupWorld for World_11, bSessionEnded=true, bCleanupResources=true
[2025.12.18-19.48.03:026][211]LogWorld: UWorld::CleanupWorld for World_12, bSessionEnded=true, bCleanupResources=true
[2025.12.18-19.48.03:027][211]LogWorld: UWorld::CleanupWorld for World_13, bSessionEnded=true, bCleanupResources=true
[2025.12.18-19.48.03:029][211]LogWorld: UWorld::CleanupWorld for World_5, bSessionEnded=true, bCleanupResources=true
[2025.12.18-19.48.03:031][211]LogWorld: UWorld::CleanupWorld for World_4, bSessionEnded=true, bCleanupResources=true
[2025.12.18-19.48.03:033][211]LogWorld: UWorld::CleanupWorld for World_28, bSessionEnded=true, bCleanupResources=true
[2025.12.18-19.48.03:035][211]LogWorld: UWorld::CleanupWorld for World_29, bSessionEnded=true, bCleanupResources=true
[2025.12.18-19.48.03:211][211]LogWorld: UWorld::CleanupWorld for None, bSessionEnded=true, bCleanupResources=true
[2025.12.18-19.48.03:214][211]LogExit: Editor shut down
[2025.12.18-19.48.03:225][211]LogExit: Transaction tracking system shut down
[2025.12.18-19.48.03:244][211]LogDemo: Cleaned up 0 splitscreen connections with owner deletion
[2025.12.18-19.48.04:548][211]LogExit: Object subsystem successfully closed.
[2025.12.18-19.48.04:586][211]LogShaderCompilers: Display: === FShaderJobCache stats ===
[2025.12.18-19.48.04:586][211]LogShaderCompilers: Display: Total job queries 0, among them cache hits 0 (0.00%)
[2025.12.18-19.48.04:586][211]LogShaderCompilers: Display: Tracking 0 distinct input hashes that result in 0 distinct outputs (0.00%)
[2025.12.18-19.48.04:587][211]LogShaderCompilers: Display: RAM used: 0.00 MB (0.00 GB) of 409.60 MB (0.40 GB) budget. Usage: 0.00%
[2025.12.18-19.48.04:587][211]LogShaderCompilers: Display: ================================================
[2025.12.18-19.48.04:632][211]LogShaderCompilers: Display: Shaders left to compile 0
[2025.12.18-19.48.04:880][211]LogModuleManager: Shutting down and abandoning module HierarchicalLODUtilities (886)
[2025.12.18-19.48.04:880][211]LogModuleManager: Shutting down and abandoning module StaticMeshEditor (884)
[2025.12.18-19.48.04:880][211]LogModuleManager: Shutting down and abandoning module PhysicsAssetEditor (882)
[2025.12.18-19.48.04:881][211]LogModuleManager: Shutting down and abandoning module PinnedCommandList (880)
[2025.12.18-19.48.04:881][211]LogModuleManager: Shutting down and abandoning module SkeletonEditor (878)
[2025.12.18-19.48.04:881][211]LogModuleManager: Shutting down and abandoning module MovieSceneCapture (876)
[2025.12.18-19.48.04:881][211]LogModuleManager: Shutting down and abandoning module Voice (874)
[2025.12.18-19.48.04:881][211]LogModuleManager: Shutting down and abandoning module BlueprintGraph (872)
[2025.12.18-19.48.04:881][211]LogModuleManager: Shutting down and abandoning module HierarchicalLODOutliner (870)
[2025.12.18-19.48.04:881][211]LogModuleManager: Shutting down and abandoning module SceneOutliner (868)
[2025.12.18-19.48.04:881][211]LogModuleManager: Shutting down and abandoning module AddContentDialog (866)
[2025.12.18-19.48.04:906][211]LogModuleManager: Shutting down and abandoning module WidgetCarousel (865)
[2025.12.18-19.48.04:906][211]LogModuleManager: Shutting down and abandoning module EditorWidgets (862)
[2025.12.18-19.48.04:906][211]LogModuleManager: Shutting down and abandoning module StatsViewer (860)
[2025.12.18-19.48.04:908][211]LogModuleManager: Shutting down and abandoning module PIEPreviewDeviceProfileSelector (858)
[2025.12.18-19.48.04:908][211]LogModuleManager: Shutting down and abandoning module SequenceRecorderSections (856)
[2025.12.18-19.48.04:908][211]LogModuleManager: Shutting down and abandoning module AutomationWorker (854)
[2025.12.18-19.48.04:909][211]LogModuleManager: Shutting down and abandoning module SteamVREditor (852)
[2025.12.18-19.48.04:909][211]LogModuleManager: Shutting down and abandoning module OculusMR (850)
[2025.12.18-19.48.04:909][211]LogModuleManager: Shutting down and abandoning module OpenXRInput (848)
[2025.12.18-19.48.04:910][211]LogModuleManager: Shutting down and abandoning module GooglePADEditor (846)
[2025.12.18-19.48.04:911][211]LogModuleManager: Shutting down and abandoning module AudioCaptureEditor (844)
[2025.12.18-19.48.04:911][211]LogModuleManager: Shutting down and abandoning module TakeRecorderSources (842)
[2025.12.18-19.48.04:918][211]LogModuleManager: Shutting down and abandoning module TakeRecorder (841)
[2025.12.18-19.48.04:920][211]LogModuleManager: Shutting down and abandoning module TakeTrackRecorders (838)
[2025.12.18-19.48.04:920][211]LogModuleManager: Shutting down and abandoning module TakesCore (836)
[2025.12.18-19.48.04:922][211]LogModuleManager: Shutting down and abandoning module PlanarCut (834)
[2025.12.18-19.48.04:922][211]LogModuleManager: Shutting down and abandoning module TemplateSequenceEditor (832)
[2025.12.18-19.48.04:925][211]LogModuleManager: Shutting down and abandoning module MatineeToLevelSequence (830)
[2025.12.18-19.48.04:926][211]LogModuleManager: Shutting down and abandoning module LevelSequenceEditor (828)
[2025.12.18-19.48.04:929][211]LogModuleManager: Shutting down and abandoning module ActorSequenceEditor (826)
[2025.12.18-19.48.04:930][211]LogModuleManager: Shutting down and abandoning module CharacterAI (824)
[2025.12.18-19.48.04:931][211]LogModuleManager: Shutting down and abandoning module WmfMediaFactory (822)
[2025.12.18-19.48.04:931][211]LogModuleManager: Shutting down and abandoning module WmfMediaEditor (820)
[2025.12.18-19.48.04:931][211]LogModuleManager: Shutting down and abandoning module WebMMediaFactory (818)
[2025.12.18-19.48.04:932][211]LogModuleManager: Shutting down and abandoning module WebMMediaEditor (816)
[2025.12.18-19.48.04:932][211]LogModuleManager: Shutting down and abandoning module WebMMedia (814)
[2025.12.18-19.48.04:932][211]LogModuleManager: Shutting down and abandoning module MediaPlayerEditor (812)
[2025.12.18-19.48.04:933][211]LogModuleManager: Shutting down and abandoning module MediaCompositingEditor (810)
[2025.12.18-19.48.04:933][211]LogModuleManager: Shutting down and abandoning module SequenceRecorder (809)
[2025.12.18-19.48.04:934][211]LogModuleManager: Shutting down and abandoning module OpenExrWrapper (806)
[2025.12.18-19.48.04:934][211]LogModuleManager: Shutting down and abandoning module ImgMediaFactory (804)
[2025.12.18-19.48.04:934][211]LogModuleManager: Shutting down and abandoning module ImgMediaEditor (802)
[2025.12.18-19.48.04:934][211]LogModuleManager: Shutting down and abandoning module AndroidMediaFactory (800)
[2025.12.18-19.48.04:934][211]LogModuleManager: Shutting down and abandoning module AndroidMediaEditor (798)
[2025.12.18-19.48.04:934][211]LogModuleManager: Shutting down and abandoning module AvfMediaFactory (796)
[2025.12.18-19.48.04:934][211]LogModuleManager: Shutting down and abandoning module AvfMediaEditor (794)
[2025.12.18-19.48.04:934][211]LogModuleManager: Shutting down and abandoning module MagicLeapMediaCodecFactory (792)
[2025.12.18-19.48.04:934][211]LogModuleManager: Shutting down and abandoning module MagicLeapMediaFactory (790)
[2025.12.18-19.48.04:934][211]LogModuleManager: Shutting down and abandoning module MagicLeapMediaEditor (788)
[2025.12.18-19.48.04:934][211]LogModuleManager: Shutting down and abandoning module TextureAlignMode (786)
[2025.12.18-19.48.04:934][211]LogModuleManager: Shutting down and abandoning module BspMode (784)
[2025.12.18-19.48.04:935][211]LogModuleManager: Shutting down and abandoning module GeometryMode (782)
[2025.12.18-19.48.04:935][211]LogModuleManager: Shutting down and abandoning module CameraShakePreviewer (780)
[2025.12.18-19.48.04:936][211]LogModuleManager: Shutting down and abandoning module SmartSnapping (778)
[2025.12.18-19.48.04:936][211]LogModuleManager: Shutting down and abandoning module SessionServices (776)
[2025.12.18-19.48.04:936][211]LogModuleManager: Shutting down and abandoning module MeshPaint (774)
[2025.12.18-19.48.04:938][211]LogModuleManager: Shutting down and abandoning module VirtualTexturingEditor (772)
[2025.12.18-19.48.04:938][211]LogModuleManager: Shutting down and abandoning module FoliageEdit (770)
[2025.12.18-19.48.04:939][211]LogModuleManager: Shutting down and abandoning module LandscapeEditor (768)
[2025.12.18-19.48.04:943][211]LogModuleManager: Shutting down and abandoning module MeshPaintMode (766)
[2025.12.18-19.48.04:944][211]LogModuleManager: Shutting down and abandoning module SceneDepthPickerMode (764)
[2025.12.18-19.48.04:944][211]LogModuleManager: Shutting down and abandoning module ActorPickerMode (762)
[2025.12.18-19.48.04:944][211]LogModuleManager: Shutting down and abandoning module PlacementMode (760)
[2025.12.18-19.48.04:944][211]LogModuleManager: Shutting down and abandoning module ViewportSnapping (758)
[2025.12.18-19.48.04:944][211]LogModuleManager: Shutting down and abandoning module ViewportInteraction (756)
[2025.12.18-19.48.04:944][211]LogModuleManager: Shutting down and abandoning module ClothPainter (754)
[2025.12.18-19.48.04:945][211]LogModuleManager: Shutting down and abandoning module SkeletalMeshEditor (753)
[2025.12.18-19.48.04:945][211]LogModuleManager: Shutting down and abandoning module LogVisualizer (750)
[2025.12.18-19.48.04:948][211]LogModuleManager: Shutting down and abandoning module IntroTutorials (748)
[2025.12.18-19.48.04:949][211]LogModuleManager: Shutting down and abandoning module GameProjectGeneration (747)
[2025.12.18-19.48.04:950][211]LogModuleManager: Shutting down and abandoning module LuminPlatformEditor (744)
[2025.12.18-19.48.04:950][211]LogModuleManager: Shutting down and abandoning module IOSPlatformEditor (742)
[2025.12.18-19.48.04:950][211]LogModuleManager: Shutting down and abandoning module AndroidPlatformEditor (740)
[2025.12.18-19.48.04:951][211]LogModuleManager: Shutting down and abandoning module AndroidDeviceDetection (739)
[2025.12.18-19.48.05:805][211]LogModuleManager: Shutting down and abandoning module WindowsPlatformEditor (736)
[2025.12.18-19.48.05:805][211]LogModuleManager: Shutting down and abandoning module LuminRuntimeSettings (734)
[2025.12.18-19.48.05:806][211]LogModuleManager: Shutting down and abandoning module IOSRuntimeSettings (732)
[2025.12.18-19.48.05:806][211]LogModuleManager: Shutting down and abandoning module AndroidRuntimeSettings (730)
[2025.12.18-19.48.05:806][211]LogModuleManager: Shutting down and abandoning module TraceInsights (728)
[2025.12.18-19.48.05:815][211]MemoryProfiler: Shutdown
[2025.12.18-19.48.05:816][211]NetworkingProfiler: Shutdown
[2025.12.18-19.48.05:817][211]LoadingProfiler: Shutdown
[2025.12.18-19.48.05:818][211]TimingProfiler: Shutdown
[2025.12.18-19.48.05:821][211]LogModuleManager: Shutting down and abandoning module TraceServices (727)
[2025.12.18-19.48.05:821][211]LogModuleManager: Shutting down and abandoning module EditorInteractiveToolsFramework (724)
[2025.12.18-19.48.05:822][211]LogModuleManager: Shutting down and abandoning module TimeManagementEditor (722)
[2025.12.18-19.48.05:822][211]LogModuleManager: Shutting down and abandoning module InputBindingEditor (720)
[2025.12.18-19.48.05:823][211]LogModuleManager: Shutting down and abandoning module MergeActors (718)
[2025.12.18-19.48.05:824][211]LogModuleManager: Shutting down and abandoning module LocalizationDashboard (716)
[2025.12.18-19.48.05:824][211]LogModuleManager: Shutting down and abandoning module LocalizationService (715)
[2025.12.18-19.48.05:825][211]LogModuleManager: Shutting down and abandoning module HardwareTargeting (712)
[2025.12.18-19.48.05:825][211]LogModuleManager: Shutting down and abandoning module DeviceProfileEditor (710)
[2025.12.18-19.48.05:826][211]LogModuleManager: Shutting down and abandoning module UndoHistory (708)
[2025.12.18-19.48.05:826][211]LogModuleManager: Shutting down and abandoning module XmlParser (706)
[2025.12.18-19.48.05:826][211]LogModuleManager: Shutting down and abandoning module Blutility (704)
[2025.12.18-19.48.05:826][211]LogModuleManager: Shutting down and abandoning module ProjectSettingsViewer (702)
[2025.12.18-19.48.05:827][211]LogModuleManager: Shutting down and abandoning module ProjectTargetPlatformEditor (701)
[2025.12.18-19.48.05:828][211]LogModuleManager: Shutting down and abandoning module EditorSettingsViewer (698)
[2025.12.18-19.48.05:828][211]LogModuleManager: Shutting down and abandoning module InternationalizationSettings (697)
[2025.12.18-19.48.05:829][211]LogModuleManager: Shutting down and abandoning module SettingsEditor (694)
[2025.12.18-19.48.05:829][211]LogModuleManager: Shutting down and abandoning module ProjectLauncher (692)
[2025.12.18-19.48.05:830][211]LogModuleManager: Shutting down and abandoning module SessionFrontend (690)
[2025.12.18-19.48.05:830][211]LogModuleManager: Shutting down and abandoning module ProfilerClient (688)
[2025.12.18-19.48.05:831][211]LogModuleManager: Shutting down and abandoning module DeviceManager (686)
[2025.12.18-19.48.05:831][211]LogModuleManager: Shutting down and abandoning module TargetDeviceServices (685)
[2025.12.18-19.48.05:866][211]LogModuleManager: Shutting down and abandoning module AutomationController (682)
[2025.12.18-19.48.05:867][211]LogModuleManager: Shutting down and abandoning module AutomationWindow (680)
[2025.12.18-19.48.05:867][211]LogModuleManager: Shutting down and abandoning module Layers (678)
[2025.12.18-19.48.05:869][211]LogModuleManager: Shutting down and abandoning module ComponentVisualizers (676)
[2025.12.18-19.48.05:869][211]LogModuleManager: Shutting down and abandoning module DetailCustomizations (674)
[2025.12.18-19.48.05:870][211]LogModuleManager: Shutting down and abandoning module PackagesDialog (672)
[2025.12.18-19.48.05:872][211]LogModuleManager: Shutting down and abandoning module AnimationBlueprintEditor (670)
[2025.12.18-19.48.05:874][211]LogModuleManager: Shutting down and abandoning module Persona (668)
[2025.12.18-19.48.05:874][211]LogModuleManager: Shutting down and abandoning module AdvancedPreviewScene (667)
[2025.12.18-19.48.05:874][211]LogModuleManager: Shutting down and abandoning module AnimGraph (665)
[2025.12.18-19.48.05:875][211]LogModuleManager: Shutting down and abandoning module Kismet (662)
[2025.12.18-19.48.05:895][211]LogModuleManager: Shutting down and abandoning module KismetWidgets (661)
[2025.12.18-19.48.05:895][211]LogModuleManager: Shutting down and abandoning module GraphEditor (658)
[2025.12.18-19.48.05:897][211]LogModuleManager: Shutting down and abandoning module StructViewer (656)
[2025.12.18-19.48.05:898][211]LogModuleManager: Shutting down and abandoning module ClassViewer (654)
[2025.12.18-19.48.05:898][211]LogModuleManager: Shutting down and abandoning module Toolbox (652)
[2025.12.18-19.48.05:898][211]LogModuleManager: Shutting down and abandoning module ModuleUI (650)
[2025.12.18-19.48.05:899][211]LogModuleManager: Shutting down and abandoning module OutputLog (648)
[2025.12.18-19.48.05:912][211]LogModuleManager: Shutting down and abandoning module GammaUI (646)
[2025.12.18-19.48.05:913][211]LogModuleManager: Shutting down and abandoning module Documentation (644)
[2025.12.18-19.48.05:914][211]LogModuleManager: Shutting down and abandoning module LiveCoding (642)
[2025.12.18-19.48.05:915][211]LogModuleManager: Shutting down and abandoning module LevelSequence (640)
[2025.12.18-19.48.05:915][211]LogModuleManager: Shutting down and abandoning module MovieSceneTracks (638)
[2025.12.18-19.48.05:915][211]LogModuleManager: Shutting down and abandoning module MovieScene (636)
[2025.12.18-19.48.05:917][211]LogModuleManager: Shutting down and abandoning module StreamingPauseRendering (634)
[2025.12.18-19.48.05:918][211]LogModuleManager: Shutting down and abandoning module LauncherPlatform (632)
[2025.12.18-19.48.05:918][211]LogModuleManager: Shutting down and abandoning module AnalyticsET (630)
[2025.12.18-19.48.05:918][211]LogModuleManager: Shutting down and abandoning module PortalServices (628)
[2025.12.18-19.48.05:918][211]LogModuleManager: Shutting down and abandoning module PortalRpc (626)
[2025.12.18-19.48.05:918][211]LogModuleManager: Shutting down and abandoning module MessagingRpc (624)
[2025.12.18-19.48.05:918][211]LogModuleManager: Shutting down and abandoning module AudioMixerXAudio2 (622)
[2025.12.18-19.48.05:918][211]LogModuleManager: Shutting down and abandoning module AudioMixerCore (621)
[2025.12.18-19.48.05:918][211]LogModuleManager: Shutting down and abandoning module AIModule (618)
[2025.12.18-19.48.05:921][211]LogModuleManager: Shutting down and abandoning module GameplayDebugger (617)
[2025.12.18-19.48.05:921][211]LogModuleManager: Shutting down and abandoning module AITestSuite (615)
[2025.12.18-19.48.05:921][211]LogModuleManager: Shutting down and abandoning module NavigationSystem (613)
[2025.12.18-19.48.05:922][211]LogModuleManager: Shutting down and abandoning module ImageWriteQueue (610)
[2025.12.18-19.48.05:922][211]LogModuleManager: Shutting down and abandoning module ProfilerService (608)
[2025.12.18-19.48.06:221][211]LogModuleManager: Shutting down and abandoning module TaskGraph (606)
[2025.12.18-19.48.06:222][211]LogModuleManager: Shutting down and abandoning module AudioSynesthesiaEditor (604)
[2025.12.18-19.48.06:222][211]LogModuleManager: Shutting down and abandoning module OculusEditor (602)
[2025.12.18-19.48.06:230][211]LogModuleManager: Shutting down and abandoning module OculusInput (600)
[2025.12.18-19.48.06:230][211]LogModuleManager: Shutting down and abandoning module ContentBrowserClassDataSource (598)
[2025.12.18-19.48.06:230][211]LogModuleManager: Shutting down and abandoning module ContentBrowserFileDataSource (596)
[2025.12.18-19.48.06:230][211]LogModuleManager: Shutting down and abandoning module ContentBrowserAssetDataSource (594)
[2025.12.18-19.48.06:230][211]LogModuleManager: Shutting down and abandoning module CollectionManager (593)
[2025.12.18-19.48.06:232][211]LogModuleManager: Shutting down and abandoning module SynthesisEditor (590)
[2025.12.18-19.48.06:233][211]LogModuleManager: Shutting down and abandoning module Synthesis (588)
[2025.12.18-19.48.06:233][211]LogModuleManager: Shutting down and abandoning module ProceduralMeshComponentEditor (586)
[2025.12.18-19.48.06:234][211]LogModuleManager: Shutting down and abandoning module ProceduralMeshComponent (584)
[2025.12.18-19.48.06:234][211]LogModuleManager: Shutting down and abandoning module OpenXREditor (582)
[2025.12.18-19.48.06:235][211]LogModuleManager: Shutting down and abandoning module MobilePatchingUtils (580)
[2025.12.18-19.48.06:235][211]LogModuleManager: Shutting down and abandoning module ScreenshotTools (578)
[2025.12.18-19.48.06:235][211]LogModuleManager: Shutting down and abandoning module GooglePAD (576)
[2025.12.18-19.48.06:235][211]LogModuleManager: Shutting down and abandoning module EditableMesh (574)
[2025.12.18-19.48.06:236][211]LogModuleManager: Shutting down and abandoning module CustomMeshComponent (572)
[2025.12.18-19.48.06:236][211]LogModuleManager: Shutting down and abandoning module CableComponent (570)
[2025.12.18-19.48.06:236][211]LogModuleManager: Shutting down and abandoning module AudioCapture (568)
[2025.12.18-19.48.06:236][211]LogModuleManager: Shutting down and abandoning module AudioCaptureRtAudio (567)
[2025.12.18-19.48.06:237][211]LogModuleManager: Shutting down and abandoning module AssetTags (564)
[2025.12.18-19.48.06:237][211]LogModuleManager: Shutting down and abandoning module ArchVisCharacter (562)
[2025.12.18-19.48.06:237][211]LogModuleManager: Shutting down and abandoning module AppleImageUtilsBlueprintSupport (560)
[2025.12.18-19.48.06:237][211]LogModuleManager: Shutting down and abandoning module AppleImageUtils (558)
[2025.12.18-19.48.06:237][211]LogModuleManager: Shutting down and abandoning module AndroidPermission (556)
[2025.12.18-19.48.06:237][211]LogModuleManager: Shutting down and abandoning module TakeSequencer (554)
[2025.12.18-19.48.06:237][211]LogModuleManager: Shutting down and abandoning module TakeMovieScene (552)
[2025.12.18-19.48.06:237][211]LogModuleManager: Shutting down and abandoning module ActorLayerUtilitiesEditor (550)
[2025.12.18-19.48.06:237][211]LogModuleManager: Shutting down and abandoning module ActorLayerUtilities (548)
[2025.12.18-19.48.06:237][211]LogModuleManager: Shutting down and abandoning module MotoSynthEditor (546)
[2025.12.18-19.48.06:237][211]LogModuleManager: Shutting down and abandoning module MotoSynth (544)
[2025.12.18-19.48.06:238][211]LogModuleManager: Shutting down and abandoning module OpenImageDenoise (542)
[2025.12.18-19.48.06:238][211]LogOpenImageDenoise: OIDN shutting down
[2025.12.18-19.48.06:238][211]LogModuleManager: Shutting down and abandoning module MeshConversion (540)
[2025.12.18-19.48.06:238][211]LogModuleManager: Shutting down and abandoning module DynamicMesh (538)
[2025.12.18-19.48.06:239][211]LogModuleManager: Shutting down and abandoning module GeometryAlgorithms (536)
[2025.12.18-19.48.06:240][211]LogModuleManager: Shutting down and abandoning module GeometricObjects (534)
[2025.12.18-19.48.06:240][211]LogModuleManager: Shutting down and abandoning module TemplateSequence (532)
[2025.12.18-19.48.06:240][211]LogModuleManager: Shutting down and abandoning module GeometryCollectionTracks (530)
[2025.12.18-19.48.06:241][211]LogModuleManager: Shutting down and abandoning module GeometryCollectionSequencer (529)
[2025.12.18-19.48.06:241][211]LogModuleManager: Shutting down and abandoning module GeometryCollectionEditor (526)
[2025.12.18-19.48.06:241][211]LogModuleManager: Shutting down and abandoning module GeometryCacheTracks (524)
[2025.12.18-19.48.06:241][211]LogModuleManager: Shutting down and abandoning module GeometryCacheStreamer (522)
[2025.12.18-19.48.06:242][211]LogModuleManager: Shutting down and abandoning module GeometryCacheSequencer (520)
[2025.12.18-19.48.06:242][211]LogModuleManager: Shutting down and abandoning module ChaosNiagara (518)
[2025.12.18-19.48.06:242][211]LogModuleManager: Shutting down and abandoning module ChaosSolverEditor (516)
[2025.12.18-19.48.06:242][211]LogModuleManager: Shutting down and abandoning module FractureEditor (514)
[2025.12.18-19.48.06:243][211]LogModuleManager: Shutting down and abandoning module FieldSystemEngine (513)
[2025.12.18-19.48.06:243][211]LogModuleManager: Shutting down and abandoning module ChaosClothEditor (510)
[2025.12.18-19.48.06:243][211]LogModuleManager: Shutting down and abandoning module AutomationUtilsEditor (508)
[2025.12.18-19.48.06:243][211]LogModuleManager: Shutting down and abandoning module AutomationUtils (506)
[2025.12.18-19.48.06:243][211]LogModuleManager: Shutting down and abandoning module BackChannel (504)
[2025.12.18-19.48.06:244][211]LogModuleManager: Shutting down and abandoning module AlembicImporter (502)
[2025.12.18-19.48.06:244][211]LogModuleManager: Shutting down and abandoning module AlembicLibrary (501)
[2025.12.18-19.48.06:244][211]LogModuleManager: Shutting down and abandoning module GeometryCache (500)
[2025.12.18-19.48.06:244][211]LogModuleManager: Shutting down and abandoning module GeometryCacheEd (499)
[2025.12.18-19.48.06:244][211]LogModuleManager: Shutting down and abandoning module MediaCompositing (494)
[2025.12.18-19.48.06:244][211]LogModuleManager: Shutting down and abandoning module ImgMedia (492)
[2025.12.18-19.48.06:244][211]LogModuleManager: Shutting down and abandoning module MagicLeapLightEstimation (490)
[2025.12.18-19.48.06:244][211]LogModuleManager: Shutting down and abandoning module MagicLeapHelperVulkan (488)
[2025.12.18-19.48.06:245][211]LogModuleManager: Shutting down and abandoning module MagicLeapHelperOpenGL (486)
[2025.12.18-19.48.06:245][211]LogModuleManager: Shutting down and abandoning module MagicLeapAudio (484)
[2025.12.18-19.48.06:245][211]LogModuleManager: Shutting down and abandoning module MagicLeapSharedWorld (482)
[2025.12.18-19.48.06:245][211]LogModuleManager: Shutting down and abandoning module VariantManagerContentEditor (480)
[2025.12.18-19.48.06:246][211]LogModuleManager: Shutting down and abandoning module DatasmithContentEditor (478)
[2025.12.18-19.48.06:246][211]LogModuleManager: Shutting down and abandoning module PluginBrowser (476)
[2025.12.18-19.48.06:248][211]LogModuleManager: Shutting down and abandoning module SpeedTreeImporter (474)
[2025.12.18-19.48.06:248][211]LogModuleManager: Shutting down and abandoning module MobileLauncherProfileWizard (472)
[2025.12.18-19.48.06:249][211]LogModuleManager: Shutting down and abandoning module MaterialAnalyzer (470)
[2025.12.18-19.48.06:250][211]LogModuleManager: Shutting down and abandoning module CurveEditorTools (468)
[2025.12.18-19.48.06:251][211]LogModuleManager: Shutting down and abandoning module CryptoKeysOpenSSL (466)
[2025.12.18-19.48.06:251][211]LogModuleManager: Shutting down and abandoning module CryptoKeys (464)
[2025.12.18-19.48.06:251][211]LogModuleManager: Shutting down and abandoning module VisualStudioSourceCodeAccess (462)
[2025.12.18-19.48.06:252][211]LogModuleManager: Shutting down and abandoning module VisualStudioCodeSourceCodeAccess (460)
[2025.12.18-19.48.06:252][211]LogModuleManager: Shutting down and abandoning module UObjectPlugin (458)
[2025.12.18-19.48.06:252][211]LogModuleManager: Shutting down and abandoning module SubversionSourceControl (456)
[2025.12.18-19.48.06:253][211]LogModuleManager: Shutting down and abandoning module RiderSourceCodeAccess (454)
[2025.12.18-19.48.06:254][211]LogModuleManager: Shutting down and abandoning module PluginUtils (452)
[2025.12.18-19.48.06:254][211]LogModuleManager: Shutting down and abandoning module PlasticSourceControl (450)
[2025.12.18-19.48.06:255][211]LogModuleManager: Shutting down and abandoning module PerforceSourceControl (448)
[2025.12.18-19.48.06:257][211]LogModuleManager: Shutting down and abandoning module NiagaraEditorWidgets (446)
[2025.12.18-19.48.06:260][211]LogModuleManager: Shutting down and abandoning module GitSourceControl (444)
[2025.12.18-19.48.06:262][211]LogModuleManager: Shutting down and abandoning module SourceControl (443)
[2025.12.18-19.48.06:262][211]LogModuleManager: Shutting down and abandoning module CLionSourceCodeAccess (440)
[2025.12.18-19.48.06:263][211]LogModuleManager: Shutting down and abandoning module AnimationSharingEd (438)
[2025.12.18-19.48.06:263][211]LogModuleManager: Shutting down and abandoning module OodleNetworkHandlerComponent (436)
[2025.12.18-19.48.06:263][211]LogModuleManager: Shutting down and abandoning module LightPropagationVolumeEditor (434)
[2025.12.18-19.48.06:263][211]LogModuleManager: Shutting down and abandoning module PaperTiledImporter (432)
[2025.12.18-19.48.06:263][211]LogModuleManager: Shutting down and abandoning module PaperSpriteSheetImporter (430)
[2025.12.18-19.48.06:263][211]LogModuleManager: Shutting down and abandoning module Paper2DEditor (428)
[2025.12.18-19.48.06:265][211]LogModuleManager: Shutting down and abandoning module LiveLinkSequencer (426)
[2025.12.18-19.48.06:265][211]LogModuleManager: Shutting down and abandoning module LiveLinkMovieScene (424)
[2025.12.18-19.48.06:265][211]LogModuleManager: Shutting down and abandoning module LiveLinkGraphNode (422)
[2025.12.18-19.48.06:265][211]LogModuleManager: Shutting down and abandoning module LiveLinkEditor (420)
[2025.12.18-19.48.06:266][211]LogModuleManager: Shutting down and abandoning module LiveLinkComponents (418)
[2025.12.18-19.48.06:266][211]LogModuleManager: Shutting down and abandoning module LiveLink (416)
[2025.12.18-19.48.06:433][211]LogModuleManager: Shutting down and abandoning module MeshPaintingToolset (414)
[2025.12.18-19.48.06:434][211]LogModuleManager: Shutting down and abandoning module MeshPaintEditorMode (412)
[2025.12.18-19.48.06:437][211]LogModuleManager: Shutting down and abandoning module EnvironmentQueryEditor (410)
[2025.12.18-19.48.06:440][211]LogModuleManager: Shutting down and abandoning module SoundFields (408)
[2025.12.18-19.48.06:441][211]LogModuleManager: Shutting down and abandoning module SignificanceManager (406)
[2025.12.18-19.48.06:441][211]LogModuleManager: Shutting down and abandoning module RuntimePhysXCooking (404)
[2025.12.18-19.48.06:441][211]LogModuleManager: Shutting down and abandoning module PropertyAccessEditor (402)
[2025.12.18-19.48.06:443][211]LogModuleManager: Shutting down and abandoning module PhysXVehiclesEditor (400)
[2025.12.18-19.48.06:443][211]LogModuleManager: Shutting down and abandoning module LocationServicesBPLibrary (396)
[2025.12.18-19.48.06:444][211]LogModuleManager: Shutting down and abandoning module AudioSynesthesia (394)
[2025.12.18-19.48.06:444][211]LogModuleManager: Shutting down and abandoning module AudioSynesthesiaCore (392)
[2025.12.18-19.48.06:444][211]LogModuleManager: Shutting down and abandoning module PythonScriptPlugin (390)
[2025.12.18-19.48.06:445][211]LogModuleManager: Shutting down and abandoning module ActorSequence (388)
[2025.12.18-19.48.06:445][211]LogModuleManager: Shutting down and abandoning module ImgMediaEngine (386)
[2025.12.18-19.48.06:445][211]LogModuleManager: Shutting down and abandoning module UdpMessaging (384)
[2025.12.18-19.48.06:546][211]LogModuleManager: Shutting down and abandoning module TcpMessaging (382)
[2025.12.18-19.48.06:647][211]LogModuleManager: Shutting down and abandoning module MagicLeapHandMeshing (380)
[2025.12.18-19.48.06:648][211]LogModuleManager: Shutting down and abandoning module MagicLeapSecureStorage (378)
[2025.12.18-19.48.06:648][211]LogModuleManager: Shutting down and abandoning module MagicLeapPrivileges (376)
[2025.12.18-19.48.06:648][211]LogModuleManager: Shutting down and abandoning module MagicLeapPlanes (374)
[2025.12.18-19.48.06:651][211]LogMagicLeapPlanes: Planes tracker already destroyed.
[2025.12.18-19.48.06:651][211]LogModuleManager: Shutting down and abandoning module MagicLeapImageTracker (372)
[2025.12.18-19.48.06:652][211]LogModuleManager: Shutting down and abandoning module MagicLeapIdentity (370)
[2025.12.18-19.48.06:652][211]LogModuleManager: Shutting down and abandoning module MagicLeapHandTracking (368)
[2025.12.18-19.48.06:653][211]LogModuleManager: Shutting down and abandoning module MagicLeapEyeTracker (366)
[2025.12.18-19.48.06:654][211]LogModuleManager: Shutting down and abandoning module MagicLeapController (364)
[2025.12.18-19.48.06:655][211]LogModuleManager: Shutting down and abandoning module MagicLeapARPinImpl (362)
[2025.12.18-19.48.06:656][211]LogModuleManager: Shutting down and abandoning module MagicLeapAR (360)
[2025.12.18-19.48.06:656][211]LogModuleManager: Shutting down and abandoning module MagicLeapARPin (358)
[2025.12.18-19.48.06:656][211]LogModuleManager: Shutting down and abandoning module GameplayTagsEditor (356)
[2025.12.18-19.48.06:657][211]LogModuleManager: Shutting down and abandoning module FacialAnimationEditor (354)
[2025.12.18-19.48.06:658][211]LogModuleManager: Shutting down and abandoning module FacialAnimation (352)
[2025.12.18-19.48.06:658][211]LogModuleManager: Shutting down and abandoning module DataValidation (350)
[2025.12.18-19.48.06:658][211]LogModuleManager: Shutting down and abandoning module AssetManagerEditor (348)
[2025.12.18-19.48.06:659][211]LogModuleManager: Shutting down and abandoning module LevelEditor (347)
[2025.12.18-19.48.06:673][211]LogModuleManager: Shutting down and abandoning module PixelInspectorModule (346)
[2025.12.18-19.48.06:674][211]LogModuleManager: Shutting down and abandoning module CommonMenuExtensions (344)
[2025.12.18-19.48.06:676][211]LogModuleManager: Shutting down and abandoning module MainFrame (342)
[2025.12.18-19.48.06:677][211]LogModuleManager: Shutting down and abandoning module HotReload (341)
[2025.12.18-19.48.06:680][211]LogModuleManager: Shutting down and abandoning module ToolMenus (337)
[2025.12.18-19.48.06:680][211]LogModuleManager: Shutting down and abandoning module TreeMap (335)
[2025.12.18-19.48.06:681][211]LogModuleManager: Shutting down and abandoning module PropertyAccessNode (332)
[2025.12.18-19.48.06:681][211]LogModuleManager: Shutting down and abandoning module NiagaraAnimNotifies (330)
[2025.12.18-19.48.06:681][211]LogModuleManager: Shutting down and abandoning module Niagara (328)
[2025.12.18-19.48.06:685][211]LogModuleManager: Shutting down and abandoning module SignalProcessing (327)
[2025.12.18-19.48.06:686][211]LogModuleManager: Shutting down and abandoning module NiagaraEditor (325)
[2025.12.18-19.48.06:688][211]LogModuleManager: Shutting down and abandoning module ContentBrowser (324)
[2025.12.18-19.48.06:689][211]LogModuleManager: Shutting down and abandoning module ContentBrowserData (323)
[2025.12.18-19.48.06:689][211]LogModuleManager: Shutting down and abandoning module NiagaraCore (318)
[2025.12.18-19.48.06:689][211]LogModuleManager: Shutting down and abandoning module AnimationSharing (316)
[2025.12.18-19.48.06:689][211]LogModuleManager: Shutting down and abandoning module GameplayCameras (314)
[2025.12.18-19.48.06:689][211]LogModuleManager: Shutting down and abandoning module LightPropagationVolumeRuntime (312)
[2025.12.18-19.48.06:689][211]LogModuleManager: Shutting down and abandoning module Paper2D (310)
[2025.12.18-19.48.06:689][211]LogModuleManager: Shutting down and abandoning module WindowsMoviePlayer (308)
[2025.12.18-19.48.06:823][211]LogModuleManager: Shutting down and abandoning module WebMMoviePlayer (306)
[2025.12.18-19.48.06:824][211]LogModuleManager: Shutting down and abandoning module NetworkReplayStreaming (304)
[2025.12.18-19.48.06:824][211]LogModuleManager: Shutting down and abandoning module PacketHandler (302)
[2025.12.18-19.48.06:824][211]LogModuleManager: Shutting down and abandoning module ClothingSystemEditor (300)
[2025.12.18-19.48.06:824][211]LogModuleManager: Shutting down and abandoning module ClothingSystemRuntimeNv (298)
[2025.12.18-19.48.06:826][211]LogModuleManager: Shutting down and abandoning module MediaAssets (296)
[2025.12.18-19.48.06:826][211]LogModuleManager: Shutting down and abandoning module Overlay (294)
[2025.12.18-19.48.06:826][211]LogModuleManager: Shutting down and abandoning module OverlayEditor (293)
[2025.12.18-19.48.06:826][211]LogModuleManager: Shutting down and abandoning module VREditor (290)
[2025.12.18-19.48.06:827][211]LogModuleManager: Shutting down and abandoning module StringTableEditor (288)
[2025.12.18-19.48.06:828][211]LogModuleManager: Shutting down and abandoning module GameplayTasksEditor (286)
[2025.12.18-19.48.06:828][211]LogModuleManager: Shutting down and abandoning module BehaviorTreeEditor (284)
[2025.12.18-19.48.06:830][211]LogModuleManager: Shutting down and abandoning module FunctionalTesting (282)
[2025.12.18-19.48.06:830][211]LogModuleManager: Shutting down and abandoning module CollisionAnalyzer (280)
[2025.12.18-19.48.06:832][211]LogModuleManager: Shutting down and abandoning module WorkspaceMenuStructure (279)
[2025.12.18-19.48.06:834][211]LogModuleManager: Shutting down and abandoning module UMG (276)
[2025.12.18-19.48.06:835][211]LogModuleManager: Shutting down and abandoning module UMGEditor (275)
[2025.12.18-19.48.06:836][211]LogModuleManager: Shutting down and abandoning module MessageLog (273)
[2025.12.18-19.48.06:836][211]LogModuleManager: Shutting down and abandoning module SlateReflector (268)
[2025.12.18-19.48.06:840][211]LogModuleManager: Shutting down and abandoning module Slate (266)
[2025.12.18-19.48.06:840][211]LogModuleManager: Shutting down and abandoning module SlateCore (264)
[2025.12.18-19.48.06:840][211]LogModuleManager: Shutting down and abandoning module LandscapeEditorUtilities (262)
[2025.12.18-19.48.06:840][211]LogModuleManager: Shutting down and abandoning module UnrealEd (260)
[2025.12.18-19.48.06:840][211]LogModuleManager: Shutting down and abandoning module MRMesh (258)
[2025.12.18-19.48.06:840][211]LogModuleManager: Shutting down and abandoning module SourceCodeAccess (256)
[2025.12.18-19.48.06:841][211]LogModuleManager: Shutting down and abandoning module HeadMountedDisplay (254)
[2025.12.18-19.48.06:841][211]LogModuleManager: Shutting down and abandoning module XAudio2 (252)
[2025.12.18-19.48.06:842][211]LogModuleManager: Shutting down and abandoning module Networking (250)
[2025.12.18-19.48.06:842][211]LogModuleManager: Shutting down and abandoning module Core (248)
[2025.12.18-19.48.06:842][211]LogModuleManager: Shutting down and abandoning module MaterialEditor (246)
[2025.12.18-19.48.06:843][211]LogModuleManager: Shutting down and abandoning module MovieSceneTools (244)
[2025.12.18-19.48.06:845][211]LogModuleManager: Shutting down and abandoning module CurveEditor (243)
[2025.12.18-19.48.06:847][211]LogModuleManager: Shutting down and abandoning module Sequencer (241)
[2025.12.18-19.48.06:849][211]LogModuleManager: Shutting down and abandoning module EditorStyle (240)
[2025.12.18-19.48.06:854][211]LogModuleManager: Shutting down and abandoning module KismetCompiler (236)
[2025.12.18-19.48.06:854][211]LogModuleManager: Shutting down and abandoning module MeshBuilder (234)
[2025.12.18-19.48.06:854][211]LogModuleManager: Shutting down and abandoning module MeshUtilities (232)
[2025.12.18-19.48.06:854][211]LogModuleManager: Shutting down and abandoning module MeshMergeUtilities (231)
[2025.12.18-19.48.06:855][211]LogModuleManager: Shutting down and abandoning module MeshReductionInterface (230)
[2025.12.18-19.48.06:855][211]LogModuleManager: Shutting down and abandoning module MeshBoneReduction (229)
[2025.12.18-19.48.06:855][211]LogModuleManager: Shutting down and abandoning module SkeletalMeshReduction (227)
[2025.12.18-19.48.06:855][211]LogModuleManager: Shutting down and abandoning module ProxyLODMeshReduction (225)
[2025.12.18-19.48.06:857][211]LogModuleManager: Shutting down and abandoning module QuadricMeshReduction (223)
[2025.12.18-19.48.06:858][211]LogModuleManager: Shutting down and abandoning module MaterialBaking (219)
[2025.12.18-19.48.06:859][211]LogModuleManager: Shutting down and abandoning module NullInstallBundleManager (214)
[2025.12.18-19.48.06:859][211]LogModuleManager: Shutting down and abandoning module DerivedDataCache (212)
[2025.12.18-19.48.06:859][211]LogModuleManager: Shutting down and abandoning module TargetPlatform (210)
[2025.12.18-19.48.06:861][211]LogModuleManager: Shutting down and abandoning module VulkanShaderFormat (209)
[2025.12.18-19.48.06:863][211]LogModuleManager: Shutting down and abandoning module ShaderFormatVectorVM (207)
[2025.12.18-19.48.06:863][211]LogModuleManager: Shutting down and abandoning module ShaderFormatOpenGL (205)
[2025.12.18-19.48.06:864][211]LogModuleManager: Shutting down and abandoning module ShaderFormatD3D (203)
[2025.12.18-19.48.06:865][211]LogModuleManager: Shutting down and abandoning module MetalShaderFormat (201)
[2025.12.18-19.48.06:865][211]LogModuleManager: Shutting down and abandoning module TextureFormatOodle (199)
[2025.12.18-19.48.06:866][211]LogModuleManager: Shutting down and abandoning module TextureFormatUncompressed (197)
[2025.12.18-19.48.06:866][211]LogModuleManager: Shutting down and abandoning module TextureFormatPVR (195)
[2025.12.18-19.48.06:866][211]LogModuleManager: Shutting down and abandoning module TextureFormatETC2 (193)
[2025.12.18-19.48.06:867][211]LogModuleManager: Shutting down and abandoning module TextureFormatDXT (191)
[2025.12.18-19.48.06:867][211]LogModuleManager: Shutting down and abandoning module TextureFormatIntelISPCTexComp (189)
[2025.12.18-19.48.06:868][211]LogModuleManager: Shutting down and abandoning module TextureFormatASTC (187)
[2025.12.18-19.48.06:868][211]LogModuleManager: Shutting down and abandoning module ImageWrapper (186)
[2025.12.18-19.48.06:868][211]LogModuleManager: Shutting down and abandoning module AudioFormatOpus (183)
[2025.12.18-19.48.06:868][211]LogModuleManager: Shutting down and abandoning module AudioFormatOgg (181)
[2025.12.18-19.48.06:869][211]LogModuleManager: Shutting down and abandoning module AudioFormatADPCM (179)
[2025.12.18-19.48.06:869][211]LogModuleManager: Shutting down and abandoning module WindowsServerTargetPlatform (177)
[2025.12.18-19.48.06:869][211]LogModuleManager: Shutting down and abandoning module WindowsClientTargetPlatform (175)
[2025.12.18-19.48.06:870][211]LogModuleManager: Shutting down and abandoning module WindowsTargetPlatform (173)
[2025.12.18-19.48.06:870][211]LogModuleManager: Shutting down and abandoning module WindowsNoEditorTargetPlatform (171)
[2025.12.18-19.48.06:870][211]LogModuleManager: Shutting down and abandoning module TVOSTargetPlatform (169)
[2025.12.18-19.48.06:905][211]LogModuleManager: Shutting down and abandoning module MacServerTargetPlatform (167)
[2025.12.18-19.48.06:906][211]LogModuleManager: Shutting down and abandoning module MacClientTargetPlatform (165)
[2025.12.18-19.48.06:906][211]LogModuleManager: Shutting down and abandoning module MacTargetPlatform (163)
[2025.12.18-19.48.06:908][211]LogModuleManager: Shutting down and abandoning module MacNoEditorTargetPlatform (161)
[2025.12.18-19.48.06:908][211]LogModuleManager: Shutting down and abandoning module LuminTargetPlatform (159)
[2025.12.18-19.48.06:933][211]LogModuleManager: Shutting down and abandoning module LinuxAArch64ServerTargetPlatform (157)
[2025.12.18-19.48.06:933][211]LogModuleManager: Shutting down and abandoning module LinuxAArch64ClientTargetPlatform (155)
[2025.12.18-19.48.06:934][211]LogModuleManager: Shutting down and abandoning module LinuxAArch64NoEditorTargetPlatform (153)
[2025.12.18-19.48.06:934][211]LogModuleManager: Shutting down and abandoning module LinuxServerTargetPlatform (151)
[2025.12.18-19.48.06:935][211]LogModuleManager: Shutting down and abandoning module LinuxClientTargetPlatform (149)
[2025.12.18-19.48.06:935][211]LogModuleManager: Shutting down and abandoning module LinuxNoEditorTargetPlatform (147)
[2025.12.18-19.48.06:935][211]LogModuleManager: Shutting down and abandoning module LinuxTargetPlatform (145)
[2025.12.18-19.48.06:935][211]LogModuleManager: Shutting down and abandoning module Messaging (143)
[2025.12.18-19.48.06:935][211]LogModuleManager: Shutting down and abandoning module IOSTargetPlatform (141)
[2025.12.18-19.48.06:963][211]LogModuleManager: Shutting down and abandoning module AndroidTargetPlatform (139)
[2025.12.18-19.48.07:058][211]LogModuleManager: Shutting down and abandoning module AllDesktopTargetPlatform (137)
[2025.12.18-19.48.07:058][211]LogModuleManager: Shutting down and abandoning module D3D11RHI (134)
[2025.12.18-19.48.07:058][211]LogModuleManager: Shutting down and abandoning module InputCore (132)
[2025.12.18-19.48.07:058][211]LogModuleManager: Shutting down and abandoning module Settings (130)
[2025.12.18-19.48.07:059][211]LogModuleManager: Shutting down and abandoning module DirectoryWatcher (128)
[2025.12.18-19.48.07:060][211]LogModuleManager: Shutting down and abandoning module PhysXCooking (126)
[2025.12.18-19.48.07:060][211]LogModuleManager: Shutting down and abandoning module Chaos (124)
[2025.12.18-19.48.07:061][211]LogModuleManager: Shutting down and abandoning module WindowsPlatformFeatures (122)
[2025.12.18-19.48.07:062][211]LogModuleManager: Shutting down and abandoning module GameplayMediaEncoder (121)
[2025.12.18-19.48.07:062][211]LogModuleManager: Shutting down and abandoning module AVEncoder (120)
[2025.12.18-19.48.07:063][211]LogModuleManager: Shutting down and abandoning module SteamVRInputDevice (116)
[2025.12.18-19.48.07:063][211]LogModuleManager: Shutting down and abandoning module SteamVRInput (114)
[2025.12.18-19.48.07:063][211]LogModuleManager: Shutting down and abandoning module SteamVR (112)
[2025.12.18-19.48.07:064][211]LogHMD: Freeing OpenVRDLLHandle.
[2025.12.18-19.48.07:064][211]LogModuleManager: Shutting down and abandoning module OculusHMD (110)
[2025.12.18-19.48.07:064][211]LogModuleManager: Shutting down and abandoning module AISupportModule (108)
[2025.12.18-19.48.07:064][211]LogModuleManager: Shutting down and abandoning module OpenXRHandTracking (106)
[2025.12.18-19.48.07:066][211]LogSlate: Slate User Destroyed.  User Index 0, Is Virtual User: 0
[2025.12.18-19.48.07:067][211]LogModuleManager: Shutting down and abandoning module OpenXREyeTracker (104)
[2025.12.18-19.48.07:067][211]LogModuleManager: Shutting down and abandoning module OpenXRAR (102)
[2025.12.18-19.48.07:067][211]LogModuleManager: Shutting down and abandoning module AugmentedReality (101)
[2025.12.18-19.48.07:067][211]LogModuleManager: Shutting down and abandoning module OpenXRHMD (98)
[2025.12.18-19.48.07:072][211]LogModuleManager: Shutting down and abandoning module OnlineBlueprintSupport (96)
[2025.12.18-19.48.07:072][211]LogModuleManager: Shutting down and abandoning module OnlineSubsystem (92)
[2025.12.18-19.48.07:077][211]LogModuleManager: Shutting down and abandoning module XMPP (87)
[2025.12.18-19.48.07:079][211]LogModuleManager: Shutting down and abandoning module WebSockets (86)
[2025.12.18-19.48.07:115][211]LogModuleManager: Shutting down and abandoning module HTTP (83)
[2025.12.18-19.48.07:115][211]LogHttp: Display: Http module shutting down, but needs to wait on 1 outstanding Http requests:
[2025.12.18-19.48.07:115][211]LogHttp: Display: 	verb=[POST] url=[https://datarouter.ol.epicgames.com/datarouter/api/v1/public/data?SessionID=%7B145666E7-4C75-B3B4-2F9F-E0AC213CF046%7D&AppID=UEEditor.Rocket.Release&AppVersion=4.27.2-18319896%2B%2B%2BUE4%2BRelease-4.27&UserID=b04b7cc342cbf28028732289d7babebf%7C984fab8377564a2eb8bdb4af4726766f%7C7b2af634-a612-4e7f-9a50-30bec8fc931d&AppEnvironment=datacollector-binary&UploadType=eteventstream] refs=[1] status=Processing
[2025.12.18-19.48.07:115][211]LogHttp: Display: cleaning up 1 outstanding Http requests.
[2025.12.18-19.48.07:135][211]LogModuleManager: Shutting down and abandoning module SSL (82)
[2025.12.18-19.48.07:146][211]LogModuleManager: Shutting down and abandoning module ExampleDeviceProfileSelector (78)
[2025.12.18-19.48.07:146][211]LogModuleManager: Shutting down and abandoning module ChunkDownloader (76)
[2025.12.18-19.48.07:146][211]LogModuleManager: Shutting down and abandoning module LauncherChunkInstaller (74)
[2025.12.18-19.48.07:146][211]LogModuleManager: Shutting down and abandoning module ChaosCloth (72)
[2025.12.18-19.48.07:147][211]LogModuleManager: Shutting down and abandoning module WmfMedia (70)
[2025.12.18-19.48.07:152][211]LogModuleManager: Shutting down and abandoning module Media (69)
[2025.12.18-19.48.07:152][211]LogModuleManager: Shutting down and abandoning module MediaInfo (68)
[2025.12.18-19.48.07:152][211]LogModuleManager: Shutting down and abandoning module ExrReaderGpu (64)
[2025.12.18-19.48.07:152][211]LogModuleManager: Shutting down and abandoning module MagicLeap (62)
[2025.12.18-19.48.07:152][211]LogModuleManager: Shutting down and abandoning module MLSDK (60)
[2025.12.18-19.48.07:154][211]LogModuleManager: Shutting down and abandoning module VariantManagerContent (58)
[2025.12.18-19.48.07:154][211]LogModuleManager: Shutting down and abandoning module DatasmithContent (56)
[2025.12.18-19.48.07:155][211]LogModuleManager: Shutting down and abandoning module PixWinPlugin (54)
[2025.12.18-19.48.07:155][211]LogModuleManager: Shutting down and abandoning module NiagaraVertexFactories (52)
[2025.12.18-19.48.07:155][211]LogModuleManager: Shutting down and abandoning module NiagaraShader (50)
[2025.12.18-19.48.07:156][211]LogModuleManager: Shutting down and abandoning module DesktopPlatform (48)
[2025.12.18-19.48.07:157][211]LogModuleManager: Shutting down and abandoning module PythonScriptPluginPreload (46)
[2025.12.18-19.48.07:157][211]LogModuleManager: Shutting down and abandoning module PlatformCryptoOpenSSL (44)
[2025.12.18-19.48.07:157][211]LogModuleManager: Shutting down and abandoning module PlatformCryptoTypes (42)
[2025.12.18-19.48.07:157][211]LogModuleManager: Shutting down and abandoning module PlatformCrypto (40)
[2025.12.18-19.48.07:157][211]LogModuleManager: Shutting down and abandoning module OodleDataCompressionFormat (38)
[2025.12.18-19.48.07:158][211]LogModuleManager: Shutting down and abandoning module XGEController (36)
[2025.12.18-19.48.07:160][211]LogXGEController: Cleaning working directory: C:/Users/Владислав/AppData/Local/Temp/UnrealXGEWorkingDir/
[2025.12.18-19.48.07:160][211]LogModuleManager: Shutting down and abandoning module AnimationModifiers (34)
[2025.12.18-19.48.07:160][211]LogModuleManager: Shutting down and abandoning module AudioEditor (32)
[2025.12.18-19.48.07:164][211]LogModuleManager: Shutting down and abandoning module PropertyEditor (31)
[2025.12.18-19.48.07:168][211]LogModuleManager: Shutting down and abandoning module TextureCompressor (28)
[2025.12.18-19.48.07:168][211]LogModuleManager: Shutting down and abandoning module RenderCore (26)
[2025.12.18-19.48.07:168][211]LogModuleManager: Shutting down and abandoning module Landscape (24)
[2025.12.18-19.48.07:169][211]LogModuleManager: Shutting down and abandoning module SlateRHIRenderer (22)
[2025.12.18-19.48.07:180][211]LogModuleManager: Shutting down and abandoning module AnimGraphRuntime (20)
[2025.12.18-19.48.07:181][211]LogModuleManager: Shutting down and abandoning module Renderer (18)
[2025.12.18-19.48.07:181][211]LogModuleManager: Shutting down and abandoning module Engine (16)
[2025.12.18-19.48.07:181][211]LogModuleManager: Shutting down and abandoning module CoreUObject (14)
[2025.12.18-19.48.07:181][211]LogModuleManager: Shutting down and abandoning module NetworkFile (12)
[2025.12.18-19.48.07:181][211]LogModuleManager: Shutting down and abandoning module CookedIterativeFile (10)
[2025.12.18-19.48.07:181][211]LogModuleManager: Shutting down and abandoning module StreamingFile (8)
[2025.12.18-19.48.07:182][211]LogModuleManager: Shutting down and abandoning module SandboxFile (6)
[2025.12.18-19.48.07:182][211]LogModuleManager: Shutting down and abandoning module PakFile (4)
[2025.12.18-19.48.07:186][211]LogModuleManager: Shutting down and abandoning module RSA (3)
[2025.12.18-19.48.07:187][211]LogContentStreaming: Display: There are 1 unreleased StreamingManagers
[2025.12.18-19.48.07:374][211]LogD3D11RHI: Shutdown
[2025.12.18-19.48.07:375][211]LogD3D11RHI: CleanupD3DDevice
[2025.12.18-19.48.07:422][211]LogExit: Exiting.
[2025.12.18-19.48.07:453][211]Log file closed, 12/18/25 22:48:07
