Log file open, 12/20/25 12:49:19
LogWindows: Failed to load 'aqProf.dll' (GetLastError=126)
LogWindows: File 'aqProf.dll' does not exist
LogWindows: Failed to load 'VtuneApi.dll' (GetLastError=126)
LogWindows: File 'VtuneApi.dll' does not exist
LogWindows: Failed to load 'VtuneApi32e.dll' (GetLastError=126)
LogWindows: File 'VtuneApi32e.dll' does not exist
LogConsoleResponse: Display: Failed to find resolution value strings in scalability ini. Falling back to default.
LogConsoleResponse: Display: Failed to find resolution value strings in scalability ini. Falling back to default.
LogInit: Display: Running engine for game: Mini_laboratory
LogPlatformFile: Not using cached read wrapper
LogTaskGraph: Started task graph with 5 named threads and 23 total threads with 3 sets of task threads.
LogStats: Stats thread started at 1.410222
LogICUInternationalization: ICU TimeZone Detection - Raw Offset: +3:00, Platform Override: ''
LogInit: Display: Loading text-based GConfig....
LogPluginManager: Mounting plugin MeshPainting
LogPluginManager: Mounting plugin XGEController
LogPluginManager: Mounting plugin AISupport
LogPluginManager: Mounting plugin EnvironmentQueryEditor
LogPluginManager: Mounting plugin LiveLink
LogPluginManager: Mounting plugin LightPropagationVolume
LogPluginManager: Mounting plugin Paper2D
LogPluginManager: Mounting plugin OodleData
LogPluginManager: Mounting plugin OodleNetwork
LogPluginManager: Mounting plugin AssetManagerEditor
LogPluginManager: Mounting plugin CryptoKeys
LogPluginManager: Mounting plugin DataValidation
LogPluginManager: Mounting plugin CurveEditorTools
LogPluginManager: Mounting plugin FacialAnimation
LogPluginManager: Mounting plugin GameplayTagsEditor
LogPluginManager: Mounting plugin GeometryMode
LogPluginManager: Mounting plugin MacGraphicsSwitching
LogPluginManager: Mounting plugin MaterialAnalyzer
LogPluginManager: Mounting plugin MobileLauncherProfileWizard
LogPluginManager: Mounting plugin SpeedTreeImporter
LogPluginManager: Mounting plugin PluginBrowser
LogPluginManager: Mounting plugin LuminPlatformFeatures
LogPluginManager: Mounting plugin MagicLeap
LogPluginManager: Mounting plugin Niagara
LogPluginManager: Mounting plugin MagicLeapMedia
LogPluginManager: Mounting plugin MagicLeapLightEstimation
LogPluginManager: Mounting plugin MagicLeapPassableWorld
LogPluginManager: Mounting plugin MLSDK
LogPluginManager: Mounting plugin CameraShakePreviewer
LogPluginManager: Mounting plugin GameplayCameras
LogPluginManager: Mounting plugin DatasmithContent
LogPluginManager: Mounting plugin VariantManagerContent
LogPluginManager: Mounting plugin TcpMessaging
LogPluginManager: Mounting plugin AlembicImporter
LogPluginManager: Mounting plugin UdpMessaging
LogPluginManager: Mounting plugin AutomationUtils
LogPluginManager: Mounting plugin ChaosCloth
LogPluginManager: Mounting plugin BackChannel
LogPluginManager: Mounting plugin ChaosClothEditor
LogPluginManager: Mounting plugin ChaosEditor
LogPluginManager: Mounting plugin ChaosSolverPlugin
LogPluginManager: Mounting plugin CharacterAI
LogPluginManager: Mounting plugin ChaosNiagara
LogPluginManager: Mounting plugin GeometryCache
LogPluginManager: Mounting plugin AnimationSharing
LogPluginManager: Mounting plugin CLionSourceCodeAccess
LogPluginManager: Mounting plugin GeometryCollectionPlugin
LogPluginManager: Mounting plugin CodeLiteSourceCodeAccess
LogPluginManager: Mounting plugin NullSourceCodeAccess
LogPluginManager: Mounting plugin KDevelopSourceCodeAccess
LogPluginManager: Mounting plugin GitSourceControl
LogPluginManager: Mounting plugin PerforceSourceControl
LogPluginManager: Mounting plugin PluginUtils
LogPluginManager: Mounting plugin PixWinPlugin
LogPluginManager: Mounting plugin PropertyAccessNode
LogPluginManager: Mounting plugin PlasticSourceControl
LogPluginManager: Mounting plugin RiderSourceCodeAccess
LogPluginManager: Mounting plugin SubversionSourceControl
LogPluginManager: Mounting plugin TextureFormatOodle
LogPluginManager: Mounting plugin UObjectPlugin
LogPluginManager: Mounting plugin VisualStudioCodeSourceCodeAccess
LogPluginManager: Mounting plugin XCodeSourceCodeAccess
LogPluginManager: Mounting plugin VisualStudioSourceCodeAccess
LogPluginManager: Mounting plugin GeometryProcessing
LogPluginManager: Mounting plugin OpenImageDenoise
LogPluginManager: Mounting plugin MotoSynth
LogPluginManager: Mounting plugin PlanarCut
LogPluginManager: Mounting plugin PlatformCrypto
LogPluginManager: Mounting plugin ProxyLODPlugin
LogPluginManager: Mounting plugin PythonScriptPlugin
LogPluginManager: Mounting plugin SkeletalReduction
LogPluginManager: Mounting plugin AndroidMedia
LogPluginManager: Mounting plugin AvfMedia
LogPluginManager: Mounting plugin MediaCompositing
LogPluginManager: Mounting plugin ImgMedia
LogPluginManager: Mounting plugin MediaPlayerEditor
LogPluginManager: Mounting plugin ActorSequence
LogPluginManager: Mounting plugin WebMMedia
LogPluginManager: Mounting plugin WmfMedia
LogPluginManager: Mounting plugin LevelSequenceEditor
LogPluginManager: Mounting plugin LauncherChunkInstaller
LogPluginManager: Mounting plugin MatineeToLevelSequence
LogPluginManager: Mounting plugin TemplateSequence
LogPluginManager: Mounting plugin OnlineSubsystem
LogPluginManager: Mounting plugin OnlineSubsystemNull
LogPluginManager: Mounting plugin OnlineSubsystemUtils
LogPluginManager: Mounting plugin ActorLayerUtilities
LogPluginManager: Mounting plugin AndroidDeviceProfileSelector
LogPluginManager: Mounting plugin AndroidPermission
LogPluginManager: Mounting plugin AndroidMoviePlayer
LogPluginManager: Mounting plugin AppleImageUtils
LogPluginManager: Mounting plugin AssetTags
LogPluginManager: Mounting plugin AppleMoviePlayer
LogPluginManager: Mounting plugin ArchVisCharacter
LogPluginManager: Mounting plugin AudioCapture
LogPluginManager: Mounting plugin AudioSynesthesia
LogPluginManager: Mounting plugin CableComponent
LogPluginManager: Mounting plugin ChunkDownloader
LogPluginManager: Mounting plugin CustomMeshComponent
LogPluginManager: Mounting plugin EditableMesh
LogPluginManager: Mounting plugin ExampleDeviceProfileSelector
LogPluginManager: Mounting plugin GoogleCloudMessaging
LogPluginManager: Mounting plugin GooglePAD
LogPluginManager: Mounting plugin Takes
LogPluginManager: Mounting plugin ScreenshotTools
LogPluginManager: Mounting plugin LinuxDeviceProfileSelector
LogPluginManager: Mounting plugin IOSDeviceProfileSelector
LogPluginManager: Mounting plugin LocationServicesBPLibrary
LogPluginManager: Mounting plugin MobilePatchingUtils
LogPluginManager: Mounting plugin OpenXR
LogPluginManager: Mounting plugin OpenXRHandTracking
LogPluginManager: Mounting plugin OpenXREyeTracker
LogPluginManager: Mounting plugin PostSplashScreen
LogPluginManager: Mounting plugin PhysXVehicles
LogPluginManager: Mounting plugin PropertyAccessEditor
LogPluginManager: Mounting plugin ProceduralMeshComponent
LogPluginManager: Mounting plugin RuntimePhysXCooking
LogPluginManager: Mounting plugin SoundFields
LogPluginManager: Mounting plugin SignificanceManager
LogPluginManager: Mounting plugin Synthesis
LogPluginManager: Mounting plugin WebMMoviePlayer
LogPluginManager: Mounting plugin WindowsMoviePlayer
LogPluginManager: Mounting plugin ContentBrowserAssetDataSource
LogPluginManager: Mounting plugin ContentBrowserFileDataSource
LogPluginManager: Mounting plugin ContentBrowserClassDataSource
LogPluginManager: Mounting plugin OnlineSubsystemIOS
LogPluginManager: Mounting plugin OnlineSubsystemGooglePlay
LogPluginManager: Mounting plugin OculusVR
LogPluginManager: Mounting plugin SteamVR
PixWinPlugin: PIX capture plugin failed to initialize! Check that the process is launched from PIX.
LogInit: Using libcurl 7.55.1-DEV
LogInit:  - built for x86_64-pc-win32
LogInit:  - supports SSL with OpenSSL/1.1.1
LogInit:  - supports HTTP deflate (compression) using libz 1.2.8
LogInit:  - other features:
LogInit:      CURL_VERSION_SSL
LogInit:      CURL_VERSION_LIBZ
LogInit:      CURL_VERSION_IPV6
LogInit:      CURL_VERSION_ASYNCHDNS
LogInit:      CURL_VERSION_LARGEFILE
LogInit:      CURL_VERSION_IDN
LogInit:  CurlRequestOptions (configurable via config and command line):
LogInit:  - bVerifyPeer = true  - Libcurl will verify peer certificate
LogInit:  - bUseHttpProxy = false  - Libcurl will NOT use HTTP proxy
LogInit:  - bDontReuseConnections = false  - Libcurl will reuse connections
LogInit:  - MaxHostConnections = 16  - Libcurl will limit the number of connections to a host
LogInit:  - LocalHostAddr = Default
LogInit:  - BufferSize = 65536
LogOnline: OSS: Creating online subsystem instance for: NULL
LogInit: WinSock: version 1.1 (2.2), MaxSocks=32767, MaxUdp=65467
LogOnline: OSS: TryLoadSubsystemAndSetDefault: Loaded subsystem for module [NULL]
LogOculusPluginWrapper: OculusPlugin initialized successfully
LogHMD: Failed initializing OVRPlugin 1.59.0
LogInit: Build: ++UE4+Release-4.27-CL-18319896
LogInit: Engine Version: 4.27.2-18319896+++UE4+Release-4.27
LogInit: Compatible Engine Version: 4.27.0-17155196+++UE4+Release-4.27
LogInit: Net CL: 17155196
LogInit: OS: Windows 10 (Release 2009) (), CPU: Intel(R) Core(TM) i5-10300H CPU @ 2.50GHz, GPU: Intel(R) UHD Graphics
LogInit: Compiled (64-bit): Nov 30 2021 07:12:08
LogInit: Compiled with Visual C++: 19.24.28315.00
LogInit: Build Configuration: Development
LogInit: Branch Name: ++UE4+Release-4.27
LogInit: Command Line: 
LogInit: Base Directory: D:/Progams on PC/Unreal/UE_4.27/Engine/Binaries/Win64/
LogInit: Allocator: TBB
LogInit: Installed Engine Build: 1
LogDevObjectVersion: Number of dev versions registered: 29
LogDevObjectVersion:   Dev-Blueprints (B0D832E4-1F89-4F0D-ACCF-7EB736FD4AA2): 10
LogDevObjectVersion:   Dev-Build (E1C64328-A22C-4D53-A36C-8E866417BD8C): 0
LogDevObjectVersion:   Dev-Core (375EC13C-06E4-48FB-B500-84F0262A717E): 4
LogDevObjectVersion:   Dev-Editor (E4B068ED-F494-42E9-A231-DA0B2E46BB41): 40
LogDevObjectVersion:   Dev-Framework (CFFC743F-43B0-4480-9391-14DF171D2073): 37
LogDevObjectVersion:   Dev-Mobile (B02B49B5-BB20-44E9-A304-32B752E40360): 3
LogDevObjectVersion:   Dev-Networking (A4E4105C-59A1-49B5-A7C5-40C4547EDFEE): 0
LogDevObjectVersion:   Dev-Online (39C831C9-5AE6-47DC-9A44-9C173E1C8E7C): 0
LogDevObjectVersion:   Dev-Physics (78F01B33-EBEA-4F98-B9B4-84EACCB95AA2): 14
LogDevObjectVersion:   Dev-Platform (6631380F-2D4D-43E0-8009-CF276956A95A): 0
LogDevObjectVersion:   Dev-Rendering (12F88B9F-8875-4AFC-A67C-D90C383ABD29): 45
LogDevObjectVersion:   Dev-Sequencer (7B5AE74C-D270-4C10-A958-57980B212A5A): 13
LogDevObjectVersion:   Dev-VR (D7296918-1DD6-4BDD-9DE2-64A83CC13884): 3
LogDevObjectVersion:   Dev-LoadTimes (C2A15278-BFE7-4AFE-6C17-90FF531DF755): 1
LogDevObjectVersion:   Private-Geometry (6EACA3D4-40EC-4CC1-B786-8BED09428FC5): 3
LogDevObjectVersion:   Dev-AnimPhys (29E575DD-E0A3-4627-9D10-D276232CDCEA): 17
LogDevObjectVersion:   Dev-Anim (AF43A65D-7FD3-4947-9873-3E8ED9C1BB05): 15
LogDevObjectVersion:   Dev-ReflectionCapture (6B266CEC-1EC7-4B8F-A30B-E4D90942FC07): 1
LogDevObjectVersion:   Dev-Automation (0DF73D61-A23F-47EA-B727-89E90C41499A): 1
LogDevObjectVersion:   FortniteMain (601D1886-AC64-4F84-AA16-D3DE0DEAC7D6): 47
LogDevObjectVersion:   FortniteRelease (E7086368-6B23-4C58-8439-1B7016265E91): 1
LogDevObjectVersion:   Dev-Enterprise (9DFFBCD6-494F-0158-E221-12823C92A888): 10
LogDevObjectVersion:   Dev-Niagara (F2AED0AC-9AFE-416F-8664-AA7FFA26D6FC): 1
LogDevObjectVersion:   Dev-Destruction (174F1F0B-B4C6-45A5-B13F-2EE8D0FB917D): 10
LogDevObjectVersion:   Dev-Physics-Ext (35F94A83-E258-406C-A318-09F59610247C): 41
LogDevObjectVersion:   Dev-PhysicsMaterial-Chaos (B68FC16E-8B1B-42E2-B453-215C058844FE): 1
LogDevObjectVersion:   Dev-CineCamera (B2E18506-4273-CFC2-A54E-F4BB758BBA07): 1
LogDevObjectVersion:   Dev-VirtualProduction (64F58936-FD1B-42BA-BA96-7289D5D0FA4E): 1
LogDevObjectVersion:   Dev-MediaFramework (6F0ED827-A609-4895-9C91-998D90180EA4): 2
LogInit: Presizing for max 25165824 objects, including 0 objects not considered by GC, pre-allocating 0 bytes for permanent pool.
LogConfig: Applying CVar settings from Section [/Script/Engine.StreamingSettings] File [D:/WORKPLACE/Mini_laboratory/MEPhI_VR_term_1/Mini_laboratory/Saved/Config/Windows/Engine.ini]
LogConfig: Setting CVar [[s.MinBulkDataSizeForAsyncLoading:131072]]
LogConfig: Setting CVar [[s.AsyncLoadingThreadEnabled:0]]
LogConfig: Setting CVar [[s.EventDrivenLoaderEnabled:1]]
LogConfig: Setting CVar [[s.WarnIfTimeLimitExceeded:0]]
LogConfig: Setting CVar [[s.TimeLimitExceededMultiplier:1.5]]
LogConfig: Setting CVar [[s.TimeLimitExceededMinTime:0.005]]
LogConfig: Setting CVar [[s.UseBackgroundLevelStreaming:1]]
LogConfig: Setting CVar [[s.PriorityAsyncLoadingExtraTime:15.0]]
LogConfig: Setting CVar [[s.LevelStreamingActorsUpdateTimeLimit:5.0]]
LogConfig: Setting CVar [[s.PriorityLevelStreamingActorsUpdateExtraTime:5.0]]
LogConfig: Setting CVar [[s.LevelStreamingComponentsRegistrationGranularity:10]]
LogConfig: Setting CVar [[s.UnregisterComponentsTimeLimit:1.0]]
LogConfig: Setting CVar [[s.LevelStreamingComponentsUnregistrationGranularity:5]]
LogConfig: Setting CVar [[s.FlushStreamingOnExit:1]]
LogInit: Object subsystem initialized
LogConfig: Setting CVar [[con.DebugEarlyDefault:1]]
LogConfig: Setting CVar [[r.setres:1280x720]]
[2025.12.20-09.49.24:708][  0]LogConfig: Setting CVar [[r.VSync:0]]
[2025.12.20-09.49.24:708][  0]LogConfig: Setting CVar [[r.RHICmdBypass:0]]
[2025.12.20-09.49.24:708][  0]LogConfig: Applying CVar settings from Section [/Script/Engine.RendererSettings] File [D:/WORKPLACE/Mini_laboratory/MEPhI_VR_term_1/Mini_laboratory/Saved/Config/Windows/Engine.ini]
[2025.12.20-09.49.24:708][  0]LogConfig: Setting CVar [[r.GPUCrashDebugging:0]]
[2025.12.20-09.49.24:708][  0]LogConfig: Applying CVar settings from Section [/Script/Engine.RendererOverrideSettings] File [D:/WORKPLACE/Mini_laboratory/MEPhI_VR_term_1/Mini_laboratory/Saved/Config/Windows/Engine.ini]
[2025.12.20-09.49.24:708][  0]LogConfig: Applying CVar settings from Section [/Script/Engine.StreamingSettings] File [D:/WORKPLACE/Mini_laboratory/MEPhI_VR_term_1/Mini_laboratory/Saved/Config/Windows/Engine.ini]
[2025.12.20-09.49.24:708][  0]LogConfig: Setting CVar [[s.MinBulkDataSizeForAsyncLoading:131072]]
[2025.12.20-09.49.24:708][  0]LogConfig: Setting CVar [[s.AsyncLoadingThreadEnabled:0]]
[2025.12.20-09.49.24:708][  0]LogConfig: Setting CVar [[s.EventDrivenLoaderEnabled:1]]
[2025.12.20-09.49.24:708][  0]LogConfig: Setting CVar [[s.WarnIfTimeLimitExceeded:0]]
[2025.12.20-09.49.24:708][  0]LogConfig: Setting CVar [[s.TimeLimitExceededMultiplier:1.5]]
[2025.12.20-09.49.24:708][  0]LogConfig: Setting CVar [[s.TimeLimitExceededMinTime:0.005]]
[2025.12.20-09.49.24:708][  0]LogConfig: Setting CVar [[s.UseBackgroundLevelStreaming:1]]
[2025.12.20-09.49.24:708][  0]LogConfig: Setting CVar [[s.PriorityAsyncLoadingExtraTime:15.0]]
[2025.12.20-09.49.24:708][  0]LogConfig: Setting CVar [[s.LevelStreamingActorsUpdateTimeLimit:5.0]]
[2025.12.20-09.49.24:708][  0]LogConfig: Setting CVar [[s.PriorityLevelStreamingActorsUpdateExtraTime:5.0]]
[2025.12.20-09.49.24:708][  0]LogConfig: Setting CVar [[s.LevelStreamingComponentsRegistrationGranularity:10]]
[2025.12.20-09.49.24:708][  0]LogConfig: Setting CVar [[s.UnregisterComponentsTimeLimit:1.0]]
[2025.12.20-09.49.24:708][  0]LogConfig: Setting CVar [[s.LevelStreamingComponentsUnregistrationGranularity:5]]
[2025.12.20-09.49.24:708][  0]LogConfig: Setting CVar [[s.FlushStreamingOnExit:1]]
[2025.12.20-09.49.24:708][  0]LogConfig: Applying CVar settings from Section [/Script/Engine.GarbageCollectionSettings] File [D:/WORKPLACE/Mini_laboratory/MEPhI_VR_term_1/Mini_laboratory/Saved/Config/Windows/Engine.ini]
[2025.12.20-09.49.24:708][  0]LogConfig: Setting CVar [[gc.MaxObjectsNotConsideredByGC:1]]
[2025.12.20-09.49.24:708][  0]LogConfig: Setting CVar [[gc.SizeOfPermanentObjectPool:0]]
[2025.12.20-09.49.24:708][  0]LogConfig: Setting CVar [[gc.FlushStreamingOnGC:0]]
[2025.12.20-09.49.24:708][  0]LogConfig: Setting CVar [[gc.NumRetriesBeforeForcingGC:10]]
[2025.12.20-09.49.24:708][  0]LogConfig: Setting CVar [[gc.AllowParallelGC:1]]
[2025.12.20-09.49.24:709][  0]LogConfig: Setting CVar [[gc.TimeBetweenPurgingPendingKillObjects:61.1]]
[2025.12.20-09.49.24:709][  0]LogConfig: Setting CVar [[gc.MaxObjectsInEditor:25165824]]
[2025.12.20-09.49.24:709][  0]LogConfig: Setting CVar [[gc.IncrementalBeginDestroyEnabled:1]]
[2025.12.20-09.49.24:709][  0]LogConfig: Setting CVar [[gc.CreateGCClusters:1]]
[2025.12.20-09.49.24:709][  0]LogConfig: Setting CVar [[gc.MinGCClusterSize:5]]
[2025.12.20-09.49.24:709][  0]LogConfig: Setting CVar [[gc.ActorClusteringEnabled:0]]
[2025.12.20-09.49.24:709][  0]LogConfig: Setting CVar [[gc.BlueprintClusteringEnabled:0]]
[2025.12.20-09.49.24:709][  0]LogConfig: Setting CVar [[gc.UseDisregardForGCOnDedicatedServers:0]]
[2025.12.20-09.49.24:709][  0]LogConfig: Setting CVar [[gc.MultithreadedDestructionEnabled:1]]
[2025.12.20-09.49.24:709][  0]LogConfig: Applying CVar settings from Section [/Script/Engine.NetworkSettings] File [D:/WORKPLACE/Mini_laboratory/MEPhI_VR_term_1/Mini_laboratory/Saved/Config/Windows/Engine.ini]
[2025.12.20-09.49.24:709][  0]LogConfig: Applying CVar settings from Section [/Script/UnrealEd.CookerSettings] File [D:/WORKPLACE/Mini_laboratory/MEPhI_VR_term_1/Mini_laboratory/Saved/Config/Windows/Engine.ini]
[2025.12.20-09.49.24:719][  0]LogConfig: Applying CVar settings from Section [ViewDistanceQuality@3] File [D:/WORKPLACE/Mini_laboratory/MEPhI_VR_term_1/Mini_laboratory/Saved/Config/Windows/Scalability.ini]
[2025.12.20-09.49.24:719][  0]LogConfig: Setting CVar [[r.SkeletalMeshLODBias:0]]
[2025.12.20-09.49.24:719][  0]LogConfig: Setting CVar [[r.ViewDistanceScale:1.0]]
[2025.12.20-09.49.24:719][  0]LogConfig: Applying CVar settings from Section [AntiAliasingQuality@3] File [D:/WORKPLACE/Mini_laboratory/MEPhI_VR_term_1/Mini_laboratory/Saved/Config/Windows/Scalability.ini]
[2025.12.20-09.49.24:719][  0]LogConfig: Setting CVar [[r.PostProcessAAQuality:4]]
[2025.12.20-09.49.24:719][  0]LogConfig: Applying CVar settings from Section [ShadowQuality@3] File [D:/WORKPLACE/Mini_laboratory/MEPhI_VR_term_1/Mini_laboratory/Saved/Config/Windows/Scalability.ini]
[2025.12.20-09.49.24:719][  0]LogConfig: Setting CVar [[r.LightFunctionQuality:1]]
[2025.12.20-09.49.24:719][  0]LogConfig: Setting CVar [[r.ShadowQuality:5]]
[2025.12.20-09.49.24:719][  0]LogConfig: Setting CVar [[r.Shadow.CSM.MaxCascades:10]]
[2025.12.20-09.49.24:719][  0]LogConfig: Setting CVar [[r.Shadow.MaxResolution:2048]]
[2025.12.20-09.49.24:719][  0]LogConfig: Setting CVar [[r.Shadow.MaxCSMResolution:2048]]
[2025.12.20-09.49.24:720][  0]LogConfig: Setting CVar [[r.Shadow.RadiusThreshold:0.01]]
[2025.12.20-09.49.24:720][  0]LogConfig: Setting CVar [[r.Shadow.DistanceScale:1.0]]
[2025.12.20-09.49.24:720][  0]LogConfig: Setting CVar [[r.Shadow.CSM.TransitionScale:1.0]]
[2025.12.20-09.49.24:720][  0]LogConfig: Setting CVar [[r.Shadow.PreShadowResolutionFactor:1.0]]
[2025.12.20-09.49.24:720][  0]LogConfig: Setting CVar [[r.DistanceFieldShadowing:1]]
[2025.12.20-09.49.24:720][  0]LogConfig: Setting CVar [[r.DistanceFieldAO:1]]
[2025.12.20-09.49.24:720][  0]LogConfig: Setting CVar [[r.AOQuality:2]]
[2025.12.20-09.49.24:720][  0]LogConfig: Setting CVar [[r.VolumetricFog:1]]
[2025.12.20-09.49.24:720][  0]LogConfig: Setting CVar [[r.VolumetricFog.GridPixelSize:8]]
[2025.12.20-09.49.24:720][  0]LogConfig: Setting CVar [[r.VolumetricFog.GridSizeZ:128]]
[2025.12.20-09.49.24:720][  0]LogConfig: Setting CVar [[r.VolumetricFog.HistoryMissSupersampleCount:4]]
[2025.12.20-09.49.24:720][  0]LogConfig: Setting CVar [[r.LightMaxDrawDistanceScale:1]]
[2025.12.20-09.49.24:720][  0]LogConfig: Setting CVar [[r.CapsuleShadows:1]]
[2025.12.20-09.49.24:720][  0]LogConfig: Applying CVar settings from Section [PostProcessQuality@3] File [D:/WORKPLACE/Mini_laboratory/MEPhI_VR_term_1/Mini_laboratory/Saved/Config/Windows/Scalability.ini]
[2025.12.20-09.49.24:720][  0]LogConfig: Setting CVar [[r.MotionBlurQuality:4]]
[2025.12.20-09.49.24:720][  0]LogConfig: Setting CVar [[r.AmbientOcclusionMipLevelFactor:0.4]]
[2025.12.20-09.49.24:720][  0]LogConfig: Setting CVar [[r.AmbientOcclusionMaxQuality:100]]
[2025.12.20-09.49.24:720][  0]LogConfig: Setting CVar [[r.AmbientOcclusionLevels:-1]]
[2025.12.20-09.49.24:720][  0]LogConfig: Setting CVar [[r.AmbientOcclusionRadiusScale:1.0]]
[2025.12.20-09.49.24:720][  0]LogConfig: Setting CVar [[r.DepthOfFieldQuality:2]]
[2025.12.20-09.49.24:720][  0]LogConfig: Setting CVar [[r.RenderTargetPoolMin:400]]
[2025.12.20-09.49.24:720][  0]LogConfig: Setting CVar [[r.LensFlareQuality:2]]
[2025.12.20-09.49.24:720][  0]LogConfig: Setting CVar [[r.SceneColorFringeQuality:1]]
[2025.12.20-09.49.24:720][  0]LogConfig: Setting CVar [[r.EyeAdaptationQuality:2]]
[2025.12.20-09.49.24:720][  0]LogConfig: Setting CVar [[r.BloomQuality:5]]
[2025.12.20-09.49.24:720][  0]LogConfig: Setting CVar [[r.FastBlurThreshold:100]]
[2025.12.20-09.49.24:720][  0]LogConfig: Setting CVar [[r.Upscale.Quality:3]]
[2025.12.20-09.49.24:720][  0]LogConfig: Setting CVar [[r.Tonemapper.GrainQuantization:1]]
[2025.12.20-09.49.24:720][  0]LogConfig: Setting CVar [[r.LightShaftQuality:1]]
[2025.12.20-09.49.24:720][  0]LogConfig: Setting CVar [[r.Filter.SizeScale:1]]
[2025.12.20-09.49.24:720][  0]LogConfig: Setting CVar [[r.Tonemapper.Quality:5]]
[2025.12.20-09.49.24:720][  0]LogConfig: Setting CVar [[r.DOF.Gather.AccumulatorQuality:1        ; higher gathering accumulator quality]]
[2025.12.20-09.49.24:720][  0]LogConfig: Setting CVar [[r.DOF.Gather.PostfilterMethod:1          ; Median3x3 postfilering method]]
[2025.12.20-09.49.24:720][  0]LogConfig: Setting CVar [[r.DOF.Gather.EnableBokehSettings:0       ; no bokeh simulation when gathering]]
[2025.12.20-09.49.24:720][  0]LogConfig: Setting CVar [[r.DOF.Gather.RingCount:4                 ; medium number of samples when gathering]]
[2025.12.20-09.49.24:720][  0]LogConfig: Setting CVar [[r.DOF.Scatter.ForegroundCompositing:1    ; additive foreground scattering]]
[2025.12.20-09.49.24:720][  0]LogConfig: Setting CVar [[r.DOF.Scatter.BackgroundCompositing:2    ; additive background scattering]]
[2025.12.20-09.49.24:720][  0]LogConfig: Setting CVar [[r.DOF.Scatter.EnableBokehSettings:1      ; bokeh simulation when scattering]]
[2025.12.20-09.49.24:720][  0]LogConfig: Setting CVar [[r.DOF.Scatter.MaxSpriteRatio:0.1         ; only a maximum of 10% of scattered bokeh]]
[2025.12.20-09.49.24:720][  0]LogConfig: Setting CVar [[r.DOF.Recombine.Quality:1                ; cheap slight out of focus]]
[2025.12.20-09.49.24:720][  0]LogConfig: Setting CVar [[r.DOF.Recombine.EnableBokehSettings:0    ; no bokeh simulation on slight out of focus]]
[2025.12.20-09.49.24:720][  0]LogConfig: Setting CVar [[r.DOF.TemporalAAQuality:1                ; more stable temporal accumulation]]
[2025.12.20-09.49.24:720][  0]LogConfig: Setting CVar [[r.DOF.Kernel.MaxForegroundRadius:0.025]]
[2025.12.20-09.49.24:720][  0]LogConfig: Setting CVar [[r.DOF.Kernel.MaxBackgroundRadius:0.025]]
[2025.12.20-09.49.24:720][  0]LogConfig: Applying CVar settings from Section [TextureQuality@3] File [D:/WORKPLACE/Mini_laboratory/MEPhI_VR_term_1/Mini_laboratory/Saved/Config/Windows/Scalability.ini]
[2025.12.20-09.49.24:720][  0]LogConfig: Setting CVar [[r.Streaming.MipBias:0]]
[2025.12.20-09.49.24:720][  0]LogConfig: Setting CVar [[r.Streaming.AmortizeCPUToGPUCopy:0]]
[2025.12.20-09.49.24:720][  0]LogConfig: Setting CVar [[r.Streaming.MaxNumTexturesToStreamPerFrame:0]]
[2025.12.20-09.49.24:720][  0]LogConfig: Setting CVar [[r.Streaming.Boost:1]]
[2025.12.20-09.49.24:720][  0]LogConfig: Setting CVar [[r.MaxAnisotropy:8]]
[2025.12.20-09.49.24:720][  0]LogConfig: Setting CVar [[r.VT.MaxAnisotropy:8]]
[2025.12.20-09.49.24:720][  0]LogConfig: Setting CVar [[r.Streaming.LimitPoolSizeToVRAM:0]]
[2025.12.20-09.49.24:720][  0]LogConfig: Setting CVar [[r.Streaming.PoolSize:1000]]
[2025.12.20-09.49.24:720][  0]LogConfig: Setting CVar [[r.Streaming.MaxEffectiveScreenSize:0]]
[2025.12.20-09.49.24:720][  0]LogConfig: Applying CVar settings from Section [EffectsQuality@3] File [D:/WORKPLACE/Mini_laboratory/MEPhI_VR_term_1/Mini_laboratory/Saved/Config/Windows/Scalability.ini]
[2025.12.20-09.49.24:720][  0]LogConfig: Setting CVar [[r.TranslucencyLightingVolumeDim:64]]
[2025.12.20-09.49.24:720][  0]LogConfig: Setting CVar [[r.RefractionQuality:2]]
[2025.12.20-09.49.24:720][  0]LogConfig: Setting CVar [[r.SSR.Quality:3]]
[2025.12.20-09.49.24:720][  0]LogConfig: Setting CVar [[r.SSR.HalfResSceneColor:0]]
[2025.12.20-09.49.24:720][  0]LogConfig: Setting CVar [[r.SceneColorFormat:4]]
[2025.12.20-09.49.24:720][  0]LogConfig: Setting CVar [[r.DetailMode:2]]
[2025.12.20-09.49.24:720][  0]LogConfig: Setting CVar [[r.TranslucencyVolumeBlur:1]]
[2025.12.20-09.49.24:720][  0]LogConfig: Setting CVar [[r.MaterialQualityLevel:1 ; High quality]]
[2025.12.20-09.49.24:721][  0]LogConfig: Setting CVar [[r.AnisotropicMaterials:1]]
[2025.12.20-09.49.24:721][  0]LogConfig: Setting CVar [[r.SSS.Scale:1]]
[2025.12.20-09.49.24:721][  0]LogConfig: Setting CVar [[r.SSS.SampleSet:2]]
[2025.12.20-09.49.24:721][  0]LogConfig: Setting CVar [[r.SSS.Quality:1]]
[2025.12.20-09.49.24:721][  0]LogConfig: Setting CVar [[r.SSS.HalfRes:0]]
[2025.12.20-09.49.24:721][  0]LogConfig: Setting CVar [[r.SSGI.Quality:3]]
[2025.12.20-09.49.24:721][  0]LogConfig: Setting CVar [[r.EmitterSpawnRateScale:1.0]]
[2025.12.20-09.49.24:721][  0]LogConfig: Setting CVar [[r.ParticleLightQuality:2]]
[2025.12.20-09.49.24:721][  0]LogConfig: Setting CVar [[r.SkyAtmosphere.AerialPerspectiveLUT.FastApplyOnOpaque:1 ; Always have FastSkyLUT 1 in this case to avoid wrong sky]]
[2025.12.20-09.49.24:721][  0]LogConfig: Setting CVar [[r.SkyAtmosphere.AerialPerspectiveLUT.SampleCountMaxPerSlice:4]]
[2025.12.20-09.49.24:721][  0]LogConfig: Setting CVar [[r.SkyAtmosphere.AerialPerspectiveLUT.DepthResolution:16.0]]
[2025.12.20-09.49.24:721][  0]LogConfig: Setting CVar [[r.SkyAtmosphere.FastSkyLUT:1]]
[2025.12.20-09.49.24:721][  0]LogConfig: Setting CVar [[r.SkyAtmosphere.FastSkyLUT.SampleCountMin:4.0]]
[2025.12.20-09.49.24:721][  0]LogConfig: Setting CVar [[r.SkyAtmosphere.FastSkyLUT.SampleCountMax:128.0]]
[2025.12.20-09.49.24:721][  0]LogConfig: Setting CVar [[r.SkyAtmosphere.SampleCountMin:4.0]]
[2025.12.20-09.49.24:721][  0]LogConfig: Setting CVar [[r.SkyAtmosphere.SampleCountMax:128.0]]
[2025.12.20-09.49.24:721][  0]LogConfig: Setting CVar [[r.SkyAtmosphere.TransmittanceLUT.UseSmallFormat:0]]
[2025.12.20-09.49.24:721][  0]LogConfig: Setting CVar [[r.SkyAtmosphere.TransmittanceLUT.SampleCount:10.0]]
[2025.12.20-09.49.24:721][  0]LogConfig: Setting CVar [[r.SkyAtmosphere.MultiScatteringLUT.SampleCount:15.0]]
[2025.12.20-09.49.24:721][  0]LogConfig: Setting CVar [[r.SkyLight.RealTimeReflectionCapture:1]]
[2025.12.20-09.49.24:721][  0]LogConfig: Applying CVar settings from Section [FoliageQuality@3] File [D:/WORKPLACE/Mini_laboratory/MEPhI_VR_term_1/Mini_laboratory/Saved/Config/Windows/Scalability.ini]
[2025.12.20-09.49.24:721][  0]LogConfig: Setting CVar [[foliage.DensityScale:1.0]]
[2025.12.20-09.49.24:721][  0]LogConfig: Setting CVar [[grass.DensityScale:1.0]]
[2025.12.20-09.49.24:721][  0]LogConfig: Applying CVar settings from Section [ShadingQuality@3] File [D:/WORKPLACE/Mini_laboratory/MEPhI_VR_term_1/Mini_laboratory/Saved/Config/Windows/Scalability.ini]
[2025.12.20-09.49.24:721][  0]LogConfig: Setting CVar [[r.HairStrands.SkyLighting.IntegrationType:2]]
[2025.12.20-09.49.24:721][  0]LogConfig: Setting CVar [[r.HairStrands.SkyAO.SampleCount:4]]
[2025.12.20-09.49.24:721][  0]LogConfig: Setting CVar [[r.HairStrands.Visibility.MSAA.SamplePerPixel:4]]
[2025.12.20-09.49.24:722][  0]LogInit: Selected Device Profile: [Windows]
[2025.12.20-09.49.24:723][  0]LogInit: Applying CVar settings loaded from the selected device profile: [Windows]
[2025.12.20-09.49.24:724][  0]LogHAL: Display: Platform has ~ 8 GB [8451309568 / 8589934592 / 8], which maps to Default [LargestMinGB=32, LargerMinGB=12, DefaultMinGB=8, SmallerMinGB=6, SmallestMinGB=0)
[2025.12.20-09.49.24:724][  0]LogInit: Going up to parent DeviceProfile []
[2025.12.20-09.49.24:724][  0]LogConfig: Applying CVar settings from Section [ViewDistanceQuality@3] File [D:/WORKPLACE/Mini_laboratory/MEPhI_VR_term_1/Mini_laboratory/Saved/Config/Windows/Scalability.ini]
[2025.12.20-09.49.24:725][  0]LogConfig: Setting CVar [[r.SkeletalMeshLODBias:0]]
[2025.12.20-09.49.24:725][  0]LogConfig: Setting CVar [[r.ViewDistanceScale:1.0]]
[2025.12.20-09.49.24:725][  0]LogConfig: Applying CVar settings from Section [AntiAliasingQuality@3] File [D:/WORKPLACE/Mini_laboratory/MEPhI_VR_term_1/Mini_laboratory/Saved/Config/Windows/Scalability.ini]
[2025.12.20-09.49.24:725][  0]LogConfig: Setting CVar [[r.PostProcessAAQuality:4]]
[2025.12.20-09.49.24:725][  0]LogConfig: Applying CVar settings from Section [ShadowQuality@3] File [D:/WORKPLACE/Mini_laboratory/MEPhI_VR_term_1/Mini_laboratory/Saved/Config/Windows/Scalability.ini]
[2025.12.20-09.49.24:725][  0]LogConfig: Setting CVar [[r.LightFunctionQuality:1]]
[2025.12.20-09.49.24:725][  0]LogConfig: Setting CVar [[r.ShadowQuality:5]]
[2025.12.20-09.49.24:725][  0]LogConfig: Setting CVar [[r.Shadow.CSM.MaxCascades:10]]
[2025.12.20-09.49.24:725][  0]LogConfig: Setting CVar [[r.Shadow.MaxResolution:2048]]
[2025.12.20-09.49.24:725][  0]LogConfig: Setting CVar [[r.Shadow.MaxCSMResolution:2048]]
[2025.12.20-09.49.24:725][  0]LogConfig: Setting CVar [[r.Shadow.RadiusThreshold:0.01]]
[2025.12.20-09.49.24:725][  0]LogConfig: Setting CVar [[r.Shadow.DistanceScale:1.0]]
[2025.12.20-09.49.24:725][  0]LogConfig: Setting CVar [[r.Shadow.CSM.TransitionScale:1.0]]
[2025.12.20-09.49.24:725][  0]LogConfig: Setting CVar [[r.Shadow.PreShadowResolutionFactor:1.0]]
[2025.12.20-09.49.24:725][  0]LogConfig: Setting CVar [[r.DistanceFieldShadowing:1]]
[2025.12.20-09.49.24:725][  0]LogConfig: Setting CVar [[r.DistanceFieldAO:1]]
[2025.12.20-09.49.24:725][  0]LogConfig: Setting CVar [[r.AOQuality:2]]
[2025.12.20-09.49.24:725][  0]LogConfig: Setting CVar [[r.VolumetricFog:1]]
[2025.12.20-09.49.24:725][  0]LogConfig: Setting CVar [[r.VolumetricFog.GridPixelSize:8]]
[2025.12.20-09.49.24:725][  0]LogConfig: Setting CVar [[r.VolumetricFog.GridSizeZ:128]]
[2025.12.20-09.49.24:725][  0]LogConfig: Setting CVar [[r.VolumetricFog.HistoryMissSupersampleCount:4]]
[2025.12.20-09.49.24:725][  0]LogConfig: Setting CVar [[r.LightMaxDrawDistanceScale:1]]
[2025.12.20-09.49.24:725][  0]LogConfig: Setting CVar [[r.CapsuleShadows:1]]
[2025.12.20-09.49.24:725][  0]LogConfig: Applying CVar settings from Section [PostProcessQuality@3] File [D:/WORKPLACE/Mini_laboratory/MEPhI_VR_term_1/Mini_laboratory/Saved/Config/Windows/Scalability.ini]
[2025.12.20-09.49.24:725][  0]LogConfig: Setting CVar [[r.MotionBlurQuality:4]]
[2025.12.20-09.49.24:725][  0]LogConfig: Setting CVar [[r.AmbientOcclusionMipLevelFactor:0.4]]
[2025.12.20-09.49.24:725][  0]LogConfig: Setting CVar [[r.AmbientOcclusionMaxQuality:100]]
[2025.12.20-09.49.24:725][  0]LogConfig: Setting CVar [[r.AmbientOcclusionLevels:-1]]
[2025.12.20-09.49.24:725][  0]LogConfig: Setting CVar [[r.AmbientOcclusionRadiusScale:1.0]]
[2025.12.20-09.49.24:725][  0]LogConfig: Setting CVar [[r.DepthOfFieldQuality:2]]
[2025.12.20-09.49.24:725][  0]LogConfig: Setting CVar [[r.RenderTargetPoolMin:400]]
[2025.12.20-09.49.24:725][  0]LogConfig: Setting CVar [[r.LensFlareQuality:2]]
[2025.12.20-09.49.24:725][  0]LogConfig: Setting CVar [[r.SceneColorFringeQuality:1]]
[2025.12.20-09.49.24:725][  0]LogConfig: Setting CVar [[r.EyeAdaptationQuality:2]]
[2025.12.20-09.49.24:725][  0]LogConfig: Setting CVar [[r.BloomQuality:5]]
[2025.12.20-09.49.24:725][  0]LogConfig: Setting CVar [[r.FastBlurThreshold:100]]
[2025.12.20-09.49.24:725][  0]LogConfig: Setting CVar [[r.Upscale.Quality:3]]
[2025.12.20-09.49.24:725][  0]LogConfig: Setting CVar [[r.Tonemapper.GrainQuantization:1]]
[2025.12.20-09.49.24:725][  0]LogConfig: Setting CVar [[r.LightShaftQuality:1]]
[2025.12.20-09.49.24:725][  0]LogConfig: Setting CVar [[r.Filter.SizeScale:1]]
[2025.12.20-09.49.24:725][  0]LogConfig: Setting CVar [[r.Tonemapper.Quality:5]]
[2025.12.20-09.49.24:725][  0]LogConfig: Setting CVar [[r.DOF.Gather.AccumulatorQuality:1        ; higher gathering accumulator quality]]
[2025.12.20-09.49.24:725][  0]LogConfig: Setting CVar [[r.DOF.Gather.PostfilterMethod:1          ; Median3x3 postfilering method]]
[2025.12.20-09.49.24:725][  0]LogConfig: Setting CVar [[r.DOF.Gather.EnableBokehSettings:0       ; no bokeh simulation when gathering]]
[2025.12.20-09.49.24:725][  0]LogConfig: Setting CVar [[r.DOF.Gather.RingCount:4                 ; medium number of samples when gathering]]
[2025.12.20-09.49.24:725][  0]LogConfig: Setting CVar [[r.DOF.Scatter.ForegroundCompositing:1    ; additive foreground scattering]]
[2025.12.20-09.49.24:725][  0]LogConfig: Setting CVar [[r.DOF.Scatter.BackgroundCompositing:2    ; additive background scattering]]
[2025.12.20-09.49.24:725][  0]LogConfig: Setting CVar [[r.DOF.Scatter.EnableBokehSettings:1      ; bokeh simulation when scattering]]
[2025.12.20-09.49.24:725][  0]LogConfig: Setting CVar [[r.DOF.Scatter.MaxSpriteRatio:0.1         ; only a maximum of 10% of scattered bokeh]]
[2025.12.20-09.49.24:725][  0]LogConfig: Setting CVar [[r.DOF.Recombine.Quality:1                ; cheap slight out of focus]]
[2025.12.20-09.49.24:725][  0]LogConfig: Setting CVar [[r.DOF.Recombine.EnableBokehSettings:0    ; no bokeh simulation on slight out of focus]]
[2025.12.20-09.49.24:725][  0]LogConfig: Setting CVar [[r.DOF.TemporalAAQuality:1                ; more stable temporal accumulation]]
[2025.12.20-09.49.24:725][  0]LogConfig: Setting CVar [[r.DOF.Kernel.MaxForegroundRadius:0.025]]
[2025.12.20-09.49.24:725][  0]LogConfig: Setting CVar [[r.DOF.Kernel.MaxBackgroundRadius:0.025]]
[2025.12.20-09.49.24:725][  0]LogConfig: Applying CVar settings from Section [TextureQuality@3] File [D:/WORKPLACE/Mini_laboratory/MEPhI_VR_term_1/Mini_laboratory/Saved/Config/Windows/Scalability.ini]
[2025.12.20-09.49.24:725][  0]LogConfig: Setting CVar [[r.Streaming.MipBias:0]]
[2025.12.20-09.49.24:725][  0]LogConfig: Setting CVar [[r.Streaming.AmortizeCPUToGPUCopy:0]]
[2025.12.20-09.49.24:725][  0]LogConfig: Setting CVar [[r.Streaming.MaxNumTexturesToStreamPerFrame:0]]
[2025.12.20-09.49.24:725][  0]LogConfig: Setting CVar [[r.Streaming.Boost:1]]
[2025.12.20-09.49.24:725][  0]LogConfig: Setting CVar [[r.MaxAnisotropy:8]]
[2025.12.20-09.49.24:725][  0]LogConfig: Setting CVar [[r.VT.MaxAnisotropy:8]]
[2025.12.20-09.49.24:725][  0]LogConfig: Setting CVar [[r.Streaming.LimitPoolSizeToVRAM:0]]
[2025.12.20-09.49.24:725][  0]LogConfig: Setting CVar [[r.Streaming.PoolSize:1000]]
[2025.12.20-09.49.24:726][  0]LogConfig: Setting CVar [[r.Streaming.MaxEffectiveScreenSize:0]]
[2025.12.20-09.49.24:726][  0]LogConfig: Applying CVar settings from Section [EffectsQuality@3] File [D:/WORKPLACE/Mini_laboratory/MEPhI_VR_term_1/Mini_laboratory/Saved/Config/Windows/Scalability.ini]
[2025.12.20-09.49.24:726][  0]LogConfig: Setting CVar [[r.TranslucencyLightingVolumeDim:64]]
[2025.12.20-09.49.24:726][  0]LogConfig: Setting CVar [[r.RefractionQuality:2]]
[2025.12.20-09.49.24:726][  0]LogConfig: Setting CVar [[r.SSR.Quality:3]]
[2025.12.20-09.49.24:726][  0]LogConfig: Setting CVar [[r.SSR.HalfResSceneColor:0]]
[2025.12.20-09.49.24:726][  0]LogConfig: Setting CVar [[r.SceneColorFormat:4]]
[2025.12.20-09.49.24:726][  0]LogConfig: Setting CVar [[r.DetailMode:2]]
[2025.12.20-09.49.24:726][  0]LogConfig: Setting CVar [[r.TranslucencyVolumeBlur:1]]
[2025.12.20-09.49.24:726][  0]LogConfig: Setting CVar [[r.MaterialQualityLevel:1 ; High quality]]
[2025.12.20-09.49.24:726][  0]LogConfig: Setting CVar [[r.AnisotropicMaterials:1]]
[2025.12.20-09.49.24:726][  0]LogConfig: Setting CVar [[r.SSS.Scale:1]]
[2025.12.20-09.49.24:726][  0]LogConfig: Setting CVar [[r.SSS.SampleSet:2]]
[2025.12.20-09.49.24:726][  0]LogConfig: Setting CVar [[r.SSS.Quality:1]]
[2025.12.20-09.49.24:726][  0]LogConfig: Setting CVar [[r.SSS.HalfRes:0]]
[2025.12.20-09.49.24:726][  0]LogConfig: Setting CVar [[r.SSGI.Quality:3]]
[2025.12.20-09.49.24:726][  0]LogConfig: Setting CVar [[r.EmitterSpawnRateScale:1.0]]
[2025.12.20-09.49.24:726][  0]LogConfig: Setting CVar [[r.ParticleLightQuality:2]]
[2025.12.20-09.49.24:726][  0]LogConfig: Setting CVar [[r.SkyAtmosphere.AerialPerspectiveLUT.FastApplyOnOpaque:1 ; Always have FastSkyLUT 1 in this case to avoid wrong sky]]
[2025.12.20-09.49.24:726][  0]LogConfig: Setting CVar [[r.SkyAtmosphere.AerialPerspectiveLUT.SampleCountMaxPerSlice:4]]
[2025.12.20-09.49.24:726][  0]LogConfig: Setting CVar [[r.SkyAtmosphere.AerialPerspectiveLUT.DepthResolution:16.0]]
[2025.12.20-09.49.24:726][  0]LogConfig: Setting CVar [[r.SkyAtmosphere.FastSkyLUT:1]]
[2025.12.20-09.49.24:726][  0]LogConfig: Setting CVar [[r.SkyAtmosphere.FastSkyLUT.SampleCountMin:4.0]]
[2025.12.20-09.49.24:726][  0]LogConfig: Setting CVar [[r.SkyAtmosphere.FastSkyLUT.SampleCountMax:128.0]]
[2025.12.20-09.49.24:726][  0]LogConfig: Setting CVar [[r.SkyAtmosphere.SampleCountMin:4.0]]
[2025.12.20-09.49.24:726][  0]LogConfig: Setting CVar [[r.SkyAtmosphere.SampleCountMax:128.0]]
[2025.12.20-09.49.24:726][  0]LogConfig: Setting CVar [[r.SkyAtmosphere.TransmittanceLUT.UseSmallFormat:0]]
[2025.12.20-09.49.24:726][  0]LogConfig: Setting CVar [[r.SkyAtmosphere.TransmittanceLUT.SampleCount:10.0]]
[2025.12.20-09.49.24:726][  0]LogConfig: Setting CVar [[r.SkyAtmosphere.MultiScatteringLUT.SampleCount:15.0]]
[2025.12.20-09.49.24:726][  0]LogConfig: Setting CVar [[r.SkyLight.RealTimeReflectionCapture:1]]
[2025.12.20-09.49.24:726][  0]LogConfig: Applying CVar settings from Section [FoliageQuality@3] File [D:/WORKPLACE/Mini_laboratory/MEPhI_VR_term_1/Mini_laboratory/Saved/Config/Windows/Scalability.ini]
[2025.12.20-09.49.24:726][  0]LogConfig: Setting CVar [[foliage.DensityScale:1.0]]
[2025.12.20-09.49.24:726][  0]LogConfig: Setting CVar [[grass.DensityScale:1.0]]
[2025.12.20-09.49.24:726][  0]LogConfig: Applying CVar settings from Section [ShadingQuality@3] File [D:/WORKPLACE/Mini_laboratory/MEPhI_VR_term_1/Mini_laboratory/Saved/Config/Windows/Scalability.ini]
[2025.12.20-09.49.24:726][  0]LogConfig: Setting CVar [[r.HairStrands.SkyLighting.IntegrationType:2]]
[2025.12.20-09.49.24:726][  0]LogConfig: Setting CVar [[r.HairStrands.SkyAO.SampleCount:4]]
[2025.12.20-09.49.24:726][  0]LogConfig: Setting CVar [[r.HairStrands.Visibility.MSAA.SamplePerPixel:4]]
[2025.12.20-09.49.24:726][  0]LogConfig: Applying CVar settings from Section [Startup] File [../../../Engine/Config/ConsoleVariables.ini]
[2025.12.20-09.49.24:738][  0]LogConfig: Setting CVar [[net.UseAdaptiveNetUpdateFrequency:0]]
[2025.12.20-09.49.24:738][  0]LogConfig: Setting CVar [[p.chaos.AllowCreatePhysxBodies:1]]
[2025.12.20-09.49.24:738][  0]LogConfig: Setting CVar [[fx.SkipVectorVMBackendOptimizations:1]]
[2025.12.20-09.49.24:738][  0]LogConfig: Applying CVar settings from Section [ConsoleVariables] File [D:/WORKPLACE/Mini_laboratory/MEPhI_VR_term_1/Mini_laboratory/Saved/Config/Windows/Engine.ini]
[2025.12.20-09.49.24:738][  0]LogConfig: Applying CVar settings from Section [ConsoleVariables] File [D:/WORKPLACE/Mini_laboratory/MEPhI_VR_term_1/Mini_laboratory/Saved/Config/Windows/Editor.ini]
[2025.12.20-09.49.24:740][  0]LogInit: Computer: LAPTOP-RE3L13LG
[2025.12.20-09.49.24:740][  0]LogInit: User: Vladislav
[2025.12.20-09.49.24:740][  0]LogInit: CPU Page size=4096, Cores=4
[2025.12.20-09.49.24:740][  0]LogInit: High frequency timer resolution =10.000000 MHz
[2025.12.20-09.49.24:740][  0]LogMemory: Memory total: Physical=7.9GB (8GB approx)
[2025.12.20-09.49.24:741][  0]LogMemory: Platform Memory Stats for Windows
[2025.12.20-09.49.24:741][  0]LogMemory: Process Physical Memory: 143.18 MB used, 143.19 MB peak
[2025.12.20-09.49.24:741][  0]LogMemory: Process Virtual Memory: 126.20 MB used, 126.20 MB peak
[2025.12.20-09.49.24:741][  0]LogMemory: Physical Memory: 6865.79 MB used,  1194.00 MB free, 8059.80 MB total
[2025.12.20-09.49.24:741][  0]LogMemory: Virtual Memory: 134209392.00 MB used,  8337.43 MB free, 134217728.00 MB total
[2025.12.20-09.49.24:752][  0]LogWindows: WindowsPlatformFeatures enabled
[2025.12.20-09.49.25:304][  0]LogInit: Physics initialised using underlying interface: PhysX
[2025.12.20-09.49.25:310][  0]LogInit: Using OS detected language (ru-RU).
[2025.12.20-09.49.25:310][  0]LogInit: Using OS detected locale (ru-RU).
[2025.12.20-09.49.25:335][  0]LogTextLocalizationManager: No specific localization for 'ru-RU' exists, so the 'ru' localization will be used.
[2025.12.20-09.49.25:338][  0]LogTextLocalizationResource: LocRes '../../../Engine/Content/Localization/Editor/ru/Editor.locres' could not be opened for reading!
[2025.12.20-09.49.25:338][  0]LogTextLocalizationResource: LocRes '../../../Engine/Content/Localization/EditorTutorials/ru/EditorTutorials.locres' could not be opened for reading!
[2025.12.20-09.49.25:338][  0]LogTextLocalizationResource: LocRes '../../../Engine/Content/Localization/Keywords/ru/Keywords.locres' could not be opened for reading!
[2025.12.20-09.49.25:338][  0]LogTextLocalizationResource: LocRes '../../../Engine/Content/Localization/Category/ru/Category.locres' could not be opened for reading!
[2025.12.20-09.49.25:339][  0]LogTextLocalizationResource: LocRes '../../../Engine/Content/Localization/ToolTips/ru/ToolTips.locres' could not be opened for reading!
[2025.12.20-09.49.25:339][  0]LogTextLocalizationResource: LocRes '../../../Engine/Content/Localization/PropertyNames/ru/PropertyNames.locres' could not be opened for reading!
[2025.12.20-09.49.25:339][  0]LogTextLocalizationResource: LocRes '../../../Engine/Content/Localization/Engine/ru/Engine.locres' could not be opened for reading!
[2025.12.20-09.49.25:388][  0]LogInit: Setting process to per monitor DPI aware
[2025.12.20-09.49.25:454][  0]LogWindowsTextInputMethodSystem: Display: IME system deactivated.
[2025.12.20-09.49.25:588][  0]LogSlate: New Slate User Created.  User Index 0, Is Virtual User: 0
[2025.12.20-09.49.25:588][  0]LogSlate: Slate User Registered.  User Index 0, Is Virtual User: 0
[2025.12.20-09.49.29:087][  0]LogD3D11RHI: Loaded GFSDK_Aftermath_Lib.x64.dll
[2025.12.20-09.49.29:117][  0]LogHMD: Failed to initialize OpenVR with code 110
[2025.12.20-09.49.29:117][  0]LogD3D11RHI: D3D11 min allowed feature level: 11_0
[2025.12.20-09.49.29:117][  0]LogD3D11RHI: D3D11 max allowed feature level: 11_0
[2025.12.20-09.49.29:117][  0]LogD3D11RHI: D3D11 adapters:
[2025.12.20-09.49.29:996][  0]LogD3D11RHI:    0. 'NVIDIA GeForce GTX 1650 Ti' (Feature Level 11_0)
[2025.12.20-09.49.29:996][  0]LogD3D11RHI:       3935/0/4029 MB DedicatedVideo/DedicatedSystem/SharedSystem, Outputs:1, VendorId:0x10de
[2025.12.20-09.49.30:081][  0]LogD3D11RHI:    1. 'Intel(R) UHD Graphics' (Feature Level 11_0)
[2025.12.20-09.49.30:081][  0]LogD3D11RHI:       128/0/4029 MB DedicatedVideo/DedicatedSystem/SharedSystem, Outputs:0, VendorId:0x8086
[2025.12.20-09.49.30:085][  0]LogD3D11RHI:    2. 'Microsoft Basic Render Driver' (Feature Level 11_0)
[2025.12.20-09.49.30:085][  0]LogD3D11RHI:       0/0/4029 MB DedicatedVideo/DedicatedSystem/SharedSystem, Outputs:0, VendorId:0x1414
[2025.12.20-09.49.30:085][  0]LogD3D11RHI: Chosen D3D11 Adapter:
[2025.12.20-09.49.30:085][  0]LogD3D11RHI:     Description : NVIDIA GeForce GTX 1650 Ti
[2025.12.20-09.49.30:085][  0]LogD3D11RHI:     VendorId    : 10de
[2025.12.20-09.49.30:085][  0]LogD3D11RHI:     DeviceId    : 1f95
[2025.12.20-09.49.30:085][  0]LogD3D11RHI:     SubSysId    : 3fa317aa
[2025.12.20-09.49.30:085][  0]LogD3D11RHI:     Revision    : 00a1
[2025.12.20-09.49.30:085][  0]LogD3D11RHI:     DedicatedVideoMemory : 4126146560 bytes
[2025.12.20-09.49.30:085][  0]LogD3D11RHI:     DedicatedSystemMemory : 0 bytes
[2025.12.20-09.49.30:085][  0]LogD3D11RHI:     SharedSystemMemory : 4225654784 bytes
[2025.12.20-09.49.30:085][  0]LogD3D11RHI:     AdapterLuid : 0 74627
[2025.12.20-09.49.30:091][  0]LogD3D11RHI: Creating new Direct3DDevice
[2025.12.20-09.49.30:091][  0]LogD3D11RHI:     GPU DeviceId: 0x1f95 (for the marketing name, search the web for "GPU Device Id")
[2025.12.20-09.49.30:091][  0]LogWindows: EnumDisplayDevices:
[2025.12.20-09.49.30:092][  0]LogWindows:    0. 'Intel(R) UHD Graphics' (P:1 D:1)
[2025.12.20-09.49.30:092][  0]LogWindows:    1. 'Intel(R) UHD Graphics' (P:0 D:0)
[2025.12.20-09.49.30:092][  0]LogWindows:    2. 'Intel(R) UHD Graphics' (P:0 D:0)
[2025.12.20-09.49.30:092][  0]LogWindows:    3. 'NVIDIA GeForce GTX 1650 Ti' (P:0 D:0)
[2025.12.20-09.49.30:092][  0]LogWindows: DebugString: PrimaryIsNotTheChoosenAdapter PrimaryIsNotTheChoosenAdapter PrimaryIsNotTheChoosenAdapter 
[2025.12.20-09.49.30:092][  0]LogD3D11RHI:     Adapter Name: NVIDIA GeForce GTX 1650 Ti
[2025.12.20-09.49.30:093][  0]LogD3D11RHI:   Driver Version: 560.76 (internal:32.0.15.6076, unified:560.76)
[2025.12.20-09.49.30:093][  0]LogD3D11RHI:      Driver Date: 7-23-2024
[2025.12.20-09.49.30:093][  0]LogRHI: Texture pool is 2754 MB (70% of 3935 MB)
[2025.12.20-09.49.30:093][  0]LogD3D11RHI: Creating D3DDevice using adapter:
[2025.12.20-09.49.30:093][  0]LogD3D11RHI:     Description : NVIDIA GeForce GTX 1650 Ti
[2025.12.20-09.49.30:093][  0]LogD3D11RHI:     VendorId    : 10de
[2025.12.20-09.49.30:093][  0]LogD3D11RHI:     DeviceId    : 1f95
[2025.12.20-09.49.30:093][  0]LogD3D11RHI:     SubSysId    : 3fa317aa
[2025.12.20-09.49.30:093][  0]LogD3D11RHI:     Revision    : 00a1
[2025.12.20-09.49.30:093][  0]LogD3D11RHI:     DedicatedVideoMemory : 4126146560 bytes
[2025.12.20-09.49.30:093][  0]LogD3D11RHI:     DedicatedSystemMemory : 0 bytes
[2025.12.20-09.49.30:093][  0]LogD3D11RHI:     SharedSystemMemory : 4225654784 bytes
[2025.12.20-09.49.30:093][  0]LogD3D11RHI:     AdapterLuid : 0 74627
[2025.12.20-09.49.30:281][  0]LogD3D11RHI: RHI has support for 64 bit atomics
[2025.12.20-09.49.30:283][  0]LogD3D11RHI: Async texture creation enabled
[2025.12.20-09.49.30:283][  0]LogD3D11RHI: Array index from any shader is supported
[2025.12.20-09.49.30:336][  0]LogD3D11RHI: GPU Timing Frequency: 1000.000000 (Debug: 2 1)
[2025.12.20-09.49.30:608][  0]LogRHI: GeForceNow SDK initialized: 1
[2025.12.20-09.49.34:081][  0]LogTargetPlatformManager: Display: Loaded TargetPlatform 'AllDesktop'
[2025.12.20-09.49.34:139][  0]LogTargetPlatformManager: Display: Loaded TargetPlatform 'Android'
[2025.12.20-09.49.34:139][  0]LogTargetPlatformManager: Display: Loaded TargetPlatform 'Android_ASTC'
[2025.12.20-09.49.34:139][  0]LogTargetPlatformManager: Display: Loaded TargetPlatform 'Android_DXT'
[2025.12.20-09.49.34:140][  0]LogTargetPlatformManager: Display: Loaded TargetPlatform 'Android_ETC2'
[2025.12.20-09.49.34:140][  0]LogTargetPlatformManager: Display: Loaded TargetPlatform 'AndroidClient'
[2025.12.20-09.49.34:140][  0]LogTargetPlatformManager: Display: Loaded TargetPlatform 'Android_ASTCClient'
[2025.12.20-09.49.34:140][  0]LogTargetPlatformManager: Display: Loaded TargetPlatform 'Android_DXTClient'
[2025.12.20-09.49.34:140][  0]LogTargetPlatformManager: Display: Loaded TargetPlatform 'Android_ETC2Client'
[2025.12.20-09.49.34:140][  0]LogTargetPlatformManager: Display: Loaded TargetPlatform 'Android_Multi'
[2025.12.20-09.49.34:140][  0]LogTargetPlatformManager: Display: Loaded TargetPlatform 'Android_MultiClient'
[2025.12.20-09.49.34:271][  0]LogTargetPlatformManager: Display: Loaded TargetPlatform 'IOSClient'
[2025.12.20-09.49.34:271][  0]LogTargetPlatformManager: Display: Loaded TargetPlatform 'IOS'
[2025.12.20-09.49.34:335][  0]LogTargetPlatformManager: Display: Loaded TargetPlatform 'Linux'
[2025.12.20-09.49.34:374][  0]LogTargetPlatformManager: Display: Loaded TargetPlatform 'LinuxNoEditor'
[2025.12.20-09.49.34:408][  0]LogTargetPlatformManager: Display: Loaded TargetPlatform 'LinuxClient'
[2025.12.20-09.49.34:447][  0]LogTargetPlatformManager: Display: Loaded TargetPlatform 'LinuxServer'
[2025.12.20-09.49.34:492][  0]LogTargetPlatformManager: Display: Loaded TargetPlatform 'LinuxAArch64NoEditor'
[2025.12.20-09.49.34:531][  0]LogTargetPlatformManager: Display: Loaded TargetPlatform 'LinuxAArch64Client'
[2025.12.20-09.49.34:566][  0]LogTargetPlatformManager: Display: Loaded TargetPlatform 'LinuxAArch64Server'
[2025.12.20-09.49.34:639][  0]LogTargetPlatformManager: Display: Loaded TargetPlatform 'Lumin'
[2025.12.20-09.49.34:639][  0]LogTargetPlatformManager: Display: Loaded TargetPlatform 'LuminClient'
[2025.12.20-09.49.34:703][  0]LogTargetPlatformManager: Display: Loaded TargetPlatform 'MacNoEditor'
[2025.12.20-09.49.34:751][  0]LogTargetPlatformManager: Display: Loaded TargetPlatform 'Mac'
[2025.12.20-09.49.34:791][  0]LogTargetPlatformManager: Display: Loaded TargetPlatform 'MacClient'
[2025.12.20-09.49.34:833][  0]LogTargetPlatformManager: Display: Loaded TargetPlatform 'MacServer'
[2025.12.20-09.49.34:884][  0]LogTargetPlatformManager: Display: Loaded TargetPlatform 'TVOSClient'
[2025.12.20-09.49.34:884][  0]LogTargetPlatformManager: Display: Loaded TargetPlatform 'TVOS'
[2025.12.20-09.49.34:932][  0]LogTargetPlatformManager: Display: Loaded TargetPlatform 'WindowsNoEditor'
[2025.12.20-09.49.34:977][  0]LogTargetPlatformManager: Display: Loaded TargetPlatform 'Windows'
[2025.12.20-09.49.35:018][  0]LogTargetPlatformManager: Display: Loaded TargetPlatform 'WindowsClient'
[2025.12.20-09.49.35:066][  0]LogTargetPlatformManager: Display: Loaded TargetPlatform 'WindowsServer'
[2025.12.20-09.49.35:066][  0]LogTargetPlatformManager: Display: Building Assets For Windows
[2025.12.20-09.49.35:226][  0]LogAudioDebug: Display: Lib vorbis DLL was dynamically loaded.
[2025.12.20-09.49.35:790][  0]LogTextureFormatOodle: Display: Oodle Texture 2.9.0 init RDO Off
[2025.12.20-09.49.36:355][  0]LogRendererCore: Ray tracing is disabled. Reason: r.RayTracing=0.
[2025.12.20-09.49.36:358][  0]LogShaderCompilers: Guid format shader working directory is -25 characters bigger than the processId version (../../../../../../WORKPLACE/Mini_laboratory/MEPhI_VR_term_1/Mini_laboratory/Intermediate/Shaders/WorkingDirectory/7116/).
[2025.12.20-09.49.36:358][  0]LogShaderCompilers: Cleaned the shader compiler working directory 'C:/Users/Владислав/AppData/Local/Temp/UnrealShaderWorkingDir/CD2D6A2746276602F00F1D85CC296FDB/'.
[2025.12.20-09.49.36:359][  0]LogXGEController: Cannot use XGE Controller as Incredibuild is not installed on this machine.
[2025.12.20-09.49.36:359][  0]LogShaderCompilers: Cannot use XGE Shader Compiler as Incredibuild is not installed on this machine.
[2025.12.20-09.49.36:359][  0]LogShaderCompilers: Display: Using Local Shader Compiler.
[2025.12.20-09.49.43:276][  0]LogDerivedDataCache: Display: Max Cache Size: 512 MB
[2025.12.20-09.49.43:434][  0]LogDerivedDataCache: Loaded boot cache 0.16s 94MB C:/Users/Владислав/AppData/Local/UnrealEngine/4.27/DerivedDataCache/Boot.ddc.
[2025.12.20-09.49.43:435][  0]LogDerivedDataCache: Display: Loaded Boot cache: C:/Users/Владислав/AppData/Local/UnrealEngine/4.27/DerivedDataCache/Boot.ddc
[2025.12.20-09.49.43:435][  0]LogDerivedDataCache: FDerivedDataBackendGraph:  Pak pak cache file ../../../../../../WORKPLACE/Mini_laboratory/MEPhI_VR_term_1/Mini_laboratory/DerivedDataCache/DDC.ddp not found, will not use a pak cache.
[2025.12.20-09.49.43:435][  0]LogDerivedDataCache: Unable to find inner node Pak for hierarchical cache Hierarchy.
[2025.12.20-09.49.43:435][  0]LogDerivedDataCache: FDerivedDataBackendGraph:  CompressedPak pak cache file ../../../../../../WORKPLACE/Mini_laboratory/MEPhI_VR_term_1/Mini_laboratory/DerivedDataCache/Compressed.ddp not found, will not use a pak cache.
[2025.12.20-09.49.43:435][  0]LogDerivedDataCache: Unable to find inner node CompressedPak for hierarchical cache Hierarchy.
[2025.12.20-09.49.43:486][  0]LogDerivedDataCache: Display: Pak cache opened for reading ../../../Engine/DerivedDataCache/Compressed.ddp.
[2025.12.20-09.49.43:486][  0]LogDerivedDataCache: FDerivedDataBackendGraph:  EnterprisePak pak cache file ../../../Enterprise/DerivedDataCache/Compressed.ddp not found, will not use a pak cache.
[2025.12.20-09.49.43:486][  0]LogDerivedDataCache: Unable to find inner node EnterprisePak for hierarchical cache Hierarchy.
[2025.12.20-09.49.43:586][  0]LogDerivedDataCache: Speed tests for C:/Users/Владислав/AppData/Local/UnrealEngine/Common/DerivedDataCache took 0.10 seconds
[2025.12.20-09.49.43:586][  0]LogDerivedDataCache: Display: Performance to C:/Users/Владислав/AppData/Local/UnrealEngine/Common/DerivedDataCache: Latency=0.30ms. RandomReadSpeed=10.56MBs, RandomWriteSpeed=108.63MBs. Assigned SpeedClass 'Local'
[2025.12.20-09.49.43:587][  0]LogDerivedDataCache: Using Local data cache path C:/Users/Владислав/AppData/Local/UnrealEngine/Common/DerivedDataCache: Writable
[2025.12.20-09.49.43:587][  0]LogDerivedDataCache: Shared data cache path not found in *engine.ini, will not use an Shared cache.
[2025.12.20-09.49.43:588][  0]LogDerivedDataCache: Unable to find inner node Shared for hierarchical cache Hierarchy.
[2025.12.20-09.49.43:663][  0]LogSlate: Using FreeType 2.10.0
[2025.12.20-09.49.43:692][  0]LogSlate: SlateFontServices - WITH_FREETYPE: 1, WITH_HARFBUZZ: 1
[2025.12.20-09.49.44:812][  0]LogAssetRegistry: FAssetRegistry took 0.0098 seconds to start up
[2025.12.20-09.49.45:433][  0]LogInit: Selected Device Profile: [Windows]
[2025.12.20-09.49.45:433][  0]LogInit: Active device profile: [000002A9C54D9100][000002A9C17F2AC0 49] Windows
[2025.12.20-09.49.45:433][  0]LogInit: Profiles: [000002A9C54D9100][000002A9C17F2AC0 49] Windows, [000002A9C547AC00][000002A9C4780C00 49] WindowsNoEditor, [000002A9C54DA200][000002A9C4784D40 49] WindowsServer, [000002A9C5479E00][000002A9C478CEC0 49] WindowsClient, [000002A9C54D9700][000002A9C4791040 49] IOS, [000002A9C547AE00][000002A9C47951C0 49] iPadAir, [000002A9C54DBC00][000002A9C4799340 49] iPadAir2, [000002A9C542D400][000002A9C5AC9600 49] IPadPro, [000002A9C542D500][000002A9C3131640 49] iPadAir3, [000002A9C547BF00][000002A9C5ACD7C0 49] iPadAir4, [000002A9C542E300][000002A9C314D940 49] iPadMini2, [000002A9C547B600][000002A9C3151AC0 49] iPadMini3, [000002A9C542EF00][000002A9C19680C0 49] iPadMini4, [000002A9C547A300][000002A9C196C240 49] iPadMini5, [000002A9C5465000][000002A9C1974500 49] iPhone6, [000002A9C5465100][000002A9C1970540 49] iPodTouch6, [000002A9C54DB900][000002A9C197C800 49] iPhone7, [000002A9C54DA900][000002A9C1978840 49] iPodTouch7, [000002A9C542D000][000002A9C19809C0 49] iPhone5S, [000002A9C54DAF00][000002A9C1984B40 49] iPhone6Plus, [000002A9C542F600][000002A9C4788C80 49] iPhone6S, [000002A9C54D8C00][000002A9C1988DC0 49] iPhone6SPlus, [000002A9C54D9D00][000002A9C5C44F00 49] iPhone7Plus, [000002A9C5464800][000002A9C5C4D080 49] iPhoneSE, [000002A9C54D8400][000002A9C5C51200 49] iPhone8, [000002A9C5464900][000002A9C5C55380 49] iPhone8Plus, [000002A9C5466E00][000002A9C5C59500 49] iPhoneX, [000002A9C542DD00][000002A9C5C5D680 49] iPhoneXS, [000002A9C5466700][000002A9C5C61800 49] iPhoneXSMax, [000002A9C542DC00][000002A9C5C65980 49] iPhoneXR, [000002A9C5466800][000002A9C5C69B00 49] iPhone11, [000002A9C542CF00][000002A9C5C6C100 49] iPhone11Pro, [000002A9C5464B00][000002A9C5C70280 49] iPhone11ProMax, [000002A9C542CD00][000002A9C5C74400 49] iPhoneSE2, [000002A9C5464E00][000002A9C6066580 49] iPhone12Mini, [000002A9C54DB800][000002A9C606A700 49] iPhone12, [000002A9C5467000][000002A9C606E880 49] iPhone12Pro, [000002A9C54DB700][000002A9C6072A00 49] iPhone12ProMax, [000002A9C5465E00][000002A9C6076B80 49] iPadPro105, [000002A9C54D9300][000002A9C607AD00 49] iPadPro129, [000002A9C5467E00][000002A9C5C48E40 49] iPadPro97, [000002A9C54D9C00][000002A9C607EF80 49] iPadPro2_129, [000002A9C5466000][000002A9C60830C0 49] iPad5, [000002A9C54DA300][000002A9C608B240 49] iPad6, [000002A9C5467B00][000002A9C608F3C0 49] iPad7, [000002A9C54D9E00][000002A9C6093540 49] iPad8, [000002A9C5464A00][000002A9C60976C0 49] iPadPro11, [000002A9C54DA600][000002A9C609B840 49] iPadPro2_11, [000002A9C5464F00][000002A9C198F9C0 49] iPadPro3_129, [000002A9C54DA800][000002A9C47B1B40 49] iPadPro4_129, [000002A9C5467C00][000002A9C5C8A140 49] AppleTV, [000002A9C54D9A00][000002A9C5C862C0 49] AppleTV4K, [000002A9C5466600][000002A9AC548440 49] TVOS, [000002A9C54DA100][000002A9C483A5C0 49] Mac, [000002A9C5466F00][000002A9C30A6740 49] MacClient, [000002A9C54DAA00][000002A9AC51C8C0 49] MacNoEditor, [000002A9C5466C00][000002A9C47C0A40 49] MacServer, [000002A9C54DB000][000002A9C47C4BC0 49] Linux, [000002A9C5464400][000002A9C47C8D40 49] LinuxAArch64, [000002A9C54D8700][000002A9C47CCEC0 49] LinuxNoEditor, [000002A9C5467700][000002A9C6087000 49] LinuxAArch64NoEditor, [000002A9C54DBB00][000002A9C47D1140 49] LinuxClient, [000002A9C5467400][000002A9C47D5280 49] LinuxAArch64Client, [000002A9C54DBE00][000002A9C47D93C0 49] LinuxServer, [000002A9C5464700][000002A9C47E1540 49] LinuxAArch64Server, [000002A9C54D9F00][000002A9C47E56C0 49] Android, [000002A9C5466A00][000002A9C47E9840 49] Android_Low, [000002A9C54DAD00][000002A9C47ED9C0 49] Android_Mid, [000002A9C5465F00][000002A9C47F1B40 49] Android_High, [000002A9C54DAB00][000002A9C47F4140 49] Android_Default, [000002A9C5464100][000002A9C47F82C0 49] Android_Adreno4xx, [000002A9C54D8500][000002A9C47FC440 49] Android_Adreno5xx_Low, [000002A9C5465400][000002A9C48005C0 49] Android_Adreno5xx, [000002A9C54DB400][000002A9C4804740 49] Android_Adreno6xx, [000002A9C5466300][000002A9C48088C0 49] Android_Adreno6xx_Vulkan, [000002A9C54DBD00][000002A9C480CA40 49] Android_Mali_T6xx, [000002A9C5464200][000002A9C4810BC0 49] Android_Mali_T7xx, [000002A9C54DB600][000002A9C4814D40 49] Android_Mali_T8xx, [000002A9C5467200][000002A9C4818EC0 49] Android_Mali_G71, [000002A9C542F100][000002A9C481D040 49] Android_Mali_G72, [000002A9C547B400][000002A9C47DD180 49] Android_Mali_G72_Vulkan, [000002A9C542EB00][000002A9C48212C0 49] Android_Mali_G76, [000002A9C5478500][000002A9C4825400 49] Android_Mali_G76_Vulkan, [000002A9C542CC00][000002A9C4829540 49] Android_Mali_G77, [000002A9C5478600][000002A9C18FD6C0 49] Android_Mali_G77_Vulkan, [000002A9C542E400][000002A9C1901840 49] Android_Mali_G78, [000002A9C5478D00][000002A9C19059C0 49] Android_Mali_G78_Vulkan, [000002A9C542FD00][000002A9C1909B40 49] Android_Mali_G710, [000002A9C547B000][000002A9C190C140 49] Android_Mali_G710_Vulkan, [000002A9C542EA00][000002A9C19102C0 49] Android_Vulkan_SM5, [000002A9C5479F00][000002A9C1914440 49] Android_PowerVR_G6xxx, [000002A9C542C500][000002A9C19185C0 49] Android_PowerVR_GT7xxx, [000002A9C5478200][000002A9C191C740 49] Android_PowerVR_GE8xxx, [000002A9C542FB00][000002A9C19208C0 49] Android_PowerVR_GM9xxx, [000002A9C547A600][000002A9C1924A40 49] Android_PowerVR_GM9xxx_Vulkan, [000002A9C542DF00][000002A9C1928BC0 49] Android_TegraK1, [000002A9C5478A00][000002A9C192CD40 49] Android_Unknown_Vulkan, [000002A9C542F900][000002A9C1930EC0 49] Lumin, [000002A9C5479100][000002A9C1935040 49] Lumin_Desktop, [000002A9C542E000][000002A9C19391C0 49] HoloLens, 
[2025.12.20-09.49.46:538][  0]LogMeshReduction: Using QuadricMeshReduction for automatic static mesh reduction
[2025.12.20-09.49.46:538][  0]LogMeshReduction: Using SimplygonMeshReduction for automatic skeletal mesh reduction
[2025.12.20-09.49.46:538][  0]LogMeshReduction: Using ProxyLODMeshReduction for automatic mesh merging
[2025.12.20-09.49.46:538][  0]LogMeshReduction: No distributed automatic mesh merging module available
[2025.12.20-09.49.46:538][  0]LogMeshMerging: No distributed automatic mesh merging module available
[2025.12.20-09.49.46:699][  0]LogNetVersion: Mini_laboratory 1.0.0, NetCL: 17155196, EngineNetVer: 17, GameNetVer: 0 (Checksum: 65826005)
[2025.12.20-09.49.52:677][  0]LogTexture: Default maximum texture size for cubemaps generated from long-lat sources has been changed from 512 to unlimited. In order to preserve old behaiour for '/Engine/MapTemplates/Sky/DaylightAmbientCubemap.DaylightAmbientCubemap', its maximum texture size has been explicitly set to 512.
[2025.12.20-09.49.52:933][  0]LogHMD: PokeAHoleMaterial loaded successfully
[2025.12.20-09.49.52:950][  0]LogUObjectArray: 17178 objects as part of root set at end of initial load.
[2025.12.20-09.49.52:950][  0]LogUObjectAllocator: 4302048 out of 0 bytes used by permanent object pool.
[2025.12.20-09.49.52:950][  0]LogUObjectArray: CloseDisregardForGC: 0/0 objects in disregard for GC pool
[2025.12.20-09.49.56:583][  0]LogNiagaraDebuggerClient: Niagara Debugger Client Initialized | Session: 640B4A124C5C437AF4F006BED8520862 | Instance: 5F380E1F4216AF28F34E6FBCFA979346 (LAPTOP-RE3L13LG-7116).
[2025.12.20-09.49.57:121][  0]LogTcpMessaging: Initializing TcpMessaging bridge
[2025.12.20-09.49.57:164][  0]LogUdpMessaging: Initializing bridge on interface 0.0.0.0:0 to multicast group 230.0.0.1:6666.
[2025.12.20-09.49.57:378][  0]LogPython: Using Python 3.7.7
[2025.12.20-09.50.02:302][  0]SourceControl: Source control is disabled
[2025.12.20-09.50.02:303][  0]SourceControl: Source control is disabled
[2025.12.20-09.50.02:371][  0]SourceControl: Source control is disabled
[2025.12.20-09.50.02:419][  0]SourceControl: Source control is disabled
[2025.12.20-09.50.02:512][  0]SourceControl: Source control is disabled
[2025.12.20-09.50.02:579][  0]LogUProjectInfo: Found projects:
[2025.12.20-09.50.02:660][  0]LogOpenImageDenoise: OIDN starting up
[2025.12.20-09.50.03:030][  0]LogAndroidPermission: UAndroidPermissionCallbackProxy::GetInstance
[2025.12.20-09.50.03:284][  0]LogAudioCaptureCore: Display: No Audio Capture implementations found. Audio input will be silent.
[2025.12.20-09.50.03:285][  0]LogAudioCaptureCore: Display: No Audio Capture implementations found. Audio input will be silent.
[2025.12.20-09.50.04:504][  0]LogCollectionManager: Loaded 0 collections in 0.000769 seconds
[2025.12.20-09.50.04:676][  0]LogFileCache: Scanning file cache for directory 'D:/WORKPLACE/Mini_laboratory/MEPhI_VR_term_1/Mini_laboratory/Saved/Collections/' took 0.00s
[2025.12.20-09.50.04:676][  0]LogFileCache: Scanning file cache for directory 'D:/WORKPLACE/Mini_laboratory/MEPhI_VR_term_1/Mini_laboratory/Content/Developers/Vladislav/Collections/' took 0.00s
[2025.12.20-09.50.04:676][  0]LogFileCache: Scanning file cache for directory 'D:/WORKPLACE/Mini_laboratory/MEPhI_VR_term_1/Mini_laboratory/Content/Collections/' took 0.00s
[2025.12.20-09.50.04:676][  0]LogOcInput: OculusInput pre-init called
[2025.12.20-09.50.05:577][  0]LogEngine: Initializing Engine...
[2025.12.20-09.50.05:689][  0]LogHMD: Failed to enumerate extensions. Please check that you have a valid OpenXR runtime installed.
[2025.12.20-09.50.05:690][  0]LogHMD: Failed to initialize OpenVR with code 110
[2025.12.20-09.50.05:692][  0]LogMagicLeap: Warning: VR disabled because ZI is not enabled.  To enable, in the editor, Edit -> Project Settings -> Plugins -> Magic Leap Plugin -> Enable Zero Iteration
[2025.12.20-09.50.05:699][  0]LogStats: UGameplayTagsManager::InitializeManager -  0.002 s
[2025.12.20-09.50.06:192][  0]LogInit: Initializing FReadOnlyCVARCache
[2025.12.20-09.50.06:322][  0]LogAIModule: Creating AISystem for world Untitled
[2025.12.20-09.50.06:342][  0]LogAudio: Display: Initializing Audio Device Manager...
[2025.12.20-09.50.06:382][  0]LogAudio: Display: Loading Default Audio Settings Objects...
[2025.12.20-09.50.06:391][  0]LogAudio: Display: No default SoundConcurrencyObject specified (or failed to load).
[2025.12.20-09.50.06:393][  0]LogAudio: Display: Audio Device Manager Initialized
[2025.12.20-09.50.06:393][  0]LogAudio: Display: Creating Audio Device:                 Id: 1, Scope: Shared, Realtime: True
[2025.12.20-09.50.06:396][  0]LogAudioMixer: Display: Audio Mixer Platform Settings:
[2025.12.20-09.50.06:396][  0]LogAudioMixer: Display: 	Sample Rate:						  48000
[2025.12.20-09.50.06:396][  0]LogAudioMixer: Display: 	Callback Buffer Frame Size Requested: 1024
[2025.12.20-09.50.06:396][  0]LogAudioMixer: Display: 	Callback Buffer Frame Size To Use:	  1024
[2025.12.20-09.50.06:396][  0]LogAudioMixer: Display: 	Number of buffers to queue:			  2
[2025.12.20-09.50.06:396][  0]LogAudioMixer: Display: 	Max Channels (voices):				  32
[2025.12.20-09.50.06:396][  0]LogAudioMixer: Display: 	Number of Async Source Workers:		  0
[2025.12.20-09.50.06:397][  0]LogAudio: Display: AudioDevice MaxSources: 32
[2025.12.20-09.50.06:400][  0]LogAudio: Display: Audio Spatialization Plugin: None (built-in).
[2025.12.20-09.50.06:400][  0]LogAudio: Display: Audio Reverb Plugin: None (built-in).
[2025.12.20-09.50.06:400][  0]LogAudio: Display: Audio Occlusion Plugin: None (built-in).
[2025.12.20-09.50.06:400][  0]LogAudioMixer: Display: Initializing audio mixer.
[2025.12.20-09.50.06:498][  0]LogAudioMixer: Display: 0: FrontLeft
[2025.12.20-09.50.06:498][  0]LogAudioMixer: Display: 1: FrontRight
[2025.12.20-09.50.06:991][  0]LogAudioMixer: Display: Using Audio Device Динамики (Realtek(R) Audio)
[2025.12.20-09.50.06:998][  0]LogAudioMixer: Display: Initializing Sound Submixes...
[2025.12.20-09.50.07:044][  0]LogAudioMixer: Display: Creating Master Submix 'MasterSubmixDefault'
[2025.12.20-09.50.07:044][  0]LogAudioMixer: Display: Creating Master Submix 'MasterReverbSubmixDefault'
[2025.12.20-09.50.07:046][  0]LogAudioMixer: Display: Creating Master Submix 'MasterEQSubmixDefault'
[2025.12.20-09.50.07:048][  0]LogAudioMixer: FMixerPlatformXAudio2::StartAudioStream() called
[2025.12.20-09.50.07:048][  0]LogAudioMixer: Display: Output buffers initialized: Frames=1024, Channels=2, Samples=2048
[2025.12.20-09.50.07:050][  0]LogAudioMixer: Display: Starting AudioMixerPlatformInterface::RunInternal()
[2025.12.20-09.50.07:050][  0]LogAudioMixer: Display: FMixerPlatformXAudio2::SubmitBuffer() called for the first time
[2025.12.20-09.50.07:050][  0]LogInit: FAudioDevice initialized.
[2025.12.20-09.50.07:053][  0]LogAudio: Display: Audio Device (ID: 1) registered with world 'Untitled'.
[2025.12.20-09.50.07:055][  0]LogNetVersion: Set ProjectVersion to 1.0.0.0. Version Checksum will be recalculated on next use.
[2025.12.20-09.50.07:160][  0]LogDerivedDataCache: Saved boot cache 0.10s 94MB C:/Users/Владислав/AppData/Local/UnrealEngine/4.27/DerivedDataCache/Boot.ddc.
[2025.12.20-09.50.07:161][  0]LogInit: Texture streaming: Enabled
[2025.12.20-09.50.07:287][  0]LogAnalytics: Display: [UEEditor.Rocket.Release] APIServer = https://datarouter.ol.epicgames.com/. AppVersion = 4.27.2-18319896+++UE4+Release-4.27
[2025.12.20-09.50.07:320][  0]LogEngineSessionManager: EngineSessionManager initialized
[2025.12.20-09.50.07:320][  0]LogEditorSessionSummary: Verbose: Initializing EditorSessionSummaryWriter for editor session tracking
[2025.12.20-09.50.07:324][  0]LogEditorSessionSummary: EditorSessionSummaryWriter initialized
[2025.12.20-09.50.07:455][  0]LogInit: Transaction tracking system initialized
[2025.12.20-09.50.07:722][  0]BlueprintLog: New page: Editor Load
[2025.12.20-09.50.08:947][  0]LocalizationService: Localization service is disabled
[2025.12.20-09.50.09:277][  0]TimingProfiler: Initialize
[2025.12.20-09.50.09:279][  0]TimingProfiler: OnSessionChanged
[2025.12.20-09.50.09:280][  0]LoadingProfiler: Initialize
[2025.12.20-09.50.09:280][  0]LoadingProfiler: OnSessionChanged
[2025.12.20-09.50.09:280][  0]NetworkingProfiler: Initialize
[2025.12.20-09.50.09:281][  0]NetworkingProfiler: OnSessionChanged
[2025.12.20-09.50.09:281][  0]MemoryProfiler: Initialize
[2025.12.20-09.50.09:281][  0]MemoryProfiler: OnSessionChanged
[2025.12.20-09.50.10:434][  0]LogCook: Display: CookSettings for Memory: MemoryMaxUsedVirtual 0MiB, MemoryMaxUsedPhysical 16384MiB, MemoryMinFreeVirtual 0MiB, MemoryMinFreePhysical 1024MiB
[2025.12.20-09.50.10:434][  0]LogCook: Display: Mobile HDR setting 1
[2025.12.20-09.50.11:039][  0]LogFileCache: Scanning file cache for directory 'D:/WORKPLACE/Mini_laboratory/MEPhI_VR_term_1/Mini_laboratory/Content/' took 0.01s
[2025.12.20-09.50.12:858][  0]LogInit: Display: Engine is initialized. Leaving FEngineLoop::Init()
[2025.12.20-09.50.12:873][  0]SourceControl: Source control is disabled
[2025.12.20-09.50.12:873][  0]LogUnrealEdMisc: Loading editor; pre map load, took 57.503
[2025.12.20-09.50.12:876][  0]Cmd: MAP LOAD FILE="../../../../../../WORKPLACE/Mini_laboratory/MEPhI_VR_term_1/Mini_laboratory/Content/Workplace/Maps/StartMenu.umap" TEMPLATE=0 SHOWPROGRESS=1 FEATURELEVEL=3
[2025.12.20-09.50.12:889][  0]LightingResults: New page: Lighting Build
[2025.12.20-09.50.12:903][  0]LogWorld: UWorld::CleanupWorld for Untitled, bSessionEnded=true, bCleanupResources=true
[2025.12.20-09.50.12:909][  0]LogSlate: InvalidateAllWidgets triggered.  All widgets were invalidated
[2025.12.20-09.50.12:917][  0]MapCheck: New page: Map Check
[2025.12.20-09.50.12:917][  0]LightingResults: New page: Lighting Build
[2025.12.20-09.50.12:943][  0]LogAudio: Display: Audio Device unregistered from world 'None'.
[2025.12.20-09.50.12:979][  0]LogUObjectHash: Compacting FUObjectHashTables data took   2.25ms
[2025.12.20-09.50.13:516][  0]LogAudio: Display: Audio Device (ID: 1) registered with world 'StartMenu'.
[2025.12.20-09.50.13:518][  0]LogAIModule: Creating AISystem for world StartMenu
[2025.12.20-09.50.13:529][  0]LogEditorServer: Finished looking for orphan Actors (0.000 secs)
[2025.12.20-09.50.13:550][  0]LogUObjectHash: Compacting FUObjectHashTables data took   1.12ms
[2025.12.20-09.50.13:552][  0]Cmd: MAP CHECKDEP NOCLEARLOG
[2025.12.20-09.50.13:552][  0]MapCheck: Map check complete: 0 Error(s), 0 Warning(s), took 0,48ms to complete.
[2025.12.20-09.50.13:552][  0]LogFileHelpers: Loading map 'StartMenu' took 0.678
[2025.12.20-09.50.13:624][  0]LogUnrealEdMisc: Total Editor Startup Time, took 58.253
[2025.12.20-09.50.13:933][  0]LogSlate: Updating window title bar state: overlay mode, drag disabled, window buttons hidden, title bar hidden
[2025.12.20-09.50.13:948][  0]LogSlate: Updating window title bar state: overlay mode, drag disabled, window buttons hidden, title bar hidden
[2025.12.20-09.50.13:956][  0]LogSlate: Updating window title bar state: overlay mode, drag disabled, window buttons hidden, title bar hidden
[2025.12.20-09.50.13:964][  0]LogSlate: Updating window title bar state: overlay mode, drag disabled, window buttons hidden, title bar hidden
[2025.12.20-09.50.14:042][  0]LogNativeClassHierarchy: Verbose: Native class hierarchy populated in 0.0149 seconds. Added 3822 classes and 928 folders.
[2025.12.20-09.50.14:060][  0]LogNativeClassHierarchy: Verbose: Native class hierarchy updated for 'WidgetCarousel' in 0.0004 seconds. Added 0 classes and 0 folders.
[2025.12.20-09.50.14:101][  0]LogPakFile: PakFile PrimaryIndexSize=187
[2025.12.20-09.50.14:101][  0]LogPakFile: PakFile PathHashIndexSize=101
[2025.12.20-09.50.14:101][  0]LogPakFile: PakFile FullDirectoryIndexSize=148
[2025.12.20-09.50.14:102][  0]LogShaderLibrary: Display: ShaderCodeLibraryPakFileMountedCallback: PakFile 'D:/Progams on PC/Unreal/UE_4.27/FeaturePacks/FP_FirstPerson.upack' (chunk index -1, root 'root:/') mounted
[2025.12.20-09.50.14:102][  0]LogShaderLibrary: Display: ShaderCodeLibraryPakFileMountedCallback: pending pak file info (ChunkID:-1 Root:root:/ File:D:/Progams on PC/Unreal/UE_4.27/FeaturePacks/FP_FirstPerson.upack)
[2025.12.20-09.50.14:103][  0]LogPakFile: OnPakFileMounted2Time == 0.001914
[2025.12.20-09.50.14:121][  0]LogPakFile: PakFile PrimaryIndexSize=189
[2025.12.20-09.50.14:121][  0]LogPakFile: PakFile PathHashIndexSize=101
[2025.12.20-09.50.14:121][  0]LogPakFile: PakFile FullDirectoryIndexSize=152
[2025.12.20-09.50.14:121][  0]LogShaderLibrary: Display: ShaderCodeLibraryPakFileMountedCallback: PakFile 'D:/Progams on PC/Unreal/UE_4.27/FeaturePacks/FP_FirstPersonBP.upack' (chunk index -1, root 'root:/') mounted
[2025.12.20-09.50.14:121][  0]LogShaderLibrary: Display: ShaderCodeLibraryPakFileMountedCallback: pending pak file info (ChunkID:-1 Root:root:/ File:D:/Progams on PC/Unreal/UE_4.27/FeaturePacks/FP_FirstPersonBP.upack)
[2025.12.20-09.50.14:121][  0]LogPakFile: OnPakFileMounted2Time == 0.000055
[2025.12.20-09.50.14:132][  0]LogPakFile: PakFile PrimaryIndexSize=191
[2025.12.20-09.50.14:133][  0]LogPakFile: PakFile PathHashIndexSize=101
[2025.12.20-09.50.14:133][  0]LogPakFile: PakFile FullDirectoryIndexSize=160
[2025.12.20-09.50.14:133][  0]LogShaderLibrary: Display: ShaderCodeLibraryPakFileMountedCallback: PakFile 'D:/Progams on PC/Unreal/UE_4.27/FeaturePacks/MobileStarterContent.upack' (chunk index -1, root 'root:/') mounted
[2025.12.20-09.50.14:133][  0]LogShaderLibrary: Display: ShaderCodeLibraryPakFileMountedCallback: pending pak file info (ChunkID:-1 Root:root:/ File:D:/Progams on PC/Unreal/UE_4.27/FeaturePacks/MobileStarterContent.upack)
[2025.12.20-09.50.14:133][  0]LogPakFile: OnPakFileMounted2Time == 0.000050
[2025.12.20-09.50.14:143][  0]LogPakFile: PakFile PrimaryIndexSize=185
[2025.12.20-09.50.14:143][  0]LogPakFile: PakFile PathHashIndexSize=101
[2025.12.20-09.50.14:143][  0]LogPakFile: PakFile FullDirectoryIndexSize=148
[2025.12.20-09.50.14:143][  0]LogShaderLibrary: Display: ShaderCodeLibraryPakFileMountedCallback: PakFile 'D:/Progams on PC/Unreal/UE_4.27/FeaturePacks/StarterContent.upack' (chunk index -1, root 'root:/') mounted
[2025.12.20-09.50.14:143][  0]LogShaderLibrary: Display: ShaderCodeLibraryPakFileMountedCallback: pending pak file info (ChunkID:-1 Root:root:/ File:D:/Progams on PC/Unreal/UE_4.27/FeaturePacks/StarterContent.upack)
[2025.12.20-09.50.14:143][  0]LogPakFile: OnPakFileMounted2Time == 0.000048
[2025.12.20-09.50.14:154][  0]LogPakFile: PakFile PrimaryIndexSize=190
[2025.12.20-09.50.14:154][  0]LogPakFile: PakFile PathHashIndexSize=101
[2025.12.20-09.50.14:154][  0]LogPakFile: PakFile FullDirectoryIndexSize=154
[2025.12.20-09.50.14:154][  0]LogShaderLibrary: Display: ShaderCodeLibraryPakFileMountedCallback: PakFile 'D:/Progams on PC/Unreal/UE_4.27/FeaturePacks/TP_2DSideScroller.upack' (chunk index -1, root 'root:/') mounted
[2025.12.20-09.50.14:154][  0]LogShaderLibrary: Display: ShaderCodeLibraryPakFileMountedCallback: pending pak file info (ChunkID:-1 Root:root:/ File:D:/Progams on PC/Unreal/UE_4.27/FeaturePacks/TP_2DSideScroller.upack)
[2025.12.20-09.50.14:154][  0]LogPakFile: OnPakFileMounted2Time == 0.000040
[2025.12.20-09.50.14:164][  0]LogPakFile: PakFile PrimaryIndexSize=192
[2025.12.20-09.50.14:164][  0]LogPakFile: PakFile PathHashIndexSize=101
[2025.12.20-09.50.14:164][  0]LogPakFile: PakFile FullDirectoryIndexSize=158
[2025.12.20-09.50.14:164][  0]LogShaderLibrary: Display: ShaderCodeLibraryPakFileMountedCallback: PakFile 'D:/Progams on PC/Unreal/UE_4.27/FeaturePacks/TP_2DSideScrollerBP.upack' (chunk index -1, root 'root:/') mounted
[2025.12.20-09.50.14:164][  0]LogShaderLibrary: Display: ShaderCodeLibraryPakFileMountedCallback: pending pak file info (ChunkID:-1 Root:root:/ File:D:/Progams on PC/Unreal/UE_4.27/FeaturePacks/TP_2DSideScrollerBP.upack)
[2025.12.20-09.50.14:164][  0]LogPakFile: OnPakFileMounted2Time == 0.000045
[2025.12.20-09.50.14:174][  0]LogPakFile: PakFile PrimaryIndexSize=182
[2025.12.20-09.50.14:174][  0]LogPakFile: PakFile PathHashIndexSize=101
[2025.12.20-09.50.14:174][  0]LogPakFile: PakFile FullDirectoryIndexSize=138
[2025.12.20-09.50.14:174][  0]LogShaderLibrary: Display: ShaderCodeLibraryPakFileMountedCallback: PakFile 'D:/Progams on PC/Unreal/UE_4.27/FeaturePacks/TP_Flying.upack' (chunk index -1, root 'root:/') mounted
[2025.12.20-09.50.14:174][  0]LogShaderLibrary: Display: ShaderCodeLibraryPakFileMountedCallback: pending pak file info (ChunkID:-1 Root:root:/ File:D:/Progams on PC/Unreal/UE_4.27/FeaturePacks/TP_Flying.upack)
[2025.12.20-09.50.14:174][  0]LogPakFile: OnPakFileMounted2Time == 0.000039
[2025.12.20-09.50.14:185][  0]LogPakFile: PakFile PrimaryIndexSize=184
[2025.12.20-09.50.14:185][  0]LogPakFile: PakFile PathHashIndexSize=101
[2025.12.20-09.50.14:185][  0]LogPakFile: PakFile FullDirectoryIndexSize=142
[2025.12.20-09.50.14:185][  0]LogShaderLibrary: Display: ShaderCodeLibraryPakFileMountedCallback: PakFile 'D:/Progams on PC/Unreal/UE_4.27/FeaturePacks/TP_FlyingBP.upack' (chunk index -1, root 'root:/') mounted
[2025.12.20-09.50.14:186][  0]LogShaderLibrary: Display: ShaderCodeLibraryPakFileMountedCallback: pending pak file info (ChunkID:-1 Root:root:/ File:D:/Progams on PC/Unreal/UE_4.27/FeaturePacks/TP_FlyingBP.upack)
[2025.12.20-09.50.14:186][  0]LogPakFile: OnPakFileMounted2Time == 0.000105
[2025.12.20-09.50.14:200][  0]LogPakFile: PakFile PrimaryIndexSize=188
[2025.12.20-09.50.14:200][  0]LogPakFile: PakFile PathHashIndexSize=101
[2025.12.20-09.50.14:200][  0]LogPakFile: PakFile FullDirectoryIndexSize=150
[2025.12.20-09.50.14:200][  0]LogShaderLibrary: Display: ShaderCodeLibraryPakFileMountedCallback: PakFile 'D:/Progams on PC/Unreal/UE_4.27/FeaturePacks/TP_HandheldARBP.upack' (chunk index -1, root 'root:/') mounted
[2025.12.20-09.50.14:200][  0]LogShaderLibrary: Display: ShaderCodeLibraryPakFileMountedCallback: pending pak file info (ChunkID:-1 Root:root:/ File:D:/Progams on PC/Unreal/UE_4.27/FeaturePacks/TP_HandheldARBP.upack)
[2025.12.20-09.50.14:200][  0]LogPakFile: OnPakFileMounted2Time == 0.000046
[2025.12.20-09.50.14:213][  0]LogPakFile: PakFile PrimaryIndexSize=182
[2025.12.20-09.50.14:213][  0]LogPakFile: PakFile PathHashIndexSize=101
[2025.12.20-09.50.14:213][  0]LogPakFile: PakFile FullDirectoryIndexSize=138
[2025.12.20-09.50.14:213][  0]LogShaderLibrary: Display: ShaderCodeLibraryPakFileMountedCallback: PakFile 'D:/Progams on PC/Unreal/UE_4.27/FeaturePacks/TP_Puzzle.upack' (chunk index -1, root 'root:/') mounted
[2025.12.20-09.50.14:213][  0]LogShaderLibrary: Display: ShaderCodeLibraryPakFileMountedCallback: pending pak file info (ChunkID:-1 Root:root:/ File:D:/Progams on PC/Unreal/UE_4.27/FeaturePacks/TP_Puzzle.upack)
[2025.12.20-09.50.14:213][  0]LogPakFile: OnPakFileMounted2Time == 0.000048
[2025.12.20-09.50.14:223][  0]LogPakFile: PakFile PrimaryIndexSize=184
[2025.12.20-09.50.14:223][  0]LogPakFile: PakFile PathHashIndexSize=101
[2025.12.20-09.50.14:223][  0]LogPakFile: PakFile FullDirectoryIndexSize=142
[2025.12.20-09.50.14:223][  0]LogShaderLibrary: Display: ShaderCodeLibraryPakFileMountedCallback: PakFile 'D:/Progams on PC/Unreal/UE_4.27/FeaturePacks/TP_PuzzleBP.upack' (chunk index -1, root 'root:/') mounted
[2025.12.20-09.50.14:223][  0]LogShaderLibrary: Display: ShaderCodeLibraryPakFileMountedCallback: pending pak file info (ChunkID:-1 Root:root:/ File:D:/Progams on PC/Unreal/UE_4.27/FeaturePacks/TP_PuzzleBP.upack)
[2025.12.20-09.50.14:223][  0]LogPakFile: OnPakFileMounted2Time == 0.000042
[2025.12.20-09.50.14:233][  0]LogPakFile: PakFile PrimaryIndexSize=183
[2025.12.20-09.50.14:233][  0]LogPakFile: PakFile PathHashIndexSize=101
[2025.12.20-09.50.14:234][  0]LogPakFile: PakFile FullDirectoryIndexSize=140
[2025.12.20-09.50.14:234][  0]LogShaderLibrary: Display: ShaderCodeLibraryPakFileMountedCallback: PakFile 'D:/Progams on PC/Unreal/UE_4.27/FeaturePacks/TP_Rolling.upack' (chunk index -1, root 'root:/') mounted
[2025.12.20-09.50.14:234][  0]LogShaderLibrary: Display: ShaderCodeLibraryPakFileMountedCallback: pending pak file info (ChunkID:-1 Root:root:/ File:D:/Progams on PC/Unreal/UE_4.27/FeaturePacks/TP_Rolling.upack)
[2025.12.20-09.50.14:234][  0]LogPakFile: OnPakFileMounted2Time == 0.000072
[2025.12.20-09.50.14:244][  0]LogPakFile: PakFile PrimaryIndexSize=185
[2025.12.20-09.50.14:245][  0]LogPakFile: PakFile PathHashIndexSize=101
[2025.12.20-09.50.14:245][  0]LogPakFile: PakFile FullDirectoryIndexSize=144
[2025.12.20-09.50.14:245][  0]LogShaderLibrary: Display: ShaderCodeLibraryPakFileMountedCallback: PakFile 'D:/Progams on PC/Unreal/UE_4.27/FeaturePacks/TP_RollingBP.upack' (chunk index -1, root 'root:/') mounted
[2025.12.20-09.50.14:245][  0]LogShaderLibrary: Display: ShaderCodeLibraryPakFileMountedCallback: pending pak file info (ChunkID:-1 Root:root:/ File:D:/Progams on PC/Unreal/UE_4.27/FeaturePacks/TP_RollingBP.upack)
[2025.12.20-09.50.14:245][  0]LogPakFile: OnPakFileMounted2Time == 0.000056
[2025.12.20-09.50.14:255][  0]LogPakFile: PakFile PrimaryIndexSize=188
[2025.12.20-09.50.14:255][  0]LogPakFile: PakFile PathHashIndexSize=101
[2025.12.20-09.50.14:255][  0]LogPakFile: PakFile FullDirectoryIndexSize=150
[2025.12.20-09.50.14:255][  0]LogShaderLibrary: Display: ShaderCodeLibraryPakFileMountedCallback: PakFile 'D:/Progams on PC/Unreal/UE_4.27/FeaturePacks/TP_SideScroller.upack' (chunk index -1, root 'root:/') mounted
[2025.12.20-09.50.14:255][  0]LogShaderLibrary: Display: ShaderCodeLibraryPakFileMountedCallback: pending pak file info (ChunkID:-1 Root:root:/ File:D:/Progams on PC/Unreal/UE_4.27/FeaturePacks/TP_SideScroller.upack)
[2025.12.20-09.50.14:255][  0]LogPakFile: OnPakFileMounted2Time == 0.000063
[2025.12.20-09.50.14:268][  0]LogPakFile: PakFile PrimaryIndexSize=190
[2025.12.20-09.50.14:268][  0]LogPakFile: PakFile PathHashIndexSize=101
[2025.12.20-09.50.14:268][  0]LogPakFile: PakFile FullDirectoryIndexSize=154
[2025.12.20-09.50.14:268][  0]LogShaderLibrary: Display: ShaderCodeLibraryPakFileMountedCallback: PakFile 'D:/Progams on PC/Unreal/UE_4.27/FeaturePacks/TP_SideScrollerBP.upack' (chunk index -1, root 'root:/') mounted
[2025.12.20-09.50.14:268][  0]LogShaderLibrary: Display: ShaderCodeLibraryPakFileMountedCallback: pending pak file info (ChunkID:-1 Root:root:/ File:D:/Progams on PC/Unreal/UE_4.27/FeaturePacks/TP_SideScrollerBP.upack)
[2025.12.20-09.50.14:268][  0]LogPakFile: OnPakFileMounted2Time == 0.000054
[2025.12.20-09.50.14:280][  0]LogPakFile: PakFile PrimaryIndexSize=187
[2025.12.20-09.50.14:280][  0]LogPakFile: PakFile PathHashIndexSize=101
[2025.12.20-09.50.14:280][  0]LogPakFile: PakFile FullDirectoryIndexSize=148
[2025.12.20-09.50.14:280][  0]LogShaderLibrary: Display: ShaderCodeLibraryPakFileMountedCallback: PakFile 'D:/Progams on PC/Unreal/UE_4.27/FeaturePacks/TP_ThirdPerson.upack' (chunk index -1, root 'root:/') mounted
[2025.12.20-09.50.14:280][  0]LogShaderLibrary: Display: ShaderCodeLibraryPakFileMountedCallback: pending pak file info (ChunkID:-1 Root:root:/ File:D:/Progams on PC/Unreal/UE_4.27/FeaturePacks/TP_ThirdPerson.upack)
[2025.12.20-09.50.14:280][  0]LogPakFile: OnPakFileMounted2Time == 0.000055
[2025.12.20-09.50.14:291][  0]LogPakFile: PakFile PrimaryIndexSize=189
[2025.12.20-09.50.14:291][  0]LogPakFile: PakFile PathHashIndexSize=101
[2025.12.20-09.50.14:291][  0]LogPakFile: PakFile FullDirectoryIndexSize=152
[2025.12.20-09.50.14:291][  0]LogShaderLibrary: Display: ShaderCodeLibraryPakFileMountedCallback: PakFile 'D:/Progams on PC/Unreal/UE_4.27/FeaturePacks/TP_ThirdPersonBP.upack' (chunk index -1, root 'root:/') mounted
[2025.12.20-09.50.14:291][  0]LogShaderLibrary: Display: ShaderCodeLibraryPakFileMountedCallback: pending pak file info (ChunkID:-1 Root:root:/ File:D:/Progams on PC/Unreal/UE_4.27/FeaturePacks/TP_ThirdPersonBP.upack)
[2025.12.20-09.50.14:291][  0]LogPakFile: OnPakFileMounted2Time == 0.000044
[2025.12.20-09.50.14:301][  0]LogPakFile: PakFile PrimaryIndexSize=183
[2025.12.20-09.50.14:301][  0]LogPakFile: PakFile PathHashIndexSize=101
[2025.12.20-09.50.14:301][  0]LogPakFile: PakFile FullDirectoryIndexSize=140
[2025.12.20-09.50.14:301][  0]LogShaderLibrary: Display: ShaderCodeLibraryPakFileMountedCallback: PakFile 'D:/Progams on PC/Unreal/UE_4.27/FeaturePacks/TP_TopDown.upack' (chunk index -1, root 'root:/') mounted
[2025.12.20-09.50.14:301][  0]LogShaderLibrary: Display: ShaderCodeLibraryPakFileMountedCallback: pending pak file info (ChunkID:-1 Root:root:/ File:D:/Progams on PC/Unreal/UE_4.27/FeaturePacks/TP_TopDown.upack)
[2025.12.20-09.50.14:301][  0]LogPakFile: OnPakFileMounted2Time == 0.000049
[2025.12.20-09.50.14:311][  0]LogPakFile: PakFile PrimaryIndexSize=185
[2025.12.20-09.50.14:311][  0]LogPakFile: PakFile PathHashIndexSize=101
[2025.12.20-09.50.14:311][  0]LogPakFile: PakFile FullDirectoryIndexSize=144
[2025.12.20-09.50.14:311][  0]LogShaderLibrary: Display: ShaderCodeLibraryPakFileMountedCallback: PakFile 'D:/Progams on PC/Unreal/UE_4.27/FeaturePacks/TP_TopDownBP.upack' (chunk index -1, root 'root:/') mounted
[2025.12.20-09.50.14:311][  0]LogShaderLibrary: Display: ShaderCodeLibraryPakFileMountedCallback: pending pak file info (ChunkID:-1 Root:root:/ File:D:/Progams on PC/Unreal/UE_4.27/FeaturePacks/TP_TopDownBP.upack)
[2025.12.20-09.50.14:311][  0]LogPakFile: OnPakFileMounted2Time == 0.000044
[2025.12.20-09.50.14:325][  0]LogPakFile: PakFile PrimaryIndexSize=185
[2025.12.20-09.50.14:326][  0]LogPakFile: PakFile PathHashIndexSize=101
[2025.12.20-09.50.14:326][  0]LogPakFile: PakFile FullDirectoryIndexSize=144
[2025.12.20-09.50.14:326][  0]LogShaderLibrary: Display: ShaderCodeLibraryPakFileMountedCallback: PakFile 'D:/Progams on PC/Unreal/UE_4.27/FeaturePacks/TP_TwinStick.upack' (chunk index -1, root 'root:/') mounted
[2025.12.20-09.50.14:326][  0]LogShaderLibrary: Display: ShaderCodeLibraryPakFileMountedCallback: pending pak file info (ChunkID:-1 Root:root:/ File:D:/Progams on PC/Unreal/UE_4.27/FeaturePacks/TP_TwinStick.upack)
[2025.12.20-09.50.14:326][  0]LogPakFile: OnPakFileMounted2Time == 0.000051
[2025.12.20-09.50.14:335][  0]LogPakFile: PakFile PrimaryIndexSize=187
[2025.12.20-09.50.14:335][  0]LogPakFile: PakFile PathHashIndexSize=101
[2025.12.20-09.50.14:335][  0]LogPakFile: PakFile FullDirectoryIndexSize=148
[2025.12.20-09.50.14:335][  0]LogShaderLibrary: Display: ShaderCodeLibraryPakFileMountedCallback: PakFile 'D:/Progams on PC/Unreal/UE_4.27/FeaturePacks/TP_TwinStickBP.upack' (chunk index -1, root 'root:/') mounted
[2025.12.20-09.50.14:335][  0]LogShaderLibrary: Display: ShaderCodeLibraryPakFileMountedCallback: pending pak file info (ChunkID:-1 Root:root:/ File:D:/Progams on PC/Unreal/UE_4.27/FeaturePacks/TP_TwinStickBP.upack)
[2025.12.20-09.50.14:335][  0]LogPakFile: OnPakFileMounted2Time == 0.000039
[2025.12.20-09.50.14:345][  0]LogPakFile: PakFile PrimaryIndexSize=183
[2025.12.20-09.50.14:345][  0]LogPakFile: PakFile PathHashIndexSize=101
[2025.12.20-09.50.14:345][  0]LogPakFile: PakFile FullDirectoryIndexSize=140
[2025.12.20-09.50.14:345][  0]LogShaderLibrary: Display: ShaderCodeLibraryPakFileMountedCallback: PakFile 'D:/Progams on PC/Unreal/UE_4.27/FeaturePacks/TP_Vehicle.upack' (chunk index -1, root 'root:/') mounted
[2025.12.20-09.50.14:345][  0]LogShaderLibrary: Display: ShaderCodeLibraryPakFileMountedCallback: pending pak file info (ChunkID:-1 Root:root:/ File:D:/Progams on PC/Unreal/UE_4.27/FeaturePacks/TP_Vehicle.upack)
[2025.12.20-09.50.14:345][  0]LogPakFile: OnPakFileMounted2Time == 0.000039
[2025.12.20-09.50.14:355][  0]LogPakFile: PakFile PrimaryIndexSize=186
[2025.12.20-09.50.14:355][  0]LogPakFile: PakFile PathHashIndexSize=101
[2025.12.20-09.50.14:355][  0]LogPakFile: PakFile FullDirectoryIndexSize=146
[2025.12.20-09.50.14:355][  0]LogShaderLibrary: Display: ShaderCodeLibraryPakFileMountedCallback: PakFile 'D:/Progams on PC/Unreal/UE_4.27/FeaturePacks/TP_VehicleAdv.upack' (chunk index -1, root 'root:/') mounted
[2025.12.20-09.50.14:355][  0]LogShaderLibrary: Display: ShaderCodeLibraryPakFileMountedCallback: pending pak file info (ChunkID:-1 Root:root:/ File:D:/Progams on PC/Unreal/UE_4.27/FeaturePacks/TP_VehicleAdv.upack)
[2025.12.20-09.50.14:355][  0]LogPakFile: OnPakFileMounted2Time == 0.000040
[2025.12.20-09.50.14:365][  0]LogPakFile: PakFile PrimaryIndexSize=188
[2025.12.20-09.50.14:365][  0]LogPakFile: PakFile PathHashIndexSize=101
[2025.12.20-09.50.14:365][  0]LogPakFile: PakFile FullDirectoryIndexSize=150
[2025.12.20-09.50.14:365][  0]LogShaderLibrary: Display: ShaderCodeLibraryPakFileMountedCallback: PakFile 'D:/Progams on PC/Unreal/UE_4.27/FeaturePacks/TP_VehicleAdvBP.upack' (chunk index -1, root 'root:/') mounted
[2025.12.20-09.50.14:365][  0]LogShaderLibrary: Display: ShaderCodeLibraryPakFileMountedCallback: pending pak file info (ChunkID:-1 Root:root:/ File:D:/Progams on PC/Unreal/UE_4.27/FeaturePacks/TP_VehicleAdvBP.upack)
[2025.12.20-09.50.14:365][  0]LogPakFile: OnPakFileMounted2Time == 0.000045
[2025.12.20-09.50.14:375][  0]LogPakFile: PakFile PrimaryIndexSize=185
[2025.12.20-09.50.14:375][  0]LogPakFile: PakFile PathHashIndexSize=101
[2025.12.20-09.50.14:375][  0]LogPakFile: PakFile FullDirectoryIndexSize=144
[2025.12.20-09.50.14:375][  0]LogShaderLibrary: Display: ShaderCodeLibraryPakFileMountedCallback: PakFile 'D:/Progams on PC/Unreal/UE_4.27/FeaturePacks/TP_VehicleBP.upack' (chunk index -1, root 'root:/') mounted
[2025.12.20-09.50.14:375][  0]LogShaderLibrary: Display: ShaderCodeLibraryPakFileMountedCallback: pending pak file info (ChunkID:-1 Root:root:/ File:D:/Progams on PC/Unreal/UE_4.27/FeaturePacks/TP_VehicleBP.upack)
[2025.12.20-09.50.14:375][  0]LogPakFile: OnPakFileMounted2Time == 0.000037
[2025.12.20-09.50.14:386][  0]LogPakFile: PakFile PrimaryIndexSize=192
[2025.12.20-09.50.14:386][  0]LogPakFile: PakFile PathHashIndexSize=101
[2025.12.20-09.50.14:386][  0]LogPakFile: PakFile FullDirectoryIndexSize=158
[2025.12.20-09.50.14:386][  0]LogShaderLibrary: Display: ShaderCodeLibraryPakFileMountedCallback: PakFile 'D:/Progams on PC/Unreal/UE_4.27/FeaturePacks/TP_VirtualRealityBP.upack' (chunk index -1, root 'root:/') mounted
[2025.12.20-09.50.14:386][  0]LogShaderLibrary: Display: ShaderCodeLibraryPakFileMountedCallback: pending pak file info (ChunkID:-1 Root:root:/ File:D:/Progams on PC/Unreal/UE_4.27/FeaturePacks/TP_VirtualRealityBP.upack)
[2025.12.20-09.50.14:386][  0]LogPakFile: OnPakFileMounted2Time == 0.000038
[2025.12.20-09.50.15:110][  0]LogNativeClassHierarchy: Verbose: Native class hierarchy updated for 'AddContentDialog' in 0.0003 seconds. Added 0 classes and 0 folders.
[2025.12.20-09.50.15:118][  0]LogNativeClassHierarchy: Verbose: Native class hierarchy updated for 'SceneOutliner' in 0.0003 seconds. Added 2 classes and 0 folders.
[2025.12.20-09.50.15:415][  0]LogSlate: Took 0.015129 seconds to synchronously load lazily loaded font '../../../Engine/Content/Slate/Fonts/Roboto-Regular.ttf' (155K)
[2025.12.20-09.50.15:430][  0]LogSlate: Took 0.011352 seconds to synchronously load lazily loaded font '../../../Engine/Content/Editor/Slate/Fonts/FontAwesome.ttf' (139K)
[2025.12.20-09.50.15:443][  0]LogSlate: Took 0.009376 seconds to synchronously load lazily loaded font '../../../Engine/Content/Slate/Fonts/Roboto-Bold.ttf' (160K)
[2025.12.20-09.50.15:632][  0]LogRenderer: Reallocating scene render targets to support 916x364 Format 10 NumSamples 1 (Frame:1).
[2025.12.20-09.50.15:928][  0]LogNativeClassHierarchy: Verbose: Native class hierarchy updated for 'HierarchicalLODOutliner' in 0.0003 seconds. Added 0 classes and 0 folders.
[2025.12.20-09.50.15:928][  0]LogLoad: (Engine Initialization) Total time: 60.56 seconds
[2025.12.20-09.50.15:928][  0]LogLoad: (Engine Initialization) Total Blueprint compile time: 0.00 seconds
[2025.12.20-09.50.16:020][  0]LogContentStreaming: Texture pool size now 1000 MB
[2025.12.20-09.50.16:059][  1]LogAssetRegistry: Asset discovery search completed in 31.2490 seconds
[2025.12.20-09.50.16:119][  1]LogCollectionManager: Fixed up redirectors for 0 collections in 0.000006 seconds (updated 0 objects)
[2025.12.20-09.50.16:216][  2]LogSlate: Took 0.013948 seconds to synchronously load lazily loaded font '../../../Engine/Content/Slate/Fonts/Roboto-Light.ttf' (167K)
[2025.12.20-09.50.16:953][ 82]LogSlate: Took 0.000229 seconds to synchronously load lazily loaded font '../../../Engine/Content/Slate/Fonts/Roboto-Light.ttf' (167K)
[2025.12.20-09.50.33:450][855]LogUObjectHash: Compacting FUObjectHashTables data took   2.35ms
[2025.12.20-09.50.34:467][855]LogAssetEditorSubsystem: Opening Asset editor for World /Game/Workplace/Maps/FirstLevel.FirstLevel
[2025.12.20-09.50.34:468][855]Cmd: MAP LOAD FILE="../../../../../../WORKPLACE/Mini_laboratory/MEPhI_VR_term_1/Mini_laboratory/Content/Workplace/Maps/FirstLevel.umap" TEMPLATE=0 SHOWPROGRESS=1 FEATURELEVEL=3
[2025.12.20-09.50.34:468][855]LightingResults: New page: Lighting Build
[2025.12.20-09.50.34:468][855]LoadErrors: New page: Loading map: FirstLevel.umap
[2025.12.20-09.50.34:471][855]LogWorld: UWorld::CleanupWorld for StartMenu, bSessionEnded=true, bCleanupResources=true
[2025.12.20-09.50.34:472][855]LogSlate: InvalidateAllWidgets triggered.  All widgets were invalidated
[2025.12.20-09.50.34:472][855]MapCheck: New page: Map Check
[2025.12.20-09.50.34:472][855]LightingResults: New page: Lighting Build
[2025.12.20-09.50.34:480][855]LogAudio: Display: Audio Device unregistered from world 'None'.
[2025.12.20-09.50.34:489][855]LogUObjectHash: Compacting FUObjectHashTables data took   1.44ms
[2025.12.20-09.50.34:490][855]LogAudio: Display: Audio Device (ID: 1) registered with world 'FirstLevel'.
[2025.12.20-09.50.34:612][855]LogEditorServer: Finished looking for orphan Actors (0.000 secs)
[2025.12.20-09.50.34:612][855]LogAIModule: Creating AISystem for world FirstLevel
[2025.12.20-09.50.34:623][855]LogUObjectHash: Compacting FUObjectHashTables data took   0.88ms
[2025.12.20-09.50.34:630][855]Cmd: MAP CHECKDEP NOCLEARLOG
[2025.12.20-09.50.34:631][855]MapCheck: Map check complete: 0 Error(s), 0 Warning(s), took 0,92ms to complete.
[2025.12.20-09.50.34:631][855]LogFileHelpers: Loading map 'FirstLevel' took 0.164
[2025.12.20-09.50.48:551][ 87]LogAssetEditorSubsystem: Opening Asset editor for StaticMesh /Game/Workplace/Meshes/Static_3D_printer.Static_3D_printer
[2025.12.20-09.50.48:647][ 87]LogTexture: Default maximum texture size for cubemaps generated from long-lat sources has been changed from 512 to unlimited. In order to preserve old behaiour for '/Engine/EditorMaterials/AssetViewer/EpicQuadPanorama_CC+EV1.EpicQuadPanorama_CC+EV1', its maximum texture size has been explicitly set to 512.
[2025.12.20-09.50.48:811][ 87]LogTexture: Default maximum texture size for cubemaps generated from long-lat sources has been changed from 512 to unlimited. In order to preserve old behaiour for '/Engine/MapTemplates/Sky/SunsetAmbientCubemap.SunsetAmbientCubemap', its maximum texture size has been explicitly set to 512.
[2025.12.20-09.50.49:643][ 87]LogRenderer: Reallocating scene render targets to support 916x600 Format 10 NumSamples 1 (Frame:1).
[2025.12.20-09.50.49:643][ 87]LogSlate: Took 0.016198 seconds to synchronously load lazily loaded font '../../../Engine/Content/Slate/Fonts/Roboto-Italic.ttf' (157K)
[2025.12.20-09.50.51:694][266]LogWorld: UWorld::CleanupWorld for World_1, bSessionEnded=true, bCleanupResources=true
[2025.12.20-09.50.51:694][266]LogSlate: InvalidateAllWidgets triggered.  All widgets were invalidated
[2025.12.20-09.51.17:566][145]LogContentBrowser: Deferred new asset folder creation: NewFolder
[2025.12.20-09.51.17:591][145]LogContentBrowser: Creating deferred item: NewFolder
[2025.12.20-09.51.19:885][352]LogContentBrowser: Attempting asset rename: NewFolder -> SK
[2025.12.20-09.51.19:885][352]LogContentBrowser: End creating deferred item NewFolder
[2025.12.20-09.51.30:276][862]LogFactory: FactoryCreateFile: StaticMesh with FbxFactory (0 0 D:\WORKPLACE\Mini_laboratory\MEPhI_VR_term_1\blender FBX\3D_printer.fbx)
[2025.12.20-09.51.30:334][862]LogFbx: Loading FBX Scene from D:\WORKPLACE\Mini_laboratory\MEPhI_VR_term_1\blender FBX\3D_printer.fbx
[2025.12.20-09.51.30:358][862]LogFbx: FBX Scene Loaded Succesfully
[2025.12.20-09.51.43:834][862]LogSlate: Window 'FBX Import Options' being destroyed
[2025.12.20-09.51.43:866][862]LogFbx: Triangulating skeletal mesh Table
[2025.12.20-09.51.43:878][862]LogFbx: Warning: Bones digested - 4  Depth of hierarchy - 3
[2025.12.20-09.51.43:896][862]LogSkeletalMesh: Section 0: Material=0, 192 triangles
[2025.12.20-09.51.43:904][862]LogSkeletalMesh: Building Skeletal Mesh 3D_printer_Table...
[2025.12.20-09.51.43:906][862]LogSkeletalMesh: Section 0: Material=0, 192 triangles
[2025.12.20-09.51.43:911][862]LogSkeletalMesh: Built Skeletal Mesh [0.01s] /Game/Workplace/Meshes/SK/3D_printer.3D_printer_Table
[2025.12.20-09.51.43:913][862]LogFbx: Triangulating skeletal mesh Direction Z3
[2025.12.20-09.51.43:915][862]LogFbx: Warning: Bones digested - 4  Depth of hierarchy - 3
[2025.12.20-09.51.43:916][862]LogSkeletalMesh: Section 0: Material=0, 76 triangles
[2025.12.20-09.51.43:917][862]LogPackageName: Error: DoesPackageExist: DoesPackageExist FAILED: '/Game/Workplace/Meshes/SK/3D_printer_Direction Z3_Skeleton' is not a standard unreal filename or a long path name. Reason: Name may not contain the following characters: ' '
[2025.12.20-09.51.43:917][862]LogPackageName: Error: DoesPackageExist: DoesPackageExist FAILED: '/Game/Workplace/Meshes/SK/3D_printer_Direction Z3_Skeleton' is not a standard unreal filename or a long path name. Reason: Name may not contain the following characters: ' '
[2025.12.20-09.51.43:917][862]LogLinker: Error: AddRedirectList(AddKnownMissing) failed to add redirector from /Game/Workplace/Meshes/SK/3D_printer_Direction Z3_Skeleton to /Game/Workplace/Meshes/SK/3D_printer_Direction Z3_Skeleton with invalid characters!
[2025.12.20-09.51.43:920][862]LogSkeletalMesh: Building Skeletal Mesh 3D_printer_Direction Z3...
[2025.12.20-09.51.43:921][862]LogSkeletalMesh: Section 0: Material=0, 76 triangles
[2025.12.20-09.51.43:922][862]LogSkeletalMesh: Built Skeletal Mesh [0.00s] /Game/Workplace/Meshes/SK/3D_printer.3D_printer_Direction Z3
[2025.12.20-09.51.43:923][862]LogFbx: Triangulating skeletal mesh Direction Z2
[2025.12.20-09.51.43:926][862]LogFbx: Warning: Bones digested - 4  Depth of hierarchy - 3
[2025.12.20-09.51.43:927][862]LogSkeletalMesh: Section 0: Material=0, 76 triangles
[2025.12.20-09.51.43:928][862]LogPackageName: Error: DoesPackageExist: DoesPackageExist FAILED: '/Game/Workplace/Meshes/SK/3D_printer_Direction Z2_Skeleton' is not a standard unreal filename or a long path name. Reason: Name may not contain the following characters: ' '
[2025.12.20-09.51.43:928][862]LogPackageName: Error: DoesPackageExist: DoesPackageExist FAILED: '/Game/Workplace/Meshes/SK/3D_printer_Direction Z2_Skeleton' is not a standard unreal filename or a long path name. Reason: Name may not contain the following characters: ' '
[2025.12.20-09.51.43:928][862]LogLinker: Error: AddRedirectList(AddKnownMissing) failed to add redirector from /Game/Workplace/Meshes/SK/3D_printer_Direction Z2_Skeleton to /Game/Workplace/Meshes/SK/3D_printer_Direction Z2_Skeleton with invalid characters!
[2025.12.20-09.51.43:930][862]LogSkeletalMesh: Building Skeletal Mesh 3D_printer_Direction Z2...
[2025.12.20-09.51.43:931][862]LogSkeletalMesh: Section 0: Material=0, 76 triangles
[2025.12.20-09.51.43:932][862]LogSkeletalMesh: Built Skeletal Mesh [0.00s] /Game/Workplace/Meshes/SK/3D_printer.3D_printer_Direction Z2
[2025.12.20-09.51.43:932][862]LogFbx: Triangulating skeletal mesh Direction Z1
[2025.12.20-09.51.43:934][862]LogFbx: Warning: Bones digested - 4  Depth of hierarchy - 3
[2025.12.20-09.51.43:936][862]LogSkeletalMesh: Section 0: Material=0, 76 triangles
[2025.12.20-09.51.43:936][862]LogPackageName: Error: DoesPackageExist: DoesPackageExist FAILED: '/Game/Workplace/Meshes/SK/3D_printer_Direction Z1_Skeleton' is not a standard unreal filename or a long path name. Reason: Name may not contain the following characters: ' '
[2025.12.20-09.51.43:936][862]LogPackageName: Error: DoesPackageExist: DoesPackageExist FAILED: '/Game/Workplace/Meshes/SK/3D_printer_Direction Z1_Skeleton' is not a standard unreal filename or a long path name. Reason: Name may not contain the following characters: ' '
[2025.12.20-09.51.43:936][862]LogLinker: Error: AddRedirectList(AddKnownMissing) failed to add redirector from /Game/Workplace/Meshes/SK/3D_printer_Direction Z1_Skeleton to /Game/Workplace/Meshes/SK/3D_printer_Direction Z1_Skeleton with invalid characters!
[2025.12.20-09.51.43:938][862]LogSkeletalMesh: Building Skeletal Mesh 3D_printer_Direction Z1...
[2025.12.20-09.51.43:939][862]LogSkeletalMesh: Section 0: Material=0, 76 triangles
[2025.12.20-09.51.43:940][862]LogSkeletalMesh: Built Skeletal Mesh [0.00s] /Game/Workplace/Meshes/SK/3D_printer.3D_printer_Direction Z1
[2025.12.20-09.51.43:942][862]LogFbx: Triangulating skeletal mesh Extruder
[2025.12.20-09.51.43:946][862]LogFbx: Triangulating skeletal mesh Direction X
[2025.12.20-09.51.43:949][862]LogFbx: Warning: Bones digested - 8  Depth of hierarchy - 4
[2025.12.20-09.51.43:953][862]LogSkeletalMesh: Section 0: Material=0, 392 triangles
[2025.12.20-09.51.43:955][862]LogSkeletalMesh: Building Skeletal Mesh 3D_printer_Extruder...
[2025.12.20-09.51.43:959][862]LogSkeletalMesh: Section 0: Material=0, 392 triangles
[2025.12.20-09.51.43:961][862]LogSkeletalMesh: Built Skeletal Mesh [0.01s] /Game/Workplace/Meshes/SK/3D_printer.3D_printer_Extruder
[2025.12.20-09.51.43:962][862]LogFbx: Triangulating skeletal mesh Corpus
[2025.12.20-09.51.43:976][862]LogFbx: Warning: Bones digested - 3  Depth of hierarchy - 2
[2025.12.20-09.51.43:988][862]LogSkeletalMesh: Section 0: Material=0, 670 triangles
[2025.12.20-09.51.43:992][862]LogSkeletalMesh: Building Skeletal Mesh 3D_printer_Corpus...
[2025.12.20-09.51.44:000][862]LogSkeletalMesh: Section 0: Material=0, 670 triangles
[2025.12.20-09.51.44:002][862]LogSkeletalMesh: Built Skeletal Mesh [0.01s] /Game/Workplace/Meshes/SK/3D_printer.3D_printer_Corpus
[2025.12.20-09.51.44:003][862]LogFbx: Triangulating skeletal mesh Door
[2025.12.20-09.51.44:005][862]LogFbx: Warning: Bones digested - 1  Depth of hierarchy - 1
[2025.12.20-09.51.44:006][862]LogSkeletalMesh: Section 0: Material=0, 48 triangles
[2025.12.20-09.51.44:010][862]LogSkeletalMesh: Building Skeletal Mesh 3D_printer_Door...
[2025.12.20-09.51.44:011][862]LogSkeletalMesh: Section 0: Material=0, 48 triangles
[2025.12.20-09.51.44:011][862]LogSkeletalMesh: Built Skeletal Mesh [0.00s] /Game/Workplace/Meshes/SK/3D_printer.3D_printer_Door
[2025.12.20-09.51.44:017][862]FBXImport: FBX File Loading: Found name clash, node 'Bone' was renamed to 'Bone1' 
[2025.12.20-09.51.44:017][862]FBXImport: FBX File Loading: Found name clash, node 'Bone' was renamed to 'Bone2' 
[2025.12.20-09.51.44:017][862]FBXImport: FBX File Loading: Found name clash, node 'Bone' was renamed to 'Bone3' 
[2025.12.20-09.51.44:017][862]FBXImport: FBX File Loading: Found name clash, node 'Bone' was renamed to 'Bone4' 
[2025.12.20-09.51.44:017][862]FBXImport: FBX File Loading: Found name clash, node 'Bone' was renamed to 'Bone5' 
[2025.12.20-09.51.44:017][862]FBXImport: FBX File Loading: Found name clash, node 'Bone' was renamed to 'Bone6' 
[2025.12.20-09.51.44:017][862]FBXImport: FBX File Loading: Found name clash, node 'Bone_end' was renamed to 'Bone_end7' 
[2025.12.20-09.51.44:017][862]FBXImport: FBX File Loading: Found name clash, node 'Bone_end' was renamed to 'Bone_end8' 
[2025.12.20-09.51.44:017][862]FBXImport: FBX File Loading: Found name clash, node 'Bone_end' was renamed to 'Bone_end9' 
[2025.12.20-09.51.44:017][862]FBXImport: FBX File Loading: Found name clash, node 'Bone_end' was renamed to 'Bone_end10' 
[2025.12.20-09.51.44:017][862]FBXImport: FBX File Loading: Found name clash, node 'Bone_end' was renamed to 'Bone_end11' 
[2025.12.20-09.51.44:017][862]FBXImport: FBX File Loading: Found name clash, node 'Bone_end' was renamed to 'Bone_end12' 
[2025.12.20-09.51.44:017][862]FBXImport: Warning: No smoothing group information was found in this FBX scene.  Please make sure to enable the 'Export Smoothing Groups' option in the FBX Exporter plug-in before exporting the file.  Even for tools that don't support smoothing groups, the FBX Exporter will generate appropriate smoothing data at export-time so that correct vertex normals can be inferred while importing. 
[2025.12.20-09.51.44:017][862]FBXImport: Warning: Could not find the bind pose.  It will use time 0 as bind pose. 
[2025.12.20-09.51.44:017][862]FBXImport: Warning: Could not find the bind pose.  It will use time 0 as bind pose. 
[2025.12.20-09.51.44:017][862]FBXImport: Warning: Could not find the bind pose.  It will use time 0 as bind pose. 
[2025.12.20-09.51.44:017][862]FBXImport: Warning: Could not find the bind pose.  It will use time 0 as bind pose. 
[2025.12.20-09.51.44:017][862]FBXImport: Warning: Could not find the bind pose.  It will use time 0 as bind pose. 
[2025.12.20-09.51.44:017][862]FBXImport: Warning: Could not find the bind pose.  It will use time 0 as bind pose. 
[2025.12.20-09.51.44:017][862]FBXImport: Warning: Could not find the bind pose.  It will use time 0 as bind pose. 
[2025.12.20-09.51.44:147][862]LogPackageName: Error: DoesPackageExist: DoesPackageExist FAILED: '/Game/Workplace/Meshes/SK/3D_printer_Direction Z3_Skeleton' is not a standard unreal filename or a long path name. Reason: Name may not contain the following characters: ' '
[2025.12.20-09.51.44:147][862]LogPackageName: Error: DoesPackageExist: DoesPackageExist FAILED: '/Game/Workplace/Meshes/SK/3D_printer_Direction Z2_Skeleton' is not a standard unreal filename or a long path name. Reason: Name may not contain the following characters: ' '
[2025.12.20-09.51.44:147][862]LogPackageName: Error: DoesPackageExist: DoesPackageExist FAILED: '/Game/Workplace/Meshes/SK/3D_printer_Direction Z1_Skeleton' is not a standard unreal filename or a long path name. Reason: Name may not contain the following characters: ' '
[2025.12.20-09.51.44:186][862]LogSlate: Took 0.009805 seconds to synchronously load lazily loaded font '../../../Engine/Content/Slate/Fonts/DroidSansMono.ttf' (77K)
[2025.12.20-09.51.44:230][864]LogPackageName: Error: DoesPackageExist: DoesPackageExist FAILED: '/Game/Workplace/Meshes/SK/3D_printer_Direction Z2_Skeleton' is not a standard unreal filename or a long path name. Reason: Name may not contain the following characters: ' '
[2025.12.20-09.51.44:231][864]LogPackageName: Error: DoesPackageExist: DoesPackageExist FAILED: '/Game/Workplace/Meshes/SK/3D_printer_Direction Z3_Skeleton' is not a standard unreal filename or a long path name. Reason: Name may not contain the following characters: ' '
[2025.12.20-09.51.44:233][864]LogPackageName: Error: DoesPackageExist: DoesPackageExist FAILED: '/Game/Workplace/Meshes/SK/3D_printer_Direction Z1_Skeleton' is not a standard unreal filename or a long path name. Reason: Name may not contain the following characters: ' '
[2025.12.20-09.51.44:280][866]LogPackageName: Error: DoesPackageExist: DoesPackageExist FAILED: '/Game/Workplace/Meshes/SK/3D_printer_Direction Z1_Skeleton' is not a standard unreal filename or a long path name. Reason: Name may not contain the following characters: ' '
[2025.12.20-09.51.44:280][866]LogPackageName: Error: DoesPackageExist: DoesPackageExist FAILED: '/Game/Workplace/Meshes/SK/3D_printer_Direction Z3_Skeleton' is not a standard unreal filename or a long path name. Reason: Name may not contain the following characters: ' '
[2025.12.20-09.51.44:281][866]LogPackageName: Error: DoesPackageExist: DoesPackageExist FAILED: '/Game/Workplace/Meshes/SK/3D_printer_Direction Z2_Skeleton' is not a standard unreal filename or a long path name. Reason: Name may not contain the following characters: ' '
[2025.12.20-09.51.46:371][991]LogSlate: Window 'Message Log' being destroyed
[2025.12.20-09.51.46:380][991]LogSlate: Window 'Message Log' being destroyed
[2025.12.20-09.53.02:349][ 11]LogPackageName: Error: DoesPackageExist: DoesPackageExist FAILED: '/Game/Workplace/Meshes/SK/3D_printer_Direction Z1_Skeleton' is not a standard unreal filename or a long path name. Reason: Name may not contain the following characters: ' '
[2025.12.20-09.53.02:349][ 11]LogPackageName: Error: DoesPackageExist: DoesPackageExist FAILED: '/Game/Workplace/Meshes/SK/3D_printer_Direction Z2_Skeleton' is not a standard unreal filename or a long path name. Reason: Name may not contain the following characters: ' '
[2025.12.20-09.53.02:349][ 11]LogPackageName: Error: DoesPackageExist: DoesPackageExist FAILED: '/Game/Workplace/Meshes/SK/3D_printer_Direction Z3_Skeleton' is not a standard unreal filename or a long path name. Reason: Name may not contain the following characters: ' '
[2025.12.20-09.53.02:373][ 11]LogUObjectHash: Compacting FUObjectHashTables data took   2.05ms
[2025.12.20-09.53.03:926][ 11]LogSlate: Window 'Delete Assets' being destroyed
[2025.12.20-09.53.04:006][ 11]LogUObjectGlobals: Force Deleting 14 Package(s):
	Asset Name: /Game/Workplace/Meshes/SK/3D_printer.3D_printer_Corpus
	Asset Name: /Game/Workplace/Meshes/SK/3D_printer_Corpus_Skeleton.3D_printer_Corpus_Skeleton
	Asset Name: /Game/Workplace/Meshes/SK/3D_printer.3D_printer_Direction Z1
	Asset Name: /Game/Workplace/Meshes/SK/3D_printer_Direction Z1_Skeleton.3D_printer_Direction Z1_Skeleton
	Asset Name: /Game/Workplace/Meshes/SK/3D_printer.3D_printer_Direction Z2
	Asset Name: /Game/Workplace/Meshes/SK/3D_printer_Direction Z2_Skeleton.3D_printer_Direction Z2_Skeleton
	Asset Name: /Game/Workplace/Meshes/SK/3D_printer.3D_printer_Direction Z3
	Asset Name: /Game/Workplace/Meshes/SK/3D_printer_Direction Z3_Skeleton.3D_printer_Direction Z3_Skeleton
	Asset Name: /Game/Workplace/Meshes/SK/3D_printer.3D_printer_Door
	Asset Name: /Game/Workplace/Meshes/SK/3D_printer_Door_Skeleton.3D_printer_Door_Skeleton
[2025.12.20-09.53.04:030][ 11]LogPackageName: Error: DoesPackageExist: DoesPackageExist FAILED: '/Game/Workplace/Meshes/SK/3D_printer_Direction Z1_Skeleton' is not a standard unreal filename or a long path name. Reason: Name may not contain the following characters: ' '
[2025.12.20-09.53.04:030][ 11]LogPackageName: Error: DoesPackageExist: DoesPackageExist FAILED: '/Game/Workplace/Meshes/SK/3D_printer_Direction Z2_Skeleton' is not a standard unreal filename or a long path name. Reason: Name may not contain the following characters: ' '
[2025.12.20-09.53.04:030][ 11]LogPackageName: Error: DoesPackageExist: DoesPackageExist FAILED: '/Game/Workplace/Meshes/SK/3D_printer_Direction Z3_Skeleton' is not a standard unreal filename or a long path name. Reason: Name may not contain the following characters: ' '
[2025.12.20-09.53.05:294][ 11]LogPackageName: Error: DoesPackageExist: DoesPackageExist FAILED: '/Game/Workplace/Meshes/SK/3D_printer_Direction Z3_Skeleton' is not a standard unreal filename or a long path name. Reason: Name may not contain the following characters: ' '
[2025.12.20-09.53.05:299][ 11]LogPackageName: Error: DoesPackageExist: DoesPackageExist FAILED: '/Game/Workplace/Meshes/SK/3D_printer_Direction Z2_Skeleton' is not a standard unreal filename or a long path name. Reason: Name may not contain the following characters: ' '
[2025.12.20-09.53.05:303][ 11]LogPackageName: Error: DoesPackageExist: DoesPackageExist FAILED: '/Game/Workplace/Meshes/SK/3D_printer_Direction Z1_Skeleton' is not a standard unreal filename or a long path name. Reason: Name may not contain the following characters: ' '
[2025.12.20-09.53.05:323][ 11]LogUObjectHash: Compacting FUObjectHashTables data took   0.87ms
[2025.12.20-09.53.16:127][348]LogFactory: FactoryCreateFile: StaticMesh with FbxFactory (0 0 D:\WORKPLACE\Mini_laboratory\MEPhI_VR_term_1\blender FBX\3D_printer.fbx)
[2025.12.20-09.53.16:140][348]LogFbx: Loading FBX Scene from D:\WORKPLACE\Mini_laboratory\MEPhI_VR_term_1\blender FBX\3D_printer.fbx
[2025.12.20-09.53.16:157][348]LogFbx: FBX Scene Loaded Succesfully
[2025.12.20-09.54.05:109][348]LogSlate: Window 'FBX Import Options' being destroyed
[2025.12.20-09.54.05:142][348]LogUObjectHash: Compacting FUObjectHashTables data took   0.48ms
[2025.12.20-09.54.05:144][348]LogUObjectGlobals: Force Deleting 0 Package(s):
[2025.12.20-09.54.05:298][348]LogUObjectHash: Compacting FUObjectHashTables data took   0.36ms
[2025.12.20-09.54.05:298][348]FBXImport: FBX File Loading: Found name clash, node 'Bone' was renamed to 'Bone1' 
[2025.12.20-09.54.05:298][348]FBXImport: FBX File Loading: Found name clash, node 'Bone' was renamed to 'Bone2' 
[2025.12.20-09.54.05:298][348]FBXImport: FBX File Loading: Found name clash, node 'Bone' was renamed to 'Bone3' 
[2025.12.20-09.54.05:298][348]FBXImport: FBX File Loading: Found name clash, node 'Bone' was renamed to 'Bone4' 
[2025.12.20-09.54.05:298][348]FBXImport: FBX File Loading: Found name clash, node 'Bone' was renamed to 'Bone5' 
[2025.12.20-09.54.05:298][348]FBXImport: FBX File Loading: Found name clash, node 'Bone' was renamed to 'Bone6' 
[2025.12.20-09.54.05:298][348]FBXImport: FBX File Loading: Found name clash, node 'Bone_end' was renamed to 'Bone_end7' 
[2025.12.20-09.54.05:298][348]FBXImport: FBX File Loading: Found name clash, node 'Bone_end' was renamed to 'Bone_end8' 
[2025.12.20-09.54.05:298][348]FBXImport: FBX File Loading: Found name clash, node 'Bone_end' was renamed to 'Bone_end9' 
[2025.12.20-09.54.05:299][348]FBXImport: FBX File Loading: Found name clash, node 'Bone_end' was renamed to 'Bone_end10' 
[2025.12.20-09.54.05:299][348]FBXImport: FBX File Loading: Found name clash, node 'Bone_end' was renamed to 'Bone_end11' 
[2025.12.20-09.54.05:299][348]FBXImport: FBX File Loading: Found name clash, node 'Bone_end' was renamed to 'Bone_end12' 
[2025.12.20-09.54.05:299][348]FBXImport: Import was canceled. 
[2025.12.20-09.54.05:343][348]LogAssetTools: The import task was canceled.
[2025.12.20-09.54.06:821][429]LogSlate: Window 'Message Log' being destroyed
[2025.12.20-09.54.06:826][429]LogSlate: Window 'Message Log' being destroyed
[2025.12.20-09.54.14:365][858]LogPlayLevel: PlayLevel: No blueprints needed recompiling
[2025.12.20-09.54.14:368][858]PIE: New page: PIE session: FirstLevel (20 дек. 2025 г., 15:54:14)
[2025.12.20-09.54.14:379][858]LogOnline: OSS: Creating online subsystem instance for: NULL
[2025.12.20-09.54.14:383][858]LogOnline: OSS: TryLoadSubsystemAndSetDefault: Loaded subsystem for module [NULL]
[2025.12.20-09.54.14:385][858]LogPlayLevel: Creating play world package: /Game/Workplace/Maps/UEDPIE_0_FirstLevel
[2025.12.20-09.54.14:410][858]LogPlayLevel: PIE: StaticDuplicateObject took: (0.024268s)
[2025.12.20-09.54.14:414][858]LogAIModule: Creating AISystem for world FirstLevel
[2025.12.20-09.54.14:415][858]LogPlayLevel: PIE: World Init took: (0.005104s)
[2025.12.20-09.54.14:415][858]LogPlayLevel: PIE: Created PIE world by copying editor world from /Game/Workplace/Maps/FirstLevel.FirstLevel to /Game/Workplace/Maps/UEDPIE_0_FirstLevel.FirstLevel (0.030037s)
[2025.12.20-09.54.14:423][858]LogUObjectHash: Compacting FUObjectHashTables data took   0.79ms
[2025.12.20-09.54.14:426][858]LogAudio: Display: Creating Audio Device:                 Id: 2, Scope: Unique, Realtime: True
[2025.12.20-09.54.14:426][858]LogAudioMixer: Display: Audio Mixer Platform Settings:
[2025.12.20-09.54.14:426][858]LogAudioMixer: Display: 	Sample Rate:						  48000
[2025.12.20-09.54.14:426][858]LogAudioMixer: Display: 	Callback Buffer Frame Size Requested: 1024
[2025.12.20-09.54.14:426][858]LogAudioMixer: Display: 	Callback Buffer Frame Size To Use:	  1024
[2025.12.20-09.54.14:426][858]LogAudioMixer: Display: 	Number of buffers to queue:			  2
[2025.12.20-09.54.14:426][858]LogAudioMixer: Display: 	Max Channels (voices):				  32
[2025.12.20-09.54.14:426][858]LogAudioMixer: Display: 	Number of Async Source Workers:		  0
[2025.12.20-09.54.14:426][858]LogAudio: Display: AudioDevice MaxSources: 32
[2025.12.20-09.54.14:427][858]LogAudio: Display: Audio Spatialization Plugin: None (built-in).
[2025.12.20-09.54.14:427][858]LogAudio: Display: Audio Reverb Plugin: None (built-in).
[2025.12.20-09.54.14:427][858]LogAudio: Display: Audio Occlusion Plugin: None (built-in).
[2025.12.20-09.54.14:427][858]LogAudioMixer: Display: Initializing audio mixer.
[2025.12.20-09.54.14:431][858]LogAudioMixer: Display: 0: FrontLeft
[2025.12.20-09.54.14:431][858]LogAudioMixer: Display: 1: FrontRight
[2025.12.20-09.54.14:469][858]LogAudioMixer: Display: Using Audio Device Динамики (Realtek(R) Audio)
[2025.12.20-09.54.14:470][858]LogAudioMixer: Display: Initializing Sound Submixes...
[2025.12.20-09.54.14:470][858]LogAudioMixer: Display: Creating Master Submix 'MasterSubmixDefault'
[2025.12.20-09.54.14:470][858]LogAudioMixer: Display: Creating Master Submix 'MasterReverbSubmixDefault'
[2025.12.20-09.54.14:470][858]LogAudioMixer: Display: Creating Master Submix 'MasterEQSubmixDefault'
[2025.12.20-09.54.14:470][858]LogAudioMixer: FMixerPlatformXAudio2::StartAudioStream() called
[2025.12.20-09.54.14:470][858]LogAudioMixer: Display: Output buffers initialized: Frames=1024, Channels=2, Samples=2048
[2025.12.20-09.54.14:472][858]LogAudioMixer: Display: Starting AudioMixerPlatformInterface::RunInternal()
[2025.12.20-09.54.14:472][858]LogAudioMixer: Display: FMixerPlatformXAudio2::SubmitBuffer() called for the first time
[2025.12.20-09.54.14:472][858]LogInit: FAudioDevice initialized.
[2025.12.20-09.54.14:472][858]LogAudio: Display: Audio Device (ID: 2) registered with world 'FirstLevel'.
[2025.12.20-09.54.14:652][858]LogLoad: Game class is 'BP_GameMode_C'
[2025.12.20-09.54.14:662][858]LogWorld: Bringing World /Game/Workplace/Maps/UEDPIE_0_FirstLevel.FirstLevel up for play (max tick rate 60) at 2025.12.20-12.54.14
[2025.12.20-09.54.14:665][858]LogWorld: Bringing up level for play took: 0.004750
[2025.12.20-09.54.14:666][858]LogOnline: OSS: Creating online subsystem instance for: :Context_5
[2025.12.20-09.54.14:682][858]LogSpawn: Warning: SpawnActor failed because no class was specified
[2025.12.20-09.54.14:701][858]LogNativeClassHierarchy: Verbose: Native class hierarchy updated for 'MovieSceneCapture' in 0.0005 seconds. Added 20 classes and 0 folders.
[2025.12.20-09.54.14:735][858]PIE: Server logged in
[2025.12.20-09.54.14:743][858]PIE: Play in editor total start time 0,385 seconds.
[2025.12.20-09.54.18:126][ 55]LogSlate: Updating window title bar state: overlay mode, drag disabled, window buttons hidden, title bar hidden
[2025.12.20-09.54.18:127][ 55]LogWorld: BeginTearingDown for /Game/Workplace/Maps/UEDPIE_0_FirstLevel
[2025.12.20-09.54.18:128][ 55]LogWorld: UWorld::CleanupWorld for FirstLevel, bSessionEnded=true, bCleanupResources=true
[2025.12.20-09.54.18:131][ 55]LogSlate: InvalidateAllWidgets triggered.  All widgets were invalidated
[2025.12.20-09.54.18:150][ 55]LogPlayLevel: Display: Shutting down PIE online subsystems
[2025.12.20-09.54.18:191][ 55]LogSlate: InvalidateAllWidgets triggered.  All widgets were invalidated
[2025.12.20-09.54.18:203][ 55]LogAudio: Display: Audio Device unregistered from world 'None'.
[2025.12.20-09.54.18:205][ 55]LogAudioMixer: FMixerPlatformXAudio2::StopAudioStream() called
[2025.12.20-09.54.18:207][ 55]LogAudioMixer: FMixerPlatformXAudio2::StopAudioStream() called
[2025.12.20-09.54.18:211][ 55]LogSlate: Updating window title bar state: overlay mode, drag disabled, window buttons hidden, title bar hidden
[2025.12.20-09.54.18:220][ 55]LogUObjectHash: Compacting FUObjectHashTables data took   1.23ms
[2025.12.20-09.54.18:250][ 56]LogPlayLevel: Display: Destroying online subsystem :Context_5
[2025.12.20-09.54.27:239][531]LogSlate: Only BGRA pngs, bmps or icos are supported in by External Image Picker
[2025.12.20-09.54.38:452][167]LogUObjectHash: Compacting FUObjectHashTables data took   0.99ms
[2025.12.20-09.54.39:682][167]LogSlate: Window 'Save Content' being destroyed
[2025.12.20-09.54.39:773][167]LogUObjectHash: Compacting FUObjectHashTables data took   0.35ms
[2025.12.20-09.54.39:853][167]LogSavePackage: Moving '../../../../../../WORKPLACE/Mini_laboratory/MEPhI_VR_term_1/Mini_laboratory/Saved/FirstLevelC6CCC7284E3AA653BAB4E8885B8D11E6.tmp' to '../../../../../../WORKPLACE/Mini_laboratory/MEPhI_VR_term_1/Mini_laboratory/Content/Workplace/Maps/FirstLevel.umap'
[2025.12.20-09.54.39:863][167]LogFileHelpers: Saving map 'FirstLevel' took 0.104
[2025.12.20-09.54.39:912][167]LogAssetEditorSubsystem: Opening Asset editor for World /Game/Workplace/Maps/StartMenu.StartMenu
[2025.12.20-09.54.39:912][167]Cmd: MAP LOAD FILE="../../../../../../WORKPLACE/Mini_laboratory/MEPhI_VR_term_1/Mini_laboratory/Content/Workplace/Maps/StartMenu.umap" TEMPLATE=0 SHOWPROGRESS=1 FEATURELEVEL=3
[2025.12.20-09.54.39:912][167]LightingResults: New page: Lighting Build
[2025.12.20-09.54.39:912][167]LoadErrors: New page: Loading map: StartMenu.umap
[2025.12.20-09.54.39:924][167]LogWorld: UWorld::CleanupWorld for FirstLevel, bSessionEnded=true, bCleanupResources=true
[2025.12.20-09.54.39:924][167]LogSlate: InvalidateAllWidgets triggered.  All widgets were invalidated
[2025.12.20-09.54.39:925][167]MapCheck: New page: Map Check
[2025.12.20-09.54.39:925][167]LightingResults: New page: Lighting Build
[2025.12.20-09.54.39:933][167]LogAudio: Display: Audio Device unregistered from world 'None'.
[2025.12.20-09.54.39:938][167]LogUObjectHash: Compacting FUObjectHashTables data took   1.25ms
[2025.12.20-09.54.39:938][167]LogAudio: Display: Audio Device (ID: 1) registered with world 'StartMenu'.
[2025.12.20-09.54.39:973][167]LogEditorServer: Finished looking for orphan Actors (0.000 secs)
[2025.12.20-09.54.39:973][167]LogAIModule: Creating AISystem for world StartMenu
[2025.12.20-09.54.39:982][167]LogUObjectHash: Compacting FUObjectHashTables data took   0.92ms
[2025.12.20-09.54.39:989][167]Cmd: MAP CHECKDEP NOCLEARLOG
[2025.12.20-09.54.39:989][167]MapCheck: Map check complete: 0 Error(s), 0 Warning(s), took 0,09ms to complete.
[2025.12.20-09.54.39:990][167]LogFileHelpers: Loading map 'StartMenu' took 0.077
[2025.12.20-09.54.40:006][167]AssetCheck: New page: Asset Save: FirstLevel
[2025.12.20-09.54.40:007][167]LogContentValidation: Display: Validating World /Game/Workplace/Maps/FirstLevel.FirstLevel
[2025.12.20-09.54.42:506][308]LogTemp: Repeating last play command: Selected Viewport
[2025.12.20-09.54.42:513][308]LogPlayLevel: PlayLevel: No blueprints needed recompiling
[2025.12.20-09.54.42:513][308]PIE: New page: PIE session: StartMenu (20 дек. 2025 г., 15:54:42)
[2025.12.20-09.54.42:513][308]LogPlayLevel: Creating play world package: /Game/Workplace/Maps/UEDPIE_0_StartMenu
[2025.12.20-09.54.42:515][308]LogPlayLevel: PIE: StaticDuplicateObject took: (0.001469s)
[2025.12.20-09.54.42:516][308]LogAIModule: Creating AISystem for world StartMenu
[2025.12.20-09.54.42:516][308]LogPlayLevel: PIE: World Init took: (0.001212s)
[2025.12.20-09.54.42:516][308]LogPlayLevel: PIE: Created PIE world by copying editor world from /Game/Workplace/Maps/StartMenu.StartMenu to /Game/Workplace/Maps/UEDPIE_0_StartMenu.StartMenu (0.002811s)
[2025.12.20-09.54.42:526][308]LogUObjectHash: Compacting FUObjectHashTables data took   1.18ms
[2025.12.20-09.54.42:528][308]LogAudio: Display: Creating Audio Device:                 Id: 3, Scope: Unique, Realtime: True
[2025.12.20-09.54.42:528][308]LogAudioMixer: Display: Audio Mixer Platform Settings:
[2025.12.20-09.54.42:528][308]LogAudioMixer: Display: 	Sample Rate:						  48000
[2025.12.20-09.54.42:528][308]LogAudioMixer: Display: 	Callback Buffer Frame Size Requested: 1024
[2025.12.20-09.54.42:528][308]LogAudioMixer: Display: 	Callback Buffer Frame Size To Use:	  1024
[2025.12.20-09.54.42:528][308]LogAudioMixer: Display: 	Number of buffers to queue:			  2
[2025.12.20-09.54.42:528][308]LogAudioMixer: Display: 	Max Channels (voices):				  32
[2025.12.20-09.54.42:528][308]LogAudioMixer: Display: 	Number of Async Source Workers:		  0
[2025.12.20-09.54.42:528][308]LogAudio: Display: AudioDevice MaxSources: 32
[2025.12.20-09.54.42:529][308]LogAudio: Display: Audio Spatialization Plugin: None (built-in).
[2025.12.20-09.54.42:529][308]LogAudio: Display: Audio Reverb Plugin: None (built-in).
[2025.12.20-09.54.42:529][308]LogAudio: Display: Audio Occlusion Plugin: None (built-in).
[2025.12.20-09.54.42:529][308]LogAudioMixer: Display: Initializing audio mixer.
[2025.12.20-09.54.42:531][308]LogAudioMixer: Display: 0: FrontLeft
[2025.12.20-09.54.42:531][308]LogAudioMixer: Display: 1: FrontRight
[2025.12.20-09.54.42:545][308]LogAudioMixer: Display: Using Audio Device Динамики (Realtek(R) Audio)
[2025.12.20-09.54.42:545][308]LogAudioMixer: Display: Initializing Sound Submixes...
[2025.12.20-09.54.42:545][308]LogAudioMixer: Display: Creating Master Submix 'MasterSubmixDefault'
[2025.12.20-09.54.42:545][308]LogAudioMixer: Display: Creating Master Submix 'MasterReverbSubmixDefault'
[2025.12.20-09.54.42:545][308]LogAudioMixer: Display: Creating Master Submix 'MasterEQSubmixDefault'
[2025.12.20-09.54.42:545][308]LogAudioMixer: FMixerPlatformXAudio2::StartAudioStream() called
[2025.12.20-09.54.42:545][308]LogAudioMixer: Display: Output buffers initialized: Frames=1024, Channels=2, Samples=2048
[2025.12.20-09.54.42:547][308]LogAudioMixer: Display: Starting AudioMixerPlatformInterface::RunInternal()
[2025.12.20-09.54.42:547][308]LogAudioMixer: Display: FMixerPlatformXAudio2::SubmitBuffer() called for the first time
[2025.12.20-09.54.42:547][308]LogInit: FAudioDevice initialized.
[2025.12.20-09.54.42:547][308]LogAudio: Display: Audio Device (ID: 3) registered with world 'StartMenu'.
[2025.12.20-09.54.42:555][308]LogLoad: Game class is 'BP_GameMode_C'
[2025.12.20-09.54.42:556][308]LogWorld: Bringing World /Game/Workplace/Maps/UEDPIE_0_StartMenu.StartMenu up for play (max tick rate 60) at 2025.12.20-12.54.42
[2025.12.20-09.54.42:556][308]LogWorld: Bringing up level for play took: 0.000359
[2025.12.20-09.54.42:556][308]LogOnline: OSS: Creating online subsystem instance for: :Context_6
[2025.12.20-09.54.42:558][308]LogSpawn: Warning: SpawnActor failed because no class was specified
[2025.12.20-09.54.42:564][308]LogPlayerController: Error: InputMode:UIOnly - Attempting to focus Non-Focusable widget SObjectWidget [Widget.cpp(799)]!
[2025.12.20-09.54.42:564][308]LogViewport: Display: Viewport MouseLockMode Changed, LockOnCapture -> DoNotLock
[2025.12.20-09.54.42:564][308]LogViewport: Display: Viewport MouseCaptureMode Changed, CapturePermanently_IncludingInitialMouseDown -> NoCapture
[2025.12.20-09.54.42:564][308]PIE: Server logged in
[2025.12.20-09.54.42:565][308]PIE: Play in editor total start time 0,052 seconds.
[2025.12.20-09.54.43:661][372]LogViewport: Display: Viewport MouseLockMode Changed, DoNotLock -> LockOnCapture
[2025.12.20-09.54.43:661][372]LogViewport: Display: Viewport MouseCaptureMode Changed, NoCapture -> CapturePermanently
[2025.12.20-09.54.43:665][372]LogNet: Browse: /Game/Workplace/Maps/FirstLevel
[2025.12.20-09.54.43:666][372]LogLoad: LoadMap: /Game/Workplace/Maps/FirstLevel
[2025.12.20-09.54.43:666][372]LogWorld: BeginTearingDown for /Game/Workplace/Maps/UEDPIE_0_StartMenu
[2025.12.20-09.54.43:668][372]LogWorld: UWorld::CleanupWorld for StartMenu, bSessionEnded=true, bCleanupResources=true
[2025.12.20-09.54.43:668][372]LogSlate: InvalidateAllWidgets triggered.  All widgets were invalidated
[2025.12.20-09.54.43:706][372]LogAudio: Display: Audio Device unregistered from world 'None'.
[2025.12.20-09.54.43:709][372]LogUObjectHash: Compacting FUObjectHashTables data took   1.32ms
[2025.12.20-09.54.43:710][372]LogPlayLevel: Creating play world package: /Game/Workplace/Maps/UEDPIE_0_FirstLevel
[2025.12.20-09.54.43:724][372]LogPlayLevel: PIE: StaticDuplicateObject took: (0.013807s)
[2025.12.20-09.54.43:726][372]LogAIModule: Creating AISystem for world FirstLevel
[2025.12.20-09.54.43:726][372]LogPlayLevel: PIE: World Init took: (0.001653s)
[2025.12.20-09.54.43:726][372]LogPlayLevel: PIE: Created PIE world by copying editor world from /Game/Workplace/Maps/FirstLevel.FirstLevel to /Game/Workplace/Maps/UEDPIE_0_FirstLevel.FirstLevel (0.015745s)
[2025.12.20-09.54.43:726][372]LogAudio: Display: Audio Device (ID: 3) registered with world 'FirstLevel'.
[2025.12.20-09.54.43:726][372]LogLoad: Game class is 'BP_GameMode_C'
[2025.12.20-09.54.43:729][372]LogWorld: Bringing World /Game/Workplace/Maps/UEDPIE_0_FirstLevel.FirstLevel up for play (max tick rate 60) at 2025.12.20-12.54.43
[2025.12.20-09.54.43:729][372]LogWorld: Bringing up level for play took: 0.001401
[2025.12.20-09.54.43:729][372]LogSpawn: Warning: SpawnActor failed because no class was specified
[2025.12.20-09.54.43:733][372]LogLoad: Took 0.067316 seconds to LoadMap(/Game/Workplace/Maps/UEDPIE_0_FirstLevel)
[2025.12.20-09.56.10:990][581]LogSlate: Updating window title bar state: overlay mode, drag disabled, window buttons hidden, title bar hidden
[2025.12.20-09.56.10:990][581]LogWorld: BeginTearingDown for /Game/Workplace/Maps/UEDPIE_0_FirstLevel
[2025.12.20-09.56.10:991][581]LogWorld: UWorld::CleanupWorld for FirstLevel, bSessionEnded=true, bCleanupResources=true
[2025.12.20-09.56.10:992][581]LogSlate: InvalidateAllWidgets triggered.  All widgets were invalidated
[2025.12.20-09.56.11:010][581]LogPlayLevel: Display: Shutting down PIE online subsystems
[2025.12.20-09.56.11:016][581]LogSlate: InvalidateAllWidgets triggered.  All widgets were invalidated
[2025.12.20-09.56.11:036][581]LogAudio: Display: Audio Device unregistered from world 'None'.
[2025.12.20-09.56.11:036][581]LogAudioMixer: FMixerPlatformXAudio2::StopAudioStream() called
[2025.12.20-09.56.11:038][581]LogAudioMixer: FMixerPlatformXAudio2::StopAudioStream() called
[2025.12.20-09.56.11:090][581]LogSlate: Updating window title bar state: overlay mode, drag disabled, window buttons hidden, title bar hidden
[2025.12.20-09.56.11:094][581]LogUObjectHash: Compacting FUObjectHashTables data took   1.87ms
[2025.12.20-09.56.11:112][582]LogPlayLevel: Display: Destroying online subsystem :Context_6
[2025.12.20-09.56.17:598][917]LogAssetEditorSubsystem: Opening Asset editor for Blueprint /Game/Workplace/Blueprints/GlobalVariables.GlobalVariables
[2025.12.20-09.56.18:911][917]LogNativeClassHierarchy: Verbose: Native class hierarchy updated for 'BlueprintGraph' in 0.0006 seconds. Added 126 classes and 0 folders.
[2025.12.20-09.56.20:008][917]LogSlate: Took 0.011412 seconds to synchronously load lazily loaded font '../../../Engine/Content/Slate/Fonts/Roboto-BoldCondensed.ttf' (158K)
[2025.12.20-09.57.14:390][ 36]BlueprintLog: New page: Compile GlobalVariables
[2025.12.20-09.57.14:512][ 36]LogUObjectHash: Compacting FUObjectHashTables data took   3.32ms
[2025.12.20-09.58.02:113][413]LogEditorClassViewer: Warning: Class /Engine/Tutorial/InWorldBlueprintEditing/TutorialAssets/IWBE_Blutility.IWBE_Blutility_C has parent /Script/Blutility.PlacedEditorUtilityBase, but this parent is not found. The Class will not be shown in ClassViewer.
[2025.12.20-09.58.03:708][413]LogSlate: Window 'Pick Parent Class' being destroyed
[2025.12.20-09.58.03:718][413]LogContentBrowser: Deferred new asset file creation: NewBlueprint
[2025.12.20-09.58.03:740][413]LogContentBrowser: Creating deferred item: NewBlueprint
[2025.12.20-09.58.08:886][712]LogContentBrowser: Attempting asset rename: NewBlueprint -> BP_Tempo
[2025.12.20-09.58.08:946][712]LogContentBrowser: End creating deferred item NewBlueprint
[2025.12.20-09.58.10:847][791]LogAssetEditorSubsystem: Opening Asset editor for Blueprint /Game/Workplace/Blueprints/BP_Tempo.BP_Tempo
[2025.12.20-09.58.26:684][534]LogSlate: Took 0.013008 seconds to synchronously load lazily loaded font '../../../Engine/Content/Slate/Fonts/Roboto-BoldCondensedItalic.ttf' (160K)
[2025.12.20-09.58.51:849][663]BlueprintLog: New page: Compile BP_Tempo
[2025.12.20-09.58.51:942][663]LogUObjectHash: Compacting FUObjectHashTables data took   2.96ms
[2025.12.20-09.58.52:526][682]LogSavePackage: Moving '../../../../../../WORKPLACE/Mini_laboratory/MEPhI_VR_term_1/Mini_laboratory/Saved/BP_Tempo6EC901CA498E5008FA3CF09EB5FF1331.tmp' to '../../../../../../WORKPLACE/Mini_laboratory/MEPhI_VR_term_1/Mini_laboratory/Content/Workplace/Blueprints/BP_Tempo.uasset'
[2025.12.20-09.58.52:556][682]AssetCheck: New page: Asset Save: BP_Tempo
[2025.12.20-09.58.52:556][682]LogContentValidation: Display: Validating Blueprint /Game/Workplace/Blueprints/BP_Tempo.BP_Tempo
[2025.12.20-09.59.37:306][774]BlueprintLog: New page: Compile BP_Tempo
[2025.12.20-09.59.37:308][774]LogClass: Warning: Map Element Type mismatch in SM_Map of SM_Map - Previous (ObjectProperty to IntProperty) Current (ObjectProperty to ObjectProperty) for package: FObjectReader
[2025.12.20-09.59.37:366][774]LogUObjectHash: Compacting FUObjectHashTables data took   3.59ms
[2025.12.20-09.59.37:893][798]LogSavePackage: Moving '../../../../../../WORKPLACE/Mini_laboratory/MEPhI_VR_term_1/Mini_laboratory/Saved/BP_TempoBC0B39DB43F55B6A3DB4D3AA012D65FE.tmp' to '../../../../../../WORKPLACE/Mini_laboratory/MEPhI_VR_term_1/Mini_laboratory/Content/Workplace/Blueprints/BP_Tempo.uasset'
[2025.12.20-09.59.37:924][798]AssetCheck: New page: Asset Save: BP_Tempo
[2025.12.20-09.59.37:924][798]LogContentValidation: Display: Validating Blueprint /Game/Workplace/Blueprints/BP_Tempo.BP_Tempo
[2025.12.20-09.59.45:416][151]BlueprintLog: New page: Compile BP_Tempo
[2025.12.20-09.59.45:477][151]LogUObjectHash: Compacting FUObjectHashTables data took   2.93ms
[2025.12.20-09.59.45:996][172]LogSavePackage: Moving '../../../../../../WORKPLACE/Mini_laboratory/MEPhI_VR_term_1/Mini_laboratory/Saved/BP_TempoE90A31A74E82ACC8CD461FBAB123A5ED.tmp' to '../../../../../../WORKPLACE/Mini_laboratory/MEPhI_VR_term_1/Mini_laboratory/Content/Workplace/Blueprints/BP_Tempo.uasset'
[2025.12.20-09.59.46:018][172]AssetCheck: New page: Asset Save: BP_Tempo
[2025.12.20-09.59.46:018][172]LogContentValidation: Display: Validating Blueprint /Game/Workplace/Blueprints/BP_Tempo.BP_Tempo
[2025.12.20-09.59.47:989][258]LogSlate: Window 'BP_Tempo' being destroyed
[2025.12.20-10.01.02:651][492]LogUObjectHash: Compacting FUObjectHashTables data took   3.20ms
[2025.12.20-10.01.03:952][492]LogSlate: Window 'Save Content' being destroyed
[2025.12.20-10.01.04:026][492]LogSavePackage: Moving '../../../../../../WORKPLACE/Mini_laboratory/MEPhI_VR_term_1/Mini_laboratory/Saved/GlobalVariables055DC5C04252561C1AA815A23CDE9902.tmp' to '../../../../../../WORKPLACE/Mini_laboratory/MEPhI_VR_term_1/Mini_laboratory/Content/Workplace/Blueprints/GlobalVariables.uasset'
[2025.12.20-10.01.04:051][492]LogAssetEditorSubsystem: Opening Asset editor for World /Game/Workplace/Maps/StartMenu.StartMenu
[2025.12.20-10.01.04:052][492]Cmd: MAP LOAD FILE="../../../../../../WORKPLACE/Mini_laboratory/MEPhI_VR_term_1/Mini_laboratory/Content/Workplace/Maps/StartMenu.umap" TEMPLATE=0 SHOWPROGRESS=1 FEATURELEVEL=3
[2025.12.20-10.01.04:052][492]LightingResults: New page: Lighting Build
[2025.12.20-10.01.04:052][492]LoadErrors: New page: Loading map: StartMenu.umap
[2025.12.20-10.01.04:081][492]LogWorld: UWorld::CleanupWorld for StartMenu, bSessionEnded=true, bCleanupResources=true
[2025.12.20-10.01.04:081][492]LogSlate: InvalidateAllWidgets triggered.  All widgets were invalidated
[2025.12.20-10.01.04:081][492]MapCheck: New page: Map Check
[2025.12.20-10.01.04:081][492]LightingResults: New page: Lighting Build
[2025.12.20-10.01.04:117][492]LogAudio: Display: Audio Device unregistered from world 'None'.
[2025.12.20-10.01.04:122][492]LogUObjectHash: Compacting FUObjectHashTables data took   4.21ms
[2025.12.20-10.01.04:168][492]LogUObjectHash: Compacting FUObjectHashTables data took   4.38ms
[2025.12.20-10.01.04:209][492]LogUObjectHash: Compacting FUObjectHashTables data took   3.81ms
[2025.12.20-10.01.04:220][492]LogAudio: Display: Audio Device (ID: 1) registered with world 'StartMenu'.
[2025.12.20-10.01.04:221][492]LogAIModule: Creating AISystem for world StartMenu
[2025.12.20-10.01.04:453][492]LogEditorServer: Finished looking for orphan Actors (0.000 secs)
[2025.12.20-10.01.04:521][492]LogUObjectHash: Compacting FUObjectHashTables data took   6.71ms
[2025.12.20-10.01.04:539][492]Cmd: MAP CHECKDEP NOCLEARLOG
[2025.12.20-10.01.04:539][492]MapCheck: Map check complete: 0 Error(s), 0 Warning(s), took 0,2ms to complete.
[2025.12.20-10.01.04:539][492]LogFileHelpers: Loading map 'StartMenu' took 0.488
[2025.12.20-10.01.04:631][492]AssetCheck: New page: Asset Save: GlobalVariables
[2025.12.20-10.01.04:631][492]LogContentValidation: Display: Validating Blueprint /Game/Workplace/Blueprints/GlobalVariables.GlobalVariables
[2025.12.20-10.01.05:519][536]LogTemp: Repeating last play command: Selected Viewport
[2025.12.20-10.01.05:572][536]LogPlayLevel: PlayLevel: No blueprints needed recompiling
[2025.12.20-10.01.05:572][536]PIE: New page: PIE session: StartMenu (20 дек. 2025 г., 16:01:05)
[2025.12.20-10.01.05:572][536]LogPlayLevel: Creating play world package: /Game/Workplace/Maps/UEDPIE_0_StartMenu
[2025.12.20-10.01.05:574][536]LogPlayLevel: PIE: StaticDuplicateObject took: (0.001868s)
[2025.12.20-10.01.05:575][536]LogAIModule: Creating AISystem for world StartMenu
[2025.12.20-10.01.05:576][536]LogPlayLevel: PIE: World Init took: (0.001593s)
[2025.12.20-10.01.05:576][536]LogPlayLevel: PIE: Created PIE world by copying editor world from /Game/Workplace/Maps/StartMenu.StartMenu to /Game/Workplace/Maps/UEDPIE_0_StartMenu.StartMenu (0.003641s)
[2025.12.20-10.01.05:636][536]LogUObjectHash: Compacting FUObjectHashTables data took   6.98ms
[2025.12.20-10.01.05:638][536]LogAudio: Display: Creating Audio Device:                 Id: 4, Scope: Unique, Realtime: True
[2025.12.20-10.01.05:638][536]LogAudioMixer: Display: Audio Mixer Platform Settings:
[2025.12.20-10.01.05:638][536]LogAudioMixer: Display: 	Sample Rate:						  48000
[2025.12.20-10.01.05:639][536]LogAudioMixer: Display: 	Callback Buffer Frame Size Requested: 1024
[2025.12.20-10.01.05:639][536]LogAudioMixer: Display: 	Callback Buffer Frame Size To Use:	  1024
[2025.12.20-10.01.05:639][536]LogAudioMixer: Display: 	Number of buffers to queue:			  2
[2025.12.20-10.01.05:639][536]LogAudioMixer: Display: 	Max Channels (voices):				  32
[2025.12.20-10.01.05:639][536]LogAudioMixer: Display: 	Number of Async Source Workers:		  0
[2025.12.20-10.01.05:639][536]LogAudio: Display: AudioDevice MaxSources: 32
[2025.12.20-10.01.05:640][536]LogAudio: Display: Audio Spatialization Plugin: None (built-in).
[2025.12.20-10.01.05:640][536]LogAudio: Display: Audio Reverb Plugin: None (built-in).
[2025.12.20-10.01.05:640][536]LogAudio: Display: Audio Occlusion Plugin: None (built-in).
[2025.12.20-10.01.05:640][536]LogAudioMixer: Display: Initializing audio mixer.
[2025.12.20-10.01.05:653][536]LogAudioMixer: Display: 0: FrontLeft
[2025.12.20-10.01.05:653][536]LogAudioMixer: Display: 1: FrontRight
[2025.12.20-10.01.05:693][536]LogAudioMixer: Display: Using Audio Device Динамики (Realtek(R) Audio)
[2025.12.20-10.01.05:694][536]LogAudioMixer: Display: Initializing Sound Submixes...
[2025.12.20-10.01.05:694][536]LogAudioMixer: Display: Creating Master Submix 'MasterSubmixDefault'
[2025.12.20-10.01.05:694][536]LogAudioMixer: Display: Creating Master Submix 'MasterReverbSubmixDefault'
[2025.12.20-10.01.05:695][536]LogAudioMixer: Display: Creating Master Submix 'MasterEQSubmixDefault'
[2025.12.20-10.01.05:695][536]LogAudioMixer: FMixerPlatformXAudio2::StartAudioStream() called
[2025.12.20-10.01.05:695][536]LogAudioMixer: Display: Output buffers initialized: Frames=1024, Channels=2, Samples=2048
[2025.12.20-10.01.05:698][536]LogAudioMixer: Display: Starting AudioMixerPlatformInterface::RunInternal()
[2025.12.20-10.01.05:698][536]LogAudioMixer: Display: FMixerPlatformXAudio2::SubmitBuffer() called for the first time
[2025.12.20-10.01.05:698][536]LogInit: FAudioDevice initialized.
[2025.12.20-10.01.05:698][536]LogAudio: Display: Audio Device (ID: 4) registered with world 'StartMenu'.
[2025.12.20-10.01.05:716][536]LogLoad: Game class is 'BP_GameMode_C'
[2025.12.20-10.01.05:718][536]LogWorld: Bringing World /Game/Workplace/Maps/UEDPIE_0_StartMenu.StartMenu up for play (max tick rate 60) at 2025.12.20-13.01.05
[2025.12.20-10.01.05:719][536]LogWorld: Bringing up level for play took: 0.000903
[2025.12.20-10.01.05:719][536]LogOnline: OSS: Creating online subsystem instance for: :Context_18
[2025.12.20-10.01.05:724][536]LogSpawn: Warning: SpawnActor failed because no class was specified
[2025.12.20-10.01.05:728][536]LogPlayerController: Error: InputMode:UIOnly - Attempting to focus Non-Focusable widget SObjectWidget [Widget.cpp(799)]!
[2025.12.20-10.01.05:728][536]LogViewport: Display: Viewport MouseLockMode Changed, LockOnCapture -> DoNotLock
[2025.12.20-10.01.05:728][536]LogViewport: Display: Viewport MouseCaptureMode Changed, CapturePermanently_IncludingInitialMouseDown -> NoCapture
[2025.12.20-10.01.05:729][536]PIE: Server logged in
[2025.12.20-10.01.05:731][536]PIE: Play in editor total start time 0,204 seconds.
[2025.12.20-10.01.06:653][589]LogViewport: Display: Viewport MouseLockMode Changed, DoNotLock -> LockOnCapture
[2025.12.20-10.01.06:653][589]LogViewport: Display: Viewport MouseCaptureMode Changed, NoCapture -> CapturePermanently
[2025.12.20-10.01.06:655][589]LogNet: Browse: /Game/Workplace/Maps/FirstLevel
[2025.12.20-10.01.06:655][589]LogLoad: LoadMap: /Game/Workplace/Maps/FirstLevel
[2025.12.20-10.01.06:655][589]LogWorld: BeginTearingDown for /Game/Workplace/Maps/UEDPIE_0_StartMenu
[2025.12.20-10.01.06:656][589]LogWorld: UWorld::CleanupWorld for StartMenu, bSessionEnded=true, bCleanupResources=true
[2025.12.20-10.01.06:656][589]LogSlate: InvalidateAllWidgets triggered.  All widgets were invalidated
[2025.12.20-10.01.06:718][589]LogAudio: Display: Audio Device unregistered from world 'None'.
[2025.12.20-10.01.06:723][589]LogUObjectHash: Compacting FUObjectHashTables data took   4.25ms
[2025.12.20-10.01.06:857][589]LogAudio: Display: Audio Device (ID: 4) registered with world 'FirstLevel'.
[2025.12.20-10.01.06:859][589]LogAIModule: Creating AISystem for world FirstLevel
[2025.12.20-10.01.06:860][589]LogLoad: Game class is 'BP_GameMode_C'
[2025.12.20-10.01.06:887][589]LogWorld: Bringing World /Game/Workplace/Maps/UEDPIE_0_FirstLevel.FirstLevel up for play (max tick rate 60) at 2025.12.20-13.01.06
[2025.12.20-10.01.06:888][589]LogWorld: Bringing up level for play took: 0.026001
[2025.12.20-10.01.06:889][589]LogSpawn: Warning: SpawnActor failed because no class was specified
[2025.12.20-10.01.06:893][589]LogLoad: Took 0.237466 seconds to LoadMap(/Game/Workplace/Maps/FirstLevel)
[2025.12.20-10.03.31:310][218]Set new viewmode: Wireframe
[2025.12.20-10.03.33:547][348]LogSlate: Updating window title bar state: overlay mode, drag disabled, window buttons hidden, title bar hidden
[2025.12.20-10.03.33:547][348]LogWorld: BeginTearingDown for /Game/Workplace/Maps/UEDPIE_0_FirstLevel
[2025.12.20-10.03.33:547][348]LogWorld: UWorld::CleanupWorld for FirstLevel, bSessionEnded=true, bCleanupResources=true
[2025.12.20-10.03.33:549][348]LogSlate: InvalidateAllWidgets triggered.  All widgets were invalidated
[2025.12.20-10.03.33:570][348]LogPlayLevel: Display: Shutting down PIE online subsystems
[2025.12.20-10.03.33:580][348]LogSlate: InvalidateAllWidgets triggered.  All widgets were invalidated
[2025.12.20-10.03.33:638][348]LogSlate: Updating window title bar state: overlay mode, drag disabled, window buttons hidden, title bar hidden
[2025.12.20-10.03.33:639][348]LogAudioMixer: FMixerPlatformXAudio2::StopAudioStream() called
[2025.12.20-10.03.33:642][348]LogAudioMixer: FMixerPlatformXAudio2::StopAudioStream() called
[2025.12.20-10.03.33:668][348]LogUObjectHash: Compacting FUObjectHashTables data took   6.21ms
[2025.12.20-10.03.33:708][349]LogPlayLevel: Display: Destroying online subsystem :Context_18
[2025.12.20-10.03.51:539][386]LogTemp: Repeating last play command: Selected Viewport
[2025.12.20-10.03.51:547][386]LogPlayLevel: PlayLevel: No blueprints needed recompiling
[2025.12.20-10.03.51:548][386]PIE: New page: PIE session: StartMenu (20 дек. 2025 г., 16:03:51)
[2025.12.20-10.03.51:548][386]LogPlayLevel: Creating play world package: /Game/Workplace/Maps/UEDPIE_0_StartMenu
[2025.12.20-10.03.51:550][386]LogPlayLevel: PIE: StaticDuplicateObject took: (0.001743s)
[2025.12.20-10.03.51:551][386]LogAIModule: Creating AISystem for world StartMenu
[2025.12.20-10.03.51:551][386]LogPlayLevel: PIE: World Init took: (0.001333s)
[2025.12.20-10.03.51:551][386]LogPlayLevel: PIE: Created PIE world by copying editor world from /Game/Workplace/Maps/StartMenu.StartMenu to /Game/Workplace/Maps/UEDPIE_0_StartMenu.StartMenu (0.003228s)
[2025.12.20-10.03.51:627][386]LogUObjectHash: Compacting FUObjectHashTables data took   3.58ms
[2025.12.20-10.03.51:628][386]LogAudio: Display: Creating Audio Device:                 Id: 5, Scope: Unique, Realtime: True
[2025.12.20-10.03.51:628][386]LogAudioMixer: Display: Audio Mixer Platform Settings:
[2025.12.20-10.03.51:628][386]LogAudioMixer: Display: 	Sample Rate:						  48000
[2025.12.20-10.03.51:628][386]LogAudioMixer: Display: 	Callback Buffer Frame Size Requested: 1024
[2025.12.20-10.03.51:628][386]LogAudioMixer: Display: 	Callback Buffer Frame Size To Use:	  1024
[2025.12.20-10.03.51:628][386]LogAudioMixer: Display: 	Number of buffers to queue:			  2
[2025.12.20-10.03.51:628][386]LogAudioMixer: Display: 	Max Channels (voices):				  32
[2025.12.20-10.03.51:628][386]LogAudioMixer: Display: 	Number of Async Source Workers:		  0
[2025.12.20-10.03.51:628][386]LogAudio: Display: AudioDevice MaxSources: 32
[2025.12.20-10.03.51:629][386]LogAudio: Display: Audio Spatialization Plugin: None (built-in).
[2025.12.20-10.03.51:629][386]LogAudio: Display: Audio Reverb Plugin: None (built-in).
[2025.12.20-10.03.51:629][386]LogAudio: Display: Audio Occlusion Plugin: None (built-in).
[2025.12.20-10.03.51:629][386]LogAudioMixer: Display: Initializing audio mixer.
[2025.12.20-10.03.51:634][386]LogAudioMixer: Display: 0: FrontLeft
[2025.12.20-10.03.51:634][386]LogAudioMixer: Display: 1: FrontRight
[2025.12.20-10.03.51:665][386]LogAudioMixer: Display: Using Audio Device Динамики (Realtek(R) Audio)
[2025.12.20-10.03.51:666][386]LogAudioMixer: Display: Initializing Sound Submixes...
[2025.12.20-10.03.51:666][386]LogAudioMixer: Display: Creating Master Submix 'MasterSubmixDefault'
[2025.12.20-10.03.51:666][386]LogAudioMixer: Display: Creating Master Submix 'MasterReverbSubmixDefault'
[2025.12.20-10.03.51:667][386]LogAudioMixer: Display: Creating Master Submix 'MasterEQSubmixDefault'
[2025.12.20-10.03.51:667][386]LogAudioMixer: FMixerPlatformXAudio2::StartAudioStream() called
[2025.12.20-10.03.51:667][386]LogAudioMixer: Display: Output buffers initialized: Frames=1024, Channels=2, Samples=2048
[2025.12.20-10.03.51:671][386]LogAudioMixer: Display: Starting AudioMixerPlatformInterface::RunInternal()
[2025.12.20-10.03.51:671][386]LogAudioMixer: Display: FMixerPlatformXAudio2::SubmitBuffer() called for the first time
[2025.12.20-10.03.51:671][386]LogInit: FAudioDevice initialized.
[2025.12.20-10.03.51:671][386]LogAudio: Display: Audio Device (ID: 5) registered with world 'StartMenu'.
[2025.12.20-10.03.51:692][386]LogLoad: Game class is 'BP_GameMode_C'
[2025.12.20-10.03.51:695][386]LogWorld: Bringing World /Game/Workplace/Maps/UEDPIE_0_StartMenu.StartMenu up for play (max tick rate 60) at 2025.12.20-13.03.51
[2025.12.20-10.03.51:696][386]LogWorld: Bringing up level for play took: 0.000973
[2025.12.20-10.03.51:696][386]LogOnline: OSS: Creating online subsystem instance for: :Context_19
[2025.12.20-10.03.51:701][386]LogSpawn: Warning: SpawnActor failed because no class was specified
[2025.12.20-10.03.51:706][386]LogPlayerController: Error: InputMode:UIOnly - Attempting to focus Non-Focusable widget SObjectWidget [Widget.cpp(799)]!
[2025.12.20-10.03.51:706][386]LogViewport: Display: Viewport MouseLockMode Changed, LockOnCapture -> DoNotLock
[2025.12.20-10.03.51:706][386]LogViewport: Display: Viewport MouseCaptureMode Changed, CapturePermanently_IncludingInitialMouseDown -> NoCapture
[2025.12.20-10.03.51:707][386]PIE: Server logged in
[2025.12.20-10.03.51:709][386]PIE: Play in editor total start time 0,162 seconds.
[2025.12.20-10.03.52:665][438]LogViewport: Display: Viewport MouseLockMode Changed, DoNotLock -> LockOnCapture
[2025.12.20-10.03.52:665][438]LogViewport: Display: Viewport MouseCaptureMode Changed, NoCapture -> CapturePermanently
[2025.12.20-10.03.52:666][438]LogNet: Browse: /Game/Workplace/Maps/FirstLevel
[2025.12.20-10.03.52:666][438]LogLoad: LoadMap: /Game/Workplace/Maps/FirstLevel
[2025.12.20-10.03.52:666][438]LogWorld: BeginTearingDown for /Game/Workplace/Maps/UEDPIE_0_StartMenu
[2025.12.20-10.03.52:668][438]LogWorld: UWorld::CleanupWorld for StartMenu, bSessionEnded=true, bCleanupResources=true
[2025.12.20-10.03.52:668][438]LogSlate: InvalidateAllWidgets triggered.  All widgets were invalidated
[2025.12.20-10.03.52:728][438]LogAudio: Display: Audio Device unregistered from world 'None'.
[2025.12.20-10.03.52:732][438]LogUObjectHash: Compacting FUObjectHashTables data took   2.98ms
[2025.12.20-10.03.52:774][438]LogAudio: Display: Audio Device (ID: 5) registered with world 'FirstLevel'.
[2025.12.20-10.03.52:775][438]LogAIModule: Creating AISystem for world FirstLevel
[2025.12.20-10.03.52:775][438]LogLoad: Game class is 'BP_GameMode_C'
[2025.12.20-10.03.52:788][438]LogWorld: Bringing World /Game/Workplace/Maps/UEDPIE_0_FirstLevel.FirstLevel up for play (max tick rate 60) at 2025.12.20-13.03.52
[2025.12.20-10.03.52:788][438]LogWorld: Bringing up level for play took: 0.012303
[2025.12.20-10.03.52:789][438]LogSpawn: Warning: SpawnActor failed because no class was specified
[2025.12.20-10.03.52:791][438]LogLoad: Took 0.124025 seconds to LoadMap(/Game/Workplace/Maps/FirstLevel)
[2025.12.20-10.04.01:740][971]LogSlate: Updating window title bar state: overlay mode, drag disabled, window buttons hidden, title bar hidden
[2025.12.20-10.04.01:740][971]LogWorld: BeginTearingDown for /Game/Workplace/Maps/UEDPIE_0_FirstLevel
[2025.12.20-10.04.01:740][971]LogWorld: UWorld::CleanupWorld for FirstLevel, bSessionEnded=true, bCleanupResources=true
[2025.12.20-10.04.01:741][971]LogSlate: InvalidateAllWidgets triggered.  All widgets were invalidated
[2025.12.20-10.04.01:755][971]LogPlayLevel: Display: Shutting down PIE online subsystems
[2025.12.20-10.04.01:763][971]LogSlate: InvalidateAllWidgets triggered.  All widgets were invalidated
[2025.12.20-10.04.01:810][971]LogAudio: Display: Audio Device unregistered from world 'None'.
[2025.12.20-10.04.01:810][971]LogAudioMixer: FMixerPlatformXAudio2::StopAudioStream() called
[2025.12.20-10.04.01:812][971]LogAudioMixer: FMixerPlatformXAudio2::StopAudioStream() called
[2025.12.20-10.04.01:817][971]LogSlate: Updating window title bar state: overlay mode, drag disabled, window buttons hidden, title bar hidden
[2025.12.20-10.04.01:824][971]LogUObjectHash: Compacting FUObjectHashTables data took   4.82ms
[2025.12.20-10.04.01:856][972]LogPlayLevel: Display: Destroying online subsystem :Context_19
[2025.12.20-10.04.04:178][ 94]LogUObjectHash: Compacting FUObjectHashTables data took   3.04ms
[2025.12.20-10.04.04:252][ 94]LogAssetEditorSubsystem: Opening Asset editor for World /Game/Workplace/Maps/FirstLevel.FirstLevel
[2025.12.20-10.04.04:252][ 94]Cmd: MAP LOAD FILE="../../../../../../WORKPLACE/Mini_laboratory/MEPhI_VR_term_1/Mini_laboratory/Content/Workplace/Maps/FirstLevel.umap" TEMPLATE=0 SHOWPROGRESS=1 FEATURELEVEL=3
[2025.12.20-10.04.04:252][ 94]LightingResults: New page: Lighting Build
[2025.12.20-10.04.04:252][ 94]LoadErrors: New page: Loading map: FirstLevel.umap
[2025.12.20-10.04.04:254][ 94]LogWorld: UWorld::CleanupWorld for StartMenu, bSessionEnded=true, bCleanupResources=true
[2025.12.20-10.04.04:254][ 94]LogSlate: InvalidateAllWidgets triggered.  All widgets were invalidated
[2025.12.20-10.04.04:254][ 94]MapCheck: New page: Map Check
[2025.12.20-10.04.04:254][ 94]LightingResults: New page: Lighting Build
[2025.12.20-10.04.04:283][ 94]LogAudio: Display: Audio Device unregistered from world 'None'.
[2025.12.20-10.04.04:287][ 94]LogUObjectHash: Compacting FUObjectHashTables data took   3.27ms
[2025.12.20-10.04.04:288][ 94]LogAudio: Display: Audio Device (ID: 1) registered with world 'FirstLevel'.
[2025.12.20-10.04.04:384][ 94]LogEditorServer: Finished looking for orphan Actors (0.000 secs)
[2025.12.20-10.04.04:384][ 94]LogAIModule: Creating AISystem for world FirstLevel
[2025.12.20-10.04.04:414][ 94]LogUObjectHash: Compacting FUObjectHashTables data took   2.02ms
[2025.12.20-10.04.04:422][ 94]Cmd: MAP CHECKDEP NOCLEARLOG
[2025.12.20-10.04.04:422][ 94]MapCheck: Map check complete: 0 Error(s), 0 Warning(s), took 0,098ms to complete.
[2025.12.20-10.04.04:422][ 94]LogFileHelpers: Loading map 'FirstLevel' took 0.171
[2025.12.20-10.04.15:294][722]LogEditorViewport: Clicking on Actor (LMB): BP_Transporter_C (BP_Transporter)
[2025.12.20-10.04.17:990][862]LogAssetEditorSubsystem: Opening Asset editor for Blueprint /Game/Workplace/Blueprints/BP_Transporter.BP_Transporter
[2025.12.20-10.04.43:072][875]LogContentBrowser: Deferred new asset file creation: NewMaterial
[2025.12.20-10.04.43:094][875]LogContentBrowser: Creating deferred item: NewMaterial
[2025.12.20-10.04.57:808][755]LogContentBrowser: Attempting asset rename: NewMaterial -> M_ConveyerBelt
[2025.12.20-10.04.57:853][755]LogContentBrowser: End creating deferred item NewMaterial
[2025.12.20-10.06.38:487][268]LogWindowsTextInputMethodSystem: Display: IME system deactivated.
[2025.12.20-10.06.38:487][268]LogWindowsTextInputMethodSystem: Display: IME system deactivated.
[2025.12.20-10.06.46:031][902]LogContentBrowser: Deferred new asset folder creation: NewFolder
[2025.12.20-10.06.46:040][902]LogContentBrowser: Creating deferred item: NewFolder
[2025.12.20-10.06.48:705][202]LogWindowsTextInputMethodSystem: Display: IME system deactivated.
[2025.12.20-10.06.48:705][202]LogWindowsTextInputMethodSystem: Display: IME system deactivated.
[2025.12.20-10.06.51:832][550]LogContentBrowser: Attempting asset rename: NewFolder -> Texture
[2025.12.20-10.06.51:833][550]LogContentBrowser: End creating deferred item NewFolder
[2025.12.20-10.07.05:489][166]LogFactory: FactoryCreateFile: Texture with ReimportTextureFactory (0 0 C:\Users\Владислав\Downloads\T_Rubber_BaseColor.jpg)
[2025.12.20-10.07.05:558][166]LogTexture: Display: Building textures: T_Rubber_BaseColor (OODLE_AutoDXT, 1000X1000)
[2025.12.20-10.07.11:962][596]LogAssetEditorSubsystem: Opening Asset editor for Material /Game/Workplace/Materials/M_ConveyerBelt.M_ConveyerBelt
[2025.12.20-10.07.12:009][596]LogMaterial: Display: Missing cached shadermap for M_ConveyerBelt in PCD3D_SM5, Default, SM5 (DDC key hash: 40C8E913B5962F8602928C2C2FBCF715F47579FE), compiling. 
[2025.12.20-10.07.12:059][596]LogShaderCompilers: Display: Submitted 10 shader compile jobs with 'Normal' priority
[2025.12.20-10.07.12:128][596]LogMaterial: Display: Missing cached shadermap for M_ConveyerBelt in PCD3D_SM5, Default, SM5 (DDC key hash: 9FF332E92A483F631E495D482A859080C59F960B), compiling. 
[2025.12.20-10.07.12:133][596]LogMaterial: Display: Missing cached shadermap for M_ConveyerBelt in PCD3D_SM5, Default, SM5 (DDC key hash: 647825E370AF498EE92CF996DD0B8732E964E058), compiling. 
[2025.12.20-10.07.12:147][596]MaterialEditorStats: Texture samplers: 0/16
[2025.12.20-10.07.12:214][597]LogShaderCompilers: Display: Submitted 2 shader compile jobs with 'ForceLocal' priority
[2025.12.20-10.07.12:214][597]LogShaderCompilers: Display: Worker (1/5): shaders left to compile 2
[2025.12.20-10.07.12:214][597]LogShaderCompilers: Display: Worker (2/5): shaders left to compile 1
[2025.12.20-10.07.12:214][597]LogShaderCompilers: Display: Started 2 'Local' shader compile jobs with 'ForceLocal' priority
[2025.12.20-10.07.12:214][597]LogShaderCompilers: Display: Submitted 8 shader compile jobs with 'Normal' priority
[2025.12.20-10.07.12:283][604]LogShaderCompilers: Display: Worker (3/5): shaders left to compile 8
[2025.12.20-10.07.12:283][604]LogShaderCompilers: Display: Worker (4/5): shaders left to compile 5
[2025.12.20-10.07.12:283][604]LogShaderCompilers: Display: Started 6 'Local' shader compile jobs with 'Normal' priority
[2025.12.20-10.07.14:530][823]LogShaderCompilers: Display: Worker (2/5): shaders left to compile 2
[2025.12.20-10.07.14:530][823]LogShaderCompilers: Display: Started 1 'Local' shader compile jobs with 'Normal' priority
[2025.12.20-10.07.14:537][823]LogShaderCompilers: Display: === FShaderJobCache stats ===
[2025.12.20-10.07.14:537][823]LogShaderCompilers: Display: Total job queries 20, among them cache hits 0 (0.00%)
[2025.12.20-10.07.14:537][823]LogShaderCompilers: Display: Tracking 1 distinct input hashes that result in 1 distinct outputs (100.00%)
[2025.12.20-10.07.14:537][823]LogShaderCompilers: Display: RAM used: 0.00 MB (0.00 GB) of 409.60 MB (0.40 GB) budget. Usage: 0.00%
[2025.12.20-10.07.14:537][823]LogShaderCompilers: Display: ================================================
[2025.12.20-10.07.14:746][840]LogShaderCompilers: Display: Worker (1/5): shaders left to compile 1
[2025.12.20-10.07.14:746][840]LogShaderCompilers: Display: Started 1 'Local' shader compile jobs with 'Normal' priority
[2025.12.20-10.07.14:767][841]MaterialEditorStats: Texture samplers: 2/16
[2025.12.20-10.07.16:434][971]MaterialEditorStats: Base pass shader: 117 instructions
[2025.12.20-10.07.16:434][971]MaterialEditorStats: Base pass shader with Volumetric Lightmap: 191 instructions
[2025.12.20-10.07.16:434][971]MaterialEditorStats: Base pass vertex shader: 42 instructions
[2025.12.20-10.07.16:434][971]MaterialEditorStats: Texture samplers: 2/16
[2025.12.20-10.07.25:449][804]LogSlate: Window 'Content Browser 2' being destroyed
[2025.12.20-10.07.41:798][522]LogMaterial: Display: Missing cached shadermap for M_ConveyerBelt in PCD3D_SM5, Default, SM5 (DDC key hash: 41DF64E550091DE7F5A38A8C15FBAC1BBF38F942), compiling. 
[2025.12.20-10.07.41:801][522]LogMaterial: Display: Missing cached shadermap for FMatExpressionPreview MaterialExpressionTextureSample_0 in PCD3D_SM5, Default, SM5 (DDC key hash: 6D96AB2EA59868DCB4101913728835FBFA2D941E), compiling. 
[2025.12.20-10.07.41:804][522]LogMaterial: Display: Missing cached shadermap for FMatExpressionPreview MaterialExpressionTextureSample_0 in PCD3D_SM5, Default, SM5 (DDC key hash: 4D5D263ECC06CB74D3790D7E1B7717F4A1AF2D58), compiling. 
[2025.12.20-10.07.41:807][522]MaterialEditorStats: Texture samplers: 0/16
[2025.12.20-10.07.41:836][523]MaterialEditorStats: Base pass shader: 117 instructions
[2025.12.20-10.07.41:836][523]MaterialEditorStats: Base pass shader with Volumetric Lightmap: 191 instructions
[2025.12.20-10.07.41:836][523]MaterialEditorStats: Base pass vertex shader: 42 instructions
[2025.12.20-10.07.41:836][523]MaterialEditorStats: Texture samplers: 2/16
[2025.12.20-10.07.41:850][524]LogShaderCompilers: Display: Submitted 2 shader compile jobs with 'ForceLocal' priority
[2025.12.20-10.07.41:850][524]LogShaderCompilers: Display: Worker (1/5): shaders left to compile 2
[2025.12.20-10.07.41:850][524]LogShaderCompilers: Display: Worker (2/5): shaders left to compile 1
[2025.12.20-10.07.41:850][524]LogShaderCompilers: Display: Started 2 'Local' shader compile jobs with 'ForceLocal' priority
[2025.12.20-10.07.44:073][726]LogMaterial: Display: Missing cached shadermap for M_ConveyerBelt in PCD3D_SM5, Default, SM5 (DDC key hash: DD0B778DE1E4C48C30337FB8160779028F6E5F75), compiling. 
[2025.12.20-10.07.44:105][726]LogMaterial: Display: Missing cached shadermap for FMatExpressionPreview MaterialExpressionTextureSample_0 in PCD3D_SM5, Default, SM5 (DDC key hash: 3A92CFE7265CE494E7FFC2EACAEE754A4B413E8D), compiling. 
[2025.12.20-10.07.44:108][726]MaterialEditorStats: Texture samplers: 0/16
[2025.12.20-10.07.44:108][726]MaterialEditorStats: Texture Lookups (Est.): VS(0), PS(1)
[2025.12.20-10.07.44:108][726]MaterialEditorStats: User interpolators: 2/4 Scalars (1/4 Vectors) (TexCoords: 2, Custom: 0)
[2025.12.20-10.07.44:112][727]LogShaderCompilers: Display: Submitted 2 shader compile jobs with 'ForceLocal' priority
[2025.12.20-10.07.44:120][728]LogShaderCompilers: Display: Submitted 8 shader compile jobs with 'Normal' priority
[2025.12.20-10.07.44:122][728]LogShaderCompilers: Display: Worker (1/5): shaders left to compile 2
[2025.12.20-10.07.44:122][728]LogShaderCompilers: Display: Worker (2/5): shaders left to compile 1
[2025.12.20-10.07.44:122][728]LogShaderCompilers: Display: Worker (3/5): shaders left to compile 8
[2025.12.20-10.07.44:122][728]LogShaderCompilers: Display: Worker (4/5): shaders left to compile 5
[2025.12.20-10.07.44:122][728]LogShaderCompilers: Display: Started 6 'Local' shader compile jobs with 'Normal' priority
[2025.12.20-10.07.44:122][728]LogShaderCompilers: Display: Started 2 'Local' shader compile jobs with 'ForceLocal' priority
[2025.12.20-10.07.44:794][768]LogShaderCompilers: Display: Worker (2/5): shaders left to compile 2
[2025.12.20-10.07.44:794][768]LogShaderCompilers: Display: Started 1 'Local' shader compile jobs with 'Normal' priority
[2025.12.20-10.07.45:066][786]LogShaderCompilers: Display: Worker (1/5): shaders left to compile 1
[2025.12.20-10.07.45:066][786]LogShaderCompilers: Display: Started 1 'Local' shader compile jobs with 'Normal' priority
[2025.12.20-10.07.45:091][787]MaterialEditorStats: Texture samplers: 3/16
[2025.12.20-10.07.45:091][787]MaterialEditorStats: Texture Lookups (Est.): VS(0), PS(1)
[2025.12.20-10.07.45:091][787]MaterialEditorStats: User interpolators: 2/4 Scalars (1/4 Vectors) (TexCoords: 2, Custom: 0)
[2025.12.20-10.07.46:761][912]MaterialEditorStats: Base pass shader: 120 instructions
[2025.12.20-10.07.46:761][912]MaterialEditorStats: Base pass shader with Volumetric Lightmap: 194 instructions
[2025.12.20-10.07.46:761][912]MaterialEditorStats: Base pass vertex shader: 46 instructions
[2025.12.20-10.07.46:761][912]MaterialEditorStats: Texture samplers: 3/16
[2025.12.20-10.07.46:761][912]MaterialEditorStats: Texture Lookups (Est.): VS(0), PS(1)
[2025.12.20-10.07.46:761][912]MaterialEditorStats: User interpolators: 2/4 Scalars (1/4 Vectors) (TexCoords: 2, Custom: 0)
[2025.12.20-10.07.54:532][665]LogMaterial: Display: Missing cached shadermap for M_ConveyerBelt in PCD3D_SM5, Default, SM5 (DDC key hash: 2825630D4B7369AA187E71F6DA74F9BB50BDF307), compiling. 
[2025.12.20-10.07.54:542][665]MaterialEditorStats: Texture samplers: 0/16
[2025.12.20-10.07.54:542][665]MaterialEditorStats: Texture Lookups (Est.): VS(0), PS(1)
[2025.12.20-10.07.54:542][665]MaterialEditorStats: User interpolators: 2/4 Scalars (1/4 Vectors) (TexCoords: 2, Custom: 0)
[2025.12.20-10.07.54:571][667]MaterialEditorStats: Base pass shader: 120 instructions
[2025.12.20-10.07.54:571][667]MaterialEditorStats: Base pass shader with Volumetric Lightmap: 194 instructions
[2025.12.20-10.07.54:571][667]MaterialEditorStats: Base pass vertex shader: 46 instructions
[2025.12.20-10.07.54:571][667]MaterialEditorStats: Texture samplers: 3/16
[2025.12.20-10.07.54:571][667]MaterialEditorStats: Texture Lookups (Est.): VS(0), PS(1)
[2025.12.20-10.07.54:571][667]MaterialEditorStats: User interpolators: 2/4 Scalars (1/4 Vectors) (TexCoords: 2, Custom: 0)
[2025.12.20-10.07.57:619][974]LogMaterial: Display: Missing cached shadermap for M_ConveyerBelt in PCD3D_SM5, Default, SM5 (DDC key hash: A0BD74B3BFC1CF8567F23752B527ABE99410FC65), compiling. 
[2025.12.20-10.07.57:622][974]LogMaterial: Display: Missing cached shadermap for FMatExpressionPreview MaterialExpressionTextureSample_0 in PCD3D_SM5, Default, SM5 (DDC key hash: 7E7973B8E56352C3A0813D752D78BAC1601B1495), compiling. 
[2025.12.20-10.07.57:624][974]MaterialEditorStats: Texture samplers: 0/16
[2025.12.20-10.07.57:624][974]MaterialEditorStats: Texture Lookups (Est.): VS(0), PS(1)
[2025.12.20-10.07.57:624][974]MaterialEditorStats: User interpolators: 2/4 Scalars (1/4 Vectors) (TexCoords: 2, Custom: 0)
[2025.12.20-10.07.57:627][975]LogShaderCompilers: Display: Submitted 2 shader compile jobs with 'ForceLocal' priority
[2025.12.20-10.07.57:632][976]LogShaderCompilers: Display: Worker (1/5): shaders left to compile 2
[2025.12.20-10.07.57:632][976]LogShaderCompilers: Display: Worker (2/5): shaders left to compile 1
[2025.12.20-10.07.57:632][976]LogShaderCompilers: Display: Started 2 'Local' shader compile jobs with 'ForceLocal' priority
[2025.12.20-10.07.57:634][976]LogShaderCompilers: Display: Submitted 8 shader compile jobs with 'Normal' priority
[2025.12.20-10.07.57:640][976]LogShaderCompilers: Display: Worker (3/5): shaders left to compile 8
[2025.12.20-10.07.57:640][976]LogShaderCompilers: Display: Worker (4/5): shaders left to compile 5
[2025.12.20-10.07.57:640][976]LogShaderCompilers: Display: Started 6 'Local' shader compile jobs with 'Normal' priority
[2025.12.20-10.07.57:641][976]LogShaderCompilers: Display: Submitted 2 shader compile jobs with 'ForceLocal' priority
[2025.12.20-10.07.58:390][ 25]LogShaderCompilers: Display: Worker (2/5): shaders left to compile 2
[2025.12.20-10.07.58:390][ 25]LogShaderCompilers: Display: Started 1 'Local' shader compile jobs with 'ForceLocal' priority
[2025.12.20-10.07.58:522][ 33]LogShaderCompilers: Display: Worker (1/5): shaders left to compile 1
[2025.12.20-10.07.58:522][ 33]LogShaderCompilers: Display: Started 1 'Local' shader compile jobs with 'ForceLocal' priority
[2025.12.20-10.07.58:539][ 34]MaterialEditorStats: Texture samplers: 3/16
[2025.12.20-10.07.58:539][ 34]MaterialEditorStats: Texture Lookups (Est.): VS(0), PS(1)
[2025.12.20-10.07.58:539][ 34]MaterialEditorStats: User interpolators: 2/4 Scalars (1/4 Vectors) (TexCoords: 2, Custom: 0)
[2025.12.20-10.07.59:190][ 75]LogShaderCompilers: Display: Worker (2/5): shaders left to compile 2
[2025.12.20-10.07.59:190][ 75]LogShaderCompilers: Display: Started 1 'Local' shader compile jobs with 'Normal' priority
[2025.12.20-10.07.59:232][ 78]LogShaderCompilers: Display: Worker (1/5): shaders left to compile 1
[2025.12.20-10.07.59:232][ 78]LogShaderCompilers: Display: Started 1 'Local' shader compile jobs with 'Normal' priority
[2025.12.20-10.08.00:334][153]MaterialEditorStats: Base pass shader: 120 instructions
[2025.12.20-10.08.00:334][153]MaterialEditorStats: Base pass shader with Volumetric Lightmap: 194 instructions
[2025.12.20-10.08.00:334][153]MaterialEditorStats: Base pass vertex shader: 46 instructions
[2025.12.20-10.08.00:334][153]MaterialEditorStats: Texture samplers: 3/16
[2025.12.20-10.08.00:334][153]MaterialEditorStats: Texture Lookups (Est.): VS(0), PS(1)
[2025.12.20-10.08.00:334][153]MaterialEditorStats: User interpolators: 2/4 Scalars (1/4 Vectors) (TexCoords: 2, Custom: 0)
[2025.12.20-10.08.01:169][213]LogMaterial: Display: Missing cached shadermap for M_ConveyerBelt in PCD3D_SM5, Default, SM5 (DDC key hash: E74220197524EB25431515FA1023DF3A0667D4A4), compiling. 
[2025.12.20-10.08.01:173][213]LogMaterial: Display: Missing cached shadermap for M_ConveyerBelt in PCD3D_SM5, Default, SM5 (DDC key hash: B9339B8607325E2434D9D83E46CBE628D2778B59), compiling. 
[2025.12.20-10.08.01:176][213]MaterialEditorStats: Texture samplers: 0/16
[2025.12.20-10.08.01:177][213]MaterialEditorStats: Texture Lookups (Est.): VS(0), PS(1)
[2025.12.20-10.08.01:177][213]MaterialEditorStats: User interpolators: 2/4 Scalars (1/4 Vectors) (TexCoords: 2, Custom: 0)
[2025.12.20-10.08.01:182][214]LogShaderCompilers: Display: Submitted 2 shader compile jobs with 'ForceLocal' priority
[2025.12.20-10.08.01:189][215]LogShaderCompilers: Display: Worker (1/5): shaders left to compile 2
[2025.12.20-10.08.01:189][215]LogShaderCompilers: Display: Worker (2/5): shaders left to compile 1
[2025.12.20-10.08.01:189][215]LogShaderCompilers: Display: Started 2 'Local' shader compile jobs with 'ForceLocal' priority
[2025.12.20-10.08.01:197][215]LogShaderCompilers: Display: Submitted 8 shader compile jobs with 'Normal' priority
[2025.12.20-10.08.01:197][215]LogShaderCompilers: Display: Worker (3/5): shaders left to compile 8
[2025.12.20-10.08.01:197][215]LogShaderCompilers: Display: Worker (4/5): shaders left to compile 5
[2025.12.20-10.08.01:197][215]LogShaderCompilers: Display: Started 6 'Local' shader compile jobs with 'Normal' priority
[2025.12.20-10.08.01:944][264]LogShaderCompilers: Display: Worker (2/5): shaders left to compile 2
[2025.12.20-10.08.01:944][264]LogShaderCompilers: Display: Started 1 'Local' shader compile jobs with 'Normal' priority
[2025.12.20-10.08.02:142][278]LogShaderCompilers: Display: Worker (1/5): shaders left to compile 1
[2025.12.20-10.08.02:142][278]LogShaderCompilers: Display: Started 1 'Local' shader compile jobs with 'Normal' priority
[2025.12.20-10.08.02:162][279]MaterialEditorStats: Texture samplers: 3/16
[2025.12.20-10.08.02:162][279]MaterialEditorStats: Texture Lookups (Est.): VS(0), PS(1)
[2025.12.20-10.08.02:162][279]MaterialEditorStats: User interpolators: 2/4 Scalars (1/4 Vectors) (TexCoords: 2, Custom: 0)
[2025.12.20-10.08.03:264][346]LogMaterialEditor: Saving and Compiling material M_ConveyerBelt
[2025.12.20-10.08.03:631][346]LogMaterial: Display: Missing cached shadermap for M_ConveyerBelt in PCD3D_SM5, Default, SM5 (DDC key hash: 1F2F41B0861736D9D08DF47D64EEED7F00CCD6CF), compiling. 
[2025.12.20-10.08.03:662][346]LogMaterial: Display: Missing cached shadermap for M_ConveyerBelt in PCD3D_SM5, Default, SM5 (DDC key hash: A7920542EB6852284954D941202CCB978C9653D1), compiling. 
[2025.12.20-10.08.03:697][346]LogUObjectHash: Compacting FUObjectHashTables data took   1.78ms
[2025.12.20-10.08.03:701][346]LogShaderCompilers: Display: Submitted 1 shader compile jobs with 'ForceLocal' priority
[2025.12.20-10.08.03:913][346]LogShaderCompilers: Display: Worker (1/5): shaders left to compile 1
[2025.12.20-10.08.03:913][346]LogShaderCompilers: Display: Started 1 'Local' shader compile jobs with 'ForceLocal' priority
[2025.12.20-10.08.03:942][346]LogUObjectHash: Compacting FUObjectHashTables data took   0.47ms
[2025.12.20-10.08.03:990][346]LogShaderCompilers: Display: Submitted 5 shader compile jobs with 'Normal' priority
[2025.12.20-10.08.03:992][346]LogShaderCompilers: Display: Worker (1/5): shaders left to compile 5
[2025.12.20-10.08.03:992][346]LogShaderCompilers: Display: Worker (2/5): shaders left to compile 3
[2025.12.20-10.08.03:992][346]LogShaderCompilers: Display: Worker (3/5): shaders left to compile 1
[2025.12.20-10.08.03:992][346]LogShaderCompilers: Display: Started 5 'Local' shader compile jobs with 'Normal' priority
[2025.12.20-10.08.04:014][346]LogSavePackage: Moving '../../../../../../WORKPLACE/Mini_laboratory/MEPhI_VR_term_1/Mini_laboratory/Saved/M_ConveyerBeltBC3D3E914DB3A9C495D4D8969B2CDFBA.tmp' to '../../../../../../WORKPLACE/Mini_laboratory/MEPhI_VR_term_1/Mini_laboratory/Content/Workplace/Materials/M_ConveyerBelt.uasset'
[2025.12.20-10.08.04:034][346]AssetCheck: New page: Asset Save: M_ConveyerBelt
[2025.12.20-10.08.04:034][346]LogContentValidation: Display: Validating Material /Game/Workplace/Materials/M_ConveyerBelt.M_ConveyerBelt
[2025.12.20-10.08.05:474][470]MaterialEditorStats: Base pass shader: 122 instructions
[2025.12.20-10.08.05:474][470]MaterialEditorStats: Base pass shader with Volumetric Lightmap: 196 instructions
[2025.12.20-10.08.05:474][470]MaterialEditorStats: Base pass vertex shader: 46 instructions
[2025.12.20-10.08.05:474][470]MaterialEditorStats: Texture samplers: 4/16
[2025.12.20-10.08.05:474][470]MaterialEditorStats: Texture Lookups (Est.): VS(0), PS(1)
[2025.12.20-10.08.05:474][470]MaterialEditorStats: User interpolators: 2/4 Scalars (1/4 Vectors) (TexCoords: 2, Custom: 0)
[2025.12.20-10.08.46:468][324]LogMaterial: Display: Missing cached shadermap for M_ConveyerBelt in PCD3D_SM5, Default, SM5 (DDC key hash: 8DEF7AD3BC7EB8F439C41ECEB16FCC17F7AF1E44), compiling. 
[2025.12.20-10.08.46:470][324]MaterialEditorStats: Texture samplers: 0/16
[2025.12.20-10.08.46:470][324]MaterialEditorStats: Texture Lookups (Est.): VS(0), PS(1)
[2025.12.20-10.08.46:470][324]MaterialEditorStats: User interpolators: 2/4 Scalars (1/4 Vectors) (TexCoords: 2, Custom: 0)
[2025.12.20-10.08.46:569][326]MaterialEditorStats: Base pass shader: 122 instructions
[2025.12.20-10.08.46:570][326]MaterialEditorStats: Base pass shader with Volumetric Lightmap: 196 instructions
[2025.12.20-10.08.46:570][326]MaterialEditorStats: Base pass vertex shader: 46 instructions
[2025.12.20-10.08.46:570][326]MaterialEditorStats: Texture samplers: 3/16
[2025.12.20-10.08.46:570][326]MaterialEditorStats: Texture Lookups (Est.): VS(0), PS(1)
[2025.12.20-10.08.46:570][326]MaterialEditorStats: User interpolators: 2/4 Scalars (1/4 Vectors) (TexCoords: 2, Custom: 0)
[2025.12.20-10.08.49:611][645]LogMaterial: Display: Missing cached shadermap for M_ConveyerBelt in PCD3D_SM5, Default, SM5 (DDC key hash: 63EEF3D59EBF5F3C9C2EEC1B01B423726465FFA8), compiling. 
[2025.12.20-10.08.49:614][645]MaterialEditorStats: Texture samplers: 0/16
[2025.12.20-10.08.49:614][645]MaterialEditorStats: Texture Lookups (Est.): VS(0), PS(1)
[2025.12.20-10.08.49:614][645]MaterialEditorStats: User interpolators: 2/4 Scalars (1/4 Vectors) (TexCoords: 2, Custom: 0)
[2025.12.20-10.08.49:617][646]LogShaderCompilers: Display: Submitted 2 shader compile jobs with 'ForceLocal' priority
[2025.12.20-10.08.49:623][647]LogShaderCompilers: Display: Worker (1/5): shaders left to compile 2
[2025.12.20-10.08.49:623][647]LogShaderCompilers: Display: Worker (2/5): shaders left to compile 1
[2025.12.20-10.08.49:623][647]LogShaderCompilers: Display: Started 2 'Local' shader compile jobs with 'ForceLocal' priority
[2025.12.20-10.08.49:625][647]LogShaderCompilers: Display: Submitted 8 shader compile jobs with 'Normal' priority
[2025.12.20-10.08.49:639][648]LogShaderCompilers: Display: Worker (3/5): shaders left to compile 8
[2025.12.20-10.08.49:639][648]LogShaderCompilers: Display: Worker (4/5): shaders left to compile 5
[2025.12.20-10.08.49:639][648]LogShaderCompilers: Display: Started 6 'Local' shader compile jobs with 'Normal' priority
[2025.12.20-10.08.50:718][722]LogShaderCompilers: Display: Worker (2/5): shaders left to compile 2
[2025.12.20-10.08.50:719][722]LogShaderCompilers: Display: Started 1 'Local' shader compile jobs with 'Normal' priority
[2025.12.20-10.08.50:935][735]LogShaderCompilers: Display: Worker (1/5): shaders left to compile 1
[2025.12.20-10.08.50:935][735]LogShaderCompilers: Display: Started 1 'Local' shader compile jobs with 'Normal' priority
[2025.12.20-10.08.50:990][736]MaterialEditorStats: Texture samplers: 3/16
[2025.12.20-10.08.50:990][736]MaterialEditorStats: Texture Lookups (Est.): VS(0), PS(1)
[2025.12.20-10.08.50:990][736]MaterialEditorStats: User interpolators: 2/4 Scalars (1/4 Vectors) (TexCoords: 2, Custom: 0)
[2025.12.20-10.08.52:491][843]MaterialEditorStats: Base pass shader: 120 instructions
[2025.12.20-10.08.52:491][843]MaterialEditorStats: Base pass shader with Volumetric Lightmap: 194 instructions
[2025.12.20-10.08.52:491][843]MaterialEditorStats: Base pass vertex shader: 46 instructions
[2025.12.20-10.08.52:492][843]MaterialEditorStats: Texture samplers: 3/16
[2025.12.20-10.08.52:492][843]MaterialEditorStats: Texture Lookups (Est.): VS(0), PS(1)
[2025.12.20-10.08.52:492][843]MaterialEditorStats: User interpolators: 2/4 Scalars (1/4 Vectors) (TexCoords: 2, Custom: 0)
[2025.12.20-10.08.59:078][619]LogMaterial: Display: Missing cached shadermap for M_ConveyerBelt in PCD3D_SM5, Default, SM5 (DDC key hash: 59AC5C43C8C5248AB91F7FE53B1BDC30570E682F), compiling. 
[2025.12.20-10.08.59:080][619]MaterialEditorStats: Texture samplers: 0/16
[2025.12.20-10.08.59:080][619]MaterialEditorStats: Texture Lookups (Est.): VS(0), PS(1)
[2025.12.20-10.08.59:080][619]MaterialEditorStats: User interpolators: 2/4 Scalars (1/4 Vectors) (TexCoords: 2, Custom: 0)
[2025.12.20-10.08.59:107][621]MaterialEditorStats: Base pass shader: 122 instructions
[2025.12.20-10.08.59:107][621]MaterialEditorStats: Base pass shader with Volumetric Lightmap: 196 instructions
[2025.12.20-10.08.59:107][621]MaterialEditorStats: Base pass vertex shader: 46 instructions
[2025.12.20-10.08.59:107][621]MaterialEditorStats: Texture samplers: 3/16
[2025.12.20-10.08.59:107][621]MaterialEditorStats: Texture Lookups (Est.): VS(0), PS(1)
[2025.12.20-10.08.59:107][621]MaterialEditorStats: User interpolators: 2/4 Scalars (1/4 Vectors) (TexCoords: 2, Custom: 0)
[2025.12.20-10.09.00:663][807]LogMaterial: Display: Missing cached shadermap for M_ConveyerBelt in PCD3D_SM5, Default, SM5 (DDC key hash: 52E907E42C201E9D615589663F8C08E312A6581F), compiling. 
[2025.12.20-10.09.00:665][807]MaterialEditorStats: Texture samplers: 0/16
[2025.12.20-10.09.00:665][807]MaterialEditorStats: Texture Lookups (Est.): VS(0), PS(1)
[2025.12.20-10.09.00:665][807]MaterialEditorStats: User interpolators: 2/4 Scalars (1/4 Vectors) (TexCoords: 2, Custom: 0)
[2025.12.20-10.09.00:691][809]MaterialEditorStats: Base pass shader: 122 instructions
[2025.12.20-10.09.00:691][809]MaterialEditorStats: Base pass shader with Volumetric Lightmap: 196 instructions
[2025.12.20-10.09.00:691][809]MaterialEditorStats: Base pass vertex shader: 46 instructions
[2025.12.20-10.09.00:691][809]MaterialEditorStats: Texture samplers: 3/16
[2025.12.20-10.09.00:691][809]MaterialEditorStats: Texture Lookups (Est.): VS(0), PS(1)
[2025.12.20-10.09.00:691][809]MaterialEditorStats: User interpolators: 2/4 Scalars (1/4 Vectors) (TexCoords: 2, Custom: 0)
[2025.12.20-10.09.01:169][865]LogMaterial: Display: Missing cached shadermap for M_ConveyerBelt in PCD3D_SM5, Default, SM5 (DDC key hash: DCA9ABFDA4CB0CE828316FFD77F6EF5EC26EDDDF), compiling. 
[2025.12.20-10.09.01:170][865]MaterialEditorStats: Texture samplers: 0/16
[2025.12.20-10.09.01:170][865]MaterialEditorStats: Texture Lookups (Est.): VS(0), PS(1)
[2025.12.20-10.09.01:170][865]MaterialEditorStats: User interpolators: 2/4 Scalars (1/4 Vectors) (TexCoords: 2, Custom: 0)
[2025.12.20-10.09.01:196][867]MaterialEditorStats: Base pass shader: 122 instructions
[2025.12.20-10.09.01:196][867]MaterialEditorStats: Base pass shader with Volumetric Lightmap: 196 instructions
[2025.12.20-10.09.01:196][867]MaterialEditorStats: Base pass vertex shader: 46 instructions
[2025.12.20-10.09.01:196][867]MaterialEditorStats: Texture samplers: 3/16
[2025.12.20-10.09.01:196][867]MaterialEditorStats: Texture Lookups (Est.): VS(0), PS(1)
[2025.12.20-10.09.01:196][867]MaterialEditorStats: User interpolators: 2/4 Scalars (1/4 Vectors) (TexCoords: 2, Custom: 0)
[2025.12.20-10.09.45:960][630]LogContentBrowser: Deferred new asset file creation: NewMaterialParameterCollection
[2025.12.20-10.09.45:974][630]LogContentBrowser: Creating deferred item: NewMaterialParameterCollection
[2025.12.20-10.09.54:401][621]LogContentBrowser: Attempting asset rename: NewMaterialParameterCollection -> MPC_ConveyerBelt
[2025.12.20-10.09.54:461][621]LogContentBrowser: End creating deferred item NewMaterialParameterCollection
[2025.12.20-10.09.56:164][790]LogAssetEditorSubsystem: Opening Asset editor for MaterialParameterCollection /Game/Workplace/Materials/MPC_ConveyerBelt.MPC_ConveyerBelt
[2025.12.20-10.10.07:078][922]LogMaterial: Display: Missing cached shadermap for M_ConveyerBelt in PCD3D_SM5, Default, SM5 (DDC key hash: 4F88D092E3E18C5087CD481128F35A43C1C2B0E8), compiling. 
[2025.12.20-10.10.07:084][923]MaterialEditorStats: Texture samplers: 0/16
[2025.12.20-10.10.07:084][923]MaterialEditorStats: Texture Lookups (Est.): VS(0), PS(1)
[2025.12.20-10.10.07:084][923]MaterialEditorStats: User interpolators: 2/4 Scalars (1/4 Vectors) (TexCoords: 2, Custom: 0)
[2025.12.20-10.10.07:104][925]MaterialEditorStats: Base pass shader: 122 instructions
[2025.12.20-10.10.07:104][925]MaterialEditorStats: Base pass shader with Volumetric Lightmap: 196 instructions
[2025.12.20-10.10.07:104][925]MaterialEditorStats: Base pass vertex shader: 46 instructions
[2025.12.20-10.10.07:104][925]MaterialEditorStats: Texture samplers: 3/16
[2025.12.20-10.10.07:104][925]MaterialEditorStats: Texture Lookups (Est.): VS(0), PS(1)
[2025.12.20-10.10.07:104][925]MaterialEditorStats: User interpolators: 2/4 Scalars (1/4 Vectors) (TexCoords: 2, Custom: 0)
[2025.12.20-10.10.07:783][978]LogMaterial: Display: Missing cached shadermap for M_ConveyerBelt in PCD3D_SM5, Default, SM5 (DDC key hash: A478ED29FF1BD8753D28B3B0B4F8FF557A8921BF), compiling. 
[2025.12.20-10.10.07:790][979]MaterialEditorStats: Texture samplers: 0/16
[2025.12.20-10.10.07:790][979]MaterialEditorStats: Texture Lookups (Est.): VS(0), PS(1)
[2025.12.20-10.10.07:790][979]MaterialEditorStats: User interpolators: 2/4 Scalars (1/4 Vectors) (TexCoords: 2, Custom: 0)
[2025.12.20-10.10.07:810][981]MaterialEditorStats: Base pass shader: 122 instructions
[2025.12.20-10.10.07:810][981]MaterialEditorStats: Base pass shader with Volumetric Lightmap: 196 instructions
[2025.12.20-10.10.07:810][981]MaterialEditorStats: Base pass vertex shader: 46 instructions
[2025.12.20-10.10.07:810][981]MaterialEditorStats: Texture samplers: 3/16
[2025.12.20-10.10.07:810][981]MaterialEditorStats: Texture Lookups (Est.): VS(0), PS(1)
[2025.12.20-10.10.07:810][981]MaterialEditorStats: User interpolators: 2/4 Scalars (1/4 Vectors) (TexCoords: 2, Custom: 0)
[2025.12.20-10.10.32:183][287]LogSlate: Window 'Color Picker' being destroyed
[2025.12.20-10.10.34:683][565]LogSlate: Window 'Color Picker' being destroyed
[2025.12.20-10.10.59:858][361]LogSavePackage: Moving '../../../../../../WORKPLACE/Mini_laboratory/MEPhI_VR_term_1/Mini_laboratory/Saved/MPC_ConveyerBelt28A538834A8EEBB758BCE981400C97FB.tmp' to '../../../../../../WORKPLACE/Mini_laboratory/MEPhI_VR_term_1/Mini_laboratory/Content/Workplace/Materials/MPC_ConveyerBelt.uasset'
[2025.12.20-10.10.59:887][361]AssetCheck: New page: Asset Save: MPC_ConveyerBelt
[2025.12.20-10.10.59:887][361]LogContentValidation: Display: Validating MaterialParameterCollection /Game/Workplace/Materials/MPC_ConveyerBelt.MPC_ConveyerBelt
[2025.12.20-10.11.04:542][864]LogMaterial: Display: Missing cached shadermap for M_ConveyerBelt in PCD3D_SM5, Default, SM5 (DDC key hash: D7DB7359517A33FA8527F9916BED9BE5987F1A78), compiling. 
[2025.12.20-10.11.04:543][864]MaterialEditorStats: Texture samplers: 0/16
[2025.12.20-10.11.04:543][864]MaterialEditorStats: Texture Lookups (Est.): VS(0), PS(1)
[2025.12.20-10.11.04:543][864]MaterialEditorStats: User interpolators: 2/4 Scalars (1/4 Vectors) (TexCoords: 2, Custom: 0)
[2025.12.20-10.11.04:566][865]LogShaderCompilers: Display: === FShaderJobCache stats ===
[2025.12.20-10.11.04:566][865]LogShaderCompilers: Display: Total job queries 192, among them cache hits 122 (63.54%)
[2025.12.20-10.11.04:566][865]LogShaderCompilers: Display: Tracking 60 distinct input hashes that result in 27 distinct outputs (45.00%)
[2025.12.20-10.11.04:566][865]LogShaderCompilers: Display: RAM used: 0.16 MB (0.00 GB) of 409.60 MB (0.40 GB) budget. Usage: 0.04%
[2025.12.20-10.11.04:566][865]LogShaderCompilers: Display: ================================================
[2025.12.20-10.11.04:571][866]MaterialEditorStats: Base pass shader: 122 instructions
[2025.12.20-10.11.04:571][866]MaterialEditorStats: Base pass shader with Volumetric Lightmap: 196 instructions
[2025.12.20-10.11.04:571][866]MaterialEditorStats: Base pass vertex shader: 46 instructions
[2025.12.20-10.11.04:571][866]MaterialEditorStats: Texture samplers: 3/16
[2025.12.20-10.11.04:571][866]MaterialEditorStats: Texture Lookups (Est.): VS(0), PS(1)
[2025.12.20-10.11.04:571][866]MaterialEditorStats: User interpolators: 2/4 Scalars (1/4 Vectors) (TexCoords: 2, Custom: 0)
[2025.12.20-10.11.20:208][180]LogMaterial: Display: Missing cached shadermap for M_ConveyerBelt in PCD3D_SM5, Default, SM5 (DDC key hash: 7C2E0DCD80233E936E03305F90CB3D982ECFC58F), compiling. 
[2025.12.20-10.11.20:210][180]LogMaterial: Display: Missing cached shadermap for FMatExpressionPreview MaterialExpressionCollectionParameter_0 in PCD3D_SM5, Default, SM5 (DDC key hash: 56FB8AB8C162CB3EE4363234CA39BFEFE370E499), compiling. 
[2025.12.20-10.11.20:214][180]MaterialEditorStats: Texture samplers: 0/16
[2025.12.20-10.11.20:214][180]MaterialEditorStats: Texture Lookups (Est.): VS(0), PS(1)
[2025.12.20-10.11.20:214][180]MaterialEditorStats: User interpolators: 2/4 Scalars (1/4 Vectors) (TexCoords: 2, Custom: 0)
[2025.12.20-10.11.20:257][182]MaterialEditorStats: Base pass shader: 122 instructions
[2025.12.20-10.11.20:257][182]MaterialEditorStats: Base pass shader with Volumetric Lightmap: 196 instructions
[2025.12.20-10.11.20:257][182]MaterialEditorStats: Base pass vertex shader: 46 instructions
[2025.12.20-10.11.20:257][182]MaterialEditorStats: Texture samplers: 3/16
[2025.12.20-10.11.20:257][182]MaterialEditorStats: Texture Lookups (Est.): VS(0), PS(1)
[2025.12.20-10.11.20:257][182]MaterialEditorStats: User interpolators: 2/4 Scalars (1/4 Vectors) (TexCoords: 2, Custom: 0)
[2025.12.20-10.11.28:696][ 29]LogMaterial: Display: Missing cached shadermap for M_ConveyerBelt in PCD3D_SM5, Default, SM5 (DDC key hash: 0536FD070F2C6861CE8AC03CA86610E07EBB498C), compiling. 
[2025.12.20-10.11.28:697][ 29]LogMaterial: Display: Missing cached shadermap for FMatExpressionPreview MaterialExpressionCollectionParameter_0 in PCD3D_SM5, Default, SM5 (DDC key hash: 67BDCB792A5766E00CF85A805BCB458BAF6D8D0F), compiling. 
[2025.12.20-10.11.28:698][ 29]LogMaterial: Display: Missing cached shadermap for FMatExpressionPreview MaterialExpressionCollectionParameter_1 in PCD3D_SM5, Default, SM5 (DDC key hash: D8D5425924EC74E88968C7F9B1DAC8B4307AFE4E), compiling. 
[2025.12.20-10.11.28:700][ 29]MaterialEditorStats: Texture samplers: 0/16
[2025.12.20-10.11.28:700][ 29]MaterialEditorStats: Texture Lookups (Est.): VS(0), PS(1)
[2025.12.20-10.11.28:700][ 29]MaterialEditorStats: User interpolators: 2/4 Scalars (1/4 Vectors) (TexCoords: 2, Custom: 0)
[2025.12.20-10.11.28:726][ 31]MaterialEditorStats: Base pass shader: 122 instructions
[2025.12.20-10.11.28:726][ 31]MaterialEditorStats: Base pass shader with Volumetric Lightmap: 196 instructions
[2025.12.20-10.11.28:726][ 31]MaterialEditorStats: Base pass vertex shader: 46 instructions
[2025.12.20-10.11.28:726][ 31]MaterialEditorStats: Texture samplers: 3/16
[2025.12.20-10.11.28:726][ 31]MaterialEditorStats: Texture Lookups (Est.): VS(0), PS(1)
[2025.12.20-10.11.28:726][ 31]MaterialEditorStats: User interpolators: 2/4 Scalars (1/4 Vectors) (TexCoords: 2, Custom: 0)
[2025.12.20-10.11.36:115][706]LogMaterial: Display: Missing cached shadermap for M_ConveyerBelt in PCD3D_SM5, Default, SM5 (DDC key hash: 069B1B0AD9661A493FAF714DB3727EC608141EAB), compiling. 
[2025.12.20-10.11.36:117][706]LogMaterial: Display: Missing cached shadermap for FMatExpressionPreview MaterialExpressionCollectionParameter_0 in PCD3D_SM5, Default, SM5 (DDC key hash: 3C00F4F4F1381095A581FF69C4D27011B22179FB), compiling. 
[2025.12.20-10.11.36:119][706]LogMaterial: Display: Missing cached shadermap for FMatExpressionPreview MaterialExpressionCollectionParameter_1 in PCD3D_SM5, Default, SM5 (DDC key hash: C0F3D3CDD1920ACA08CC0E16726B411DF7FD2786), compiling. 
[2025.12.20-10.11.36:123][706]LogMaterial: Display: Missing cached shadermap for M_ConveyerBelt in PCD3D_SM5, Default, SM5 (DDC key hash: 34E8118C72AB3817E5D39CADD2B6AFD986AFAB7F), compiling. 
[2025.12.20-10.11.36:126][706]MaterialEditorStats: Texture samplers: 0/16
[2025.12.20-10.11.36:126][706]MaterialEditorStats: Texture Lookups (Est.): VS(0), PS(1)
[2025.12.20-10.11.36:126][706]MaterialEditorStats: User interpolators: 2/4 Scalars (1/4 Vectors) (TexCoords: 2, Custom: 0)
[2025.12.20-10.11.36:144][708]LogShaderCompilers: Display: Submitted 2 shader compile jobs with 'ForceLocal' priority
[2025.12.20-10.11.36:144][708]MaterialEditorStats: Texture samplers: 3/16
[2025.12.20-10.11.36:144][708]MaterialEditorStats: Texture Lookups (Est.): VS(0), PS(1)
[2025.12.20-10.11.36:144][708]MaterialEditorStats: User interpolators: 2/4 Scalars (1/4 Vectors) (TexCoords: 2, Custom: 0)
[2025.12.20-10.11.36:160][709]LogShaderCompilers: Display: Worker (1/5): shaders left to compile 2
[2025.12.20-10.11.36:160][709]LogShaderCompilers: Display: Worker (2/5): shaders left to compile 1
[2025.12.20-10.11.36:160][709]LogShaderCompilers: Display: Started 2 'Local' shader compile jobs with 'ForceLocal' priority
[2025.12.20-10.11.36:161][709]MaterialEditorStats: Base pass shader: 122 instructions
[2025.12.20-10.11.36:161][709]MaterialEditorStats: Base pass shader with Volumetric Lightmap: 196 instructions
[2025.12.20-10.11.36:161][709]MaterialEditorStats: Base pass vertex shader: 46 instructions
[2025.12.20-10.11.36:161][709]MaterialEditorStats: Texture samplers: 3/16
[2025.12.20-10.11.36:161][709]MaterialEditorStats: Texture Lookups (Est.): VS(0), PS(1)
[2025.12.20-10.11.36:161][709]MaterialEditorStats: User interpolators: 2/4 Scalars (1/4 Vectors) (TexCoords: 2, Custom: 0)
[2025.12.20-10.11.38:453][900]LogMaterial: Display: Missing cached shadermap for M_ConveyerBelt in PCD3D_SM5, Default, SM5 (DDC key hash: AA4F715AD3ADB1AD61EF954DDD4C9B71F4A9B688), compiling. 
[2025.12.20-10.11.38:482][900]LogMaterial: Display: Missing cached shadermap for FMatExpressionPreview MaterialExpressionCollectionParameter_1 in PCD3D_SM5, Default, SM5 (DDC key hash: 06785463E2151605E4C766637CCAA16DCC2CDCA0), compiling. 
[2025.12.20-10.11.38:484][900]LogMaterial: Display: Missing cached shadermap for M_ConveyerBelt in PCD3D_SM5, Default, SM5 (DDC key hash: 9B6677042EC1832F84290BAF26800D5F0504C370), compiling. 
[2025.12.20-10.11.38:488][900]MaterialEditorStats: Texture samplers: 0/16
[2025.12.20-10.11.38:488][900]MaterialEditorStats: Texture Lookups (Est.): VS(0), PS(1)
[2025.12.20-10.11.38:488][900]MaterialEditorStats: User interpolators: 2/4 Scalars (1/4 Vectors) (TexCoords: 2, Custom: 0)
[2025.12.20-10.11.38:505][902]LogShaderCompilers: Display: Submitted 2 shader compile jobs with 'ForceLocal' priority
[2025.12.20-10.11.38:506][902]MaterialEditorStats: Texture samplers: 3/16
[2025.12.20-10.11.38:506][902]MaterialEditorStats: Texture Lookups (Est.): VS(0), PS(1)
[2025.12.20-10.11.38:506][902]MaterialEditorStats: User interpolators: 2/4 Scalars (1/4 Vectors) (TexCoords: 2, Custom: 0)
[2025.12.20-10.11.38:522][903]LogShaderCompilers: Display: Worker (1/5): shaders left to compile 2
[2025.12.20-10.11.38:522][903]LogShaderCompilers: Display: Worker (2/5): shaders left to compile 1
[2025.12.20-10.11.38:522][903]LogShaderCompilers: Display: Started 2 'Local' shader compile jobs with 'ForceLocal' priority
[2025.12.20-10.11.38:523][903]MaterialEditorStats: Base pass shader: 122 instructions
[2025.12.20-10.11.38:523][903]MaterialEditorStats: Base pass shader with Volumetric Lightmap: 196 instructions
[2025.12.20-10.11.38:523][903]MaterialEditorStats: Base pass vertex shader: 46 instructions
[2025.12.20-10.11.38:523][903]MaterialEditorStats: Texture samplers: 3/16
[2025.12.20-10.11.38:523][903]MaterialEditorStats: Texture Lookups (Est.): VS(0), PS(1)
[2025.12.20-10.11.38:523][903]MaterialEditorStats: User interpolators: 2/4 Scalars (1/4 Vectors) (TexCoords: 2, Custom: 0)
[2025.12.20-10.11.41:196][187]LogMaterialEditor: Applying material M_ConveyerBelt
[2025.12.20-10.11.41:456][187]LogMaterial: Display: Missing cached shadermap for M_ConveyerBelt in PCD3D_SM5, Default, SM5 (DDC key hash: E81EF5BED99A3DD548F1AA2701915F45D7C35BB8), compiling. 
[2025.12.20-10.11.41:517][187]LogMaterial: Display: Missing cached shadermap for M_ConveyerBelt in PCD3D_SM5, Default, SM5 (DDC key hash: 32016D4895224DE64F05592D3CF162AB72722F1B), compiling. 
[2025.12.20-10.11.41:585][187]LogUObjectHash: Compacting FUObjectHashTables data took   3.28ms
[2025.12.20-10.11.41:747][187]LogUObjectHash: Compacting FUObjectHashTables data took   2.31ms
[2025.12.20-10.11.41:756][187]MaterialEditorStats: Base pass shader: 122 instructions
[2025.12.20-10.11.41:756][187]MaterialEditorStats: Base pass shader with Volumetric Lightmap: 196 instructions
[2025.12.20-10.11.41:756][187]MaterialEditorStats: Base pass vertex shader: 46 instructions
[2025.12.20-10.11.41:756][187]MaterialEditorStats: Texture samplers: 4/16
[2025.12.20-10.11.41:756][187]MaterialEditorStats: Texture Lookups (Est.): VS(0), PS(1)
[2025.12.20-10.11.41:756][187]MaterialEditorStats: User interpolators: 2/4 Scalars (1/4 Vectors) (TexCoords: 2, Custom: 0)
[2025.12.20-10.11.47:095][783]LogMaterial: Display: Missing cached shadermap for M_ConveyerBelt in PCD3D_SM5, Default, SM5 (DDC key hash: 68089AA5102B452AF4FD3F226BE622D1003C95C4), compiling. 
[2025.12.20-10.11.47:097][783]LogMaterial: Display: Missing cached shadermap for FMatExpressionPreview MaterialExpressionCollectionParameter_0 in PCD3D_SM5, Default, SM5 (DDC key hash: 97E9E697F0481B83B1F793BDE2BEBCA968DF8D95), compiling. 
[2025.12.20-10.11.47:099][783]MaterialEditorStats: Texture samplers: 0/16
[2025.12.20-10.11.47:099][783]MaterialEditorStats: Texture Lookups (Est.): VS(0), PS(1)
[2025.12.20-10.11.47:099][783]MaterialEditorStats: User interpolators: 2/4 Scalars (1/4 Vectors) (TexCoords: 2, Custom: 0)
[2025.12.20-10.11.47:103][784]LogShaderCompilers: Display: Submitted 2 shader compile jobs with 'ForceLocal' priority
[2025.12.20-10.11.47:110][785]LogShaderCompilers: Display: Submitted 8 shader compile jobs with 'Normal' priority
[2025.12.20-10.11.47:114][785]LogShaderCompilers: Display: Worker (1/5): shaders left to compile 2
[2025.12.20-10.11.47:114][785]LogShaderCompilers: Display: Worker (2/5): shaders left to compile 1
[2025.12.20-10.11.47:114][785]LogShaderCompilers: Display: Worker (3/5): shaders left to compile 8
[2025.12.20-10.11.47:114][785]LogShaderCompilers: Display: Worker (4/5): shaders left to compile 5
[2025.12.20-10.11.47:114][785]LogShaderCompilers: Display: Started 6 'Local' shader compile jobs with 'Normal' priority
[2025.12.20-10.11.47:114][785]LogShaderCompilers: Display: Started 2 'Local' shader compile jobs with 'ForceLocal' priority
[2025.12.20-10.11.47:864][836]LogShaderCompilers: Display: Worker (2/5): shaders left to compile 2
[2025.12.20-10.11.47:864][836]LogShaderCompilers: Display: Started 1 'Local' shader compile jobs with 'Normal' priority
[2025.12.20-10.11.48:166][858]LogShaderCompilers: Display: Worker (1/5): shaders left to compile 1
[2025.12.20-10.11.48:166][858]LogShaderCompilers: Display: Started 1 'Local' shader compile jobs with 'Normal' priority
[2025.12.20-10.11.48:185][859]MaterialEditorStats: Texture samplers: 3/16
[2025.12.20-10.11.48:185][859]MaterialEditorStats: Texture Lookups (Est.): VS(0), PS(1)
[2025.12.20-10.11.48:185][859]MaterialEditorStats: User interpolators: 2/4 Scalars (1/4 Vectors) (TexCoords: 2, Custom: 0)
[2025.12.20-10.11.49:802][983]MaterialEditorStats: Base pass shader: 121 instructions
[2025.12.20-10.11.49:802][983]MaterialEditorStats: Base pass shader with Volumetric Lightmap: 195 instructions
[2025.12.20-10.11.49:803][983]MaterialEditorStats: Base pass vertex shader: 46 instructions
[2025.12.20-10.11.49:803][983]MaterialEditorStats: Texture samplers: 3/16
[2025.12.20-10.11.49:803][983]MaterialEditorStats: Texture Lookups (Est.): VS(0), PS(1)
[2025.12.20-10.11.49:803][983]MaterialEditorStats: User interpolators: 2/4 Scalars (1/4 Vectors) (TexCoords: 2, Custom: 0)
[2025.12.20-10.11.52:716][268]LogMaterial: Display: Missing cached shadermap for M_ConveyerBelt in PCD3D_SM5, Default, SM5 (DDC key hash: D57D5F173B9F5EA14755A353FCBECE68D401258A), compiling. 
[2025.12.20-10.11.52:718][268]MaterialEditorStats: Texture samplers: 0/16
[2025.12.20-10.11.52:718][268]MaterialEditorStats: Texture Lookups (Est.): VS(0), PS(1)
[2025.12.20-10.11.52:718][268]MaterialEditorStats: User interpolators: 2/4 Scalars (1/4 Vectors) (TexCoords: 2, Custom: 0)
[2025.12.20-10.11.52:760][270]MaterialEditorStats: Base pass shader: 121 instructions
[2025.12.20-10.11.52:760][270]MaterialEditorStats: Base pass shader with Volumetric Lightmap: 195 instructions
[2025.12.20-10.11.52:760][270]MaterialEditorStats: Base pass vertex shader: 46 instructions
[2025.12.20-10.11.52:760][270]MaterialEditorStats: Texture samplers: 3/16
[2025.12.20-10.11.52:760][270]MaterialEditorStats: Texture Lookups (Est.): VS(0), PS(1)
[2025.12.20-10.11.52:760][270]MaterialEditorStats: User interpolators: 2/4 Scalars (1/4 Vectors) (TexCoords: 2, Custom: 0)
[2025.12.20-10.12.31:787][205]BlueprintLog: New page: Compile BP_Tempo
[2025.12.20-10.12.31:886][205]LogUObjectHash: Compacting FUObjectHashTables data took   2.52ms
[2025.12.20-10.14.26:785][330]LogUObjectHash: Compacting FUObjectHashTables data took   2.97ms
[2025.12.20-10.14.26:831][330]LogSavePackage: Moving '../../../../../../WORKPLACE/Mini_laboratory/MEPhI_VR_term_1/Mini_laboratory/Saved/FirstLevel_Auto1FBA1F9FB4D097157E49B0AB3B0D23065.tmp' to '../../../../../../WORKPLACE/Mini_laboratory/MEPhI_VR_term_1/Mini_laboratory/Saved/Autosaves/Game/Workplace/Maps/FirstLevel_Auto1.umap'
[2025.12.20-10.14.26:832][330]LogFileHelpers: Editor autosave (incl. external actors) for '/Game/Workplace/Maps/FirstLevel' took 0.076
[2025.12.20-10.14.26:832][330]LogFileHelpers: Editor autosave (incl. sublevels & external actors) for all levels took 0.076
[2025.12.20-10.14.26:833][330]OBJ SavePackage: Generating thumbnails for [2] asset(s) in package [/Game/Workplace/Blueprints/BP_Transporter] ([2] browsable assets)...
[2025.12.20-10.14.26:858][330]OBJ SavePackage:     Rendered thumbnail for [Blueprint /Game/Workplace/Blueprints/BP_Transporter.BP_Transporter]
[2025.12.20-10.14.26:858][330]OBJ SavePackage: Finished generating thumbnails for package [/Game/Workplace/Blueprints/BP_Transporter]
[2025.12.20-10.14.26:889][330]LogSavePackage: Moving '../../../../../../WORKPLACE/Mini_laboratory/MEPhI_VR_term_1/Mini_laboratory/Saved/BP_Transporter_Auto1E1566CC34CD1730D1C4ED3A189CC4401.tmp' to '../../../../../../WORKPLACE/Mini_laboratory/MEPhI_VR_term_1/Mini_laboratory/Saved/Autosaves/Game/Workplace/Blueprints/BP_Transporter_Auto1.uasset'
[2025.12.20-10.14.26:890][330]OBJ SavePackage: Generating thumbnails for [0] asset(s) in package [/Game/Workplace/Blueprints/BP_Tempo] ([2] browsable assets)...
[2025.12.20-10.14.26:890][330]OBJ SavePackage: Finished generating thumbnails for package [/Game/Workplace/Blueprints/BP_Tempo]
[2025.12.20-10.14.26:894][330]LogSavePackage: Moving '../../../../../../WORKPLACE/Mini_laboratory/MEPhI_VR_term_1/Mini_laboratory/Saved/BP_Tempo_Auto1082F744F4B74F46F13402787CAAB4E62.tmp' to '../../../../../../WORKPLACE/Mini_laboratory/MEPhI_VR_term_1/Mini_laboratory/Saved/Autosaves/Game/Workplace/Blueprints/BP_Tempo_Auto1.uasset'
[2025.12.20-10.14.26:894][330]OBJ SavePackage: Generating thumbnails for [1] asset(s) in package [/Game/Workplace/Materials/M_ConveyerBelt] ([1] browsable assets)...
[2025.12.20-10.14.26:920][330]OBJ SavePackage:     Rendered thumbnail for [Material /Game/Workplace/Materials/M_ConveyerBelt.M_ConveyerBelt]
[2025.12.20-10.14.26:920][330]OBJ SavePackage: Finished generating thumbnails for package [/Game/Workplace/Materials/M_ConveyerBelt]
[2025.12.20-10.14.26:926][330]LogSavePackage: Moving '../../../../../../WORKPLACE/Mini_laboratory/MEPhI_VR_term_1/Mini_laboratory/Saved/M_ConveyerBelt_Auto1DCCB9B4444AC15CD8942CC9BD69D0053.tmp' to '../../../../../../WORKPLACE/Mini_laboratory/MEPhI_VR_term_1/Mini_laboratory/Saved/Autosaves/Game/Workplace/Materials/M_ConveyerBelt_Auto1.uasset'
[2025.12.20-10.14.26:927][330]OBJ SavePackage: Generating thumbnails for [1] asset(s) in package [/Game/Workplace/Texture/T_Rubber_BaseColor] ([1] browsable assets)...
[2025.12.20-10.14.26:932][330]OBJ SavePackage:     Rendered thumbnail for [Texture2D /Game/Workplace/Texture/T_Rubber_BaseColor.T_Rubber_BaseColor]
[2025.12.20-10.14.26:932][330]OBJ SavePackage: Finished generating thumbnails for package [/Game/Workplace/Texture/T_Rubber_BaseColor]
[2025.12.20-10.14.26:940][330]LogSavePackage: Moving '../../../../../../WORKPLACE/Mini_laboratory/MEPhI_VR_term_1/Mini_laboratory/Saved/T_Rubber_BaseColor_Auto1AFCECEA94BFD9A1A31F3B1AAA2CC8CCF.tmp' to '../../../../../../WORKPLACE/Mini_laboratory/MEPhI_VR_term_1/Mini_laboratory/Saved/Autosaves/Game/Workplace/Texture/T_Rubber_BaseColor_Auto1.uasset'
[2025.12.20-10.14.26:941][330]LogFileHelpers: Auto-saving content packages took 0.108
[2025.12.20-10.15.19:166][639]LogFactory: FactoryCreateFile: StaticMesh with FbxFactory (0 0 D:\WORKPLACE\Mini_laboratory\MEPhI_VR_term_1\blender FBX\3D_printer.fbx)
[2025.12.20-10.15.19:173][639]LogFbx: Loading FBX Scene from D:\WORKPLACE\Mini_laboratory\MEPhI_VR_term_1\blender FBX\3D_printer.fbx
[2025.12.20-10.15.19:183][639]LogFbx: FBX Scene Loaded Succesfully
[2025.12.20-10.15.25:781][639]LogSlate: Window 'FBX Import Options' being destroyed
[2025.12.20-10.15.25:792][639]LogFbx: Triangulating skeletal mesh Table
[2025.12.20-10.15.25:797][639]LogFbx: Warning: Bones digested - 4  Depth of hierarchy - 3
[2025.12.20-10.15.25:799][639]LogSkeletalMesh: Section 0: Material=0, 192 triangles
[2025.12.20-10.15.25:829][639]LogSkeletalMesh: Building Skeletal Mesh 3D_printer_Table...
[2025.12.20-10.15.25:830][639]LogSkeletalMesh: Section 0: Material=0, 192 triangles
[2025.12.20-10.15.25:831][639]LogSkeletalMesh: Built Skeletal Mesh [0.00s] /Game/Workplace/Meshes/SK/3D_printer.3D_printer_Table
[2025.12.20-10.15.25:832][639]LogFbx: Triangulating skeletal mesh Direction Z3
[2025.12.20-10.15.25:834][639]LogFbx: Warning: Bones digested - 4  Depth of hierarchy - 3
[2025.12.20-10.15.25:835][639]LogSkeletalMesh: Section 0: Material=0, 76 triangles
[2025.12.20-10.15.25:835][639]LogPackageName: Error: DoesPackageExist: DoesPackageExist FAILED: '/Game/Workplace/Meshes/SK/3D_printer_Direction Z3_Skeleton' is not a standard unreal filename or a long path name. Reason: Name may not contain the following characters: ' '
[2025.12.20-10.15.25:835][639]LogPackageName: Error: DoesPackageExist: DoesPackageExist FAILED: '/Game/Workplace/Meshes/SK/3D_printer_Direction Z3_Skeleton' is not a standard unreal filename or a long path name. Reason: Name may not contain the following characters: ' '
[2025.12.20-10.15.25:835][639]LogLinker: Error: AddRedirectList(AddKnownMissing) failed to add redirector from /Game/Workplace/Meshes/SK/3D_printer_Direction Z3_Skeleton to /Game/Workplace/Meshes/SK/3D_printer_Direction Z3_Skeleton with invalid characters!
[2025.12.20-10.15.25:836][639]LogSkeletalMesh: Building Skeletal Mesh 3D_printer_Direction Z3...
[2025.12.20-10.15.25:837][639]LogSkeletalMesh: Section 0: Material=0, 76 triangles
[2025.12.20-10.15.25:837][639]LogSkeletalMesh: Built Skeletal Mesh [0.00s] /Game/Workplace/Meshes/SK/3D_printer.3D_printer_Direction Z3
[2025.12.20-10.15.25:838][639]LogFbx: Triangulating skeletal mesh Direction Z2
[2025.12.20-10.15.25:840][639]LogFbx: Warning: Bones digested - 4  Depth of hierarchy - 3
[2025.12.20-10.15.25:841][639]LogSkeletalMesh: Section 0: Material=0, 76 triangles
[2025.12.20-10.15.25:841][639]LogPackageName: Error: DoesPackageExist: DoesPackageExist FAILED: '/Game/Workplace/Meshes/SK/3D_printer_Direction Z2_Skeleton' is not a standard unreal filename or a long path name. Reason: Name may not contain the following characters: ' '
[2025.12.20-10.15.25:841][639]LogPackageName: Error: DoesPackageExist: DoesPackageExist FAILED: '/Game/Workplace/Meshes/SK/3D_printer_Direction Z2_Skeleton' is not a standard unreal filename or a long path name. Reason: Name may not contain the following characters: ' '
[2025.12.20-10.15.25:841][639]LogLinker: Error: AddRedirectList(AddKnownMissing) failed to add redirector from /Game/Workplace/Meshes/SK/3D_printer_Direction Z2_Skeleton to /Game/Workplace/Meshes/SK/3D_printer_Direction Z2_Skeleton with invalid characters!
[2025.12.20-10.15.25:842][639]LogSkeletalMesh: Building Skeletal Mesh 3D_printer_Direction Z2...
[2025.12.20-10.15.25:843][639]LogSkeletalMesh: Section 0: Material=0, 76 triangles
[2025.12.20-10.15.25:844][639]LogSkeletalMesh: Built Skeletal Mesh [0.00s] /Game/Workplace/Meshes/SK/3D_printer.3D_printer_Direction Z2
[2025.12.20-10.15.25:845][639]LogFbx: Triangulating skeletal mesh Direction Z1
[2025.12.20-10.15.25:846][639]LogFbx: Warning: Bones digested - 4  Depth of hierarchy - 3
[2025.12.20-10.15.25:847][639]LogSkeletalMesh: Section 0: Material=0, 76 triangles
[2025.12.20-10.15.25:848][639]LogPackageName: Error: DoesPackageExist: DoesPackageExist FAILED: '/Game/Workplace/Meshes/SK/3D_printer_Direction Z1_Skeleton' is not a standard unreal filename or a long path name. Reason: Name may not contain the following characters: ' '
[2025.12.20-10.15.25:848][639]LogPackageName: Error: DoesPackageExist: DoesPackageExist FAILED: '/Game/Workplace/Meshes/SK/3D_printer_Direction Z1_Skeleton' is not a standard unreal filename or a long path name. Reason: Name may not contain the following characters: ' '
[2025.12.20-10.15.25:848][639]LogLinker: Error: AddRedirectList(AddKnownMissing) failed to add redirector from /Game/Workplace/Meshes/SK/3D_printer_Direction Z1_Skeleton to /Game/Workplace/Meshes/SK/3D_printer_Direction Z1_Skeleton with invalid characters!
[2025.12.20-10.15.25:849][639]LogSkeletalMesh: Building Skeletal Mesh 3D_printer_Direction Z1...
[2025.12.20-10.15.25:850][639]LogSkeletalMesh: Section 0: Material=0, 76 triangles
[2025.12.20-10.15.25:850][639]LogSkeletalMesh: Built Skeletal Mesh [0.00s] /Game/Workplace/Meshes/SK/3D_printer.3D_printer_Direction Z1
[2025.12.20-10.15.25:851][639]LogFbx: Triangulating skeletal mesh Extruder
[2025.12.20-10.15.25:855][639]LogFbx: Triangulating skeletal mesh Direction X
[2025.12.20-10.15.25:856][639]LogFbx: Warning: Bones digested - 8  Depth of hierarchy - 4
[2025.12.20-10.15.25:860][639]LogSkeletalMesh: Section 0: Material=0, 392 triangles
[2025.12.20-10.15.25:863][639]LogSkeletalMesh: Building Skeletal Mesh 3D_printer_Extruder...
[2025.12.20-10.15.25:865][639]LogSkeletalMesh: Section 0: Material=0, 392 triangles
[2025.12.20-10.15.25:866][639]LogSkeletalMesh: Built Skeletal Mesh [0.00s] /Game/Workplace/Meshes/SK/3D_printer.3D_printer_Extruder
[2025.12.20-10.15.25:867][639]LogFbx: Triangulating skeletal mesh Corpus
[2025.12.20-10.15.25:877][639]LogFbx: Warning: Bones digested - 3  Depth of hierarchy - 2
[2025.12.20-10.15.25:884][639]LogSkeletalMesh: Section 0: Material=0, 670 triangles
[2025.12.20-10.15.25:885][639]LogSkeletalMesh: Building Skeletal Mesh 3D_printer_Corpus...
[2025.12.20-10.15.25:891][639]LogSkeletalMesh: Section 0: Material=0, 670 triangles
[2025.12.20-10.15.25:893][639]LogSkeletalMesh: Built Skeletal Mesh [0.01s] /Game/Workplace/Meshes/SK/3D_printer.3D_printer_Corpus
[2025.12.20-10.15.25:895][639]LogFbx: Triangulating skeletal mesh Door
[2025.12.20-10.15.25:897][639]LogFbx: Warning: Bones digested - 1  Depth of hierarchy - 1
[2025.12.20-10.15.25:897][639]LogSkeletalMesh: Section 0: Material=0, 48 triangles
[2025.12.20-10.15.25:899][639]LogSkeletalMesh: Building Skeletal Mesh 3D_printer_Door...
[2025.12.20-10.15.25:899][639]LogSkeletalMesh: Section 0: Material=0, 48 triangles
[2025.12.20-10.15.25:899][639]LogSkeletalMesh: Built Skeletal Mesh [0.00s] /Game/Workplace/Meshes/SK/3D_printer.3D_printer_Door
[2025.12.20-10.15.25:902][639]FBXImport: FBX File Loading: Found name clash, node 'Bone' was renamed to 'Bone1' 
[2025.12.20-10.15.25:902][639]FBXImport: FBX File Loading: Found name clash, node 'Bone' was renamed to 'Bone2' 
[2025.12.20-10.15.25:902][639]FBXImport: FBX File Loading: Found name clash, node 'Bone' was renamed to 'Bone3' 
[2025.12.20-10.15.25:902][639]FBXImport: FBX File Loading: Found name clash, node 'Bone' was renamed to 'Bone4' 
[2025.12.20-10.15.25:902][639]FBXImport: FBX File Loading: Found name clash, node 'Bone' was renamed to 'Bone5' 
[2025.12.20-10.15.25:902][639]FBXImport: FBX File Loading: Found name clash, node 'Bone' was renamed to 'Bone6' 
[2025.12.20-10.15.25:902][639]FBXImport: FBX File Loading: Found name clash, node 'Bone_end' was renamed to 'Bone_end7' 
[2025.12.20-10.15.25:902][639]FBXImport: FBX File Loading: Found name clash, node 'Bone_end' was renamed to 'Bone_end8' 
[2025.12.20-10.15.25:902][639]FBXImport: FBX File Loading: Found name clash, node 'Bone_end' was renamed to 'Bone_end9' 
[2025.12.20-10.15.25:902][639]FBXImport: FBX File Loading: Found name clash, node 'Bone_end' was renamed to 'Bone_end10' 
[2025.12.20-10.15.25:902][639]FBXImport: FBX File Loading: Found name clash, node 'Bone_end' was renamed to 'Bone_end11' 
[2025.12.20-10.15.25:902][639]FBXImport: FBX File Loading: Found name clash, node 'Bone_end' was renamed to 'Bone_end12' 
[2025.12.20-10.15.25:902][639]FBXImport: Warning: No smoothing group information was found in this FBX scene.  Please make sure to enable the 'Export Smoothing Groups' option in the FBX Exporter plug-in before exporting the file.  Even for tools that don't support smoothing groups, the FBX Exporter will generate appropriate smoothing data at export-time so that correct vertex normals can be inferred while importing. 
[2025.12.20-10.15.25:902][639]FBXImport: Warning: Could not find the bind pose.  It will use time 0 as bind pose. 
[2025.12.20-10.15.25:902][639]FBXImport: Warning: Could not find the bind pose.  It will use time 0 as bind pose. 
[2025.12.20-10.15.25:903][639]FBXImport: Warning: Could not find the bind pose.  It will use time 0 as bind pose. 
[2025.12.20-10.15.25:903][639]FBXImport: Warning: Could not find the bind pose.  It will use time 0 as bind pose. 
[2025.12.20-10.15.25:903][639]FBXImport: Warning: Could not find the bind pose.  It will use time 0 as bind pose. 
[2025.12.20-10.15.25:903][639]FBXImport: Warning: Could not find the bind pose.  It will use time 0 as bind pose. 
[2025.12.20-10.15.25:903][639]FBXImport: Warning: Could not find the bind pose.  It will use time 0 as bind pose. 
[2025.12.20-10.15.26:030][639]LogPackageName: Error: DoesPackageExist: DoesPackageExist FAILED: '/Game/Workplace/Meshes/SK/3D_printer_Direction Z3_Skeleton' is not a standard unreal filename or a long path name. Reason: Name may not contain the following characters: ' '
[2025.12.20-10.15.26:030][639]LogPackageName: Error: DoesPackageExist: DoesPackageExist FAILED: '/Game/Workplace/Meshes/SK/3D_printer_Direction Z2_Skeleton' is not a standard unreal filename or a long path name. Reason: Name may not contain the following characters: ' '
[2025.12.20-10.15.26:030][639]LogPackageName: Error: DoesPackageExist: DoesPackageExist FAILED: '/Game/Workplace/Meshes/SK/3D_printer_Direction Z1_Skeleton' is not a standard unreal filename or a long path name. Reason: Name may not contain the following characters: ' '
[2025.12.20-10.15.26:068][641]LogPackageName: Error: DoesPackageExist: DoesPackageExist FAILED: '/Game/Workplace/Meshes/SK/3D_printer_Direction Z1_Skeleton' is not a standard unreal filename or a long path name. Reason: Name may not contain the following characters: ' '
[2025.12.20-10.15.26:069][641]LogPackageName: Error: DoesPackageExist: DoesPackageExist FAILED: '/Game/Workplace/Meshes/SK/3D_printer_Direction Z2_Skeleton' is not a standard unreal filename or a long path name. Reason: Name may not contain the following characters: ' '
[2025.12.20-10.15.26:069][641]LogPackageName: Error: DoesPackageExist: DoesPackageExist FAILED: '/Game/Workplace/Meshes/SK/3D_printer_Direction Z3_Skeleton' is not a standard unreal filename or a long path name. Reason: Name may not contain the following characters: ' '
[2025.12.20-10.15.26:075][642]LogPackageName: Error: DoesPackageExist: DoesPackageExist FAILED: '/Game/Workplace/Meshes/SK/3D_printer_Direction Z3_Skeleton' is not a standard unreal filename or a long path name. Reason: Name may not contain the following characters: ' '
[2025.12.20-10.15.26:075][642]LogPackageName: Error: DoesPackageExist: DoesPackageExist FAILED: '/Game/Workplace/Meshes/SK/3D_printer_Direction Z2_Skeleton' is not a standard unreal filename or a long path name. Reason: Name may not contain the following characters: ' '
[2025.12.20-10.15.26:076][642]LogPackageName: Error: DoesPackageExist: DoesPackageExist FAILED: '/Game/Workplace/Meshes/SK/3D_printer_Direction Z1_Skeleton' is not a standard unreal filename or a long path name. Reason: Name may not contain the following characters: ' '
[2025.12.20-10.15.27:899][779]LogSlate: Window 'Message Log' being destroyed
[2025.12.20-10.15.27:912][779]LogSlate: Window 'Message Log' being destroyed
[2025.12.20-10.16.19:016][ 63]LogSlate: Window 'Message' being destroyed
[2025.12.20-10.16.19:023][ 63]Message dialog closed, result: Yes, title: Message, text: Would you like to apply the changes of the modified material to the original material?
/Game/Workplace/Materials/M_ConveyerBelt.M_ConveyerBelt
(Selecting 'No' will cause all changes to be lost!)
[2025.12.20-10.16.19:283][ 63]LogMaterial: Display: Missing cached shadermap for M_ConveyerBelt in PCD3D_SM5, Default, SM5 (DDC key hash: D0B6E70D8A3E0D23ECE7C85CDE8AFE21E44D1AD8), compiling. 
[2025.12.20-10.16.19:336][ 63]LogMaterial: Display: Missing cached shadermap for M_ConveyerBelt in PCD3D_SM5, Default, SM5 (DDC key hash: AB47224C48EB178AC814EF28EDCCE6A07C84D123), compiling. 
[2025.12.20-10.16.19:367][ 63]LogUObjectHash: Compacting FUObjectHashTables data took   2.50ms
[2025.12.20-10.16.19:487][ 63]LogShaderCompilers: Display: Submitted 6 shader compile jobs with 'Normal' priority
[2025.12.20-10.16.19:487][ 63]LogShaderCompilers: Display: Worker (1/5): shaders left to compile 6
[2025.12.20-10.16.19:487][ 63]LogShaderCompilers: Display: Worker (2/5): shaders left to compile 4
[2025.12.20-10.16.19:487][ 63]LogShaderCompilers: Display: Worker (3/5): shaders left to compile 2
[2025.12.20-10.16.19:487][ 63]LogShaderCompilers: Display: Started 6 'Local' shader compile jobs with 'Normal' priority
[2025.12.20-10.16.19:487][ 63]LogShaderCompilers: Display: === FShaderJobCache stats ===
[2025.12.20-10.16.19:487][ 63]LogShaderCompilers: Display: Total job queries 318, among them cache hits 228 (71.70%)
[2025.12.20-10.16.19:487][ 63]LogShaderCompilers: Display: Tracking 74 distinct input hashes that result in 35 distinct outputs (47.30%)
[2025.12.20-10.16.19:487][ 63]LogShaderCompilers: Display: RAM used: 0.21 MB (0.00 GB) of 409.60 MB (0.40 GB) budget. Usage: 0.05%
[2025.12.20-10.16.19:487][ 63]LogShaderCompilers: Display: ================================================
[2025.12.20-10.16.19:930][ 63]LogUObjectHash: Compacting FUObjectHashTables data took   0.62ms
[2025.12.20-10.16.19:967][ 63]LogUObjectHash: Compacting FUObjectHashTables data took   0.59ms
[2025.12.20-10.16.22:151][ 63]LogSlate: Window 'Save Content' being destroyed
[2025.12.20-10.16.22:180][ 63]LogSavePackage: Moving '../../../../../../WORKPLACE/Mini_laboratory/MEPhI_VR_term_1/Mini_laboratory/Saved/3D_printer_Corpus_SkeletonA49C53514600C1509E1DB5803FBC1A00.tmp' to '../../../../../../WORKPLACE/Mini_laboratory/MEPhI_VR_term_1/Mini_laboratory/Content/Workplace/Meshes/SK/3D_printer_Corpus_Skeleton.uasset'
[2025.12.20-10.16.22:181][ 63]LogSavePackage: Moving '../../../../../../WORKPLACE/Mini_laboratory/MEPhI_VR_term_1/Mini_laboratory/Saved/3D_printer_Door_Skeleton0D9A431945CE8DEA57D8678F5E04FB6F.tmp' to '../../../../../../WORKPLACE/Mini_laboratory/MEPhI_VR_term_1/Mini_laboratory/Content/Workplace/Meshes/SK/3D_printer_Door_Skeleton.uasset'
[2025.12.20-10.16.22:181][ 63]LogSavePackage: Moving '../../../../../../WORKPLACE/Mini_laboratory/MEPhI_VR_term_1/Mini_laboratory/Saved/3D_printer_Extruder_Skeleton6276F7D349CD037804A598A584D3D376.tmp' to '../../../../../../WORKPLACE/Mini_laboratory/MEPhI_VR_term_1/Mini_laboratory/Content/Workplace/Meshes/SK/3D_printer_Extruder_Skeleton.uasset'
[2025.12.20-10.16.22:415][ 63]LogSavePackage: Moving '../../../../../../WORKPLACE/Mini_laboratory/MEPhI_VR_term_1/Mini_laboratory/Saved/3D_printerF4F8708248E8962B1F0D69918E5CFDF6.tmp' to '../../../../../../WORKPLACE/Mini_laboratory/MEPhI_VR_term_1/Mini_laboratory/Content/Workplace/Meshes/SK/3D_printer.uasset'
[2025.12.20-10.16.22:416][ 63]LogSavePackage: Moving '../../../../../../WORKPLACE/Mini_laboratory/MEPhI_VR_term_1/Mini_laboratory/Saved/3D_printer_Table_Skeleton758C14434FF016C348809C948CB25B4D.tmp' to '../../../../../../WORKPLACE/Mini_laboratory/MEPhI_VR_term_1/Mini_laboratory/Content/Workplace/Meshes/SK/3D_printer_Table_Skeleton.uasset'
[2025.12.20-10.16.22:419][ 63]LogSavePackage: Moving '../../../../../../WORKPLACE/Mini_laboratory/MEPhI_VR_term_1/Mini_laboratory/Saved/BP_Tempo11058CB04F8A66FD252E3F9E8712092A.tmp' to '../../../../../../WORKPLACE/Mini_laboratory/MEPhI_VR_term_1/Mini_laboratory/Content/Workplace/Blueprints/BP_Tempo.uasset'
[2025.12.20-10.16.22:445][ 63]LogSavePackage: Moving '../../../../../../WORKPLACE/Mini_laboratory/MEPhI_VR_term_1/Mini_laboratory/Saved/BP_TransporterCD8E2E0C43685B14FCC8E19A92CEEFF5.tmp' to '../../../../../../WORKPLACE/Mini_laboratory/MEPhI_VR_term_1/Mini_laboratory/Content/Workplace/Blueprints/BP_Transporter.uasset'
[2025.12.20-10.16.22:472][ 63]LogUObjectHash: Compacting FUObjectHashTables data took   1.19ms
[2025.12.20-10.16.22:509][ 63]LogSavePackage: Moving '../../../../../../WORKPLACE/Mini_laboratory/MEPhI_VR_term_1/Mini_laboratory/Saved/FirstLevel7D52D2BF41EA13D4F59608905D65BE8A.tmp' to '../../../../../../WORKPLACE/Mini_laboratory/MEPhI_VR_term_1/Mini_laboratory/Content/Workplace/Maps/FirstLevel.umap'
[2025.12.20-10.16.22:515][ 63]LogFileHelpers: Saving map 'FirstLevel' took 0.070
[2025.12.20-10.16.22:530][ 63]LogSavePackage: Moving '../../../../../../WORKPLACE/Mini_laboratory/MEPhI_VR_term_1/Mini_laboratory/Saved/M_ConveyerBeltF4BCBEDC48F85E40EA6162903DFAEF00.tmp' to '../../../../../../WORKPLACE/Mini_laboratory/MEPhI_VR_term_1/Mini_laboratory/Content/Workplace/Materials/M_ConveyerBelt.uasset'
[2025.12.20-10.16.22:600][ 63]LogSavePackage: Moving '../../../../../../WORKPLACE/Mini_laboratory/MEPhI_VR_term_1/Mini_laboratory/Saved/T_Rubber_BaseColor59884CAB4A7CEC816F2961A5E20A938C.tmp' to '../../../../../../WORKPLACE/Mini_laboratory/MEPhI_VR_term_1/Mini_laboratory/Content/Workplace/Texture/T_Rubber_BaseColor.uasset'
[2025.12.20-10.16.22:616][ 63]LogWorld: UWorld::CleanupWorld for World_13, bSessionEnded=true, bCleanupResources=true
[2025.12.20-10.16.22:616][ 63]LogSlate: InvalidateAllWidgets triggered.  All widgets were invalidated
[2025.12.20-10.16.22:656][ 63]LogWorld: UWorld::CleanupWorld for World_14, bSessionEnded=true, bCleanupResources=true
[2025.12.20-10.16.22:656][ 63]LogSlate: InvalidateAllWidgets triggered.  All widgets were invalidated
[2025.12.20-10.16.22:707][ 63]LogActorComponent: UnregisterComponent: (/Engine/Transient.EditorFloorComp) Not registered. Aborting.
[2025.12.20-10.16.22:708][ 63]LogWorld: UWorld::CleanupWorld for World_15, bSessionEnded=true, bCleanupResources=true
[2025.12.20-10.16.22:708][ 63]LogSlate: InvalidateAllWidgets triggered.  All widgets were invalidated
[2025.12.20-10.16.22:764][ 63]LogWorld: UWorld::CleanupWorld for World_16, bSessionEnded=true, bCleanupResources=true
[2025.12.20-10.16.22:764][ 63]LogSlate: InvalidateAllWidgets triggered.  All widgets were invalidated
[2025.12.20-10.16.22:800][ 63]LogSlate: Window 'Mini_laboratory - Unreal Editor' being destroyed
[2025.12.20-10.16.22:991][ 63]AssetCheck: New page: Asset Save: multiple assets
[2025.12.20-10.16.22:991][ 63]LogContentValidation: Display: Validating Blueprint /Game/Workplace/Blueprints/BP_Transporter.BP_Transporter
[2025.12.20-10.16.22:991][ 63]LogContentValidation: Display: Validating Texture2D /Game/Workplace/Texture/T_Rubber_BaseColor.T_Rubber_BaseColor
[2025.12.20-10.16.22:991][ 63]LogContentValidation: Display: Validating Material /Game/Workplace/Materials/M_ConveyerBelt.M_ConveyerBelt
[2025.12.20-10.16.22:991][ 63]LogContentValidation: Display: Validating Blueprint /Game/Workplace/Blueprints/BP_Tempo.BP_Tempo
[2025.12.20-10.16.22:991][ 63]LogContentValidation: Display: Validating Skeleton /Game/Workplace/Meshes/SK/3D_printer_Door_Skeleton.3D_printer_Door_Skeleton
[2025.12.20-10.16.22:991][ 63]LogContentValidation: Display: Validating SkeletalMesh /Game/Workplace/Meshes/SK/3D_printer.3D_printer_Door
[2025.12.20-10.16.22:991][ 63]LogContentValidation: Display: Validating Skeleton /Game/Workplace/Meshes/SK/3D_printer_Corpus_Skeleton.3D_printer_Corpus_Skeleton
[2025.12.20-10.16.22:991][ 63]LogContentValidation: Display: Validating SkeletalMesh /Game/Workplace/Meshes/SK/3D_printer.3D_printer_Corpus
[2025.12.20-10.16.22:991][ 63]LogContentValidation: Display: Validating Skeleton /Game/Workplace/Meshes/SK/3D_printer_Extruder_Skeleton.3D_printer_Extruder_Skeleton
[2025.12.20-10.16.22:991][ 63]LogContentValidation: Display: Validating SkeletalMesh /Game/Workplace/Meshes/SK/3D_printer.3D_printer_Extruder
[2025.12.20-10.16.22:991][ 63]LogContentValidation: Display: Validating SkeletalMesh /Game/Workplace/Meshes/SK/3D_printer.3D_printer_Direction Z1
[2025.12.20-10.16.22:991][ 63]LogContentValidation: Display: Validating SkeletalMesh /Game/Workplace/Meshes/SK/3D_printer.3D_printer_Direction Z2
[2025.12.20-10.16.22:991][ 63]LogContentValidation: Display: Validating SkeletalMesh /Game/Workplace/Meshes/SK/3D_printer.3D_printer_Direction Z3
[2025.12.20-10.16.22:991][ 63]LogContentValidation: Display: Validating Skeleton /Game/Workplace/Meshes/SK/3D_printer_Table_Skeleton.3D_printer_Table_Skeleton
[2025.12.20-10.16.22:991][ 63]LogContentValidation: Display: Validating SkeletalMesh /Game/Workplace/Meshes/SK/3D_printer.3D_printer_Table
[2025.12.20-10.16.22:991][ 63]LogContentValidation: Display: Validating World /Game/Workplace/Maps/FirstLevel.FirstLevel
[2025.12.20-10.16.22:993][ 64]Cmd: QUIT_EDITOR
[2025.12.20-10.16.22:993][ 64]LogCore: Engine exit requested (reason: UUnrealEdEngine::CloseEditor())
[2025.12.20-10.16.23:000][ 64]LogCore: Engine exit requested (reason: EngineExit() was called; note: exit was already requested)
[2025.12.20-10.16.23:509][ 64]LogAudio: Display: Beginning Audio Device Manager Shutdown (Module: AudioMixerXAudio2)...
[2025.12.20-10.16.23:509][ 64]LogAudio: Display: Destroying 1 Remaining Audio Device(s)...
[2025.12.20-10.16.23:509][ 64]LogAudio: Display: Audio Device unregistered from world 'FirstLevel'.
[2025.12.20-10.16.23:510][ 64]LogAudioMixer: FMixerPlatformXAudio2::StopAudioStream() called
[2025.12.20-10.16.23:511][ 64]LogAudioMixer: FMixerPlatformXAudio2::StopAudioStream() called
[2025.12.20-10.16.23:558][ 64]LogAudio: Display: Audio Device Manager Shutdown
[2025.12.20-10.16.23:558][ 64]LogWindowsTextInputMethodSystem: Display: IME system deactivated.
[2025.12.20-10.16.23:564][ 64]LogExit: Preparing to exit.
[2025.12.20-10.16.23:618][ 64]LogUObjectHash: Compacting FUObjectHashTables data took   2.86ms
[2025.12.20-10.16.24:146][ 64]LogWorld: UWorld::CleanupWorld for World_4, bSessionEnded=true, bCleanupResources=true
[2025.12.20-10.16.24:149][ 64]LogWorld: UWorld::CleanupWorld for World_5, bSessionEnded=true, bCleanupResources=true
[2025.12.20-10.16.24:152][ 64]LogWorld: UWorld::CleanupWorld for World_6, bSessionEnded=true, bCleanupResources=true
[2025.12.20-10.16.24:154][ 64]LogWorld: UWorld::CleanupWorld for World_7, bSessionEnded=true, bCleanupResources=true
[2025.12.20-10.16.24:156][ 64]LogWorld: UWorld::CleanupWorld for World_8, bSessionEnded=true, bCleanupResources=true
[2025.12.20-10.16.24:159][ 64]LogWorld: UWorld::CleanupWorld for World_9, bSessionEnded=true, bCleanupResources=true
[2025.12.20-10.16.24:161][ 64]LogWorld: UWorld::CleanupWorld for World_10, bSessionEnded=true, bCleanupResources=true
[2025.12.20-10.16.24:164][ 64]LogWorld: UWorld::CleanupWorld for World_11, bSessionEnded=true, bCleanupResources=true
[2025.12.20-10.16.24:166][ 64]LogWorld: UWorld::CleanupWorld for World_12, bSessionEnded=true, bCleanupResources=true
[2025.12.20-10.16.24:169][ 64]LogWorld: UWorld::CleanupWorld for World_2, bSessionEnded=true, bCleanupResources=true
[2025.12.20-10.16.24:171][ 64]LogWorld: UWorld::CleanupWorld for World_0, bSessionEnded=true, bCleanupResources=true
[2025.12.20-10.16.24:173][ 64]LogWorld: UWorld::CleanupWorld for World_3, bSessionEnded=true, bCleanupResources=true
[2025.12.20-10.16.24:224][ 64]LogDemo: Cleaned up 0 splitscreen connections with owner deletion
[2025.12.20-10.16.24:246][ 64]LogWorld: UWorld::CleanupWorld for None, bSessionEnded=true, bCleanupResources=true
[2025.12.20-10.16.24:246][ 64]LogExit: Editor shut down
[2025.12.20-10.16.24:247][ 64]LogExit: Transaction tracking system shut down
[2025.12.20-10.16.24:694][ 64]LogExit: Object subsystem successfully closed.
[2025.12.20-10.16.24:706][ 64]LogShaderCompilers: Display: === FShaderJobCache stats ===
[2025.12.20-10.16.24:706][ 64]LogShaderCompilers: Display: Total job queries 318, among them cache hits 228 (71.70%)
[2025.12.20-10.16.24:706][ 64]LogShaderCompilers: Display: Tracking 80 distinct input hashes that result in 40 distinct outputs (50.00%)
[2025.12.20-10.16.24:706][ 64]LogShaderCompilers: Display: RAM used: 0.23 MB (0.00 GB) of 409.60 MB (0.40 GB) budget. Usage: 0.06%
[2025.12.20-10.16.24:706][ 64]LogShaderCompilers: Display: ================================================
[2025.12.20-10.16.24:730][ 64]LogShaderCompilers: Display: Shaders left to compile 0
[2025.12.20-10.16.24:802][ 64]LogModuleManager: Shutting down and abandoning module HierarchicalLODUtilities (882)
[2025.12.20-10.16.24:802][ 64]LogModuleManager: Shutting down and abandoning module BlueprintGraph (880)
[2025.12.20-10.16.24:802][ 64]LogModuleManager: Shutting down and abandoning module ExternalImagePicker (878)
[2025.12.20-10.16.24:802][ 64]LogModuleManager: Shutting down and abandoning module MovieSceneCapture (876)
[2025.12.20-10.16.24:803][ 64]LogModuleManager: Shutting down and abandoning module Voice (874)
[2025.12.20-10.16.24:803][ 64]LogModuleManager: Shutting down and abandoning module StaticMeshEditor (872)
[2025.12.20-10.16.24:803][ 64]LogModuleManager: Shutting down and abandoning module HierarchicalLODOutliner (870)
[2025.12.20-10.16.24:803][ 64]LogModuleManager: Shutting down and abandoning module SceneOutliner (868)
[2025.12.20-10.16.24:803][ 64]LogModuleManager: Shutting down and abandoning module AddContentDialog (866)
[2025.12.20-10.16.24:807][ 64]LogModuleManager: Shutting down and abandoning module WidgetCarousel (865)
[2025.12.20-10.16.24:807][ 64]LogModuleManager: Shutting down and abandoning module EditorWidgets (862)
[2025.12.20-10.16.24:807][ 64]LogModuleManager: Shutting down and abandoning module StatsViewer (860)
[2025.12.20-10.16.24:807][ 64]LogModuleManager: Shutting down and abandoning module PIEPreviewDeviceProfileSelector (858)
[2025.12.20-10.16.24:808][ 64]LogModuleManager: Shutting down and abandoning module SequenceRecorderSections (856)
[2025.12.20-10.16.24:808][ 64]LogModuleManager: Shutting down and abandoning module AutomationWorker (854)
[2025.12.20-10.16.24:808][ 64]LogModuleManager: Shutting down and abandoning module SteamVREditor (852)
[2025.12.20-10.16.24:808][ 64]LogModuleManager: Shutting down and abandoning module OculusMR (850)
[2025.12.20-10.16.24:808][ 64]LogModuleManager: Shutting down and abandoning module OpenXRInput (848)
[2025.12.20-10.16.24:808][ 64]LogModuleManager: Shutting down and abandoning module TakeRecorderSources (846)
[2025.12.20-10.16.24:809][ 64]LogModuleManager: Shutting down and abandoning module TakeRecorder (845)
[2025.12.20-10.16.24:809][ 64]LogModuleManager: Shutting down and abandoning module TakeTrackRecorders (842)
[2025.12.20-10.16.24:810][ 64]LogModuleManager: Shutting down and abandoning module TakesCore (840)
[2025.12.20-10.16.24:810][ 64]LogModuleManager: Shutting down and abandoning module GooglePADEditor (838)
[2025.12.20-10.16.24:810][ 64]LogModuleManager: Shutting down and abandoning module AudioCaptureEditor (836)
[2025.12.20-10.16.24:810][ 64]LogModuleManager: Shutting down and abandoning module TemplateSequenceEditor (834)
[2025.12.20-10.16.24:810][ 64]LogModuleManager: Shutting down and abandoning module MatineeToLevelSequence (832)
[2025.12.20-10.16.24:811][ 64]LogModuleManager: Shutting down and abandoning module LevelSequenceEditor (830)
[2025.12.20-10.16.24:812][ 64]LogModuleManager: Shutting down and abandoning module WmfMediaFactory (828)
[2025.12.20-10.16.24:812][ 64]LogModuleManager: Shutting down and abandoning module WmfMediaEditor (826)
[2025.12.20-10.16.24:812][ 64]LogModuleManager: Shutting down and abandoning module WebMMediaFactory (824)
[2025.12.20-10.16.24:812][ 64]LogModuleManager: Shutting down and abandoning module WebMMediaEditor (822)
[2025.12.20-10.16.24:812][ 64]LogModuleManager: Shutting down and abandoning module WebMMedia (820)
[2025.12.20-10.16.24:813][ 64]LogModuleManager: Shutting down and abandoning module ActorSequenceEditor (818)
[2025.12.20-10.16.24:813][ 64]LogModuleManager: Shutting down and abandoning module MediaPlayerEditor (816)
[2025.12.20-10.16.24:814][ 64]LogModuleManager: Shutting down and abandoning module OpenExrWrapper (814)
[2025.12.20-10.16.24:814][ 64]LogModuleManager: Shutting down and abandoning module ImgMediaFactory (812)
[2025.12.20-10.16.24:814][ 64]LogModuleManager: Shutting down and abandoning module ImgMediaEditor (810)
[2025.12.20-10.16.24:814][ 64]LogModuleManager: Shutting down and abandoning module MediaCompositingEditor (808)
[2025.12.20-10.16.24:814][ 64]LogModuleManager: Shutting down and abandoning module SequenceRecorder (807)
[2025.12.20-10.16.24:814][ 64]LogModuleManager: Shutting down and abandoning module AvfMediaFactory (804)
[2025.12.20-10.16.24:814][ 64]LogModuleManager: Shutting down and abandoning module AvfMediaEditor (802)
[2025.12.20-10.16.24:814][ 64]LogModuleManager: Shutting down and abandoning module AndroidMediaFactory (800)
[2025.12.20-10.16.24:814][ 64]LogModuleManager: Shutting down and abandoning module AndroidMediaEditor (798)
[2025.12.20-10.16.24:814][ 64]LogModuleManager: Shutting down and abandoning module PlanarCut (796)
[2025.12.20-10.16.24:815][ 64]LogModuleManager: Shutting down and abandoning module CharacterAI (794)
[2025.12.20-10.16.24:815][ 64]LogModuleManager: Shutting down and abandoning module CameraShakePreviewer (792)
[2025.12.20-10.16.24:815][ 64]LogModuleManager: Shutting down and abandoning module MagicLeapMediaCodecFactory (790)
[2025.12.20-10.16.24:815][ 64]LogModuleManager: Shutting down and abandoning module MagicLeapMediaFactory (788)
[2025.12.20-10.16.24:815][ 64]LogModuleManager: Shutting down and abandoning module MagicLeapMediaEditor (786)
[2025.12.20-10.16.24:815][ 64]LogModuleManager: Shutting down and abandoning module TextureAlignMode (784)
[2025.12.20-10.16.24:815][ 64]LogModuleManager: Shutting down and abandoning module BspMode (782)
[2025.12.20-10.16.24:815][ 64]LogModuleManager: Shutting down and abandoning module GeometryMode (780)
[2025.12.20-10.16.24:816][ 64]LogModuleManager: Shutting down and abandoning module SmartSnapping (778)
[2025.12.20-10.16.24:816][ 64]LogModuleManager: Shutting down and abandoning module SessionServices (776)
[2025.12.20-10.16.24:816][ 64]LogModuleManager: Shutting down and abandoning module MeshPaint (774)
[2025.12.20-10.16.24:816][ 64]LogModuleManager: Shutting down and abandoning module VirtualTexturingEditor (772)
[2025.12.20-10.16.24:817][ 64]LogModuleManager: Shutting down and abandoning module FoliageEdit (770)
[2025.12.20-10.16.24:817][ 64]LogModuleManager: Shutting down and abandoning module LandscapeEditor (768)
[2025.12.20-10.16.24:818][ 64]LogModuleManager: Shutting down and abandoning module MeshPaintMode (766)
[2025.12.20-10.16.24:818][ 64]LogModuleManager: Shutting down and abandoning module SceneDepthPickerMode (764)
[2025.12.20-10.16.24:818][ 64]LogModuleManager: Shutting down and abandoning module ActorPickerMode (762)
[2025.12.20-10.16.24:818][ 64]LogModuleManager: Shutting down and abandoning module PlacementMode (760)
[2025.12.20-10.16.24:818][ 64]LogModuleManager: Shutting down and abandoning module ViewportSnapping (758)
[2025.12.20-10.16.24:818][ 64]LogModuleManager: Shutting down and abandoning module ViewportInteraction (756)
[2025.12.20-10.16.24:818][ 64]LogModuleManager: Shutting down and abandoning module ClothPainter (754)
[2025.12.20-10.16.24:819][ 64]LogModuleManager: Shutting down and abandoning module SkeletalMeshEditor (753)
[2025.12.20-10.16.24:820][ 64]LogModuleManager: Shutting down and abandoning module LogVisualizer (750)
[2025.12.20-10.16.24:820][ 64]LogModuleManager: Shutting down and abandoning module IntroTutorials (748)
[2025.12.20-10.16.24:821][ 64]LogModuleManager: Shutting down and abandoning module GameProjectGeneration (747)
[2025.12.20-10.16.24:821][ 64]LogModuleManager: Shutting down and abandoning module LuminPlatformEditor (744)
[2025.12.20-10.16.24:821][ 64]LogModuleManager: Shutting down and abandoning module IOSPlatformEditor (742)
[2025.12.20-10.16.24:821][ 64]LogModuleManager: Shutting down and abandoning module AndroidPlatformEditor (740)
[2025.12.20-10.16.24:821][ 64]LogModuleManager: Shutting down and abandoning module AndroidDeviceDetection (739)
[2025.12.20-10.16.25:442][ 64]LogModuleManager: Shutting down and abandoning module WindowsPlatformEditor (736)
[2025.12.20-10.16.25:443][ 64]LogModuleManager: Shutting down and abandoning module LuminRuntimeSettings (734)
[2025.12.20-10.16.25:443][ 64]LogModuleManager: Shutting down and abandoning module IOSRuntimeSettings (732)
[2025.12.20-10.16.25:443][ 64]LogModuleManager: Shutting down and abandoning module AndroidRuntimeSettings (730)
[2025.12.20-10.16.25:443][ 64]LogModuleManager: Shutting down and abandoning module TraceInsights (728)
[2025.12.20-10.16.25:479][ 64]MemoryProfiler: Shutdown
[2025.12.20-10.16.25:479][ 64]NetworkingProfiler: Shutdown
[2025.12.20-10.16.25:479][ 64]LoadingProfiler: Shutdown
[2025.12.20-10.16.25:480][ 64]TimingProfiler: Shutdown
[2025.12.20-10.16.25:484][ 64]LogModuleManager: Shutting down and abandoning module TraceServices (727)
[2025.12.20-10.16.25:486][ 64]LogModuleManager: Shutting down and abandoning module EditorInteractiveToolsFramework (724)
[2025.12.20-10.16.25:486][ 64]LogModuleManager: Shutting down and abandoning module TimeManagementEditor (722)
[2025.12.20-10.16.25:486][ 64]LogModuleManager: Shutting down and abandoning module InputBindingEditor (720)
[2025.12.20-10.16.25:488][ 64]LogModuleManager: Shutting down and abandoning module MergeActors (718)
[2025.12.20-10.16.25:489][ 64]LogModuleManager: Shutting down and abandoning module LocalizationDashboard (716)
[2025.12.20-10.16.25:490][ 64]LogModuleManager: Shutting down and abandoning module LocalizationService (715)
[2025.12.20-10.16.25:494][ 64]LogModuleManager: Shutting down and abandoning module HardwareTargeting (712)
[2025.12.20-10.16.25:494][ 64]LogModuleManager: Shutting down and abandoning module DeviceProfileEditor (710)
[2025.12.20-10.16.25:495][ 64]LogModuleManager: Shutting down and abandoning module UndoHistory (708)
[2025.12.20-10.16.25:496][ 64]LogModuleManager: Shutting down and abandoning module XmlParser (706)
[2025.12.20-10.16.25:497][ 64]LogModuleManager: Shutting down and abandoning module Blutility (704)
[2025.12.20-10.16.25:499][ 64]LogModuleManager: Shutting down and abandoning module ProjectSettingsViewer (702)
[2025.12.20-10.16.25:499][ 64]LogModuleManager: Shutting down and abandoning module ProjectTargetPlatformEditor (701)
[2025.12.20-10.16.25:500][ 64]LogModuleManager: Shutting down and abandoning module EditorSettingsViewer (698)
[2025.12.20-10.16.25:500][ 64]LogModuleManager: Shutting down and abandoning module InternationalizationSettings (697)
[2025.12.20-10.16.25:500][ 64]LogModuleManager: Shutting down and abandoning module SettingsEditor (694)
[2025.12.20-10.16.25:500][ 64]LogModuleManager: Shutting down and abandoning module ProjectLauncher (692)
[2025.12.20-10.16.25:501][ 64]LogModuleManager: Shutting down and abandoning module SessionFrontend (690)
[2025.12.20-10.16.25:503][ 64]LogModuleManager: Shutting down and abandoning module ProfilerClient (688)
[2025.12.20-10.16.25:503][ 64]LogModuleManager: Shutting down and abandoning module DeviceManager (686)
[2025.12.20-10.16.25:505][ 64]LogModuleManager: Shutting down and abandoning module TargetDeviceServices (685)
[2025.12.20-10.16.25:539][ 64]LogModuleManager: Shutting down and abandoning module AutomationController (682)
[2025.12.20-10.16.25:541][ 64]LogModuleManager: Shutting down and abandoning module AutomationWindow (680)
[2025.12.20-10.16.25:543][ 64]LogModuleManager: Shutting down and abandoning module Layers (678)
[2025.12.20-10.16.25:546][ 64]LogModuleManager: Shutting down and abandoning module ComponentVisualizers (676)
[2025.12.20-10.16.25:546][ 64]LogModuleManager: Shutting down and abandoning module DetailCustomizations (674)
[2025.12.20-10.16.25:546][ 64]LogModuleManager: Shutting down and abandoning module PackagesDialog (672)
[2025.12.20-10.16.25:546][ 64]LogModuleManager: Shutting down and abandoning module AnimationBlueprintEditor (670)
[2025.12.20-10.16.25:547][ 64]LogModuleManager: Shutting down and abandoning module Persona (668)
[2025.12.20-10.16.25:550][ 64]LogModuleManager: Shutting down and abandoning module AdvancedPreviewScene (667)
[2025.12.20-10.16.25:550][ 64]LogModuleManager: Shutting down and abandoning module AnimGraph (665)
[2025.12.20-10.16.25:551][ 64]LogModuleManager: Shutting down and abandoning module Kismet (662)
[2025.12.20-10.16.25:570][ 64]LogModuleManager: Shutting down and abandoning module KismetWidgets (661)
[2025.12.20-10.16.25:570][ 64]LogModuleManager: Shutting down and abandoning module GraphEditor (658)
[2025.12.20-10.16.25:571][ 64]LogModuleManager: Shutting down and abandoning module StructViewer (656)
[2025.12.20-10.16.25:571][ 64]LogModuleManager: Shutting down and abandoning module ClassViewer (654)
[2025.12.20-10.16.25:572][ 64]LogModuleManager: Shutting down and abandoning module Toolbox (652)
[2025.12.20-10.16.25:572][ 64]LogModuleManager: Shutting down and abandoning module ModuleUI (650)
[2025.12.20-10.16.25:573][ 64]LogModuleManager: Shutting down and abandoning module OutputLog (648)
[2025.12.20-10.16.25:575][ 64]LogModuleManager: Shutting down and abandoning module GammaUI (646)
[2025.12.20-10.16.25:576][ 64]LogModuleManager: Shutting down and abandoning module Documentation (644)
[2025.12.20-10.16.25:576][ 64]LogModuleManager: Shutting down and abandoning module LiveCoding (642)
[2025.12.20-10.16.25:577][ 64]LogModuleManager: Shutting down and abandoning module LevelSequence (640)
[2025.12.20-10.16.25:577][ 64]LogModuleManager: Shutting down and abandoning module MovieSceneTracks (638)
[2025.12.20-10.16.25:577][ 64]LogModuleManager: Shutting down and abandoning module MovieScene (636)
[2025.12.20-10.16.25:579][ 64]LogModuleManager: Shutting down and abandoning module StreamingPauseRendering (634)
[2025.12.20-10.16.25:580][ 64]LogModuleManager: Shutting down and abandoning module LauncherPlatform (632)
[2025.12.20-10.16.25:580][ 64]LogModuleManager: Shutting down and abandoning module AnalyticsET (630)
[2025.12.20-10.16.25:580][ 64]LogModuleManager: Shutting down and abandoning module PortalServices (628)
[2025.12.20-10.16.25:580][ 64]LogModuleManager: Shutting down and abandoning module PortalRpc (626)
[2025.12.20-10.16.25:580][ 64]LogModuleManager: Shutting down and abandoning module MessagingRpc (624)
[2025.12.20-10.16.25:580][ 64]LogModuleManager: Shutting down and abandoning module AudioMixerXAudio2 (622)
[2025.12.20-10.16.25:580][ 64]LogModuleManager: Shutting down and abandoning module AudioMixerCore (621)
[2025.12.20-10.16.25:580][ 64]LogModuleManager: Shutting down and abandoning module AIModule (618)
[2025.12.20-10.16.25:581][ 64]LogModuleManager: Shutting down and abandoning module GameplayDebugger (617)
[2025.12.20-10.16.25:581][ 64]LogModuleManager: Shutting down and abandoning module AITestSuite (615)
[2025.12.20-10.16.25:582][ 64]LogModuleManager: Shutting down and abandoning module NavigationSystem (613)
[2025.12.20-10.16.25:582][ 64]LogModuleManager: Shutting down and abandoning module ImageWriteQueue (610)
[2025.12.20-10.16.25:582][ 64]LogModuleManager: Shutting down and abandoning module ProfilerService (608)
[2025.12.20-10.16.25:626][ 64]LogModuleManager: Shutting down and abandoning module TaskGraph (606)
[2025.12.20-10.16.25:627][ 64]LogModuleManager: Shutting down and abandoning module AudioSynesthesiaEditor (604)
[2025.12.20-10.16.25:627][ 64]LogModuleManager: Shutting down and abandoning module OculusEditor (602)
[2025.12.20-10.16.25:631][ 64]LogModuleManager: Shutting down and abandoning module OculusInput (600)
[2025.12.20-10.16.25:631][ 64]LogModuleManager: Shutting down and abandoning module ContentBrowserClassDataSource (598)
[2025.12.20-10.16.25:631][ 64]LogModuleManager: Shutting down and abandoning module ContentBrowserFileDataSource (596)
[2025.12.20-10.16.25:631][ 64]LogModuleManager: Shutting down and abandoning module ContentBrowserAssetDataSource (594)
[2025.12.20-10.16.25:631][ 64]LogModuleManager: Shutting down and abandoning module CollectionManager (593)
[2025.12.20-10.16.25:632][ 64]LogModuleManager: Shutting down and abandoning module SynthesisEditor (590)
[2025.12.20-10.16.25:632][ 64]LogModuleManager: Shutting down and abandoning module Synthesis (588)
[2025.12.20-10.16.25:634][ 64]LogModuleManager: Shutting down and abandoning module ProceduralMeshComponentEditor (586)
[2025.12.20-10.16.25:635][ 64]LogModuleManager: Shutting down and abandoning module ProceduralMeshComponent (584)
[2025.12.20-10.16.25:635][ 64]LogModuleManager: Shutting down and abandoning module OpenXREditor (582)
[2025.12.20-10.16.25:635][ 64]LogModuleManager: Shutting down and abandoning module MobilePatchingUtils (580)
[2025.12.20-10.16.25:635][ 64]LogModuleManager: Shutting down and abandoning module ScreenshotTools (578)
[2025.12.20-10.16.25:635][ 64]LogModuleManager: Shutting down and abandoning module TakeSequencer (576)
[2025.12.20-10.16.25:635][ 64]LogModuleManager: Shutting down and abandoning module TakeMovieScene (574)
[2025.12.20-10.16.25:635][ 64]LogModuleManager: Shutting down and abandoning module GooglePAD (572)
[2025.12.20-10.16.25:636][ 64]LogModuleManager: Shutting down and abandoning module EditableMesh (570)
[2025.12.20-10.16.25:636][ 64]LogModuleManager: Shutting down and abandoning module CustomMeshComponent (568)
[2025.12.20-10.16.25:636][ 64]LogModuleManager: Shutting down and abandoning module CableComponent (566)
[2025.12.20-10.16.25:636][ 64]LogModuleManager: Shutting down and abandoning module AudioCapture (564)
[2025.12.20-10.16.25:636][ 64]LogModuleManager: Shutting down and abandoning module AudioCaptureRtAudio (563)
[2025.12.20-10.16.25:637][ 64]LogModuleManager: Shutting down and abandoning module ArchVisCharacter (560)
[2025.12.20-10.16.25:637][ 64]LogModuleManager: Shutting down and abandoning module AssetTags (558)
[2025.12.20-10.16.25:637][ 64]LogModuleManager: Shutting down and abandoning module AppleImageUtilsBlueprintSupport (556)
[2025.12.20-10.16.25:637][ 64]LogModuleManager: Shutting down and abandoning module AppleImageUtils (554)
[2025.12.20-10.16.25:637][ 64]LogModuleManager: Shutting down and abandoning module AndroidPermission (552)
[2025.12.20-10.16.25:637][ 64]LogModuleManager: Shutting down and abandoning module ActorLayerUtilitiesEditor (550)
[2025.12.20-10.16.25:637][ 64]LogModuleManager: Shutting down and abandoning module ActorLayerUtilities (548)
[2025.12.20-10.16.25:637][ 64]LogModuleManager: Shutting down and abandoning module TemplateSequence (546)
[2025.12.20-10.16.25:637][ 64]LogModuleManager: Shutting down and abandoning module ImgMedia (544)
[2025.12.20-10.16.25:637][ 64]LogModuleManager: Shutting down and abandoning module MediaCompositing (542)
[2025.12.20-10.16.25:637][ 64]LogModuleManager: Shutting down and abandoning module MotoSynthEditor (540)
[2025.12.20-10.16.25:637][ 64]LogModuleManager: Shutting down and abandoning module MotoSynth (538)
[2025.12.20-10.16.25:637][ 64]LogModuleManager: Shutting down and abandoning module OpenImageDenoise (536)
[2025.12.20-10.16.25:637][ 64]LogOpenImageDenoise: OIDN shutting down
[2025.12.20-10.16.25:637][ 64]LogModuleManager: Shutting down and abandoning module MeshConversion (534)
[2025.12.20-10.16.25:638][ 64]LogModuleManager: Shutting down and abandoning module DynamicMesh (532)
[2025.12.20-10.16.25:639][ 64]LogModuleManager: Shutting down and abandoning module GeometryAlgorithms (530)
[2025.12.20-10.16.25:640][ 64]LogModuleManager: Shutting down and abandoning module GeometricObjects (528)
[2025.12.20-10.16.25:640][ 64]LogModuleManager: Shutting down and abandoning module VisualStudioSourceCodeAccess (526)
[2025.12.20-10.16.25:641][ 64]LogModuleManager: Shutting down and abandoning module VisualStudioCodeSourceCodeAccess (524)
[2025.12.20-10.16.25:641][ 64]LogModuleManager: Shutting down and abandoning module UObjectPlugin (522)
[2025.12.20-10.16.25:641][ 64]LogModuleManager: Shutting down and abandoning module SubversionSourceControl (520)
[2025.12.20-10.16.25:643][ 64]LogModuleManager: Shutting down and abandoning module RiderSourceCodeAccess (518)
[2025.12.20-10.16.25:643][ 64]LogModuleManager: Shutting down and abandoning module PlasticSourceControl (516)
[2025.12.20-10.16.25:645][ 64]LogModuleManager: Shutting down and abandoning module PluginUtils (514)
[2025.12.20-10.16.25:645][ 64]LogModuleManager: Shutting down and abandoning module PerforceSourceControl (512)
[2025.12.20-10.16.25:648][ 64]LogModuleManager: Shutting down and abandoning module GitSourceControl (510)
[2025.12.20-10.16.25:649][ 64]LogModuleManager: Shutting down and abandoning module SourceControl (509)
[2025.12.20-10.16.25:650][ 64]LogModuleManager: Shutting down and abandoning module GeometryCollectionTracks (506)
[2025.12.20-10.16.25:650][ 64]LogModuleManager: Shutting down and abandoning module GeometryCollectionSequencer (505)
[2025.12.20-10.16.25:650][ 64]LogModuleManager: Shutting down and abandoning module GeometryCollectionEditor (502)
[2025.12.20-10.16.25:650][ 64]LogModuleManager: Shutting down and abandoning module CLionSourceCodeAccess (500)
[2025.12.20-10.16.25:650][ 64]LogModuleManager: Shutting down and abandoning module AnimationSharingEd (498)
[2025.12.20-10.16.25:650][ 64]LogModuleManager: Shutting down and abandoning module GeometryCacheTracks (496)
[2025.12.20-10.16.25:650][ 64]LogModuleManager: Shutting down and abandoning module GeometryCacheStreamer (494)
[2025.12.20-10.16.25:651][ 64]LogModuleManager: Shutting down and abandoning module GeometryCacheSequencer (492)
[2025.12.20-10.16.25:651][ 64]LogModuleManager: Shutting down and abandoning module ChaosNiagara (490)
[2025.12.20-10.16.25:651][ 64]LogModuleManager: Shutting down and abandoning module ChaosSolverEditor (488)
[2025.12.20-10.16.25:651][ 64]LogModuleManager: Shutting down and abandoning module FractureEditor (486)
[2025.12.20-10.16.25:652][ 64]LogModuleManager: Shutting down and abandoning module FieldSystemEngine (485)
[2025.12.20-10.16.25:652][ 64]LogModuleManager: Shutting down and abandoning module ChaosClothEditor (482)
[2025.12.20-10.16.25:653][ 64]LogModuleManager: Shutting down and abandoning module BackChannel (480)
[2025.12.20-10.16.25:653][ 64]LogModuleManager: Shutting down and abandoning module AutomationUtilsEditor (478)
[2025.12.20-10.16.25:653][ 64]LogModuleManager: Shutting down and abandoning module AutomationUtils (476)
[2025.12.20-10.16.25:653][ 64]LogModuleManager: Shutting down and abandoning module AlembicImporter (474)
[2025.12.20-10.16.25:653][ 64]LogModuleManager: Shutting down and abandoning module AlembicLibrary (473)
[2025.12.20-10.16.25:653][ 64]LogModuleManager: Shutting down and abandoning module GeometryCache (472)
[2025.12.20-10.16.25:653][ 64]LogModuleManager: Shutting down and abandoning module GeometryCacheEd (471)
[2025.12.20-10.16.25:653][ 64]LogModuleManager: Shutting down and abandoning module VariantManagerContentEditor (466)
[2025.12.20-10.16.25:654][ 64]LogModuleManager: Shutting down and abandoning module DatasmithContentEditor (464)
[2025.12.20-10.16.25:655][ 64]LogModuleManager: Shutting down and abandoning module MagicLeapSharedWorld (462)
[2025.12.20-10.16.25:655][ 64]LogModuleManager: Shutting down and abandoning module MagicLeapLightEstimation (460)
[2025.12.20-10.16.25:655][ 64]LogModuleManager: Shutting down and abandoning module NiagaraEditorWidgets (458)
[2025.12.20-10.16.25:658][ 64]LogModuleManager: Shutting down and abandoning module MagicLeapHelperVulkan (456)
[2025.12.20-10.16.25:658][ 64]LogModuleManager: Shutting down and abandoning module MagicLeapHelperOpenGL (454)
[2025.12.20-10.16.25:658][ 64]LogModuleManager: Shutting down and abandoning module MagicLeapAudio (452)
[2025.12.20-10.16.25:660][ 64]LogModuleManager: Shutting down and abandoning module PluginBrowser (450)
[2025.12.20-10.16.25:662][ 64]LogModuleManager: Shutting down and abandoning module SpeedTreeImporter (448)
[2025.12.20-10.16.25:662][ 64]LogModuleManager: Shutting down and abandoning module MobileLauncherProfileWizard (446)
[2025.12.20-10.16.25:663][ 64]LogModuleManager: Shutting down and abandoning module MaterialAnalyzer (444)
[2025.12.20-10.16.25:664][ 64]LogModuleManager: Shutting down and abandoning module CurveEditorTools (442)
[2025.12.20-10.16.25:665][ 64]LogModuleManager: Shutting down and abandoning module CryptoKeysOpenSSL (440)
[2025.12.20-10.16.25:665][ 64]LogModuleManager: Shutting down and abandoning module CryptoKeys (438)
[2025.12.20-10.16.25:665][ 64]LogModuleManager: Shutting down and abandoning module OodleNetworkHandlerComponent (436)
[2025.12.20-10.16.25:665][ 64]LogModuleManager: Shutting down and abandoning module PaperTiledImporter (434)
[2025.12.20-10.16.25:665][ 64]LogModuleManager: Shutting down and abandoning module PaperSpriteSheetImporter (432)
[2025.12.20-10.16.25:666][ 64]LogModuleManager: Shutting down and abandoning module Paper2DEditor (430)
[2025.12.20-10.16.25:668][ 64]LogModuleManager: Shutting down and abandoning module LightPropagationVolumeEditor (428)
[2025.12.20-10.16.25:669][ 64]LogModuleManager: Shutting down and abandoning module LiveLinkSequencer (426)
[2025.12.20-10.16.25:669][ 64]LogModuleManager: Shutting down and abandoning module LiveLinkMovieScene (424)
[2025.12.20-10.16.25:669][ 64]LogModuleManager: Shutting down and abandoning module LiveLinkGraphNode (422)
[2025.12.20-10.16.25:669][ 64]LogModuleManager: Shutting down and abandoning module LiveLinkEditor (420)
[2025.12.20-10.16.25:670][ 64]LogModuleManager: Shutting down and abandoning module LiveLinkComponents (418)
[2025.12.20-10.16.25:670][ 64]LogModuleManager: Shutting down and abandoning module LiveLink (416)
[2025.12.20-10.16.25:724][ 64]LogModuleManager: Shutting down and abandoning module MeshPaintingToolset (414)
[2025.12.20-10.16.25:725][ 64]LogModuleManager: Shutting down and abandoning module MeshPaintEditorMode (412)
[2025.12.20-10.16.25:726][ 64]LogModuleManager: Shutting down and abandoning module SignificanceManager (410)
[2025.12.20-10.16.25:727][ 64]LogModuleManager: Shutting down and abandoning module SoundFields (408)
[2025.12.20-10.16.25:727][ 64]LogModuleManager: Shutting down and abandoning module RuntimePhysXCooking (406)
[2025.12.20-10.16.25:727][ 64]LogModuleManager: Shutting down and abandoning module PropertyAccessEditor (404)
[2025.12.20-10.16.25:727][ 64]LogModuleManager: Shutting down and abandoning module PhysXVehiclesEditor (402)
[2025.12.20-10.16.25:727][ 64]LogModuleManager: Shutting down and abandoning module LocationServicesBPLibrary (398)
[2025.12.20-10.16.25:727][ 64]LogModuleManager: Shutting down and abandoning module AudioSynesthesia (396)
[2025.12.20-10.16.25:727][ 64]LogModuleManager: Shutting down and abandoning module AudioSynesthesiaCore (394)
[2025.12.20-10.16.25:727][ 64]LogModuleManager: Shutting down and abandoning module ActorSequence (392)
[2025.12.20-10.16.25:728][ 64]LogModuleManager: Shutting down and abandoning module ImgMediaEngine (390)
[2025.12.20-10.16.25:728][ 64]LogModuleManager: Shutting down and abandoning module PythonScriptPlugin (388)
[2025.12.20-10.16.25:728][ 64]LogModuleManager: Shutting down and abandoning module PropertyAccessNode (386)
[2025.12.20-10.16.25:728][ 64]LogModuleManager: Shutting down and abandoning module AnimationSharing (384)
[2025.12.20-10.16.25:728][ 64]LogModuleManager: Shutting down and abandoning module UdpMessaging (382)
[2025.12.20-10.16.25:829][ 64]LogModuleManager: Shutting down and abandoning module TcpMessaging (380)
[2025.12.20-10.16.25:931][ 64]LogModuleManager: Shutting down and abandoning module GameplayCameras (378)
[2025.12.20-10.16.25:931][ 64]LogModuleManager: Shutting down and abandoning module MagicLeapARPin (376)
[2025.12.20-10.16.25:931][ 64]LogModuleManager: Shutting down and abandoning module NiagaraAnimNotifies (374)
[2025.12.20-10.16.25:931][ 64]LogModuleManager: Shutting down and abandoning module Niagara (372)
[2025.12.20-10.16.25:933][ 64]LogModuleManager: Shutting down and abandoning module SignalProcessing (371)
[2025.12.20-10.16.25:933][ 64]LogModuleManager: Shutting down and abandoning module NiagaraEditor (369)
[2025.12.20-10.16.25:936][ 64]LogModuleManager: Shutting down and abandoning module NiagaraCore (366)
[2025.12.20-10.16.25:936][ 64]LogModuleManager: Shutting down and abandoning module MagicLeapHandMeshing (364)
[2025.12.20-10.16.25:936][ 64]LogModuleManager: Shutting down and abandoning module MagicLeapSecureStorage (362)
[2025.12.20-10.16.25:936][ 64]LogModuleManager: Shutting down and abandoning module MagicLeapPrivileges (360)
[2025.12.20-10.16.25:936][ 64]LogModuleManager: Shutting down and abandoning module MagicLeapPlanes (358)
[2025.12.20-10.16.25:938][ 64]LogMagicLeapPlanes: Planes tracker already destroyed.
[2025.12.20-10.16.25:938][ 64]LogModuleManager: Shutting down and abandoning module MagicLeapImageTracker (356)
[2025.12.20-10.16.25:938][ 64]LogModuleManager: Shutting down and abandoning module MagicLeapIdentity (354)
[2025.12.20-10.16.25:938][ 64]LogModuleManager: Shutting down and abandoning module MagicLeapHandTracking (352)
[2025.12.20-10.16.25:939][ 64]LogModuleManager: Shutting down and abandoning module MagicLeapEyeTracker (350)
[2025.12.20-10.16.25:939][ 64]LogModuleManager: Shutting down and abandoning module MagicLeapController (348)
[2025.12.20-10.16.25:939][ 64]LogModuleManager: Shutting down and abandoning module MagicLeapARPinImpl (346)
[2025.12.20-10.16.25:939][ 64]LogModuleManager: Shutting down and abandoning module MagicLeapAR (344)
[2025.12.20-10.16.25:939][ 64]LogModuleManager: Shutting down and abandoning module GameplayTagsEditor (342)
[2025.12.20-10.16.25:939][ 64]LogModuleManager: Shutting down and abandoning module FacialAnimationEditor (340)
[2025.12.20-10.16.25:939][ 64]LogModuleManager: Shutting down and abandoning module FacialAnimation (338)
[2025.12.20-10.16.25:939][ 64]LogModuleManager: Shutting down and abandoning module DataValidation (336)
[2025.12.20-10.16.25:939][ 64]LogModuleManager: Shutting down and abandoning module AssetManagerEditor (334)
[2025.12.20-10.16.25:942][ 64]LogModuleManager: Shutting down and abandoning module LevelEditor (333)
[2025.12.20-10.16.25:948][ 64]LogModuleManager: Shutting down and abandoning module PixelInspectorModule (332)
[2025.12.20-10.16.25:949][ 64]LogModuleManager: Shutting down and abandoning module CommonMenuExtensions (330)
[2025.12.20-10.16.25:949][ 64]LogModuleManager: Shutting down and abandoning module MainFrame (328)
[2025.12.20-10.16.25:949][ 64]LogModuleManager: Shutting down and abandoning module HotReload (327)
[2025.12.20-10.16.25:950][ 64]LogModuleManager: Shutting down and abandoning module ToolMenus (323)
[2025.12.20-10.16.25:950][ 64]LogModuleManager: Shutting down and abandoning module ContentBrowser (321)
[2025.12.20-10.16.25:950][ 64]LogModuleManager: Shutting down and abandoning module ContentBrowserData (320)
[2025.12.20-10.16.25:950][ 64]LogModuleManager: Shutting down and abandoning module TreeMap (317)
[2025.12.20-10.16.25:951][ 64]LogModuleManager: Shutting down and abandoning module Paper2D (314)
[2025.12.20-10.16.25:952][ 64]LogModuleManager: Shutting down and abandoning module LightPropagationVolumeRuntime (312)
[2025.12.20-10.16.25:952][ 64]LogModuleManager: Shutting down and abandoning module EnvironmentQueryEditor (310)
[2025.12.20-10.16.25:953][ 64]LogModuleManager: Shutting down and abandoning module WindowsMoviePlayer (308)
[2025.12.20-10.16.25:960][ 64]LogModuleManager: Shutting down and abandoning module WebMMoviePlayer (306)
[2025.12.20-10.16.25:961][ 64]LogModuleManager: Shutting down and abandoning module NetworkReplayStreaming (304)
[2025.12.20-10.16.25:961][ 64]LogModuleManager: Shutting down and abandoning module PacketHandler (302)
[2025.12.20-10.16.25:961][ 64]LogModuleManager: Shutting down and abandoning module ClothingSystemEditor (300)
[2025.12.20-10.16.25:961][ 64]LogModuleManager: Shutting down and abandoning module ClothingSystemRuntimeNv (298)
[2025.12.20-10.16.25:962][ 64]LogModuleManager: Shutting down and abandoning module MediaAssets (296)
[2025.12.20-10.16.25:962][ 64]LogModuleManager: Shutting down and abandoning module Overlay (294)
[2025.12.20-10.16.25:962][ 64]LogModuleManager: Shutting down and abandoning module OverlayEditor (293)
[2025.12.20-10.16.25:962][ 64]LogModuleManager: Shutting down and abandoning module VREditor (290)
[2025.12.20-10.16.25:962][ 64]LogModuleManager: Shutting down and abandoning module StringTableEditor (288)
[2025.12.20-10.16.25:963][ 64]LogModuleManager: Shutting down and abandoning module GameplayTasksEditor (286)
[2025.12.20-10.16.25:963][ 64]LogModuleManager: Shutting down and abandoning module BehaviorTreeEditor (284)
[2025.12.20-10.16.25:966][ 64]LogModuleManager: Shutting down and abandoning module FunctionalTesting (282)
[2025.12.20-10.16.25:966][ 64]LogModuleManager: Shutting down and abandoning module CollisionAnalyzer (280)
[2025.12.20-10.16.25:967][ 64]LogModuleManager: Shutting down and abandoning module WorkspaceMenuStructure (279)
[2025.12.20-10.16.25:967][ 64]LogModuleManager: Shutting down and abandoning module UMG (276)
[2025.12.20-10.16.25:967][ 64]LogModuleManager: Shutting down and abandoning module UMGEditor (275)
[2025.12.20-10.16.25:968][ 64]LogModuleManager: Shutting down and abandoning module MessageLog (273)
[2025.12.20-10.16.25:968][ 64]LogModuleManager: Shutting down and abandoning module SlateReflector (268)
[2025.12.20-10.16.25:972][ 64]LogModuleManager: Shutting down and abandoning module Slate (266)
[2025.12.20-10.16.25:972][ 64]LogModuleManager: Shutting down and abandoning module SlateCore (264)
[2025.12.20-10.16.25:972][ 64]LogModuleManager: Shutting down and abandoning module LandscapeEditorUtilities (262)
[2025.12.20-10.16.25:972][ 64]LogModuleManager: Shutting down and abandoning module UnrealEd (260)
[2025.12.20-10.16.25:972][ 64]LogModuleManager: Shutting down and abandoning module MRMesh (258)
[2025.12.20-10.16.25:972][ 64]LogModuleManager: Shutting down and abandoning module SourceCodeAccess (256)
[2025.12.20-10.16.25:972][ 64]LogModuleManager: Shutting down and abandoning module HeadMountedDisplay (254)
[2025.12.20-10.16.25:972][ 64]LogModuleManager: Shutting down and abandoning module XAudio2 (252)
[2025.12.20-10.16.25:973][ 64]LogModuleManager: Shutting down and abandoning module Networking (250)
[2025.12.20-10.16.25:973][ 64]LogModuleManager: Shutting down and abandoning module Core (248)
[2025.12.20-10.16.25:973][ 64]LogModuleManager: Shutting down and abandoning module MaterialEditor (246)
[2025.12.20-10.16.25:973][ 64]LogModuleManager: Shutting down and abandoning module MovieSceneTools (244)
[2025.12.20-10.16.25:974][ 64]LogModuleManager: Shutting down and abandoning module CurveEditor (243)
[2025.12.20-10.16.25:976][ 64]LogModuleManager: Shutting down and abandoning module Sequencer (241)
[2025.12.20-10.16.25:979][ 64]LogModuleManager: Shutting down and abandoning module EditorStyle (240)
[2025.12.20-10.16.25:980][ 64]LogModuleManager: Shutting down and abandoning module KismetCompiler (236)
[2025.12.20-10.16.25:980][ 64]LogModuleManager: Shutting down and abandoning module MeshBuilder (234)
[2025.12.20-10.16.25:980][ 64]LogModuleManager: Shutting down and abandoning module MeshUtilities (232)
[2025.12.20-10.16.25:980][ 64]LogModuleManager: Shutting down and abandoning module MeshMergeUtilities (231)
[2025.12.20-10.16.25:982][ 64]LogModuleManager: Shutting down and abandoning module MeshReductionInterface (230)
[2025.12.20-10.16.25:982][ 64]LogModuleManager: Shutting down and abandoning module MeshBoneReduction (229)
[2025.12.20-10.16.25:982][ 64]LogModuleManager: Shutting down and abandoning module SkeletalMeshReduction (227)
[2025.12.20-10.16.25:983][ 64]LogModuleManager: Shutting down and abandoning module ProxyLODMeshReduction (225)
[2025.12.20-10.16.25:983][ 64]LogModuleManager: Shutting down and abandoning module QuadricMeshReduction (223)
[2025.12.20-10.16.25:984][ 64]LogModuleManager: Shutting down and abandoning module MaterialBaking (219)
[2025.12.20-10.16.25:985][ 64]LogModuleManager: Shutting down and abandoning module NullInstallBundleManager (214)
[2025.12.20-10.16.25:985][ 64]LogModuleManager: Shutting down and abandoning module DerivedDataCache (212)
[2025.12.20-10.16.25:985][ 64]LogModuleManager: Shutting down and abandoning module TargetPlatform (210)
[2025.12.20-10.16.25:985][ 64]LogModuleManager: Shutting down and abandoning module VulkanShaderFormat (209)
[2025.12.20-10.16.25:986][ 64]LogModuleManager: Shutting down and abandoning module ShaderFormatVectorVM (207)
[2025.12.20-10.16.25:987][ 64]LogModuleManager: Shutting down and abandoning module ShaderFormatOpenGL (205)
[2025.12.20-10.16.25:987][ 64]LogModuleManager: Shutting down and abandoning module ShaderFormatD3D (203)
[2025.12.20-10.16.25:988][ 64]LogModuleManager: Shutting down and abandoning module MetalShaderFormat (201)
[2025.12.20-10.16.25:988][ 64]LogModuleManager: Shutting down and abandoning module TextureFormatOodle (199)
[2025.12.20-10.16.25:988][ 64]LogModuleManager: Shutting down and abandoning module TextureFormatUncompressed (197)
[2025.12.20-10.16.25:988][ 64]LogModuleManager: Shutting down and abandoning module TextureFormatPVR (195)
[2025.12.20-10.16.25:988][ 64]LogModuleManager: Shutting down and abandoning module TextureFormatETC2 (193)
[2025.12.20-10.16.25:988][ 64]LogModuleManager: Shutting down and abandoning module TextureFormatDXT (191)
[2025.12.20-10.16.25:988][ 64]LogModuleManager: Shutting down and abandoning module TextureFormatIntelISPCTexComp (189)
[2025.12.20-10.16.25:989][ 64]LogModuleManager: Shutting down and abandoning module TextureFormatASTC (187)
[2025.12.20-10.16.25:989][ 64]LogModuleManager: Shutting down and abandoning module ImageWrapper (186)
[2025.12.20-10.16.25:989][ 64]LogModuleManager: Shutting down and abandoning module AudioFormatOpus (183)
[2025.12.20-10.16.25:989][ 64]LogModuleManager: Shutting down and abandoning module AudioFormatOgg (181)
[2025.12.20-10.16.25:989][ 64]LogModuleManager: Shutting down and abandoning module AudioFormatADPCM (179)
[2025.12.20-10.16.25:989][ 64]LogModuleManager: Shutting down and abandoning module WindowsServerTargetPlatform (177)
[2025.12.20-10.16.25:989][ 64]LogModuleManager: Shutting down and abandoning module WindowsClientTargetPlatform (175)
[2025.12.20-10.16.25:989][ 64]LogModuleManager: Shutting down and abandoning module WindowsTargetPlatform (173)
[2025.12.20-10.16.25:989][ 64]LogModuleManager: Shutting down and abandoning module WindowsNoEditorTargetPlatform (171)
[2025.12.20-10.16.25:989][ 64]LogModuleManager: Shutting down and abandoning module TVOSTargetPlatform (169)
[2025.12.20-10.16.25:994][ 64]LogModuleManager: Shutting down and abandoning module MacServerTargetPlatform (167)
[2025.12.20-10.16.25:994][ 64]LogModuleManager: Shutting down and abandoning module MacClientTargetPlatform (165)
[2025.12.20-10.16.25:994][ 64]LogModuleManager: Shutting down and abandoning module MacTargetPlatform (163)
[2025.12.20-10.16.25:994][ 64]LogModuleManager: Shutting down and abandoning module MacNoEditorTargetPlatform (161)
[2025.12.20-10.16.25:994][ 64]LogModuleManager: Shutting down and abandoning module LuminTargetPlatform (159)
[2025.12.20-10.16.26:002][ 64]LogModuleManager: Shutting down and abandoning module LinuxAArch64ServerTargetPlatform (157)
[2025.12.20-10.16.26:002][ 64]LogModuleManager: Shutting down and abandoning module LinuxAArch64ClientTargetPlatform (155)
[2025.12.20-10.16.26:002][ 64]LogModuleManager: Shutting down and abandoning module LinuxAArch64NoEditorTargetPlatform (153)
[2025.12.20-10.16.26:002][ 64]LogModuleManager: Shutting down and abandoning module LinuxServerTargetPlatform (151)
[2025.12.20-10.16.26:002][ 64]LogModuleManager: Shutting down and abandoning module LinuxClientTargetPlatform (149)
[2025.12.20-10.16.26:002][ 64]LogModuleManager: Shutting down and abandoning module LinuxNoEditorTargetPlatform (147)
[2025.12.20-10.16.26:002][ 64]LogModuleManager: Shutting down and abandoning module LinuxTargetPlatform (145)
[2025.12.20-10.16.26:002][ 64]LogModuleManager: Shutting down and abandoning module Messaging (143)
[2025.12.20-10.16.26:002][ 64]LogModuleManager: Shutting down and abandoning module IOSTargetPlatform (141)
[2025.12.20-10.16.26:006][ 64]LogModuleManager: Shutting down and abandoning module AndroidTargetPlatform (139)
[2025.12.20-10.16.26:020][ 64]LogModuleManager: Shutting down and abandoning module AllDesktopTargetPlatform (137)
[2025.12.20-10.16.26:020][ 64]LogModuleManager: Shutting down and abandoning module D3D11RHI (134)
[2025.12.20-10.16.26:020][ 64]LogModuleManager: Shutting down and abandoning module InputCore (132)
[2025.12.20-10.16.26:020][ 64]LogModuleManager: Shutting down and abandoning module Settings (130)
[2025.12.20-10.16.26:020][ 64]LogModuleManager: Shutting down and abandoning module DirectoryWatcher (128)
[2025.12.20-10.16.26:021][ 64]LogModuleManager: Shutting down and abandoning module PhysXCooking (126)
[2025.12.20-10.16.26:021][ 64]LogModuleManager: Shutting down and abandoning module Chaos (124)
[2025.12.20-10.16.26:021][ 64]LogModuleManager: Shutting down and abandoning module WindowsPlatformFeatures (122)
[2025.12.20-10.16.26:021][ 64]LogModuleManager: Shutting down and abandoning module GameplayMediaEncoder (121)
[2025.12.20-10.16.26:022][ 64]LogModuleManager: Shutting down and abandoning module AVEncoder (120)
[2025.12.20-10.16.26:022][ 64]LogModuleManager: Shutting down and abandoning module SteamVRInputDevice (116)
[2025.12.20-10.16.26:022][ 64]LogModuleManager: Shutting down and abandoning module SteamVRInput (114)
[2025.12.20-10.16.26:022][ 64]LogModuleManager: Shutting down and abandoning module SteamVR (112)
[2025.12.20-10.16.26:022][ 64]LogHMD: Freeing OpenVRDLLHandle.
[2025.12.20-10.16.26:022][ 64]LogModuleManager: Shutting down and abandoning module OculusHMD (110)
[2025.12.20-10.16.26:023][ 64]LogModuleManager: Shutting down and abandoning module OpenXREyeTracker (108)
[2025.12.20-10.16.26:023][ 64]LogModuleManager: Shutting down and abandoning module OpenXRHandTracking (106)
[2025.12.20-10.16.26:023][ 64]LogSlate: Slate User Destroyed.  User Index 0, Is Virtual User: 0
[2025.12.20-10.16.26:023][ 64]LogModuleManager: Shutting down and abandoning module OpenXRAR (104)
[2025.12.20-10.16.26:024][ 64]LogModuleManager: Shutting down and abandoning module AugmentedReality (103)
[2025.12.20-10.16.26:024][ 64]LogModuleManager: Shutting down and abandoning module OpenXRHMD (100)
[2025.12.20-10.16.26:025][ 64]LogModuleManager: Shutting down and abandoning module ExampleDeviceProfileSelector (98)
[2025.12.20-10.16.26:025][ 64]LogModuleManager: Shutting down and abandoning module ChunkDownloader (96)
[2025.12.20-10.16.26:026][ 64]LogModuleManager: Shutting down and abandoning module OnlineBlueprintSupport (94)
[2025.12.20-10.16.26:026][ 64]LogModuleManager: Shutting down and abandoning module OnlineSubsystem (90)
[2025.12.20-10.16.26:027][ 64]LogModuleManager: Shutting down and abandoning module XMPP (85)
[2025.12.20-10.16.26:028][ 64]LogModuleManager: Shutting down and abandoning module WebSockets (84)
[2025.12.20-10.16.26:033][ 64]LogModuleManager: Shutting down and abandoning module HTTP (81)
[2025.12.20-10.16.26:033][ 64]LogHttp: Display: Http module shutting down, but needs to wait on 1 outstanding Http requests:
[2025.12.20-10.16.26:034][ 64]LogHttp: Display: 	verb=[POST] url=[https://datarouter.ol.epicgames.com/datarouter/api/v1/public/data?SessionID=%7B84F7266B-4380-DE91-EFA6-48A22CFD9F3E%7D&AppID=UEEditor.Rocket.Release&AppVersion=4.27.2-18319896%2B%2B%2BUE4%2BRelease-4.27&UserID=b04b7cc342cbf28028732289d7babebf%7C984fab8377564a2eb8bdb4af4726766f%7C7b2af634-a612-4e7f-9a50-30bec8fc931d&AppEnvironment=datacollector-binary&UploadType=eteventstream] refs=[1] status=Processing
[2025.12.20-10.16.26:034][ 64]LogHttp: Display: cleaning up 1 outstanding Http requests.
[2025.12.20-10.16.26:061][ 64]LogModuleManager: Shutting down and abandoning module SSL (80)
[2025.12.20-10.16.26:062][ 64]LogModuleManager: Shutting down and abandoning module LauncherChunkInstaller (76)
[2025.12.20-10.16.26:062][ 64]LogModuleManager: Shutting down and abandoning module WmfMedia (74)
[2025.12.20-10.16.26:067][ 64]LogModuleManager: Shutting down and abandoning module Media (73)
[2025.12.20-10.16.26:067][ 64]LogModuleManager: Shutting down and abandoning module MediaInfo (72)
[2025.12.20-10.16.26:067][ 64]LogModuleManager: Shutting down and abandoning module ExrReaderGpu (68)
[2025.12.20-10.16.26:068][ 64]LogModuleManager: Shutting down and abandoning module PixWinPlugin (66)
[2025.12.20-10.16.26:069][ 64]LogModuleManager: Shutting down and abandoning module ChaosCloth (64)
[2025.12.20-10.16.26:069][ 64]LogModuleManager: Shutting down and abandoning module VariantManagerContent (62)
[2025.12.20-10.16.26:069][ 64]LogModuleManager: Shutting down and abandoning module DatasmithContent (60)
[2025.12.20-10.16.26:069][ 64]LogModuleManager: Shutting down and abandoning module MLSDK (58)
[2025.12.20-10.16.26:071][ 64]LogModuleManager: Shutting down and abandoning module NiagaraVertexFactories (56)
[2025.12.20-10.16.26:071][ 64]LogModuleManager: Shutting down and abandoning module NiagaraShader (54)
[2025.12.20-10.16.26:071][ 64]LogModuleManager: Shutting down and abandoning module MagicLeap (52)
[2025.12.20-10.16.26:071][ 64]LogModuleManager: Shutting down and abandoning module AISupportModule (50)
[2025.12.20-10.16.26:071][ 64]LogModuleManager: Shutting down and abandoning module DesktopPlatform (48)
[2025.12.20-10.16.26:071][ 64]LogModuleManager: Shutting down and abandoning module PythonScriptPluginPreload (46)
[2025.12.20-10.16.26:071][ 64]LogModuleManager: Shutting down and abandoning module PlatformCryptoOpenSSL (44)
[2025.12.20-10.16.26:071][ 64]LogModuleManager: Shutting down and abandoning module PlatformCryptoTypes (42)
[2025.12.20-10.16.26:071][ 64]LogModuleManager: Shutting down and abandoning module PlatformCrypto (40)
[2025.12.20-10.16.26:071][ 64]LogModuleManager: Shutting down and abandoning module OodleDataCompressionFormat (38)
[2025.12.20-10.16.26:072][ 64]LogModuleManager: Shutting down and abandoning module XGEController (36)
[2025.12.20-10.16.26:073][ 64]LogXGEController: Cleaning working directory: C:/Users/Владислав/AppData/Local/Temp/UnrealXGEWorkingDir/
[2025.12.20-10.16.26:073][ 64]LogModuleManager: Shutting down and abandoning module AnimationModifiers (34)
[2025.12.20-10.16.26:073][ 64]LogModuleManager: Shutting down and abandoning module AudioEditor (32)
[2025.12.20-10.16.26:076][ 64]LogModuleManager: Shutting down and abandoning module PropertyEditor (31)
[2025.12.20-10.16.26:077][ 64]LogModuleManager: Shutting down and abandoning module TextureCompressor (28)
[2025.12.20-10.16.26:077][ 64]LogModuleManager: Shutting down and abandoning module RenderCore (26)
[2025.12.20-10.16.26:077][ 64]LogModuleManager: Shutting down and abandoning module Landscape (24)
[2025.12.20-10.16.26:077][ 64]LogModuleManager: Shutting down and abandoning module SlateRHIRenderer (22)
[2025.12.20-10.16.26:078][ 64]LogModuleManager: Shutting down and abandoning module AnimGraphRuntime (20)
[2025.12.20-10.16.26:079][ 64]LogModuleManager: Shutting down and abandoning module Renderer (18)
[2025.12.20-10.16.26:079][ 64]LogModuleManager: Shutting down and abandoning module Engine (16)
[2025.12.20-10.16.26:079][ 64]LogModuleManager: Shutting down and abandoning module CoreUObject (14)
[2025.12.20-10.16.26:079][ 64]LogModuleManager: Shutting down and abandoning module NetworkFile (12)
[2025.12.20-10.16.26:081][ 64]LogModuleManager: Shutting down and abandoning module CookedIterativeFile (10)
[2025.12.20-10.16.26:081][ 64]LogModuleManager: Shutting down and abandoning module StreamingFile (8)
[2025.12.20-10.16.26:081][ 64]LogModuleManager: Shutting down and abandoning module SandboxFile (6)
[2025.12.20-10.16.26:082][ 64]LogModuleManager: Shutting down and abandoning module PakFile (4)
[2025.12.20-10.16.26:082][ 64]LogModuleManager: Shutting down and abandoning module RSA (3)
[2025.12.20-10.16.26:082][ 64]LogContentStreaming: Display: There are 1 unreleased StreamingManagers
[2025.12.20-10.16.26:102][ 64]LogD3D11RHI: Shutdown
[2025.12.20-10.16.26:102][ 64]LogD3D11RHI: CleanupD3DDevice
[2025.12.20-10.16.26:110][ 64]LogExit: Exiting.
[2025.12.20-10.16.26:119][ 64]Log file closed, 12/20/25 13:16:26
