Log file open, 12/18/25 23:26:59
LogWindows: Failed to load 'aqProf.dll' (GetLastError=126)
LogWindows: File 'aqProf.dll' does not exist
LogWindows: Failed to load 'VtuneApi.dll' (GetLastError=126)
LogWindows: File 'VtuneApi.dll' does not exist
LogWindows: Failed to load 'VtuneApi32e.dll' (GetLastError=126)
LogWindows: File 'VtuneApi32e.dll' does not exist
LogConsoleResponse: Display: Failed to find resolution value strings in scalability ini. Falling back to default.
LogConsoleResponse: Display: Failed to find resolution value strings in scalability ini. Falling back to default.
LogInit: Display: Running engine for game: Mini_laboratory
LogPlatformFile: Not using cached read wrapper
LogTaskGraph: Started task graph with 5 named threads and 23 total threads with 3 sets of task threads.
LogStats: Stats thread started at 0.184750
LogICUInternationalization: ICU TimeZone Detection - Raw Offset: +3:00, Platform Override: ''
LogInit: Display: Loading text-based GConfig....
LogPluginManager: Mounting plugin MeshPainting
LogPluginManager: Mounting plugin XGEController
LogPluginManager: Mounting plugin AISupport
LogPluginManager: Mounting plugin Paper2D
LogPluginManager: Mounting plugin CameraShakePreviewer
LogPluginManager: Mounting plugin EnvironmentQueryEditor
LogPluginManager: Mounting plugin LightPropagationVolume
LogPluginManager: Mounting plugin GameplayCameras
LogPluginManager: Mounting plugin AnimationSharing
LogPluginManager: Mounting plugin OodleData
LogPluginManager: Mounting plugin CLionSourceCodeAccess
LogPluginManager: Mounting plugin OodleNetwork
LogPluginManager: Mounting plugin AssetManagerEditor
LogPluginManager: Mounting plugin CodeLiteSourceCodeAccess
LogPluginManager: Mounting plugin KDevelopSourceCodeAccess
LogPluginManager: Mounting plugin GitSourceControl
LogPluginManager: Mounting plugin NullSourceCodeAccess
LogPluginManager: Mounting plugin CryptoKeys
LogPluginManager: Mounting plugin CurveEditorTools
LogPluginManager: Mounting plugin PerforceSourceControl
LogPluginManager: Mounting plugin PlasticSourceControl
LogPluginManager: Mounting plugin PixWinPlugin
LogPluginManager: Mounting plugin DataValidation
LogPluginManager: Mounting plugin PluginUtils
LogPluginManager: Mounting plugin PropertyAccessNode
LogPluginManager: Mounting plugin RiderSourceCodeAccess
LogPluginManager: Mounting plugin FacialAnimation
LogPluginManager: Mounting plugin TextureFormatOodle
LogPluginManager: Mounting plugin SubversionSourceControl
LogPluginManager: Mounting plugin VisualStudioCodeSourceCodeAccess
LogPluginManager: Mounting plugin GameplayTagsEditor
LogPluginManager: Mounting plugin UObjectPlugin
LogPluginManager: Mounting plugin VisualStudioSourceCodeAccess
LogPluginManager: Mounting plugin GeometryMode
LogPluginManager: Mounting plugin MacGraphicsSwitching
LogPluginManager: Mounting plugin MaterialAnalyzer
LogPluginManager: Mounting plugin XCodeSourceCodeAccess
LogPluginManager: Mounting plugin MobileLauncherProfileWizard
LogPluginManager: Mounting plugin PluginBrowser
LogPluginManager: Mounting plugin SpeedTreeImporter
LogPluginManager: Mounting plugin DatasmithContent
LogPluginManager: Mounting plugin AlembicImporter
LogPluginManager: Mounting plugin AutomationUtils
LogPluginManager: Mounting plugin BackChannel
LogPluginManager: Mounting plugin ChaosCloth
LogPluginManager: Mounting plugin ChaosClothEditor
LogPluginManager: Mounting plugin ChaosEditor
LogPluginManager: Mounting plugin ChaosNiagara
LogPluginManager: Mounting plugin ChaosSolverPlugin
LogPluginManager: Mounting plugin CharacterAI
LogPluginManager: Mounting plugin GeometryCache
LogPluginManager: Mounting plugin GeometryCollectionPlugin
LogPluginManager: Mounting plugin GeometryProcessing
LogPluginManager: Mounting plugin OpenImageDenoise
LogPluginManager: Mounting plugin MotoSynth
LogPluginManager: Mounting plugin Niagara
LogPluginManager: Mounting plugin PythonScriptPlugin
LogPluginManager: Mounting plugin ProxyLODPlugin
LogPluginManager: Mounting plugin PlatformCrypto
LogPluginManager: Mounting plugin PlanarCut
LogPluginManager: Mounting plugin SkeletalReduction
LogPluginManager: Mounting plugin LuminPlatformFeatures
LogPluginManager: Mounting plugin MagicLeap
LogPluginManager: Mounting plugin MagicLeapMedia
LogPluginManager: Mounting plugin MagicLeapLightEstimation
LogPluginManager: Mounting plugin MagicLeapPassableWorld
LogPluginManager: Mounting plugin MLSDK
LogPluginManager: Mounting plugin AndroidMedia
LogPluginManager: Mounting plugin AvfMedia
LogPluginManager: Mounting plugin ImgMedia
LogPluginManager: Mounting plugin MediaCompositing
LogPluginManager: Mounting plugin MediaPlayerEditor
LogPluginManager: Mounting plugin WmfMedia
LogPluginManager: Mounting plugin WebMMedia
LogPluginManager: Mounting plugin TcpMessaging
LogPluginManager: Mounting plugin UdpMessaging
LogPluginManager: Mounting plugin ActorSequence
LogPluginManager: Mounting plugin MatineeToLevelSequence
LogPluginManager: Mounting plugin LevelSequenceEditor
LogPluginManager: Mounting plugin TemplateSequence
LogPluginManager: Mounting plugin OnlineSubsystem
LogPluginManager: Mounting plugin OnlineSubsystemNull
LogPluginManager: Mounting plugin OnlineSubsystemUtils
LogPluginManager: Mounting plugin ActorLayerUtilities
LogPluginManager: Mounting plugin LauncherChunkInstaller
LogPluginManager: Mounting plugin AndroidDeviceProfileSelector
LogPluginManager: Mounting plugin AndroidPermission
LogPluginManager: Mounting plugin AndroidMoviePlayer
LogPluginManager: Mounting plugin AppleImageUtils
LogPluginManager: Mounting plugin AppleMoviePlayer
LogPluginManager: Mounting plugin ArchVisCharacter
LogPluginManager: Mounting plugin AssetTags
LogPluginManager: Mounting plugin AudioSynesthesia
LogPluginManager: Mounting plugin AudioCapture
LogPluginManager: Mounting plugin CableComponent
LogPluginManager: Mounting plugin ChunkDownloader
LogPluginManager: Mounting plugin CustomMeshComponent
LogPluginManager: Mounting plugin EditableMesh
LogPluginManager: Mounting plugin ExampleDeviceProfileSelector
LogPluginManager: Mounting plugin GooglePAD
LogPluginManager: Mounting plugin GoogleCloudMessaging
LogPluginManager: Mounting plugin IOSDeviceProfileSelector
LogPluginManager: Mounting plugin LinuxDeviceProfileSelector
LogPluginManager: Mounting plugin LocationServicesBPLibrary
LogPluginManager: Mounting plugin MobilePatchingUtils
LogPluginManager: Mounting plugin OpenXREyeTracker
LogPluginManager: Mounting plugin OpenXR
LogPluginManager: Mounting plugin OpenXRHandTracking
LogPluginManager: Mounting plugin PhysXVehicles
LogPluginManager: Mounting plugin ProceduralMeshComponent
LogPluginManager: Mounting plugin PostSplashScreen
LogPluginManager: Mounting plugin PropertyAccessEditor
LogPluginManager: Mounting plugin SignificanceManager
LogPluginManager: Mounting plugin RuntimePhysXCooking
LogPluginManager: Mounting plugin SoundFields
LogPluginManager: Mounting plugin Synthesis
LogPluginManager: Mounting plugin WebMMoviePlayer
LogPluginManager: Mounting plugin WindowsMoviePlayer
LogPluginManager: Mounting plugin ScreenshotTools
LogPluginManager: Mounting plugin Takes
LogPluginManager: Mounting plugin LiveLink
LogPluginManager: Mounting plugin VariantManagerContent
LogPluginManager: Mounting plugin ContentBrowserAssetDataSource
LogPluginManager: Mounting plugin ContentBrowserClassDataSource
LogPluginManager: Mounting plugin ContentBrowserFileDataSource
LogPluginManager: Mounting plugin OnlineSubsystemGooglePlay
LogPluginManager: Mounting plugin OnlineSubsystemIOS
LogPluginManager: Mounting plugin OculusVR
LogPluginManager: Mounting plugin SteamVR
PixWinPlugin: PIX capture plugin failed to initialize! Check that the process is launched from PIX.
LogInit: Using libcurl 7.55.1-DEV
LogInit:  - built for x86_64-pc-win32
LogInit:  - supports SSL with OpenSSL/1.1.1
LogInit:  - supports HTTP deflate (compression) using libz 1.2.8
LogInit:  - other features:
LogInit:      CURL_VERSION_SSL
LogInit:      CURL_VERSION_LIBZ
LogInit:      CURL_VERSION_IPV6
LogInit:      CURL_VERSION_ASYNCHDNS
LogInit:      CURL_VERSION_LARGEFILE
LogInit:      CURL_VERSION_IDN
LogInit:  CurlRequestOptions (configurable via config and command line):
LogInit:  - bVerifyPeer = true  - Libcurl will verify peer certificate
LogInit:  - bUseHttpProxy = false  - Libcurl will NOT use HTTP proxy
LogInit:  - bDontReuseConnections = false  - Libcurl will reuse connections
LogInit:  - MaxHostConnections = 16  - Libcurl will limit the number of connections to a host
LogInit:  - LocalHostAddr = Default
LogInit:  - BufferSize = 65536
LogOnline: OSS: Creating online subsystem instance for: NULL
LogInit: WinSock: version 1.1 (2.2), MaxSocks=32767, MaxUdp=65467
LogOnline: OSS: TryLoadSubsystemAndSetDefault: Loaded subsystem for module [NULL]
LogOculusPluginWrapper: OculusPlugin initialized successfully
LogHMD: Failed initializing OVRPlugin 1.59.0
LogInit: Build: ++UE4+Release-4.27-CL-18319896
LogInit: Engine Version: 4.27.2-18319896+++UE4+Release-4.27
LogInit: Compatible Engine Version: 4.27.0-17155196+++UE4+Release-4.27
LogInit: Net CL: 17155196
LogInit: OS: Windows 10 (Release 2009) (), CPU: Intel(R) Core(TM) i5-10300H CPU @ 2.50GHz, GPU: Intel(R) UHD Graphics
LogInit: Compiled (64-bit): Nov 30 2021 07:12:08
LogInit: Compiled with Visual C++: 19.24.28315.00
LogInit: Build Configuration: Development
LogInit: Branch Name: ++UE4+Release-4.27
LogInit: Command Line: 
LogInit: Base Directory: D:/Progams on PC/Unreal/UE_4.27/Engine/Binaries/Win64/
LogInit: Allocator: TBB
LogInit: Installed Engine Build: 1
LogDevObjectVersion: Number of dev versions registered: 29
LogDevObjectVersion:   Dev-Blueprints (B0D832E4-1F89-4F0D-ACCF-7EB736FD4AA2): 10
LogDevObjectVersion:   Dev-Build (E1C64328-A22C-4D53-A36C-8E866417BD8C): 0
LogDevObjectVersion:   Dev-Core (375EC13C-06E4-48FB-B500-84F0262A717E): 4
LogDevObjectVersion:   Dev-Editor (E4B068ED-F494-42E9-A231-DA0B2E46BB41): 40
LogDevObjectVersion:   Dev-Framework (CFFC743F-43B0-4480-9391-14DF171D2073): 37
LogDevObjectVersion:   Dev-Mobile (B02B49B5-BB20-44E9-A304-32B752E40360): 3
LogDevObjectVersion:   Dev-Networking (A4E4105C-59A1-49B5-A7C5-40C4547EDFEE): 0
LogDevObjectVersion:   Dev-Online (39C831C9-5AE6-47DC-9A44-9C173E1C8E7C): 0
LogDevObjectVersion:   Dev-Physics (78F01B33-EBEA-4F98-B9B4-84EACCB95AA2): 14
LogDevObjectVersion:   Dev-Platform (6631380F-2D4D-43E0-8009-CF276956A95A): 0
LogDevObjectVersion:   Dev-Rendering (12F88B9F-8875-4AFC-A67C-D90C383ABD29): 45
LogDevObjectVersion:   Dev-Sequencer (7B5AE74C-D270-4C10-A958-57980B212A5A): 13
LogDevObjectVersion:   Dev-VR (D7296918-1DD6-4BDD-9DE2-64A83CC13884): 3
LogDevObjectVersion:   Dev-LoadTimes (C2A15278-BFE7-4AFE-6C17-90FF531DF755): 1
LogDevObjectVersion:   Private-Geometry (6EACA3D4-40EC-4CC1-B786-8BED09428FC5): 3
LogDevObjectVersion:   Dev-AnimPhys (29E575DD-E0A3-4627-9D10-D276232CDCEA): 17
LogDevObjectVersion:   Dev-Anim (AF43A65D-7FD3-4947-9873-3E8ED9C1BB05): 15
LogDevObjectVersion:   Dev-ReflectionCapture (6B266CEC-1EC7-4B8F-A30B-E4D90942FC07): 1
LogDevObjectVersion:   Dev-Automation (0DF73D61-A23F-47EA-B727-89E90C41499A): 1
LogDevObjectVersion:   FortniteMain (601D1886-AC64-4F84-AA16-D3DE0DEAC7D6): 47
LogDevObjectVersion:   FortniteRelease (E7086368-6B23-4C58-8439-1B7016265E91): 1
LogDevObjectVersion:   Dev-Enterprise (9DFFBCD6-494F-0158-E221-12823C92A888): 10
LogDevObjectVersion:   Dev-Niagara (F2AED0AC-9AFE-416F-8664-AA7FFA26D6FC): 1
LogDevObjectVersion:   Dev-Destruction (174F1F0B-B4C6-45A5-B13F-2EE8D0FB917D): 10
LogDevObjectVersion:   Dev-Physics-Ext (35F94A83-E258-406C-A318-09F59610247C): 41
LogDevObjectVersion:   Dev-PhysicsMaterial-Chaos (B68FC16E-8B1B-42E2-B453-215C058844FE): 1
LogDevObjectVersion:   Dev-CineCamera (B2E18506-4273-CFC2-A54E-F4BB758BBA07): 1
LogDevObjectVersion:   Dev-VirtualProduction (64F58936-FD1B-42BA-BA96-7289D5D0FA4E): 1
LogDevObjectVersion:   Dev-MediaFramework (6F0ED827-A609-4895-9C91-998D90180EA4): 2
LogInit: Presizing for max 25165824 objects, including 0 objects not considered by GC, pre-allocating 0 bytes for permanent pool.
LogConfig: Applying CVar settings from Section [/Script/Engine.StreamingSettings] File [D:/WORKPLACE/Mini_laboratory/MEPhI_VR_term_1/Mini_laboratory/Saved/Config/Windows/Engine.ini]
LogConfig: Setting CVar [[s.MinBulkDataSizeForAsyncLoading:131072]]
LogConfig: Setting CVar [[s.AsyncLoadingThreadEnabled:0]]
LogConfig: Setting CVar [[s.EventDrivenLoaderEnabled:1]]
LogConfig: Setting CVar [[s.WarnIfTimeLimitExceeded:0]]
LogConfig: Setting CVar [[s.TimeLimitExceededMultiplier:1.5]]
LogConfig: Setting CVar [[s.TimeLimitExceededMinTime:0.005]]
LogConfig: Setting CVar [[s.UseBackgroundLevelStreaming:1]]
LogConfig: Setting CVar [[s.PriorityAsyncLoadingExtraTime:15.0]]
LogConfig: Setting CVar [[s.LevelStreamingActorsUpdateTimeLimit:5.0]]
LogConfig: Setting CVar [[s.PriorityLevelStreamingActorsUpdateExtraTime:5.0]]
LogConfig: Setting CVar [[s.LevelStreamingComponentsRegistrationGranularity:10]]
LogConfig: Setting CVar [[s.UnregisterComponentsTimeLimit:1.0]]
LogConfig: Setting CVar [[s.LevelStreamingComponentsUnregistrationGranularity:5]]
LogConfig: Setting CVar [[s.FlushStreamingOnExit:1]]
LogInit: Object subsystem initialized
LogConfig: Setting CVar [[con.DebugEarlyDefault:1]]
LogConfig: Setting CVar [[r.setres:1280x720]]
[2025.12.18-20.27.00:255][  0]LogConfig: Setting CVar [[r.VSync:0]]
[2025.12.18-20.27.00:255][  0]LogConfig: Setting CVar [[r.RHICmdBypass:0]]
[2025.12.18-20.27.00:255][  0]LogConfig: Applying CVar settings from Section [/Script/Engine.RendererSettings] File [D:/WORKPLACE/Mini_laboratory/MEPhI_VR_term_1/Mini_laboratory/Saved/Config/Windows/Engine.ini]
[2025.12.18-20.27.00:255][  0]LogConfig: Setting CVar [[r.GPUCrashDebugging:0]]
[2025.12.18-20.27.00:255][  0]LogConfig: Applying CVar settings from Section [/Script/Engine.RendererOverrideSettings] File [D:/WORKPLACE/Mini_laboratory/MEPhI_VR_term_1/Mini_laboratory/Saved/Config/Windows/Engine.ini]
[2025.12.18-20.27.00:255][  0]LogConfig: Applying CVar settings from Section [/Script/Engine.StreamingSettings] File [D:/WORKPLACE/Mini_laboratory/MEPhI_VR_term_1/Mini_laboratory/Saved/Config/Windows/Engine.ini]
[2025.12.18-20.27.00:255][  0]LogConfig: Setting CVar [[s.MinBulkDataSizeForAsyncLoading:131072]]
[2025.12.18-20.27.00:255][  0]LogConfig: Setting CVar [[s.AsyncLoadingThreadEnabled:0]]
[2025.12.18-20.27.00:255][  0]LogConfig: Setting CVar [[s.EventDrivenLoaderEnabled:1]]
[2025.12.18-20.27.00:255][  0]LogConfig: Setting CVar [[s.WarnIfTimeLimitExceeded:0]]
[2025.12.18-20.27.00:255][  0]LogConfig: Setting CVar [[s.TimeLimitExceededMultiplier:1.5]]
[2025.12.18-20.27.00:255][  0]LogConfig: Setting CVar [[s.TimeLimitExceededMinTime:0.005]]
[2025.12.18-20.27.00:255][  0]LogConfig: Setting CVar [[s.UseBackgroundLevelStreaming:1]]
[2025.12.18-20.27.00:255][  0]LogConfig: Setting CVar [[s.PriorityAsyncLoadingExtraTime:15.0]]
[2025.12.18-20.27.00:255][  0]LogConfig: Setting CVar [[s.LevelStreamingActorsUpdateTimeLimit:5.0]]
[2025.12.18-20.27.00:255][  0]LogConfig: Setting CVar [[s.PriorityLevelStreamingActorsUpdateExtraTime:5.0]]
[2025.12.18-20.27.00:255][  0]LogConfig: Setting CVar [[s.LevelStreamingComponentsRegistrationGranularity:10]]
[2025.12.18-20.27.00:255][  0]LogConfig: Setting CVar [[s.UnregisterComponentsTimeLimit:1.0]]
[2025.12.18-20.27.00:255][  0]LogConfig: Setting CVar [[s.LevelStreamingComponentsUnregistrationGranularity:5]]
[2025.12.18-20.27.00:255][  0]LogConfig: Setting CVar [[s.FlushStreamingOnExit:1]]
[2025.12.18-20.27.00:255][  0]LogConfig: Applying CVar settings from Section [/Script/Engine.GarbageCollectionSettings] File [D:/WORKPLACE/Mini_laboratory/MEPhI_VR_term_1/Mini_laboratory/Saved/Config/Windows/Engine.ini]
[2025.12.18-20.27.00:255][  0]LogConfig: Setting CVar [[gc.MaxObjectsNotConsideredByGC:1]]
[2025.12.18-20.27.00:255][  0]LogConfig: Setting CVar [[gc.SizeOfPermanentObjectPool:0]]
[2025.12.18-20.27.00:255][  0]LogConfig: Setting CVar [[gc.FlushStreamingOnGC:0]]
[2025.12.18-20.27.00:255][  0]LogConfig: Setting CVar [[gc.NumRetriesBeforeForcingGC:10]]
[2025.12.18-20.27.00:255][  0]LogConfig: Setting CVar [[gc.AllowParallelGC:1]]
[2025.12.18-20.27.00:255][  0]LogConfig: Setting CVar [[gc.TimeBetweenPurgingPendingKillObjects:61.1]]
[2025.12.18-20.27.00:255][  0]LogConfig: Setting CVar [[gc.MaxObjectsInEditor:25165824]]
[2025.12.18-20.27.00:255][  0]LogConfig: Setting CVar [[gc.IncrementalBeginDestroyEnabled:1]]
[2025.12.18-20.27.00:255][  0]LogConfig: Setting CVar [[gc.CreateGCClusters:1]]
[2025.12.18-20.27.00:255][  0]LogConfig: Setting CVar [[gc.MinGCClusterSize:5]]
[2025.12.18-20.27.00:255][  0]LogConfig: Setting CVar [[gc.ActorClusteringEnabled:0]]
[2025.12.18-20.27.00:255][  0]LogConfig: Setting CVar [[gc.BlueprintClusteringEnabled:0]]
[2025.12.18-20.27.00:255][  0]LogConfig: Setting CVar [[gc.UseDisregardForGCOnDedicatedServers:0]]
[2025.12.18-20.27.00:255][  0]LogConfig: Setting CVar [[gc.MultithreadedDestructionEnabled:1]]
[2025.12.18-20.27.00:255][  0]LogConfig: Applying CVar settings from Section [/Script/Engine.NetworkSettings] File [D:/WORKPLACE/Mini_laboratory/MEPhI_VR_term_1/Mini_laboratory/Saved/Config/Windows/Engine.ini]
[2025.12.18-20.27.00:255][  0]LogConfig: Applying CVar settings from Section [/Script/UnrealEd.CookerSettings] File [D:/WORKPLACE/Mini_laboratory/MEPhI_VR_term_1/Mini_laboratory/Saved/Config/Windows/Engine.ini]
[2025.12.18-20.27.00:259][  0]LogConfig: Applying CVar settings from Section [ViewDistanceQuality@3] File [D:/WORKPLACE/Mini_laboratory/MEPhI_VR_term_1/Mini_laboratory/Saved/Config/Windows/Scalability.ini]
[2025.12.18-20.27.00:259][  0]LogConfig: Setting CVar [[r.SkeletalMeshLODBias:0]]
[2025.12.18-20.27.00:259][  0]LogConfig: Setting CVar [[r.ViewDistanceScale:1.0]]
[2025.12.18-20.27.00:259][  0]LogConfig: Applying CVar settings from Section [AntiAliasingQuality@3] File [D:/WORKPLACE/Mini_laboratory/MEPhI_VR_term_1/Mini_laboratory/Saved/Config/Windows/Scalability.ini]
[2025.12.18-20.27.00:259][  0]LogConfig: Setting CVar [[r.PostProcessAAQuality:4]]
[2025.12.18-20.27.00:259][  0]LogConfig: Applying CVar settings from Section [ShadowQuality@3] File [D:/WORKPLACE/Mini_laboratory/MEPhI_VR_term_1/Mini_laboratory/Saved/Config/Windows/Scalability.ini]
[2025.12.18-20.27.00:259][  0]LogConfig: Setting CVar [[r.LightFunctionQuality:1]]
[2025.12.18-20.27.00:259][  0]LogConfig: Setting CVar [[r.ShadowQuality:5]]
[2025.12.18-20.27.00:259][  0]LogConfig: Setting CVar [[r.Shadow.CSM.MaxCascades:10]]
[2025.12.18-20.27.00:259][  0]LogConfig: Setting CVar [[r.Shadow.MaxResolution:2048]]
[2025.12.18-20.27.00:259][  0]LogConfig: Setting CVar [[r.Shadow.MaxCSMResolution:2048]]
[2025.12.18-20.27.00:259][  0]LogConfig: Setting CVar [[r.Shadow.RadiusThreshold:0.01]]
[2025.12.18-20.27.00:259][  0]LogConfig: Setting CVar [[r.Shadow.DistanceScale:1.0]]
[2025.12.18-20.27.00:259][  0]LogConfig: Setting CVar [[r.Shadow.CSM.TransitionScale:1.0]]
[2025.12.18-20.27.00:259][  0]LogConfig: Setting CVar [[r.Shadow.PreShadowResolutionFactor:1.0]]
[2025.12.18-20.27.00:259][  0]LogConfig: Setting CVar [[r.DistanceFieldShadowing:1]]
[2025.12.18-20.27.00:259][  0]LogConfig: Setting CVar [[r.DistanceFieldAO:1]]
[2025.12.18-20.27.00:259][  0]LogConfig: Setting CVar [[r.AOQuality:2]]
[2025.12.18-20.27.00:259][  0]LogConfig: Setting CVar [[r.VolumetricFog:1]]
[2025.12.18-20.27.00:259][  0]LogConfig: Setting CVar [[r.VolumetricFog.GridPixelSize:8]]
[2025.12.18-20.27.00:259][  0]LogConfig: Setting CVar [[r.VolumetricFog.GridSizeZ:128]]
[2025.12.18-20.27.00:259][  0]LogConfig: Setting CVar [[r.VolumetricFog.HistoryMissSupersampleCount:4]]
[2025.12.18-20.27.00:259][  0]LogConfig: Setting CVar [[r.LightMaxDrawDistanceScale:1]]
[2025.12.18-20.27.00:259][  0]LogConfig: Setting CVar [[r.CapsuleShadows:1]]
[2025.12.18-20.27.00:259][  0]LogConfig: Applying CVar settings from Section [PostProcessQuality@3] File [D:/WORKPLACE/Mini_laboratory/MEPhI_VR_term_1/Mini_laboratory/Saved/Config/Windows/Scalability.ini]
[2025.12.18-20.27.00:259][  0]LogConfig: Setting CVar [[r.MotionBlurQuality:4]]
[2025.12.18-20.27.00:259][  0]LogConfig: Setting CVar [[r.AmbientOcclusionMipLevelFactor:0.4]]
[2025.12.18-20.27.00:259][  0]LogConfig: Setting CVar [[r.AmbientOcclusionMaxQuality:100]]
[2025.12.18-20.27.00:259][  0]LogConfig: Setting CVar [[r.AmbientOcclusionLevels:-1]]
[2025.12.18-20.27.00:259][  0]LogConfig: Setting CVar [[r.AmbientOcclusionRadiusScale:1.0]]
[2025.12.18-20.27.00:259][  0]LogConfig: Setting CVar [[r.DepthOfFieldQuality:2]]
[2025.12.18-20.27.00:259][  0]LogConfig: Setting CVar [[r.RenderTargetPoolMin:400]]
[2025.12.18-20.27.00:259][  0]LogConfig: Setting CVar [[r.LensFlareQuality:2]]
[2025.12.18-20.27.00:259][  0]LogConfig: Setting CVar [[r.SceneColorFringeQuality:1]]
[2025.12.18-20.27.00:259][  0]LogConfig: Setting CVar [[r.EyeAdaptationQuality:2]]
[2025.12.18-20.27.00:259][  0]LogConfig: Setting CVar [[r.BloomQuality:5]]
[2025.12.18-20.27.00:259][  0]LogConfig: Setting CVar [[r.FastBlurThreshold:100]]
[2025.12.18-20.27.00:259][  0]LogConfig: Setting CVar [[r.Upscale.Quality:3]]
[2025.12.18-20.27.00:259][  0]LogConfig: Setting CVar [[r.Tonemapper.GrainQuantization:1]]
[2025.12.18-20.27.00:259][  0]LogConfig: Setting CVar [[r.LightShaftQuality:1]]
[2025.12.18-20.27.00:259][  0]LogConfig: Setting CVar [[r.Filter.SizeScale:1]]
[2025.12.18-20.27.00:259][  0]LogConfig: Setting CVar [[r.Tonemapper.Quality:5]]
[2025.12.18-20.27.00:259][  0]LogConfig: Setting CVar [[r.DOF.Gather.AccumulatorQuality:1        ; higher gathering accumulator quality]]
[2025.12.18-20.27.00:259][  0]LogConfig: Setting CVar [[r.DOF.Gather.PostfilterMethod:1          ; Median3x3 postfilering method]]
[2025.12.18-20.27.00:259][  0]LogConfig: Setting CVar [[r.DOF.Gather.EnableBokehSettings:0       ; no bokeh simulation when gathering]]
[2025.12.18-20.27.00:259][  0]LogConfig: Setting CVar [[r.DOF.Gather.RingCount:4                 ; medium number of samples when gathering]]
[2025.12.18-20.27.00:259][  0]LogConfig: Setting CVar [[r.DOF.Scatter.ForegroundCompositing:1    ; additive foreground scattering]]
[2025.12.18-20.27.00:259][  0]LogConfig: Setting CVar [[r.DOF.Scatter.BackgroundCompositing:2    ; additive background scattering]]
[2025.12.18-20.27.00:259][  0]LogConfig: Setting CVar [[r.DOF.Scatter.EnableBokehSettings:1      ; bokeh simulation when scattering]]
[2025.12.18-20.27.00:259][  0]LogConfig: Setting CVar [[r.DOF.Scatter.MaxSpriteRatio:0.1         ; only a maximum of 10% of scattered bokeh]]
[2025.12.18-20.27.00:259][  0]LogConfig: Setting CVar [[r.DOF.Recombine.Quality:1                ; cheap slight out of focus]]
[2025.12.18-20.27.00:259][  0]LogConfig: Setting CVar [[r.DOF.Recombine.EnableBokehSettings:0    ; no bokeh simulation on slight out of focus]]
[2025.12.18-20.27.00:259][  0]LogConfig: Setting CVar [[r.DOF.TemporalAAQuality:1                ; more stable temporal accumulation]]
[2025.12.18-20.27.00:259][  0]LogConfig: Setting CVar [[r.DOF.Kernel.MaxForegroundRadius:0.025]]
[2025.12.18-20.27.00:259][  0]LogConfig: Setting CVar [[r.DOF.Kernel.MaxBackgroundRadius:0.025]]
[2025.12.18-20.27.00:259][  0]LogConfig: Applying CVar settings from Section [TextureQuality@3] File [D:/WORKPLACE/Mini_laboratory/MEPhI_VR_term_1/Mini_laboratory/Saved/Config/Windows/Scalability.ini]
[2025.12.18-20.27.00:259][  0]LogConfig: Setting CVar [[r.Streaming.MipBias:0]]
[2025.12.18-20.27.00:259][  0]LogConfig: Setting CVar [[r.Streaming.AmortizeCPUToGPUCopy:0]]
[2025.12.18-20.27.00:259][  0]LogConfig: Setting CVar [[r.Streaming.MaxNumTexturesToStreamPerFrame:0]]
[2025.12.18-20.27.00:259][  0]LogConfig: Setting CVar [[r.Streaming.Boost:1]]
[2025.12.18-20.27.00:259][  0]LogConfig: Setting CVar [[r.MaxAnisotropy:8]]
[2025.12.18-20.27.00:259][  0]LogConfig: Setting CVar [[r.VT.MaxAnisotropy:8]]
[2025.12.18-20.27.00:259][  0]LogConfig: Setting CVar [[r.Streaming.LimitPoolSizeToVRAM:0]]
[2025.12.18-20.27.00:259][  0]LogConfig: Setting CVar [[r.Streaming.PoolSize:1000]]
[2025.12.18-20.27.00:259][  0]LogConfig: Setting CVar [[r.Streaming.MaxEffectiveScreenSize:0]]
[2025.12.18-20.27.00:259][  0]LogConfig: Applying CVar settings from Section [EffectsQuality@3] File [D:/WORKPLACE/Mini_laboratory/MEPhI_VR_term_1/Mini_laboratory/Saved/Config/Windows/Scalability.ini]
[2025.12.18-20.27.00:259][  0]LogConfig: Setting CVar [[r.TranslucencyLightingVolumeDim:64]]
[2025.12.18-20.27.00:259][  0]LogConfig: Setting CVar [[r.RefractionQuality:2]]
[2025.12.18-20.27.00:259][  0]LogConfig: Setting CVar [[r.SSR.Quality:3]]
[2025.12.18-20.27.00:259][  0]LogConfig: Setting CVar [[r.SSR.HalfResSceneColor:0]]
[2025.12.18-20.27.00:259][  0]LogConfig: Setting CVar [[r.SceneColorFormat:4]]
[2025.12.18-20.27.00:259][  0]LogConfig: Setting CVar [[r.DetailMode:2]]
[2025.12.18-20.27.00:259][  0]LogConfig: Setting CVar [[r.TranslucencyVolumeBlur:1]]
[2025.12.18-20.27.00:259][  0]LogConfig: Setting CVar [[r.MaterialQualityLevel:1 ; High quality]]
[2025.12.18-20.27.00:259][  0]LogConfig: Setting CVar [[r.AnisotropicMaterials:1]]
[2025.12.18-20.27.00:259][  0]LogConfig: Setting CVar [[r.SSS.Scale:1]]
[2025.12.18-20.27.00:259][  0]LogConfig: Setting CVar [[r.SSS.SampleSet:2]]
[2025.12.18-20.27.00:259][  0]LogConfig: Setting CVar [[r.SSS.Quality:1]]
[2025.12.18-20.27.00:259][  0]LogConfig: Setting CVar [[r.SSS.HalfRes:0]]
[2025.12.18-20.27.00:259][  0]LogConfig: Setting CVar [[r.SSGI.Quality:3]]
[2025.12.18-20.27.00:259][  0]LogConfig: Setting CVar [[r.EmitterSpawnRateScale:1.0]]
[2025.12.18-20.27.00:259][  0]LogConfig: Setting CVar [[r.ParticleLightQuality:2]]
[2025.12.18-20.27.00:260][  0]LogConfig: Setting CVar [[r.SkyAtmosphere.AerialPerspectiveLUT.FastApplyOnOpaque:1 ; Always have FastSkyLUT 1 in this case to avoid wrong sky]]
[2025.12.18-20.27.00:260][  0]LogConfig: Setting CVar [[r.SkyAtmosphere.AerialPerspectiveLUT.SampleCountMaxPerSlice:4]]
[2025.12.18-20.27.00:260][  0]LogConfig: Setting CVar [[r.SkyAtmosphere.AerialPerspectiveLUT.DepthResolution:16.0]]
[2025.12.18-20.27.00:260][  0]LogConfig: Setting CVar [[r.SkyAtmosphere.FastSkyLUT:1]]
[2025.12.18-20.27.00:260][  0]LogConfig: Setting CVar [[r.SkyAtmosphere.FastSkyLUT.SampleCountMin:4.0]]
[2025.12.18-20.27.00:260][  0]LogConfig: Setting CVar [[r.SkyAtmosphere.FastSkyLUT.SampleCountMax:128.0]]
[2025.12.18-20.27.00:260][  0]LogConfig: Setting CVar [[r.SkyAtmosphere.SampleCountMin:4.0]]
[2025.12.18-20.27.00:260][  0]LogConfig: Setting CVar [[r.SkyAtmosphere.SampleCountMax:128.0]]
[2025.12.18-20.27.00:260][  0]LogConfig: Setting CVar [[r.SkyAtmosphere.TransmittanceLUT.UseSmallFormat:0]]
[2025.12.18-20.27.00:260][  0]LogConfig: Setting CVar [[r.SkyAtmosphere.TransmittanceLUT.SampleCount:10.0]]
[2025.12.18-20.27.00:260][  0]LogConfig: Setting CVar [[r.SkyAtmosphere.MultiScatteringLUT.SampleCount:15.0]]
[2025.12.18-20.27.00:260][  0]LogConfig: Setting CVar [[r.SkyLight.RealTimeReflectionCapture:1]]
[2025.12.18-20.27.00:260][  0]LogConfig: Applying CVar settings from Section [FoliageQuality@3] File [D:/WORKPLACE/Mini_laboratory/MEPhI_VR_term_1/Mini_laboratory/Saved/Config/Windows/Scalability.ini]
[2025.12.18-20.27.00:260][  0]LogConfig: Setting CVar [[foliage.DensityScale:1.0]]
[2025.12.18-20.27.00:260][  0]LogConfig: Setting CVar [[grass.DensityScale:1.0]]
[2025.12.18-20.27.00:260][  0]LogConfig: Applying CVar settings from Section [ShadingQuality@3] File [D:/WORKPLACE/Mini_laboratory/MEPhI_VR_term_1/Mini_laboratory/Saved/Config/Windows/Scalability.ini]
[2025.12.18-20.27.00:260][  0]LogConfig: Setting CVar [[r.HairStrands.SkyLighting.IntegrationType:2]]
[2025.12.18-20.27.00:260][  0]LogConfig: Setting CVar [[r.HairStrands.SkyAO.SampleCount:4]]
[2025.12.18-20.27.00:260][  0]LogConfig: Setting CVar [[r.HairStrands.Visibility.MSAA.SamplePerPixel:4]]
[2025.12.18-20.27.00:260][  0]LogInit: Selected Device Profile: [Windows]
[2025.12.18-20.27.00:260][  0]LogInit: Applying CVar settings loaded from the selected device profile: [Windows]
[2025.12.18-20.27.00:260][  0]LogHAL: Display: Platform has ~ 8 GB [8451309568 / 8589934592 / 8], which maps to Default [LargestMinGB=32, LargerMinGB=12, DefaultMinGB=8, SmallerMinGB=6, SmallestMinGB=0)
[2025.12.18-20.27.00:260][  0]LogInit: Going up to parent DeviceProfile []
[2025.12.18-20.27.00:260][  0]LogConfig: Applying CVar settings from Section [ViewDistanceQuality@3] File [D:/WORKPLACE/Mini_laboratory/MEPhI_VR_term_1/Mini_laboratory/Saved/Config/Windows/Scalability.ini]
[2025.12.18-20.27.00:260][  0]LogConfig: Setting CVar [[r.SkeletalMeshLODBias:0]]
[2025.12.18-20.27.00:260][  0]LogConfig: Setting CVar [[r.ViewDistanceScale:1.0]]
[2025.12.18-20.27.00:260][  0]LogConfig: Applying CVar settings from Section [AntiAliasingQuality@3] File [D:/WORKPLACE/Mini_laboratory/MEPhI_VR_term_1/Mini_laboratory/Saved/Config/Windows/Scalability.ini]
[2025.12.18-20.27.00:260][  0]LogConfig: Setting CVar [[r.PostProcessAAQuality:4]]
[2025.12.18-20.27.00:260][  0]LogConfig: Applying CVar settings from Section [ShadowQuality@3] File [D:/WORKPLACE/Mini_laboratory/MEPhI_VR_term_1/Mini_laboratory/Saved/Config/Windows/Scalability.ini]
[2025.12.18-20.27.00:260][  0]LogConfig: Setting CVar [[r.LightFunctionQuality:1]]
[2025.12.18-20.27.00:260][  0]LogConfig: Setting CVar [[r.ShadowQuality:5]]
[2025.12.18-20.27.00:260][  0]LogConfig: Setting CVar [[r.Shadow.CSM.MaxCascades:10]]
[2025.12.18-20.27.00:260][  0]LogConfig: Setting CVar [[r.Shadow.MaxResolution:2048]]
[2025.12.18-20.27.00:260][  0]LogConfig: Setting CVar [[r.Shadow.MaxCSMResolution:2048]]
[2025.12.18-20.27.00:260][  0]LogConfig: Setting CVar [[r.Shadow.RadiusThreshold:0.01]]
[2025.12.18-20.27.00:260][  0]LogConfig: Setting CVar [[r.Shadow.DistanceScale:1.0]]
[2025.12.18-20.27.00:260][  0]LogConfig: Setting CVar [[r.Shadow.CSM.TransitionScale:1.0]]
[2025.12.18-20.27.00:260][  0]LogConfig: Setting CVar [[r.Shadow.PreShadowResolutionFactor:1.0]]
[2025.12.18-20.27.00:260][  0]LogConfig: Setting CVar [[r.DistanceFieldShadowing:1]]
[2025.12.18-20.27.00:260][  0]LogConfig: Setting CVar [[r.DistanceFieldAO:1]]
[2025.12.18-20.27.00:260][  0]LogConfig: Setting CVar [[r.AOQuality:2]]
[2025.12.18-20.27.00:260][  0]LogConfig: Setting CVar [[r.VolumetricFog:1]]
[2025.12.18-20.27.00:260][  0]LogConfig: Setting CVar [[r.VolumetricFog.GridPixelSize:8]]
[2025.12.18-20.27.00:260][  0]LogConfig: Setting CVar [[r.VolumetricFog.GridSizeZ:128]]
[2025.12.18-20.27.00:260][  0]LogConfig: Setting CVar [[r.VolumetricFog.HistoryMissSupersampleCount:4]]
[2025.12.18-20.27.00:260][  0]LogConfig: Setting CVar [[r.LightMaxDrawDistanceScale:1]]
[2025.12.18-20.27.00:260][  0]LogConfig: Setting CVar [[r.CapsuleShadows:1]]
[2025.12.18-20.27.00:260][  0]LogConfig: Applying CVar settings from Section [PostProcessQuality@3] File [D:/WORKPLACE/Mini_laboratory/MEPhI_VR_term_1/Mini_laboratory/Saved/Config/Windows/Scalability.ini]
[2025.12.18-20.27.00:260][  0]LogConfig: Setting CVar [[r.MotionBlurQuality:4]]
[2025.12.18-20.27.00:260][  0]LogConfig: Setting CVar [[r.AmbientOcclusionMipLevelFactor:0.4]]
[2025.12.18-20.27.00:260][  0]LogConfig: Setting CVar [[r.AmbientOcclusionMaxQuality:100]]
[2025.12.18-20.27.00:260][  0]LogConfig: Setting CVar [[r.AmbientOcclusionLevels:-1]]
[2025.12.18-20.27.00:260][  0]LogConfig: Setting CVar [[r.AmbientOcclusionRadiusScale:1.0]]
[2025.12.18-20.27.00:260][  0]LogConfig: Setting CVar [[r.DepthOfFieldQuality:2]]
[2025.12.18-20.27.00:260][  0]LogConfig: Setting CVar [[r.RenderTargetPoolMin:400]]
[2025.12.18-20.27.00:260][  0]LogConfig: Setting CVar [[r.LensFlareQuality:2]]
[2025.12.18-20.27.00:260][  0]LogConfig: Setting CVar [[r.SceneColorFringeQuality:1]]
[2025.12.18-20.27.00:260][  0]LogConfig: Setting CVar [[r.EyeAdaptationQuality:2]]
[2025.12.18-20.27.00:260][  0]LogConfig: Setting CVar [[r.BloomQuality:5]]
[2025.12.18-20.27.00:260][  0]LogConfig: Setting CVar [[r.FastBlurThreshold:100]]
[2025.12.18-20.27.00:260][  0]LogConfig: Setting CVar [[r.Upscale.Quality:3]]
[2025.12.18-20.27.00:260][  0]LogConfig: Setting CVar [[r.Tonemapper.GrainQuantization:1]]
[2025.12.18-20.27.00:260][  0]LogConfig: Setting CVar [[r.LightShaftQuality:1]]
[2025.12.18-20.27.00:260][  0]LogConfig: Setting CVar [[r.Filter.SizeScale:1]]
[2025.12.18-20.27.00:260][  0]LogConfig: Setting CVar [[r.Tonemapper.Quality:5]]
[2025.12.18-20.27.00:260][  0]LogConfig: Setting CVar [[r.DOF.Gather.AccumulatorQuality:1        ; higher gathering accumulator quality]]
[2025.12.18-20.27.00:260][  0]LogConfig: Setting CVar [[r.DOF.Gather.PostfilterMethod:1          ; Median3x3 postfilering method]]
[2025.12.18-20.27.00:260][  0]LogConfig: Setting CVar [[r.DOF.Gather.EnableBokehSettings:0       ; no bokeh simulation when gathering]]
[2025.12.18-20.27.00:260][  0]LogConfig: Setting CVar [[r.DOF.Gather.RingCount:4                 ; medium number of samples when gathering]]
[2025.12.18-20.27.00:260][  0]LogConfig: Setting CVar [[r.DOF.Scatter.ForegroundCompositing:1    ; additive foreground scattering]]
[2025.12.18-20.27.00:260][  0]LogConfig: Setting CVar [[r.DOF.Scatter.BackgroundCompositing:2    ; additive background scattering]]
[2025.12.18-20.27.00:260][  0]LogConfig: Setting CVar [[r.DOF.Scatter.EnableBokehSettings:1      ; bokeh simulation when scattering]]
[2025.12.18-20.27.00:260][  0]LogConfig: Setting CVar [[r.DOF.Scatter.MaxSpriteRatio:0.1         ; only a maximum of 10% of scattered bokeh]]
[2025.12.18-20.27.00:260][  0]LogConfig: Setting CVar [[r.DOF.Recombine.Quality:1                ; cheap slight out of focus]]
[2025.12.18-20.27.00:260][  0]LogConfig: Setting CVar [[r.DOF.Recombine.EnableBokehSettings:0    ; no bokeh simulation on slight out of focus]]
[2025.12.18-20.27.00:260][  0]LogConfig: Setting CVar [[r.DOF.TemporalAAQuality:1                ; more stable temporal accumulation]]
[2025.12.18-20.27.00:260][  0]LogConfig: Setting CVar [[r.DOF.Kernel.MaxForegroundRadius:0.025]]
[2025.12.18-20.27.00:260][  0]LogConfig: Setting CVar [[r.DOF.Kernel.MaxBackgroundRadius:0.025]]
[2025.12.18-20.27.00:260][  0]LogConfig: Applying CVar settings from Section [TextureQuality@3] File [D:/WORKPLACE/Mini_laboratory/MEPhI_VR_term_1/Mini_laboratory/Saved/Config/Windows/Scalability.ini]
[2025.12.18-20.27.00:260][  0]LogConfig: Setting CVar [[r.Streaming.MipBias:0]]
[2025.12.18-20.27.00:260][  0]LogConfig: Setting CVar [[r.Streaming.AmortizeCPUToGPUCopy:0]]
[2025.12.18-20.27.00:260][  0]LogConfig: Setting CVar [[r.Streaming.MaxNumTexturesToStreamPerFrame:0]]
[2025.12.18-20.27.00:260][  0]LogConfig: Setting CVar [[r.Streaming.Boost:1]]
[2025.12.18-20.27.00:260][  0]LogConfig: Setting CVar [[r.MaxAnisotropy:8]]
[2025.12.18-20.27.00:260][  0]LogConfig: Setting CVar [[r.VT.MaxAnisotropy:8]]
[2025.12.18-20.27.00:260][  0]LogConfig: Setting CVar [[r.Streaming.LimitPoolSizeToVRAM:0]]
[2025.12.18-20.27.00:260][  0]LogConfig: Setting CVar [[r.Streaming.PoolSize:1000]]
[2025.12.18-20.27.00:260][  0]LogConfig: Setting CVar [[r.Streaming.MaxEffectiveScreenSize:0]]
[2025.12.18-20.27.00:260][  0]LogConfig: Applying CVar settings from Section [EffectsQuality@3] File [D:/WORKPLACE/Mini_laboratory/MEPhI_VR_term_1/Mini_laboratory/Saved/Config/Windows/Scalability.ini]
[2025.12.18-20.27.00:260][  0]LogConfig: Setting CVar [[r.TranslucencyLightingVolumeDim:64]]
[2025.12.18-20.27.00:260][  0]LogConfig: Setting CVar [[r.RefractionQuality:2]]
[2025.12.18-20.27.00:260][  0]LogConfig: Setting CVar [[r.SSR.Quality:3]]
[2025.12.18-20.27.00:260][  0]LogConfig: Setting CVar [[r.SSR.HalfResSceneColor:0]]
[2025.12.18-20.27.00:260][  0]LogConfig: Setting CVar [[r.SceneColorFormat:4]]
[2025.12.18-20.27.00:260][  0]LogConfig: Setting CVar [[r.DetailMode:2]]
[2025.12.18-20.27.00:260][  0]LogConfig: Setting CVar [[r.TranslucencyVolumeBlur:1]]
[2025.12.18-20.27.00:260][  0]LogConfig: Setting CVar [[r.MaterialQualityLevel:1 ; High quality]]
[2025.12.18-20.27.00:260][  0]LogConfig: Setting CVar [[r.AnisotropicMaterials:1]]
[2025.12.18-20.27.00:260][  0]LogConfig: Setting CVar [[r.SSS.Scale:1]]
[2025.12.18-20.27.00:260][  0]LogConfig: Setting CVar [[r.SSS.SampleSet:2]]
[2025.12.18-20.27.00:260][  0]LogConfig: Setting CVar [[r.SSS.Quality:1]]
[2025.12.18-20.27.00:260][  0]LogConfig: Setting CVar [[r.SSS.HalfRes:0]]
[2025.12.18-20.27.00:260][  0]LogConfig: Setting CVar [[r.SSGI.Quality:3]]
[2025.12.18-20.27.00:261][  0]LogConfig: Setting CVar [[r.EmitterSpawnRateScale:1.0]]
[2025.12.18-20.27.00:261][  0]LogConfig: Setting CVar [[r.ParticleLightQuality:2]]
[2025.12.18-20.27.00:261][  0]LogConfig: Setting CVar [[r.SkyAtmosphere.AerialPerspectiveLUT.FastApplyOnOpaque:1 ; Always have FastSkyLUT 1 in this case to avoid wrong sky]]
[2025.12.18-20.27.00:261][  0]LogConfig: Setting CVar [[r.SkyAtmosphere.AerialPerspectiveLUT.SampleCountMaxPerSlice:4]]
[2025.12.18-20.27.00:261][  0]LogConfig: Setting CVar [[r.SkyAtmosphere.AerialPerspectiveLUT.DepthResolution:16.0]]
[2025.12.18-20.27.00:261][  0]LogConfig: Setting CVar [[r.SkyAtmosphere.FastSkyLUT:1]]
[2025.12.18-20.27.00:261][  0]LogConfig: Setting CVar [[r.SkyAtmosphere.FastSkyLUT.SampleCountMin:4.0]]
[2025.12.18-20.27.00:261][  0]LogConfig: Setting CVar [[r.SkyAtmosphere.FastSkyLUT.SampleCountMax:128.0]]
[2025.12.18-20.27.00:261][  0]LogConfig: Setting CVar [[r.SkyAtmosphere.SampleCountMin:4.0]]
[2025.12.18-20.27.00:261][  0]LogConfig: Setting CVar [[r.SkyAtmosphere.SampleCountMax:128.0]]
[2025.12.18-20.27.00:261][  0]LogConfig: Setting CVar [[r.SkyAtmosphere.TransmittanceLUT.UseSmallFormat:0]]
[2025.12.18-20.27.00:261][  0]LogConfig: Setting CVar [[r.SkyAtmosphere.TransmittanceLUT.SampleCount:10.0]]
[2025.12.18-20.27.00:261][  0]LogConfig: Setting CVar [[r.SkyAtmosphere.MultiScatteringLUT.SampleCount:15.0]]
[2025.12.18-20.27.00:261][  0]LogConfig: Setting CVar [[r.SkyLight.RealTimeReflectionCapture:1]]
[2025.12.18-20.27.00:261][  0]LogConfig: Applying CVar settings from Section [FoliageQuality@3] File [D:/WORKPLACE/Mini_laboratory/MEPhI_VR_term_1/Mini_laboratory/Saved/Config/Windows/Scalability.ini]
[2025.12.18-20.27.00:261][  0]LogConfig: Setting CVar [[foliage.DensityScale:1.0]]
[2025.12.18-20.27.00:261][  0]LogConfig: Setting CVar [[grass.DensityScale:1.0]]
[2025.12.18-20.27.00:261][  0]LogConfig: Applying CVar settings from Section [ShadingQuality@3] File [D:/WORKPLACE/Mini_laboratory/MEPhI_VR_term_1/Mini_laboratory/Saved/Config/Windows/Scalability.ini]
[2025.12.18-20.27.00:261][  0]LogConfig: Setting CVar [[r.HairStrands.SkyLighting.IntegrationType:2]]
[2025.12.18-20.27.00:261][  0]LogConfig: Setting CVar [[r.HairStrands.SkyAO.SampleCount:4]]
[2025.12.18-20.27.00:261][  0]LogConfig: Setting CVar [[r.HairStrands.Visibility.MSAA.SamplePerPixel:4]]
[2025.12.18-20.27.00:261][  0]LogConfig: Applying CVar settings from Section [Startup] File [../../../Engine/Config/ConsoleVariables.ini]
[2025.12.18-20.27.00:261][  0]LogConfig: Setting CVar [[net.UseAdaptiveNetUpdateFrequency:0]]
[2025.12.18-20.27.00:261][  0]LogConfig: Setting CVar [[p.chaos.AllowCreatePhysxBodies:1]]
[2025.12.18-20.27.00:261][  0]LogConfig: Setting CVar [[fx.SkipVectorVMBackendOptimizations:1]]
[2025.12.18-20.27.00:261][  0]LogConfig: Applying CVar settings from Section [ConsoleVariables] File [D:/WORKPLACE/Mini_laboratory/MEPhI_VR_term_1/Mini_laboratory/Saved/Config/Windows/Engine.ini]
[2025.12.18-20.27.00:261][  0]LogConfig: Applying CVar settings from Section [ConsoleVariables] File [D:/WORKPLACE/Mini_laboratory/MEPhI_VR_term_1/Mini_laboratory/Saved/Config/Windows/Editor.ini]
[2025.12.18-20.27.00:261][  0]LogInit: Computer: LAPTOP-RE3L13LG
[2025.12.18-20.27.00:261][  0]LogInit: User: Vladislav
[2025.12.18-20.27.00:261][  0]LogInit: CPU Page size=4096, Cores=4
[2025.12.18-20.27.00:261][  0]LogInit: High frequency timer resolution =10.000000 MHz
[2025.12.18-20.27.00:261][  0]LogMemory: Memory total: Physical=7.9GB (8GB approx)
[2025.12.18-20.27.00:261][  0]LogMemory: Platform Memory Stats for Windows
[2025.12.18-20.27.00:261][  0]LogMemory: Process Physical Memory: 143.71 MB used, 143.72 MB peak
[2025.12.18-20.27.00:261][  0]LogMemory: Process Virtual Memory: 128.37 MB used, 128.37 MB peak
[2025.12.18-20.27.00:261][  0]LogMemory: Physical Memory: 6080.46 MB used,  1979.34 MB free, 8059.80 MB total
[2025.12.18-20.27.00:261][  0]LogMemory: Virtual Memory: 134211256.00 MB used,  6471.40 MB free, 134217728.00 MB total
[2025.12.18-20.27.00:265][  0]LogWindows: WindowsPlatformFeatures enabled
[2025.12.18-20.27.00:296][  0]LogInit: Physics initialised using underlying interface: PhysX
[2025.12.18-20.27.00:297][  0]LogInit: Using OS detected language (ru-RU).
[2025.12.18-20.27.00:297][  0]LogInit: Using OS detected locale (ru-RU).
[2025.12.18-20.27.00:299][  0]LogTextLocalizationManager: No specific localization for 'ru-RU' exists, so the 'ru' localization will be used.
[2025.12.18-20.27.00:299][  0]LogTextLocalizationResource: LocRes '../../../Engine/Content/Localization/Editor/ru/Editor.locres' could not be opened for reading!
[2025.12.18-20.27.00:299][  0]LogTextLocalizationResource: LocRes '../../../Engine/Content/Localization/EditorTutorials/ru/EditorTutorials.locres' could not be opened for reading!
[2025.12.18-20.27.00:299][  0]LogTextLocalizationResource: LocRes '../../../Engine/Content/Localization/Keywords/ru/Keywords.locres' could not be opened for reading!
[2025.12.18-20.27.00:299][  0]LogTextLocalizationResource: LocRes '../../../Engine/Content/Localization/Category/ru/Category.locres' could not be opened for reading!
[2025.12.18-20.27.00:299][  0]LogTextLocalizationResource: LocRes '../../../Engine/Content/Localization/ToolTips/ru/ToolTips.locres' could not be opened for reading!
[2025.12.18-20.27.00:299][  0]LogTextLocalizationResource: LocRes '../../../Engine/Content/Localization/PropertyNames/ru/PropertyNames.locres' could not be opened for reading!
[2025.12.18-20.27.00:299][  0]LogTextLocalizationResource: LocRes '../../../Engine/Content/Localization/Engine/ru/Engine.locres' could not be opened for reading!
[2025.12.18-20.27.00:300][  0]LogInit: Setting process to per monitor DPI aware
[2025.12.18-20.27.00:309][  0]LogWindowsTextInputMethodSystem: Display: IME system deactivated.
[2025.12.18-20.27.00:321][  0]LogSlate: New Slate User Created.  User Index 0, Is Virtual User: 0
[2025.12.18-20.27.00:321][  0]LogSlate: Slate User Registered.  User Index 0, Is Virtual User: 0
[2025.12.18-20.27.00:428][  0]LogD3D11RHI: Loaded GFSDK_Aftermath_Lib.x64.dll
[2025.12.18-20.27.00:439][  0]LogHMD: Failed to initialize OpenVR with code 110
[2025.12.18-20.27.00:439][  0]LogD3D11RHI: D3D11 min allowed feature level: 11_0
[2025.12.18-20.27.00:439][  0]LogD3D11RHI: D3D11 max allowed feature level: 11_0
[2025.12.18-20.27.00:439][  0]LogD3D11RHI: D3D11 adapters:
[2025.12.18-20.27.00:570][  0]LogD3D11RHI:    0. 'NVIDIA GeForce GTX 1650 Ti' (Feature Level 11_0)
[2025.12.18-20.27.00:570][  0]LogD3D11RHI:       3935/0/4029 MB DedicatedVideo/DedicatedSystem/SharedSystem, Outputs:1, VendorId:0x10de
[2025.12.18-20.27.00:607][  0]LogD3D11RHI:    1. 'Intel(R) UHD Graphics' (Feature Level 11_0)
[2025.12.18-20.27.00:607][  0]LogD3D11RHI:       128/0/4029 MB DedicatedVideo/DedicatedSystem/SharedSystem, Outputs:0, VendorId:0x8086
[2025.12.18-20.27.00:609][  0]LogD3D11RHI:    2. 'Microsoft Basic Render Driver' (Feature Level 11_0)
[2025.12.18-20.27.00:609][  0]LogD3D11RHI:       0/0/4029 MB DedicatedVideo/DedicatedSystem/SharedSystem, Outputs:0, VendorId:0x1414
[2025.12.18-20.27.00:609][  0]LogD3D11RHI: Chosen D3D11 Adapter:
[2025.12.18-20.27.00:609][  0]LogD3D11RHI:     Description : NVIDIA GeForce GTX 1650 Ti
[2025.12.18-20.27.00:609][  0]LogD3D11RHI:     VendorId    : 10de
[2025.12.18-20.27.00:609][  0]LogD3D11RHI:     DeviceId    : 1f95
[2025.12.18-20.27.00:609][  0]LogD3D11RHI:     SubSysId    : 3fa317aa
[2025.12.18-20.27.00:609][  0]LogD3D11RHI:     Revision    : 00a1
[2025.12.18-20.27.00:609][  0]LogD3D11RHI:     DedicatedVideoMemory : 4126146560 bytes
[2025.12.18-20.27.00:609][  0]LogD3D11RHI:     DedicatedSystemMemory : 0 bytes
[2025.12.18-20.27.00:609][  0]LogD3D11RHI:     SharedSystemMemory : 4225654784 bytes
[2025.12.18-20.27.00:609][  0]LogD3D11RHI:     AdapterLuid : 0 75673
[2025.12.18-20.27.00:612][  0]LogD3D11RHI: Creating new Direct3DDevice
[2025.12.18-20.27.00:613][  0]LogD3D11RHI:     GPU DeviceId: 0x1f95 (for the marketing name, search the web for "GPU Device Id")
[2025.12.18-20.27.00:613][  0]LogWindows: EnumDisplayDevices:
[2025.12.18-20.27.00:613][  0]LogWindows:    0. 'Intel(R) UHD Graphics' (P:1 D:1)
[2025.12.18-20.27.00:613][  0]LogWindows:    1. 'Intel(R) UHD Graphics' (P:0 D:0)
[2025.12.18-20.27.00:613][  0]LogWindows:    2. 'Intel(R) UHD Graphics' (P:0 D:0)
[2025.12.18-20.27.00:613][  0]LogWindows:    3. 'NVIDIA GeForce GTX 1650 Ti' (P:0 D:0)
[2025.12.18-20.27.00:613][  0]LogWindows: DebugString: PrimaryIsNotTheChoosenAdapter PrimaryIsNotTheChoosenAdapter PrimaryIsNotTheChoosenAdapter 
[2025.12.18-20.27.00:613][  0]LogD3D11RHI:     Adapter Name: NVIDIA GeForce GTX 1650 Ti
[2025.12.18-20.27.00:613][  0]LogD3D11RHI:   Driver Version: 560.76 (internal:32.0.15.6076, unified:560.76)
[2025.12.18-20.27.00:613][  0]LogD3D11RHI:      Driver Date: 7-23-2024
[2025.12.18-20.27.00:613][  0]LogRHI: Texture pool is 2754 MB (70% of 3935 MB)
[2025.12.18-20.27.00:613][  0]LogD3D11RHI: Creating D3DDevice using adapter:
[2025.12.18-20.27.00:613][  0]LogD3D11RHI:     Description : NVIDIA GeForce GTX 1650 Ti
[2025.12.18-20.27.00:613][  0]LogD3D11RHI:     VendorId    : 10de
[2025.12.18-20.27.00:613][  0]LogD3D11RHI:     DeviceId    : 1f95
[2025.12.18-20.27.00:613][  0]LogD3D11RHI:     SubSysId    : 3fa317aa
[2025.12.18-20.27.00:613][  0]LogD3D11RHI:     Revision    : 00a1
[2025.12.18-20.27.00:613][  0]LogD3D11RHI:     DedicatedVideoMemory : 4126146560 bytes
[2025.12.18-20.27.00:613][  0]LogD3D11RHI:     DedicatedSystemMemory : 0 bytes
[2025.12.18-20.27.00:613][  0]LogD3D11RHI:     SharedSystemMemory : 4225654784 bytes
[2025.12.18-20.27.00:613][  0]LogD3D11RHI:     AdapterLuid : 0 75673
[2025.12.18-20.27.00:706][  0]LogD3D11RHI: RHI has support for 64 bit atomics
[2025.12.18-20.27.00:707][  0]LogD3D11RHI: Async texture creation enabled
[2025.12.18-20.27.00:707][  0]LogD3D11RHI: Array index from any shader is supported
[2025.12.18-20.27.00:718][  0]LogD3D11RHI: GPU Timing Frequency: 1000.000000 (Debug: 2 1)
[2025.12.18-20.27.00:752][  0]LogRHI: GeForceNow SDK initialized: 1
[2025.12.18-20.27.03:030][  0]LogTargetPlatformManager: Display: Loaded TargetPlatform 'AllDesktop'
[2025.12.18-20.27.03:045][  0]LogTargetPlatformManager: Display: Loaded TargetPlatform 'Android'
[2025.12.18-20.27.03:045][  0]LogTargetPlatformManager: Display: Loaded TargetPlatform 'Android_ASTC'
[2025.12.18-20.27.03:045][  0]LogTargetPlatformManager: Display: Loaded TargetPlatform 'Android_DXT'
[2025.12.18-20.27.03:045][  0]LogTargetPlatformManager: Display: Loaded TargetPlatform 'Android_ETC2'
[2025.12.18-20.27.03:045][  0]LogTargetPlatformManager: Display: Loaded TargetPlatform 'AndroidClient'
[2025.12.18-20.27.03:045][  0]LogTargetPlatformManager: Display: Loaded TargetPlatform 'Android_ASTCClient'
[2025.12.18-20.27.03:045][  0]LogTargetPlatformManager: Display: Loaded TargetPlatform 'Android_DXTClient'
[2025.12.18-20.27.03:045][  0]LogTargetPlatformManager: Display: Loaded TargetPlatform 'Android_ETC2Client'
[2025.12.18-20.27.03:045][  0]LogTargetPlatformManager: Display: Loaded TargetPlatform 'Android_Multi'
[2025.12.18-20.27.03:045][  0]LogTargetPlatformManager: Display: Loaded TargetPlatform 'Android_MultiClient'
[2025.12.18-20.27.03:059][  0]LogTargetPlatformManager: Display: Loaded TargetPlatform 'IOSClient'
[2025.12.18-20.27.03:059][  0]LogTargetPlatformManager: Display: Loaded TargetPlatform 'IOS'
[2025.12.18-20.27.03:066][  0]LogTargetPlatformManager: Display: Loaded TargetPlatform 'Linux'
[2025.12.18-20.27.03:069][  0]LogTargetPlatformManager: Display: Loaded TargetPlatform 'LinuxNoEditor'
[2025.12.18-20.27.03:073][  0]LogTargetPlatformManager: Display: Loaded TargetPlatform 'LinuxClient'
[2025.12.18-20.27.03:076][  0]LogTargetPlatformManager: Display: Loaded TargetPlatform 'LinuxServer'
[2025.12.18-20.27.03:083][  0]LogTargetPlatformManager: Display: Loaded TargetPlatform 'LinuxAArch64NoEditor'
[2025.12.18-20.27.03:086][  0]LogTargetPlatformManager: Display: Loaded TargetPlatform 'LinuxAArch64Client'
[2025.12.18-20.27.03:089][  0]LogTargetPlatformManager: Display: Loaded TargetPlatform 'LinuxAArch64Server'
[2025.12.18-20.27.03:107][  0]LogTargetPlatformManager: Display: Loaded TargetPlatform 'Lumin'
[2025.12.18-20.27.03:107][  0]LogTargetPlatformManager: Display: Loaded TargetPlatform 'LuminClient'
[2025.12.18-20.27.03:113][  0]LogTargetPlatformManager: Display: Loaded TargetPlatform 'MacNoEditor'
[2025.12.18-20.27.03:116][  0]LogTargetPlatformManager: Display: Loaded TargetPlatform 'Mac'
[2025.12.18-20.27.03:119][  0]LogTargetPlatformManager: Display: Loaded TargetPlatform 'MacClient'
[2025.12.18-20.27.03:122][  0]LogTargetPlatformManager: Display: Loaded TargetPlatform 'MacServer'
[2025.12.18-20.27.03:130][  0]LogTargetPlatformManager: Display: Loaded TargetPlatform 'TVOSClient'
[2025.12.18-20.27.03:130][  0]LogTargetPlatformManager: Display: Loaded TargetPlatform 'TVOS'
[2025.12.18-20.27.03:136][  0]LogTargetPlatformManager: Display: Loaded TargetPlatform 'WindowsNoEditor'
[2025.12.18-20.27.03:139][  0]LogTargetPlatformManager: Display: Loaded TargetPlatform 'Windows'
[2025.12.18-20.27.03:143][  0]LogTargetPlatformManager: Display: Loaded TargetPlatform 'WindowsClient'
[2025.12.18-20.27.03:146][  0]LogTargetPlatformManager: Display: Loaded TargetPlatform 'WindowsServer'
[2025.12.18-20.27.03:146][  0]LogTargetPlatformManager: Display: Building Assets For Windows
[2025.12.18-20.27.03:151][  0]LogAudioDebug: Display: Lib vorbis DLL was dynamically loaded.
[2025.12.18-20.27.03:172][  0]LogTextureFormatOodle: Display: Oodle Texture 2.9.0 init RDO Off
[2025.12.18-20.27.03:194][  0]LogRendererCore: Ray tracing is disabled. Reason: r.RayTracing=0.
[2025.12.18-20.27.03:195][  0]LogShaderCompilers: Guid format shader working directory is -26 characters bigger than the processId version (../../../../../../WORKPLACE/Mini_laboratory/MEPhI_VR_term_1/Mini_laboratory/Intermediate/Shaders/WorkingDirectory/15196/).
[2025.12.18-20.27.03:195][  0]LogShaderCompilers: Cleaned the shader compiler working directory 'C:/Users/Владислав/AppData/Local/Temp/UnrealShaderWorkingDir/0538340F4D9572FE2C91D9A645DC35A1/'.
[2025.12.18-20.27.03:195][  0]LogXGEController: Cannot use XGE Controller as Incredibuild is not installed on this machine.
[2025.12.18-20.27.03:195][  0]LogShaderCompilers: Cannot use XGE Shader Compiler as Incredibuild is not installed on this machine.
[2025.12.18-20.27.03:195][  0]LogShaderCompilers: Display: Using Local Shader Compiler.
[2025.12.18-20.27.03:816][  0]LogDerivedDataCache: Display: Max Cache Size: 512 MB
[2025.12.18-20.27.03:878][  0]LogDerivedDataCache: Loaded boot cache 0.06s 94MB C:/Users/Владислав/AppData/Local/UnrealEngine/4.27/DerivedDataCache/Boot.ddc.
[2025.12.18-20.27.03:878][  0]LogDerivedDataCache: Display: Loaded Boot cache: C:/Users/Владислав/AppData/Local/UnrealEngine/4.27/DerivedDataCache/Boot.ddc
[2025.12.18-20.27.03:878][  0]LogDerivedDataCache: FDerivedDataBackendGraph:  Pak pak cache file ../../../../../../WORKPLACE/Mini_laboratory/MEPhI_VR_term_1/Mini_laboratory/DerivedDataCache/DDC.ddp not found, will not use a pak cache.
[2025.12.18-20.27.03:878][  0]LogDerivedDataCache: Unable to find inner node Pak for hierarchical cache Hierarchy.
[2025.12.18-20.27.03:878][  0]LogDerivedDataCache: FDerivedDataBackendGraph:  CompressedPak pak cache file ../../../../../../WORKPLACE/Mini_laboratory/MEPhI_VR_term_1/Mini_laboratory/DerivedDataCache/Compressed.ddp not found, will not use a pak cache.
[2025.12.18-20.27.03:878][  0]LogDerivedDataCache: Unable to find inner node CompressedPak for hierarchical cache Hierarchy.
[2025.12.18-20.27.03:892][  0]LogDerivedDataCache: Display: Pak cache opened for reading ../../../Engine/DerivedDataCache/Compressed.ddp.
[2025.12.18-20.27.03:892][  0]LogDerivedDataCache: FDerivedDataBackendGraph:  EnterprisePak pak cache file ../../../Enterprise/DerivedDataCache/Compressed.ddp not found, will not use a pak cache.
[2025.12.18-20.27.03:892][  0]LogDerivedDataCache: Unable to find inner node EnterprisePak for hierarchical cache Hierarchy.
[2025.12.18-20.27.03:922][  0]LogDerivedDataCache: Speed tests for C:/Users/Владислав/AppData/Local/UnrealEngine/Common/DerivedDataCache took 0.03 seconds
[2025.12.18-20.27.03:922][  0]LogDerivedDataCache: Display: Performance to C:/Users/Владислав/AppData/Local/UnrealEngine/Common/DerivedDataCache: Latency=0.03ms. RandomReadSpeed=727.11MBs, RandomWriteSpeed=32.30MBs. Assigned SpeedClass 'Local'
[2025.12.18-20.27.03:923][  0]LogDerivedDataCache: Using Local data cache path C:/Users/Владислав/AppData/Local/UnrealEngine/Common/DerivedDataCache: Writable
[2025.12.18-20.27.03:923][  0]LogDerivedDataCache: Shared data cache path not found in *engine.ini, will not use an Shared cache.
[2025.12.18-20.27.03:923][  0]LogDerivedDataCache: Unable to find inner node Shared for hierarchical cache Hierarchy.
[2025.12.18-20.27.03:964][  0]LogSlate: Using FreeType 2.10.0
[2025.12.18-20.27.03:964][  0]LogSlate: SlateFontServices - WITH_FREETYPE: 1, WITH_HARFBUZZ: 1
[2025.12.18-20.27.03:985][  0]LogAssetRegistry: FAssetRegistry took 0.0023 seconds to start up
[2025.12.18-20.27.04:173][  0]LogInit: Selected Device Profile: [Windows]
[2025.12.18-20.27.04:173][  0]LogInit: Active device profile: [000001B2914E9100][000001B2905CD180 49] Windows
[2025.12.18-20.27.04:173][  0]LogInit: Profiles: [000001B2914E9100][000001B2905CD180 49] Windows, [000001B290DDEC00][000001B2883FB300 49] WindowsNoEditor, [000001B2914EA200][000001B2883FF480 49] WindowsServer, [000001B290DDDE00][000001B288403600 49] WindowsClient, [000001B2914E9700][000001B288407780 49] IOS, [000001B290DDEE00][000001B28EDF3900 49] iPadAir, [000001B2914EBC00][000001B28EDFBA80 49] iPadAir2, [000001B290FA5400][000001B2919A81C0 49] IPadPro, [000001B290FA5500][000001B2903BC200 49] iPadAir3, [000001B290DDFF00][000001B2919AC380 49] iPadAir4, [000001B290FA6300][000001B2919D6500 49] iPadMini2, [000001B290DDF600][000001B2903C4680 49] iPadMini3, [000001B290FA6F00][000001B2919EA800 49] iPadMini4, [000001B290DDE300][000001B290420980 49] iPadMini5, [000001B290FBD000][000001B2905D8C00 49] iPhone6, [000001B290FBD100][000001B288416C40 49] iPodTouch6, [000001B2914EB900][000001B288458E80 49] iPhone7, [000001B2914EA900][000001B288454EC0 49] iPodTouch7, [000001B290FA5000][000001B2904A1040 49] iPhone5S, [000001B2914EAF00][000001B2904A51C0 49] iPhone6Plus, [000001B290FA7600][000001B28845D340 49] iPhone6S, [000001B2914E8C00][000001B2884614C0 49] iPhone6SPlus, [000001B2914E9D00][000001B28EE95640 49] iPhone7Plus, [000001B290FBC800][000001B28EE997C0 49] iPhoneSE, [000001B2914E8400][000001B28EE9D940 49] iPhone8, [000001B290FBC900][000001B288465AC0 49] iPhone8Plus, [000001B290FBEE00][000001B2884680C0 49] iPhoneX, [000001B290FA5D00][000001B28846C240 49] iPhoneXS, [000001B290FBE700][000001B2884703C0 49] iPhoneXSMax, [000001B290FA5C00][000001B288474540 49] iPhoneXR, [000001B290FBE800][000001B2917746C0 49] iPhone11, [000001B290FA4F00][000001B291780840 49] iPhone11Pro, [000001B290FBCB00][000001B2917849C0 49] iPhone11ProMax, [000001B290FA4D00][000001B291816B40 49] iPhoneSE2, [000001B290FBCE00][000001B291852CC0 49] iPhone12Mini, [000001B2914EB800][000001B29049CE00 49] iPhone12, [000001B290FBF000][000001B29189EF40 49] iPhone12Pro, [000001B2914EB700][000001B2918AD080 49] iPhone12ProMax, [000001B290FBDE00][000001B2918B11C0 49] iPadPro105, [000001B2914E9300][000001B291C17340 49] iPadPro129, [000001B290FBFE00][000001B291C1B4C0 49] iPadPro97, [000001B2914E9C00][000001B291C1F640 49] iPadPro2_129, [000001B290FBE000][000001B291C237C0 49] iPad5, [000001B2914EA300][000001B29042D940 49] iPad6, [000001B290FBFB00][000001B290431AC0 49] iPad7, [000001B2914E9E00][000001B2904340C0 49] iPad8, [000001B290FBCA00][000001B290438240 49] iPadPro11, [000001B2914EA600][000001B29043C3C0 49] iPadPro2_11, [000001B290FBCF00][000001B291DDE540 49] iPadPro3_129, [000001B2914EA800][000001B291DEA6C0 49] iPadPro4_129, [000001B290FBFC00][000001B291DEE840 49] AppleTV, [000001B2914E9A00][000001B291DF29C0 49] AppleTV4K, [000001B290FBE600][000001B291DF6B40 49] TVOS, [000001B2914EA100][000001B291DFACC0 49] Mac, [000001B290FBEF00][000001B290458E40 49] MacClient, [000001B2914EAA00][000001B291C12F80 49] MacNoEditor, [000001B290FBEC00][000001B29045D0C0 49] MacServer, [000001B2914EB000][000001B29046B200 49] Linux, [000001B290FBC400][000001B29046F340 49] LinuxAArch64, [000001B2914E8700][000001B2904774C0 49] LinuxNoEditor, [000001B290FBF700][000001B29047B640 49] LinuxAArch64NoEditor, [000001B2914EBB00][000001B29047F7C0 49] LinuxClient, [000001B290FBF400][000001B290483940 49] LinuxAArch64Client, [000001B2914EBE00][000001B290487AC0 49] LinuxServer, [000001B290FBC700][000001B29048A0C0 49] LinuxAArch64Server, [000001B2914E9F00][000001B29048E240 49] Android, [000001B290FBEA00][000001B2904603C0 49] Android_Low, [000001B2914EAD00][000001B290454540 49] Android_Mid, [000001B290FBDF00][000001B2904926C0 49] Android_High, [000001B2914EAB00][000001B290496840 49] Android_Default, [000001B290FBC100][000001B2921EA9C0 49] Android_Adreno4xx, [000001B2914E8500][000001B2921EEB40 49] Android_Adreno5xx_Low, [000001B290FBD400][000001B2921F2CC0 49] Android_Adreno5xx, [000001B2914EB400][000001B29177CE40 49] Android_Adreno6xx, [000001B290FBE300][000001B2917E6FC0 49] Android_Adreno6xx_Vulkan, [000001B2914EBD00][000001B2917E3140 49] Android_Mali_T6xx, [000001B290FBC200][000001B290473280 49] Android_Mali_T7xx, [000001B2914EB600][000001B2917973C0 49] Android_Mali_T8xx, [000001B290FBF200][000001B291779500 49] Android_Mali_G71, [000001B290FA7100][000001B2919DB680 49] Android_Mali_G72, [000001B290DDF400][000001B2919DF800 49] Android_Mali_G72_Vulkan, [000001B290FA6B00][000001B2921F7980 49] Android_Mali_G76, [000001B290DDC500][000001B2921FBB00 49] Android_Mali_G76_Vulkan, [000001B290FA4C00][000001B2921FE100 49] Android_Mali_G77, [000001B290DDC600][000001B292202280 49] Android_Mali_G77_Vulkan, [000001B290FA6400][000001B292206400 49] Android_Mali_G78, [000001B290DDCD00][000001B29220A580 49] Android_Mali_G78_Vulkan, [000001B290FA7D00][000001B291EBC700 49] Android_Mali_G710, [000001B290DDF000][000001B291EC0880 49] Android_Mali_G710_Vulkan, [000001B290FA6A00][000001B291EC4A00 49] Android_Vulkan_SM5, [000001B290DDDF00][000001B291EC8B80 49] Android_PowerVR_G6xxx, [000001B290FA4500][000001B291ECCD00 49] Android_PowerVR_GT7xxx, [000001B290DDC200][000001B291ED0E80 49] Android_PowerVR_GE8xxx, [000001B290FA7B00][000001B291ED5000 49] Android_PowerVR_GM9xxx, [000001B290DDE600][000001B291ED9180 49] Android_PowerVR_GM9xxx_Vulkan, [000001B290FA5F00][000001B291EDD300 49] Android_TegraK1, [000001B290DDCA00][000001B28D019440 49] Android_Unknown_Vulkan, [000001B290FA7900][000001B291EE1580 49] Lumin, [000001B290DDD100][000001B291EE56C0 49] Lumin_Desktop, [000001B290FA6000][000001B291EED840 49] HoloLens, 
[2025.12.18-20.27.04:275][  0]LogMeshReduction: Using QuadricMeshReduction for automatic static mesh reduction
[2025.12.18-20.27.04:275][  0]LogMeshReduction: Using SimplygonMeshReduction for automatic skeletal mesh reduction
[2025.12.18-20.27.04:275][  0]LogMeshReduction: Using ProxyLODMeshReduction for automatic mesh merging
[2025.12.18-20.27.04:275][  0]LogMeshReduction: No distributed automatic mesh merging module available
[2025.12.18-20.27.04:275][  0]LogMeshMerging: No distributed automatic mesh merging module available
[2025.12.18-20.27.04:288][  0]LogNetVersion: Mini_laboratory 1.0.0, NetCL: 17155196, EngineNetVer: 17, GameNetVer: 0 (Checksum: 65826005)
[2025.12.18-20.27.04:589][  0]LogTexture: Default maximum texture size for cubemaps generated from long-lat sources has been changed from 512 to unlimited. In order to preserve old behaiour for '/Engine/MapTemplates/Sky/DaylightAmbientCubemap.DaylightAmbientCubemap', its maximum texture size has been explicitly set to 512.
[2025.12.18-20.27.04:641][  0]LogHMD: PokeAHoleMaterial loaded successfully
[2025.12.18-20.27.04:646][  0]LogUObjectArray: 17178 objects as part of root set at end of initial load.
[2025.12.18-20.27.04:646][  0]LogUObjectAllocator: 4302048 out of 0 bytes used by permanent object pool.
[2025.12.18-20.27.04:646][  0]LogUObjectArray: CloseDisregardForGC: 0/0 objects in disregard for GC pool
[2025.12.18-20.27.04:849][  0]LogNiagaraDebuggerClient: Niagara Debugger Client Initialized | Session: 18C048C64BCD2E5C0B67BA8022B11432 | Instance: CD10360B4909BA4068A6AE894DE844B6 (LAPTOP-RE3L13LG-15196).
[2025.12.18-20.27.04:876][  0]LogPython: Using Python 3.7.7
[2025.12.18-20.27.05:372][  0]LogTcpMessaging: Initializing TcpMessaging bridge
[2025.12.18-20.27.05:376][  0]LogUdpMessaging: Initializing bridge on interface 0.0.0.0:0 to multicast group 230.0.0.1:6666.
[2025.12.18-20.27.05:450][  0]SourceControl: Source control is disabled
[2025.12.18-20.27.05:450][  0]SourceControl: Source control is disabled
[2025.12.18-20.27.05:462][  0]SourceControl: Source control is disabled
[2025.12.18-20.27.05:464][  0]SourceControl: Source control is disabled
[2025.12.18-20.27.05:471][  0]SourceControl: Source control is disabled
[2025.12.18-20.27.05:473][  0]LogUProjectInfo: Found projects:
[2025.12.18-20.27.05:610][  0]LogOpenImageDenoise: OIDN starting up
[2025.12.18-20.27.05:654][  0]LogAndroidPermission: UAndroidPermissionCallbackProxy::GetInstance
[2025.12.18-20.27.05:671][  0]LogAudioCaptureCore: Display: No Audio Capture implementations found. Audio input will be silent.
[2025.12.18-20.27.05:671][  0]LogAudioCaptureCore: Display: No Audio Capture implementations found. Audio input will be silent.
[2025.12.18-20.27.05:810][  0]LogCollectionManager: Loaded 0 collections in 0.000494 seconds
[2025.12.18-20.27.05:828][  0]LogFileCache: Scanning file cache for directory 'D:/WORKPLACE/Mini_laboratory/MEPhI_VR_term_1/Mini_laboratory/Saved/Collections/' took 0.00s
[2025.12.18-20.27.05:828][  0]LogFileCache: Scanning file cache for directory 'D:/WORKPLACE/Mini_laboratory/MEPhI_VR_term_1/Mini_laboratory/Content/Developers/Vladislav/Collections/' took 0.00s
[2025.12.18-20.27.05:828][  0]LogFileCache: Scanning file cache for directory 'D:/WORKPLACE/Mini_laboratory/MEPhI_VR_term_1/Mini_laboratory/Content/Collections/' took 0.00s
[2025.12.18-20.27.05:828][  0]LogOcInput: OculusInput pre-init called
[2025.12.18-20.27.06:029][  0]LogEngine: Initializing Engine...
[2025.12.18-20.27.06:031][  0]LogHMD: Failed to enumerate extensions. Please check that you have a valid OpenXR runtime installed.
[2025.12.18-20.27.06:031][  0]LogHMD: Failed to initialize OpenVR with code 110
[2025.12.18-20.27.06:031][  0]LogMagicLeap: Warning: VR disabled because ZI is not enabled.  To enable, in the editor, Edit -> Project Settings -> Plugins -> Magic Leap Plugin -> Enable Zero Iteration
[2025.12.18-20.27.06:032][  0]LogStats: UGameplayTagsManager::InitializeManager -  0.000 s
[2025.12.18-20.27.06:142][  0]LogInit: Initializing FReadOnlyCVARCache
[2025.12.18-20.27.06:151][  0]LogAIModule: Creating AISystem for world Untitled
[2025.12.18-20.27.06:159][  0]LogAudio: Display: Initializing Audio Device Manager...
[2025.12.18-20.27.06:163][  0]LogAudio: Display: Loading Default Audio Settings Objects...
[2025.12.18-20.27.06:164][  0]LogAudio: Display: No default SoundConcurrencyObject specified (or failed to load).
[2025.12.18-20.27.06:164][  0]LogAudio: Display: Audio Device Manager Initialized
[2025.12.18-20.27.06:164][  0]LogAudio: Display: Creating Audio Device:                 Id: 1, Scope: Shared, Realtime: True
[2025.12.18-20.27.06:164][  0]LogAudioMixer: Display: Audio Mixer Platform Settings:
[2025.12.18-20.27.06:164][  0]LogAudioMixer: Display: 	Sample Rate:						  48000
[2025.12.18-20.27.06:164][  0]LogAudioMixer: Display: 	Callback Buffer Frame Size Requested: 1024
[2025.12.18-20.27.06:164][  0]LogAudioMixer: Display: 	Callback Buffer Frame Size To Use:	  1024
[2025.12.18-20.27.06:164][  0]LogAudioMixer: Display: 	Number of buffers to queue:			  2
[2025.12.18-20.27.06:164][  0]LogAudioMixer: Display: 	Max Channels (voices):				  32
[2025.12.18-20.27.06:164][  0]LogAudioMixer: Display: 	Number of Async Source Workers:		  0
[2025.12.18-20.27.06:164][  0]LogAudio: Display: AudioDevice MaxSources: 32
[2025.12.18-20.27.06:165][  0]LogAudio: Display: Audio Spatialization Plugin: None (built-in).
[2025.12.18-20.27.06:165][  0]LogAudio: Display: Audio Reverb Plugin: None (built-in).
[2025.12.18-20.27.06:165][  0]LogAudio: Display: Audio Occlusion Plugin: None (built-in).
[2025.12.18-20.27.06:165][  0]LogAudioMixer: Display: Initializing audio mixer.
[2025.12.18-20.27.06:183][  0]LogAudioMixer: Display: 0: FrontLeft
[2025.12.18-20.27.06:183][  0]LogAudioMixer: Display: 1: FrontRight
[2025.12.18-20.27.06:473][  0]LogAudioMixer: Display: Using Audio Device Динамики (Realtek(R) Audio)
[2025.12.18-20.27.06:478][  0]LogAudioMixer: Display: Initializing Sound Submixes...
[2025.12.18-20.27.06:481][  0]LogAudioMixer: Display: Creating Master Submix 'MasterSubmixDefault'
[2025.12.18-20.27.06:481][  0]LogAudioMixer: Display: Creating Master Submix 'MasterReverbSubmixDefault'
[2025.12.18-20.27.06:482][  0]LogAudioMixer: Display: Creating Master Submix 'MasterEQSubmixDefault'
[2025.12.18-20.27.06:482][  0]LogAudioMixer: FMixerPlatformXAudio2::StartAudioStream() called
[2025.12.18-20.27.06:482][  0]LogAudioMixer: Display: Output buffers initialized: Frames=1024, Channels=2, Samples=2048
[2025.12.18-20.27.06:483][  0]LogAudioMixer: Display: Starting AudioMixerPlatformInterface::RunInternal()
[2025.12.18-20.27.06:483][  0]LogAudioMixer: Display: FMixerPlatformXAudio2::SubmitBuffer() called for the first time
[2025.12.18-20.27.06:483][  0]LogInit: FAudioDevice initialized.
[2025.12.18-20.27.06:483][  0]LogAudio: Display: Audio Device (ID: 1) registered with world 'Untitled'.
[2025.12.18-20.27.06:483][  0]LogNetVersion: Set ProjectVersion to 1.0.0.0. Version Checksum will be recalculated on next use.
[2025.12.18-20.27.06:583][  0]LogDerivedDataCache: Saved boot cache 0.10s 94MB C:/Users/Владислав/AppData/Local/UnrealEngine/4.27/DerivedDataCache/Boot.ddc.
[2025.12.18-20.27.06:586][  0]LogInit: Texture streaming: Enabled
[2025.12.18-20.27.06:602][  0]LogAnalytics: Display: [UEEditor.Rocket.Release] APIServer = https://datarouter.ol.epicgames.com/. AppVersion = 4.27.2-18319896+++UE4+Release-4.27
[2025.12.18-20.27.06:605][  0]LogEngineSessionManager: EngineSessionManager initialized
[2025.12.18-20.27.06:605][  0]LogEditorSessionSummary: Verbose: Initializing EditorSessionSummaryWriter for editor session tracking
[2025.12.18-20.27.06:607][  0]LogEditorSessionSummary: EditorSessionSummaryWriter initialized
[2025.12.18-20.27.06:633][  0]LogInit: Transaction tracking system initialized
[2025.12.18-20.27.06:659][  0]BlueprintLog: New page: Editor Load
[2025.12.18-20.27.06:727][  0]LocalizationService: Localization service is disabled
[2025.12.18-20.27.06:756][  0]TimingProfiler: Initialize
[2025.12.18-20.27.06:757][  0]TimingProfiler: OnSessionChanged
[2025.12.18-20.27.06:757][  0]LoadingProfiler: Initialize
[2025.12.18-20.27.06:757][  0]LoadingProfiler: OnSessionChanged
[2025.12.18-20.27.06:757][  0]NetworkingProfiler: Initialize
[2025.12.18-20.27.06:757][  0]NetworkingProfiler: OnSessionChanged
[2025.12.18-20.27.06:757][  0]MemoryProfiler: Initialize
[2025.12.18-20.27.06:757][  0]MemoryProfiler: OnSessionChanged
[2025.12.18-20.27.06:899][  0]LogCook: Display: CookSettings for Memory: MemoryMaxUsedVirtual 0MiB, MemoryMaxUsedPhysical 16384MiB, MemoryMinFreeVirtual 0MiB, MemoryMinFreePhysical 1024MiB
[2025.12.18-20.27.06:900][  0]LogCook: Display: Mobile HDR setting 1
[2025.12.18-20.27.07:075][  0]LogFileCache: Scanning file cache for directory 'D:/WORKPLACE/Mini_laboratory/MEPhI_VR_term_1/Mini_laboratory/Content/' took 0.00s
[2025.12.18-20.27.07:234][  0]LogInit: Display: Engine is initialized. Leaving FEngineLoop::Init()
[2025.12.18-20.27.07:237][  0]SourceControl: Source control is disabled
[2025.12.18-20.27.07:237][  0]LogUnrealEdMisc: Loading editor; pre map load, took 7.782
[2025.12.18-20.27.07:237][  0]Cmd: MAP LOAD FILE="../../../../../../WORKPLACE/Mini_laboratory/MEPhI_VR_term_1/Mini_laboratory/Content/Workplace/Maps/StartMenu.umap" TEMPLATE=0 SHOWPROGRESS=1 FEATURELEVEL=3
[2025.12.18-20.27.07:238][  0]LightingResults: New page: Lighting Build
[2025.12.18-20.27.07:239][  0]LogWorld: UWorld::CleanupWorld for Untitled, bSessionEnded=true, bCleanupResources=true
[2025.12.18-20.27.07:239][  0]LogSlate: InvalidateAllWidgets triggered.  All widgets were invalidated
[2025.12.18-20.27.07:239][  0]MapCheck: New page: Map Check
[2025.12.18-20.27.07:240][  0]LightingResults: New page: Lighting Build
[2025.12.18-20.27.07:243][  0]LogAudio: Display: Audio Device unregistered from world 'None'.
[2025.12.18-20.27.07:246][  0]LogUObjectHash: Compacting FUObjectHashTables data took   0.68ms
[2025.12.18-20.27.07:318][  0]LogAudio: Display: Audio Device (ID: 1) registered with world 'StartMenu'.
[2025.12.18-20.27.07:319][  0]LogAIModule: Creating AISystem for world StartMenu
[2025.12.18-20.27.07:319][  0]LogEditorServer: Finished looking for orphan Actors (0.000 secs)
[2025.12.18-20.27.07:325][  0]LogUObjectHash: Compacting FUObjectHashTables data took   0.67ms
[2025.12.18-20.27.07:325][  0]Cmd: MAP CHECKDEP NOCLEARLOG
[2025.12.18-20.27.07:325][  0]MapCheck: Map check complete: 0 Error(s), 0 Warning(s), took 0,079ms to complete.
[2025.12.18-20.27.07:325][  0]LogFileHelpers: Loading map 'StartMenu' took 0.087
[2025.12.18-20.27.07:326][  0]LogUnrealEdMisc: Total Editor Startup Time, took 7.871
[2025.12.18-20.27.07:422][  0]LogSlate: Updating window title bar state: overlay mode, drag disabled, window buttons hidden, title bar hidden
[2025.12.18-20.27.07:428][  0]LogSlate: Updating window title bar state: overlay mode, drag disabled, window buttons hidden, title bar hidden
[2025.12.18-20.27.07:434][  0]LogSlate: Updating window title bar state: overlay mode, drag disabled, window buttons hidden, title bar hidden
[2025.12.18-20.27.07:439][  0]LogSlate: Updating window title bar state: overlay mode, drag disabled, window buttons hidden, title bar hidden
[2025.12.18-20.27.07:451][  0]LogNativeClassHierarchy: Verbose: Native class hierarchy populated in 0.0075 seconds. Added 3822 classes and 928 folders.
[2025.12.18-20.27.07:454][  0]LogNativeClassHierarchy: Verbose: Native class hierarchy updated for 'WidgetCarousel' in 0.0003 seconds. Added 0 classes and 0 folders.
[2025.12.18-20.27.07:456][  0]LogPakFile: PakFile PrimaryIndexSize=187
[2025.12.18-20.27.07:456][  0]LogPakFile: PakFile PathHashIndexSize=101
[2025.12.18-20.27.07:456][  0]LogPakFile: PakFile FullDirectoryIndexSize=148
[2025.12.18-20.27.07:456][  0]LogShaderLibrary: Display: ShaderCodeLibraryPakFileMountedCallback: PakFile 'D:/Progams on PC/Unreal/UE_4.27/FeaturePacks/FP_FirstPerson.upack' (chunk index -1, root 'root:/') mounted
[2025.12.18-20.27.07:456][  0]LogShaderLibrary: Display: ShaderCodeLibraryPakFileMountedCallback: pending pak file info (ChunkID:-1 Root:root:/ File:D:/Progams on PC/Unreal/UE_4.27/FeaturePacks/FP_FirstPerson.upack)
[2025.12.18-20.27.07:456][  0]LogPakFile: OnPakFileMounted2Time == 0.000048
[2025.12.18-20.27.07:459][  0]LogPakFile: PakFile PrimaryIndexSize=189
[2025.12.18-20.27.07:459][  0]LogPakFile: PakFile PathHashIndexSize=101
[2025.12.18-20.27.07:459][  0]LogPakFile: PakFile FullDirectoryIndexSize=152
[2025.12.18-20.27.07:459][  0]LogShaderLibrary: Display: ShaderCodeLibraryPakFileMountedCallback: PakFile 'D:/Progams on PC/Unreal/UE_4.27/FeaturePacks/FP_FirstPersonBP.upack' (chunk index -1, root 'root:/') mounted
[2025.12.18-20.27.07:459][  0]LogShaderLibrary: Display: ShaderCodeLibraryPakFileMountedCallback: pending pak file info (ChunkID:-1 Root:root:/ File:D:/Progams on PC/Unreal/UE_4.27/FeaturePacks/FP_FirstPersonBP.upack)
[2025.12.18-20.27.07:459][  0]LogPakFile: OnPakFileMounted2Time == 0.000048
[2025.12.18-20.27.07:462][  0]LogPakFile: PakFile PrimaryIndexSize=191
[2025.12.18-20.27.07:462][  0]LogPakFile: PakFile PathHashIndexSize=101
[2025.12.18-20.27.07:462][  0]LogPakFile: PakFile FullDirectoryIndexSize=160
[2025.12.18-20.27.07:462][  0]LogShaderLibrary: Display: ShaderCodeLibraryPakFileMountedCallback: PakFile 'D:/Progams on PC/Unreal/UE_4.27/FeaturePacks/MobileStarterContent.upack' (chunk index -1, root 'root:/') mounted
[2025.12.18-20.27.07:462][  0]LogShaderLibrary: Display: ShaderCodeLibraryPakFileMountedCallback: pending pak file info (ChunkID:-1 Root:root:/ File:D:/Progams on PC/Unreal/UE_4.27/FeaturePacks/MobileStarterContent.upack)
[2025.12.18-20.27.07:462][  0]LogPakFile: OnPakFileMounted2Time == 0.000034
[2025.12.18-20.27.07:464][  0]LogPakFile: PakFile PrimaryIndexSize=185
[2025.12.18-20.27.07:464][  0]LogPakFile: PakFile PathHashIndexSize=101
[2025.12.18-20.27.07:464][  0]LogPakFile: PakFile FullDirectoryIndexSize=148
[2025.12.18-20.27.07:464][  0]LogShaderLibrary: Display: ShaderCodeLibraryPakFileMountedCallback: PakFile 'D:/Progams on PC/Unreal/UE_4.27/FeaturePacks/StarterContent.upack' (chunk index -1, root 'root:/') mounted
[2025.12.18-20.27.07:464][  0]LogShaderLibrary: Display: ShaderCodeLibraryPakFileMountedCallback: pending pak file info (ChunkID:-1 Root:root:/ File:D:/Progams on PC/Unreal/UE_4.27/FeaturePacks/StarterContent.upack)
[2025.12.18-20.27.07:464][  0]LogPakFile: OnPakFileMounted2Time == 0.000040
[2025.12.18-20.27.07:466][  0]LogPakFile: PakFile PrimaryIndexSize=190
[2025.12.18-20.27.07:466][  0]LogPakFile: PakFile PathHashIndexSize=101
[2025.12.18-20.27.07:466][  0]LogPakFile: PakFile FullDirectoryIndexSize=154
[2025.12.18-20.27.07:466][  0]LogShaderLibrary: Display: ShaderCodeLibraryPakFileMountedCallback: PakFile 'D:/Progams on PC/Unreal/UE_4.27/FeaturePacks/TP_2DSideScroller.upack' (chunk index -1, root 'root:/') mounted
[2025.12.18-20.27.07:466][  0]LogShaderLibrary: Display: ShaderCodeLibraryPakFileMountedCallback: pending pak file info (ChunkID:-1 Root:root:/ File:D:/Progams on PC/Unreal/UE_4.27/FeaturePacks/TP_2DSideScroller.upack)
[2025.12.18-20.27.07:466][  0]LogPakFile: OnPakFileMounted2Time == 0.000034
[2025.12.18-20.27.07:469][  0]LogPakFile: PakFile PrimaryIndexSize=192
[2025.12.18-20.27.07:469][  0]LogPakFile: PakFile PathHashIndexSize=101
[2025.12.18-20.27.07:469][  0]LogPakFile: PakFile FullDirectoryIndexSize=158
[2025.12.18-20.27.07:469][  0]LogShaderLibrary: Display: ShaderCodeLibraryPakFileMountedCallback: PakFile 'D:/Progams on PC/Unreal/UE_4.27/FeaturePacks/TP_2DSideScrollerBP.upack' (chunk index -1, root 'root:/') mounted
[2025.12.18-20.27.07:469][  0]LogShaderLibrary: Display: ShaderCodeLibraryPakFileMountedCallback: pending pak file info (ChunkID:-1 Root:root:/ File:D:/Progams on PC/Unreal/UE_4.27/FeaturePacks/TP_2DSideScrollerBP.upack)
[2025.12.18-20.27.07:469][  0]LogPakFile: OnPakFileMounted2Time == 0.000039
[2025.12.18-20.27.07:471][  0]LogPakFile: PakFile PrimaryIndexSize=182
[2025.12.18-20.27.07:471][  0]LogPakFile: PakFile PathHashIndexSize=101
[2025.12.18-20.27.07:471][  0]LogPakFile: PakFile FullDirectoryIndexSize=138
[2025.12.18-20.27.07:471][  0]LogShaderLibrary: Display: ShaderCodeLibraryPakFileMountedCallback: PakFile 'D:/Progams on PC/Unreal/UE_4.27/FeaturePacks/TP_Flying.upack' (chunk index -1, root 'root:/') mounted
[2025.12.18-20.27.07:471][  0]LogShaderLibrary: Display: ShaderCodeLibraryPakFileMountedCallback: pending pak file info (ChunkID:-1 Root:root:/ File:D:/Progams on PC/Unreal/UE_4.27/FeaturePacks/TP_Flying.upack)
[2025.12.18-20.27.07:471][  0]LogPakFile: OnPakFileMounted2Time == 0.000034
[2025.12.18-20.27.07:473][  0]LogPakFile: PakFile PrimaryIndexSize=184
[2025.12.18-20.27.07:473][  0]LogPakFile: PakFile PathHashIndexSize=101
[2025.12.18-20.27.07:473][  0]LogPakFile: PakFile FullDirectoryIndexSize=142
[2025.12.18-20.27.07:473][  0]LogShaderLibrary: Display: ShaderCodeLibraryPakFileMountedCallback: PakFile 'D:/Progams on PC/Unreal/UE_4.27/FeaturePacks/TP_FlyingBP.upack' (chunk index -1, root 'root:/') mounted
[2025.12.18-20.27.07:473][  0]LogShaderLibrary: Display: ShaderCodeLibraryPakFileMountedCallback: pending pak file info (ChunkID:-1 Root:root:/ File:D:/Progams on PC/Unreal/UE_4.27/FeaturePacks/TP_FlyingBP.upack)
[2025.12.18-20.27.07:473][  0]LogPakFile: OnPakFileMounted2Time == 0.000034
[2025.12.18-20.27.07:476][  0]LogPakFile: PakFile PrimaryIndexSize=188
[2025.12.18-20.27.07:476][  0]LogPakFile: PakFile PathHashIndexSize=101
[2025.12.18-20.27.07:476][  0]LogPakFile: PakFile FullDirectoryIndexSize=150
[2025.12.18-20.27.07:476][  0]LogShaderLibrary: Display: ShaderCodeLibraryPakFileMountedCallback: PakFile 'D:/Progams on PC/Unreal/UE_4.27/FeaturePacks/TP_HandheldARBP.upack' (chunk index -1, root 'root:/') mounted
[2025.12.18-20.27.07:476][  0]LogShaderLibrary: Display: ShaderCodeLibraryPakFileMountedCallback: pending pak file info (ChunkID:-1 Root:root:/ File:D:/Progams on PC/Unreal/UE_4.27/FeaturePacks/TP_HandheldARBP.upack)
[2025.12.18-20.27.07:476][  0]LogPakFile: OnPakFileMounted2Time == 0.000034
[2025.12.18-20.27.07:479][  0]LogPakFile: PakFile PrimaryIndexSize=182
[2025.12.18-20.27.07:479][  0]LogPakFile: PakFile PathHashIndexSize=101
[2025.12.18-20.27.07:479][  0]LogPakFile: PakFile FullDirectoryIndexSize=138
[2025.12.18-20.27.07:479][  0]LogShaderLibrary: Display: ShaderCodeLibraryPakFileMountedCallback: PakFile 'D:/Progams on PC/Unreal/UE_4.27/FeaturePacks/TP_Puzzle.upack' (chunk index -1, root 'root:/') mounted
[2025.12.18-20.27.07:479][  0]LogShaderLibrary: Display: ShaderCodeLibraryPakFileMountedCallback: pending pak file info (ChunkID:-1 Root:root:/ File:D:/Progams on PC/Unreal/UE_4.27/FeaturePacks/TP_Puzzle.upack)
[2025.12.18-20.27.07:479][  0]LogPakFile: OnPakFileMounted2Time == 0.000033
[2025.12.18-20.27.07:480][  0]LogPakFile: PakFile PrimaryIndexSize=184
[2025.12.18-20.27.07:480][  0]LogPakFile: PakFile PathHashIndexSize=101
[2025.12.18-20.27.07:480][  0]LogPakFile: PakFile FullDirectoryIndexSize=142
[2025.12.18-20.27.07:480][  0]LogShaderLibrary: Display: ShaderCodeLibraryPakFileMountedCallback: PakFile 'D:/Progams on PC/Unreal/UE_4.27/FeaturePacks/TP_PuzzleBP.upack' (chunk index -1, root 'root:/') mounted
[2025.12.18-20.27.07:480][  0]LogShaderLibrary: Display: ShaderCodeLibraryPakFileMountedCallback: pending pak file info (ChunkID:-1 Root:root:/ File:D:/Progams on PC/Unreal/UE_4.27/FeaturePacks/TP_PuzzleBP.upack)
[2025.12.18-20.27.07:480][  0]LogPakFile: OnPakFileMounted2Time == 0.000027
[2025.12.18-20.27.07:482][  0]LogPakFile: PakFile PrimaryIndexSize=183
[2025.12.18-20.27.07:482][  0]LogPakFile: PakFile PathHashIndexSize=101
[2025.12.18-20.27.07:482][  0]LogPakFile: PakFile FullDirectoryIndexSize=140
[2025.12.18-20.27.07:482][  0]LogShaderLibrary: Display: ShaderCodeLibraryPakFileMountedCallback: PakFile 'D:/Progams on PC/Unreal/UE_4.27/FeaturePacks/TP_Rolling.upack' (chunk index -1, root 'root:/') mounted
[2025.12.18-20.27.07:482][  0]LogShaderLibrary: Display: ShaderCodeLibraryPakFileMountedCallback: pending pak file info (ChunkID:-1 Root:root:/ File:D:/Progams on PC/Unreal/UE_4.27/FeaturePacks/TP_Rolling.upack)
[2025.12.18-20.27.07:482][  0]LogPakFile: OnPakFileMounted2Time == 0.000027
[2025.12.18-20.27.07:483][  0]LogPakFile: PakFile PrimaryIndexSize=185
[2025.12.18-20.27.07:483][  0]LogPakFile: PakFile PathHashIndexSize=101
[2025.12.18-20.27.07:483][  0]LogPakFile: PakFile FullDirectoryIndexSize=144
[2025.12.18-20.27.07:483][  0]LogShaderLibrary: Display: ShaderCodeLibraryPakFileMountedCallback: PakFile 'D:/Progams on PC/Unreal/UE_4.27/FeaturePacks/TP_RollingBP.upack' (chunk index -1, root 'root:/') mounted
[2025.12.18-20.27.07:483][  0]LogShaderLibrary: Display: ShaderCodeLibraryPakFileMountedCallback: pending pak file info (ChunkID:-1 Root:root:/ File:D:/Progams on PC/Unreal/UE_4.27/FeaturePacks/TP_RollingBP.upack)
[2025.12.18-20.27.07:483][  0]LogPakFile: OnPakFileMounted2Time == 0.000027
[2025.12.18-20.27.07:486][  0]LogPakFile: PakFile PrimaryIndexSize=188
[2025.12.18-20.27.07:486][  0]LogPakFile: PakFile PathHashIndexSize=101
[2025.12.18-20.27.07:486][  0]LogPakFile: PakFile FullDirectoryIndexSize=150
[2025.12.18-20.27.07:486][  0]LogShaderLibrary: Display: ShaderCodeLibraryPakFileMountedCallback: PakFile 'D:/Progams on PC/Unreal/UE_4.27/FeaturePacks/TP_SideScroller.upack' (chunk index -1, root 'root:/') mounted
[2025.12.18-20.27.07:486][  0]LogShaderLibrary: Display: ShaderCodeLibraryPakFileMountedCallback: pending pak file info (ChunkID:-1 Root:root:/ File:D:/Progams on PC/Unreal/UE_4.27/FeaturePacks/TP_SideScroller.upack)
[2025.12.18-20.27.07:486][  0]LogPakFile: OnPakFileMounted2Time == 0.000028
[2025.12.18-20.27.07:487][  0]LogPakFile: PakFile PrimaryIndexSize=190
[2025.12.18-20.27.07:487][  0]LogPakFile: PakFile PathHashIndexSize=101
[2025.12.18-20.27.07:487][  0]LogPakFile: PakFile FullDirectoryIndexSize=154
[2025.12.18-20.27.07:487][  0]LogShaderLibrary: Display: ShaderCodeLibraryPakFileMountedCallback: PakFile 'D:/Progams on PC/Unreal/UE_4.27/FeaturePacks/TP_SideScrollerBP.upack' (chunk index -1, root 'root:/') mounted
[2025.12.18-20.27.07:487][  0]LogShaderLibrary: Display: ShaderCodeLibraryPakFileMountedCallback: pending pak file info (ChunkID:-1 Root:root:/ File:D:/Progams on PC/Unreal/UE_4.27/FeaturePacks/TP_SideScrollerBP.upack)
[2025.12.18-20.27.07:487][  0]LogPakFile: OnPakFileMounted2Time == 0.000029
[2025.12.18-20.27.07:488][  0]LogPakFile: PakFile PrimaryIndexSize=187
[2025.12.18-20.27.07:488][  0]LogPakFile: PakFile PathHashIndexSize=101
[2025.12.18-20.27.07:488][  0]LogPakFile: PakFile FullDirectoryIndexSize=148
[2025.12.18-20.27.07:488][  0]LogShaderLibrary: Display: ShaderCodeLibraryPakFileMountedCallback: PakFile 'D:/Progams on PC/Unreal/UE_4.27/FeaturePacks/TP_ThirdPerson.upack' (chunk index -1, root 'root:/') mounted
[2025.12.18-20.27.07:488][  0]LogShaderLibrary: Display: ShaderCodeLibraryPakFileMountedCallback: pending pak file info (ChunkID:-1 Root:root:/ File:D:/Progams on PC/Unreal/UE_4.27/FeaturePacks/TP_ThirdPerson.upack)
[2025.12.18-20.27.07:488][  0]LogPakFile: OnPakFileMounted2Time == 0.000029
[2025.12.18-20.27.07:489][  0]LogPakFile: PakFile PrimaryIndexSize=189
[2025.12.18-20.27.07:489][  0]LogPakFile: PakFile PathHashIndexSize=101
[2025.12.18-20.27.07:489][  0]LogPakFile: PakFile FullDirectoryIndexSize=152
[2025.12.18-20.27.07:489][  0]LogShaderLibrary: Display: ShaderCodeLibraryPakFileMountedCallback: PakFile 'D:/Progams on PC/Unreal/UE_4.27/FeaturePacks/TP_ThirdPersonBP.upack' (chunk index -1, root 'root:/') mounted
[2025.12.18-20.27.07:489][  0]LogShaderLibrary: Display: ShaderCodeLibraryPakFileMountedCallback: pending pak file info (ChunkID:-1 Root:root:/ File:D:/Progams on PC/Unreal/UE_4.27/FeaturePacks/TP_ThirdPersonBP.upack)
[2025.12.18-20.27.07:489][  0]LogPakFile: OnPakFileMounted2Time == 0.000027
[2025.12.18-20.27.07:490][  0]LogPakFile: PakFile PrimaryIndexSize=183
[2025.12.18-20.27.07:490][  0]LogPakFile: PakFile PathHashIndexSize=101
[2025.12.18-20.27.07:490][  0]LogPakFile: PakFile FullDirectoryIndexSize=140
[2025.12.18-20.27.07:490][  0]LogShaderLibrary: Display: ShaderCodeLibraryPakFileMountedCallback: PakFile 'D:/Progams on PC/Unreal/UE_4.27/FeaturePacks/TP_TopDown.upack' (chunk index -1, root 'root:/') mounted
[2025.12.18-20.27.07:490][  0]LogShaderLibrary: Display: ShaderCodeLibraryPakFileMountedCallback: pending pak file info (ChunkID:-1 Root:root:/ File:D:/Progams on PC/Unreal/UE_4.27/FeaturePacks/TP_TopDown.upack)
[2025.12.18-20.27.07:490][  0]LogPakFile: OnPakFileMounted2Time == 0.000033
[2025.12.18-20.27.07:491][  0]LogPakFile: PakFile PrimaryIndexSize=185
[2025.12.18-20.27.07:491][  0]LogPakFile: PakFile PathHashIndexSize=101
[2025.12.18-20.27.07:491][  0]LogPakFile: PakFile FullDirectoryIndexSize=144
[2025.12.18-20.27.07:491][  0]LogShaderLibrary: Display: ShaderCodeLibraryPakFileMountedCallback: PakFile 'D:/Progams on PC/Unreal/UE_4.27/FeaturePacks/TP_TopDownBP.upack' (chunk index -1, root 'root:/') mounted
[2025.12.18-20.27.07:491][  0]LogShaderLibrary: Display: ShaderCodeLibraryPakFileMountedCallback: pending pak file info (ChunkID:-1 Root:root:/ File:D:/Progams on PC/Unreal/UE_4.27/FeaturePacks/TP_TopDownBP.upack)
[2025.12.18-20.27.07:491][  0]LogPakFile: OnPakFileMounted2Time == 0.000027
[2025.12.18-20.27.07:492][  0]LogPakFile: PakFile PrimaryIndexSize=185
[2025.12.18-20.27.07:492][  0]LogPakFile: PakFile PathHashIndexSize=101
[2025.12.18-20.27.07:492][  0]LogPakFile: PakFile FullDirectoryIndexSize=144
[2025.12.18-20.27.07:492][  0]LogShaderLibrary: Display: ShaderCodeLibraryPakFileMountedCallback: PakFile 'D:/Progams on PC/Unreal/UE_4.27/FeaturePacks/TP_TwinStick.upack' (chunk index -1, root 'root:/') mounted
[2025.12.18-20.27.07:492][  0]LogShaderLibrary: Display: ShaderCodeLibraryPakFileMountedCallback: pending pak file info (ChunkID:-1 Root:root:/ File:D:/Progams on PC/Unreal/UE_4.27/FeaturePacks/TP_TwinStick.upack)
[2025.12.18-20.27.07:492][  0]LogPakFile: OnPakFileMounted2Time == 0.000028
[2025.12.18-20.27.07:493][  0]LogPakFile: PakFile PrimaryIndexSize=187
[2025.12.18-20.27.07:493][  0]LogPakFile: PakFile PathHashIndexSize=101
[2025.12.18-20.27.07:493][  0]LogPakFile: PakFile FullDirectoryIndexSize=148
[2025.12.18-20.27.07:493][  0]LogShaderLibrary: Display: ShaderCodeLibraryPakFileMountedCallback: PakFile 'D:/Progams on PC/Unreal/UE_4.27/FeaturePacks/TP_TwinStickBP.upack' (chunk index -1, root 'root:/') mounted
[2025.12.18-20.27.07:493][  0]LogShaderLibrary: Display: ShaderCodeLibraryPakFileMountedCallback: pending pak file info (ChunkID:-1 Root:root:/ File:D:/Progams on PC/Unreal/UE_4.27/FeaturePacks/TP_TwinStickBP.upack)
[2025.12.18-20.27.07:493][  0]LogPakFile: OnPakFileMounted2Time == 0.000027
[2025.12.18-20.27.07:494][  0]LogPakFile: PakFile PrimaryIndexSize=183
[2025.12.18-20.27.07:494][  0]LogPakFile: PakFile PathHashIndexSize=101
[2025.12.18-20.27.07:494][  0]LogPakFile: PakFile FullDirectoryIndexSize=140
[2025.12.18-20.27.07:494][  0]LogShaderLibrary: Display: ShaderCodeLibraryPakFileMountedCallback: PakFile 'D:/Progams on PC/Unreal/UE_4.27/FeaturePacks/TP_Vehicle.upack' (chunk index -1, root 'root:/') mounted
[2025.12.18-20.27.07:494][  0]LogShaderLibrary: Display: ShaderCodeLibraryPakFileMountedCallback: pending pak file info (ChunkID:-1 Root:root:/ File:D:/Progams on PC/Unreal/UE_4.27/FeaturePacks/TP_Vehicle.upack)
[2025.12.18-20.27.07:494][  0]LogPakFile: OnPakFileMounted2Time == 0.000027
[2025.12.18-20.27.07:496][  0]LogPakFile: PakFile PrimaryIndexSize=186
[2025.12.18-20.27.07:496][  0]LogPakFile: PakFile PathHashIndexSize=101
[2025.12.18-20.27.07:496][  0]LogPakFile: PakFile FullDirectoryIndexSize=146
[2025.12.18-20.27.07:496][  0]LogShaderLibrary: Display: ShaderCodeLibraryPakFileMountedCallback: PakFile 'D:/Progams on PC/Unreal/UE_4.27/FeaturePacks/TP_VehicleAdv.upack' (chunk index -1, root 'root:/') mounted
[2025.12.18-20.27.07:496][  0]LogShaderLibrary: Display: ShaderCodeLibraryPakFileMountedCallback: pending pak file info (ChunkID:-1 Root:root:/ File:D:/Progams on PC/Unreal/UE_4.27/FeaturePacks/TP_VehicleAdv.upack)
[2025.12.18-20.27.07:496][  0]LogPakFile: OnPakFileMounted2Time == 0.000027
[2025.12.18-20.27.07:497][  0]LogPakFile: PakFile PrimaryIndexSize=188
[2025.12.18-20.27.07:497][  0]LogPakFile: PakFile PathHashIndexSize=101
[2025.12.18-20.27.07:497][  0]LogPakFile: PakFile FullDirectoryIndexSize=150
[2025.12.18-20.27.07:497][  0]LogShaderLibrary: Display: ShaderCodeLibraryPakFileMountedCallback: PakFile 'D:/Progams on PC/Unreal/UE_4.27/FeaturePacks/TP_VehicleAdvBP.upack' (chunk index -1, root 'root:/') mounted
[2025.12.18-20.27.07:497][  0]LogShaderLibrary: Display: ShaderCodeLibraryPakFileMountedCallback: pending pak file info (ChunkID:-1 Root:root:/ File:D:/Progams on PC/Unreal/UE_4.27/FeaturePacks/TP_VehicleAdvBP.upack)
[2025.12.18-20.27.07:497][  0]LogPakFile: OnPakFileMounted2Time == 0.000029
[2025.12.18-20.27.07:498][  0]LogPakFile: PakFile PrimaryIndexSize=185
[2025.12.18-20.27.07:498][  0]LogPakFile: PakFile PathHashIndexSize=101
[2025.12.18-20.27.07:498][  0]LogPakFile: PakFile FullDirectoryIndexSize=144
[2025.12.18-20.27.07:498][  0]LogShaderLibrary: Display: ShaderCodeLibraryPakFileMountedCallback: PakFile 'D:/Progams on PC/Unreal/UE_4.27/FeaturePacks/TP_VehicleBP.upack' (chunk index -1, root 'root:/') mounted
[2025.12.18-20.27.07:498][  0]LogShaderLibrary: Display: ShaderCodeLibraryPakFileMountedCallback: pending pak file info (ChunkID:-1 Root:root:/ File:D:/Progams on PC/Unreal/UE_4.27/FeaturePacks/TP_VehicleBP.upack)
[2025.12.18-20.27.07:498][  0]LogPakFile: OnPakFileMounted2Time == 0.000027
[2025.12.18-20.27.07:499][  0]LogPakFile: PakFile PrimaryIndexSize=192
[2025.12.18-20.27.07:499][  0]LogPakFile: PakFile PathHashIndexSize=101
[2025.12.18-20.27.07:499][  0]LogPakFile: PakFile FullDirectoryIndexSize=158
[2025.12.18-20.27.07:499][  0]LogShaderLibrary: Display: ShaderCodeLibraryPakFileMountedCallback: PakFile 'D:/Progams on PC/Unreal/UE_4.27/FeaturePacks/TP_VirtualRealityBP.upack' (chunk index -1, root 'root:/') mounted
[2025.12.18-20.27.07:499][  0]LogShaderLibrary: Display: ShaderCodeLibraryPakFileMountedCallback: pending pak file info (ChunkID:-1 Root:root:/ File:D:/Progams on PC/Unreal/UE_4.27/FeaturePacks/TP_VirtualRealityBP.upack)
[2025.12.18-20.27.07:499][  0]LogPakFile: OnPakFileMounted2Time == 0.000027
[2025.12.18-20.27.07:577][  0]LogNativeClassHierarchy: Verbose: Native class hierarchy updated for 'AddContentDialog' in 0.0002 seconds. Added 0 classes and 0 folders.
[2025.12.18-20.27.07:578][  0]LogNativeClassHierarchy: Verbose: Native class hierarchy updated for 'SceneOutliner' in 0.0002 seconds. Added 2 classes and 0 folders.
[2025.12.18-20.27.07:663][  0]LogSlate: Took 0.000973 seconds to synchronously load lazily loaded font '../../../Engine/Content/Slate/Fonts/Roboto-Regular.ttf' (155K)
[2025.12.18-20.27.07:665][  0]LogSlate: Took 0.000545 seconds to synchronously load lazily loaded font '../../../Engine/Content/Editor/Slate/Fonts/FontAwesome.ttf' (139K)
[2025.12.18-20.27.07:667][  0]LogSlate: Took 0.001086 seconds to synchronously load lazily loaded font '../../../Engine/Content/Slate/Fonts/Roboto-Bold.ttf' (160K)
[2025.12.18-20.27.07:737][  0]LogRenderer: Reallocating scene render targets to support 916x364 Format 10 NumSamples 1 (Frame:1).
[2025.12.18-20.27.07:895][  0]LogNativeClassHierarchy: Verbose: Native class hierarchy updated for 'HierarchicalLODOutliner' in 0.0003 seconds. Added 0 classes and 0 folders.
[2025.12.18-20.27.07:895][  0]LogLoad: (Engine Initialization) Total time: 8.44 seconds
[2025.12.18-20.27.07:895][  0]LogLoad: (Engine Initialization) Total Blueprint compile time: 0.00 seconds
[2025.12.18-20.27.07:948][  0]LogAssetRegistry: Asset discovery search completed in 3.9644 seconds
[2025.12.18-20.27.08:001][  0]LogCollectionManager: Fixed up redirectors for 0 collections in 0.000003 seconds (updated 0 objects)
[2025.12.18-20.27.08:002][  0]LogContentStreaming: Texture pool size now 1000 MB
[2025.12.18-20.27.08:068][  2]LogSlate: Took 0.004212 seconds to synchronously load lazily loaded font '../../../Engine/Content/Slate/Fonts/Roboto-Light.ttf' (167K)
[2025.12.18-20.27.10:067][117]LogSlate: Took 0.000958 seconds to synchronously load lazily loaded font '../../../Engine/Content/Slate/Fonts/Roboto-Italic.ttf' (157K)
[2025.12.18-20.27.11:035][174]LogTemp: Repeating last play command: New Editor Window (PIE)
[2025.12.18-20.27.11:080][174]LogPlayLevel: PlayLevel: No blueprints needed recompiling
[2025.12.18-20.27.11:081][174]PIE: New page: PIE session: StartMenu (19 дек. 2025 г., 02:27:11)
[2025.12.18-20.27.11:082][174]LogOnline: OSS: Creating online subsystem instance for: NULL
[2025.12.18-20.27.11:083][174]LogOnline: OSS: TryLoadSubsystemAndSetDefault: Loaded subsystem for module [NULL]
[2025.12.18-20.27.11:084][174]LogPlayLevel: Creating play world package: /Game/Workplace/Maps/UEDPIE_0_StartMenu
[2025.12.18-20.27.11:086][174]LogPlayLevel: PIE: StaticDuplicateObject took: (0.003373s)
[2025.12.18-20.27.11:087][174]LogAIModule: Creating AISystem for world StartMenu
[2025.12.18-20.27.11:088][174]LogPlayLevel: PIE: World Init took: (0.001424s)
[2025.12.18-20.27.11:088][174]LogPlayLevel: PIE: Created PIE world by copying editor world from /Game/Workplace/Maps/StartMenu.StartMenu to /Game/Workplace/Maps/UEDPIE_0_StartMenu.StartMenu (0.004984s)
[2025.12.18-20.27.11:094][174]LogUObjectHash: Compacting FUObjectHashTables data took   0.68ms
[2025.12.18-20.27.11:099][174]LogAudio: Display: Creating Audio Device:                 Id: 2, Scope: Unique, Realtime: True
[2025.12.18-20.27.11:099][174]LogAudioMixer: Display: Audio Mixer Platform Settings:
[2025.12.18-20.27.11:099][174]LogAudioMixer: Display: 	Sample Rate:						  48000
[2025.12.18-20.27.11:099][174]LogAudioMixer: Display: 	Callback Buffer Frame Size Requested: 1024
[2025.12.18-20.27.11:099][174]LogAudioMixer: Display: 	Callback Buffer Frame Size To Use:	  1024
[2025.12.18-20.27.11:099][174]LogAudioMixer: Display: 	Number of buffers to queue:			  2
[2025.12.18-20.27.11:099][174]LogAudioMixer: Display: 	Max Channels (voices):				  32
[2025.12.18-20.27.11:099][174]LogAudioMixer: Display: 	Number of Async Source Workers:		  0
[2025.12.18-20.27.11:099][174]LogAudio: Display: AudioDevice MaxSources: 32
[2025.12.18-20.27.11:099][174]LogAudio: Display: Audio Spatialization Plugin: None (built-in).
[2025.12.18-20.27.11:099][174]LogAudio: Display: Audio Reverb Plugin: None (built-in).
[2025.12.18-20.27.11:099][174]LogAudio: Display: Audio Occlusion Plugin: None (built-in).
[2025.12.18-20.27.11:099][174]LogAudioMixer: Display: Initializing audio mixer.
[2025.12.18-20.27.11:102][174]LogAudioMixer: Display: 0: FrontLeft
[2025.12.18-20.27.11:102][174]LogAudioMixer: Display: 1: FrontRight
[2025.12.18-20.27.11:114][174]LogAudioMixer: Display: Using Audio Device Динамики (Realtek(R) Audio)
[2025.12.18-20.27.11:114][174]LogAudioMixer: Display: Initializing Sound Submixes...
[2025.12.18-20.27.11:114][174]LogAudioMixer: Display: Creating Master Submix 'MasterSubmixDefault'
[2025.12.18-20.27.11:114][174]LogAudioMixer: Display: Creating Master Submix 'MasterReverbSubmixDefault'
[2025.12.18-20.27.11:115][174]LogAudioMixer: Display: Creating Master Submix 'MasterEQSubmixDefault'
[2025.12.18-20.27.11:115][174]LogAudioMixer: FMixerPlatformXAudio2::StartAudioStream() called
[2025.12.18-20.27.11:115][174]LogAudioMixer: Display: Output buffers initialized: Frames=1024, Channels=2, Samples=2048
[2025.12.18-20.27.11:116][174]LogAudioMixer: Display: Starting AudioMixerPlatformInterface::RunInternal()
[2025.12.18-20.27.11:116][174]LogAudioMixer: Display: FMixerPlatformXAudio2::SubmitBuffer() called for the first time
[2025.12.18-20.27.11:116][174]LogInit: FAudioDevice initialized.
[2025.12.18-20.27.11:116][174]LogAudio: Display: Audio Device (ID: 2) registered with world 'StartMenu'.
[2025.12.18-20.27.11:157][174]LogSlate: Updating window title bar state: overlay mode, drag disabled, window buttons hidden, title bar hidden
[2025.12.18-20.27.11:225][174]LogLoad: Game class is 'BP_GameMode_C'
[2025.12.18-20.27.11:231][174]LogWorld: Bringing World /Game/Workplace/Maps/UEDPIE_0_StartMenu.StartMenu up for play (max tick rate 60) at 2025.12.18-23.27.11
[2025.12.18-20.27.11:232][174]LogWorld: Bringing up level for play took: 0.001410
[2025.12.18-20.27.11:233][174]LogOnline: OSS: Creating online subsystem instance for: :Context_1
[2025.12.18-20.27.11:241][174]LogSpawn: Warning: SpawnActor failed because no class was specified
[2025.12.18-20.27.11:245][174]LogNativeClassHierarchy: Verbose: Native class hierarchy updated for 'MovieSceneCapture' in 0.0003 seconds. Added 20 classes and 0 folders.
[2025.12.18-20.27.11:256][174]LogPlayerController: Error: InputMode:UIOnly - Attempting to focus Non-Focusable widget SObjectWidget [Widget.cpp(799)]!
[2025.12.18-20.27.11:256][174]LogViewport: Display: Viewport MouseLockMode Changed, LockOnCapture -> DoNotLock
[2025.12.18-20.27.11:256][174]LogViewport: Display: Viewport MouseCaptureMode Changed, CapturePermanently_IncludingInitialMouseDown -> NoCapture
[2025.12.18-20.27.11:259][174]PIE: Server logged in
[2025.12.18-20.27.11:259][174]PIE: Play in editor total start time 0,219 seconds.
[2025.12.18-20.27.11:300][175]LogRenderer: Reallocating scene render targets to support 1272x688 Format 10 NumSamples 1 (Frame:1).
[2025.12.18-20.27.12:020][217]LogViewport: Display: Viewport MouseLockMode Changed, DoNotLock -> LockOnCapture
[2025.12.18-20.27.12:020][217]LogViewport: Display: Viewport MouseCaptureMode Changed, NoCapture -> CapturePermanently
[2025.12.18-20.27.12:022][217]LogNet: Browse: /Game/Workplace/Maps/FirstLevel
[2025.12.18-20.27.12:022][217]LogLoad: LoadMap: /Game/Workplace/Maps/FirstLevel
[2025.12.18-20.27.12:022][217]LogWorld: BeginTearingDown for /Game/Workplace/Maps/UEDPIE_0_StartMenu
[2025.12.18-20.27.12:024][217]LogWorld: UWorld::CleanupWorld for StartMenu, bSessionEnded=true, bCleanupResources=true
[2025.12.18-20.27.12:024][217]LogSlate: InvalidateAllWidgets triggered.  All widgets were invalidated
[2025.12.18-20.27.12:028][217]LogAudio: Display: Audio Device unregistered from world 'None'.
[2025.12.18-20.27.12:032][217]LogUObjectHash: Compacting FUObjectHashTables data took   0.76ms
[2025.12.18-20.27.12:256][217]LogAudio: Display: Audio Device (ID: 2) registered with world 'FirstLevel'.
[2025.12.18-20.27.12:256][217]LogAIModule: Creating AISystem for world FirstLevel
[2025.12.18-20.27.12:257][217]LogLoad: Game class is 'BP_GameMode_C'
[2025.12.18-20.27.12:267][217]LogWorld: Bringing World /Game/Workplace/Maps/UEDPIE_0_FirstLevel.FirstLevel up for play (max tick rate 60) at 2025.12.18-23.27.12
[2025.12.18-20.27.12:267][217]LogWorld: Bringing up level for play took: 0.009214
[2025.12.18-20.27.12:269][217]LogSpawn: Warning: SpawnActor failed because no class was specified
[2025.12.18-20.27.12:271][217]LogLoad: Took 0.248342 seconds to LoadMap(/Game/Workplace/Maps/FirstLevel)
[2025.12.18-20.27.17:803][541]LogSlate: Updating window title bar state: overlay mode, drag disabled, window buttons hidden, title bar hidden
[2025.12.18-20.27.17:803][541]LogWorld: BeginTearingDown for /Game/Workplace/Maps/UEDPIE_0_FirstLevel
[2025.12.18-20.27.17:804][541]LogSlate: Window 'Mini_laboratory Preview [NetMode: Standalone]  (64-bit/Windows) ' being destroyed
[2025.12.18-20.27.17:806][541]LogWorld: UWorld::CleanupWorld for FirstLevel, bSessionEnded=true, bCleanupResources=true
[2025.12.18-20.27.17:807][541]LogSlate: InvalidateAllWidgets triggered.  All widgets were invalidated
[2025.12.18-20.27.17:817][541]LogPlayLevel: Display: Shutting down PIE online subsystems
[2025.12.18-20.27.17:819][541]LogSlate: InvalidateAllWidgets triggered.  All widgets were invalidated
[2025.12.18-20.27.17:826][541]LogAudioMixer: FMixerPlatformXAudio2::StopAudioStream() called
[2025.12.18-20.27.17:828][541]LogAudioMixer: FMixerPlatformXAudio2::StopAudioStream() called
[2025.12.18-20.27.17:837][541]LogUObjectHash: Compacting FUObjectHashTables data took   0.90ms
[2025.12.18-20.27.17:882][544]LogPlayLevel: Display: Destroying online subsystem :Context_1
[2025.12.18-20.27.18:842][601]LogUObjectHash: Compacting FUObjectHashTables data took   0.64ms
[2025.12.18-20.27.18:857][601]LogSlate: Window 'Mini_laboratory - Unreal Editor' being destroyed
[2025.12.18-20.27.18:940][602]Cmd: QUIT_EDITOR
[2025.12.18-20.27.18:940][602]LogCore: Engine exit requested (reason: UUnrealEdEngine::CloseEditor())
[2025.12.18-20.27.18:942][602]LogCore: Engine exit requested (reason: EngineExit() was called; note: exit was already requested)
[2025.12.18-20.27.19:447][602]LogAudio: Display: Beginning Audio Device Manager Shutdown (Module: AudioMixerXAudio2)...
[2025.12.18-20.27.19:447][602]LogAudio: Display: Destroying 1 Remaining Audio Device(s)...
[2025.12.18-20.27.19:447][602]LogAudio: Display: Audio Device unregistered from world 'StartMenu'.
[2025.12.18-20.27.19:448][602]LogAudioMixer: FMixerPlatformXAudio2::StopAudioStream() called
[2025.12.18-20.27.19:449][602]LogAudioMixer: FMixerPlatformXAudio2::StopAudioStream() called
[2025.12.18-20.27.19:466][602]LogAudio: Display: Audio Device Manager Shutdown
[2025.12.18-20.27.19:466][602]LogWindowsTextInputMethodSystem: Display: IME system deactivated.
[2025.12.18-20.27.19:469][602]LogExit: Preparing to exit.
[2025.12.18-20.27.20:393][602]LogUObjectHash: Compacting FUObjectHashTables data took   0.69ms
[2025.12.18-20.27.20:514][602]LogActorComponent: UnregisterComponent: (None.None) Not registered. Aborting.
[2025.12.18-20.27.20:514][602]LogActorComponent: UnregisterComponent: (None.None) Not registered. Aborting.
[2025.12.18-20.27.20:514][602]LogActorComponent: UnregisterComponent: (None.None) Not registered. Aborting.
[2025.12.18-20.27.20:514][602]LogActorComponent: UnregisterComponent: (None.None) Not registered. Aborting.
[2025.12.18-20.27.20:514][602]LogActorComponent: UnregisterComponent: (None.None) Not registered. Aborting.
[2025.12.18-20.27.20:514][602]LogActorComponent: UnregisterComponent: (None.None) Not registered. Aborting.
[2025.12.18-20.27.20:514][602]LogActorComponent: UnregisterComponent: (None.None) Not registered. Aborting.
[2025.12.18-20.27.20:514][602]LogWorld: UWorld::CleanupWorld for None, bSessionEnded=true, bCleanupResources=true
[2025.12.18-20.27.20:514][602]LogActorComponent: UnregisterComponent: (None.None) Not registered. Aborting.
[2025.12.18-20.27.20:514][602]LogActorComponent: UnregisterComponent: (None.None) Not registered. Aborting.
[2025.12.18-20.27.20:514][602]LogActorComponent: UnregisterComponent: (None.None) Not registered. Aborting.
[2025.12.18-20.27.20:514][602]LogActorComponent: UnregisterComponent: (None.None) Not registered. Aborting.
[2025.12.18-20.27.20:514][602]LogActorComponent: UnregisterComponent: (None.None) Not registered. Aborting.
[2025.12.18-20.27.20:514][602]LogActorComponent: UnregisterComponent: (None.None) Not registered. Aborting.
[2025.12.18-20.27.20:514][602]LogActorComponent: UnregisterComponent: (None.None) Not registered. Aborting.
[2025.12.18-20.27.20:514][602]LogWorld: UWorld::CleanupWorld for None, bSessionEnded=true, bCleanupResources=true
[2025.12.18-20.27.20:514][602]LogActorComponent: UnregisterComponent: (None.None) Not registered. Aborting.
[2025.12.18-20.27.20:514][602]LogActorComponent: UnregisterComponent: (None.None) Not registered. Aborting.
[2025.12.18-20.27.20:514][602]LogActorComponent: UnregisterComponent: (None.None) Not registered. Aborting.
[2025.12.18-20.27.20:514][602]LogActorComponent: UnregisterComponent: (None.None) Not registered. Aborting.
[2025.12.18-20.27.20:514][602]LogActorComponent: UnregisterComponent: (None.None) Not registered. Aborting.
[2025.12.18-20.27.20:514][602]LogActorComponent: UnregisterComponent: (None.None) Not registered. Aborting.
[2025.12.18-20.27.20:515][602]LogActorComponent: UnregisterComponent: (None.None) Not registered. Aborting.
[2025.12.18-20.27.20:515][602]LogWorld: UWorld::CleanupWorld for None, bSessionEnded=true, bCleanupResources=true
[2025.12.18-20.27.20:515][602]LogActorComponent: UnregisterComponent: (None.None) Not registered. Aborting.
[2025.12.18-20.27.20:515][602]LogActorComponent: UnregisterComponent: (None.None) Not registered. Aborting.
[2025.12.18-20.27.20:515][602]LogActorComponent: UnregisterComponent: (None.None) Not registered. Aborting.
[2025.12.18-20.27.20:515][602]LogActorComponent: UnregisterComponent: (None.None) Not registered. Aborting.
[2025.12.18-20.27.20:515][602]LogActorComponent: UnregisterComponent: (None.None) Not registered. Aborting.
[2025.12.18-20.27.20:515][602]LogActorComponent: UnregisterComponent: (None.None) Not registered. Aborting.
[2025.12.18-20.27.20:515][602]LogActorComponent: UnregisterComponent: (None.None) Not registered. Aborting.
[2025.12.18-20.27.20:515][602]LogWorld: UWorld::CleanupWorld for None, bSessionEnded=true, bCleanupResources=true
[2025.12.18-20.27.20:515][602]LogActorComponent: UnregisterComponent: (None.None) Not registered. Aborting.
[2025.12.18-20.27.20:515][602]LogActorComponent: UnregisterComponent: (None.None) Not registered. Aborting.
[2025.12.18-20.27.20:515][602]LogActorComponent: UnregisterComponent: (None.None) Not registered. Aborting.
[2025.12.18-20.27.20:515][602]LogActorComponent: UnregisterComponent: (None.None) Not registered. Aborting.
[2025.12.18-20.27.20:515][602]LogActorComponent: UnregisterComponent: (None.None) Not registered. Aborting.
[2025.12.18-20.27.20:515][602]LogActorComponent: UnregisterComponent: (None.None) Not registered. Aborting.
[2025.12.18-20.27.20:515][602]LogActorComponent: UnregisterComponent: (None.None) Not registered. Aborting.
[2025.12.18-20.27.20:515][602]LogWorld: UWorld::CleanupWorld for None, bSessionEnded=true, bCleanupResources=true
[2025.12.18-20.27.20:515][602]LogActorComponent: UnregisterComponent: (None.None) Not registered. Aborting.
[2025.12.18-20.27.20:515][602]LogActorComponent: UnregisterComponent: (None.None) Not registered. Aborting.
[2025.12.18-20.27.20:515][602]LogActorComponent: UnregisterComponent: (None.None) Not registered. Aborting.
[2025.12.18-20.27.20:515][602]LogActorComponent: UnregisterComponent: (None.None) Not registered. Aborting.
[2025.12.18-20.27.20:515][602]LogActorComponent: UnregisterComponent: (None.None) Not registered. Aborting.
[2025.12.18-20.27.20:515][602]LogActorComponent: UnregisterComponent: (None.None) Not registered. Aborting.
[2025.12.18-20.27.20:515][602]LogActorComponent: UnregisterComponent: (None.None) Not registered. Aborting.
[2025.12.18-20.27.20:515][602]LogWorld: UWorld::CleanupWorld for None, bSessionEnded=true, bCleanupResources=true
[2025.12.18-20.27.20:515][602]LogActorComponent: UnregisterComponent: (None.None) Not registered. Aborting.
[2025.12.18-20.27.20:515][602]LogActorComponent: UnregisterComponent: (None.None) Not registered. Aborting.
[2025.12.18-20.27.20:515][602]LogActorComponent: UnregisterComponent: (None.None) Not registered. Aborting.
[2025.12.18-20.27.20:515][602]LogActorComponent: UnregisterComponent: (None.None) Not registered. Aborting.
[2025.12.18-20.27.20:515][602]LogActorComponent: UnregisterComponent: (None.None) Not registered. Aborting.
[2025.12.18-20.27.20:515][602]LogActorComponent: UnregisterComponent: (None.None) Not registered. Aborting.
[2025.12.18-20.27.20:515][602]LogActorComponent: UnregisterComponent: (None.None) Not registered. Aborting.
[2025.12.18-20.27.20:515][602]LogWorld: UWorld::CleanupWorld for None, bSessionEnded=true, bCleanupResources=true
[2025.12.18-20.27.20:515][602]LogActorComponent: UnregisterComponent: (None.None) Not registered. Aborting.
[2025.12.18-20.27.20:515][602]LogActorComponent: UnregisterComponent: (None.None) Not registered. Aborting.
[2025.12.18-20.27.20:515][602]LogActorComponent: UnregisterComponent: (None.None) Not registered. Aborting.
[2025.12.18-20.27.20:515][602]LogActorComponent: UnregisterComponent: (None.None) Not registered. Aborting.
[2025.12.18-20.27.20:515][602]LogActorComponent: UnregisterComponent: (None.None) Not registered. Aborting.
[2025.12.18-20.27.20:515][602]LogActorComponent: UnregisterComponent: (None.None) Not registered. Aborting.
[2025.12.18-20.27.20:515][602]LogActorComponent: UnregisterComponent: (None.None) Not registered. Aborting.
[2025.12.18-20.27.20:515][602]LogWorld: UWorld::CleanupWorld for None, bSessionEnded=true, bCleanupResources=true
[2025.12.18-20.27.20:515][602]LogActorComponent: UnregisterComponent: (None.None) Not registered. Aborting.
[2025.12.18-20.27.20:515][602]LogActorComponent: UnregisterComponent: (None.None) Not registered. Aborting.
[2025.12.18-20.27.20:515][602]LogActorComponent: UnregisterComponent: (None.None) Not registered. Aborting.
[2025.12.18-20.27.20:515][602]LogActorComponent: UnregisterComponent: (None.None) Not registered. Aborting.
[2025.12.18-20.27.20:515][602]LogActorComponent: UnregisterComponent: (None.None) Not registered. Aborting.
[2025.12.18-20.27.20:515][602]LogActorComponent: UnregisterComponent: (None.None) Not registered. Aborting.
[2025.12.18-20.27.20:515][602]LogActorComponent: UnregisterComponent: (None.None) Not registered. Aborting.
[2025.12.18-20.27.20:515][602]LogWorld: UWorld::CleanupWorld for None, bSessionEnded=true, bCleanupResources=true
[2025.12.18-20.27.20:540][602]LogDemo: Cleaned up 0 splitscreen connections with owner deletion
[2025.12.18-20.27.20:543][602]LogExit: Editor shut down
[2025.12.18-20.27.20:544][602]LogExit: Transaction tracking system shut down
[2025.12.18-20.27.20:737][602]LogExit: Object subsystem successfully closed.
[2025.12.18-20.27.20:747][602]LogShaderCompilers: Display: === FShaderJobCache stats ===
[2025.12.18-20.27.20:747][602]LogShaderCompilers: Display: Total job queries 0, among them cache hits 0 (0.00%)
[2025.12.18-20.27.20:747][602]LogShaderCompilers: Display: Tracking 0 distinct input hashes that result in 0 distinct outputs (0.00%)
[2025.12.18-20.27.20:747][602]LogShaderCompilers: Display: RAM used: 0.00 MB (0.00 GB) of 409.60 MB (0.40 GB) budget. Usage: 0.00%
[2025.12.18-20.27.20:747][602]LogShaderCompilers: Display: ================================================
[2025.12.18-20.27.20:755][602]LogShaderCompilers: Display: Shaders left to compile 0
[2025.12.18-20.27.20:765][602]LogModuleManager: Shutting down and abandoning module MovieSceneCapture (874)
[2025.12.18-20.27.20:765][602]LogModuleManager: Shutting down and abandoning module Voice (872)
[2025.12.18-20.27.20:765][602]LogModuleManager: Shutting down and abandoning module HierarchicalLODOutliner (870)
[2025.12.18-20.27.20:765][602]LogModuleManager: Shutting down and abandoning module SceneOutliner (868)
[2025.12.18-20.27.20:765][602]LogModuleManager: Shutting down and abandoning module AddContentDialog (866)
[2025.12.18-20.27.20:765][602]LogModuleManager: Shutting down and abandoning module WidgetCarousel (865)
[2025.12.18-20.27.20:765][602]LogModuleManager: Shutting down and abandoning module EditorWidgets (862)
[2025.12.18-20.27.20:765][602]LogModuleManager: Shutting down and abandoning module StatsViewer (860)
[2025.12.18-20.27.20:765][602]LogModuleManager: Shutting down and abandoning module PIEPreviewDeviceProfileSelector (858)
[2025.12.18-20.27.20:765][602]LogModuleManager: Shutting down and abandoning module SequenceRecorderSections (856)
[2025.12.18-20.27.20:765][602]LogModuleManager: Shutting down and abandoning module AutomationWorker (854)
[2025.12.18-20.27.20:765][602]LogModuleManager: Shutting down and abandoning module SteamVREditor (852)
[2025.12.18-20.27.20:765][602]LogModuleManager: Shutting down and abandoning module OculusMR (850)
[2025.12.18-20.27.20:766][602]LogModuleManager: Shutting down and abandoning module TakeRecorderSources (848)
[2025.12.18-20.27.20:766][602]LogModuleManager: Shutting down and abandoning module TakeRecorder (847)
[2025.12.18-20.27.20:766][602]LogModuleManager: Shutting down and abandoning module TakeTrackRecorders (844)
[2025.12.18-20.27.20:766][602]LogModuleManager: Shutting down and abandoning module TakesCore (842)
[2025.12.18-20.27.20:766][602]LogModuleManager: Shutting down and abandoning module OpenXRInput (840)
[2025.12.18-20.27.20:766][602]LogModuleManager: Shutting down and abandoning module GooglePADEditor (838)
[2025.12.18-20.27.20:766][602]LogModuleManager: Shutting down and abandoning module AudioCaptureEditor (836)
[2025.12.18-20.27.20:766][602]LogModuleManager: Shutting down and abandoning module TemplateSequenceEditor (834)
[2025.12.18-20.27.20:766][602]LogModuleManager: Shutting down and abandoning module LevelSequenceEditor (832)
[2025.12.18-20.27.20:766][602]LogModuleManager: Shutting down and abandoning module MatineeToLevelSequence (830)
[2025.12.18-20.27.20:766][602]LogModuleManager: Shutting down and abandoning module ActorSequenceEditor (828)
[2025.12.18-20.27.20:766][602]LogModuleManager: Shutting down and abandoning module WebMMediaFactory (826)
[2025.12.18-20.27.20:766][602]LogModuleManager: Shutting down and abandoning module WebMMediaEditor (824)
[2025.12.18-20.27.20:766][602]LogModuleManager: Shutting down and abandoning module WebMMedia (822)
[2025.12.18-20.27.20:766][602]LogModuleManager: Shutting down and abandoning module WmfMediaFactory (820)
[2025.12.18-20.27.20:766][602]LogModuleManager: Shutting down and abandoning module WmfMediaEditor (818)
[2025.12.18-20.27.20:766][602]LogModuleManager: Shutting down and abandoning module MediaPlayerEditor (816)
[2025.12.18-20.27.20:766][602]LogModuleManager: Shutting down and abandoning module MediaCompositingEditor (814)
[2025.12.18-20.27.20:766][602]LogModuleManager: Shutting down and abandoning module SequenceRecorder (813)
[2025.12.18-20.27.20:766][602]LogModuleManager: Shutting down and abandoning module OpenExrWrapper (810)
[2025.12.18-20.27.20:766][602]LogModuleManager: Shutting down and abandoning module ImgMediaFactory (808)
[2025.12.18-20.27.20:766][602]LogModuleManager: Shutting down and abandoning module ImgMediaEditor (806)
[2025.12.18-20.27.20:766][602]LogModuleManager: Shutting down and abandoning module AvfMediaFactory (804)
[2025.12.18-20.27.20:766][602]LogModuleManager: Shutting down and abandoning module AvfMediaEditor (802)
[2025.12.18-20.27.20:766][602]LogModuleManager: Shutting down and abandoning module AndroidMediaFactory (800)
[2025.12.18-20.27.20:766][602]LogModuleManager: Shutting down and abandoning module AndroidMediaEditor (798)
[2025.12.18-20.27.20:766][602]LogModuleManager: Shutting down and abandoning module MagicLeapMediaCodecFactory (796)
[2025.12.18-20.27.20:766][602]LogModuleManager: Shutting down and abandoning module MagicLeapMediaFactory (794)
[2025.12.18-20.27.20:766][602]LogModuleManager: Shutting down and abandoning module MagicLeapMediaEditor (792)
[2025.12.18-20.27.20:766][602]LogModuleManager: Shutting down and abandoning module PlanarCut (790)
[2025.12.18-20.27.20:766][602]LogModuleManager: Shutting down and abandoning module CharacterAI (788)
[2025.12.18-20.27.20:766][602]LogModuleManager: Shutting down and abandoning module TextureAlignMode (786)
[2025.12.18-20.27.20:766][602]LogModuleManager: Shutting down and abandoning module BspMode (784)
[2025.12.18-20.27.20:766][602]LogModuleManager: Shutting down and abandoning module GeometryMode (782)
[2025.12.18-20.27.20:766][602]LogModuleManager: Shutting down and abandoning module CameraShakePreviewer (780)
[2025.12.18-20.27.20:766][602]LogModuleManager: Shutting down and abandoning module SmartSnapping (778)
[2025.12.18-20.27.20:766][602]LogModuleManager: Shutting down and abandoning module SessionServices (776)
[2025.12.18-20.27.20:766][602]LogModuleManager: Shutting down and abandoning module MeshPaint (774)
[2025.12.18-20.27.20:766][602]LogModuleManager: Shutting down and abandoning module VirtualTexturingEditor (772)
[2025.12.18-20.27.20:766][602]LogModuleManager: Shutting down and abandoning module FoliageEdit (770)
[2025.12.18-20.27.20:766][602]LogModuleManager: Shutting down and abandoning module LandscapeEditor (768)
[2025.12.18-20.27.20:766][602]LogModuleManager: Shutting down and abandoning module MeshPaintMode (766)
[2025.12.18-20.27.20:766][602]LogModuleManager: Shutting down and abandoning module SceneDepthPickerMode (764)
[2025.12.18-20.27.20:766][602]LogModuleManager: Shutting down and abandoning module ActorPickerMode (762)
[2025.12.18-20.27.20:766][602]LogModuleManager: Shutting down and abandoning module PlacementMode (760)
[2025.12.18-20.27.20:766][602]LogModuleManager: Shutting down and abandoning module ViewportSnapping (758)
[2025.12.18-20.27.20:766][602]LogModuleManager: Shutting down and abandoning module ViewportInteraction (756)
[2025.12.18-20.27.20:766][602]LogModuleManager: Shutting down and abandoning module ClothPainter (754)
[2025.12.18-20.27.20:766][602]LogModuleManager: Shutting down and abandoning module SkeletalMeshEditor (753)
[2025.12.18-20.27.20:766][602]LogModuleManager: Shutting down and abandoning module LogVisualizer (750)
[2025.12.18-20.27.20:766][602]LogModuleManager: Shutting down and abandoning module IntroTutorials (748)
[2025.12.18-20.27.20:766][602]LogModuleManager: Shutting down and abandoning module GameProjectGeneration (747)
[2025.12.18-20.27.20:766][602]LogModuleManager: Shutting down and abandoning module LuminPlatformEditor (744)
[2025.12.18-20.27.20:766][602]LogModuleManager: Shutting down and abandoning module IOSPlatformEditor (742)
[2025.12.18-20.27.20:766][602]LogModuleManager: Shutting down and abandoning module AndroidPlatformEditor (740)
[2025.12.18-20.27.20:766][602]LogModuleManager: Shutting down and abandoning module AndroidDeviceDetection (739)
[2025.12.18-20.27.20:799][602]LogModuleManager: Shutting down and abandoning module WindowsPlatformEditor (736)
[2025.12.18-20.27.20:799][602]LogModuleManager: Shutting down and abandoning module LuminRuntimeSettings (734)
[2025.12.18-20.27.20:799][602]LogModuleManager: Shutting down and abandoning module IOSRuntimeSettings (732)
[2025.12.18-20.27.20:799][602]LogModuleManager: Shutting down and abandoning module AndroidRuntimeSettings (730)
[2025.12.18-20.27.20:799][602]LogModuleManager: Shutting down and abandoning module TraceInsights (728)
[2025.12.18-20.27.20:799][602]MemoryProfiler: Shutdown
[2025.12.18-20.27.20:800][602]NetworkingProfiler: Shutdown
[2025.12.18-20.27.20:800][602]LoadingProfiler: Shutdown
[2025.12.18-20.27.20:800][602]TimingProfiler: Shutdown
[2025.12.18-20.27.20:800][602]LogModuleManager: Shutting down and abandoning module TraceServices (727)
[2025.12.18-20.27.20:800][602]LogModuleManager: Shutting down and abandoning module EditorInteractiveToolsFramework (724)
[2025.12.18-20.27.20:800][602]LogModuleManager: Shutting down and abandoning module TimeManagementEditor (722)
[2025.12.18-20.27.20:800][602]LogModuleManager: Shutting down and abandoning module InputBindingEditor (720)
[2025.12.18-20.27.20:800][602]LogModuleManager: Shutting down and abandoning module MergeActors (718)
[2025.12.18-20.27.20:800][602]LogModuleManager: Shutting down and abandoning module LocalizationDashboard (716)
[2025.12.18-20.27.20:800][602]LogModuleManager: Shutting down and abandoning module LocalizationService (715)
[2025.12.18-20.27.20:800][602]LogModuleManager: Shutting down and abandoning module HardwareTargeting (712)
[2025.12.18-20.27.20:800][602]LogModuleManager: Shutting down and abandoning module DeviceProfileEditor (710)
[2025.12.18-20.27.20:800][602]LogModuleManager: Shutting down and abandoning module UndoHistory (708)
[2025.12.18-20.27.20:800][602]LogModuleManager: Shutting down and abandoning module XmlParser (706)
[2025.12.18-20.27.20:801][602]LogModuleManager: Shutting down and abandoning module Blutility (704)
[2025.12.18-20.27.20:801][602]LogModuleManager: Shutting down and abandoning module ProjectSettingsViewer (702)
[2025.12.18-20.27.20:801][602]LogModuleManager: Shutting down and abandoning module ProjectTargetPlatformEditor (701)
[2025.12.18-20.27.20:801][602]LogModuleManager: Shutting down and abandoning module EditorSettingsViewer (698)
[2025.12.18-20.27.20:801][602]LogModuleManager: Shutting down and abandoning module InternationalizationSettings (697)
[2025.12.18-20.27.20:801][602]LogModuleManager: Shutting down and abandoning module SettingsEditor (694)
[2025.12.18-20.27.20:801][602]LogModuleManager: Shutting down and abandoning module ProjectLauncher (692)
[2025.12.18-20.27.20:801][602]LogModuleManager: Shutting down and abandoning module SessionFrontend (690)
[2025.12.18-20.27.20:801][602]LogModuleManager: Shutting down and abandoning module ProfilerClient (688)
[2025.12.18-20.27.20:801][602]LogModuleManager: Shutting down and abandoning module DeviceManager (686)
[2025.12.18-20.27.20:801][602]LogModuleManager: Shutting down and abandoning module TargetDeviceServices (685)
[2025.12.18-20.27.20:835][602]LogModuleManager: Shutting down and abandoning module AutomationController (682)
[2025.12.18-20.27.20:835][602]LogModuleManager: Shutting down and abandoning module AutomationWindow (680)
[2025.12.18-20.27.20:835][602]LogModuleManager: Shutting down and abandoning module Layers (678)
[2025.12.18-20.27.20:835][602]LogModuleManager: Shutting down and abandoning module ComponentVisualizers (676)
[2025.12.18-20.27.20:835][602]LogModuleManager: Shutting down and abandoning module DetailCustomizations (674)
[2025.12.18-20.27.20:835][602]LogModuleManager: Shutting down and abandoning module PackagesDialog (672)
[2025.12.18-20.27.20:835][602]LogModuleManager: Shutting down and abandoning module AnimationBlueprintEditor (670)
[2025.12.18-20.27.20:835][602]LogModuleManager: Shutting down and abandoning module Persona (668)
[2025.12.18-20.27.20:835][602]LogModuleManager: Shutting down and abandoning module AdvancedPreviewScene (667)
[2025.12.18-20.27.20:835][602]LogModuleManager: Shutting down and abandoning module AnimGraph (665)
[2025.12.18-20.27.20:835][602]LogModuleManager: Shutting down and abandoning module Kismet (662)
[2025.12.18-20.27.20:837][602]LogModuleManager: Shutting down and abandoning module KismetWidgets (661)
[2025.12.18-20.27.20:837][602]LogModuleManager: Shutting down and abandoning module GraphEditor (658)
[2025.12.18-20.27.20:837][602]LogModuleManager: Shutting down and abandoning module StructViewer (656)
[2025.12.18-20.27.20:837][602]LogModuleManager: Shutting down and abandoning module ClassViewer (654)
[2025.12.18-20.27.20:837][602]LogModuleManager: Shutting down and abandoning module Toolbox (652)
[2025.12.18-20.27.20:837][602]LogModuleManager: Shutting down and abandoning module ModuleUI (650)
[2025.12.18-20.27.20:837][602]LogModuleManager: Shutting down and abandoning module OutputLog (648)
[2025.12.18-20.27.20:837][602]LogModuleManager: Shutting down and abandoning module GammaUI (646)
[2025.12.18-20.27.20:837][602]LogModuleManager: Shutting down and abandoning module Documentation (644)
[2025.12.18-20.27.20:837][602]LogModuleManager: Shutting down and abandoning module LiveCoding (642)
[2025.12.18-20.27.20:837][602]LogModuleManager: Shutting down and abandoning module LevelSequence (640)
[2025.12.18-20.27.20:837][602]LogModuleManager: Shutting down and abandoning module MovieSceneTracks (638)
[2025.12.18-20.27.20:837][602]LogModuleManager: Shutting down and abandoning module MovieScene (636)
[2025.12.18-20.27.20:837][602]LogModuleManager: Shutting down and abandoning module StreamingPauseRendering (634)
[2025.12.18-20.27.20:837][602]LogModuleManager: Shutting down and abandoning module LauncherPlatform (632)
[2025.12.18-20.27.20:837][602]LogModuleManager: Shutting down and abandoning module AnalyticsET (630)
[2025.12.18-20.27.20:837][602]LogModuleManager: Shutting down and abandoning module PortalServices (628)
[2025.12.18-20.27.20:837][602]LogModuleManager: Shutting down and abandoning module PortalRpc (626)
[2025.12.18-20.27.20:837][602]LogModuleManager: Shutting down and abandoning module MessagingRpc (624)
[2025.12.18-20.27.20:837][602]LogModuleManager: Shutting down and abandoning module AudioMixerXAudio2 (622)
[2025.12.18-20.27.20:837][602]LogModuleManager: Shutting down and abandoning module AudioMixerCore (621)
[2025.12.18-20.27.20:837][602]LogModuleManager: Shutting down and abandoning module AIModule (618)
[2025.12.18-20.27.20:837][602]LogModuleManager: Shutting down and abandoning module GameplayDebugger (617)
[2025.12.18-20.27.20:837][602]LogModuleManager: Shutting down and abandoning module AITestSuite (615)
[2025.12.18-20.27.20:837][602]LogModuleManager: Shutting down and abandoning module NavigationSystem (613)
[2025.12.18-20.27.20:837][602]LogModuleManager: Shutting down and abandoning module ImageWriteQueue (610)
[2025.12.18-20.27.20:837][602]LogModuleManager: Shutting down and abandoning module ProfilerService (608)
[2025.12.18-20.27.21:032][602]LogModuleManager: Shutting down and abandoning module TaskGraph (606)
[2025.12.18-20.27.21:032][602]LogModuleManager: Shutting down and abandoning module AudioSynesthesiaEditor (604)
[2025.12.18-20.27.21:032][602]LogModuleManager: Shutting down and abandoning module OculusEditor (602)
[2025.12.18-20.27.21:033][602]LogModuleManager: Shutting down and abandoning module OculusInput (600)
[2025.12.18-20.27.21:033][602]LogModuleManager: Shutting down and abandoning module ContentBrowserFileDataSource (598)
[2025.12.18-20.27.21:033][602]LogModuleManager: Shutting down and abandoning module ContentBrowserClassDataSource (596)
[2025.12.18-20.27.21:033][602]LogModuleManager: Shutting down and abandoning module ContentBrowserAssetDataSource (594)
[2025.12.18-20.27.21:033][602]LogModuleManager: Shutting down and abandoning module CollectionManager (593)
[2025.12.18-20.27.21:034][602]LogModuleManager: Shutting down and abandoning module VariantManagerContentEditor (590)
[2025.12.18-20.27.21:034][602]LogModuleManager: Shutting down and abandoning module LiveLinkSequencer (588)
[2025.12.18-20.27.21:034][602]LogModuleManager: Shutting down and abandoning module LiveLinkMovieScene (586)
[2025.12.18-20.27.21:034][602]LogModuleManager: Shutting down and abandoning module LiveLinkGraphNode (584)
[2025.12.18-20.27.21:034][602]LogModuleManager: Shutting down and abandoning module LiveLinkEditor (582)
[2025.12.18-20.27.21:034][602]LogModuleManager: Shutting down and abandoning module LiveLinkComponents (580)
[2025.12.18-20.27.21:034][602]LogModuleManager: Shutting down and abandoning module LiveLink (578)
[2025.12.18-20.27.21:775][602]LogModuleManager: Shutting down and abandoning module TakeSequencer (576)
[2025.12.18-20.27.21:775][602]LogModuleManager: Shutting down and abandoning module TakeMovieScene (574)
[2025.12.18-20.27.21:775][602]LogModuleManager: Shutting down and abandoning module ScreenshotTools (572)
[2025.12.18-20.27.21:775][602]LogModuleManager: Shutting down and abandoning module SynthesisEditor (570)
[2025.12.18-20.27.21:775][602]LogModuleManager: Shutting down and abandoning module Synthesis (568)
[2025.12.18-20.27.21:775][602]LogModuleManager: Shutting down and abandoning module ProceduralMeshComponentEditor (566)
[2025.12.18-20.27.21:775][602]LogModuleManager: Shutting down and abandoning module ProceduralMeshComponent (564)
[2025.12.18-20.27.21:775][602]LogModuleManager: Shutting down and abandoning module OpenXREditor (562)
[2025.12.18-20.27.21:775][602]LogModuleManager: Shutting down and abandoning module MobilePatchingUtils (560)
[2025.12.18-20.27.21:775][602]LogModuleManager: Shutting down and abandoning module GooglePAD (558)
[2025.12.18-20.27.21:775][602]LogModuleManager: Shutting down and abandoning module EditableMesh (556)
[2025.12.18-20.27.21:775][602]LogModuleManager: Shutting down and abandoning module CustomMeshComponent (554)
[2025.12.18-20.27.21:775][602]LogModuleManager: Shutting down and abandoning module CableComponent (552)
[2025.12.18-20.27.21:775][602]LogModuleManager: Shutting down and abandoning module AudioCapture (550)
[2025.12.18-20.27.21:775][602]LogModuleManager: Shutting down and abandoning module AudioCaptureRtAudio (549)
[2025.12.18-20.27.21:775][602]LogModuleManager: Shutting down and abandoning module AssetTags (546)
[2025.12.18-20.27.21:775][602]LogModuleManager: Shutting down and abandoning module ArchVisCharacter (544)
[2025.12.18-20.27.21:775][602]LogModuleManager: Shutting down and abandoning module AppleImageUtilsBlueprintSupport (542)
[2025.12.18-20.27.21:775][602]LogModuleManager: Shutting down and abandoning module AppleImageUtils (540)
[2025.12.18-20.27.21:775][602]LogModuleManager: Shutting down and abandoning module AndroidPermission (538)
[2025.12.18-20.27.21:775][602]LogModuleManager: Shutting down and abandoning module ActorLayerUtilitiesEditor (536)
[2025.12.18-20.27.21:775][602]LogModuleManager: Shutting down and abandoning module ActorLayerUtilities (534)
[2025.12.18-20.27.21:775][602]LogModuleManager: Shutting down and abandoning module TemplateSequence (532)
[2025.12.18-20.27.21:775][602]LogModuleManager: Shutting down and abandoning module MediaCompositing (530)
[2025.12.18-20.27.21:775][602]LogModuleManager: Shutting down and abandoning module ImgMedia (528)
[2025.12.18-20.27.21:775][602]LogModuleManager: Shutting down and abandoning module MagicLeapSharedWorld (526)
[2025.12.18-20.27.21:775][602]LogModuleManager: Shutting down and abandoning module MagicLeapLightEstimation (524)
[2025.12.18-20.27.21:775][602]LogModuleManager: Shutting down and abandoning module MagicLeapHelperVulkan (522)
[2025.12.18-20.27.21:775][602]LogModuleManager: Shutting down and abandoning module MagicLeapHelperOpenGL (520)
[2025.12.18-20.27.21:775][602]LogModuleManager: Shutting down and abandoning module MagicLeapAudio (518)
[2025.12.18-20.27.21:775][602]LogModuleManager: Shutting down and abandoning module NiagaraEditorWidgets (516)
[2025.12.18-20.27.21:775][602]LogModuleManager: Shutting down and abandoning module MotoSynthEditor (514)
[2025.12.18-20.27.21:775][602]LogModuleManager: Shutting down and abandoning module MotoSynth (512)
[2025.12.18-20.27.21:775][602]LogModuleManager: Shutting down and abandoning module OpenImageDenoise (510)
[2025.12.18-20.27.21:775][602]LogOpenImageDenoise: OIDN shutting down
[2025.12.18-20.27.21:775][602]LogModuleManager: Shutting down and abandoning module MeshConversion (508)
[2025.12.18-20.27.21:775][602]LogModuleManager: Shutting down and abandoning module DynamicMesh (506)
[2025.12.18-20.27.21:775][602]LogModuleManager: Shutting down and abandoning module GeometryAlgorithms (504)
[2025.12.18-20.27.21:775][602]LogModuleManager: Shutting down and abandoning module GeometricObjects (502)
[2025.12.18-20.27.21:775][602]LogModuleManager: Shutting down and abandoning module GeometryCollectionTracks (500)
[2025.12.18-20.27.21:775][602]LogModuleManager: Shutting down and abandoning module GeometryCollectionSequencer (499)
[2025.12.18-20.27.21:775][602]LogModuleManager: Shutting down and abandoning module GeometryCollectionEditor (496)
[2025.12.18-20.27.21:775][602]LogModuleManager: Shutting down and abandoning module GeometryCacheTracks (494)
[2025.12.18-20.27.21:775][602]LogModuleManager: Shutting down and abandoning module GeometryCacheStreamer (492)
[2025.12.18-20.27.21:775][602]LogModuleManager: Shutting down and abandoning module GeometryCacheSequencer (490)
[2025.12.18-20.27.21:775][602]LogModuleManager: Shutting down and abandoning module ChaosSolverEditor (488)
[2025.12.18-20.27.21:775][602]LogModuleManager: Shutting down and abandoning module ChaosNiagara (486)
[2025.12.18-20.27.21:775][602]LogModuleManager: Shutting down and abandoning module FractureEditor (484)
[2025.12.18-20.27.21:775][602]LogModuleManager: Shutting down and abandoning module FieldSystemEngine (483)
[2025.12.18-20.27.21:775][602]LogModuleManager: Shutting down and abandoning module ChaosClothEditor (480)
[2025.12.18-20.27.21:775][602]LogModuleManager: Shutting down and abandoning module BackChannel (478)
[2025.12.18-20.27.21:775][602]LogModuleManager: Shutting down and abandoning module AutomationUtilsEditor (476)
[2025.12.18-20.27.21:775][602]LogModuleManager: Shutting down and abandoning module AutomationUtils (474)
[2025.12.18-20.27.21:775][602]LogModuleManager: Shutting down and abandoning module AlembicImporter (472)
[2025.12.18-20.27.21:775][602]LogModuleManager: Shutting down and abandoning module AlembicLibrary (471)
[2025.12.18-20.27.21:775][602]LogModuleManager: Shutting down and abandoning module GeometryCache (470)
[2025.12.18-20.27.21:775][602]LogModuleManager: Shutting down and abandoning module GeometryCacheEd (469)
[2025.12.18-20.27.21:775][602]LogModuleManager: Shutting down and abandoning module DatasmithContentEditor (464)
[2025.12.18-20.27.21:775][602]LogModuleManager: Shutting down and abandoning module SpeedTreeImporter (462)
[2025.12.18-20.27.21:775][602]LogModuleManager: Shutting down and abandoning module PluginBrowser (460)
[2025.12.18-20.27.21:775][602]LogModuleManager: Shutting down and abandoning module MobileLauncherProfileWizard (458)
[2025.12.18-20.27.21:775][602]LogModuleManager: Shutting down and abandoning module MaterialAnalyzer (456)
[2025.12.18-20.27.21:775][602]LogModuleManager: Shutting down and abandoning module VisualStudioSourceCodeAccess (454)
[2025.12.18-20.27.21:775][602]LogModuleManager: Shutting down and abandoning module UObjectPlugin (452)
[2025.12.18-20.27.21:775][602]LogModuleManager: Shutting down and abandoning module VisualStudioCodeSourceCodeAccess (450)
[2025.12.18-20.27.21:775][602]LogModuleManager: Shutting down and abandoning module SubversionSourceControl (448)
[2025.12.18-20.27.21:775][602]LogModuleManager: Shutting down and abandoning module RiderSourceCodeAccess (446)
[2025.12.18-20.27.21:775][602]LogModuleManager: Shutting down and abandoning module PluginUtils (444)
[2025.12.18-20.27.21:775][602]LogModuleManager: Shutting down and abandoning module PlasticSourceControl (442)
[2025.12.18-20.27.21:775][602]LogModuleManager: Shutting down and abandoning module PerforceSourceControl (440)
[2025.12.18-20.27.21:775][602]LogModuleManager: Shutting down and abandoning module CurveEditorTools (438)
[2025.12.18-20.27.21:809][602]LogModuleManager: Shutting down and abandoning module CryptoKeysOpenSSL (436)
[2025.12.18-20.27.21:809][602]LogModuleManager: Shutting down and abandoning module CryptoKeys (434)
[2025.12.18-20.27.21:809][602]LogModuleManager: Shutting down and abandoning module GitSourceControl (432)
[2025.12.18-20.27.21:809][602]LogModuleManager: Shutting down and abandoning module SourceControl (431)
[2025.12.18-20.27.21:809][602]LogModuleManager: Shutting down and abandoning module OodleNetworkHandlerComponent (428)
[2025.12.18-20.27.21:809][602]LogModuleManager: Shutting down and abandoning module CLionSourceCodeAccess (426)
[2025.12.18-20.27.21:809][602]LogModuleManager: Shutting down and abandoning module AnimationSharingEd (424)
[2025.12.18-20.27.21:809][602]LogModuleManager: Shutting down and abandoning module LightPropagationVolumeEditor (422)
[2025.12.18-20.27.21:809][602]LogModuleManager: Shutting down and abandoning module PaperTiledImporter (420)
[2025.12.18-20.27.21:809][602]LogModuleManager: Shutting down and abandoning module PaperSpriteSheetImporter (418)
[2025.12.18-20.27.21:809][602]LogModuleManager: Shutting down and abandoning module Paper2DEditor (416)
[2025.12.18-20.27.21:810][602]LogModuleManager: Shutting down and abandoning module MeshPaintingToolset (414)
[2025.12.18-20.27.21:810][602]LogModuleManager: Shutting down and abandoning module MeshPaintEditorMode (412)
[2025.12.18-20.27.21:810][602]LogModuleManager: Shutting down and abandoning module SoundFields (410)
[2025.12.18-20.27.21:810][602]LogModuleManager: Shutting down and abandoning module RuntimePhysXCooking (408)
[2025.12.18-20.27.21:810][602]LogModuleManager: Shutting down and abandoning module SignificanceManager (406)
[2025.12.18-20.27.21:810][602]LogModuleManager: Shutting down and abandoning module PropertyAccessEditor (404)
[2025.12.18-20.27.21:810][602]LogModuleManager: Shutting down and abandoning module PhysXVehiclesEditor (402)
[2025.12.18-20.27.21:810][602]LogModuleManager: Shutting down and abandoning module LocationServicesBPLibrary (398)
[2025.12.18-20.27.21:810][602]LogModuleManager: Shutting down and abandoning module AudioSynesthesia (396)
[2025.12.18-20.27.21:810][602]LogModuleManager: Shutting down and abandoning module AudioSynesthesiaCore (394)
[2025.12.18-20.27.21:810][602]LogModuleManager: Shutting down and abandoning module ActorSequence (392)
[2025.12.18-20.27.21:810][602]LogModuleManager: Shutting down and abandoning module UdpMessaging (390)
[2025.12.18-20.27.21:911][602]LogModuleManager: Shutting down and abandoning module TcpMessaging (388)
[2025.12.18-20.27.22:012][602]LogModuleManager: Shutting down and abandoning module ImgMediaEngine (386)
[2025.12.18-20.27.22:012][602]LogModuleManager: Shutting down and abandoning module MagicLeapARPin (384)
[2025.12.18-20.27.22:012][602]LogModuleManager: Shutting down and abandoning module MagicLeapHandMeshing (382)
[2025.12.18-20.27.22:012][602]LogModuleManager: Shutting down and abandoning module MagicLeapSecureStorage (380)
[2025.12.18-20.27.22:012][602]LogModuleManager: Shutting down and abandoning module MagicLeapPrivileges (378)
[2025.12.18-20.27.22:012][602]LogModuleManager: Shutting down and abandoning module MagicLeapPlanes (376)
[2025.12.18-20.27.22:012][602]LogMagicLeapPlanes: Planes tracker already destroyed.
[2025.12.18-20.27.22:012][602]LogModuleManager: Shutting down and abandoning module MagicLeapImageTracker (374)
[2025.12.18-20.27.22:012][602]LogModuleManager: Shutting down and abandoning module MagicLeapIdentity (372)
[2025.12.18-20.27.22:012][602]LogModuleManager: Shutting down and abandoning module MagicLeapHandTracking (370)
[2025.12.18-20.27.22:012][602]LogModuleManager: Shutting down and abandoning module MagicLeapEyeTracker (368)
[2025.12.18-20.27.22:012][602]LogModuleManager: Shutting down and abandoning module MagicLeapController (366)
[2025.12.18-20.27.22:012][602]LogModuleManager: Shutting down and abandoning module MagicLeapARPinImpl (364)
[2025.12.18-20.27.22:012][602]LogModuleManager: Shutting down and abandoning module MagicLeapAR (362)
[2025.12.18-20.27.22:012][602]LogModuleManager: Shutting down and abandoning module PythonScriptPlugin (360)
[2025.12.18-20.27.22:012][602]LogModuleManager: Shutting down and abandoning module NiagaraAnimNotifies (358)
[2025.12.18-20.27.22:012][602]LogModuleManager: Shutting down and abandoning module Niagara (356)
[2025.12.18-20.27.22:014][602]LogModuleManager: Shutting down and abandoning module SignalProcessing (355)
[2025.12.18-20.27.22:014][602]LogModuleManager: Shutting down and abandoning module NiagaraEditor (353)
[2025.12.18-20.27.22:014][602]LogModuleManager: Shutting down and abandoning module NiagaraCore (350)
[2025.12.18-20.27.22:015][602]LogModuleManager: Shutting down and abandoning module GameplayTagsEditor (348)
[2025.12.18-20.27.22:015][602]LogModuleManager: Shutting down and abandoning module FacialAnimationEditor (346)
[2025.12.18-20.27.22:015][602]LogModuleManager: Shutting down and abandoning module FacialAnimation (344)
[2025.12.18-20.27.22:015][602]LogModuleManager: Shutting down and abandoning module PropertyAccessNode (342)
[2025.12.18-20.27.22:015][602]LogModuleManager: Shutting down and abandoning module DataValidation (340)
[2025.12.18-20.27.22:015][602]LogModuleManager: Shutting down and abandoning module AssetManagerEditor (338)
[2025.12.18-20.27.22:015][602]LogModuleManager: Shutting down and abandoning module LevelEditor (337)
[2025.12.18-20.27.22:018][602]LogModuleManager: Shutting down and abandoning module PixelInspectorModule (336)
[2025.12.18-20.27.22:018][602]LogModuleManager: Shutting down and abandoning module CommonMenuExtensions (334)
[2025.12.18-20.27.22:018][602]LogModuleManager: Shutting down and abandoning module MainFrame (332)
[2025.12.18-20.27.22:018][602]LogModuleManager: Shutting down and abandoning module HotReload (331)
[2025.12.18-20.27.22:019][602]LogModuleManager: Shutting down and abandoning module ToolMenus (327)
[2025.12.18-20.27.22:019][602]LogModuleManager: Shutting down and abandoning module ContentBrowser (325)
[2025.12.18-20.27.22:019][602]LogModuleManager: Shutting down and abandoning module ContentBrowserData (324)
[2025.12.18-20.27.22:019][602]LogModuleManager: Shutting down and abandoning module TreeMap (321)
[2025.12.18-20.27.22:019][602]LogModuleManager: Shutting down and abandoning module AnimationSharing (318)
[2025.12.18-20.27.22:019][602]LogModuleManager: Shutting down and abandoning module GameplayCameras (316)
[2025.12.18-20.27.22:019][602]LogModuleManager: Shutting down and abandoning module LightPropagationVolumeRuntime (314)
[2025.12.18-20.27.22:019][602]LogModuleManager: Shutting down and abandoning module EnvironmentQueryEditor (312)
[2025.12.18-20.27.22:019][602]LogModuleManager: Shutting down and abandoning module Paper2D (310)
[2025.12.18-20.27.22:019][602]LogModuleManager: Shutting down and abandoning module WindowsMoviePlayer (308)
[2025.12.18-20.27.22:019][602]LogModuleManager: Shutting down and abandoning module WebMMoviePlayer (306)
[2025.12.18-20.27.22:019][602]LogModuleManager: Shutting down and abandoning module NetworkReplayStreaming (304)
[2025.12.18-20.27.22:019][602]LogModuleManager: Shutting down and abandoning module PacketHandler (302)
[2025.12.18-20.27.22:019][602]LogModuleManager: Shutting down and abandoning module ClothingSystemEditor (300)
[2025.12.18-20.27.22:019][602]LogModuleManager: Shutting down and abandoning module ClothingSystemRuntimeNv (298)
[2025.12.18-20.27.22:019][602]LogModuleManager: Shutting down and abandoning module MediaAssets (296)
[2025.12.18-20.27.22:019][602]LogModuleManager: Shutting down and abandoning module Overlay (294)
[2025.12.18-20.27.22:019][602]LogModuleManager: Shutting down and abandoning module OverlayEditor (293)
[2025.12.18-20.27.22:019][602]LogModuleManager: Shutting down and abandoning module VREditor (290)
[2025.12.18-20.27.22:019][602]LogModuleManager: Shutting down and abandoning module StringTableEditor (288)
[2025.12.18-20.27.22:019][602]LogModuleManager: Shutting down and abandoning module GameplayTasksEditor (286)
[2025.12.18-20.27.22:019][602]LogModuleManager: Shutting down and abandoning module BehaviorTreeEditor (284)
[2025.12.18-20.27.22:019][602]LogModuleManager: Shutting down and abandoning module FunctionalTesting (282)
[2025.12.18-20.27.22:019][602]LogModuleManager: Shutting down and abandoning module CollisionAnalyzer (280)
[2025.12.18-20.27.22:019][602]LogModuleManager: Shutting down and abandoning module WorkspaceMenuStructure (279)
[2025.12.18-20.27.22:019][602]LogModuleManager: Shutting down and abandoning module UMG (276)
[2025.12.18-20.27.22:019][602]LogModuleManager: Shutting down and abandoning module UMGEditor (275)
[2025.12.18-20.27.22:019][602]LogModuleManager: Shutting down and abandoning module MessageLog (273)
[2025.12.18-20.27.22:019][602]LogModuleManager: Shutting down and abandoning module SlateReflector (268)
[2025.12.18-20.27.22:020][602]LogModuleManager: Shutting down and abandoning module Slate (266)
[2025.12.18-20.27.22:020][602]LogModuleManager: Shutting down and abandoning module SlateCore (264)
[2025.12.18-20.27.22:020][602]LogModuleManager: Shutting down and abandoning module LandscapeEditorUtilities (262)
[2025.12.18-20.27.22:020][602]LogModuleManager: Shutting down and abandoning module UnrealEd (260)
[2025.12.18-20.27.22:020][602]LogModuleManager: Shutting down and abandoning module MRMesh (258)
[2025.12.18-20.27.22:020][602]LogModuleManager: Shutting down and abandoning module SourceCodeAccess (256)
[2025.12.18-20.27.22:020][602]LogModuleManager: Shutting down and abandoning module HeadMountedDisplay (254)
[2025.12.18-20.27.22:020][602]LogModuleManager: Shutting down and abandoning module XAudio2 (252)
[2025.12.18-20.27.22:020][602]LogModuleManager: Shutting down and abandoning module Networking (250)
[2025.12.18-20.27.22:020][602]LogModuleManager: Shutting down and abandoning module Core (248)
[2025.12.18-20.27.22:020][602]LogModuleManager: Shutting down and abandoning module MaterialEditor (246)
[2025.12.18-20.27.22:020][602]LogModuleManager: Shutting down and abandoning module MovieSceneTools (244)
[2025.12.18-20.27.22:021][602]LogModuleManager: Shutting down and abandoning module CurveEditor (243)
[2025.12.18-20.27.22:023][602]LogModuleManager: Shutting down and abandoning module Sequencer (241)
[2025.12.18-20.27.22:023][602]LogModuleManager: Shutting down and abandoning module EditorStyle (240)
[2025.12.18-20.27.22:023][602]LogModuleManager: Shutting down and abandoning module KismetCompiler (236)
[2025.12.18-20.27.22:023][602]LogModuleManager: Shutting down and abandoning module MeshBuilder (234)
[2025.12.18-20.27.22:023][602]LogModuleManager: Shutting down and abandoning module MeshUtilities (232)
[2025.12.18-20.27.22:023][602]LogModuleManager: Shutting down and abandoning module MeshMergeUtilities (231)
[2025.12.18-20.27.22:023][602]LogModuleManager: Shutting down and abandoning module MeshReductionInterface (230)
[2025.12.18-20.27.22:024][602]LogModuleManager: Shutting down and abandoning module MeshBoneReduction (229)
[2025.12.18-20.27.22:024][602]LogModuleManager: Shutting down and abandoning module SkeletalMeshReduction (227)
[2025.12.18-20.27.22:024][602]LogModuleManager: Shutting down and abandoning module ProxyLODMeshReduction (225)
[2025.12.18-20.27.22:024][602]LogModuleManager: Shutting down and abandoning module QuadricMeshReduction (223)
[2025.12.18-20.27.22:024][602]LogModuleManager: Shutting down and abandoning module MaterialBaking (219)
[2025.12.18-20.27.22:024][602]LogModuleManager: Shutting down and abandoning module NullInstallBundleManager (214)
[2025.12.18-20.27.22:024][602]LogModuleManager: Shutting down and abandoning module DerivedDataCache (212)
[2025.12.18-20.27.22:024][602]LogModuleManager: Shutting down and abandoning module TargetPlatform (210)
[2025.12.18-20.27.22:024][602]LogModuleManager: Shutting down and abandoning module VulkanShaderFormat (209)
[2025.12.18-20.27.22:024][602]LogModuleManager: Shutting down and abandoning module ShaderFormatVectorVM (207)
[2025.12.18-20.27.22:024][602]LogModuleManager: Shutting down and abandoning module ShaderFormatOpenGL (205)
[2025.12.18-20.27.22:024][602]LogModuleManager: Shutting down and abandoning module ShaderFormatD3D (203)
[2025.12.18-20.27.22:024][602]LogModuleManager: Shutting down and abandoning module MetalShaderFormat (201)
[2025.12.18-20.27.22:024][602]LogModuleManager: Shutting down and abandoning module TextureFormatOodle (199)
[2025.12.18-20.27.22:024][602]LogModuleManager: Shutting down and abandoning module TextureFormatUncompressed (197)
[2025.12.18-20.27.22:024][602]LogModuleManager: Shutting down and abandoning module TextureFormatPVR (195)
[2025.12.18-20.27.22:024][602]LogModuleManager: Shutting down and abandoning module TextureFormatETC2 (193)
[2025.12.18-20.27.22:024][602]LogModuleManager: Shutting down and abandoning module TextureFormatDXT (191)
[2025.12.18-20.27.22:024][602]LogModuleManager: Shutting down and abandoning module TextureFormatIntelISPCTexComp (189)
[2025.12.18-20.27.22:024][602]LogModuleManager: Shutting down and abandoning module TextureFormatASTC (187)
[2025.12.18-20.27.22:024][602]LogModuleManager: Shutting down and abandoning module ImageWrapper (186)
[2025.12.18-20.27.22:024][602]LogModuleManager: Shutting down and abandoning module AudioFormatOpus (183)
[2025.12.18-20.27.22:024][602]LogModuleManager: Shutting down and abandoning module AudioFormatOgg (181)
[2025.12.18-20.27.22:024][602]LogModuleManager: Shutting down and abandoning module AudioFormatADPCM (179)
[2025.12.18-20.27.22:024][602]LogModuleManager: Shutting down and abandoning module WindowsServerTargetPlatform (177)
[2025.12.18-20.27.22:024][602]LogModuleManager: Shutting down and abandoning module WindowsClientTargetPlatform (175)
[2025.12.18-20.27.22:024][602]LogModuleManager: Shutting down and abandoning module WindowsTargetPlatform (173)
[2025.12.18-20.27.22:024][602]LogModuleManager: Shutting down and abandoning module WindowsNoEditorTargetPlatform (171)
[2025.12.18-20.27.22:024][602]LogModuleManager: Shutting down and abandoning module TVOSTargetPlatform (169)
[2025.12.18-20.27.22:024][602]LogModuleManager: Shutting down and abandoning module MacServerTargetPlatform (167)
[2025.12.18-20.27.22:024][602]LogModuleManager: Shutting down and abandoning module MacClientTargetPlatform (165)
[2025.12.18-20.27.22:024][602]LogModuleManager: Shutting down and abandoning module MacTargetPlatform (163)
[2025.12.18-20.27.22:024][602]LogModuleManager: Shutting down and abandoning module MacNoEditorTargetPlatform (161)
[2025.12.18-20.27.22:024][602]LogModuleManager: Shutting down and abandoning module LuminTargetPlatform (159)
[2025.12.18-20.27.22:025][602]LogModuleManager: Shutting down and abandoning module LinuxAArch64ServerTargetPlatform (157)
[2025.12.18-20.27.22:025][602]LogModuleManager: Shutting down and abandoning module LinuxAArch64ClientTargetPlatform (155)
[2025.12.18-20.27.22:025][602]LogModuleManager: Shutting down and abandoning module LinuxAArch64NoEditorTargetPlatform (153)
[2025.12.18-20.27.22:025][602]LogModuleManager: Shutting down and abandoning module LinuxServerTargetPlatform (151)
[2025.12.18-20.27.22:025][602]LogModuleManager: Shutting down and abandoning module LinuxClientTargetPlatform (149)
[2025.12.18-20.27.22:025][602]LogModuleManager: Shutting down and abandoning module LinuxNoEditorTargetPlatform (147)
[2025.12.18-20.27.22:025][602]LogModuleManager: Shutting down and abandoning module LinuxTargetPlatform (145)
[2025.12.18-20.27.22:025][602]LogModuleManager: Shutting down and abandoning module Messaging (143)
[2025.12.18-20.27.22:025][602]LogModuleManager: Shutting down and abandoning module IOSTargetPlatform (141)
[2025.12.18-20.27.22:025][602]LogModuleManager: Shutting down and abandoning module AndroidTargetPlatform (139)
[2025.12.18-20.27.22:028][602]LogModuleManager: Shutting down and abandoning module AllDesktopTargetPlatform (137)
[2025.12.18-20.27.22:028][602]LogModuleManager: Shutting down and abandoning module D3D11RHI (134)
[2025.12.18-20.27.22:028][602]LogModuleManager: Shutting down and abandoning module InputCore (132)
[2025.12.18-20.27.22:028][602]LogModuleManager: Shutting down and abandoning module Settings (130)
[2025.12.18-20.27.22:028][602]LogModuleManager: Shutting down and abandoning module DirectoryWatcher (128)
[2025.12.18-20.27.22:028][602]LogModuleManager: Shutting down and abandoning module PhysXCooking (126)
[2025.12.18-20.27.22:028][602]LogModuleManager: Shutting down and abandoning module Chaos (124)
[2025.12.18-20.27.22:028][602]LogModuleManager: Shutting down and abandoning module WindowsPlatformFeatures (122)
[2025.12.18-20.27.22:028][602]LogModuleManager: Shutting down and abandoning module GameplayMediaEncoder (121)
[2025.12.18-20.27.22:028][602]LogModuleManager: Shutting down and abandoning module AVEncoder (120)
[2025.12.18-20.27.22:028][602]LogModuleManager: Shutting down and abandoning module SteamVRInputDevice (116)
[2025.12.18-20.27.22:028][602]LogModuleManager: Shutting down and abandoning module SteamVRInput (114)
[2025.12.18-20.27.22:028][602]LogModuleManager: Shutting down and abandoning module SteamVR (112)
[2025.12.18-20.27.22:028][602]LogHMD: Freeing OpenVRDLLHandle.
[2025.12.18-20.27.22:028][602]LogModuleManager: Shutting down and abandoning module OculusHMD (110)
[2025.12.18-20.27.22:029][602]LogModuleManager: Shutting down and abandoning module VariantManagerContent (108)
[2025.12.18-20.27.22:029][602]LogModuleManager: Shutting down and abandoning module OpenXRHandTracking (106)
[2025.12.18-20.27.22:029][602]LogSlate: Slate User Destroyed.  User Index 0, Is Virtual User: 0
[2025.12.18-20.27.22:029][602]LogModuleManager: Shutting down and abandoning module OpenXRAR (104)
[2025.12.18-20.27.22:029][602]LogModuleManager: Shutting down and abandoning module AugmentedReality (103)
[2025.12.18-20.27.22:029][602]LogModuleManager: Shutting down and abandoning module OpenXRHMD (100)
[2025.12.18-20.27.22:029][602]LogModuleManager: Shutting down and abandoning module OpenXREyeTracker (98)
[2025.12.18-20.27.22:029][602]LogModuleManager: Shutting down and abandoning module ExampleDeviceProfileSelector (96)
[2025.12.18-20.27.22:029][602]LogModuleManager: Shutting down and abandoning module ChunkDownloader (94)
[2025.12.18-20.27.22:029][602]LogModuleManager: Shutting down and abandoning module LauncherChunkInstaller (92)
[2025.12.18-20.27.22:029][602]LogModuleManager: Shutting down and abandoning module OnlineBlueprintSupport (90)
[2025.12.18-20.27.22:029][602]LogModuleManager: Shutting down and abandoning module OnlineSubsystem (86)
[2025.12.18-20.27.22:030][602]LogModuleManager: Shutting down and abandoning module XMPP (81)
[2025.12.18-20.27.22:030][602]LogModuleManager: Shutting down and abandoning module WebSockets (80)
[2025.12.18-20.27.22:035][602]LogModuleManager: Shutting down and abandoning module HTTP (77)
[2025.12.18-20.27.22:035][602]LogHttp: Display: Http module shutting down, but needs to wait on 1 outstanding Http requests:
[2025.12.18-20.27.22:035][602]LogHttp: Display: 	verb=[POST] url=[https://datarouter.ol.epicgames.com/datarouter/api/v1/public/data?SessionID=%7B0E33C763-4557-BD58-DA41-4DBF240E319B%7D&AppID=UEEditor.Rocket.Release&AppVersion=4.27.2-18319896%2B%2B%2BUE4%2BRelease-4.27&UserID=b04b7cc342cbf28028732289d7babebf%7C984fab8377564a2eb8bdb4af4726766f%7C7b2af634-a612-4e7f-9a50-30bec8fc931d&AppEnvironment=datacollector-binary&UploadType=eteventstream] refs=[1] status=Processing
[2025.12.18-20.27.22:035][602]LogHttp: Display: cleaning up 1 outstanding Http requests.
[2025.12.18-20.27.22:059][602]LogModuleManager: Shutting down and abandoning module SSL (76)
[2025.12.18-20.27.22:060][602]LogModuleManager: Shutting down and abandoning module WmfMedia (72)
[2025.12.18-20.27.22:065][602]LogModuleManager: Shutting down and abandoning module Media (71)
[2025.12.18-20.27.22:066][602]LogModuleManager: Shutting down and abandoning module MediaInfo (70)
[2025.12.18-20.27.22:066][602]LogModuleManager: Shutting down and abandoning module ExrReaderGpu (66)
[2025.12.18-20.27.22:066][602]LogModuleManager: Shutting down and abandoning module MLSDK (64)
[2025.12.18-20.27.22:066][602]LogModuleManager: Shutting down and abandoning module MagicLeap (62)
[2025.12.18-20.27.22:066][602]LogModuleManager: Shutting down and abandoning module NiagaraVertexFactories (60)
[2025.12.18-20.27.22:066][602]LogModuleManager: Shutting down and abandoning module NiagaraShader (58)
[2025.12.18-20.27.22:066][602]LogModuleManager: Shutting down and abandoning module ChaosCloth (56)
[2025.12.18-20.27.22:066][602]LogModuleManager: Shutting down and abandoning module DatasmithContent (54)
[2025.12.18-20.27.22:066][602]LogModuleManager: Shutting down and abandoning module PixWinPlugin (52)
[2025.12.18-20.27.22:066][602]LogModuleManager: Shutting down and abandoning module AISupportModule (50)
[2025.12.18-20.27.22:066][602]LogModuleManager: Shutting down and abandoning module DesktopPlatform (48)
[2025.12.18-20.27.22:066][602]LogModuleManager: Shutting down and abandoning module PlatformCryptoOpenSSL (46)
[2025.12.18-20.27.22:066][602]LogModuleManager: Shutting down and abandoning module PlatformCryptoTypes (44)
[2025.12.18-20.27.22:066][602]LogModuleManager: Shutting down and abandoning module PlatformCrypto (42)
[2025.12.18-20.27.22:066][602]LogModuleManager: Shutting down and abandoning module PythonScriptPluginPreload (40)
[2025.12.18-20.27.22:066][602]LogModuleManager: Shutting down and abandoning module OodleDataCompressionFormat (38)
[2025.12.18-20.27.22:066][602]LogModuleManager: Shutting down and abandoning module XGEController (36)
[2025.12.18-20.27.22:066][602]LogXGEController: Cleaning working directory: C:/Users/Владислав/AppData/Local/Temp/UnrealXGEWorkingDir/
[2025.12.18-20.27.22:066][602]LogModuleManager: Shutting down and abandoning module AnimationModifiers (34)
[2025.12.18-20.27.22:066][602]LogModuleManager: Shutting down and abandoning module AudioEditor (32)
[2025.12.18-20.27.22:066][602]LogModuleManager: Shutting down and abandoning module PropertyEditor (31)
[2025.12.18-20.27.22:066][602]LogModuleManager: Shutting down and abandoning module TextureCompressor (28)
[2025.12.18-20.27.22:066][602]LogModuleManager: Shutting down and abandoning module RenderCore (26)
[2025.12.18-20.27.22:066][602]LogModuleManager: Shutting down and abandoning module Landscape (24)
[2025.12.18-20.27.22:066][602]LogModuleManager: Shutting down and abandoning module SlateRHIRenderer (22)
[2025.12.18-20.27.22:067][602]LogModuleManager: Shutting down and abandoning module AnimGraphRuntime (20)
[2025.12.18-20.27.22:067][602]LogModuleManager: Shutting down and abandoning module Renderer (18)
[2025.12.18-20.27.22:067][602]LogModuleManager: Shutting down and abandoning module Engine (16)
[2025.12.18-20.27.22:067][602]LogModuleManager: Shutting down and abandoning module CoreUObject (14)
[2025.12.18-20.27.22:067][602]LogModuleManager: Shutting down and abandoning module NetworkFile (12)
[2025.12.18-20.27.22:067][602]LogModuleManager: Shutting down and abandoning module CookedIterativeFile (10)
[2025.12.18-20.27.22:067][602]LogModuleManager: Shutting down and abandoning module StreamingFile (8)
[2025.12.18-20.27.22:067][602]LogModuleManager: Shutting down and abandoning module SandboxFile (6)
[2025.12.18-20.27.22:067][602]LogModuleManager: Shutting down and abandoning module PakFile (4)
[2025.12.18-20.27.22:067][602]LogModuleManager: Shutting down and abandoning module RSA (3)
[2025.12.18-20.27.22:197][602]LogContentStreaming: Display: There are 1 unreleased StreamingManagers
[2025.12.18-20.27.22:206][602]LogD3D11RHI: Shutdown
[2025.12.18-20.27.22:206][602]LogD3D11RHI: CleanupD3DDevice
[2025.12.18-20.27.22:208][602]LogExit: Exiting.
[2025.12.18-20.27.22:216][602]Log file closed, 12/18/25 23:27:22
